accession,arm,observed,expected_length,expected_st,expected_disorder,n_oglcnac,n_phospho,n_st,length
A0AV96,all,1,0.0404721753794266,0.4897959183673469,0.5972222222222222,3,8,49,593
A0AVK6,all,0,0.1868512110726643,1.0451612903225806,0.5340136054421769,6,27,155,867
A0AVK6,regional,0,0.1245674740484429,0.6967741935483871,0.1666666666666666,4,27,155,867
A0MZ66,all,0,0.0443740095087163,0.3181818181818182,0.2307692307692307,1,28,88,631
A2RRH5,all,0,0.0012091898428053,0.008,0.0136986301369863,1,1,125,827
A2RRP1,all,1,0.0210881484605651,0.1628664495114006,0.062111801242236,2,25,307,2371
A2RUB1,all,0,0.0084033613445378,0.0493827160493827,0.0317460317460317,1,8,162,952
A2RUS2,all,0,0.0125208681135225,0.1027397260273972,0.0394736842105263,1,15,146,1198
A3KMH1,all,1,0.0104986876640419,0.0865800865800865,0.1123595505617977,2,10,231,1905
A3KN83,all,0,0.3618090452261306,2.495049504950495,3.574921433060968,14,36,202,1393
A3KN83,regional,0,0.3101220387652548,2.1386138613861387,3.374921433060968,12,36,202,1393
A4D161,all,0,0.0067114093959731,0.0476190476190476,0.0,1,2,42,298
A4FU49,all,0,0.0171875,0.1089108910891089,0.0,1,11,101,640
A4UGR9,all,0,0.0328986366330764,0.1930434782608695,0.2220376522702104,3,37,575,3374
A5D8V7,all,0,0.0201680672268907,0.1967213114754098,0.2413793103448276,1,12,61,595
A5YKK6,all,4,0.1481481481481481,1.2753623188405796,2.010110736639384,16,22,276,2376
A5YKK6,regional,4,0.1296296296296296,1.115942028985507,1.8064516129032255,14,22,276,2376
A6H8Y1,all,1,0.1105182926829268,0.6697459584295612,0.7939693620321893,5,58,433,2624
A6NC57,all,0,0.0098146128680479,0.0841121495327102,0.0555555555555555,1,9,107,917
A6NDG6,all,1,0.0155763239875389,0.1724137931034483,0.2142857142857142,1,5,29,321
A6NE01,all,0,0.0178647384091875,0.1183098591549295,0.1219512195121951,2,21,355,2351
A6NEL2,all,1,0.0403530895334174,0.3047619047619048,0.2777777777777778,2,16,105,793
A6NGB9,all,0,0.0248447204968944,0.1739130434782608,0.1964285714285714,1,12,69,483
A6NHR9,all,1,0.0109725685785536,0.0952380952380952,0.2682926829268293,1,22,231,2005
A6NHT5,all,0,0.0448179271708683,0.3720930232558139,0.0,2,8,43,357
A6NIH7,all,0,0.0039840637450199,0.04,0.3333333333333333,1,1,25,251
A6NKT7,all,0,0.08646188850967,0.5846153846153846,0.5436618884894747,4,38,260,1758
A7E2V4,all,0,0.034839412084921,0.2293906810035842,0.0632653061224489,2,32,279,1837
A7KAX9,all,0,0.0709151892668902,0.4192634560906516,0.2921348314606741,2,74,353,2087
A8CG34,all,4,2.1090317331163546,8.150943396226415,9.104090811736988,48,54,318,1229
A8CG34,regional,2,1.1423921887713588,4.415094339622642,5.524095095309487,26,54,318,1229
A8MW92,all,0,0.0570304818092428,0.3972602739726027,0.5625,2,29,146,1017
A8MXV6,all,0,0.0142348754448398,0.1333333333333333,0.0,1,4,30,281
B1AJZ9,all,0,0.0113314447592068,0.0963855421686747,0.0,4,4,166,1412
B3KS81,all,1,0.1006993006993007,0.314410480349345,0.314410480349345,3,24,229,715
E9PAV3,all,0,0.0842155919153031,0.3593429158110883,0.2488943488943489,7,25,487,2078
O00151,all,7,0.5531914893617021,3.7916666666666665,4.439359267734554,7,26,48,329
O00151,regional,5,0.3951367781155015,2.708333333333333,3.260869565217391,5,26,48,329
O00154,all,0,0.0131578947368421,0.108695652173913,0.088235294117647,1,5,46,380
O00165,all,0,0.050179211469534,0.358974358974359,0.5,1,14,39,279
O00203,all,0,0.0155393053016453,0.096590909090909,0.2,1,17,176,1094
O00213,all,0,0.0225352112676056,0.1649484536082474,0.25,1,16,97,710
O00220,all,1,0.0128205128205128,0.0983606557377049,0.1578947368421052,1,6,61,468
O00267,all,1,0.1021159153633854,0.7602739726027398,0.8872727272727273,3,37,146,1087
O00268,all,4,0.3870967741935484,2.8187919463087248,2.8938536953242835,21,20,149,1085
O00268,regional,4,0.2211981566820276,1.610738255033557,1.905637254901961,12,20,149,1085
O00291,all,0,0.0096432015429122,0.0704225352112676,0.0967741935483871,1,10,142,1037
O00327,all,0,0.0303514376996805,0.1826923076923076,0.0714285714285714,1,19,104,626
O00338,all,0,0.0067567567567567,0.0588235294117647,0.1,2,1,34,296
O00422,all,1,0.130718954248366,0.8695652173913043,1.0666666666666669,2,10,23,153
O00429,all,0,0.0380434782608695,0.3111111111111111,0.1666666666666666,1,28,90,736
O00443,all,0,0.0640569395017793,0.4354838709677419,0.5267820002773126,3,36,248,1686
O00468,all,0,0.0058027079303675,0.044776119402985,0.0659340659340659,1,12,268,2068
O00469,all,0,0.0284938941655359,0.3333333333333333,0.3052631578947368,3,7,63,737
O00470,all,0,0.0076923076923076,0.0612244897959183,0.0,1,3,49,390
O00487,all,0,0.0129032258064516,0.1379310344827586,0.0,1,4,29,310
O00507,all,0,0.0043052837573385,0.0408921933085501,0.0,1,11,269,2555
O00512,all,1,0.0869565217391304,0.5961538461538461,0.6179775280898876,2,62,208,1426
O00555,all,0,0.0159616919393455,0.1413427561837456,0.3,2,20,283,2506
O00567,all,0,0.1212121212121212,0.8888888888888888,0.2,2,36,81,594
O00571,all,3,0.1993957703927492,1.3333333333333333,1.7609427609427608,3,44,99,662
O00592,all,0,0.0913978494623656,0.3227848101265823,0.4285714285714285,3,17,158,558
O00635,all,0,0.0043010752688172,0.0294117647058823,0.03125,1,2,68,465
O00712,all,4,0.4571428571428571,2.742857142857143,3.338235294117647,6,32,70,420
O00712,regional,4,0.3047619047619048,1.8285714285714283,2.4705882352941178,4,32,70,420
O00743,all,0,0.0098360655737704,0.1,0.1111111111111111,1,3,30,305
O00754,all,0,0.009891196834817,0.0854700854700854,0.0,1,10,117,1011
O14490,all,0,0.0327533265097236,0.1758241758241758,0.1666666666666666,1,32,182,977
O14497,all,5,0.6525164113785558,4.247863247863248,4.651709401709401,21,71,351,2285
O14497,regional,0,0.2796498905908096,1.8205128205128205,1.966880341880342,9,71,351,2285
O14512,all,0,0.0086058519793459,0.0657894736842105,0.0909090909090909,1,5,76,581
O14513,all,0,0.0481927710843373,0.2365038560411311,0.2626012793176972,2,46,389,1909
O14519,all,0,0.1565217391304348,0.9,0.6767676767676767,6,3,20,115
O14519,regional,0,0.1565217391304348,0.9,0.6767676767676767,6,3,20,115
O14523,all,0,0.093484419263456,0.5,0.3846153846153846,2,33,132,706
O14543,all,0,0.0044444444444444,0.024390243902439,0.0526315789473684,1,1,41,225
O14559,all,0,0.0124320124320124,0.082051282051282,0.0217391304347826,1,16,195,1287
O14576,all,0,0.0155038759689922,0.108695652173913,0.032258064516129,1,10,92,645
O14594,all,0,0.0030280090840272,0.0203045685279187,0.0196078431372549,2,2,197,1321
O14607,all,0,0.0103934669636228,0.0651162790697674,0.0961538461538461,1,14,215,1347
O14639,all,8,0.6131105398457584,4.258928571428571,6.398717948717949,9,53,112,778
O14639,regional,3,0.2043701799485861,1.4196428571428572,2.230769230769231,3,53,112,778
O14647,all,0,0.0634573304157549,0.5021645021645021,0.6470588235294118,2,58,231,1828
O14654,all,2,0.0763723150357995,0.5614035087719298,0.90625,2,48,171,1257
O14672,all,0,0.0187165775401069,0.1489361702127659,0.0769230769230769,2,7,94,748
O14686,all,0,0.1484558425139967,1.1048387096774193,1.3024095210223392,6,137,744,5537
O14709,all,0,0.010689990281827,0.0859375,0.1224489795918367,1,11,128,1029
O14715,all,0,0.0424929178470254,0.2918287937743191,0.3684153887543718,3,25,257,1765
O14757,all,0,0.0630252100840336,0.5454545454545454,0.5333333333333333,1,30,55,476
O14764,all,0,0.0110619469026548,0.0862068965517241,0.0851063829787234,1,5,58,452
O14795,all,0,0.0339409176618479,0.242152466367713,0.1043643263757115,3,18,223,1591
O14818,all,0,0.0806451612903225,0.7407407407407407,0.9126984126984128,2,10,27,248
O14827,all,0,0.0339531123686337,0.2576687116564417,0.2555410691003911,2,21,163,1237
O14828,all,2,0.0749279538904899,0.6190476190476191,1.5,2,13,42,347
O14841,all,0,0.0077639751552795,0.0684931506849315,0.1515151515151515,1,10,146,1288
O14907,all,1,0.064516129032258,0.5,0.375,1,8,16,124
O14920,all,1,0.0634920634920634,0.5217391304347826,0.6153846153846154,1,48,92,756
O14964,all,3,0.1441441441441441,1.1313131313131313,1.5,7,16,99,777
O14964,regional,3,0.1441441441441441,1.1313131313131313,1.5,7,16,99,777
O14974,all,8,4.5106796116504855,22.123809523809523,22.8365099009901,46,101,210,1030
O14974,regional,5,3.9223300970873782,19.23809523809524,19.843564356435643,40,101,210,1030
O14978,all,0,0.0117130307467057,0.0879120879120879,0.0,1,8,91,683
O14980,all,0,0.0168067226890756,0.1551724137931034,0.0705882352941176,1,18,116,1071
O14990,all,0,0.0297029702970297,0.1666666666666666,0.1954887218045112,2,3,36,202
O14994,all,0,0.0224137931034482,0.13,0.2608695652173913,1,13,100,580
O15014,all,0,0.5357902197023388,2.8104089219330857,2.952366327474561,9,84,269,1411
O15014,regional,0,0.3571934798015592,1.8736059479553904,2.2275744680851064,6,84,269,1411
O15015,all,0,0.0141921397379912,0.099236641221374,0.1666666666666666,1,26,262,1832
O15016,all,0,0.003700962250185,0.0268817204301075,0.0,1,5,186,1351
O15018,all,0,0.0803099682986967,0.4214417744916821,0.5082265375790475,3,76,541,2839
O15027,all,7,1.0097581671616462,6.685393258426966,7.13047619047619,17,140,356,2357
O15027,regional,3,0.2375901569792108,1.5730337078651686,1.7777777777777777,4,140,356,2357
O15031,all,0,0.0212187159956474,0.1666666666666666,0.1748499727223131,3,13,234,1838
O15034,all,0,0.0123574144486692,0.0921985815602836,0.04,1,13,141,1052
O15040,all,0,0.0148830616583982,0.0864197530864197,0.1764705882352941,1,21,243,1411
O15042,all,1,0.0592808551992225,0.4206896551724138,0.5421686746987951,1,61,145,1029
O15047,all,4,0.4745166959578207,2.7364864864864864,2.959561128526646,15,54,296,1707
O15047,regional,4,0.4428822495606327,2.554054054054054,2.766379310344828,14,54,296,1707
O15050,all,0,0.0044444444444444,0.0456140350877193,0.0273972602739726,1,13,285,2925
O15055,all,2,0.1832669322709163,1.031390134529148,1.079825908858167,10,23,223,1255
O15061,all,0,0.0313099041533546,0.205020920502092,0.2258064516129032,1,49,239,1565
O15067,all,1,0.0298953662182361,0.291970802919708,0.3071428571428571,2,20,137,1338
O15083,all,0,0.0135841170323928,0.1074380165289256,0.075,1,13,121,957
O15084,all,0,0.0047483380816714,0.037593984962406,0.0746268656716417,1,5,133,1053
O15085,all,2,0.1300919842312746,0.8918918918918919,1.1910477619404851,3,66,222,1522
O15090,all,0,0.0061538461538461,0.0425531914893617,0.0434782608695652,1,8,188,1300
O15117,all,1,0.0357598978288633,0.247787610619469,0.2894736842105263,1,28,113,783
O15164,all,0,0.2466666666666666,1.69281045751634,2.074074074074074,7,37,153,1050
O15164,regional,0,0.2466666666666666,1.69281045751634,2.074074074074074,7,37,153,1050
O15178,all,0,0.0275862068965517,0.1621621621621621,0.0666666666666666,4,3,74,435
O15178,regional,0,0.0275862068965517,0.1621621621621621,0.0666666666666666,4,3,74,435
O15230,all,1,0.0129905277401894,0.1108545034642032,0.1094451482873056,3,16,433,3695
O15231,all,0,0.3076923076923077,1.593984962406015,1.84005376344086,4,53,133,689
O15234,all,1,0.0412517780938833,0.3222222222222222,0.3670886075949367,1,29,90,703
O15265,all,0,0.0325112107623318,0.1567567567567567,0.2428571428571428,1,29,185,892
O15294,all,2,0.0420650095602294,0.4631578947368421,0.9428571428571428,4,11,95,1046
O15297,all,0,0.0264462809917355,0.1904761904761904,0.4285714285714285,1,16,84,605
O15315,all,1,0.0026041666666666,0.015625,0.02,1,1,64,384
O15355,all,0,0.0769230769230769,0.6176470588235294,0.875,2,21,68,546
O15357,all,0,0.0254372019077901,0.1777777777777777,0.0526315789473684,1,32,180,1258
O15371,all,0,0.0273722627737226,0.2307692307692307,0.0833333333333333,1,15,65,548
O15372,all,0,0.034090909090909,0.2790697674418604,0.5833333333333334,1,12,43,352
O15409,all,0,0.0055944055944055,0.0344827586206896,0.0204081632653061,1,4,116,715
O15417,all,0,0.0808625336927223,0.5568445475638051,0.4964028776978417,3,80,431,2968
O15427,all,1,0.0086021505376344,0.0869565217391304,1.0,1,4,46,465
O15455,all,0,0.0077433628318584,0.0564516129032258,0.0515463917525773,1,7,124,904
O15457,all,0,0.0085470085470085,0.0484848484848484,0.0588235294117647,1,8,165,936
O15460,all,0,0.0336448598130841,0.3,0.0,3,6,60,535
O15460,regional,0,0.0336448598130841,0.3,0.0,3,6,60,535
O15504,all,0,0.0378250591016548,0.1758241758241758,0.1191919191919192,2,8,91,423
O15511,all,0,0.1059602649006622,0.8888888888888888,0.0,4,4,18,151
O15511,regional,0,0.1059602649006622,0.8888888888888888,0.0,4,4,18,151
O15516,all,0,0.0212765957446808,0.1058823529411764,0.0833333333333333,1,18,170,846
O15525,all,0,0.0061728395061728,0.0434782608695652,0.0,1,1,23,162
O15530,all,1,0.0503597122302158,0.4,0.5384615384615384,1,28,70,556
O15534,all,0,0.0480620155038759,0.2627118644067797,0.1935483870967742,2,31,236,1290
O15550,all,0,0.0913633119200571,0.5688888888888889,0.698358413132695,8,16,225,1401
O15550,regional,0,0.0342612419700214,0.2133333333333333,0.3837209302325581,3,16,225,1401
O43143,all,0,0.0176100628930817,0.1489361702127659,0.2,1,14,94,795
O43150,all,0,0.0178926441351888,0.1384615384615384,0.2121212121212121,1,18,130,1006
O43151,all,0,0.1225626740947075,0.859375,1.0118377550979756,10,22,256,1795
O43159,all,3,0.131578947368421,1.1111111111111112,1.7,3,20,54,456
O43166,all,3,0.4390243902439024,2.1818181818181817,2.790332906530089,6,132,363,1804
O43172,all,0,0.0057471264367816,0.0422535211267605,0.0,1,3,71,522
O43175,all,0,0.0956848030018761,0.7611940298507462,0.7297297297297297,3,17,67,533
O43189,all,0,0.0158730158730158,0.1168831168831168,0.1666666666666666,1,9,77,567
O43237,all,1,0.0528455284552845,0.3714285714285714,0.6923076923076923,1,26,70,492
O43242,all,2,0.0842696629213483,0.7894736842105263,0.5727272727272728,3,15,57,534
O43251,all,0,0.0102564102564102,0.0689655172413793,0.0,1,4,58,390
O43264,all,0,0.0115532734274711,0.0841121495327102,0.1111111111111111,1,9,107,779
O43294,all,0,0.0585683297180043,0.3698630136986301,0.2666666666666666,1,27,73,461
O43299,all,0,0.0061957868649318,0.042016806722689,0.0,1,5,119,807
O43301,all,0,0.0103703703703703,0.0769230769230769,0.0303030303030303,1,7,91,675
O43303,all,0,0.0948616600790513,0.6075949367088608,0.5183823529411764,3,32,158,1012
O43312,all,0,0.1324503311258278,0.6711409395973155,0.851063829787234,4,25,149,755
O43312,regional,0,0.0993377483443708,0.5033557046979866,0.6382978723404256,3,25,149,755
O43314,all,0,0.0321802091713596,0.2209944751381215,0.3793103448275862,1,40,181,1243
O43318,all,1,0.0825082508250825,0.4854368932038835,0.7878787878787878,2,25,103,606
O43324,all,1,0.0344827586206896,0.25,0.2307692307692307,2,3,24,174
O43347,all,0,0.0193370165745856,0.1272727272727272,0.0,1,7,55,362
O43390,all,0,0.0252764612954186,0.32,0.2631578947368421,1,16,50,633
O43395,all,4,0.2049780380673499,1.818181818181818,4.355769230769231,7,20,77,683
O43395,regional,3,0.1171303074670571,1.0389610389610389,2.75,4,20,77,683
O43399,all,6,0.9514563106796116,5.0256410256410255,5.233082706766917,7,28,39,206
O43426,all,0,0.0972663699936427,0.6023622047244095,0.6859903381642511,3,51,254,1573
O43432,all,1,0.2649842271293375,1.8502202643171808,1.7197510822510824,12,35,227,1585
O43432,regional,0,0.1324921135646687,0.9251101321585904,0.645887445887446,6,35,227,1585
O43439,all,1,0.0629139072847682,0.4130434782608695,0.4377777777777778,2,19,92,604
O43491,all,2,0.3383084577114428,2.2666666666666666,2.226923076923077,5,68,150,1005
O43493,all,3,0.3981693363844393,1.8125,1.9090909090909087,6,29,96,437
O43516,all,0,0.0914512922465208,0.5542168674698795,0.5822784810126582,2,23,83,503
O43524,all,4,0.7132243684992571,3.287671232876712,3.2388858480812504,10,48,146,673
O43525,all,0,0.0114678899082568,0.0869565217391304,0.1944444444444444,1,10,115,872
O43548,all,0,0.0083333333333333,0.0606060606060606,0.1666666666666666,2,3,99,720
O43561,all,1,0.1908396946564885,1.1904761904761905,1.125,2,25,42,262
O43567,all,0,0.0078740157480314,0.0652173913043478,0.0,1,3,46,381
O43597,all,0,0.0857142857142857,0.5192307692307693,0.4444444444444444,1,27,52,315
O43615,all,1,0.0707964601769911,0.6274509803921569,0.5,4,8,51,452
O43615,regional,1,0.0707964601769911,0.6274509803921569,0.5,4,8,51,452
O43660,all,2,0.0350194552529182,0.2222222222222222,0.7272727272727273,2,9,81,514
O43670,all,1,0.2719665271966527,2.1311475409836067,2.272727272727273,26,5,61,478
O43670,regional,1,0.2510460251046025,1.9672131147540983,2.090909090909091,24,5,61,478
O43683,all,1,0.1105990783410138,0.8955223880597015,1.165791447861965,2,60,134,1085
O43684,all,2,0.073170731707317,0.48,0.5185185185185185,2,12,50,328
O43707,all,2,0.1383095499451152,1.431818181818182,1.3676470588235294,3,42,88,911
O43709,all,0,0.0142348754448398,0.125,0.0588235294117647,1,4,32,281
O43768,all,0,0.0991735537190082,0.9230769230769232,0.875,1,12,13,121
O43791,all,0,0.0080213903743315,0.0681818181818181,0.0,1,3,44,374
O43823,all,0,0.0924855491329479,0.810126582278481,1.0851851851851853,4,16,79,692
O43823,regional,0,0.0693641618497109,0.6075949367088608,0.9,3,16,79,692
O43847,all,0,0.0139009556907037,0.1240310077519379,0.081081081081081,1,16,129,1151
O43852,all,0,0.0412698412698412,0.52,0.5555555555555556,1,13,25,315
O43909,all,0,0.0065288356909684,0.0588235294117647,0.0983606557377049,2,3,102,919
O43913,all,0,0.0045977011494252,0.0363636363636363,0.0,1,2,55,435
O60231,all,1,0.0153698366954851,0.1367521367521367,0.3,1,16,117,1041
O60232,all,0,0.0251256281407035,0.217391304347826,0.0,1,5,23,199
O60237,all,0,0.0498981670061099,0.2865497076023391,0.2394366197183098,1,49,171,982
O60240,all,1,0.0517241379310344,0.3461538461538461,0.2083333333333333,1,27,78,522
O60244,all,0,0.0233837689133425,0.17,0.0623249299719887,2,17,200,1454
O60245,all,0,0.039289055191768,0.2625,0.0936247723132969,2,21,160,1069
O60256,all,0,0.02710027100271,0.2222222222222222,0.0769230769230769,1,10,45,369
O60281,all,1,0.0084465662871832,0.0522727272727272,0.0444444444444444,1,23,440,2723
O60291,all,0,0.0344202898550724,0.2345679012345679,0.3636363636363636,1,19,81,552
O60292,all,2,0.0943290286355979,0.5562913907284768,0.5568917668825162,2,84,302,1781
O60293,all,0,0.130718954248366,0.8934707903780069,1.285887445887446,4,65,291,1989
O60294,all,0,0.0145772594752186,0.1149425287356321,0.0,1,10,87,686
O60296,all,0,0.1312910284463894,0.7228915662650602,0.495049504950495,5,24,166,914
O60299,all,0,0.0208023774145616,0.1372549019607843,0.0,1,14,102,673
O60313,all,0,0.021875,0.1794871794871795,0.2142857142857142,1,21,117,960
O60318,all,0,0.1969696969696969,1.2745098039215683,1.0952941976119808,15,26,306,1980
O60318,regional,0,0.0393939393939393,0.2549019607843137,0.1782178217821782,3,26,306,1980
O60333,all,1,0.0693832599118942,0.4329896907216495,0.3475,3,42,291,1816
O60341,all,1,0.0293427230046948,0.2577319587628865,0.6086956521739131,1,25,97,852
O60346,all,0,0.0489225393127548,0.3700440528634361,0.069047619047619,3,28,227,1717
O60347,all,0,0.0090322580645161,0.0777777777777777,0.0,1,7,90,775
O60381,all,1,0.0252918287937743,0.1477272727272727,0.24,1,13,88,514
O60437,all,0,0.0176537585421412,0.2012987012987013,0.202020202020202,1,31,154,1756
O60477,all,0,0.0026281208935611,0.0185185185185185,0.0,2,1,108,761
O60488,all,1,0.0759493670886076,0.6666666666666666,0.75,3,18,81,711
O60488,regional,1,0.0759493670886076,0.6666666666666666,0.75,3,18,81,711
O60502,all,0,0.0360262008733624,0.2920353982300885,0.125,3,11,113,916
O60504,all,0,0.0506706408345752,0.3505154639175257,0.5,1,34,97,671
O60563,all,0,0.0261707988980716,0.1328671328671328,0.1794871794871795,1,19,143,726
O60566,all,0,0.0723809523809523,0.5390070921985816,0.5647840531561461,2,38,141,1050
O60568,all,0,0.021680216802168,0.2191780821917808,0.2051282051282051,2,8,73,738
O60610,all,1,0.0723270440251572,0.6865671641791045,0.7777777777777778,4,23,134,1272
O60610,regional,0,0.0542452830188679,0.5149253731343284,0.5833333333333334,3,23,134,1272
O60637,all,1,0.0237154150197628,0.2307692307692307,0.2083333333333333,1,6,26,253
O60641,all,0,0.0363836824696802,0.1885714285714285,0.1279652522552622,3,11,175,907
O60662,all,0,0.0016501650165016,0.0166666666666666,0.0238095238095238,1,1,60,606
O60664,all,1,0.7857142857142857,4.671232876712328,4.519762845849803,11,31,73,434
O60664,regional,0,0.4285714285714285,2.547945205479452,2.792490118577075,6,31,73,434
O60669,all,1,0.0167364016736401,0.1212121212121212,0.2,1,8,66,478
O60673,all,0,0.0281150159744408,0.1676190476190476,0.224781648910644,2,44,525,3130
O60675,all,2,0.2564102564102564,1.4285714285714286,1.6842105263157894,10,4,28,156
O60675,regional,2,0.2564102564102564,1.4285714285714286,1.6842105263157894,10,4,28,156
O60701,all,0,0.0263157894736842,0.2241379310344827,0.1904761904761904,1,13,58,494
O60706,all,0,0.0077469335054874,0.055813953488372,0.0617283950617283,2,6,215,1549
O60825,all,1,0.0554455445544554,0.4827586206896552,0.571078431372549,2,14,58,505
O60828,all,0,0.0528301886792452,0.4375,0.3809523809523809,2,7,32,265
O60841,all,4,0.1540983606557377,1.5666666666666669,2.2288372093023257,4,47,120,1220
O60841,regional,3,0.1155737704918032,1.175,1.5544186046511628,3,47,120,1220
O60880,all,0,0.0703125,0.45,0.1666666666666666,1,9,20,128
O60885,all,2,0.3054331864904552,2.4615384615384617,2.4271099744245523,8,52,169,1362
O60885,regional,2,0.1527165932452276,1.2307692307692308,1.3043478260869563,4,52,169,1362
O60907,all,2,0.0415944540727903,0.24,0.48,2,12,100,577
O60927,all,0,0.0873015873015873,0.44,0.4090909090909091,1,11,25,126
O60934,all,0,0.0490716180371352,0.3109243697478991,0.25,1,37,119,754
O60938,all,0,0.0113636363636363,0.1081081081081081,0.2142857142857142,1,4,37,352
O60941,all,0,0.0382775119617224,0.2926829268292683,0.1034482758620689,1,24,82,627
O75027,all,0,0.0172872340425531,0.1368421052631579,0.1612903225806451,1,13,95,752
O75030,all,0,0.1444866920152091,0.9047619047619048,1.0576923076923077,4,19,84,526
O75030,regional,0,0.1083650190114068,0.6785714285714286,0.75,3,19,84,526
O75038,all,1,0.0112994350282485,0.0784313725490196,0.0769230769230769,1,16,204,1416
O75044,all,3,0.2707749766573296,1.7469879518072289,2.312787546480116,5,58,166,1071
O75094,all,0,0.0118187787261982,0.09375,0.1176470588235294,2,9,192,1523
O75113,all,2,0.1841517857142857,1.32,2.1875,5,33,125,896
O75116,all,3,0.1512968299711815,1.4685314685314683,1.5113937466878644,6,35,143,1388
O75116,regional,2,0.0756484149855907,0.7342657342657343,0.6862745098039216,3,35,143,1388
O75122,all,0,0.0772797527047913,0.4132231404958678,0.5540540540540541,1,100,242,1294
O75131,all,0,0.0242085661080074,0.2,0.2424242424242424,1,13,65,537
O75132,all,1,0.0683176771989752,0.3883495145631068,0.4789081885856079,2,40,206,1171
O75140,all,0,0.0143480973175296,0.0901960784313725,0.1428571428571428,1,23,255,1603
O75143,all,0,0.0251450676982591,0.1428571428571428,0.1,1,13,91,517
O75145,all,0,0.02428810720268,0.18125,0.25,1,29,160,1194
O75147,all,0,0.0063291139240506,0.058252427184466,0.0,1,12,206,1896
O75152,all,2,0.4925925925925926,2.809859154929577,2.772133526850508,7,57,142,810
O75155,all,0,0.0161812297734627,0.1428571428571428,0.1,1,20,140,1236
O75157,all,0,0.1282051282051282,0.684931506849315,0.3476842791911285,10,10,146,780
O75157,regional,0,0.0641025641025641,0.3424657534246575,0.0684931506849315,5,10,146,780
O75165,all,0,0.0089166295140436,0.0778210116731517,0.0849056603773584,1,20,257,2243
O75170,all,0,0.181159420289855,1.3257575757575757,1.0265734265734268,7,25,132,966
O75170,regional,0,0.077639751552795,0.5681818181818182,0.4545454545454545,3,25,132,966
O75175,all,0,0.0199203187250996,0.119047619047619,0.1666666666666666,1,15,126,753
O75179,all,10,1.7157126392623896,9.751091703056767,10.160734798621366,58,77,458,2603
O75179,regional,4,1.0945063388398002,6.220524017467249,6.165874497117499,37,77,458,2603
O75306,all,0,0.0043196544276457,0.054054054054054,0.0,1,2,37,463
O75335,all,0,0.0278481012658227,0.2,0.2289793759915388,3,11,165,1185
O75346,all,0,0.0360721442885771,0.2465753424657534,0.0,2,9,73,499
O75362,all,3,0.1956106870229007,1.2349397590361446,1.541551705109811,5,41,166,1048
O75363,all,0,0.0308219178082191,0.1818181818181818,0.0909090909090909,1,18,99,584
O75367,all,1,0.040650406504065,0.3061224489795918,0.7142857142857143,1,15,49,369
O75369,all,3,0.2167563412759416,1.630057803468208,1.6457142857142857,4,141,346,2602
O75376,all,15,4.149590163934426,24.049881235154395,24.066284161256227,75,135,421,2440
O75376,regional,8,1.8258196721311477,10.581947743467934,10.857768382908048,33,135,421,2440
O75385,all,1,0.12,0.7411764705882353,1.1076923076923078,2,63,170,1050
O75391,all,0,0.0881057268722467,0.9090909090909092,0.5,2,10,22,227
O75396,all,1,0.0790697674418604,0.7083333333333334,0.8333333333333334,1,17,24,215
O75400,all,0,0.0961337513061651,0.5786163522012578,0.3478260869565217,2,46,159,957
O75417,all,1,0.0301158301158301,0.2010309278350515,0.2112676056338028,2,39,388,2590
O75420,all,0,0.0637681159420289,0.5641025641025641,0.6824378508420208,2,33,117,1035
O75439,all,0,0.0286298568507157,0.2121212121212121,0.2857142857142857,2,7,66,489
O75475,all,0,0.0867924528301886,0.6666666666666666,0.3333333333333333,1,46,69,530
O75494,all,0,0.2442748091603053,1.0847457627118644,0.8372093023255814,2,32,59,262
O75496,all,1,0.0813397129186602,0.53125,0.3333333333333333,1,17,32,209
O75506,all,2,0.1052631578947368,0.6153846153846154,1.5,2,4,13,76
O75533,all,1,0.0498466257668711,0.4609929078014184,0.8846153846153846,1,65,141,1304
O75534,all,0,0.0275689223057644,0.25,0.3548387096774194,1,22,88,798
O75554,all,0,0.0452127659574468,0.2741935483870967,0.2142857142857142,1,17,62,376
O75592,all,0,0.0487387772552372,0.3206751054852321,0.1538461538461538,2,114,711,4678
O75626,all,0,0.0315151515151515,0.2148760330578512,0.1467741935483871,2,13,121,825
O75628,all,2,0.0536912751677852,0.3333333333333333,0.4705882352941176,2,8,48,298
O75629,all,0,0.0136363636363636,0.0909090909090909,0.0666666666666666,1,3,33,220
O75643,all,2,0.196629213483146,1.7796610169491525,2.8360714448305684,10,42,236,2136
O75694,all,2,0.0575125808770668,0.4469273743016759,1.342857142857143,4,20,179,1391
O75717,all,2,0.3454384410983171,2.3076923076923075,3.418445878848064,10,39,169,1129
O75717,regional,1,0.2072630646589902,1.3846153846153846,2.25,6,39,169,1129
O75746,all,0,0.0088495575221238,0.081081081081081,0.1176470588235294,1,6,74,678
O75747,all,0,0.0047106325706594,0.034313725490196,0.032258064516129,1,7,204,1486
O75821,all,3,0.296875,2.021276595744681,2.967611336032389,5,19,47,320
O75882,all,0,0.0223932820153953,0.1608040201005025,0.1095890410958904,4,8,199,1429
O75886,all,2,0.0304761904761904,0.2077922077922078,0.3157894736842105,2,8,77,525
O75909,all,1,0.0413793103448275,0.4067796610169492,0.5,4,6,59,580
O75909,regional,0,0.0310344827586206,0.3050847457627119,0.375,3,6,59,580
O75920,all,1,0.1363636363636363,0.9375,1.3333333333333333,3,5,16,110
O75923,all,0,0.0346153846153846,0.3257918552036199,0.2928362573099415,3,24,221,2080
O75925,all,1,0.0399385560675883,0.2047244094488189,0.3548387096774194,1,26,127,651
O75934,all,0,0.0177777777777777,0.2105263157894736,0.2307692307692307,1,4,19,225
O75940,all,2,0.1092436974789916,0.8666666666666667,1.0,2,13,30,238
O75962,all,0,0.0226025185663545,0.1654846335697399,0.3950617283950617,1,70,423,3097
O75976,all,0,0.0543478260869565,0.3807106598984771,0.7574750830564784,3,25,197,1380
O76021,all,2,0.1673469387755102,0.9879518072289156,1.6363636363636365,2,41,83,490
O76027,all,0,0.0057971014492753,0.0434782608695652,0.0,1,2,46,345
O76031,all,0,0.0600315955766192,0.4935064935064935,0.5303030303030303,2,19,77,633
O76039,all,2,0.06875,0.3646408839779005,0.3047619047619048,2,33,181,960
O76041,all,0,0.0236686390532544,0.183206106870229,0.2222222222222222,2,12,131,1014
O76070,all,1,0.3779527559055118,2.4,1.9666666666666668,8,6,20,127
O76070,regional,1,0.1417322834645669,0.9,0.7666666666666666,3,6,20,127
O76094,all,0,0.0387481371087928,0.3209876543209876,0.95,1,26,81,671
O76096,all,0,0.0275862068965517,0.1904761904761904,0.1428571428571428,1,4,21,145
O94761,all,1,0.0107615894039735,0.1,0.2631578947368421,1,13,130,1208
O94762,all,1,0.0343087790110998,0.2741935483870967,0.3520833333333333,2,17,124,991
O94763,all,2,0.1570093457943925,1.0632911392405062,1.0424448217317486,3,28,79,535
O94811,all,1,0.2191780821917808,1.5,0.975,4,12,32,219
O94811,regional,1,0.1643835616438356,1.125,0.6,3,12,32,219
O94817,all,1,0.0214285714285714,0.1304347826086956,0.1111111111111111,1,3,23,140
O94822,all,0,0.0039637599093997,0.0267175572519083,0.0157894736842105,1,7,262,1766
O94842,all,0,0.4347826086956521,2.4324324324324325,0.9918367346938776,15,18,111,621
O94842,regional,0,0.3478260869565217,1.945945945945946,0.8122448979591836,12,18,111,621
O94851,all,0,0.0097087378640776,0.125,0.1481481481481481,1,19,152,1957
O94855,all,1,0.0610465116279069,0.5,0.5384615384615385,7,9,126,1032
O94856,all,0,0.0022271714922048,0.0140845070422535,0.0389610389610389,1,3,213,1347
O94864,all,0,0.0531400966183574,0.360655737704918,0.5882352941176471,2,11,61,414
O94868,all,1,0.0567567567567567,0.4158415841584158,0.1379310344827586,2,21,101,740
O94875,all,1,0.1127272727272727,0.656084656084656,0.7536231884057971,2,62,189,1100
O94900,all,2,0.0399239543726235,0.2692307692307692,0.2352941176470588,3,7,78,526
O94905,all,0,0.0353982300884955,0.3157894736842105,0.0952380952380952,3,4,38,339
O94906,all,0,0.0935175345377258,1.0232558139534884,0.6023391812865497,4,22,86,941
O94913,all,6,0.2662379421221865,1.9903846153846156,2.276221739821041,6,69,208,1555
O94913,regional,5,0.2218649517684887,1.6586538461538465,1.864457033938688,5,69,208,1555
O94916,all,0,0.039190071848465,0.1834862385321101,0.2556390977443609,2,30,327,1531
O94929,all,1,0.0600292825768667,0.3534482758620689,0.5227272727272727,1,41,116,683
O94972,all,1,0.0165975103734439,0.1045751633986928,0.0555555555555555,1,16,153,964
O94979,all,0,0.3147540983606557,2.1818181818181817,2.1813956681112394,16,24,176,1220
O94986,all,0,0.0146198830409356,0.1196172248803827,0.1276595744680851,1,25,209,1710
O94992,all,1,0.0501392757660167,0.4736842105263157,0.6,1,18,38,359
O94993,all,0,0.0053120849933598,0.032520325203252,0.0465116279069767,1,4,123,753
O95049,all,1,0.0500544069640914,0.3458646616541353,0.3414634146341463,1,46,133,919
O95071,all,0,0.0728831725616291,0.4788732394366197,0.3834258524980174,2,102,426,2799
O95081,all,0,0.1600831600831601,0.8651685393258427,1.2043010752688172,11,7,89,481
O95081,regional,0,0.1018711018711018,0.550561797752809,0.7473118279569892,7,7,89,481
O95104,all,0,0.041848299912816,0.3779527559055118,0.5294117647058824,3,16,127,1147
O95147,all,0,0.0252525252525252,0.2083333333333333,0.0,1,5,24,198
O95155,all,2,0.075268817204301,0.4622641509433962,1.1162790697674418,2,49,212,1302
O95163,all,0,0.0225225225225225,0.1724137931034483,0.1739130434782608,2,15,174,1332
O95180,all,0,0.019974500637484,0.1598639455782313,0.2413793103448276,1,47,294,2353
O95185,all,0,0.0150375939849624,0.1085271317829457,0.1875,1,14,129,931
O95197,all,0,0.0901162790697674,0.4514563106796116,0.5865091463414633,3,31,206,1032
O95231,all,0,0.003875968992248,0.0222222222222222,0.0833333333333333,1,1,45,258
O95232,all,1,0.1388888888888889,0.9375,1.05,3,20,64,432
O95236,all,0,0.0248756218905472,0.1470588235294117,0.0,2,5,68,402
O95255,all,0,0.0219560878243512,0.1793478260869565,0.0916030534351145,3,11,184,1503
O95259,all,0,0.006066734074823,0.0458015267175572,0.0526315789473684,1,6,131,989
O95292,all,5,0.4320987654320987,3.0,3.636363636363636,5,21,35,243
O95292,regional,3,0.2592592592592592,1.8,2.1818181818181817,3,21,35,243
O95319,all,0,0.0078740157480314,0.054054054054054,0.0625,1,4,74,508
O95336,all,0,0.0271317829457364,0.25,0.25,1,7,28,258
O95347,all,0,0.0217209690893901,0.2047244094488189,0.074074074074074,2,13,127,1197
O95373,all,1,0.0173410404624277,0.1894736842105263,0.1793650793650793,2,9,95,1038
O95382,all,0,0.0201863354037267,0.1699346405228758,0.6666666666666666,2,13,153,1288
O95391,all,1,0.0221843003412969,0.2241379310344827,0.2941176470588235,1,13,58,586
O95405,all,0,0.0140350877192982,0.0952380952380952,0.1095890410958904,1,20,210,1425
O95425,all,1,0.2330623306233062,1.5087719298245614,1.39617094017094,6,86,342,2214
O95425,regional,0,0.1165311653116531,0.7543859649122807,0.7384615384615385,3,86,342,2214
O95429,all,1,0.0262582056892779,0.15,0.1612903225806451,1,12,80,457
O95447,all,0,0.0074626865671641,0.0485436893203883,0.0,1,5,103,670
O95456,all,0,0.0381944444444444,0.2444444444444444,0.1212121212121212,1,11,45,288
O95466,all,0,0.0181818181818181,0.1652892561983471,0.1,1,20,121,1100
O95486,all,2,0.1006404391582799,0.6043956043956044,0.7609114249037228,11,10,182,1093
O95486,regional,2,0.1006404391582799,0.6043956043956044,0.7609114249037228,11,10,182,1093
O95487,all,3,0.4416403785488959,2.40343347639485,3.22119602518576,35,16,233,1268
O95487,regional,3,0.3154574132492113,1.7167381974248928,2.387141535615171,25,16,233,1268
O95613,all,0,0.1103117505995203,0.917705735660848,0.7883473527956457,4,92,401,3336
O95625,all,0,0.0379867046533713,0.2631578947368421,0.3425559947299078,2,20,152,1053
O95628,all,3,0.4869565217391304,2.772277227722772,2.6887508626639063,14,20,101,575
O95628,regional,2,0.2782608695652174,1.5841584158415842,1.5515873015873014,8,20,101,575
O95677,all,0,0.1752738654147105,0.7887323943661971,0.6616883116883117,7,16,142,639
O95696,all,1,0.0775047258979206,0.7454545454545455,1.096774193548387,2,41,110,1058
O95714,all,0,0.0223417459660736,0.1619190404797601,0.1999135375494071,2,54,667,4834
O95721,all,3,0.3100775193798449,2.3529411764705883,2.2666666666666666,4,20,34,258
O95747,all,0,0.0398481973434535,0.2876712328767123,0.2,1,21,73,527
O95777,all,0,0.0520833333333333,0.3571428571428571,0.25,1,5,14,96
O95782,all,1,0.0368474923234391,0.3272727272727272,0.1076923076923077,2,18,110,977
O95785,all,0,0.0236220472440944,0.2096774193548387,0.4583333333333333,1,39,186,1651
O95786,all,0,0.0129729729729729,0.1224489795918367,0.2413793103448276,1,12,98,925
O95789,all,0,0.0724528301886792,0.4247787610619469,0.361244019138756,6,16,226,1325
O95800,all,0,0.0018518518518518,0.010204081632653,0.0,1,1,98,540
O95816,all,0,0.0426540284360189,0.3103448275862069,0.2631578947368421,1,9,29,211
O95817,all,5,0.6086956521739131,4.216867469879518,4.444444444444445,10,35,83,575
O95817,regional,3,0.1826086956521739,1.2650602409638554,1.3333333333333333,3,35,83,575
O95819,all,0,0.0677966101694915,0.5121951219512195,0.6875,1,84,164,1239
O95822,all,0,0.0040567951318458,0.037037037037037,0.0,1,2,54,493
O95835,all,1,0.1769911504424778,1.2121212121212122,1.0,5,40,165,1130
O95835,regional,1,0.1769911504424778,1.2121212121212122,1.0,5,40,165,1130
O95861,all,0,0.0194805194805194,0.1764705882352941,0.0769230769230769,1,6,34,308
O95863,all,0,0.053030303030303,0.3255813953488372,0.3333333333333333,1,14,43,264
O95865,all,1,0.1824561403508772,1.4857142857142858,1.2,4,13,35,285
O95881,all,0,0.0116279069767441,0.1176470588235294,0.1,1,2,17,172
O95922,all,0,0.0094562647754137,0.0769230769230769,0.1,1,4,52,423
O95948,all,0,0.0119047619047619,0.0697674418604651,0.074074074074074,2,3,86,504
O95996,all,0,0.014329135909683,0.0921787709497206,0.135593220338983,1,33,358,2303
O96005,all,0,0.0134529147982062,0.1022727272727272,0.0681818181818181,1,9,88,669
O96008,all,0,0.0443213296398892,0.2962962962962963,0.32,2,8,54,361
O96017,all,1,0.0755064456721915,0.4823529411764706,0.4230769230769231,1,41,85,543
O96019,all,1,0.0233100233100233,0.175438596491228,0.5714285714285714,2,5,57,429
O96020,all,0,0.0445544554455445,0.3461538461538461,0.8,2,9,52,404
O96028,all,0,0.1164835164835164,0.8594594594594595,0.8181818181818182,3,53,185,1365
P00338,all,0,0.0843373493975903,0.7368421052631579,0.7692307692307693,2,14,38,332
P00387,all,1,0.0730897009966777,0.7586206896551724,0.7058823529411765,2,11,29,301
P00519,all,1,0.1026548672566371,0.6270270270270271,1.096774193548387,2,58,185,1130
P00533,all,1,0.2950413223140496,2.4121621621621623,1.2735042735042734,7,51,148,1210
P00558,all,0,0.052757793764988,0.5365853658536586,0.75,1,22,41,417
P00738,all,0,0.0024630541871921,0.025,0.0,1,1,40,406
P00915,all,0,0.0689655172413793,0.4090909090909091,0.3928571428571428,2,9,44,261
P01100,all,0,0.1184210526315789,0.569620253164557,0.4155844155844155,3,15,79,380
P01215,all,0,0.0172413793103448,0.1052631578947368,0.1176470588235294,2,1,19,116
P02511,all,0,0.08,0.5384615384615384,0.25,1,14,26,175
P02545,all,24,3.496987951807229,22.114285714285717,21.62804878048781,27,86,105,664
P02545,regional,14,1.813253012048193,11.466666666666669,11.11890243902439,14,86,105,664
P02549,all,0,0.0322447292269532,0.3497757847533632,0.3854901960784314,3,26,223,2419
P02686,all,1,0.0756578947368421,0.4339622641509434,0.8,1,23,53,304
P02724,all,0,0.0933333333333333,0.3888888888888889,0.2769230769230769,2,7,36,150
P02730,all,0,0.0559824368825466,0.504950495049505,0.3121212121212121,3,17,101,911
P02786,all,2,0.1447368421052631,1.1,1.9345872518286311,5,22,100,760
P02794,all,1,0.087431693989071,0.8421052631578947,0.5714285714285714,2,8,19,183
P03897,all,0,0.008695652173913,0.0769230769230769,0.0769230769230769,1,1,13,115
P04004,all,0,0.0355648535564853,0.320754716981132,0.25,1,17,53,478
P04035,all,0,0.018018018018018,0.1300813008130081,0.0338983050847457,1,16,123,888
P04040,all,0,0.0512333965844402,0.5510204081632653,0.6988795518207283,3,9,49,527
P04049,all,0,0.0848765432098765,0.514018691588785,0.7727272727272727,1,55,107,648
P04062,all,0,0.0149253731343283,0.1052631578947368,0.0,2,4,76,536
P04066,all,0,0.0021459227467811,0.0166666666666666,0.0416666666666666,1,1,60,466
P04075,all,2,0.1648351648351648,1.4285714285714286,1.263157894736842,2,30,42,364
P04150,all,5,0.3693693693693693,2.1417910447761197,2.543554006968641,7,41,134,777
P04150,regional,3,0.2638352638352638,1.5298507462686568,1.8118466898954704,5,41,134,777
P04181,all,0,0.0182232346241457,0.1777777777777777,0.0,2,4,45,439
P04198,all,0,0.0150862068965517,0.1129032258064516,0.16,1,7,62,464
P04264,all,1,0.0962732919254658,0.543859649122807,0.4507317073170732,2,31,114,644
P04406,all,2,0.2029850746268656,1.619047619047619,1.6521739130434785,2,34,42,335
P04439,all,1,0.0410958904109589,0.2830188679245283,0.2352941176470588,1,15,53,365
P04632,all,1,0.0597014925373134,0.5517241379310345,1.0,2,8,29,268
P04637,all,1,0.089058524173028,0.5833333333333334,0.5833333333333334,1,35,60,393
P04792,all,7,0.8536585365853658,5.0,5.045454545454546,7,25,35,205
P04792,regional,5,0.6097560975609756,3.571428571428572,3.462121212121212,5,25,35,205
P04818,all,0,0.0575079872204472,0.6428571428571429,0.6223776223776223,2,9,28,313
P04843,all,2,0.115321252059308,0.8641975308641975,0.7333333333333334,5,14,81,607
P04844,all,1,0.1109350237717908,0.660377358490566,0.7853107344632768,5,14,106,631
P04899,all,0,0.0676056338028169,0.5581395348837209,0.1333333333333333,4,6,43,355
P05026,all,0,0.0066006600660066,0.08,0.0,2,1,25,303
P05067,all,1,0.0779220779220779,0.7058823529411765,0.875,6,10,85,770
P05160,all,0,0.0090771558245083,0.0659340659340659,0.1142857142857142,2,3,91,661
P05164,all,0,0.0080536912751677,0.0705882352941176,0.08,1,6,85,745
P05166,all,1,0.0074211502782931,0.0666666666666666,0.2,1,4,60,539
P05186,all,1,0.0190839694656488,0.1515151515151515,0.174074074074074,2,5,66,524
P05198,all,1,0.1333333333333333,1.3548387096774193,0.8333333333333333,3,14,31,315
P05387,all,4,0.3826086956521739,3.6666666666666665,3.5,4,11,12,115
P05388,all,4,0.1892744479495268,1.6216216216216215,2.238095238095238,4,15,37,317
P05412,all,0,0.1540785498489426,1.0408163265306123,0.4285714285714285,3,17,49,331
P05549,all,0,0.068649885583524,0.5084745762711864,0.4523809523809523,3,10,59,437
P05556,all,1,0.1228070175438596,0.9514563106796116,1.298663101604278,7,14,103,798
P05556,regional,1,0.0526315789473684,0.4077669902912621,0.75,3,14,103,798
P05783,all,12,1.3395348837209302,8.597014925373134,8.25,12,48,67,430
P05783,regional,10,1.1162790697674418,7.164179104477612,6.875,10,48,67,430
P05787,all,23,3.619047619047619,21.317073170731707,21.15034965034965,23,76,82,483
P05787,regional,17,2.6749482401656315,15.75609756097561,15.342657342657343,17,76,82,483
P06396,all,1,0.0204603580562659,0.1839080459770115,0.2,1,16,87,782
P06401,all,4,0.2947481243301179,2.2357723577235773,1.8467236467236468,11,25,123,933
P06401,regional,0,0.1071811361200428,0.8130081300813008,0.4615384615384615,4,25,123,933
P06730,all,0,0.1198156682027649,0.8666666666666667,0.0,2,13,30,217
P06733,all,1,0.1428571428571428,1.4090909090909092,1.435897435897436,2,31,44,434
P06737,all,1,0.0200708382526564,0.2266666666666666,0.1481481481481481,1,17,75,847
P06748,all,5,0.5952380952380952,4.861111111111111,5.0,5,35,36,294
P06748,regional,3,0.3571428571428571,2.9166666666666665,3.0,3,35,36,294
P06756,all,0,0.0076335877862595,0.0655737704918032,0.5,1,8,122,1048
P07093,all,0,0.0050251256281407,0.0350877192982456,0.048780487804878,1,2,57,398
P07196,all,0,0.1988950276243093,1.3670886075949369,1.0041356492969395,12,9,79,543
P07196,regional,0,0.149171270718232,1.0253164556962024,0.8502894954507858,9,9,79,543
P07197,all,2,0.1965065502183406,1.3953488372093024,0.813953488372093,5,36,129,916
P07197,regional,1,0.1572052401746725,1.1162790697674418,0.6511627906976745,4,36,129,916
P07339,all,0,0.0509708737864077,0.3620689655172414,0.3870967741935484,3,7,58,412
P07339,regional,0,0.0509708737864077,0.3620689655172414,0.3870967741935484,3,7,58,412
P07355,all,0,0.1091445427728613,0.8409090909090909,0.782608695652174,1,37,44,339
P07359,all,2,0.0306748466257668,0.1538461538461538,0.3846153846153846,2,10,130,652
P07437,all,9,0.75,5.842105263157895,5.706349206349207,9,37,57,444
P07478,all,1,0.020242914979757,0.15625,0.1333333333333333,1,5,32,247
P07602,all,2,0.1068702290076335,1.037037037037037,0.9722222222222222,8,7,54,524
P07711,all,0,0.009009009009009,0.081081081081081,0.0909090909090909,1,3,37,333
P07814,all,3,0.1746031746031746,1.5348837209302326,1.5516117554970468,6,44,172,1512
P07858,all,0,0.0088495575221238,0.0714285714285714,0.0416666666666666,3,1,42,339
P07910,all,2,0.1895424836601307,1.4146341463414631,1.1666666666666663,2,29,41,306
P07942,all,1,0.0167973124300112,0.1408450704225352,0.3076923076923077,2,15,213,1786
P07954,all,1,0.0392156862745098,0.3508771929824561,0.4,2,10,57,510
P08047,all,3,0.5171974522292994,2.475609756097561,2.286613023999594,14,29,164,785
P08047,regional,0,0.110828025477707,0.5304878048780488,0.4655172413793103,3,29,164,785
P08133,all,1,0.0832095096582466,0.717948717948718,0.7151979565772669,2,28,78,673
P08235,all,2,0.1341463414634146,0.6666666666666666,0.981132075471698,4,33,198,984
P08235,regional,1,0.1006097560975609,0.5,0.7358490566037735,3,33,198,984
P08238,all,1,0.143646408839779,1.2682926829268293,1.0,2,52,82,724
P08240,all,0,0.122257053291536,0.9176470588235294,0.7058823529411765,3,26,85,638
P08476,all,0,0.0023474178403755,0.0196078431372549,0.0,1,1,51,426
P08572,all,0,0.0116822429906542,0.1739130434782608,0.1666666666666666,2,10,115,1712
P08575,all,0,0.0306278713629402,0.1941747572815534,0.0625,2,20,206,1306
P08581,all,0,0.0223021582733812,0.1497584541062802,0.1358024691358024,1,31,207,1390
P08648,all,1,0.0104861773117254,0.0827067669172932,0.2962962962962963,1,11,133,1049
P08651,all,6,0.7440944881889764,4.153846153846154,6.074285714285715,9,42,91,508
P08651,regional,3,0.4960629921259842,2.769230769230769,4.285714285714286,6,42,91,508
P08670,all,24,3.326180257510729,22.794117647058822,23.229559748427672,25,62,68,466
P08670,regional,18,2.3948497854077253,16.41176470588235,16.867924528301884,18,62,68,466
P08727,all,4,0.41,2.7333333333333334,2.7857142857142856,4,41,60,400
P08729,all,0,0.0767590618336887,0.5625,0.5769230769230769,1,36,64,469
P08754,all,1,0.0141242937853107,0.1162790697674418,0.1481481481481481,1,5,43,354
P08758,all,2,0.1375,1.0,0.6956521739130435,2,22,44,320
P09012,all,1,0.0283687943262411,0.3333333333333333,0.7333333333333334,2,4,24,282
P09429,all,2,0.1674418604651162,2.25,2.1818181818181817,3,12,16,215
P09622,all,0,0.0117878192534381,0.1034482758620689,0.0588235294117647,1,6,58,509
P09651,all,6,0.4354838709677419,3.0,3.6926406926406927,6,27,54,372
P09651,regional,4,0.2903225806451613,2.0,3.0,4,27,54,372
P09758,all,0,0.0092879256965944,0.09375,0.0,1,3,32,323
P09769,all,1,0.0226843100189035,0.1935483870967742,0.1071428571428571,2,6,62,529
P09912,all,0,0.0076923076923076,0.05,0.0,1,1,20,130
P0C6C1,all,0,0.0242990654205607,0.1397849462365591,0.1142857142857142,1,13,93,535
P0C7M7,all,0,0.0051724137931034,0.0416666666666666,0.04,1,3,72,580
P0C7P4,all,1,0.0070671378091872,0.048780487804878,0.0555555555555555,1,2,41,283
P0C7T5,all,1,0.3483309143686502,2.0689655172413794,3.607843137254902,12,20,116,689
P0C7T5,regional,1,0.2612481857764877,1.5517241379310345,2.725490196078431,9,20,116,689
P0C7U0,all,0,0.0169082125603864,0.1217391304347826,0.0789473684210526,1,14,115,828
P0CAP2,all,0,0.0190217391304347,0.125,0.2,1,7,56,368
P0CF97,all,0,0.0121765601217656,0.08,0.0428571428571428,1,8,100,657
P0CG12,all,0,0.0610687022900763,0.4444444444444444,0.4666666666666667,4,8,72,524
P0CG13,all,1,0.024793388429752,0.2307692307692307,0.2222222222222222,3,1,13,121
P0CG13,regional,1,0.024793388429752,0.2307692307692307,0.2222222222222222,3,1,13,121
P0CJ78,all,1,0.0169971671388102,0.144,0.3333333333333333,2,9,125,1059
P10070,all,0,0.0680958385876418,0.4014869888475836,0.2547169811320754,3,36,269,1586
P10070,regional,0,0.0680958385876418,0.4014869888475836,0.2547169811320754,3,36,269,1586
P10071,all,0,0.0183544303797468,0.0950819672131147,0.0869565217391304,1,29,305,1580
P10144,all,0,0.0040485829959514,0.037037037037037,0.0833333333333333,1,1,27,247
P10155,all,0,0.0185873605947955,0.1587301587301587,0.1666666666666666,1,10,63,538
P10244,all,0,0.0471428571428571,0.2869565217391304,0.3191489361702128,1,33,115,700
P10253,all,1,0.0252100840336134,0.1860465116279069,0.1237980769230769,4,6,129,952
P10321,all,0,0.0191256830601092,0.1372549019607843,0.15,1,7,51,366
P10636,all,5,0.521108179419525,3.062015503875969,2.9833333333333334,5,79,129,758
P10644,all,0,0.0262467191601049,0.238095238095238,0.0,1,10,42,381
P10768,all,0,0.0177304964539007,0.1515151515151515,0.1904761904761904,1,5,33,282
P10809,all,1,0.2792321116928447,2.711864406779661,2.662756598240469,4,40,59,573
P10826,all,0,0.0043956043956043,0.0263157894736842,0.0,1,2,76,455
P10909,all,0,0.0334075723830735,0.2459016393442623,0.2,1,15,61,449
P11021,all,3,0.1834862385321101,1.5584415584415583,2.833333333333333,3,40,77,654
P11047,all,0,0.0528278433809819,0.4336734693877551,0.9,5,17,196,1609
P11117,all,0,0.0236406619385342,0.2083333333333333,0.5,5,2,48,423
P11117,regional,0,0.0141843971631205,0.125,0.0,3,2,48,423
P11137,all,1,0.2452107279693486,1.4043887147335423,1.3421259842519686,4,112,319,1827
P11161,all,0,0.0063025210084033,0.0326086956521739,0.0625,1,3,92,476
P11166,all,1,0.0182926829268292,0.1475409836065573,0.75,1,9,61,492
P11171,all,0,0.1770833333333333,1.1417910447761197,0.993103448275862,3,51,134,864
P11177,all,0,0.0194986072423398,0.2258064516129032,0.125,1,7,31,359
P11274,all,0,0.047993705743509,0.3426966292134831,0.24,1,61,178,1271
P11277,all,0,0.0701918577445016,0.7317073170731707,0.7058280028429282,6,25,205,2137
P11279,all,2,0.1726618705035971,0.96,0.9285714285714286,8,9,75,417
P11279,regional,2,0.1294964028776978,0.72,0.5833333333333334,6,9,75,417
P11310,all,0,0.014251781472684,0.1666666666666666,0.1428571428571428,1,6,36,421
P11387,all,0,0.0235294117647058,0.3103448275862069,0.2,1,18,58,765
P11388,all,2,0.3657740039190071,2.857142857142857,3.945595238095239,8,70,196,1531
P11413,all,0,0.0310679611650485,0.3478260869565217,0.3,1,16,46,515
P11532,all,1,0.0282225237449118,0.2347629796839729,0.1819256224393318,2,52,443,3685
P11586,all,0,0.0256684491978609,0.2264150943396226,0.173076923076923,1,24,106,935
P11717,all,0,0.0746688077077478,0.4696969696969697,0.3805056290736717,6,31,396,2491
P11717,regional,0,0.0373344038538739,0.2348484848484848,0.1987951807228915,3,31,396,2491
P11831,all,0,0.2716535433070866,1.1219512195121952,0.7158555729984302,6,23,123,508
P11940,all,2,0.1336477987421383,1.2318840579710144,1.1428571428571428,5,17,69,636
P11940,regional,2,0.080188679245283,0.7391304347826086,1.0,3,17,69,636
P12004,all,1,0.0229885057471264,0.1621621621621621,0.25,1,6,37,261
P12036,all,4,0.2470588235294117,2.065573770491804,2.1529235382308847,7,36,122,1020
P12107,all,0,0.0066445182724252,0.0845070422535211,0.0303030303030303,1,12,142,1806
P12110,all,0,0.0107948969578017,0.1111111111111111,0.0714285714285714,1,11,99,1019
P12236,all,0,0.0201342281879194,0.2068965517241379,0.1538461538461538,1,6,29,298
P12270,all,12,0.9153618281845112,5.9423076923076925,6.366292287692354,21,103,364,2363
P12270,regional,8,0.3922979263647905,2.5467032967032965,2.9612903225806453,9,103,364,2363
P12645,all,0,0.0021186440677966,0.0161290322580645,0.0,1,1,62,472
P12755,all,0,0.0494505494505494,0.4,0.5674603174603174,2,18,90,728
P12757,all,0,0.0307017543859649,0.2,0.1875,3,7,105,684
P12757,regional,0,0.0307017543859649,0.2,0.1875,3,7,105,684
P12814,all,0,0.0403587443946188,0.4186046511627907,0.3684210526315789,1,36,86,892
P12883,all,1,0.0459948320413436,0.4917127071823204,0.625,1,89,181,1935
P12956,all,1,0.0541871921182266,0.4647887323943662,0.3888888888888889,1,33,71,609
P13056,all,0,0.0199004975124378,0.1212121212121212,0.0,2,6,99,603
P13378,all,0,0.0034482758620689,0.037037037037037,0.3333333333333333,1,1,27,290
P13473,all,0,0.0585365853658536,0.3243243243243243,0.1889655172413793,3,8,74,410
P13611,all,0,0.0070671378091872,0.031578947368421,0.0571428571428571,1,24,760,3396
P13639,all,1,0.0862470862470862,0.8705882352941177,0.8273026315789473,2,37,85,858
P13667,all,1,0.1860465116279069,2.0338983050847457,2.129713423831071,5,24,59,645
P13796,all,2,0.1467304625199362,1.6428571428571428,2.0,4,23,56,627
P13796,regional,2,0.1467304625199362,1.6428571428571428,2.0,4,23,56,627
P13797,all,0,0.019047619047619,0.2142857142857142,0.2,1,12,56,630
P13807,all,1,0.044776119402985,0.33,0.75,1,33,100,737
P13984,all,0,0.0200803212851405,0.1785714285714285,0.1875,1,5,28,249
P14136,all,0,0.0208333333333333,0.2093023255813953,0.1935483870967742,1,9,43,432
P14174,all,0,0.0869565217391304,0.7142857142857143,0.8571428571428571,2,5,14,115
P14314,all,0,0.0625,0.5,0.5951417004048583,3,11,66,528
P14317,all,0,0.0781893004115226,0.7169811320754716,0.5333333333333333,2,19,53,486
P14324,all,0,0.0095465393794749,0.1212121212121212,0.125,1,4,33,419
P14543,all,0,0.0088211708099438,0.0578947368421052,0.0317460317460317,1,11,190,1247
P14618,all,4,0.4331450094161959,4.035087719298246,3.772819472616633,5,46,57,531
P14625,all,2,0.2092154420921544,1.6153846153846154,1.8960526315789477,4,42,104,803
P14859,all,4,0.4172274562584118,1.712707182320442,1.8449024892976056,10,31,181,743
P14859,regional,3,0.1251682368775235,0.5138121546961326,0.7358490566037735,3,31,181,743
P14923,all,1,0.0832214765100671,0.6391752577319587,0.75,2,31,97,745
P15121,all,0,0.0316455696202531,0.3125,0.2352941176470588,1,10,32,316
P15153,all,0,0.0104166666666666,0.0833333333333333,0.1052631578947368,1,2,24,192
P15170,all,0,0.0100200400801603,0.1020408163265306,0.0,1,5,49,499
P15291,all,0,0.050251256281407,0.4347826086956521,0.8571428571428571,4,5,46,398
P15311,all,1,0.1126279863481228,1.5714285714285714,1.6388888888888888,3,22,42,586
P15336,all,5,0.6316831683168317,3.0673076923076925,3.9405585106382977,11,29,104,505
P15336,regional,1,0.1722772277227722,0.8365384615384616,1.148936170212766,3,29,104,505
P15407,all,1,0.1254612546125461,0.7727272727272727,0.8235294117647058,2,17,44,271
P15408,all,0,0.2331288343558282,1.2063492063492065,0.5384615384615384,4,19,63,326
P15498,all,0,0.0130177514792899,0.141025641025641,0.2142857142857142,1,11,78,845
P15529,all,0,0.0076530612244897,0.0576923076923076,0.0,1,3,52,392
P15531,all,2,0.0789473684210526,1.0,0.75,2,6,12,152
P15586,all,0,0.0271739130434782,0.2083333333333333,0.1515151515151515,5,3,72,552
P15586,regional,0,0.0163043478260869,0.125,0.0909090909090909,3,3,72,552
P15735,all,0,0.0123152709359605,0.119047619047619,0.0714285714285714,1,5,42,406
P15822,all,7,1.7924944812362031,9.00554528650647,9.089540105202726,56,87,541,2718
P15822,regional,2,0.4161147902869757,2.090573012939002,2.124934217725001,13,87,541,2718
P15848,all,1,0.0112570356472795,0.09375,0.1363636363636363,1,6,64,533
P15880,all,3,0.1945392491467577,1.6285714285714286,2.166666666666667,3,19,35,293
P15923,all,0,0.1590214067278287,0.8524590163934426,0.8924895158215783,4,26,122,654
P15924,all,1,0.1602229188436085,1.2466124661246611,1.2743511964947758,4,115,369,2871
P15927,all,2,0.1111111111111111,0.6976744186046512,0.8888888888888888,2,15,43,270
P15941,all,0,0.0597609561752988,0.2314814814814814,0.0364963503649635,5,15,324,1255
P16118,all,1,0.0212314225053078,0.1886792452830188,0.4166666666666666,2,5,53,471
P16144,all,2,0.1097694840834248,0.7547169811320755,1.2459016393442623,2,100,265,1822
P16157,all,0,0.0893141945773524,0.6774193548387096,0.6363365377449883,4,42,248,1881
P16220,all,0,0.0458715596330275,0.25,0.2608695652173913,1,15,60,327
P16415,all,0,0.0032786885245901,0.0222222222222222,0.032258064516129,1,2,90,610
P16452,all,0,0.0159189580318379,0.125,0.032258064516129,1,11,88,691
P16615,all,0,0.0316698656429942,0.2481203007518796,0.0821917808219178,1,33,133,1042
P16671,all,0,0.0190677966101694,0.1551724137931034,0.1836734693877551,3,3,58,472
P16949,all,1,0.0805369127516778,0.9230769230769232,1.0,1,12,13,149
P16989,all,0,0.064516129032258,0.5853658536585366,0.75,1,24,41,372
P17027,all,0,0.0202177293934681,0.1444444444444444,0.0344827586206896,1,13,90,643
P17030,all,0,0.0263157894736842,0.1904761904761904,0.0,3,4,63,456
P17039,all,0,0.0128410914927768,0.0952380952380952,0.1489361702127659,1,8,84,623
P17066,all,1,0.046656298600311,0.3896103896103896,0.4404761904761904,3,10,77,643
P17252,all,1,0.0342261904761904,0.3709677419354839,0.5833333333333334,1,23,62,672
P17275,all,4,0.8242074927953891,5.607843137254902,6.44047619047619,22,13,51,347
P17275,regional,2,0.6743515850144092,4.588235294117647,5.597883597883597,18,13,51,347
P17480,all,0,0.0366492146596858,0.2978723404255319,0.5333333333333333,1,28,94,764
P17509,all,0,0.0357142857142857,0.2424242424242424,0.0,2,4,33,224
P17535,all,1,0.1469740634005763,1.1333333333333333,0.8999999999999999,3,17,45,347
P17535,regional,1,0.1469740634005763,1.1333333333333333,0.8999999999999999,3,17,45,347
P17544,all,1,0.5134575569358178,2.8181818181818183,2.982142857142857,8,31,88,483
P17600,all,1,0.0595744680851063,0.4565217391304347,0.4321705426356589,2,21,92,705
P17661,all,0,0.0574468085106383,0.4426229508196721,0.4,1,27,61,470
P17677,all,0,0.0504201680672268,0.3636363636363636,0.3666666666666666,1,12,33,238
P17706,all,0,0.0433734939759036,0.3396226415094339,0.7857142857142857,2,9,53,415
P17752,all,0,0.009009009009009,0.074074074074074,0.08,1,4,54,444
P17844,all,1,0.1628664495114006,1.4705882352941178,1.6125,4,25,68,614
P17858,all,0,0.0128205128205128,0.1052631578947368,0.064516129032258,1,10,95,780
P18054,all,0,0.0105580693815987,0.1186440677966101,0.0,1,7,59,663
P18085,all,0,0.0166666666666666,0.1363636363636363,0.1052631578947368,1,3,22,180
P18146,all,0,0.1160220994475138,0.4532374100719424,0.448951048951049,9,7,139,543
P18146,regional,0,0.0515653775322283,0.2014388489208633,0.1454545454545454,4,7,139,543
P18583,all,5,0.7481450948062655,3.551859099804305,2.685237912193515,15,121,511,2426
P18583,regional,0,0.149629018961253,0.7103718199608611,0.2616279069767442,3,121,511,2426
P18615,all,1,0.0921052631578947,0.6481481481481481,0.625,1,35,54,380
P18846,all,4,0.5682656826568265,2.3692307692307693,1.760180995475113,11,14,65,271
P18846,regional,4,0.5682656826568265,2.3692307692307693,1.760180995475113,11,14,65,271
P18850,all,1,0.0298507462686567,0.1785714285714285,0.1463414634146341,2,10,112,670
P18887,all,1,0.0758293838862559,0.5274725274725275,0.3333333333333333,1,48,91,633
P19022,all,0,0.0231788079470198,0.1909090909090909,0.2282120395327942,3,7,110,906
P19338,all,3,0.3154929577464789,3.027027027027027,2.5142857142857142,4,56,74,710
P19367,all,1,0.0370774263904034,0.3119266055045872,0.2903846153846153,2,17,109,917
P19419,all,0,0.0373831775700934,0.2352941176470588,0.2916666666666667,1,16,68,428
P19429,all,1,0.0809523809523809,0.85,0.8333333333333334,1,17,20,210
P19532,all,1,0.0365217391304347,0.2142857142857142,0.3333333333333333,1,21,98,575
P19622,all,0,0.012012012012012,0.0930232558139534,0.1428571428571428,1,4,43,333
P19634,all,1,0.0392638036809816,0.32,0.4210526315789473,1,32,100,815
P19784,all,1,0.0342857142857142,0.4615384615384615,0.8333333333333333,2,6,26,350
P19838,all,0,0.0929752066115702,0.743801652892562,0.8770731707317074,3,30,121,968
P20226,all,0,0.0058997050147492,0.0425531914893617,0.0,1,2,47,339
P20337,all,0,0.0136986301369863,0.0857142857142857,0.4285714285714285,1,3,35,219
P20340,all,0,0.0336538461538461,0.21875,0.1176470588235294,1,7,32,208
P20618,all,0,0.0912863070539419,0.6470588235294118,0.6654411764705883,2,11,34,241
P20700,all,1,0.0784982935153583,0.5348837209302325,0.5882352941176471,1,46,86,586
P20719,all,0,0.0111111111111111,0.0612244897959183,0.0769230769230769,1,3,49,270
P20807,all,0,0.0133982947624847,0.1170212765957446,0.0,1,11,94,821
P20810,all,0,0.1553672316384181,0.9482758620689656,1.4285714285714286,2,55,116,708
P20815,all,0,0.0059760956175298,0.046875,0.0833333333333333,1,3,64,502
P20823,all,0,0.1553090332805071,0.7903225806451613,1.025,14,7,124,631
P20823,regional,0,0.1109350237717908,0.5645161290322581,0.5549999999999999,10,7,124,631
P20908,all,0,0.0097932535364526,0.1285714285714285,0.0864197530864197,2,9,140,1838
P20916,all,0,0.0063897763578274,0.0459770114942528,0.0689655172413793,1,4,87,626
P20933,all,0,0.0057803468208092,0.0425531914893617,0.0384615384615384,1,2,47,346
P21291,all,1,0.0518134715025906,0.4761904761904761,1.0,1,10,21,193
P21333,all,5,0.3604080090668681,2.65,3.24833675096833,6,159,360,2647
P21359,all,1,0.0331102500880591,0.2243436754176611,0.3890172774292946,2,47,419,2839
P21397,all,1,0.0075901328273244,0.0727272727272727,0.0555555555555555,1,4,55,527
P21796,all,0,0.0812720848056537,0.4791666666666667,0.48,1,23,48,283
P21912,all,0,0.0071428571428571,0.0625,0.0769230769230769,1,2,32,280
P22059,all,0,0.0359355638166047,0.2612612612612612,0.5,1,29,111,807
P22061,all,0,0.0088105726872246,0.0952380952380952,0.1,1,2,21,227
P22087,all,0,0.0186915887850467,0.25,0.0,1,6,24,321
P22102,all,0,0.0207920792079207,0.1875,0.1176470588235294,1,21,112,1010
P22105,all,0,0.0051837888784165,0.0359477124183006,0.0273972602739726,1,22,612,4244
P22314,all,2,0.1795841209829867,1.596638655462185,2.636208236208236,5,38,119,1058
P22392,all,1,0.0263157894736842,0.3333333333333333,0.5,1,4,12,152
P22626,all,1,0.1756373937677053,1.6756756756756757,1.620879120879121,2,31,37,353
P22670,all,0,0.0776302349336057,0.4903225806451612,0.4638186573670445,4,19,155,979
P22681,all,6,0.6313465783664459,4.115107913669065,5.605357142857143,11,52,139,906
P22681,regional,4,0.4591611479028697,2.9928057553956835,4.117857142857143,8,52,139,906
P22694,all,0,0.0427350427350427,0.4545454545454545,0.2,1,15,33,351
P23229,all,0,0.0230088495575221,0.1830985915492957,0.2156862745098039,1,26,142,1130
P23246,all,1,0.1485148514851485,1.75,1.6240601503759398,5,21,60,707
P23246,regional,0,0.1188118811881188,1.4,1.0526315789473684,4,21,60,707
P23284,all,1,0.0416666666666666,0.4285714285714285,0.375,1,9,21,216
P23396,all,1,0.0658436213991769,0.6956521739130435,1.0,1,16,23,243
P23443,all,0,0.0838095238095238,0.7857142857142857,0.788888888888889,2,22,56,525
P23471,all,0,0.0060475161987041,0.0303687635574837,0.043103448275862,1,14,461,2315
P23497,all,0,0.0489192263936291,0.3675213675213675,0.2307692307692307,1,43,117,879
P23511,all,0,0.0461095100864553,0.3555555555555555,0.0,4,4,45,347
P23515,all,0,0.0113636363636363,0.0515463917525773,0.0,1,5,97,440
P23528,all,3,0.3132530120481928,2.736842105263158,2.533333333333333,4,13,19,166
P23588,all,8,1.1620294599018004,7.395833333333333,8.333333333333334,10,71,96,611
P23588,regional,4,0.5810147299509002,3.6979166666666665,4.166666666666667,5,71,96,611
P23634,all,0,0.0145044319097502,0.1232876712328767,0.3103448275862069,1,18,146,1241
P23769,all,1,0.1,0.6,0.9684684684684686,4,12,80,480
P23771,all,0,0.0248306997742663,0.1195652173913043,0.064516129032258,1,11,92,443
P23921,all,1,0.0189393939393939,0.15625,0.1860465116279069,1,15,96,792
P24386,all,0,0.0137825421133231,0.0857142857142857,0.1219512195121951,1,9,105,653
P24752,all,0,0.0257611241217798,0.2244897959183673,0.2,1,11,49,427
P24821,all,0,0.0149931849159472,0.1006097560975609,0.1888888888888888,1,33,328,2201
P24844,all,1,0.0581395348837209,0.5555555555555556,0.5,1,10,18,172
P24928,all,2,0.0964467005076142,0.5080213903743316,0.736318407960199,2,95,374,1970
P25054,all,2,0.2659162856137883,1.2537313432835822,1.3633309043802122,4,189,603,2843
P25205,all,2,0.0965346534653465,0.7222222222222222,0.7047619047619047,2,39,108,808
P25398,all,1,0.0227272727272727,0.6,0.6,1,3,5,132
P25440,all,1,0.2434456928838951,1.5853658536585369,1.5604395604395604,5,39,123,801
P25490,all,0,0.0314009661835748,0.2765957446808511,0.2857142857142857,1,13,47,414
P25686,all,1,0.0462962962962962,0.2777777777777778,0.05,1,15,54,324
P25786,all,0,0.053231939163498,0.5,0.3333333333333333,1,14,28,263
P25789,all,0,0.0689655172413793,0.6666666666666666,0.6761363636363636,2,9,27,261
P26006,all,1,0.0342530922930542,0.288,0.4457142857142857,3,12,125,1051
P26196,all,2,0.0579710144927536,0.4666666666666667,0.2307692307692307,2,14,60,483
P26374,all,0,0.0091463414634146,0.058252427184466,0.4444444444444444,1,6,103,656
P26599,all,2,0.1831238779174147,1.4782608695652173,1.7532467532467533,6,17,69,557
P26640,all,1,0.0664556962025316,0.6885245901639344,0.918095238095238,4,21,122,1264
P26715,all,0,0.0214592274678111,0.1388888888888889,0.05,1,5,36,233
P27105,all,0,0.03125,0.225,0.0588235294117647,1,9,40,288
P27348,all,2,0.3265306122448979,2.5,2.9,5,16,32,245
P27540,all,1,0.2484157160963244,1.3706293706293706,1.9841437632135304,14,14,143,789
P27540,regional,1,0.1064638783269961,0.5874125874125874,0.7801268498942917,6,14,143,789
P27694,all,1,0.0308441558441558,0.2134831460674157,0.1904761904761904,1,19,89,616
P27695,all,1,0.0220125786163522,0.2258064516129032,0.25,1,7,31,318
P27708,all,2,0.0386516853932584,0.3138686131386861,1.6923076923076923,2,43,274,2225
P27816,all,13,2.7994791666666665,15.0,15.042699724517906,25,129,215,1152
P27816,regional,4,0.4479166666666667,2.4,2.413223140495868,4,129,215,1152
P27824,all,1,0.0709459459459459,0.875,0.8666666666666667,3,14,48,592
P28066,all,2,0.1493775933609958,1.0285714285714285,1.1515151515151516,3,12,35,241
P28070,all,1,0.1212121212121212,0.8888888888888888,1.2,2,16,36,264
P28331,all,0,0.0412654745529573,0.3448275862068966,0.4081632653061224,2,15,87,727
P28347,all,0,0.0751173708920187,0.5818181818181818,0.2727272727272727,4,8,55,426
P28347,regional,0,0.0751173708920187,0.5818181818181818,0.2727272727272727,4,8,55,426
P28356,all,0,0.0681818181818181,0.4,0.7058823529411765,4,6,60,352
P28356,regional,0,0.0681818181818181,0.4,0.7058823529411765,4,6,60,352
P28698,all,0,0.0272479564032697,0.2325581395348837,0.1955128205128205,2,10,86,734
P28799,all,0,0.0118043844856661,0.0897435897435897,0.0746268656716417,1,7,78,593
P28827,all,1,0.0110192837465564,0.0769230769230769,0.2424242424242424,1,16,208,1452
P29084,all,0,0.0412371134020618,0.2857142857142857,0.1666666666666666,1,12,42,291
P29323,all,0,0.0151658767772511,0.1081081081081081,0.144578313253012,1,16,148,1055
P29350,all,1,0.080672268907563,0.6486486486486487,0.5058064516129033,2,24,74,595
P29372,all,0,0.1174496644295302,1.09375,0.625,5,7,32,298
P29372,regional,0,0.0704697986577181,0.65625,0.375,3,7,32,298
P29401,all,1,0.0401284109149277,0.3378378378378378,0.3888888888888889,1,25,74,623
P29474,all,1,0.0349127182044887,0.2896551724137931,0.1926815323041738,2,21,145,1203
P29972,all,0,0.0111524163568773,0.0789473684210526,0.0571428571428571,1,3,38,269
P30084,all,0,0.0241379310344827,0.2592592592592592,0.1666666666666666,1,7,27,290
P30085,all,0,0.0612244897959183,0.6666666666666666,0.9090909090909092,2,6,18,196
P30101,all,0,0.0475247524752475,0.48,0.6363636363636364,1,24,50,505
P30153,all,0,0.0152801358234295,0.1363636363636363,0.1363636363636363,1,9,66,589
P30260,all,4,0.2766990291262136,1.6764705882352942,2.438095238095238,4,57,136,824
P30291,all,0,0.0557275541795665,0.3829787234042553,0.391304347826087,1,36,94,646
P30414,all,0,0.2489740082079343,1.0,0.986088482265948,4,91,364,1462
P30520,all,0,0.0131578947368421,0.1578947368421052,0.1538461538461538,2,3,38,456
P30530,all,0,0.029082774049217,0.2363636363636363,0.1739130434782608,2,13,110,894
P30533,all,1,0.1232492997198879,1.2571428571428571,1.7666666666666666,4,11,35,357
P30533,regional,1,0.0924369747899159,0.9428571428571428,1.5,3,11,35,357
P30622,all,5,0.5890125173852573,3.9952830188679247,4.723684210526316,11,77,212,1438
P30622,regional,3,0.321279554937413,2.179245283018868,2.386842105263158,6,77,212,1438
P30939,all,0,0.0109289617486338,0.0677966101694915,0.0666666666666666,1,4,59,366
P31040,all,0,0.0105421686746987,0.0886075949367088,0.0,1,7,79,664
P31153,all,0,0.040506329113924,0.4102564102564102,0.3398692810457516,4,4,39,395
P31270,all,1,0.1150159744408945,0.631578947368421,0.7,9,4,57,313
P31270,regional,1,0.0638977635782747,0.3508771929824561,0.5,5,4,57,313
P31274,all,0,0.0576923076923076,0.4166666666666667,0.2857142857142857,5,3,36,260
P31277,all,0,0.0088757396449704,0.1,0.2727272727272727,1,3,30,338
P31327,all,2,0.0693333333333333,0.5416666666666666,0.6260504201680672,2,52,192,1500
P31629,all,3,0.8998364677023712,4.848017621145375,4.572570837155734,31,71,454,2446
P31629,regional,0,0.3773507767784137,2.0330396475770924,1.920658493427705,13,71,454,2446
P31749,all,5,0.2916666666666667,2.641509433962264,4.095238095238095,5,28,53,480
P31930,all,0,0.0229166666666666,0.1833333333333333,0.15625,1,11,60,480
P31939,all,1,0.0456081081081081,0.380281690140845,0.3666666666666666,1,27,71,592
P31943,all,1,0.1269487750556792,1.0754716981132075,1.0416666666666667,3,19,53,449
P31947,all,1,0.1209677419354838,1.0344827586206895,0.9333333333333332,2,15,29,248
P31948,all,0,0.0147329650092081,0.2105263157894736,0.2666666666666666,1,8,38,543
P32004,all,0,0.0135242641209228,0.0994152046783625,0.0259740259740259,1,17,171,1257
P32019,all,0,0.0040281973816717,0.0338983050847457,0.02,1,4,118,993
P32119,all,2,0.1212121212121212,1.2,0.9090909090909092,2,12,20,198
P32243,all,0,0.0207612456747404,0.0895522388059701,0.2,3,2,67,289
P32243,regional,0,0.0207612456747404,0.0895522388059701,0.2,3,2,67,289
P32322,all,2,0.0752351097178683,0.5581395348837209,1.5064935064935066,3,8,43,319
P32519,all,1,0.2261712439418416,1.238938053097345,1.5915655150949268,7,20,113,619
P32519,regional,1,0.0969305331179321,0.5309734513274337,0.4238095238095238,3,20,113,619
P32926,all,0,0.024024024024024,0.1437125748502994,0.0971291866028708,2,12,167,999
P32929,all,0,0.0246913580246913,0.1851851851851851,0.2555555555555555,2,5,54,405
P32942,all,0,0.0146252285191956,0.0919540229885057,0.2222222222222222,1,8,87,547
P32969,all,0,0.0364583333333333,0.3333333333333333,0.0,1,7,21,192
P33076,all,1,0.0575221238938053,0.4452054794520548,0.873288117907917,5,13,146,1130
P33076,regional,0,0.0345132743362831,0.2671232876712329,0.7058823529411765,3,13,146,1130
P33121,all,0,0.0286532951289398,0.2898550724637681,0.32,2,10,69,698
P33176,all,1,0.0228452751817237,0.1929824561403508,0.1538461538461538,1,22,114,963
P33240,all,0,0.0675909878682842,0.78,0.9130434782608696,3,13,50,577
P33241,all,1,0.1828908554572271,1.2156862745098038,0.88,2,31,51,339
P33991,all,2,0.0903823870220162,0.6554621848739496,1.4814814814814814,2,39,119,863
P33993,all,0,0.0834492350486787,0.7792207792207793,0.9473684210526316,3,20,77,719
P34810,all,0,0.0112994350282485,0.0434782608695652,0.1428571428571428,2,2,92,354
P34931,all,1,0.0280811232449297,0.2465753424657534,0.25,1,18,73,641
P34932,all,0,0.1321428571428571,1.077669902912621,0.988095238095238,3,37,103,840
P35052,all,0,0.007168458781362,0.0615384615384615,0.1818181818181818,1,4,65,558
P35221,all,0,0.0463576158940397,0.4375,0.625,1,42,96,906
P35222,all,3,0.235595390524968,2.0444444444444443,3.4285714285714284,4,46,90,781
P35226,all,1,0.0460122699386503,0.2777777777777778,0.5,1,15,54,326
P35232,all,1,0.088235294117647,0.7741935483870968,0.4705882352941176,2,12,31,272
P35236,all,1,0.0277777777777777,0.25,0.3125,1,10,40,360
P35251,all,1,0.0566202090592334,0.3439153439153439,0.2121212121212121,1,65,189,1148
P35398,all,0,0.0076481835564053,0.054054054054054,0.0,2,2,74,523
P35555,all,0,0.0083594566353187,0.0707964601769911,0.0265780730897009,2,12,339,2871
P35558,all,0,0.0064308681672025,0.0666666666666666,0.1111111111111111,1,4,60,622
P35568,all,1,0.1561996779388083,0.8016528925619835,0.914027149321267,2,97,242,1242
P35573,all,1,0.0221932114882506,0.2111801242236025,0.1702127659574468,2,17,161,1532
P35579,all,2,0.1862244897959183,2.28125,1.9977207977207976,5,73,160,1960
P35580,all,1,0.0227732793522267,0.2694610778443114,0.4285714285714285,1,45,167,1976
P35611,all,2,0.3744911804613297,2.732673267326733,4.246153846153846,6,46,101,737
P35611,regional,2,0.1872455902306648,1.3663366336633664,2.3076923076923075,3,46,101,737
P35612,all,0,0.1101928374655647,0.6666666666666666,1.0769230769230769,2,40,120,726
P35613,all,0,0.1038961038961039,0.7272727272727273,0.5714285714285714,4,10,55,385
P35613,regional,0,0.0779220779220779,0.5454545454545454,0.4285714285714285,3,10,55,385
P35637,all,0,0.0608365019011406,0.367816091954023,0.3214285714285714,1,32,87,526
P35658,all,50,11.360765550239234,44.8,49.8219187776604,212,112,530,2090
P35658,regional,36,8.842105263157896,34.867924528301884,39.13737511823636,165,112,530,2090
P35659,all,1,0.1093333333333333,0.6721311475409836,0.75,1,41,61,375
P35711,all,0,0.0353866317169069,0.2673267326732673,0.2857142857142857,1,27,101,763
P35749,all,1,0.0207910750507099,0.2329545454545454,0.22,1,41,176,1972
P35754,all,0,0.0094339622641509,0.0909090909090909,0.0909090909090909,1,1,11,106
P35789,all,0,0.032258064516129,0.2127659574468085,0.1379310344827586,2,10,94,620
P35813,all,0,0.013089005235602,0.1219512195121951,0.1428571428571428,1,5,41,382
P35913,all,0,0.0070257611241217,0.0705882352941176,0.0750877192982456,2,3,85,854
P35968,all,1,0.0176991150442477,0.1176470588235294,0.3538083538083538,2,12,204,1356
P36507,all,3,0.1875,1.9230769230769231,3.242857142857143,5,15,39,400
P36507,regional,3,0.1125,1.1538461538461535,2.428571428571429,3,15,39,400
P36543,all,0,0.0088495575221238,0.1666666666666666,0.1111111111111111,1,2,12,226
P36578,all,2,0.1077283372365339,1.2105263157894737,1.0,2,23,38,427
P36871,all,1,0.0462633451957295,0.3823529411764705,0.3461538461538461,1,26,68,562
P36952,all,1,0.0346666666666666,0.2452830188679245,0.25,1,13,53,375
P36957,all,0,0.0220750551876379,0.1886792452830188,0.2,2,5,53,453
P37088,all,0,0.0119581464872944,0.0784313725490196,0.125,1,8,102,669
P37108,all,0,0.1323529411764706,0.782608695652174,0.6222222222222222,3,6,23,136
P37198,all,4,1.85823754789272,7.185185185185185,7.29,97,10,135,522
P37198,regional,3,1.7432950191570882,6.7407407407407405,6.859999999999999,91,10,135,522
P37802,all,4,0.2211055276381909,2.588235294117647,3.5,4,11,17,199
P37840,all,2,0.15,1.5,1.2,3,7,14,140
P38117,all,1,0.0235294117647058,0.2857142857142857,0.25,1,6,21,255
P38159,all,1,0.2301790281329923,1.2328767123287672,1.2727272727272727,2,45,73,391
P38435,all,0,0.0065963060686015,0.0526315789473684,0.3,1,5,95,758
P38571,all,0,0.0025062656641604,0.02,0.027027027027027,1,1,50,399
P38606,all,0,0.0810372771474878,0.6024096385542169,0.712143928035982,5,10,83,617
P38606,regional,0,0.0486223662884927,0.3614457831325301,0.4077961019490255,3,10,83,617
P39060,all,0,0.0068415051311288,0.0631578947368421,0.0476190476190476,1,12,190,1754
P39880,all,5,0.3189368770764119,1.94331983805668,1.7575975543966913,8,60,247,1505
P39880,regional,5,0.3189368770764119,1.94331983805668,1.7575975543966913,8,60,247,1505
P40189,all,0,0.0392156862745098,0.2195121951219512,0.0,2,18,164,918
P40222,all,1,0.1043956043956044,0.9047619047619048,1.3448275862068966,3,19,63,546
P40227,all,0,0.0188323917137476,0.1851851851851851,0.21875,1,10,54,531
P40425,all,2,0.0744186046511627,0.4923076923076923,0.5383244206773619,4,8,65,430
P40425,regional,2,0.0744186046511627,0.4923076923076923,0.5383244206773619,4,8,65,430
P40692,all,0,0.0423280423280423,0.2807017543859649,0.5294117647058824,2,16,114,756
P40763,all,5,0.1558441558441558,1.2244897959183674,1.4432365211810012,6,20,98,770
P40763,regional,4,0.1298701298701298,1.020408163265306,1.1800786264441592,5,20,98,770
P40818,all,0,0.0330948121645796,0.23125,0.5882352941176471,1,37,160,1118
P40855,all,1,0.1505016722408027,1.0975609756097562,1.2652084757347914,3,15,41,299
P40926,all,1,0.0739644970414201,0.5434782608695652,0.5454545454545454,1,25,46,338
P40939,all,1,0.0340760157273918,0.3023255813953488,0.1428571428571428,1,26,86,763
P41091,all,1,0.0275423728813559,0.2452830188679245,0.2666666666666666,1,13,53,472
P41223,all,0,0.0069444444444444,0.0833333333333333,0.125,1,1,12,144
P41235,all,1,0.0590717299578059,0.4912280701754385,0.6111111111111112,1,28,57,474
P41236,all,2,0.3658536585365853,2.272727272727273,2.6923076923076925,5,15,33,205
P41236,regional,2,0.2926829268292683,1.818181818181818,2.1538461538461537,4,15,33,205
P41594,all,0,0.042079207920792,0.2712765957446808,0.2105263157894736,3,17,188,1212
P41970,all,0,0.0884520884520884,0.4390243902439024,0.5982142857142857,3,12,82,407
P42025,all,0,0.0159574468085106,0.1428571428571428,0.1818181818181818,1,6,42,376
P42166,all,1,0.345821325648415,1.935483870967742,1.9716216216216216,6,40,124,694
P42166,regional,0,0.1729106628242075,0.967741935483871,0.972972972972973,3,40,124,694
P42224,all,0,0.024,0.2093023255813953,0.05,1,18,86,750
P42229,all,1,0.0151133501259445,0.1411764705882353,0.0909090909090909,1,12,85,794
P42261,all,1,0.0110375275938189,0.0869565217391304,0.1153846153846153,1,10,115,906
P42345,all,0,0.0196155355041192,0.1666666666666666,0.2708333333333333,1,50,300,2549
P42356,all,0,0.0171265461465271,0.1368821292775665,0.2857142857142857,1,36,263,2102
P42566,all,1,0.0412946428571428,0.2587412587412587,0.25,1,37,143,896
P42568,all,0,0.0316901408450704,0.1313868613138686,0.1176470588235294,1,18,137,568
P42694,all,1,0.1158599382080329,0.8522727272727273,0.6323552185405709,5,45,264,1942
P42702,all,0,0.0218778486782133,0.1387283236994219,0.0761518262115063,2,12,173,1097
P42704,all,0,0.0222381635581061,0.2137931034482758,0.3333333333333333,1,31,145,1394
P42765,all,0,0.0201511335012594,0.1666666666666666,0.24,1,8,48,397
P42785,all,0,0.0201612903225806,0.1492537313432835,0.1666666666666666,5,2,67,496
P42858,all,3,0.1257161043921069,0.8298319327731093,0.683280624077588,5,79,476,3142
P42892,all,0,0.0207792207792207,0.1568627450980392,0.1777777777777777,2,8,102,770
P43121,all,0,0.0216718266253869,0.160919540229885,0.1851851851851851,2,7,87,646
P43155,all,1,0.023961661341853,0.1948051948051948,0.3428571428571428,3,5,77,626
P43155,regional,1,0.023961661341853,0.1948051948051948,0.3428571428571428,3,5,77,626
P43243,all,5,0.8382526564344747,6.283185840707965,5.109677419354838,10,71,113,847
P43243,regional,4,0.6706021251475797,5.026548672566372,4.309677419354839,8,71,113,847
P43307,all,0,0.0559440559440559,0.5333333333333333,0.0,2,8,30,286
P43308,all,0,0.0327868852459016,0.2222222222222222,0.238095238095238,6,1,27,183
P43308,regional,0,0.0163934426229508,0.1111111111111111,0.1428571428571428,3,1,27,183
P43405,all,0,0.0236220472440944,0.2459016393442623,0.6666666666666666,1,15,61,635
P43487,all,0,0.0547263681592039,0.6111111111111112,0.2,1,11,18,201
P43686,all,2,0.0478468899521531,0.5405405405405406,0.48,2,10,37,418
P43694,all,1,0.0542986425339366,0.2891566265060241,0.2952898550724637,3,8,83,442
P45844,all,0,0.0058997050147492,0.0439560439560439,0.0769230769230769,2,2,91,678
P45880,all,2,0.1496598639455782,0.8148148148148148,0.967741935483871,2,22,54,294
P46013,all,5,1.7914619164619163,9.953924914675769,10.11677152063833,19,307,586,3256
P46013,regional,2,0.3771498771498771,2.0955631399317407,2.250728862973761,4,307,586,3256
P46020,all,0,0.0188062142273098,0.136094674556213,0.2352941176470588,1,23,169,1223
P46060,all,0,0.0374787052810902,0.34375,0.15,1,22,64,587
P46063,all,1,0.0169491525423728,0.1358024691358024,0.625,1,11,81,649
P46087,all,2,0.1970443349753694,1.4953271028037385,0.8,4,40,107,812
P46100,all,10,1.1701444622792938,7.217821782178218,7.972809748051188,18,162,404,2492
P46100,regional,3,0.3900481540930979,2.405940594059406,2.84606379865379,6,162,404,2492
P46109,all,1,0.0726072607260726,0.5641025641025641,0.4,1,22,39,303
P46527,all,2,0.2525252525252525,1.851851851851852,1.8,5,10,27,198
P46531,all,0,0.0587084148727984,0.4545454545454545,0.8446797450200378,6,25,330,2555
P46821,all,1,0.1709886547811993,0.8846960167714885,0.7506306306306306,2,211,477,2468
P46934,all,1,0.0045489006823351,0.0257510729613733,0.0689655172413793,1,6,233,1319
P46937,all,2,0.5833333333333334,3.3793103448275863,3.431372549019608,6,49,87,504
P46939,all,1,0.0541800174774249,0.4397163120567376,0.45,3,62,423,3433
P46940,all,1,0.0253470126735063,0.2608695652173913,0.2777777777777778,1,42,161,1657
P46977,all,0,0.0170212765957446,0.12,0.0117647058823529,4,3,100,705
P46977,regional,0,0.0127659574468085,0.09,0.0,3,3,100,705
P47756,all,0,0.0367647058823529,0.2941176470588235,0.2857142857142857,1,10,34,272
P47897,all,0,0.0154838709677419,0.1518987341772152,0.1428571428571428,1,12,79,775
P47902,all,1,0.0226415094339622,0.1935483870967742,0.1428571428571428,2,3,31,265
P47914,all,1,0.1257861635220125,1.5384615384615383,0.8888888888888888,4,5,13,159
P47974,all,0,0.0668016194331983,0.3402061855670103,0.53125,1,33,97,494
P47985,all,1,0.0766423357664233,0.525,1.5,3,7,40,274
P47985,regional,1,0.0766423357664233,0.525,1.5,3,7,40,274
P48023,all,0,0.0071174377224199,0.0526315789473684,0.0,1,2,38,281
P48029,all,1,0.0125984251968503,0.125,0.0526315789473684,1,8,64,635
P48200,all,0,0.0083073727933541,0.0634920634920634,0.0454545454545454,1,8,126,963
P48382,all,0,0.1022727272727272,0.7974683544303798,0.7058823529411765,3,21,79,616
P48431,all,5,0.2208201892744479,1.4,2.0615384615384618,7,10,50,317
P48431,regional,5,0.2208201892744479,1.4,2.0615384615384618,7,10,50,317
P48436,all,0,0.0589390962671905,0.3529411764705882,0.3529411764705882,2,15,85,509
P48444,all,1,0.0391389432485322,0.2985074626865671,0.5714285714285714,1,20,67,511
P48552,all,0,0.0483592400690846,0.25,0.1521739130434782,2,28,224,1158
P48556,all,0,0.0142857142857142,0.125,0.1111111111111111,1,5,40,350
P48634,all,2,0.3745943439962911,2.6754966887417218,2.0416816385195835,8,101,302,2157
P48634,regional,0,0.1404728789986092,1.0033112582781456,0.717391304347826,3,101,302,2157
P48681,all,2,0.1270820481184454,1.1135135135135137,1.3703703703703705,2,103,185,1621
P48723,all,1,0.0106157112526539,0.0862068965517241,0.074074074074074,1,5,58,471
P48745,all,0,0.0084033613445378,0.0588235294117647,0.0512820512820512,1,3,51,357
P48960,all,2,0.0335329341317365,0.2121212121212121,0.5833333333333334,2,14,132,835
P49005,all,1,0.0234541577825159,0.1641791044776119,0.5,1,11,67,469
P49023,all,3,0.3722504230118443,2.5,3.022222222222222,4,55,88,591
P49116,all,1,0.0536912751677852,0.3047619047619048,0.3911070780399274,2,16,105,596
P49247,all,0,0.0321543408360128,0.303030303030303,0.5,2,5,33,311
P49257,all,0,0.0588235294117647,0.6,1.0,5,6,50,510
P49321,all,7,1.0304568527918785,8.12,8.507205513784461,14,58,100,788
P49321,regional,3,0.6624365482233503,5.22,5.333959899749374,9,58,100,788
P49327,all,0,0.0541616885702907,0.4331210191082802,0.4671875,2,68,314,2511
P49336,all,1,0.0969827586206896,0.8823529411764706,1.263157894736842,9,5,51,464
P49336,regional,1,0.043103448275862,0.392156862745098,1.0,4,5,51,464
P49406,all,1,0.0205479452054794,0.25,0.238095238095238,2,3,24,292
P49419,all,0,0.0259740259740259,0.2413793103448276,0.2554945054945055,2,7,58,539
P49427,all,0,0.0338983050847457,0.2857142857142857,0.3333333333333333,1,8,28,236
P49448,all,0,0.0125448028673835,0.109375,0.1034482758620689,1,7,64,558
P49454,all,1,0.1136801541425818,0.84688995215311,0.8026178010471203,3,118,418,3114
P49588,all,0,0.0134297520661157,0.1287128712871287,0.0416666666666666,1,13,101,968
P49589,all,0,0.0120320855614973,0.1153846153846153,0.0454545454545454,1,9,78,748
P49591,all,0,0.0155642023346303,0.16,0.1052631578947368,1,8,50,514
P49641,all,0,0.0026086956521739,0.0220588235294117,0.0126582278481012,1,3,136,1150
P49736,all,1,0.079646017699115,0.7272727272727273,1.2647058823529411,2,36,99,904
P49748,all,0,0.0366412213740458,0.32,0.25,3,8,75,655
P49750,all,1,0.2982292637465051,2.388059701492537,2.1928934010152283,16,40,268,2146
P49750,regional,0,0.1491146318732525,1.1940298507462686,1.0964467005076142,8,40,268,2146
P49756,all,0,0.1304863582443653,1.6176470588235294,1.3571428571428572,5,22,68,843
P49756,regional,0,0.0782918149466192,0.9705882352941176,0.5,3,22,68,843
P49759,all,2,0.0867768595041322,0.6363636363636364,1.0,2,21,66,484
P49790,all,23,8.985762711864407,33.135,32.96403950527085,141,94,400,1475
P49790,regional,16,6.946440677966102,25.615,25.555756184114397,109,94,400,1475
P49792,all,17,3.3266129032258065,20.704633204633204,23.790073875455796,55,195,518,3224
P49792,regional,8,1.3911290322580645,8.658301158301159,10.199701017962653,23,195,518,3224
P49840,all,0,0.1118012422360248,0.6923076923076923,0.8068181818181818,3,18,78,483
P49841,all,0,0.0452380952380952,0.3064516129032258,0.0,1,19,62,420
P49848,all,2,0.5199409158050221,3.289719626168224,4.583644189383071,16,22,107,677
P49848,regional,2,0.4549483013293944,2.878504672897196,3.9483500717360114,14,22,107,677
P49916,all,1,0.1486620416253716,1.171875,2.23956442831216,5,30,128,1009
P49916,regional,0,0.0891972249752229,0.703125,1.4210526315789471,3,30,128,1009
P49959,all,2,0.1398305084745762,0.9801980198019802,1.0903703703703704,3,33,101,708
P50402,all,9,1.169291338582677,5.60377358490566,5.680701754385964,9,33,53,254
P50402,regional,7,0.9094488188976378,4.358490566037736,4.680701754385965,7,33,53,254
P50416,all,0,0.0232858990944372,0.1782178217821782,0.1403508771929824,3,6,101,773
P50454,all,0,0.0334928229665071,0.2692307692307692,0.25,1,14,52,418
P50502,all,1,0.0975609756097561,1.565217391304348,1.25,3,12,23,369
P50539,all,0,0.0263157894736842,0.1363636363636363,0.0,2,3,44,228
P50570,all,0,0.028735632183908,0.238095238095238,0.5,1,25,105,870
P50579,all,0,0.0230125523012552,0.22,0.125,1,11,50,478
P50616,all,1,0.0463768115942029,0.3404255319148936,0.7,2,8,47,345
P50851,all,1,0.0482011875654907,0.3247058823529412,0.4235294117647059,2,69,425,2863
P50897,all,0,0.0065359477124183,0.0689655172413793,0.0,1,2,29,306
P50990,all,0,0.0912408759124087,0.8771929824561403,0.0,2,25,57,548
P50991,all,1,0.0779220779220779,0.5454545454545454,0.5577777777777778,2,21,77,539
P51003,all,0,0.2335570469798657,1.359375,1.8545454545454545,6,29,128,745
P51114,all,0,0.0547504025764895,0.4146341463414634,0.6829268292682927,1,34,82,621
P51116,all,1,0.1248142644873699,0.8484848484848485,0.6333333333333333,2,42,99,673
P51148,all,1,0.0231481481481481,0.2083333333333333,0.3333333333333333,1,5,24,216
P51149,all,0,0.0483091787439613,0.4,0.2142857142857142,1,10,25,207
P51178,all,1,0.0291005291005291,0.25,0.2666666666666666,2,11,88,756
P51511,all,0,0.0044843049327354,0.0576923076923076,0.0,1,3,52,669
P51532,all,1,0.1396478445658773,1.2637362637362637,1.9375,5,46,182,1647
P51553,all,0,0.0076335877862595,0.0652173913043478,0.0769230769230769,1,3,46,393
P51570,all,1,0.0127551020408163,0.1063829787234042,0.1153846153846153,1,5,47,392
P51608,all,2,0.4753086419753086,3.0,2.896551724137931,7,33,77,486
P51610,all,40,6.070761670761671,27.514476614699333,29.70191453692171,174,71,449,2035
P51610,regional,31,4.77985257985258,21.66369710467706,23.743433133103142,137,71,449,2035
P51617,all,0,0.0308988764044943,0.2156862745098039,0.1851851851851851,1,22,102,712
P51659,all,0,0.1141304347826086,0.9882352941176472,1.01981351981352,4,21,85,736
P51787,all,0,0.022189349112426,0.1666666666666666,0.0,1,15,90,676
P51812,all,3,0.1054054054054054,0.9069767441860463,1.4287330316742082,3,26,86,740
P51816,all,0,0.0122044241037376,0.0627450980392156,0.050632911392405,1,16,255,1311
P51826,all,0,0.1264274061990212,0.6458333333333334,0.7361111111111112,5,31,240,1226
P51826,regional,0,0.1011419249592169,0.5166666666666667,0.625,4,31,240,1226
P51858,all,1,0.0583333333333333,0.6086956521739131,1.0,1,14,23,240
P51991,all,3,0.2433862433862433,2.4864864864864864,2.7625,4,23,37,378
P51991,regional,3,0.1825396825396825,1.864864864864865,2.075,3,23,37,378
P52179,all,0,0.0462908011869436,0.314516129032258,0.205,3,26,248,1685
P52209,all,0,0.0455486542443064,0.4583333333333333,0.6666666666666666,2,11,48,483
P52292,all,1,0.0472589792060491,0.352112676056338,0.2631578947368421,1,25,71,529
P52306,all,0,0.0016474464579901,0.0153846153846153,0.0,1,1,65,607
P52333,all,0,0.0124555160142348,0.1102362204724409,0.0714285714285714,1,14,127,1124
P52564,all,0,0.0179640718562874,0.1463414634146341,0.0,1,6,41,334
P52594,all,10,0.8647686832740213,3.826771653543307,3.479301194161875,18,27,127,562
P52594,regional,10,0.8647686832740213,3.826771653543307,3.479301194161875,18,27,127,562
P52597,all,2,0.144578313253012,1.0714285714285714,0.9464285714285714,3,20,56,415
P52655,all,0,0.0638297872340425,0.6153846153846154,0.4444444444444444,4,6,39,376
P52701,all,0,0.0338235294117647,0.2371134020618556,0.0517241379310344,1,46,194,1360
P52746,all,0,0.0284528749259039,0.2264150943396226,0.2025641025641025,3,16,212,1687
P52789,all,0,0.0327153762268266,0.3191489361702128,0.2,2,15,94,917
P52943,all,2,0.1442307692307692,1.2,1.8,2,15,25,208
P52948,all,14,4.603192074848652,24.103746397694525,18.8546329548274,102,82,347,1817
P52948,regional,4,2.6175013758943315,13.706051873198849,8.898496240601503,58,82,347,1817
P53350,all,0,0.044776119402985,0.380281690140845,0.7142857142857143,1,27,71,603
P53396,all,0,0.1117166212534059,0.9919354838709676,1.0909090909090908,3,41,124,1101
P53801,all,0,0.0055555555555555,0.0588235294117647,0.0,1,1,17,180
P53814,all,2,0.3271537622682661,1.7964071856287425,1.9809523809523808,6,50,167,917
P53814,regional,1,0.163576881134133,0.8982035928143712,1.0285714285714285,3,50,167,917
P53992,all,2,0.1645338208409506,1.2162162162162162,1.2000000000000002,12,15,148,1094
P53992,regional,2,0.0411334552102376,0.304054054054054,0.4,3,15,148,1094
P53999,all,1,0.1417322834645669,0.782608695652174,0.6363636363636364,1,18,23,127
P54105,all,0,0.0548523206751054,0.3823529411764705,0.0833333333333333,1,13,34,237
P54198,all,0,0.0304818092428711,0.1791907514450867,0.0338983050847457,1,31,173,1017
P54252,all,0,0.0360110803324099,0.2888888888888888,0.0,1,13,45,361
P54253,all,3,0.1766871165644171,1.051094890510949,1.0909090909090908,9,16,137,815
P54253,regional,3,0.0785276073619632,0.4671532846715328,0.3636363636363636,4,16,137,815
P54259,all,0,0.2058823529411764,1.2189054726368158,0.9125286478227654,7,35,201,1190
P54296,all,0,0.0559726962457337,0.4039408866995074,0.375,2,41,203,1465
P54577,all,2,0.1022727272727272,1.1020408163265305,1.263157894736842,3,18,49,528
P54578,all,6,0.2793522267206478,2.090909090909091,3.4130718954248365,6,23,66,494
P54652,all,1,0.028169014084507,0.2195121951219512,0.1428571428571428,1,18,82,639
P54709,all,0,0.014336917562724,0.1379310344827586,0.0,1,4,29,279
P54727,all,0,0.5403422982885085,3.112676056338028,2.647058823529412,17,13,71,409
P54727,regional,0,0.3178484107579462,1.8309859154929575,1.3235294117647058,10,13,71,409
P54819,all,1,0.0669456066945606,0.6153846153846154,0.6666666666666666,1,16,26,239
P54920,all,0,0.0203389830508474,0.2,0.1904761904761904,1,6,30,295
P55010,all,1,0.0487238979118329,0.5,1.0,1,21,42,431
P55058,all,0,0.0040567951318458,0.0298507462686567,0.0526315789473684,1,2,67,493
P55072,all,1,0.0707196029776675,0.7916666666666666,1.0,1,57,72,806
P55196,all,1,0.1864035087719298,1.410788381742739,1.8043478260869563,4,85,241,1824
P55197,all,1,0.2275280898876404,1.056521739130435,1.2556262230919766,9,27,230,1068
P55197,regional,1,0.1516853932584269,0.7043478260869566,0.8538405088062622,6,27,230,1068
P55198,all,2,0.444647758462946,2.229357798165138,1.2421052631578946,18,27,218,1093
P55198,regional,0,0.2717291857273559,1.3623853211009174,0.656140350877193,11,27,218,1093
P55209,all,0,0.0281329923273657,0.3548387096774194,0.4166666666666667,1,11,31,391
P55212,all,1,0.0068259385665529,0.0588235294117647,0.0833333333333333,1,2,34,293
P55265,all,2,0.3947797716150081,2.781609195402299,2.995865208752747,11,44,174,1226
P55265,regional,0,0.1794453507340946,1.264367816091954,1.5226221397649968,5,44,174,1226
P55268,all,0,0.0077864293659621,0.0732984293193717,0.0558239398819108,2,7,191,1798
P55285,all,0,0.0151898734177215,0.1025641025641025,0.1818181818181818,2,6,117,790
P55290,all,0,0.0140252454417952,0.1,0.1142857142857142,2,5,100,713
P55317,all,2,0.3029661016949153,1.6067415730337078,2.6162117452440032,11,13,89,472
P55317,regional,1,0.0826271186440678,0.4382022471910112,0.875,3,13,89,472
P55327,all,1,0.0982142857142857,0.5365853658536586,0.6470588235294118,1,22,41,224
P55735,all,0,0.0341614906832298,0.2244897959183673,0.25,1,11,49,322
P55795,all,0,0.0334075723830735,0.2586206896551724,0.2962962962962963,1,15,58,449
P55884,all,0,0.1216216216216216,1.1511627906976745,1.0,3,33,86,814
P55916,all,0,0.0096153846153846,0.0697674418604651,0.0833333333333333,1,3,43,312
P56199,all,0,0.005089058524173,0.0320855614973262,0.064516129032258,1,6,187,1179
P56270,all,0,0.050314465408805,0.4444444444444444,0.3999999999999999,2,12,54,477
P56385,all,0,0.0434782608695652,0.75,0.6666666666666666,1,3,4,69
P56524,all,1,0.1291512915129151,1.0218978102189782,0.976489028213166,4,35,137,1084
P56537,all,1,0.0489795918367346,0.3157894736842105,0.6428571428571429,1,12,38,245
P56545,all,2,0.0337078651685393,0.3571428571428571,1.5,3,5,42,445
P56715,all,0,0.0584415584415584,0.3387096774193548,0.3654341053772179,6,21,372,2156
P56715,regional,0,0.0292207792207792,0.1693548387096774,0.2523364485981308,3,21,372,2156
P57075,all,0,0.0166414523449319,0.1145833333333333,0.1702127659574468,1,11,96,661
P57103,all,0,0.0053937432578209,0.0434782608695652,0.08,1,5,115,927
P57740,all,4,0.2118918918918919,1.6610169491525424,3.151398601398601,7,28,118,925
P57740,regional,3,0.0908108108108108,0.711864406779661,2.25,3,28,118,925
P57764,all,0,0.018595041322314,0.1363636363636363,0.4545454545454545,1,9,66,484
P57768,all,0,0.0436046511627907,0.2542372881355932,0.2941176470588235,1,15,59,344
P58004,all,0,0.0083333333333333,0.0689655172413793,0.125,1,4,58,480
P58012,all,0,0.0186170212765957,0.2333333333333333,0.1818181818181818,1,7,30,376
P58107,all,1,0.0198506289308176,0.1714770797962648,0.202127659574468,1,101,589,5088
P58876,all,0,0.0238095238095238,0.1304347826086956,0.1176470588235294,3,1,23,126
P59923,all,0,0.0106692531522793,0.0748299319727891,0.3333333333333333,1,11,147,1031
P60201,all,0,0.0108303249097472,0.0789473684210526,0.0285714285714285,1,3,38,277
P60468,all,2,0.3125,1.3636363636363635,1.6666666666666667,2,15,22,96
P60484,all,1,0.0446650124069478,0.4186046511627907,0.3333333333333333,1,18,43,403
P60709,all,1,0.0746666666666666,0.5490196078431373,0.1875,1,28,51,375
P60842,all,0,0.0394088669950738,0.3333333333333333,0.2222222222222222,2,8,48,406
P60880,all,0,0.0194174757281553,0.2352941176470588,0.2,1,4,17,206
P60891,all,0,0.0377358490566037,0.3243243243243243,0.327485380116959,2,6,37,318
P61011,all,0,0.0317460317460317,0.3076923076923077,0.3333333333333333,2,8,52,504
P61019,all,0,0.0377358490566037,0.32,0.4545454545454545,1,8,25,212
P61160,all,0,0.0253807106598984,0.2702702702702703,0.4666666666666667,1,10,37,394
P61163,all,0,0.0079787234042553,0.0697674418604651,0.08,1,3,43,376
P61201,all,0,0.0067720090293453,0.0625,0.0952380952380952,1,3,48,443
P61221,all,0,0.023372287145242,0.2333333333333333,0.4285714285714285,1,14,60,599
P61604,all,1,0.0784313725490196,0.8888888888888888,1.0,1,8,9,102
P61764,all,0,0.0202020202020202,0.144578313253012,0.3,1,12,83,594
P61769,all,3,0.2016806722689075,1.3333333333333333,1.380952380952381,3,8,18,119
P61769,regional,3,0.2016806722689075,1.3333333333333333,1.380952380952381,3,8,18,119
P61812,all,0,0.002415458937198,0.0172413793103448,0.04,1,1,58,414
P61927,all,1,0.1237113402061855,0.631578947368421,0.4444444444444444,3,4,19,97
P61927,regional,1,0.1237113402061855,0.631578947368421,0.4444444444444444,3,4,19,97
P61964,all,0,0.0239520958083832,0.125,0.2019230769230769,2,4,64,334
P61978,all,1,0.0734341252699784,0.6071428571428571,0.6666666666666666,1,34,56,463
P62070,all,0,0.0147058823529411,0.1666666666666666,0.1111111111111111,1,3,18,204
P62072,all,0,0.0111111111111111,0.1111111111111111,0.0,1,1,9,90
P62249,all,1,0.0410958904109589,0.5454545454545454,0.6666666666666666,2,3,11,146
P62316,all,0,0.0508474576271186,0.4615384615384615,0.1666666666666666,1,6,13,118
P62495,all,0,0.0411899313501144,0.3673469387755102,0.5263157894736842,2,9,49,437
P62701,all,0,0.0380228136882129,0.3703703703703703,0.0909090909090909,1,10,27,263
P62736,all,0,0.0450928381962864,0.34,0.3333333333333333,1,17,50,377
P62750,all,1,0.0448717948717948,0.6363636363636364,1.0,1,7,11,156
P62807,all,0,0.0079365079365079,0.0454545454545454,0.0588235294117647,1,1,22,126
P62910,all,1,0.037037037037037,0.5,0.375,1,5,10,135
P62937,all,1,0.0727272727272727,0.631578947368421,0.6666666666666666,1,12,19,165
P63244,all,0,0.0757097791798107,0.3934426229508196,0.3793103448275862,1,24,61,317
P63261,all,3,0.288,2.117647058823529,2.769230769230769,4,27,51,375
P63261,regional,2,0.216,1.588235294117647,2.076923076923077,3,27,51,375
P67809,all,4,0.4320987654320987,5.0,4.9523809523809526,7,20,28,324
P67936,all,1,0.032258064516129,0.5714285714285714,0.6666666666666666,1,8,14,248
P68032,all,0,0.0954907161803713,0.72,0.7407407407407407,2,18,50,377
P68104,all,3,0.3463203463203463,3.076923076923077,2.8947368421052637,5,32,52,462
P68363,all,3,0.17960088691796,1.5576923076923077,2.3793103448275863,3,27,52,451
P68366,all,1,0.0446428571428571,0.4,0.6666666666666666,1,20,50,448
P68400,all,2,0.1662404092071611,1.7105263157894737,1.7272727272727273,5,13,38,391
P68400,regional,1,0.1329923273657289,1.368421052631579,0.7272727272727273,4,13,38,391
P68431,all,0,0.0220588235294117,0.2,0.0,3,1,15,136
P68871,all,1,0.2040816326530612,2.5,2.333333333333333,3,10,12,147
P69849,all,0,0.0081833060556464,0.0549450549450549,0.0232558139534883,2,5,182,1222
P78310,all,0,0.0520547945205479,0.3333333333333333,0.0714285714285714,1,19,57,365
P78316,all,0,0.0595099183197199,0.5543478260869565,0.3333333333333333,3,17,92,857
P78317,all,0,0.0263157894736842,0.1612903225806451,0.2,1,5,31,190
P78324,all,0,0.0317460317460317,0.1951219512195122,0.2687747035573122,2,8,82,504
P78330,all,1,0.0044444444444444,0.05,0.1428571428571428,1,1,20,225
P78332,all,0,0.0988423864648263,0.7928571428571428,0.7770897832817338,3,37,140,1123
P78337,all,0,0.0445859872611464,0.2641509433962264,0.0909090909090909,2,7,53,314
P78344,all,1,0.0705622932745314,0.6666666666666666,0.5256410256410257,2,32,96,907
P78347,all,2,0.2004008016032064,1.6260162601626016,1.7196969696969695,4,50,123,998
P78357,all,0,0.0065028901734104,0.0573248407643312,0.073170731707317,1,9,157,1384
P78362,all,2,0.1046511627906976,0.9113924050632912,1.2372076023391814,4,18,79,688
P78363,all,1,0.0057193136823581,0.0446735395189003,0.0348837209302325,1,13,291,2273
P78364,all,1,0.2091633466135458,1.213872832369942,1.2133333333333334,10,21,173,1004
P78364,regional,1,0.0627490039840637,0.3641618497109826,0.52,3,21,173,1004
P78406,all,0,0.0760869565217391,0.4827586206896552,0.4333333333333333,7,4,58,368
P78406,regional,0,0.0760869565217391,0.4827586206896552,0.4333333333333333,7,4,58,368
P78417,all,1,0.0414937759336099,0.3846153846153846,0.6666666666666666,1,10,26,241
P78524,all,2,0.080914687774846,0.4693877551020408,0.7428571428571429,2,46,196,1137
P78527,all,1,0.0591085271317829,0.4784313725490196,0.2649006622516556,2,122,510,4128
P78536,all,0,0.0546116504854368,0.4285714285714285,0.1440726035167328,3,15,105,824
P78559,all,1,0.1755262219051016,1.1714285714285717,1.131578947368421,3,164,420,2803
P78559,regional,1,0.1755262219051016,1.1714285714285717,1.131578947368421,3,164,420,2803
P80188,all,2,0.0202020202020202,0.1818181818181818,0.2666666666666666,2,2,22,198
P80303,all,2,0.0642857142857142,0.8709677419354839,0.65,3,9,31,420
P80723,all,2,0.2643171806167401,2.4,2.5,3,20,25,227
P81877,all,1,0.038781163434903,0.2978723404255319,0.4333333333333333,2,7,47,361
P82650,all,0,0.0111111111111111,0.0909090909090909,0.1052631578947368,1,4,44,360
P82912,all,0,0.0103092783505154,0.0833333333333333,0.1,1,2,24,194
P82933,all,0,0.0101010101010101,0.0952380952380952,0.0769230769230769,1,4,42,396
P82970,all,1,0.0212765957446808,0.3529411764705882,1.0,1,6,17,282
P82979,all,3,0.4666666666666667,3.6296296296296298,3.431578947368421,7,14,27,210
P82979,regional,1,0.3333333333333333,2.592592592592593,2.631578947368421,5,14,27,210
P83436,all,0,0.009090909090909,0.0714285714285714,0.025,1,7,98,770
P83876,all,1,0.0211267605633802,0.2727272727272727,0.5,1,3,11,142
P84098,all,1,0.0663265306122449,0.7647058823529411,0.8,1,13,17,196
P85037,all,4,1.800818553888131,10.476190476190476,10.720814479638008,30,44,126,733
P85037,regional,2,0.7803547066848567,4.53968253968254,4.779638009049774,13,44,126,733
P86452,all,1,0.034729315628192,0.2125,0.25,2,17,160,979
P98082,all,5,0.6922077922077922,4.131782945736434,4.1832350718065,13,41,129,770
P98082,regional,3,0.2129870129870129,1.2713178294573644,1.1679062736205594,4,41,129,770
P98095,all,0,0.0101351351351351,0.0923076923076923,0.2727272727272727,3,4,130,1184
P98160,all,0,0.0093372808016397,0.0602941176470588,0.0441176470588235,1,41,680,4391
P98170,all,1,0.0402414486921529,0.2985074626865671,0.4,1,20,67,497
P98171,all,2,0.1427061310782241,1.115702479338843,1.8325281803542672,5,27,121,946
P98171,regional,2,0.1141649048625792,0.8925619834710744,1.8325281803542672,4,27,121,946
P98175,all,3,0.2408602150537634,1.5886524822695036,1.884126984126984,4,56,141,930
Q00059,all,0,0.040650406504065,0.3333333333333333,0.1,1,10,30,246
Q00535,all,1,0.1232876712328767,1.3846153846153846,1.0909090909090908,4,9,26,292
Q00535,regional,0,0.0924657534246575,1.0384615384615383,0.8181818181818182,3,9,26,292
Q00587,all,1,0.0869565217391304,0.5230769230769231,1.0,1,34,65,391
Q00610,all,0,0.048955223880597,0.5503355704697986,0.5254745254745254,2,41,149,1675
Q00653,all,1,0.0344444444444444,0.2743362831858407,0.5384615384615384,1,31,113,900
Q00722,all,0,0.0337552742616033,0.2985074626865671,0.2,2,20,134,1185
Q00839,all,4,0.2036363636363636,2.5074626865671643,2.7111111111111112,6,28,67,825
Q00839,regional,3,0.1357575757575757,1.671641791044776,1.6,4,28,67,825
Q01082,all,15,0.9027072758037225,7.962686567164179,9.130181381218506,22,97,268,2364
Q01082,regional,7,0.2872250423011844,2.533582089552239,4.117647058823529,7,97,268,2364
Q01105,all,0,0.0275862068965517,0.2857142857142857,0.0,1,8,28,290
Q01130,all,1,0.1266968325791855,0.509090909090909,0.5106382978723404,1,28,55,221
Q01167,all,5,0.4136363636363636,2.5514018691588785,1.9089430894308943,7,39,107,660
Q01167,regional,4,0.2363636363636363,1.4579439252336448,1.0520325203252032,4,39,107,660
Q01196,all,3,0.5474613686534217,2.7865168539325844,3.365322580645161,8,31,89,453
Q01196,regional,2,0.2052980132450331,1.0449438202247192,1.0403225806451613,3,31,89,453
Q01201,all,0,0.0189982728842832,0.1527777777777778,0.1,1,11,72,579
Q01484,all,0,0.0978013646702047,0.5337931034482759,0.4946571169302566,3,129,725,3957
Q01518,all,1,0.1094736842105263,0.7761194029850746,0.5160256410256411,2,26,67,475
Q01543,all,0,0.1061946902654867,0.64,0.12,3,16,75,452
Q01664,all,1,0.1863905325443787,1.4,1.811904761904762,7,9,45,338
Q01664,regional,0,0.1065088757396449,0.8,1.4285714285714286,4,9,45,338
Q01780,all,1,0.0225988700564971,0.2061855670103092,0.5,1,20,97,885
Q01804,all,0,0.1400359066427289,0.9397590361445785,0.956381564682925,4,39,166,1114
Q01826,all,0,0.0262123197903014,0.2105263157894736,0.1904761904761904,1,20,95,763
Q01831,all,0,0.0851063829787234,0.6722689075630253,0.5259259259259259,2,40,119,940
Q01844,all,1,0.1189024390243902,0.7572815533980582,0.9301383399209484,13,6,103,656
Q01860,all,2,0.25,2.1951219512195124,1.7095238095238097,5,18,41,360
Q01955,all,1,0.0077844311377245,0.0948905109489051,0.0987654320987654,1,13,137,1670
Q01968,all,0,0.0099889012208657,0.1,0.0571428571428571,1,9,90,901
Q01995,all,3,0.2238805970149253,2.5,3.0,3,15,18,201
Q02040,all,0,0.0489208633093525,0.425,0.7333333333333333,2,17,80,695
Q02078,all,0,0.0907297830374753,0.4554455445544554,0.5789473684210527,2,23,101,507
Q02086,all,1,0.097879282218597,0.5607476635514018,0.5538461538461539,4,15,107,613
Q02218,all,0,0.0136852394916911,0.1228070175438596,0.1081081081081081,1,14,114,1023
Q02224,all,1,0.0159200296186597,0.1279761904761904,0.0769230769230769,1,43,336,2701
Q02241,all,0,0.0458333333333333,0.3636363636363636,0.4193548387096774,1,44,121,960
Q02297,all,0,0.028125,0.1363636363636363,0.0,2,9,132,640
Q02388,all,0,0.0054347826086956,0.0536912751677852,0.1304347826086956,1,16,298,2944
Q02413,all,0,0.0285986653956148,0.1714285714285714,0.2696443341604632,2,15,175,1049
Q02446,all,0,0.0573979591836734,0.2710843373493976,0.2019230769230769,3,15,166,784
Q02447,all,0,0.0896286811779769,0.4861111111111111,0.450965250965251,7,10,144,781
Q02505,all,3,0.0631959073126692,0.1274271844660194,0.1848713946936376,21,10,1648,3323
Q02505,regional,2,0.0571772494733674,0.1152912621359223,0.168169933315767,19,10,1648,3323
Q02543,all,0,0.0511363636363636,0.4285714285714285,0.5,1,9,21,176
Q02790,all,2,0.1503267973856209,1.5,1.908496732026144,3,23,46,459
Q02809,all,0,0.0137551581843191,0.1470588235294117,0.1514285714285714,2,5,68,727
Q02818,all,3,0.1626898047722342,2.272727272727273,1.976190476190476,5,15,33,461
Q02818,regional,2,0.1301518438177874,1.818181818181818,1.6428571428571428,4,15,33,461
Q02846,all,0,0.0027198549410698,0.0256410256410256,0.0,1,3,117,1103
Q02880,all,1,0.1217712177121771,0.9753694581280788,0.2727272727272727,3,66,203,1626
Q02962,all,0,0.0047961630695443,0.0294117647058823,0.0,2,1,68,417
Q02978,all,2,0.0700636942675159,0.5,0.303030303030303,2,11,44,314
Q03001,all,2,0.0961690885072655,0.6939942802669209,0.4562020562116052,8,91,1049,7570
Q03111,all,0,0.0697674418604651,0.3513513513513513,0.3902439024390244,1,39,111,559
Q03164,all,6,1.124212648022172,5.612578616352201,5.600262895987081,23,194,795,3969
Q03164,regional,0,0.4887881078357269,2.440251572327044,2.2422736747225507,10,194,795,3969
Q03188,all,0,0.144220572640509,0.7640449438202247,0.7436554729556524,2,68,178,943
Q03252,all,1,0.1887096774193548,1.481012658227848,1.53781512605042,3,39,79,620
Q03405,all,0,0.0029850746268656,0.0192307692307692,0.0,1,1,52,335
Q03518,all,0,0.0053475935828877,0.0388349514563106,0.0,1,4,103,748
Q04206,all,1,0.4083484573502722,3.2142857142857144,1.9134615384615383,9,25,70,551
Q04637,all,3,0.5703564727954972,4.4487804878048784,5.240545617904108,16,57,205,1599
Q04637,regional,0,0.24953095684803,1.946341463414634,2.143673936126766,7,57,205,1599
Q04656,all,0,0.028,0.1810344827586207,0.1739130434782608,1,42,232,1500
Q04695,all,2,0.2314814814814814,1.5873015873015872,1.3398692810457518,4,25,63,432
Q04721,all,0,0.0793201133144475,0.620253164556962,0.075268817204301,7,28,316,2471
Q04724,all,2,0.0415584415584415,0.2689075630252101,0.7441860465116279,2,16,119,770
Q04725,all,0,0.0161507402422611,0.0952380952380952,0.0,1,12,126,743
Q04726,all,7,0.5841968911917098,3.4166666666666665,5.773538244126479,11,41,132,772
Q04726,regional,4,0.2655440414507772,1.553030303030303,3.888888888888889,5,41,132,772
Q04727,all,7,0.3725743855109961,2.3225806451612905,5.44949494949495,12,24,124,773
Q04727,regional,1,0.1241914618369987,0.7741935483870968,2.090909090909091,4,24,124,773
Q04837,all,0,0.0337837837837837,0.25,0.2631578947368421,1,5,20,148
Q04864,all,0,0.0533117932148626,0.3402061855670103,0.3472022955523673,3,11,97,619
Q05086,all,0,0.0148571428571428,0.1397849462365591,0.12,1,13,93,875
Q05193,all,0,0.0254629629629629,0.2222222222222222,0.2105263157894736,1,22,99,864
Q05209,all,2,0.4076923076923077,2.523809523809524,2.77834008097166,6,53,126,780
Q05209,regional,1,0.2717948717948718,1.6825396825396826,2.041497975708502,4,53,126,780
Q05519,all,5,0.4958677685950413,2.608695652173913,3.0958385876418664,5,48,92,484
Q05586,all,0,0.0074626865671641,0.0551181102362204,0.3636363636363636,1,7,127,938
Q05639,all,0,0.0863930885529157,0.7272727272727273,0.7324414715719063,2,20,55,463
Q05682,all,2,0.1853720050441362,1.7926829268292683,1.7393162393162394,3,49,82,793
Q05823,all,0,0.0053981106612685,0.054054054054054,0.0714285714285714,1,4,74,741
Q06330,all,0,0.032,0.2105263157894736,0.0,2,8,76,500
Q06413,all,1,0.1268498942917547,0.6122448979591837,0.1739130434782608,3,20,98,473
Q06416,all,0,0.0027855153203342,0.0263157894736842,0.0,1,1,38,359
Q06546,all,0,0.0352422907488986,0.2909090909090909,0.1466666666666666,4,4,55,454
Q06547,all,0,0.0050632911392405,0.0333333333333333,0.0476190476190476,1,2,60,395
Q06830,all,1,0.0703517587939698,0.6363636363636364,0.5,1,14,22,199
Q07020,all,3,0.2393617021276596,1.9565217391304348,3.0,3,15,23,188
Q07020,regional,3,0.2393617021276596,1.9565217391304348,3.0,3,15,23,188
Q07021,all,1,0.0390070921985815,0.3055555555555556,0.2142857142857142,1,11,36,282
Q07065,all,1,0.1345514950166113,0.9204545454545454,0.733739837398374,3,27,88,602
Q07157,all,9,0.7053775743707094,4.635338345864661,5.123809523809523,9,137,266,1748
Q07157,regional,3,0.2351258581235698,1.545112781954887,1.6,3,137,266,1748
Q07617,all,0,0.0183585313174946,0.1752577319587628,0.16,1,17,97,926
Q07666,all,8,0.6704288939051919,6.319148936170213,6.268716577540107,11,27,47,443
Q07666,regional,5,0.3047404063205418,2.872340425531915,3.636363636363636,5,27,47,443
Q07889,all,1,0.0277569392348087,0.2189349112426035,0.5,1,37,169,1333
Q07890,all,0,0.03003003003003,0.2547770700636942,0.3702090592334495,2,20,157,1332
Q07912,all,1,0.1493256262042389,1.3362068965517242,1.744186046511628,5,31,116,1038
Q07912,regional,1,0.1493256262042389,1.3362068965517242,1.744186046511628,5,31,116,1038
Q07954,all,1,0.0171654929577464,0.1373239436619718,0.0666666666666666,3,26,568,4544
Q08117,all,0,0.0507614213197969,0.3846153846153846,0.4615384615384615,2,5,26,197
Q08170,all,0,0.1052631578947368,0.4094488188976378,0.3893805309734513,1,52,127,494
Q08209,all,0,0.0383877159309021,0.3174603174603174,0.3333333333333333,2,10,63,521
Q08211,all,0,0.0614173228346456,0.5777777777777777,0.583739837398374,2,39,135,1270
Q08378,all,1,0.0901201602136181,0.6716417910447762,0.7295110328232389,3,45,201,1498
Q08379,all,0,0.0209580838323353,0.1962616822429906,0.1470588235294117,1,21,107,1002
Q08380,all,0,0.0307692307692307,0.2,0.1451612903225806,2,9,90,585
Q08431,all,0,0.0103359173126615,0.0851063829787234,0.2307692307692307,1,4,47,387
Q08495,all,3,0.3259259259259259,1.8333333333333333,1.758823529411765,3,44,72,405
Q08945,all,1,0.0493653032440056,0.3365384615384615,0.3478260869565217,1,35,104,709
Q08999,all,0,0.0482879719051799,0.3333333333333333,0.2682926829268293,1,55,165,1139
Q08AD1,all,0,0.0537273337810611,0.3463203463203463,0.4285714285714285,1,80,231,1489
Q08AE8,all,0,0.0357142857142857,0.2389380530973451,0.1923076923076923,1,27,113,756
Q08AF3,all,0,0.0022446689113355,0.0202020202020202,0.04,1,2,99,891
Q09028,all,0,0.0258823529411764,0.180327868852459,0.2916666666666667,1,11,61,425
Q09472,all,2,0.1246893123446561,0.9465408805031448,1.2622950819672132,7,43,318,2414
Q09666,all,89,5.671986417657046,78.23887587822014,78.55850964238907,96,348,427,5890
Q09666,regional,6,0.3544991511035654,4.889929742388759,4.898520876240404,6,348,427,5890
Q0JRZ9,all,3,0.1432098765432098,0.7733333333333333,1.3592549923195083,4,29,150,810
Q0P6H9,all,0,0.0015552099533437,0.0113636363636363,0.0131578947368421,1,1,88,643
Q0VDD8,all,0,0.0125463358996293,0.0903490759753593,0.0355029585798816,2,22,487,3507
Q0VF49,all,0,0.0025423728813559,0.0208333333333333,0.0,1,3,144,1180
Q0VG06,all,0,0.003405221339387,0.024793388429752,0.0,1,3,121,881
Q10469,all,0,0.0111856823266219,0.108695652173913,0.25,1,5,46,447
Q10471,all,1,0.0350262697022767,0.3846153846153846,0.0769230769230769,4,5,52,571
Q10472,all,0,0.0017889087656529,0.0172413793103448,0.0344827586206896,1,1,58,559
Q10570,all,0,0.011088011088011,0.0888888888888888,0.0632911392405063,1,16,180,1443
Q10589,all,0,0.0222222222222222,0.2,0.0,2,2,20,180
Q10713,all,0,0.0114285714285714,0.0857142857142857,0.0,3,2,70,525
Q11206,all,0,0.012012012012012,0.1111111111111111,0.1333333333333333,1,4,36,333
Q12768,all,0,0.0155306298533218,0.140625,0.1022727272727272,3,6,128,1159
Q12772,all,0,0.0552147239263803,0.328125,0.5938697318007663,3,21,192,1141
Q12778,all,1,0.2519083969465648,1.2595419847328244,1.094805194805195,5,33,131,655
Q12778,regional,1,0.1511450381679389,0.7557251908396947,0.4090909090909091,3,33,131,655
Q12789,all,0,0.0839260312944523,0.6531365313653137,0.3718843469591226,3,59,271,2109
Q12791,all,0,0.0186084142394822,0.1223404255319148,0.0227272727272727,1,23,188,1236
Q12797,all,0,0.0554089709762532,0.5,0.1153846153846153,2,21,84,758
Q12815,all,3,0.2763496143958869,1.7338709677419355,2.131578947368421,5,43,124,778
Q12829,all,0,0.014388489208633,0.1,0.0909090909090909,1,4,40,278
Q12830,all,21,3.0466185160866712,16.72072072072072,17.15880404425296,80,116,555,3046
Q12830,regional,20,2.741956664478004,15.04864864864865,15.62610145272684,72,116,555,3046
Q12841,all,0,0.0129870129870129,0.1111111111111111,0.0,1,4,36,308
Q12857,all,13,1.856581532416503,9.84375,13.884615384615383,27,35,96,509
Q12857,regional,12,1.787819253438114,9.479166666666666,13.365384615384617,26,35,96,509
Q12860,all,0,0.0049115913555992,0.037593984962406,0.0588235294117647,1,5,133,1018
Q12872,all,0,0.0420609884332281,0.261437908496732,0.2058823529411764,1,40,153,951
Q12882,all,1,0.0741463414634146,0.5507246376811594,0.6333333333333333,4,19,138,1025
Q12888,all,6,0.6815415821501014,3.6226415094339615,4.022710972985895,6,224,371,1972
Q12888,regional,3,0.3407707910750507,1.8113207547169807,2.056179775280899,3,224,371,1972
Q12901,all,0,0.0223048327137546,0.1764705882352941,0.2222222222222222,2,6,68,538
Q12904,all,0,0.0192307692307692,0.1875,0.375,1,6,32,312
Q12906,all,3,0.1879194630872483,1.5,1.4727272727272729,3,56,112,894
Q12931,all,0,0.0369318181818181,0.2988505747126437,0.2142857142857142,2,13,87,704
Q12934,all,0,0.0135338345864661,0.1125,0.1212121212121212,1,9,80,665
Q12948,all,2,0.162748643761302,1.0344827586206895,0.9683257918552036,6,15,87,553
Q12948,regional,1,0.081374321880651,0.5172413793103449,0.3529411764705882,3,15,87,553
Q12955,all,3,0.6634681288553804,3.5763546798029555,3.298075862622131,24,121,812,4377
Q12955,regional,0,0.1105780214758967,0.5960591133004927,0.5423728813559322,4,121,812,4377
Q12962,all,0,0.0229357798165137,0.1428571428571428,0.3,1,5,35,218
Q12967,all,1,0.0109409190371991,0.0684931506849315,0.1875,1,10,146,914
Q12968,all,1,0.0855813953488372,0.4339622641509434,0.3050847457627119,2,46,212,1075
Q13011,all,0,0.0426829268292682,0.3181818181818182,0.375,1,14,44,328
Q13029,all,0,0.0512223515715948,0.2894736842105263,0.3339229559748428,2,44,304,1718
Q13043,all,0,0.0574948665297741,0.5,0.2666666666666666,1,28,56,487
Q13133,all,0,0.0111856823266219,0.1,0.0,1,5,50,447
Q13148,all,0,0.1642512077294686,1.2142857142857142,0.55,2,34,56,414
Q13151,all,2,0.1114754098360655,0.918918918918919,1.3333333333333333,2,17,37,305
Q13206,all,2,0.0994285714285714,0.9456521739130436,1.4047619047619049,3,29,92,875
Q13207,all,0,0.0674157303370786,0.5517241379310345,0.0833333333333333,2,24,87,712
Q13227,all,0,0.0061162079510703,0.0512820512820512,0.0625,2,1,39,327
Q13233,all,0,0.1216931216931216,0.6996197718631179,0.841248303934871,4,46,263,1512
Q13243,all,2,0.2095588235294117,1.0555555555555556,0.825,3,19,54,272
Q13243,regional,2,0.2095588235294117,1.0555555555555556,0.825,3,19,54,272
Q13247,all,3,0.3226744186046512,1.3703703703703705,1.1612903225806452,3,37,81,344
Q13263,all,2,0.141317365269461,1.0085470085470083,1.4657738095238095,2,59,117,835
Q13283,all,3,0.2446351931330472,2.7804878048780486,3.217482517482517,6,19,41,466
Q13287,all,0,0.0260586319218241,0.2105263157894736,0.125,1,8,38,307
Q13303,all,2,0.0708446866485013,0.52,1.75,2,13,50,367
Q13309,all,0,0.0235849056603773,0.1470588235294117,0.5,1,10,68,424
Q13310,all,2,0.170807453416149,1.6923076923076923,2.1307692307692307,5,22,65,644
Q13315,all,1,0.1020942408376963,0.7959183673469388,0.8500999000999001,6,52,392,3056
Q13319,all,0,0.0163487738419618,0.15,0.2666666666666666,2,3,40,367
Q13322,all,0,0.0218855218855218,0.1625,0.074074074074074,1,13,80,594
Q13325,all,1,0.0145228215767634,0.1458333333333333,0.08,1,7,48,482
Q13330,all,0,0.0895104895104895,0.7111111111111111,0.3333333333333333,4,16,90,715
Q13330,regional,0,0.0671328671328671,0.5333333333333333,0.0,3,16,90,715
Q13370,all,1,0.0701438848920863,0.527027027027027,0.7538314176245211,2,39,148,1112
Q13416,all,2,0.1351819757365684,0.896551724137931,0.9215686274509804,3,26,87,577
Q13422,all,2,0.1387283236994219,0.935064935064935,1.1136363636363638,2,36,77,519
Q13425,all,1,0.0425925925925925,0.3194444444444444,0.0909090909090909,1,23,72,540
Q13427,all,0,0.2824933687002652,1.5434782608695652,1.332512315270936,3,71,138,754
Q13428,all,5,1.0524193548387095,5.185430463576159,5.4,9,174,302,1488
Q13438,all,0,0.0089955022488755,0.0967741935483871,0.2,1,6,62,667
Q13443,all,1,0.1037851037851037,0.9659090909090908,0.8961038961038961,5,17,88,819
Q13443,regional,0,0.0622710622710622,0.5795454545454546,0.1363636363636363,3,17,88,819
Q13449,all,0,0.0029585798816568,0.0181818181818181,0.0,1,1,55,338
Q13459,all,0,0.0315252665739453,0.2556390977443609,0.125,1,68,266,2157
Q13469,all,0,0.1589189189189189,1.05,0.873015873015873,3,49,140,925
Q13474,all,0,0.0334378265412748,0.2318840579710145,0.4285714285714285,4,8,138,957
Q13474,regional,0,0.0250783699059561,0.1739130434782608,0.4285714285714285,3,8,138,957
Q13477,all,0,0.0366492146596858,0.208955223880597,0.2222222222222222,2,7,67,382
Q13480,all,1,0.1123919308357348,0.5777777777777777,0.601364522417154,2,39,135,694
Q13485,all,0,0.1177536231884057,0.8441558441558441,0.890909090909091,5,13,77,552
Q13485,regional,0,0.0706521739130434,0.5064935064935064,0.4909090909090909,3,13,77,552
Q13490,all,0,0.0258899676375404,0.1684210526315789,0.1463414634146341,2,8,95,618
Q13492,all,6,1.1595092024539877,6.24793388429752,6.112554112554113,27,28,121,652
Q13492,regional,4,0.6441717791411042,3.471074380165289,3.3212121212121213,15,28,121,652
Q13495,all,1,0.0930232558139534,0.4585987261146497,0.4304803178042614,12,6,157,774
Q13495,regional,0,0.0232558139534883,0.1146496815286624,0.0,3,6,157,774
Q13501,all,0,0.1068181818181818,0.746031746031746,0.5714285714285714,1,47,63,440
Q13506,all,0,0.0677618069815195,0.4852941176470588,0.4458204334365325,3,11,68,487
Q13509,all,1,0.0444444444444444,0.3389830508474576,0.5,1,20,59,450
Q13530,all,0,0.0211416490486257,0.1176470588235294,0.0317460317460317,1,10,85,473
Q13535,all,0,0.0173978819969742,0.1389728096676737,0.0925925925925925,2,23,331,2644
Q13541,all,2,0.6101694915254238,2.6666666666666665,2.7142857142857144,3,24,27,118
Q13546,all,3,0.2682563338301043,2.0930232558139537,2.2796992481203007,6,30,86,671
Q13547,all,0,0.0684647302904564,0.7021276595744681,0.1428571428571428,3,11,47,482
Q13554,all,1,0.2252252252252252,1.6483516483516485,0.4761904761904761,5,30,91,666
Q13554,regional,1,0.2252252252252252,1.6483516483516485,0.4761904761904761,5,30,91,666
Q13563,all,0,0.0475206611570247,0.3739837398373983,0.25,2,23,123,968
Q13573,all,1,0.0783582089552238,0.9130434782608696,0.9464285714285714,2,21,46,536
Q13576,all,3,0.099047619047619,0.912280701754386,0.8874296435272044,4,39,171,1575
Q13576,regional,3,0.0742857142857142,0.6842105263157895,0.6951219512195121,3,39,171,1575
Q13586,all,2,0.1927007299270073,1.3894736842105264,1.5366568914956011,4,33,95,685
Q13613,all,2,0.0766917293233082,0.5795454545454546,1.4666666666666666,3,17,88,665
Q13620,all,4,0.1642935377875136,1.1278195488721805,2.976744186046512,5,30,133,913
Q13620,regional,4,0.1642935377875136,1.1278195488721805,2.976744186046512,5,30,133,913
Q13625,all,0,0.1861702127659574,1.532846715328467,1.7885179750550255,6,35,137,1128
Q13627,all,0,0.0222804718217562,0.1349206349206349,0.25,1,17,126,763
Q13635,all,0,0.0048375950241879,0.0372340425531914,0.0348837209302325,1,7,188,1447
Q13642,all,0,0.0123839009287925,0.1142857142857142,0.15,1,4,35,323
Q13643,all,0,0.0142857142857142,0.1081081081081081,0.1081081081081081,1,4,37,280
Q13698,all,0,0.0138814735718099,0.1280788177339901,0.1538461538461538,2,13,203,1873
Q13724,all,1,0.017921146953405,0.1685393258426966,0.1739130434782608,1,15,89,837
Q13751,all,0,0.0042662116040955,0.037037037037037,0.0606060606060606,1,5,135,1172
Q13761,all,2,0.0963855421686747,0.4761904761904761,0.6956521739130435,2,20,84,415
Q13769,all,1,0.0951683748169839,0.8552631578947368,0.9666666666666666,5,13,76,683
Q13772,all,1,0.0293159609120521,0.2093023255813953,0.2068965517241379,1,18,86,614
Q13823,all,0,0.0492476060191518,0.4090909090909091,0.6,2,18,88,731
Q13873,all,1,0.0202312138728323,0.1166666666666666,0.1304347826086956,1,21,180,1038
Q13887,all,1,0.0656455142231947,0.4285714285714285,0.4444444444444444,3,10,70,457
Q13950,all,1,0.1765834932821497,0.8141592920353983,0.9285714285714286,4,23,113,521
Q13951,all,1,0.0164835164835164,0.1875,0.3333333333333333,1,3,16,182
Q13952,all,1,0.0131004366812227,0.081081081081081,0.2,6,1,74,458
Q13952,regional,1,0.0065502183406113,0.0405405405405405,0.2,3,1,74,458
Q13976,all,0,0.0178837555886736,0.1558441558441558,0.15,1,12,77,671
Q14004,all,1,0.6150793650793651,3.549618320610687,4.305555555555555,10,93,262,1512
Q14004,regional,0,0.369047619047619,2.1297709923664123,2.833333333333333,6,93,262,1512
Q14008,all,1,0.0575787401574803,0.4834710743801653,0.7924528301886793,3,39,242,2032
Q14031,all,0,0.0094618568894145,0.1059602649006622,0.1702127659574468,2,8,151,1691
Q14106,all,0,0.0203488372093023,0.1320754716981132,0.0588235294117647,1,7,53,344
Q14108,all,0,0.0125523012552301,0.0983606557377049,0.2307692307692307,1,6,61,478
Q14114,all,0,0.0166147455867082,0.1311475409836065,0.1943262411347517,4,4,122,963
Q14118,all,1,0.0759776536312849,0.4533333333333333,0.6857142857142857,4,17,150,895
Q14119,all,0,0.2303262955854126,1.0344827586206895,0.6011904761904762,24,5,116,521
Q14119,regional,0,0.1631477927063339,0.7327586206896551,0.5119047619047619,17,5,116,521
Q14126,all,1,0.0876565295169946,0.5414364640883977,0.6417021276595745,2,49,181,1118
Q14134,all,2,0.2517006802721088,1.7011494252873562,1.3333333333333333,4,37,87,588
Q14137,all,1,0.0187667560321715,0.160919540229885,0.1428571428571428,1,14,87,746
Q14139,all,0,0.0046904315196998,0.0427350427350427,0.0909090909090909,1,5,117,1066
Q14145,all,1,0.1762820512820513,1.5492957746478873,1.4802631578947367,10,11,71,624
Q14145,regional,0,0.0528846153846153,0.4647887323943662,0.5263157894736842,3,11,71,624
Q14149,all,1,0.0266240681576144,0.1937984496124031,0.0689655172413793,1,25,129,939
Q14151,all,0,0.0440713536201469,0.3716814159292035,0.4,1,42,113,953
Q14152,all,0,0.1338639652677279,1.7289719626168225,1.681159420289855,5,37,107,1382
Q14154,all,0,0.0135922330097087,0.0843373493975903,0.1428571428571428,1,7,83,515
Q14155,all,0,0.0797011207970112,0.4295302013422818,0.3290322580645161,2,32,149,803
Q14157,all,24,5.943882244710212,22.830388692579504,22.753014416775883,91,71,283,1087
Q14157,regional,21,4.180312787488501,16.0565371024735,16.2651376146789,64,71,283,1087
Q14160,all,3,0.143202416918429,1.3021978021978022,1.5367521367521366,3,79,182,1655
Q14161,all,2,0.3359683794466403,1.9465648854961832,2.5,5,51,131,759
Q14161,regional,1,0.2687747035573122,1.5572519083969465,2.0,4,51,131,759
Q14184,all,0,0.0097087378640776,0.0851063829787234,0.1666666666666666,1,4,47,412
Q14185,all,0,0.0353887399463807,0.308411214953271,0.1509433962264151,2,33,214,1865
Q14194,all,0,0.0279720279720279,0.2191780821917808,0.1081081081081081,1,16,73,572
Q14201,all,0,0.0158730158730158,0.1666666666666666,0.2,1,4,24,252
Q14202,all,0,0.0306569343065693,0.2068965517241379,0.125,1,42,203,1370
Q14203,all,0,0.0258215962441314,0.1987951807228915,0.074074074074074,1,33,166,1278
Q14204,all,1,0.0370210934136891,0.3365949119373776,0.3127962085308057,2,86,511,4646
Q14207,all,0,0.1009110021023125,0.4736842105263157,0.3992551253911175,4,36,304,1427
Q14209,all,1,0.011441647597254,0.0757575757575757,0.0625,1,5,66,437
Q14232,all,0,0.0098360655737704,0.081081081081081,0.0967741935483871,1,3,37,305
Q14244,all,1,0.0614152202937249,0.4380952380952381,0.6,1,46,105,749
Q14247,all,9,0.96,8.380952380952381,7.848901098901099,11,48,63,550
Q14247,regional,5,0.5236363636363637,4.571428571428571,4.565934065934066,6,48,63,550
Q14432,all,0,0.0420683610867659,0.2774566473988439,0.4888888888888889,1,48,173,1141
Q14444,all,2,0.7108603667136812,4.8,4.382168458781362,18,28,105,709
Q14444,regional,0,0.3554301833568406,2.4,2.443548387096774,9,28,105,709
Q14469,all,1,0.0714285714285714,0.4651162790697674,0.3076923076923077,2,10,43,280
Q14511,all,1,0.0311750599520383,0.2321428571428571,0.3170731707317073,1,26,112,834
Q14517,all,0,0.0326939843068875,0.2074688796680498,0.4148257474766711,3,50,723,4588
Q14524,all,0,0.025297619047619,0.1847826086956521,0.3,1,51,276,2016
Q14563,all,0,0.0038910505836575,0.0329670329670329,0.0344827586206896,1,3,91,771
Q14573,all,0,0.0116061400224634,0.0993589743589743,0.05,1,31,312,2671
Q14584,all,0,0.0109289617486338,0.0618556701030927,0.0408163265306122,2,3,97,549
Q14592,all,1,0.0142348754448398,0.1052631578947368,0.2272727272727272,1,8,76,562
Q14651,all,0,0.0143084260731319,0.1267605633802817,0.0833333333333333,1,9,71,629
Q14657,all,1,0.0069930069930069,0.0714285714285714,0.25,1,1,14,143
Q14671,all,8,0.4806070826306914,3.475609756097561,3.403774412991003,15,38,164,1186
Q14671,regional,7,0.3204047217537942,2.317073170731707,2.247311827956989,10,38,164,1186
Q14676,all,4,0.974150311153662,5.1002506265664165,5.464743589743589,11,185,399,2089
Q14676,regional,1,0.3542364767831498,1.8546365914786969,1.9871794871794872,4,185,399,2089
Q14677,all,2,0.224,1.1666666666666667,1.491511387163561,4,35,120,625
Q14677,regional,1,0.168,0.875,1.191511387163561,3,35,120,625
Q14678,all,1,0.0865384615384615,0.5131578947368421,0.4356521739130434,3,39,228,1352
Q14679,all,0,0.0133444537114261,0.0695652173913043,0.0597014925373134,1,16,230,1199
Q14680,all,1,0.0614439324116743,0.4938271604938271,0.5,1,40,81,651
Q14683,all,0,0.0802919708029197,0.99,1.065323565323565,3,33,100,1233
Q14684,all,6,0.5699208443271768,4.114285714285714,4.883636363636363,9,48,105,758
Q14684,regional,6,0.3799472295514511,2.742857142857143,3.247272727272727,6,48,105,758
Q14686,all,2,0.448376151236064,2.642857142857143,1.687793150588069,25,37,350,2063
Q14686,regional,0,0.2510906446921958,1.48,0.9219365026987532,14,37,350,2063
Q14687,all,1,0.3705834018077239,2.5919540229885056,1.8815873015873013,11,41,174,1217
Q14689,all,0,0.0241884150222788,0.1630901287553648,0.1333333333333333,2,19,233,1571
Q14692,all,0,0.0195007800312012,0.1893939393939394,0.4615384615384615,1,25,132,1282
Q14694,all,1,0.112781954887218,0.6923076923076923,0.9018567639257296,2,45,130,798
Q14697,all,0,0.0233050847457627,0.2037037037037037,0.1944444444444444,1,22,108,944
Q14699,all,1,0.0259515570934256,0.1851851851851851,0.4444444444444444,1,15,81,578
Q14738,all,0,0.0332225913621262,0.3125,0.4615384615384615,1,20,64,602
Q14746,all,0,0.008130081300813,0.0588235294117647,0.0652173913043478,1,6,102,738
Q14781,all,1,0.0338345864661654,0.18,0.1666666666666666,1,18,100,532
Q14807,all,0,0.0300751879699248,0.2666666666666666,0.2272727272727272,1,20,75,665
Q14814,all,3,0.5738963531669866,3.359550561797753,3.952593917710197,13,23,89,521
Q14814,regional,2,0.4414587332053742,2.5842696629213484,3.1735241502683365,10,23,89,521
Q14847,all,4,0.3218390804597701,3.0,3.6,4,21,28,261
Q14865,all,0,0.0732323232323232,0.4887640449438202,0.6122448979591837,3,29,178,1188
Q14894,all,0,0.0031847133757961,0.0212765957446808,0.0434782608695652,1,1,47,314
Q14896,all,0,0.0188383045525902,0.16,0.1875,1,24,150,1274
Q14938,all,0,0.1155378486055776,0.6666666666666666,0.5925925925925926,2,29,87,502
Q14966,all,0,0.3867542972699697,2.3181818181818183,2.076363636363636,9,85,330,1978
Q14966,regional,0,0.2578361981799797,1.5454545454545454,1.4101818181818182,6,85,330,1978
Q14974,all,0,0.045662100456621,0.4347826086956521,0.6130952380952381,2,20,92,876
Q14978,all,1,0.1230329041487839,0.581081081081081,1.0,1,86,148,699
Q14980,all,9,1.0780141843971631,8.60377358490566,8.688212399221573,19,120,265,2115
Q14980,regional,4,0.4539007092198581,3.6226415094339615,4.460435779816514,8,120,265,2115
Q14993,all,0,0.0061295971978984,0.0843373493975903,0.125,1,7,83,1142
Q14995,all,0,0.0276338514680483,0.1797752808988764,0.0909090909090909,2,8,89,579
Q14997,all,0,0.0097666847531199,0.0821917808219178,0.0718954248366013,1,18,219,1843
Q14BN4,all,0,0.0169082125603864,0.128440366972477,0.125,1,14,109,828
Q14CM0,all,0,0.0242057488653555,0.1509433962264151,0.0833333333333333,2,16,212,1322
Q14CX7,all,0,0.0144032921810699,0.1196581196581196,0.2028985507246377,2,7,117,972
Q14CZ8,all,0,0.0576923076923076,0.3157894736842105,0.0,2,12,76,416
Q15006,all,0,0.0067340067340067,0.08,0.1428571428571428,1,2,25,297
Q15014,all,0,0.03125,0.2903225806451613,0.4210526315789473,1,9,31,288
Q15018,all,1,0.0481927710843373,0.2898550724637681,0.5862068965517241,1,20,69,415
Q15020,all,0,0.0176531671858774,0.1931818181818181,0.2142857142857142,1,17,88,963
Q15021,all,1,0.0813704496788008,0.6867469879518072,0.6,3,38,166,1401
Q15027,all,1,0.0405405405405405,0.3703703703703703,0.2361111111111111,2,15,81,740
Q15029,all,0,0.0277777777777777,0.2327586206896551,0.2272727272727272,1,27,116,972
Q15032,all,0,0.0673339399454049,0.4,0.4168475900998697,2,37,185,1099
Q15038,all,0,0.0238095238095238,0.2,0.0,2,2,20,168
Q15042,all,0,0.0764525993883792,0.6521739130434783,0.0,3,25,115,981
Q15042,regional,0,0.0764525993883792,0.6521739130434783,0.0,3,25,115,981
Q15048,all,0,0.0020283975659229,0.0172413793103448,0.027027027027027,1,1,58,493
Q15050,all,0,0.0191780821917808,0.2692307692307692,0.4285714285714285,1,7,26,365
Q15052,all,0,0.0373711340206185,0.2377049180327868,0.1351351351351351,1,29,122,776
Q15054,all,1,0.0901287553648068,0.56,0.6428571428571428,2,21,75,466
Q15056,all,2,0.2903225806451613,2.4827586206896552,2.4615384615384617,4,18,29,248
Q15058,all,3,0.2111650485436893,1.3488372093023255,1.5378787878787878,6,58,258,1648
Q15058,regional,1,0.1055825242718446,0.6744186046511628,0.7727272727272727,3,58,258,1648
Q15061,all,0,0.0339734121122599,0.2254901960784313,0.2941176470588235,1,23,102,677
Q15067,all,1,0.0272727272727272,0.2195121951219512,0.305296442687747,3,6,82,660
Q15075,all,0,0.0829199149539333,0.6964285714285714,0.7997787610619469,3,39,168,1411
Q15111,all,1,0.0410958904109589,0.3488372093023256,0.6153846153846154,3,15,129,1095
Q15120,all,0,0.0073891625615763,0.0666666666666666,0.0769230769230769,1,3,45,406
Q15125,all,0,0.017391304347826,0.1739130434782608,0.0,2,2,23,230
Q15149,all,8,0.4297608881298035,4.264830508474576,4.094400734315111,11,183,472,4684
Q15154,all,0,0.2727272727272727,1.6778115501519757,1.882019417475728,4,138,329,2024
Q15154,regional,0,0.2045454545454545,1.2583586626139818,1.416,3,138,329,2024
Q15155,all,0,0.0032733224222585,0.0219780219780219,0.0235294117647058,1,4,182,1222
Q15165,all,1,0.0028248587570621,0.0263157894736842,0.0454545454545454,1,1,38,354
Q15223,all,0,0.0212765957446808,0.1692307692307692,0.1666666666666666,1,11,65,517
Q15233,all,3,0.1210191082802547,1.6764705882352942,2.116883116883117,3,19,34,471
Q15256,all,0,0.0121765601217656,0.0975609756097561,0.2,1,8,82,657
Q15257,all,1,0.0167597765363128,0.1764705882352941,0.2666666666666666,2,3,34,358
Q15269,all,1,0.0348204570184983,0.2335766423357664,0.2962962962962963,2,16,137,919
Q15287,all,2,0.3475409836065574,1.2183908045977012,1.2345679012345678,2,53,87,305
Q15293,all,1,0.0725075528700906,0.9230769230769232,1.0,2,12,26,331
Q15306,all,0,0.0066518847006651,0.0666666666666666,0.0555555555555555,1,3,45,451
Q15334,all,0,0.0140977443609022,0.0980392156862745,0.1063829787234042,1,15,153,1064
Q15345,all,1,0.0320197044334975,0.2063492063492063,0.7272727272727273,2,13,126,812
Q15365,all,3,0.2528089887640449,1.5,1.6094276094276094,3,30,60,356
Q15386,all,0,0.0110803324099723,0.0875912408759124,0.0736842105263157,1,12,137,1083
Q15390,all,0,0.033033033033033,0.2558139534883721,0.2,1,11,43,333
Q15393,all,1,0.0139687756778964,0.1172413793103448,0.1212121212121212,1,17,145,1217
Q15397,all,2,0.0617283950617283,0.5333333333333333,0.7380952380952381,2,20,75,648
Q15398,all,0,0.1489361702127659,0.9767441860465116,0.723205964585275,2,63,129,846
Q15413,all,0,0.011088295687885,0.0964285714285714,0.0653055882737861,3,18,560,4870
Q15415,all,0,0.0060483870967741,0.0333333333333333,0.0425531914893617,1,3,90,496
Q15418,all,1,0.1469387755102041,1.2134831460674158,0.9841269841269842,4,27,89,735
Q15428,all,1,0.0172413793103448,0.2424242424242424,0.2105263157894736,2,4,33,464
Q15434,all,1,0.1179361179361179,0.6233766233766234,0.5121951219512195,3,16,77,407
Q15436,all,0,0.0705882352941176,0.5454545454545454,0.4713438735177865,6,9,99,765
Q15437,all,0,0.0521512385919165,0.4395604395604395,0.5,8,5,91,767
Q15437,regional,0,0.0195567144719687,0.1648351648351648,0.1875,3,5,91,767
Q15459,all,0,0.1071878940731399,1.1333333333333333,1.3063063063063065,5,17,75,793
Q15459,regional,0,0.0643127364438839,0.68,0.8198198198198199,3,17,75,793
Q15475,all,0,0.0070422535211267,0.05,0.1,1,2,40,284
Q15528,all,0,0.03,0.2222222222222222,0.3333333333333333,2,3,27,200
Q15532,all,0,0.0047846889952153,0.054054054054054,0.0666666666666666,2,1,37,418
Q15542,all,0,0.00625,0.045045045045045,0.0,1,5,111,800
Q15545,all,0,0.0573065902578796,0.4878048780487805,0.5454545454545454,2,10,41,349
Q15561,all,1,0.0460829493087557,0.3076923076923077,0.2009803921568627,4,5,65,434
Q15572,all,1,0.0414269275028768,0.3157894736842105,0.5416666666666666,3,12,114,869
Q15596,all,0,0.0239071038251366,0.1452282157676348,0.1228070175438596,1,35,241,1464
Q15637,all,1,0.2394366197183098,1.9615384615384612,1.7267080745341614,9,17,78,639
Q15637,regional,1,0.1596244131455399,1.3076923076923077,0.7346938775510204,6,17,78,639
Q15643,all,0,0.0262758969176351,0.2071713147410358,0.2344827586206896,1,52,251,1979
Q15645,all,0,0.0416666666666666,0.3103448275862069,0.2564102564102564,2,9,58,432
Q15648,all,10,1.2865275142314991,5.409574468085107,6.3122019635343625,18,113,376,1581
Q15648,regional,6,0.9291587602783048,3.906914893617021,4.564796633941094,13,113,376,1581
Q15652,all,7,1.5937007874015747,9.392111368909513,9.141045414501487,46,88,431,2540
Q15652,regional,5,0.7968503937007874,4.696055684454756,4.170345024237239,23,88,431,2540
Q15654,all,1,0.1071428571428571,1.0851063829787233,1.6363636363636365,3,17,47,476
Q15654,regional,1,0.1071428571428571,1.0851063829787233,1.6363636363636365,3,17,47,476
Q15672,all,0,0.0445544554455445,0.2647058823529412,0.3333333333333333,1,9,34,202
Q15691,all,4,0.1865671641791045,2.380952380952381,3.571428571428572,5,10,21,268
Q15691,regional,3,0.1492537313432835,1.9047619047619049,2.857142857142857,4,10,21,268
Q15696,all,0,0.0041493775933609,0.0333333333333333,0.0277777777777777,1,2,60,482
Q15714,all,0,0.0251630941286113,0.1144067796610169,0.1245516577727232,3,9,236,1073
Q15717,all,0,0.058282208588957,0.4318181818181818,0.4782608695652174,1,19,44,326
Q15723,all,6,1.0472175379426645,5.495575221238938,5.67936507936508,23,27,113,593
Q15723,regional,5,0.5463743676222597,2.8672566371681416,3.5507936507936506,12,27,113,593
Q15735,all,0,0.0198807157057654,0.1129943502824858,0.1359223300970873,1,20,177,1006
Q15742,all,0,0.0304761904761904,0.2461538461538461,0.15,1,16,65,525
Q15750,all,1,0.3035714285714285,1.9125,2.0474308300395254,9,17,80,504
Q15750,regional,0,0.2023809523809523,1.275,1.0909090909090908,6,17,80,504
Q15751,all,0,0.0419666735239662,0.2775510204081632,0.1117831939749748,3,68,735,4861
Q15788,all,0,0.1110340041637751,0.6177606177606177,0.6096929337772845,4,40,259,1441
Q15788,regional,0,0.0832755031228313,0.4633204633204633,0.4528301886792453,3,40,259,1441
Q15814,all,0,0.0202312138728323,0.1590909090909091,0.1111111111111111,1,7,44,346
Q15833,all,0,0.0151770657672849,0.1216216216216216,0.074074074074074,1,9,74,593
Q15904,all,0,0.0106382978723404,0.0694444444444444,0.0545454545454545,1,5,72,470
Q15907,all,1,0.036697247706422,0.2758620689655172,0.5714285714285714,1,8,29,218
Q15910,all,1,0.225201072386059,2.0,1.215151515151515,6,28,84,746
Q15911,all,0,0.1020793950850661,0.6461538461538462,0.4968904335101518,6,63,585,3703
Q15942,all,10,0.8671328671328671,7.630769230769231,9.853658536585366,16,31,65,572
Q15942,regional,4,0.4335664335664335,3.815384615384616,5.008130081300813,8,31,65,572
Q16143,all,0,0.0298507462686567,0.3076923076923077,0.0,2,2,13,134
Q16181,all,0,0.045766590389016,0.5,0.2857142857142857,2,10,40,437
Q16186,all,7,0.4594594594594595,2.5972222222222223,2.75,11,17,72,407
Q16186,regional,7,0.4594594594594595,2.5972222222222223,2.75,11,17,72,407
Q16204,all,7,0.620253164556962,3.8181818181818175,3.948717948717949,7,42,77,474
Q16204,regional,7,0.620253164556962,3.8181818181818175,3.948717948717949,7,42,77,474
Q16222,all,1,0.0057471264367816,0.0697674418604651,0.3333333333333333,1,3,43,522
Q16352,all,0,0.0801603206412825,0.5128205128205128,0.5505050505050505,4,10,78,499
Q16363,all,0,0.0060340098738343,0.0441767068273092,0.0581395348837209,1,11,249,1823
Q16512,all,1,0.0435244161358811,0.3333333333333333,0.3714285714285714,1,41,123,942
Q16514,all,2,0.0372670807453416,0.2727272727272727,0.4444444444444444,2,3,22,161
Q16531,all,0,0.0385964912280701,0.2838709677419355,0.285552536231884,2,22,155,1140
Q16543,all,1,0.0423280423280423,0.5333333333333333,0.8,1,16,30,378
Q16555,all,4,0.2622377622377622,1.829268292682927,3.621861471861472,6,25,82,572
Q16555,regional,3,0.1311188811188811,0.9146341463414634,2.380952380952381,3,25,82,572
Q16563,all,0,0.0231660231660231,0.1621621621621621,0.5,1,6,37,259
Q16566,all,1,0.0824524312896406,0.78,1.2857142857142856,3,13,50,473
Q16594,all,7,1.0833333333333333,5.39622641509434,6.022549019607843,13,22,53,264
Q16594,regional,4,0.5,2.490566037735849,3.176470588235294,6,22,53,264
Q16620,all,0,0.0121654501216545,0.0952380952380952,0.0857142857142857,1,10,105,822
Q16623,all,0,0.0243055555555555,0.1707317073170731,0.0909090909090909,1,7,41,288
Q16629,all,5,0.6722689075630253,3.076923076923077,3.5365853658536586,5,32,52,238
Q16643,all,2,0.1571648690292758,1.3076923076923077,1.3333333333333333,3,34,78,649
Q16650,all,0,0.0249266862170087,0.1531531531531531,0.3,1,17,111,682
Q16656,all,0,0.0159045725646123,0.0952380952380952,0.1739130434782608,1,8,84,503
Q16666,all,2,0.1121019108280254,0.6717557251908397,1.0833333333333333,2,44,131,785
Q16760,all,0,0.0222405271828665,0.1551724137931034,0.1,3,9,174,1214
Q16787,all,0,0.0063006300630063,0.0481651376146789,0.0748299319727891,1,21,436,3333
Q16799,all,0,0.0193298969072164,0.1209677419354838,0.1034482758620689,1,15,124,776
Q16822,all,1,0.0140625,0.1343283582089552,0.2,1,9,67,640
Q16875,all,1,0.0192307692307692,0.15625,0.1481481481481481,1,10,64,520
Q16880,all,0,0.011090573012939,0.1111111111111111,0.0816326530612244,2,3,54,541
Q17R98,all,0,0.0222016651248843,0.1176470588235294,0.180327868852459,1,24,204,1081
Q17RB8,all,1,0.0090556274256144,0.0921052631578947,0.2307692307692307,1,7,76,773
Q17RS7,all,0,0.0715859030837004,0.4779411764705882,0.5052677787532923,5,13,136,908
Q17RS7,regional,0,0.0572687224669603,0.3823529411764705,0.4157155399473222,4,13,136,908
Q18PE1,all,0,0.0198412698412698,0.1162790697674418,0.24,2,5,86,504
Q1KMD3,all,0,0.0562248995983935,0.7,0.2111111111111111,2,21,60,747
Q27J81,all,1,0.0408326661329063,0.3248407643312102,0.5254237288135594,1,51,157,1249
Q29980,all,0,0.02088772845953,0.1333333333333333,0.3333333333333333,1,8,60,383
Q29RF7,all,2,0.1166791323859386,1.054054054054054,0.6328205128205128,4,39,148,1337
Q2KHR2,all,0,0.0945205479452054,0.4677966101694915,0.3370967741935484,3,46,295,1460
Q2KHR3,all,5,1.4985590778097984,6.666666666666667,5.720736779560308,52,50,390,1735
Q2KHR3,regional,2,0.7204610951008645,3.2051282051282053,2.6225490196078427,25,50,390,1735
Q2LD37,all,0,0.0431568431568431,0.235038084874864,0.2594691535150645,2,108,919,5005
Q2M2I8,all,2,0.287200832466181,1.943661971830986,3.25,6,46,142,961
Q2M2I8,regional,1,0.1914672216441207,1.295774647887324,2.1666666666666665,4,46,142,961
Q2NL68,all,0,0.0625,0.3157894736842105,0.2594670406732118,3,10,95,480
Q2NL68,regional,0,0.0625,0.3157894736842105,0.2594670406732118,3,10,95,480
Q2PPJ7,all,0,0.0186865990389749,0.1282051282051282,0.0,1,35,273,1873
Q2T9K0,all,0,0.0294736842105263,0.1917808219178082,0.2857142857142857,2,7,73,475
Q2TAA8,all,0,0.0030395136778115,0.0294117647058823,0.064516129032258,1,2,68,658
Q2TAC2,all,0,0.0109289617486338,0.1063829787234042,0.1333333333333333,1,10,94,915
Q2TAL8,all,2,0.0773195876288659,0.5454545454545454,0.8063241106719368,6,10,110,776
Q2TAL8,regional,1,0.0386597938144329,0.2727272727272727,0.5454545454545454,3,10,110,776
Q2TB10,all,0,0.0466867469879518,0.2818181818181818,0.4186046511627907,1,31,110,664
Q2V2M9,all,0,0.0267229254571026,0.1853658536585365,0.1066666666666666,2,19,205,1422
Q2WGJ6,all,0,0.0137693631669535,0.1052631578947368,0.0344827586206896,2,4,76,581
Q2WGJ9,all,0,0.007539041464728,0.0663507109004739,0.0307692307692307,1,14,211,1857
Q2Y0W8,all,1,0.0247026532479414,0.2076923076923077,0.2991452991452991,3,9,130,1093
Q32M84,all,0,0.0098814229249011,0.078125,0.4444444444444444,1,5,64,506
Q32MZ4,all,0,0.0581683168316831,0.376,0.3291139240506329,1,47,125,808
Q32P28,all,0,0.0067934782608695,0.0625,0.0,1,5,80,736
Q32P44,all,0,0.0279017857142857,0.181159420289855,0.0,1,25,138,896
Q3KP66,all,0,0.0256410256410256,0.1770833333333333,0.217391304347826,1,17,96,663
Q3KQU3,all,1,0.2996432818073721,2.0,1.9079025549613784,3,84,126,841
Q3L8U1,all,1,0.0386606834656541,0.247787610619469,0.2671438797423049,2,56,452,2897
Q3MII6,all,0,0.0145348837209302,0.1204819277108433,0.2,1,10,83,688
Q3MIN7,all,0,0.0295774647887323,0.1981132075471698,0.375,1,21,106,710
Q3MJ13,all,0,0.0063520871143375,0.0429447852760736,0.0595238095238095,1,7,163,1102
Q3SXY7,all,0,0.0088365243004418,0.0405405405405405,0.0204081632653061,1,6,148,679
Q3SYG4,all,0,0.0112739571589627,0.0787401574803149,0.1052631578947368,2,5,127,887
Q3V6T2,all,1,0.0662747194013896,0.4350877192982456,0.5979381443298969,2,62,285,1871
Q3YBR2,all,2,0.0364963503649635,0.3,0.3333333333333333,3,5,50,411
Q3YEC7,all,0,0.0438957475994513,0.3516483516483517,0.4032258064516129,1,32,91,729
Q460N5,all,0,0.0099944475291504,0.08,0.108695652173913,1,18,225,1801
Q494V2,all,0,0.0229132569558101,0.1590909090909091,0.2,1,14,88,611
Q49AA0,all,0,0.0342205323193916,0.2278481012658227,0.2909090909090909,3,6,79,526
Q4AC94,all,0,0.0216744581385465,0.1202830188679245,0.0142857142857142,1,51,424,2353
Q4FZB7,all,1,0.0124293785310734,0.0763888888888889,0.0612244897959183,1,11,144,885
Q4G0P3,all,0,0.0148408513962116,0.112927191679049,0.1580210923433079,2,38,673,5121
Q4G176,all,0,0.0034722222222222,0.0277777777777777,0.0,1,2,72,576
Q4KMP7,all,0,0.2945544554455445,2.144144144144144,2.2422360248447206,7,34,111,808
Q4KMP7,regional,0,0.2524752475247525,1.837837837837838,1.8509316770186337,6,34,111,808
Q4KMQ1,all,0,0.0281293952180028,0.2272727272727272,0.4047619047619047,1,20,88,711
Q4KWH8,all,1,0.0779681039574719,0.4925373134328358,0.4158415841584158,3,44,268,1693
Q4L180,all,2,0.0687224669603524,0.4698795180722891,0.4888888888888889,3,26,166,1135
Q4LDE5,all,0,0.0224026883225987,0.1506591337099811,0.1238390092879257,5,16,531,3571
Q4LDE5,regional,0,0.0134416129935592,0.0903954802259887,0.0743034055727554,3,16,531,3571
Q4V328,all,0,0.0261593341260404,0.2391304347826087,0.2222222222222222,1,22,92,841
Q4V348,all,0,0.0024420024420024,0.016,0.032258064516129,1,2,125,819
Q4VCS5,all,0,0.0940959409594096,0.68,0.629399585921325,6,17,150,1084
Q4VX76,all,0,0.0245901639344262,0.1685393258426966,0.0333333333333333,1,15,89,610
Q4ZG55,all,0,0.0230887634684453,0.1557093425605536,0.0493827160493827,3,15,289,1949
Q52LR7,all,0,0.0346964064436183,0.2170542635658914,0.4102564102564102,2,14,129,807
Q52M93,all,0,0.0234070221066319,0.1512605042016806,0.1509433962264151,2,9,119,769
Q538Z0,all,0,0.0517241379310344,0.1875,0.0,1,3,16,58
Q53ET0,all,7,0.6233766233766234,3.0,3.0932713481771468,8,54,144,693
Q53ET0,regional,3,0.2337662337662337,1.125,1.0824565696109616,3,54,144,693
Q53GS9,all,0,0.0106194690265486,0.0895522388059701,0.0,1,6,67,565
Q53H47,all,0,0.0116959064327485,0.1126760563380281,0.2,2,4,71,684
Q58A45,all,0,0.0304396843291995,0.2045454545454545,0.3809523809523809,3,9,132,887
Q58FF7,all,0,0.0100502512562814,0.0869565217391304,0.0833333333333333,1,6,69,597
Q5BJF6,all,0,0.0253317249698431,0.2058823529411764,0.2093023255813953,1,21,102,829
Q5BJH7,all,1,0.1114649681528662,1.1666666666666667,2.5,5,7,30,314
Q5BJH7,regional,0,0.0891719745222929,0.9333333333333332,2.0,4,7,30,314
Q5BKT4,all,0,0.0063424947145877,0.0526315789473684,0.0526315789473684,1,3,57,473
Q5BKZ1,all,2,0.127147766323024,0.9866666666666668,1.3483870967741935,2,37,75,582
Q5C9Z4,all,0,0.0372093023255813,0.3076923076923077,0.343778801843318,2,16,104,860
Q5CZC0,all,0,0.0567540176632401,0.3280334728033472,0.3011473222793978,7,56,1195,6907
Q5DX21,all,1,0.0046403712296983,0.0246913580246913,0.0384615384615384,2,1,81,431
Q5EBL2,all,0,0.0037771482530689,0.0283687943262411,0.05,1,4,141,1059
Q5FWF5,all,0,0.1,0.5675675675675675,0.3714285714285714,4,21,148,840
Q5FWF6,all,0,0.0023529411764705,0.0208333333333333,0.0,1,1,48,425
Q5H9F3,all,6,0.4257703081232493,2.443729903536977,2.2269464348853703,19,40,311,1785
Q5H9F3,regional,2,0.1568627450980392,0.9003215434083601,0.6342308740204698,7,40,311,1785
Q5H9R4,all,0,0.0030567685589519,0.0196629213483146,0.0275862068965517,1,7,356,2290
Q5H9U9,all,0,0.0058616647127784,0.0520833333333333,0.040650406504065,1,10,192,1706
Q5HY92,all,0,0.0144927536231884,0.0738255033557047,0.1333333333333333,1,11,149,759
Q5HYK7,all,0,0.0481012658227848,0.3551401869158878,0.4792663476874003,2,19,107,790
Q5JPB2,all,0,0.0232558139534883,0.1413043478260869,0.1340582862113962,3,13,276,1677
Q5JPE7,all,0,0.0031570639305445,0.0211640211640211,0.0,1,4,189,1267
Q5JPF3,all,0,0.0202474690663667,0.127208480565371,0.1055145462440295,2,18,283,1778
Q5JR59,all,0,0.0409057706355003,0.247787610619469,0.1728395061728395,2,28,226,1369
Q5JRA6,all,1,0.0985841636077608,0.7673469387755102,0.9041720990873532,4,47,245,1907
Q5JRC9,all,0,0.0214917825537294,0.1428571428571428,0.1304347826086956,1,17,119,791
Q5JRX3,all,0,0.034715525554484,0.2553191489361702,0.6068376068376069,4,9,141,1037
Q5JS37,all,0,0.0028818443804034,0.0227272727272727,0.1,1,1,44,347
Q5JSL3,all,0,0.0197780993728895,0.150735294117647,0.0461538461538461,1,41,272,2073
Q5JSZ5,all,1,0.4199192462987887,2.7052023121387285,2.198171059709521,9,104,346,2229
Q5JSZ5,regional,1,0.3266038582323912,2.1040462427745665,1.648628294782141,7,104,346,2229
Q5JTH9,all,1,0.0555127216653816,0.4337349397590361,0.1875,2,36,166,1297
Q5JTV8,all,3,0.3293310463121784,1.864077669902913,1.7011494252873565,4,48,103,583
Q5JTW2,all,0,0.04644412191582,0.3168316831683168,0.2105263157894736,2,16,101,689
Q5JWR5,all,0,0.0162271805273833,0.101010101010101,0.1662660256410256,2,20,396,2465
Q5K651,all,0,0.0119572057898049,0.1016042780748663,0.0714285714285714,1,19,187,1589
Q5KSL6,all,0,0.010228166797797,0.0769230769230769,0.0307692307692307,1,13,169,1271
Q5M775,all,0,0.0646067415730337,0.3575129533678756,0.2307692307692307,1,69,193,1068
Q5MIZ7,all,0,0.0141342756183745,0.1016949152542373,0.2857142857142857,1,12,118,849
Q5MNV8,all,0,0.0110619469026548,0.0833333333333333,0.0943396226415094,1,5,60,452
Q5QJ38,all,1,0.0176991150442477,0.1095890410958904,0.0673076923076923,2,8,146,904
Q5QP82,all,0,0.0787119856887298,0.4150943396226415,0.6666666666666666,2,22,106,559
Q5S007,all,1,0.0348239018599129,0.292358803986711,0.1881720430107527,1,88,301,2527
Q5SQN1,all,0,0.021551724137931,0.136986301369863,0.3888888888888889,1,10,73,464
Q5SRE5,all,0,0.0228702115494568,0.1593625498007968,0.0886075949367088,2,20,251,1749
Q5SRN2,all,0,0.0142095914742451,0.0888888888888888,0.1388888888888889,1,8,90,563
Q5SSJ5,all,3,0.2965641952983725,1.9294117647058824,2.5098039215686274,4,41,85,553
Q5SVS4,all,0,0.0034364261168384,0.027027027027027,0.0,1,1,37,291
Q5SW79,all,3,0.8333333333333334,3.893805309734513,3.976437477914079,8,165,339,1584
Q5SW79,regional,0,0.3125,1.4601769911504423,1.4788732394366195,3,165,339,1584
Q5T0B9,all,0,0.3095238095238095,1.5662650602409638,2.0588235294117645,10,13,83,420
Q5T0B9,regional,0,0.2785714285714286,1.4096385542168677,2.0588235294117645,9,13,83,420
Q5T0F9,all,0,0.0139860139860139,0.1558441558441558,0.1111111111111111,1,12,77,858
Q5T0W9,all,1,0.0781404549950544,0.4340659340659341,0.5625,1,79,182,1011
Q5T160,all,0,0.0034602076124567,0.0294117647058823,0.0,1,2,68,578
Q5T1A1,all,0,0.0038809831824062,0.03125,0.0441176470588235,1,3,96,773
Q5T1M5,all,3,0.1304347826086956,0.8548387096774194,1.0572916666666663,3,53,186,1219
Q5T1N1,all,0,0.0095693779904306,0.0547945205479452,0.0701754385964912,1,8,146,836
Q5T1R4,all,1,0.4185369908561928,2.111111111111111,2.407425488180884,19,53,477,2406
Q5T200,all,2,0.3213429256594724,1.9280575539568343,1.7776923076923077,4,134,278,1668
Q5T2S8,all,0,0.0028735632183908,0.0252100840336134,0.0208333333333333,1,3,119,1044
Q5T3F8,all,0,0.0288461538461538,0.2352941176470588,0.0,3,8,102,832
Q5T3F8,regional,0,0.0288461538461538,0.2352941176470588,0.0,3,8,102,832
Q5T3J3,all,0,0.2340702210663199,1.139240506329114,0.8229715489989462,9,20,158,769
Q5T481,all,0,0.0456397718011409,0.3236994219653179,0.3977272727272727,2,28,173,1227
Q5T4S7,all,0,0.0818059039166505,0.5286783042394015,0.3653540602052647,4,106,802,5183
Q5T5D7,all,0,0.0132275132275132,0.0961538461538461,0.1111111111111111,1,5,52,378
Q5T5J6,all,1,0.1,0.6,1.1126255380200862,6,15,150,900
Q5T5J6,regional,0,0.05,0.3,0.7549019607843137,3,15,150,900
Q5T5P2,all,2,0.2120432321152856,1.16056338028169,1.1857798165137616,4,103,355,1943
Q5T5U3,all,2,0.1174668028600612,0.5623471882640587,0.5686274509803921,2,115,409,1958
Q5T655,all,0,0.0011467889908256,0.0149253731343283,0.04,1,1,67,872
Q5T6F2,all,6,2.158176943699732,8.878676470588236,10.512037037037036,69,35,272,1119
Q5T6F2,regional,3,1.2198391420911527,5.018382352941177,6.519444444444444,39,35,272,1119
Q5T7N2,all,0,0.0450867052023121,0.2888888888888888,0.25,1,39,135,865
Q5T890,all,0,0.0012812299807815,0.0077519379844961,0.0307692307692307,1,2,258,1561
Q5T8A7,all,0,0.0545905707196029,0.3283582089552239,0.2621231979030144,3,22,201,1209
Q5T8P6,all,3,0.3217477656405164,2.1456953642384105,2.09284332688588,12,27,151,1007
Q5T8P6,regional,0,0.1876861966236345,1.2516556291390728,1.2727272727272727,7,27,151,1007
Q5TB30,all,1,0.0739827373612823,0.5555555555555556,0.6666666666666666,4,15,108,811
Q5TC79,all,0,0.025844930417495,0.1625,0.0714285714285714,1,13,80,503
Q5TC84,all,0,0.0177383592017738,0.1333333333333333,0.175,1,8,60,451
Q5TCS8,all,1,0.0052328623757195,0.0584795321637426,0.1101449275362318,2,5,171,1911
Q5TCY1,all,0,0.0378501135503406,0.2604166666666667,0.2814814814814815,2,25,192,1321
Q5TEZ5,all,2,0.0425531914893617,0.56,0.6666666666666666,2,7,25,329
Q5TGY3,all,0,0.3431066749844042,2.2448979591836733,1.96792868066694,11,50,245,1603
Q5THJ4,all,1,0.0533272561531449,0.3667711598746082,0.4242158666638057,3,78,638,4388
Q5TIA1,all,0,0.0070643642072213,0.0486486486486486,0.0638297872340425,1,9,185,1274
Q5TZA2,all,1,0.0366881507188894,0.3394495412844037,0.2642533936651584,2,37,218,2017
Q5U5X8,all,0,0.0044247787610619,0.0307692307692307,0.0,1,2,65,452
Q5UIP0,all,1,0.366504854368932,2.0268456375838926,2.105874587458746,6,151,447,2472
Q5VST9,all,1,0.0617469879518072,0.4460562103354488,0.5403534294353445,6,82,1103,7968
Q5VT06,all,0,0.1812640359319859,0.9982332155477032,0.9210083242410984,5,113,566,3117
Q5VT25,all,0,0.0288683602771362,0.2136752136752136,0.5853658536585366,1,50,234,1732
Q5VT52,all,25,4.815195071868583,21.382978723404257,22.93725225249001,67,105,329,1461
Q5VT52,regional,20,3.521560574948665,15.638297872340424,17.234612603387575,49,105,329,1461
Q5VT97,all,0,0.0485762144053601,0.3258426966292135,0.3902439024390244,2,29,178,1194
Q5VTB9,all,0,0.0229681978798586,0.1494252873563218,0.0857142857142857,1,13,87,566
Q5VTR2,all,0,0.0451282051282051,0.4356435643564356,0.25,2,22,101,975
Q5VU43,all,0,0.0149190110826939,0.1,0.104,1,35,350,2346
Q5VUA4,all,2,0.9319877139096094,5.31,4.336197302958889,18,118,400,2279
Q5VUA4,regional,0,0.6731022378236069,3.835,3.205403901544907,13,118,400,2279
Q5VUB5,all,1,0.0370786516853932,0.22,0.375,1,33,150,890
Q5VV42,all,0,0.0207253886010362,0.1818181818181818,0.074074074074074,1,12,66,579
Q5VVC0,all,0,0.0222222222222222,0.1290322580645161,0.0,1,4,31,180
Q5VWJ9,all,1,0.0251716247139588,0.2075471698113207,0.0526315789473684,1,11,53,437
Q5VWN6,all,1,0.3687242798353909,2.123222748815166,2.543428384136349,16,56,422,2430
Q5VWN6,regional,1,0.2074074074074074,1.1943127962085307,1.4568993772533596,9,56,422,2430
Q5VWX1,all,0,0.0114613180515759,0.1052631578947368,0.25,1,4,38,349
Q5VYK3,all,0,0.1056910569105691,0.7647058823529411,0.8420181968569066,5,39,255,1845
Q5VYK3,regional,0,0.0634146341463414,0.4588235294117647,0.5161290322580645,3,39,255,1845
Q5VZ89,all,0,0.0560502881089575,0.3282208588957055,0.4313725490196078,1,107,326,1909
Q5VZE5,all,0,0.0193103448275862,0.1891891891891892,0.0,2,7,74,725
Q5VZL5,all,0,0.0930232558139534,0.576,0.4666666666666667,3,48,250,1548
Q5XG87,all,0,0.0063131313131313,0.0390625,0.0476190476190476,1,5,128,792
Q5XPI4,all,1,0.0867579908675799,0.7037037037037037,0.4803571428571428,6,19,162,1314
Q5XX13,all,0,0.0085551330798479,0.0642857142857142,0.0816326530612244,1,9,140,1052
Q63HK3,all,0,0.0237849017580144,0.1854838709677419,0.1489361702127659,1,23,124,967
Q63HK5,all,0,0.1591119333950046,0.7678571428571429,0.5858008015961298,4,43,224,1081
Q63HN8,all,0,0.0253504897253696,0.2088607594936709,0.1462405802028443,3,44,632,5207
Q63HR2,all,2,0.1816891412349184,1.1689497716894977,1.7272727272727273,4,64,219,1409
Q63ZY3,all,0,0.0846063454759107,0.549618320610687,0.8125,2,36,131,851
Q659A1,all,0,0.0509164969450101,0.2958579881656805,0.3636363636363636,2,25,169,982
Q66GS9,all,2,0.0710526315789473,0.5664335664335665,0.6111111111111112,3,27,143,1140
Q66K14,all,1,0.064,0.4790419161676646,0.7692307692307692,2,40,167,1250
Q66K74,all,0,0.1501416430594901,0.9814814814814816,0.3205128205128205,3,53,162,1059
Q674X7,all,0,0.0335483870967741,0.268041237113402,0.2666666666666666,2,13,97,775
Q68CP9,all,9,0.3378746594005449,2.0064724919093853,2.850186440977493,20,31,309,1835
Q68CP9,regional,7,0.1858310626702997,1.103559870550162,1.709973829181186,11,31,309,1835
Q68CR1,all,0,0.0035335689045936,0.032520325203252,0.0521951219512195,2,2,123,1132
Q68CZ2,all,3,0.2096885813148788,1.2572614107883815,1.574898785425101,3,101,241,1445
Q68D51,all,0,0.011853448275862,0.0873015873015873,0.1111111111111111,1,11,126,928
Q68DE3,all,0,0.0356347438752783,0.1622718052738336,0.127629513343799,5,16,493,2245
Q68DK7,all,1,0.0749185667752443,0.5542168674698795,0.7438423645320197,2,23,83,614
Q68DL7,all,0,0.0262773722627737,0.1682242990654205,0.0909090909090909,2,9,107,685
Q68DQ2,all,0,0.0478114478114478,0.2823061630218688,0.2866488254534641,2,71,503,2970
Q68EM7,all,0,0.0454029511918274,0.3125,0.4342105263157895,1,40,128,881
Q69YQ0,all,2,0.0931065353625783,0.52,0.509286412512219,2,52,200,1117
Q6AI12,all,2,0.0652173913043478,0.5581395348837209,0.6704545454545454,4,6,43,368
Q6AI39,all,0,0.0834105653382761,0.410958904109589,0.766212171599601,9,10,219,1079
Q6AI39,regional,0,0.0556070435588507,0.273972602739726,0.6734286664449618,6,10,219,1079
Q6AZY7,all,0,0.0033003300330033,0.0246913580246913,0.0,2,1,81,606
Q6DD88,all,0,0.0184842883548983,0.1612903225806451,0.0303030303030303,1,10,62,541
Q6DT37,all,1,0.0154738878143133,0.1325966850828729,0.2195121951219512,1,24,181,1551
Q6EMB2,all,0,0.0109289617486338,0.0660377358490566,0.0491803278688524,1,14,212,1281
Q6F5E8,all,0,0.0250871080139372,0.1846153846153846,0.3939393939393939,1,36,195,1435
Q6FI81,all,0,0.0961538461538461,0.6666666666666666,0.2,2,15,45,312
Q6GYQ0,all,1,0.068762278978389,0.462046204620462,0.3793103448275862,2,70,303,2036
Q6H8Q1,all,3,0.1636661211129296,1.0638297872340423,1.4690476190476192,4,25,94,611
Q6IA69,all,0,0.0155807365439093,0.1235955056179775,0.1935483870967742,1,11,89,706
Q6ICG6,all,1,0.0544554455445544,0.3859649122807017,0.5333333333333333,1,22,57,404
Q6IE81,all,0,0.0320665083135391,0.2410714285714285,0.0,1,27,112,842
Q6IMN6,all,0,0.0212954747116237,0.1194029850746268,0.09375,2,12,201,1127
Q6IQ16,all,0,0.0051020408163265,0.0408163265306122,0.0833333333333333,1,2,49,392
Q6IQ23,all,1,0.0597680642283675,0.406060606060606,0.6333333333333333,1,67,165,1121
Q6IQ49,all,0,0.0266075388026607,0.2264150943396226,0.217391304347826,1,12,53,451
Q6ISB3,all,0,0.0448,0.3010752688172043,0.125,2,14,93,625
Q6JBY9,all,1,0.09375,0.639344262295082,0.8,1,39,61,416
Q6KC79,all,7,0.6740370898716119,4.21875,6.353343895368435,15,126,448,2804
Q6KC79,regional,3,0.3145506419400856,1.96875,3.0709027169149867,7,126,448,2804
Q6MZP7,all,7,0.985313751668892,4.986486486486487,5.753159985554351,41,18,148,749
Q6MZP7,regional,7,0.7930574098798397,4.013513513513513,4.580895630191405,33,18,148,749
Q6MZW2,all,0,0.013064133016627,0.0948275862068965,0.0769230769230769,1,11,116,842
Q6N021,all,1,0.1348651348651348,0.8359133126934984,0.9087804878048782,9,30,323,2002
Q6N021,regional,1,0.0449550449550449,0.2786377708978328,0.3292682926829268,3,30,323,2002
Q6N022,all,0,0.0079451065366558,0.0525059665871121,0.0350877192982456,1,22,419,2769
Q6N043,all,0,0.0715015321756894,0.3571428571428571,0.2677747869768718,5,14,196,979
Q6N043,regional,0,0.0572012257405515,0.2857142857142857,0.22522159548751,4,14,196,979
Q6N069,all,0,0.0023148148148148,0.0256410256410256,0.0434782608695652,1,2,78,864
Q6NS38,all,0,0.0076628352490421,0.0666666666666666,0.2857142857142857,1,2,30,261
Q6NUQ1,all,0,0.0252525252525252,0.202020202020202,0.2186147186147186,2,10,99,792
Q6NV74,all,1,0.0893970893970894,0.6370370370370371,0.6096491228070176,2,43,135,962
Q6NX49,all,0,0.0307692307692307,0.1833333333333333,0.0888888888888888,2,11,120,715
Q6NXT4,all,1,0.0520607375271149,0.3380281690140845,1.7142857142857142,4,6,71,461
Q6NXT4,regional,1,0.0390455531453362,0.2535211267605634,1.7142857142857142,3,6,71,461
Q6NZI2,all,0,0.0769230769230769,0.625,0.5625,1,30,48,390
Q6P1J9,all,0,0.0207156308851224,0.180327868852459,0.1904761904761904,1,11,61,531
Q6P1L5,all,0,0.0831918505942275,0.392,0.3953488372093023,1,49,125,589
Q6P1M3,all,0,0.0411764705882352,0.3206106870229007,0.225,2,21,131,1020
Q6P1N0,all,0,0.0262881177707676,0.2688172043010752,0.5121951219512195,1,25,93,951
Q6P2E9,all,0,0.0870806566738044,0.5213675213675214,0.6046511627906976,2,61,234,1401
Q6P2Q9,all,0,0.0111349036402569,0.1087866108786611,0.04,1,26,239,2335
Q6P2S7,all,0,0.0007587253414264,0.0051020408163265,0.0078125,1,1,196,1318
Q6P3W7,all,1,0.1506996770721205,1.0218978102189782,1.6333333333333333,10,14,137,929
Q6P3W7,regional,0,0.0602798708288482,0.4087591240875912,0.6666666666666666,4,14,137,929
Q6P3X3,all,0,0.0047449584816132,0.0373831775700934,0.0285714285714285,1,4,107,843
Q6P461,all,0,0.00625,0.0461538461538461,0.0416666666666666,1,3,65,480
Q6P4E1,all,0,0.0252293577981651,0.3142857142857143,0.0,1,11,35,436
Q6P4F7,all,0,0.0576735092864125,0.329608938547486,0.3513513513513513,1,59,179,1023
Q6P4R8,all,5,1.8591224018475752,9.545454545454543,10.047208363418097,69,35,253,1299
Q6P4R8,regional,4,1.4549653579676671,7.470355731225297,7.745376748826747,54,35,253,1299
Q6P5Q4,all,0,0.0127970749542961,0.0833333333333333,0.15625,1,7,84,547
Q6P5Z2,all,0,0.0269966254218222,0.2727272727272727,0.2222222222222222,1,24,88,889
Q6P9F0,all,0,0.0146198830409356,0.0943396226415094,0.1612903225806451,1,10,106,684
Q6P9G9,all,0,0.0038610038610038,0.0363636363636363,0.0,1,2,55,518
Q6PCB5,all,1,0.1607565011820331,1.2035398230088497,1.2252631578947368,8,17,113,846
Q6PCB5,regional,0,0.0602836879432624,0.4513274336283185,0.4736842105263157,3,17,113,846
Q6PCT2,all,0,0.0374639769452449,0.3170731707317073,0.4491978609625668,2,13,82,694
Q6PF06,all,1,0.0063291139240506,0.0512820512820512,0.125,1,2,39,316
Q6PF15,all,0,0.006861063464837,0.0769230769230769,0.1,1,4,52,583
Q6PI47,all,0,0.0845070422535211,0.5714285714285714,0.3857142857142857,3,12,63,426
Q6PIU2,all,0,0.0122549019607843,0.1111111111111111,0.125,1,5,45,408
Q6PIY7,all,1,0.0371900826446281,0.3214285714285714,0.6666666666666666,2,9,56,484
Q6PJG2,all,1,0.4851674641148325,3.930232558139535,4.435714285714286,13,39,129,1045
Q6PJG2,regional,0,0.261244019138756,2.116279069767442,2.138095238095238,7,39,129,1045
Q6PJT7,all,19,2.5557065217391304,16.076923076923077,16.80808080808081,33,57,117,736
Q6PJT7,regional,13,1.858695652173913,11.692307692307692,12.823232323232324,24,57,117,736
Q6PKC3,all,0,0.0030456852791878,0.0209790209790209,0.036144578313253,1,3,143,985
Q6PKG0,all,5,0.5529197080291971,4.423357664233577,4.859273066169617,6,101,137,1096
Q6PKG0,regional,3,0.2764598540145985,2.2116788321167884,2.3513513513513518,3,101,137,1096
Q6PML9,all,0,0.0035211267605633,0.0259740259740259,0.0714285714285714,1,2,77,568
Q6Q0C0,all,6,0.2149253731343283,1.2307692307692308,2.697478991596639,6,24,117,670
Q6Q0C0,regional,6,0.2149253731343283,1.2307692307692308,2.697478991596639,6,24,117,670
Q6Q759,all,0,0.0107962213225371,0.0786885245901639,0.05,1,24,305,2223
Q6R327,all,1,0.15807962529274,0.996309963099631,0.9866666666666666,3,90,271,1708
Q6SPF0,all,0,0.0297397769516728,0.3404255319148936,0.4285714285714285,1,16,47,538
Q6T4R5,all,0,0.0363416111447607,0.1749271137026239,0.1419354838709677,1,60,343,1651
Q6TGC4,all,0,0.0043227665706051,0.034090909090909,0.0454545454545454,1,3,88,694
Q6UB35,all,0,0.0122699386503067,0.1142857142857142,0.1111111111111111,2,6,105,978
Q6UB98,all,0,0.0286129970902036,0.164804469273743,0.152317880794702,1,59,358,2062
Q6UB99,all,0,0.127675553886594,0.9444444444444444,1.1372512321417432,5,68,360,2663
Q6UN15,all,3,0.6851851851851852,4.195876288659794,3.052197802197802,11,37,97,594
Q6UN15,regional,3,0.6851851851851852,4.195876288659794,3.052197802197802,11,37,97,594
Q6UUV7,all,10,1.0436187399030694,5.428571428571429,5.443406593406593,17,38,119,619
Q6UUV7,regional,9,0.9208400646203554,4.7899159663865545,5.086263736263736,15,38,119,619
Q6UUV9,all,0,0.029968454258675,0.1450381679389313,0.0769230769230769,1,19,131,634
Q6UVJ0,all,2,0.1582952815829528,1.1685393258426966,1.6507936507936507,8,13,89,657
Q6UVJ0,regional,2,0.0989345509893455,0.7303370786516854,1.4285714285714286,5,13,89,657
Q6UWL2,all,0,0.0040160642570281,0.025,0.0576923076923076,1,3,120,747
Q6UWM9,all,0,0.0075901328273244,0.0714285714285714,0.0,2,2,56,527
Q6UWW8,all,0,0.0052539404553415,0.0416666666666666,0.0,1,3,72,571
Q6UWY0,all,0,0.001865671641791,0.0136986301369863,0.0,1,1,73,536
Q6UXB8,all,0,0.0129589632829373,0.081081081081081,0.05,2,3,74,463
Q6UXH9,all,0,0.0027777777777777,0.0219780219780219,0.0,1,2,91,720
Q6UXY1,all,1,0.0378071833648393,0.2298850574712643,0.2857142857142857,1,20,87,529
Q6VMQ6,all,4,1.1244094488188976,5.712,6.002805049088359,34,42,250,1270
Q6VMQ6,regional,3,0.7275590551181103,3.696,3.869682094436653,22,42,250,1270
Q6W2J9,all,5,0.4239316239316239,2.7153284671532845,3.2547855370436016,12,62,274,1755
Q6W2J9,regional,4,0.2119658119658119,1.3576642335766422,1.7419354838709675,6,62,274,1755
Q6WCQ1,all,1,0.2029268292682927,1.3866666666666667,1.4844444444444445,4,52,150,1025
Q6WRI0,all,0,0.0095310712924132,0.05,0.0757575757575757,1,25,500,2623
Q6WRX3,all,0,0.0118577075098814,0.088235294117647,0.0869565217391304,1,9,102,759
Q6X4W1,all,0,0.0132075471698113,0.1,0.0909090909090909,1,7,70,530
Q6XZF7,all,1,0.0285351934051997,0.2036199095022624,0.2051282051282051,1,45,221,1577
Q6Y288,all,0,0.0040160642570281,0.0298507462686567,0.0188679245283018,1,2,67,498
Q6Y7W6,all,4,0.2956120092378753,2.5945945945945947,2.489780154486037,8,48,148,1299
Q6YHK3,all,0,0.0138408304498269,0.0816326530612244,0.1017156862745098,2,10,245,1445
Q6YHU6,all,0,0.0092165898617511,0.0618556701030927,0.048076923076923,1,18,291,1953
Q6ZMW3,all,0,0.0076608784473953,0.0619834710743801,0.0857142857142857,1,15,242,1958
Q6ZMZ3,all,0,0.003076923076923,0.0344827586206896,0.0,1,3,87,975
Q6ZN18,all,0,0.0386847195357833,0.202020202020202,0.0526315789473684,1,20,99,517
Q6ZN30,all,1,0.0709736123748862,0.4148936170212766,0.4573197700132684,6,13,188,1099
Q6ZN30,regional,0,0.0354868061874431,0.2074468085106383,0.2136222910216718,3,13,188,1099
Q6ZNB6,all,0,0.0395170142700329,0.3673469387755102,0.5454545454545454,2,18,98,911
Q6ZNC4,all,0,0.0631067961165048,0.2921348314606741,0.2105263157894736,2,13,89,412
Q6ZNJ1,all,0,0.0283224400871459,0.2191011235955056,0.2184200946487076,2,39,356,2754
Q6ZQQ6,all,0,0.0083536373129133,0.0761904761904762,0.0769230769230769,1,24,315,2873
Q6ZRI6,all,1,0.2941738299904489,2.026315789473684,2.154888507718697,11,28,152,1047
Q6ZRI6,regional,0,0.0802292263610315,0.5526315789473685,0.5660377358490566,3,28,152,1047
Q6ZRP7,all,1,0.0257879656160458,0.225,0.2625,3,6,80,698
Q6ZRS2,all,6,0.526625386996904,3.15,3.022819517633818,27,63,540,3230
Q6ZRS2,regional,1,0.2340557275541795,1.4,1.4962574022067252,12,63,540,3230
Q6ZS02,all,0,0.0181818181818181,0.125,0.0769230769230769,2,2,32,220
Q6ZS30,all,0,0.0118782479584261,0.0864864864864864,0.0430622009569378,1,32,370,2694
Q6ZSR9,all,0,0.1971830985915492,1.0294117647058822,1.1027450980392155,5,14,68,355
Q6ZSR9,regional,0,0.1183098591549295,0.6176470588235294,0.5294117647058824,3,14,68,355
Q6ZSY5,all,1,0.0100125156445556,0.086021505376344,0.1388888888888889,1,8,93,799
Q6ZSZ6,all,1,0.0352831940575673,0.1800947867298578,0.2409156976744186,2,19,211,1077
Q6ZU64,all,0,0.0051948051948051,0.037174721189591,0.0147058823529411,1,10,269,1925
Q6ZU65,all,4,0.4008908685968819,2.134387351778656,2.402668253732084,15,36,253,1347
Q6ZU65,regional,0,0.1870824053452116,0.9960474308300395,1.1898527004909984,7,36,253,1347
Q6ZUM4,all,0,0.0224971878515185,0.1694915254237288,0.1428571428571428,1,20,118,889
Q6ZUU3,all,0,0.0228571428571428,0.1818181818181818,0.0,2,2,22,175
Q6ZVL6,all,0,0.0183883180097349,0.0892388451443569,0.0919540229885057,1,34,381,1849
Q6ZVM7,all,0,0.029585798816568,0.2054794520547945,0.3636363636363636,1,15,73,507
Q6ZXV5,all,0,0.0087431693989071,0.0761904761904762,0.1052631578947368,2,4,105,915
Q702N8,all,0,0.032555615843733,0.2230483271375464,0.2314326298701298,2,30,269,1843
Q70CQ2,all,0,0.0428652002256063,0.3021868787276341,0.3859649122807017,2,76,503,3546
Q70CQ4,all,1,0.0695266272189349,0.3333333333333333,0.5238095238095238,2,47,282,1352
Q70E73,all,1,0.304,1.735159817351598,1.9381414701803048,5,76,219,1250
Q70EL1,all,0,0.0451306413301662,0.2275449101796407,0.208955223880597,2,38,334,1684
Q70EL4,all,1,0.0222617987533392,0.1479289940828402,0.1333333333333333,1,25,169,1123
Q70J99,all,0,0.0073394495412844,0.0597014925373134,0.0,1,8,134,1090
Q70UQ0,all,0,0.0257142857142857,0.1451612903225806,0.2,1,9,62,350
Q711Q0,all,0,0.0222996515679442,0.1311475409836065,0.173076923076923,1,32,244,1435
Q712K3,all,0,0.0126050420168067,0.0967741935483871,0.125,1,3,31,238
Q71F23,all,1,0.1291866028708134,0.7605633802816901,0.9777777777777776,2,27,71,418
Q71F56,all,0,0.0203619909502262,0.1296829971181556,0.0333333333333333,1,45,347,2210
Q71RC2,all,0,0.0607734806629834,0.352,0.6829268292682927,1,44,125,724
Q71RG4,all,1,0.02803738317757,0.1956521739130435,0.6666666666666666,3,3,46,321
Q71RG4,regional,1,0.02803738317757,0.1956521739130435,0.6666666666666666,3,3,46,321
Q75N03,all,1,0.0427698574338085,0.4565217391304347,0.4838709677419355,3,7,46,491
Q765P7,all,0,0.0575635876840696,0.2756410256410256,0.3333333333333333,1,43,156,747
Q76FK4,all,0,0.0497000856898029,0.2914572864321608,0.1714285714285714,1,58,199,1167
Q76I76,all,1,0.0274068868587491,0.157258064516129,0.2957746478873239,1,39,248,1423
Q76L83,all,0,0.1881533101045296,0.9246575342465754,0.98303647158609,5,54,292,1435
Q7KZ85,all,6,0.1541135573580533,1.52,2.608058608058608,7,38,175,1726
Q7KZ85,regional,3,0.0880648899188876,0.8685714285714285,1.5892857142857144,4,38,175,1726
Q7KZF4,all,0,0.0901098901098901,0.845360824742268,0.8472906403940886,2,41,97,910
Q7KZI7,all,1,0.08248730964467,0.4924242424242424,0.546875,1,65,132,788
Q7L014,all,0,0.05819592628516,0.4918032786885246,0.3443223443223443,2,30,122,1031
Q7L0Y3,all,0,0.064516129032258,0.52,0.8,2,13,50,403
Q7L1W4,all,0,0.0174825174825174,0.1415094339622641,0.2857142857142857,1,15,106,858
Q7L2E3,all,1,0.0402010050251256,0.3356643356643357,0.2686567164179104,2,24,143,1194
Q7L2H7,all,3,0.1042780748663101,0.8863636363636364,1.736842105263158,3,13,44,374
Q7L3V2,all,0,0.0082417582417582,0.0625,0.0,3,1,48,364
Q7L590,all,0,0.0411428571428571,0.2903225806451613,0.3571428571428571,1,36,124,875
Q7L591,all,1,0.0282258064516129,0.21875,0.4705882352941176,1,14,64,496
Q7L592,all,0,0.0068027210884353,0.0612244897959183,0.0,3,1,49,441
Q7L592,regional,0,0.0068027210884353,0.0612244897959183,0.0,3,1,49,441
Q7L7X3,all,0,0.0519480519480519,0.4297520661157025,0.4011857707509881,2,26,121,1001
Q7L8C5,all,0,0.0211267605633802,0.1578947368421052,0.1851851851851851,1,9,57,426
Q7L8S5,all,0,0.0208333333333333,0.2,0.0,1,6,30,288
Q7LBC6,all,3,1.1073253833049403,6.770833333333333,6.821018339090628,26,75,288,1761
Q7LBC6,regional,2,0.8091993185689949,4.947916666666667,4.773906816075491,19,75,288,1761
Q7RTP6,all,2,0.2057942057942058,1.4927536231884058,1.8507462686567164,4,103,276,2002
Q7Z2K8,all,1,0.1091269841269841,0.6043956043956044,0.6486486486486487,2,55,182,1008
Q7Z2W4,all,2,0.2572062084257206,1.5364238410596027,2.5255102040816326,4,58,151,902
Q7Z2W4,regional,1,0.1929046563192904,1.152317880794702,1.933673469387755,3,58,151,902
Q7Z2Y5,all,1,0.0322376738305941,0.2628865979381443,0.1978947368421052,3,17,194,1582
Q7Z2Y8,all,0,0.0024772914946325,0.0185185185185185,0.0240963855421686,3,2,324,2422
Q7Z2Z2,all,0,0.0080357142857142,0.0703125,0.125,1,9,128,1120
Q7Z309,all,2,0.2672064777327935,1.0819672131147542,1.2857142857142858,2,33,61,247
Q7Z333,all,0,0.0190511766903249,0.1278195488721804,0.0697674418604651,1,51,399,2677
Q7Z3B3,all,0,0.0552036199095022,0.2811059907834101,0.4936708860759494,1,61,217,1105
Q7Z3B4,all,0,0.1380670611439842,0.875,0.631578947368421,7,10,80,507
Q7Z3B4,regional,0,0.1183431952662721,0.75,0.631578947368421,6,10,80,507
Q7Z3G6,all,0,0.0308056872037914,0.203125,0.2272727272727272,1,26,128,844
Q7Z3I7,all,1,0.0132325141776937,0.0693069306930693,0.0909090909090909,1,7,101,529
Q7Z3J3,all,0,0.1052332195676905,0.7088122605363985,0.7515151515151515,5,37,261,1758
Q7Z3K3,all,11,1.4553191489361703,8.921739130434782,11.694871794871796,38,54,230,1410
Q7Z3K3,regional,6,0.9191489361702128,5.6347826086956525,8.216666666666667,24,54,230,1410
Q7Z3T8,all,1,0.1169590643274853,0.6870229007633588,0.6666666666666666,4,45,262,1539
Q7Z406,all,2,0.0451127819548872,0.5294117647058824,1.0825471698113207,2,45,170,1995
Q7Z417,all,8,1.1985611510791367,6.2164179104477615,7.413461538461538,17,49,134,695
Q7Z417,regional,8,0.9870503597122302,5.119402985074627,6.628205128205129,14,49,134,695
Q7Z422,all,1,0.1118421052631579,0.7727272727272727,0.8235294117647058,1,17,22,152
Q7Z434,all,5,0.8,4.0,5.041666666666667,12,36,108,540
Q7Z434,regional,2,0.2,1.0,1.3125,3,36,108,540
Q7Z460,all,3,0.2210663198959687,1.209964412811388,2.107692307692308,4,85,281,1538
Q7Z478,all,1,0.0146092037983929,0.1226993865030674,0.0666666666666666,1,20,163,1369
Q7Z4H8,all,1,0.0414201183431952,0.4468085106382978,0.4545454545454545,3,7,47,507
Q7Z4I7,all,1,0.0117302052785923,0.1739130434782608,0.3333333333333333,1,4,23,341
Q7Z569,all,0,0.0287162162162162,0.2151898734177215,0.125,1,17,79,592
Q7Z589,all,19,3.0068078668683813,12.34472049689441,11.920262080233384,75,53,322,1322
Q7Z589,regional,18,2.485627836611195,10.20496894409938,9.982585550376085,62,53,322,1322
Q7Z5J4,all,4,0.7722980062959076,4.658227848101266,4.6857945707260775,16,92,316,1906
Q7Z5J4,regional,3,0.5792235047219307,3.4936708860759493,3.455667620051182,12,92,316,1906
Q7Z5L9,all,8,0.9540034071550256,6.666666666666667,8.21,16,35,84,587
Q7Z5L9,regional,2,0.5366269165247018,3.75,4.15,9,35,84,587
Q7Z5N4,all,0,0.0117487573429733,0.0698924731182795,0.0384615384615384,2,13,372,2213
Q7Z6B7,all,5,0.1824884792626728,1.2774193548387096,2.03125,6,33,155,1085
Q7Z6B7,regional,5,0.152073732718894,1.064516129032258,2.03125,5,33,155,1085
Q7Z6E9,all,1,0.40625,2.1538461538461537,2.2055290273938173,7,104,338,1792
Q7Z6G8,all,0,0.0120192307692307,0.0738916256157635,0.0952380952380952,1,15,203,1248
Q7Z6J0,all,3,0.4054054054054054,2.4657534246575343,2.4705882352941178,10,36,146,888
Q7Z6J0,regional,2,0.2027027027027027,1.2328767123287672,1.9705882352941175,5,36,146,888
Q7Z6Z7,all,6,0.3127572016460905,1.8387096774193548,1.7077097505668934,8,171,744,4374
Q7Z6Z7,regional,3,0.1172839506172839,0.6895161290322581,0.3857142857142857,3,171,744,4374
Q7Z739,all,2,0.282051282051282,1.9411764705882355,1.4351851851851851,15,11,85,585
Q7Z739,regional,1,0.2068376068376068,1.423529411764706,1.0674603174603174,11,11,85,585
Q7Z7B0,all,0,0.0197856553998351,0.1340782122905028,0.1066666666666666,1,24,179,1213
Q7Z7C7,all,0,0.006060606060606,0.04,0.0,1,2,50,330
Q7Z7K6,all,2,0.0872727272727272,0.5333333333333333,1.0434782608695652,2,12,45,275
Q86SE8,all,0,0.0093457943925233,0.0714285714285714,0.3333333333333333,1,2,28,214
Q86SF2,all,0,0.015220700152207,0.1639344262295081,0.16,2,5,61,657
Q86SQ0,all,0,0.2130885873902633,1.1814159292035398,1.5714285714285714,3,89,226,1253
Q86SU0,all,0,0.0402930402930402,0.275,0.0,2,11,80,546
Q86T24,all,1,0.0714285714285714,0.3902439024390244,0.5181159420289855,3,16,123,672
Q86T82,all,0,0.059244126659857,0.3411764705882353,0.4827586206896552,2,29,170,979
Q86TC9,all,1,0.4848484848484848,2.7586206896551726,3.454502257068187,16,40,232,1320
Q86TC9,regional,0,0.3333333333333333,1.896551724137931,2.309574720836303,11,40,232,1320
Q86TL0,all,0,0.0084388185654008,0.0655737704918032,0.0769230769230769,1,4,61,474
Q86U37,all,0,0.0239520958083832,0.125,0.0,2,2,32,167
Q86U42,all,0,0.1568627450980392,1.6,0.5555555555555556,6,8,30,306
Q86U42,regional,0,0.130718954248366,1.3333333333333333,0.5555555555555556,5,8,30,306
Q86U44,all,0,0.0327586206896551,0.2345679012345679,0.3888888888888889,1,19,81,580
Q86U70,all,4,0.194647201946472,1.2121212121212122,2.1818181818181817,4,20,66,411
Q86U70,regional,4,0.194647201946472,1.2121212121212122,2.1818181818181817,4,20,66,411
Q86U86,all,1,0.1154529307282415,1.0833333333333333,0.7674418604651163,3,65,180,1689
Q86U90,all,1,0.043010752688172,0.3636363636363636,0.6666666666666666,2,6,33,279
Q86UB9,all,0,0.0109170305676855,0.0862068965517241,0.0769230769230769,1,5,58,458
Q86UE4,all,5,0.5240549828178694,2.824074074074074,2.770066889632107,5,61,108,582
Q86UE4,regional,4,0.4192439862542955,2.259259259259259,2.1739130434782608,4,61,108,582
Q86UK0,all,0,0.0077071290944123,0.050632911392405,0.0620155038759689,1,20,395,2595
Q86UP2,all,1,0.1031687546057479,0.8641975308641975,1.093109173931092,4,35,162,1357
Q86UP3,all,0,0.0126156433978132,0.077720207253886,0.0969696969696969,1,45,579,3567
Q86UR5,all,2,0.0957446808510638,0.5311475409836065,0.4962406015037593,3,54,305,1692
Q86UU0,all,4,0.2348232154769846,1.7512437810945274,1.7716346153846154,8,44,201,1499
Q86UU0,regional,3,0.0880587058038692,0.6567164179104478,0.6923076923076923,3,44,201,1499
Q86UY8,all,0,0.0018248175182481,0.0172413793103448,0.0,1,1,58,548
Q86V15,all,1,0.2126208072768618,1.3501805054151623,1.2438235294117648,11,34,277,1759
Q86V15,regional,1,0.1159749857873791,0.7364620938628159,0.705,6,34,277,1759
Q86V40,all,1,0.0415841584158415,0.3043478260869565,1.0588235294117647,3,7,69,505
Q86V40,regional,1,0.0415841584158415,0.3043478260869565,1.0588235294117647,3,7,69,505
Q86V42,all,0,0.0109890109890109,0.0631578947368421,0.0357142857142857,1,6,95,546
Q86V48,all,0,0.1561338289962825,0.8442211055276382,0.948663101604278,2,84,199,1076
Q86VD1,all,1,0.0071138211382113,0.0551181102362204,0.0512820512820512,1,7,127,984
Q86VF7,all,1,0.0277456647398843,0.2341463414634146,0.2967032967032967,3,16,205,1730
Q86VI3,all,0,0.0232985898221949,0.2814814814814815,0.3038563829787234,2,19,135,1631
Q86VP3,all,0,0.03037120359955,0.1824324324324324,0.2708333333333333,1,27,148,889
Q86VP6,all,0,0.0268292682926829,0.1864406779661017,0.1489361702127659,1,33,177,1230
Q86VV8,all,0,0.0076370170709793,0.0526315789473684,0.0434782608695652,1,17,323,2226
Q86VY4,all,0,0.0359712230215827,0.3409090909090909,0.1875,3,5,44,417
Q86VY4,regional,0,0.0359712230215827,0.3409090909090909,0.1875,3,5,44,417
Q86W42,all,0,0.0293255131964809,0.2040816326530612,0.2068965517241379,2,5,49,341
Q86W92,all,1,0.1068249258160237,0.7552447552447552,0.8501602564102564,2,54,143,1011
Q86WC4,all,0,0.0149700598802395,0.0925925925925925,0.0,1,5,54,334
Q86WI3,all,0,0.0048231511254019,0.0368852459016393,0.0263157894736842,1,9,244,1866
Q86WV6,all,1,0.0395778364116095,0.3191489361702128,0.25,1,15,47,379
Q86X10,all,1,0.0589022757697456,0.3893805309734513,0.3509493670886076,2,44,226,1494
Q86X51,all,0,0.0437375745526839,0.2018348623853211,0.1621621621621621,1,22,109,503
Q86X55,all,0,0.006578947368421,0.04,0.0,1,4,100,608
Q86XN7,all,0,0.0741525423728813,0.2941176470588235,0.4102564102564102,10,7,238,944
Q86XN7,regional,0,0.0222457627118644,0.088235294117647,0.1666666666666666,3,7,238,944
Q86XP3,all,3,0.4157782515991471,3.25,3.684575788215828,13,30,120,938
Q86XP3,regional,0,0.2238805970149253,1.75,1.613751263902932,7,30,120,938
Q86XR8,all,0,0.068,0.4594594594594595,0.5,2,17,74,500
Q86XS5,all,0,0.0051546391752577,0.037037037037037,0.0,2,1,54,388
Q86XX4,all,0,0.0079840319361277,0.0547008547008547,0.0685714285714285,2,16,585,4008
Q86XZ4,all,1,0.0660550458715596,0.3428571428571428,0.4,1,36,105,545
Q86Y33,all,0,0.0096339113680154,0.0549450549450549,0.0,1,5,91,519
Q86Y37,all,0,0.021680216802168,0.1702127659574468,0.0,4,2,47,369
Q86Y37,regional,0,0.021680216802168,0.1702127659574468,0.0,4,2,47,369
Q86YC2,all,0,0.0286677908937605,0.1619047619047619,0.081967213114754,1,34,210,1186
Q86YF9,all,0,0.0034602076124567,0.0265486725663716,0.0,1,3,113,867
Q86YN6,all,0,0.0273704789833822,0.1739130434782608,0.2702702702702703,2,14,161,1023
Q86YP4,all,11,2.09478672985782,11.43103448275862,11.872340425531917,34,39,116,633
Q86YP4,regional,8,1.7867298578199051,9.75,10.01985815602837,29,39,116,633
Q86YS7,all,0,0.047,0.3219178082191781,0.782608695652174,1,47,146,1000
Q86Z02,all,1,0.1041322314049586,0.5101214574898786,0.4793495310349243,7,18,247,1210
Q8IU81,all,1,0.0821917808219178,0.8275862068965517,1.5,3,16,58,584
Q8IU85,all,0,0.0285714285714285,0.1929824561403508,0.1538461538461538,1,11,57,385
Q8IUD2,all,0,0.1111111111111111,0.8266666666666667,0.7213114754098361,4,31,150,1116
Q8IUD6,all,0,0.0185185185185185,0.123076923076923,0.1818181818181818,2,4,65,432
Q8IUF8,all,0,0.0064516129032258,0.0491803278688524,0.0333333333333333,1,3,61,465
Q8IUG5,all,0,0.0179197506817296,0.1292134831460674,0.1690140845070422,1,46,356,2567
Q8IV36,all,1,0.0291878172588832,0.2053571428571428,0.125,1,23,112,788
Q8IV42,all,0,0.0057471264367816,0.054054054054054,0.0,1,2,37,348
Q8IV63,all,2,0.1139240506329113,0.6506024096385542,1.061764705882353,2,27,83,474
Q8IVD9,all,1,0.0138504155124653,0.1612903225806451,0.1111111111111111,1,5,31,361
Q8IVE3,all,1,0.0455458807769591,0.265625,0.2875816993464052,2,34,256,1493
Q8IVF2,all,6,0.6985332182916307,5.284595300261096,5.2198800986115685,23,176,766,5795
Q8IVF2,regional,2,0.1214840379637618,0.9190600522193212,0.9791897054388258,4,176,766,5795
Q8IVF4,all,0,0.0053679266383359,0.0511727078891258,0.0376712328767123,1,24,469,4471
Q8IVF7,all,0,0.0252918287937743,0.2549019607843137,0.2829457364341085,2,13,102,1028
Q8IVH2,all,1,0.1235294117647058,0.8,0.8095238095238095,4,21,105,680
Q8IVH2,regional,1,0.0926470588235294,0.6,0.6666666666666666,3,21,105,680
Q8IVL0,all,3,0.1488469601677149,0.6442831215970962,0.8698190616452767,5,71,551,2385
Q8IVL0,regional,2,0.0893081761006289,0.3865698729582577,0.5567010309278351,3,71,551,2385
Q8IVL1,all,2,0.1085209003215434,0.4927007299270073,0.6338028169014085,3,90,548,2488
Q8IVL1,regional,2,0.1085209003215434,0.4927007299270073,0.6338028169014085,3,90,548,2488
Q8IVM0,all,0,0.088235294117647,0.9642857142857144,0.7058823529411765,3,9,28,306
Q8IVT2,all,3,0.2164948453608247,1.5638297872340423,2.071428571428572,3,49,94,679
Q8IVV7,all,0,0.0333333333333333,0.2564102564102564,0.25,2,5,39,300
Q8IVW6,all,1,0.106951871657754,0.6741573033707865,0.470839580209895,5,12,89,561
Q8IVW6,regional,0,0.0641711229946524,0.4044943820224719,0.15,3,12,89,561
Q8IWA0,all,0,0.0289156626506024,0.1983471074380165,0.0853658536585365,1,24,121,830
Q8IWA5,all,1,0.0070821529745042,0.0769230769230769,0.2142857142857142,1,5,65,706
Q8IWB1,all,0,0.0127970749542961,0.125,0.5,1,7,56,547
Q8IWB9,all,6,0.582963620230701,3.2686567164179103,3.572822299651568,9,73,201,1127
Q8IWB9,regional,5,0.518189884649512,2.9054726368159205,3.087108013937282,8,73,201,1127
Q8IWE2,all,1,0.0852575488454707,0.5517241379310345,0.5714285714285714,2,24,87,563
Q8IWF9,all,1,0.009685230024213,0.0930232558139534,0.1538461538461538,1,4,43,413
Q8IWI9,all,6,0.5213703099510604,2.9107468123861566,2.961121152351484,17,94,549,3065
Q8IWI9,regional,2,0.2760195758564437,1.540983606557377,1.5705541237113405,9,94,549,3065
Q8IWN7,all,0,0.0083333333333333,0.0524934383202099,0.0465116279069767,2,10,381,2400
Q8IWP9,all,2,0.0656934306569343,0.45,0.8333333333333333,3,6,40,274
Q8IWP9,regional,2,0.0656934306569343,0.45,0.8333333333333333,3,6,40,274
Q8IWQ3,all,1,0.0353260869565217,0.2626262626262626,0.2666666666666666,1,26,99,736
Q8IWR0,all,0,0.0401647785787847,0.325,0.6307692307692307,3,13,120,971
Q8IWV7,all,0,0.0062893081761006,0.056701030927835,0.0,1,11,194,1749
Q8IWX8,all,2,0.056768558951965,0.5714285714285714,0.6181818181818182,2,26,91,916
Q8IWY9,all,1,0.0162999185004074,0.1298701298701298,0.4,1,20,154,1227
Q8IWZ3,all,2,0.2623918174665617,1.5228310502283104,1.220497679188269,23,29,438,2542
Q8IWZ3,regional,0,0.1369000786782061,0.7945205479452054,0.4021758203193543,12,29,438,2542
Q8IWZ8,all,2,0.2604651162790697,2.4,2.6607142857142856,8,21,70,645
Q8IWZ8,regional,2,0.2604651162790697,2.4,2.6607142857142856,8,21,70,645
Q8IX01,all,1,0.0397412199630314,0.2925170068027211,0.2631578947368421,1,43,147,1082
Q8IX03,all,0,0.0377358490566037,0.2258064516129032,0.0784313725490196,1,42,186,1113
Q8IX12,all,1,0.3652173913043478,3.021582733812949,3.2942739950779325,14,30,139,1150
Q8IX12,regional,0,0.1565217391304348,1.2949640287769784,1.4311730926989337,6,30,139,1150
Q8IX21,all,0,0.0375106564364876,0.2211055276381909,0.0217391304347826,1,44,199,1173
Q8IXF0,all,0,0.0214362272240085,0.1282051282051282,0.0,2,10,156,933
Q8IXJ9,all,0,0.0298507462686567,0.1710037174721189,0.1458885941644562,2,23,269,1541
Q8IXQ5,all,0,0.0119453924914675,0.1076923076923077,0.0,1,7,65,586
Q8IXW5,all,0,0.0179738562091503,0.1057692307692307,0.0,1,11,104,612
Q8IXZ2,all,1,0.0886075949367088,0.4772727272727273,0.4851398601398601,3,28,176,948
Q8IY33,all,1,0.6371681415929203,4.114285714285714,4.413793103448276,16,36,140,904
Q8IY33,regional,0,0.3982300884955752,2.571428571428572,2.7586206896551726,10,36,140,904
Q8IY37,all,0,0.010371650821089,0.1,0.0,1,12,120,1157
Q8IY81,all,2,0.1345926800472255,1.2954545454545454,0.8274509803921568,3,38,88,847
Q8IY85,all,0,0.013360739979445,0.0902777777777777,0.1206896551724138,1,13,144,973
Q8IYA6,all,0,0.0442953020134228,0.2727272727272727,0.3333333333333333,1,33,121,745
Q8IYB3,all,3,0.4911504424778761,2.336842105263158,2.4134078212290504,3,148,190,904
Q8IYD1,all,0,0.0079617834394904,0.0609756097560975,0.0434782608695652,1,5,82,628
Q8IYD8,all,0,0.01513671875,0.0948012232415902,0.075,1,31,327,2048
Q8IYH5,all,0,0.0177187153931339,0.1118881118881118,0.0857142857142857,1,16,143,903
Q8IYR0,all,0,0.0112540192926045,0.0843373493975903,0.1724137931034483,1,7,83,622
Q8IYS2,all,0,0.0063091482649842,0.0588235294117647,0.125,2,2,68,634
Q8IYT8,all,0,0.0154440154440154,0.0888888888888888,0.0833333333333333,1,16,180,1036
Q8IYW2,all,1,0.005524861878453,0.05,0.0476190476190476,1,15,300,2715
Q8IZ21,all,3,1.1965811965811963,6.774193548387097,6.892857142857143,14,60,124,702
Q8IZ21,regional,3,0.7692307692307693,4.354838709677419,4.642857142857143,9,60,124,702
Q8IZ81,all,0,0.0034129692832764,0.0357142857142857,0.0476190476190476,1,1,28,293
Q8IZC4,all,0,0.0394088669950738,0.3037974683544304,0.6206896551724138,3,8,79,609
Q8IZD0,all,0,0.0479616306954436,0.2409638554216867,0.2692307692307692,2,10,83,417
Q8IZD2,all,2,0.0753498385360602,0.4011461318051575,0.2307692307692307,4,35,349,1858
Q8IZD4,all,0,0.0340356564019448,0.2282608695652173,0.1666666666666666,1,21,92,617
Q8IZH2,all,1,0.063305978898007,0.5070422535211268,1.091799265605875,6,18,213,1706
Q8IZH2,regional,1,0.0316529894490035,0.2535211267605634,0.7894736842105263,3,18,213,1706
Q8IZL2,all,0,0.0086505190311418,0.0529100529100529,0.0625,1,10,189,1156
Q8IZL8,all,0,0.1194690265486725,0.9310344827586208,1.376657329598506,5,27,145,1130
Q8IZT6,all,0,0.0563704342824273,0.49,0.2488038277511961,2,98,400,3477
Q8IZU8,all,0,0.0066006600660066,0.054054054054054,0.0,1,8,148,1212
Q8IZV2,all,1,0.0520231213872832,0.25,1.0,1,9,36,173
Q8IZW8,all,0,0.1006993006993007,0.5070422535211268,0.5483870967741935,3,24,142,715
Q8N0U7,all,0,0.0128205128205128,0.0853658536585365,0.0,1,7,82,546
Q8N0X2,all,0,0.0253565768621236,0.1860465116279069,0.0526315789473684,2,8,86,631
Q8N0X7,all,0,0.0135135135135135,0.1125,0.1481481481481481,1,9,80,666
Q8N0Z3,all,0,0.0491228070175438,0.3043478260869565,0.2878787878787879,1,42,138,855
Q8N0Z6,all,0,0.0022727272727272,0.0169491525423728,0.04,1,1,59,440
Q8N103,all,0,0.0383036935704514,0.2295081967213114,0.2652631578947368,2,14,122,731
Q8N111,all,0,0.0402684563758389,0.3,0.3157894736842105,2,3,20,149
Q8N122,all,2,0.0584269662921348,0.4193548387096774,0.6809523809523809,2,39,186,1335
Q8N135,all,1,0.0037243947858473,0.0303030303030303,0.0408163265306122,1,2,66,537
Q8N183,all,1,0.0710059171597633,0.5454545454545454,0.625,2,6,22,169
Q8N184,all,0,0.0108191653786707,0.0721649484536082,0.0303030303030303,1,7,97,647
Q8N1A0,all,0,0.0169491525423728,0.1388888888888889,0.0,1,5,36,295
Q8N1F7,all,3,0.2442002442002442,1.941747572815534,2.4639639639639643,5,40,103,819
Q8N1F7,regional,3,0.1465201465201465,1.1650485436893203,2.0,3,40,103,819
Q8N1G0,all,4,0.3451899757477769,2.235602094240838,2.41405529953917,7,61,191,1237
Q8N1G0,regional,3,0.1972514147130153,1.2774869109947644,1.935483870967742,4,61,191,1237
Q8N1G1,all,0,0.0884520884520884,0.5775401069518716,0.6477272727272727,3,36,187,1221
Q8N1I0,all,2,0.0457782299084435,0.3333333333333333,0.6891891891891893,3,30,270,1966
Q8N228,all,0,0.0120772946859903,0.081967213114754,0.0625,1,5,61,414
Q8N264,all,1,0.0254010695187165,0.1570247933884297,0.3611111111111111,1,19,121,748
Q8N2A8,all,0,0.0079365079365079,0.0666666666666666,0.125,1,2,30,252
Q8N2M8,all,2,0.2433234421364985,1.312,1.5561497326203209,4,41,125,674
Q8N2N9,all,0,0.0066518847006651,0.0471204188481675,0.0875,1,9,191,1353
Q8N2Y8,all,0,0.0474934036939313,0.2758620689655172,0.2466124661246612,2,36,261,1516
Q8N319,all,1,0.0413223140495867,0.303030303030303,0.2222222222222222,2,5,33,242
Q8N3D4,all,2,0.0604070912672357,0.4693877551020408,0.48,2,46,196,1523
Q8N3K9,all,1,0.0368640943720815,0.1937984496124031,0.1263552138773901,3,50,774,4069
Q8N3P4,all,0,0.0154061624649859,0.1195652173913043,0.0571428571428571,1,22,184,1428
Q8N3V7,all,3,0.8589881593110872,4.586206896551724,5.553463203463204,14,57,174,929
Q8N3V7,regional,2,0.6749192680301399,3.603448275862069,4.3106060606060606,11,57,174,929
Q8N3X1,all,1,0.4365781710914454,2.324607329842932,1.761450331300652,12,37,191,1017
Q8N3X1,regional,1,0.1091445427728613,0.581151832460733,0.3442622950819672,3,37,191,1017
Q8N4A0,all,0,0.0121107266435986,0.106060606060606,0.15,1,7,66,578
Q8N4C6,all,1,0.1148325358851674,0.96,0.9988275260800288,6,40,250,2090
Q8N4C6,regional,1,0.0956937799043062,0.8,0.8953792502179599,5,40,250,2090
Q8N4C8,all,0,0.0367867867867867,0.3202614379084967,0.4473684210526316,1,49,153,1332
Q8N4H0,all,0,0.0076530612244897,0.0517241379310344,0.0555555555555555,1,3,58,392
Q8N4L4,all,0,0.0129449838187702,0.0909090909090909,0.1611111111111111,2,2,44,309
Q8N4P6,all,1,0.0483005366726296,0.3292682926829268,0.3333333333333333,3,9,82,559
Q8N4X5,all,1,0.0378973105134474,0.2540983606557377,0.2857142857142857,1,31,122,818
Q8N5C6,all,0,0.0331658291457286,0.2538461538461538,0.2819074333800841,3,11,130,995
Q8N5C8,all,2,0.1053370786516853,0.5681818181818182,0.5070422535211268,3,25,132,712
Q8N5G2,all,1,0.1144578313253012,0.9156626506024096,1.282051282051282,4,19,83,664
Q8N5I9,all,0,0.1297297297297297,0.6666666666666666,0.5333333333333333,2,12,36,185
Q8N5L8,all,0,0.0245398773006134,0.1818181818181818,0.0,1,4,22,163
Q8N5M1,all,0,0.0138408304498269,0.0909090909090909,0.1333333333333333,1,4,44,289
Q8N5N7,all,1,0.0189873417721519,0.1304347826086956,0.125,1,3,23,158
Q8N5R6,all,0,0.0146137787056367,0.1085271317829457,0.1276595744680851,2,7,129,958
Q8N684,all,1,0.1316348195329087,0.8985507246376812,0.8971774193548387,2,31,69,471
Q8N6C5,all,0,0.0074850299401197,0.0495049504950495,0.04,2,5,202,1336
Q8N6R0,all,0,0.0114449213161659,0.125,0.1904761904761904,1,8,64,699
Q8N6T3,all,2,0.1822660098522167,1.0,1.1470588235294117,2,37,74,406
Q8N7B6,all,0,0.0241935483870967,0.1395348837209302,0.1111111111111111,1,6,43,248
Q8N7H5,all,2,0.1638418079096045,1.1756756756756757,0.7717391304347826,3,29,74,531
Q8N7X4,all,0,0.0294840294840294,0.1690140845070422,0.3,2,6,71,407
Q8N8S7,all,2,0.2233502538071066,1.7837837837837838,2.196078431372549,4,33,74,591
Q8N8S7,regional,2,0.1675126903553299,1.337837837837838,1.6470588235294117,3,33,74,591
Q8N8U2,all,1,0.0217391304347826,0.1466666666666666,0.2777777777777778,1,11,75,506
Q8N9B5,all,0,0.0242914979757085,0.1889763779527559,0.2758620689655172,1,24,127,988
Q8N9M5,all,0,0.0314960629921259,0.2807017543859649,0.0,2,8,57,508
Q8N9U0,all,0,0.0938775510204081,0.4742268041237113,0.5388198757763976,2,23,97,490
Q8N9W8,all,0,0.0118483412322274,0.0561797752808988,0.1,1,5,89,422
Q8NA03,all,1,0.0258175559380378,0.1630434782608695,0.1612903225806451,1,15,92,581
Q8NA19,all,0,0.0096308186195826,0.1034482758620689,0.0,1,6,58,623
Q8NA23,all,0,0.0027247956403269,0.0181818181818181,0.0384615384615384,1,1,55,367
Q8NA58,all,0,0.0019230769230769,0.0169491525423728,0.0,1,1,59,520
Q8NA72,all,0,0.0365217391304347,0.2019230769230769,0.1777777777777777,1,21,104,575
Q8NA82,all,0,0.0334158415841584,0.1888111888111888,0.3461538461538461,3,9,143,808
Q8NA82,regional,0,0.0334158415841584,0.1888111888111888,0.3461538461538461,3,9,143,808
Q8NAP1,all,0,0.0061349693251533,0.027027027027027,0.0,1,1,37,163
Q8NAP3,all,0,0.0158995815899581,0.0979381443298969,0.2105263157894736,1,19,194,1195
Q8NAT1,all,0,0.0086206896551724,0.0847457627118644,0.3636363636363636,1,5,59,580
Q8NB12,all,0,0.010204081632653,0.1219512195121951,0.1851851851851851,1,5,41,490
Q8NBA8,all,0,0.0268456375838926,0.2222222222222222,0.0714285714285714,1,8,36,298
Q8NBF6,all,1,0.0277777777777777,0.1978021978021978,0.5833333333333334,2,9,91,648
Q8NBI5,all,0,0.0061099796334012,0.0410958904109589,0.0,1,3,73,491
Q8NBI6,all,0,0.005089058524173,0.064516129032258,0.0,2,1,31,393
Q8NBJ4,all,0,0.0448877805486284,0.5294117647058824,0.8666666666666667,2,9,34,401
Q8NBK3,all,0,0.0053475935828877,0.0454545454545454,0.0769230769230769,1,2,44,374
Q8NBL1,all,0,0.0051020408163265,0.0476190476190476,0.0,1,2,42,392
Q8NBN3,all,0,0.0216216216216216,0.1690140845070422,0.1224489795918367,1,12,71,555
Q8NBS9,all,2,0.074074074074074,0.6956521739130435,0.4199134199134199,4,8,46,432
Q8NC26,all,0,0.0119904076738609,0.078125,0.04,1,5,64,417
Q8NC51,all,1,0.071078431372549,0.7631578947368421,0.7619047619047619,1,29,38,408
Q8NCB2,all,0,0.0079840319361277,0.054054054054054,0.0434782608695652,2,2,74,501
Q8NCD3,all,1,0.0588235294117647,0.3384615384615385,0.2857142857142857,1,44,130,748
Q8NCH0,all,1,0.0159574468085106,0.2857142857142857,0.125,2,3,21,376
Q8NCM2,all,0,0.0121457489878542,0.0863309352517985,0.3846153846153846,1,12,139,988
Q8ND24,all,1,0.0938833570412517,0.6,0.4856630824372759,2,33,110,703
Q8ND56,all,1,0.1684665226781857,1.0833333333333333,1.135645933014354,3,26,72,463
Q8ND83,all,5,0.3080985915492957,1.650943396226415,2.5789473684210527,7,25,106,568
Q8ND83,regional,2,0.1320422535211267,0.7075471698113207,1.105263157894737,3,25,106,568
Q8NDC0,all,1,0.036734693877551,0.2307692307692307,0.3,3,3,39,245
Q8NDI1,all,0,0.0479285134037368,0.3206521739130434,0.4285714285714285,1,59,184,1231
Q8NDL9,all,0,0.0079006772009029,0.0460526315789473,0.1081081081081081,1,7,152,886
Q8NDT2,all,0,0.0539325842696629,0.384,0.4912280701754385,1,48,125,890
Q8NDV3,all,1,0.0089068825910931,0.0887096774193548,0.0769230769230769,1,11,124,1235
Q8NDV7,all,4,0.6850152905198776,3.230769230769231,3.178524458700882,21,64,416,1962
Q8NDV7,regional,4,0.6523955147808359,3.076923076923077,3.050617481956696,20,64,416,1962
Q8NDW8,all,0,0.0045454545454545,0.0535714285714285,0.0666666666666666,2,3,112,1320
Q8NDX5,all,1,0.7721261444557477,3.563380281690141,2.892134428141966,23,33,213,983
Q8NDX5,regional,1,0.503560528992879,2.323943661971831,1.870215820882129,15,33,213,983
Q8NDZ2,all,0,0.0068807339449541,0.0428571428571428,0.0476190476190476,1,6,140,872
Q8NE18,all,0,0.0083565459610027,0.058252427184466,0.0833333333333333,1,6,103,718
Q8NEE6,all,0,0.0054421768707482,0.037037037037037,0.0,1,4,108,735
Q8NEL9,all,0,0.0222222222222222,0.150375939849624,0.25,1,20,133,900
Q8NEM7,all,3,0.1437740693196405,0.835820895522388,1.0384615384615383,7,16,134,779
Q8NEM7,regional,3,0.1232349165596919,0.7164179104477612,1.0,6,16,134,779
Q8NEM8,all,0,0.0179820179820179,0.1118012422360248,0.1465116279069767,2,9,161,1001
Q8NEN0,all,1,0.0092272202998846,0.0661157024793388,0.0967741935483871,1,8,121,867
Q8NEY1,all,4,0.4603090037293553,2.255874673629243,2.904109589041096,6,144,383,1877
Q8NEZ2,all,0,0.1763224181360201,1.0294117647058822,0.8654545454545455,10,7,68,397
Q8NEZ2,regional,0,0.1763224181360201,1.0294117647058822,0.8654545454545455,10,7,68,397
Q8NEZ4,all,2,0.2962736713500305,1.8558673469387756,2.0654060473189,15,97,784,4911
Q8NEZ4,regional,0,0.1382610466300142,0.8660714285714286,0.9785633811394292,7,97,784,4911
Q8NF64,all,0,0.0260869565217391,0.1632653061224489,0.09375,2,12,147,920
Q8NF91,all,0,0.0982153006706831,0.7559055118110236,0.6286632197439181,9,96,1143,8797
Q8NF91,regional,0,0.0327384335568943,0.2519685039370078,0.1775147928994082,3,96,1143,8797
Q8NFC6,all,0,0.1966568338249754,1.011804384485666,1.0937950937950938,6,100,593,3051
Q8NFC6,regional,0,0.0983284169124877,0.5059021922428331,0.6181818181818182,3,100,593,3051
Q8NFD5,all,0,0.0724450194049159,0.5169230769230769,0.8725542041248017,4,42,325,2319
Q8NFD5,regional,0,0.0543337645536869,0.3876923076923076,0.7741935483870968,3,42,325,2319
Q8NFG4,all,0,0.0449050086355785,0.3095238095238095,0.2142857142857142,2,13,84,579
Q8NFH5,all,4,0.8374233128834356,4.2,3.758347016967707,7,39,65,326
Q8NFH5,regional,1,0.4785276073619632,2.4,1.3888888888888888,4,39,65,326
Q8NFH8,all,0,0.0439393939393939,0.2959183673469387,0.34,1,29,98,660
Q8NFP9,all,1,0.0115410726408689,0.0765765765765765,0.1690140845070422,1,34,444,2946
Q8NFQ8,all,1,0.1276595744680851,0.7792207792207793,0.6857142857142857,3,20,77,470
Q8NFU5,all,0,0.0336538461538461,0.2592592592592592,0.0476190476190476,1,14,54,416
Q8NFU7,all,0,0.0098314606741573,0.0564516129032258,0.0869565217391304,1,21,372,2136
Q8NFW5,all,0,0.0052356020942408,0.0377358490566037,0.0,1,2,53,382
Q8NFW9,all,0,0.0221187427240977,0.1266666666666666,0.0714285714285714,1,19,150,859
Q8NFX7,all,0,0.019047619047619,0.125,0.25,1,4,32,210
Q8NFZ5,all,1,0.0186480186480186,0.2352941176470588,0.3333333333333333,1,8,34,429
Q8NG27,all,1,0.0590979782270606,0.3584905660377358,0.8114285714285714,2,19,106,643
Q8NG31,all,0,0.3458582408198121,2.0930232558139537,2.50871105907004,10,81,387,2342
Q8NG31,regional,0,0.2421007685738685,1.4651162790697674,1.736317135549872,7,81,387,2342
Q8NH16,all,1,0.0032051282051282,0.0192307692307692,0.0192307692307692,1,1,52,312
Q8NHG7,all,1,0.0519480519480519,0.5,0.75,1,4,8,77
Q8NHH9,all,1,0.0137221269296741,0.1311475409836065,0.4444444444444444,1,8,61,583
Q8NHP8,all,1,0.0509337860780984,0.4225352112676056,0.1875,3,10,71,589
Q8NHU6,all,0,0.02367941712204,0.1969696969696969,0.0338983050847457,2,13,132,1098
Q8NHV4,all,2,0.3787878787878788,1.9083969465648856,2.811059907834101,5,50,131,660
Q8NI27,all,0,0.0885122410546139,0.698019801980198,0.5849420849420849,3,47,202,1593
Q8NI35,all,1,0.0210993892282065,0.1526104417670682,0.1521739130434782,1,38,249,1801
Q8NI77,all,0,0.0200445434298441,0.140625,0.0652173913043478,1,18,128,898
Q8TAQ2,all,0,0.0609555189456342,0.5,0.7575757575757576,2,37,148,1214
Q8TAT5,all,0,0.0132231404958677,0.0930232558139534,0.0,1,8,86,605
Q8TAT6,all,0,0.0131578947368421,0.0975609756097561,0.125,1,8,82,608
Q8TAW3,all,1,0.0112359550561797,0.0869565217391304,0.09375,1,6,69,534
Q8TB72,all,1,0.0647279549718574,0.4233128834355828,0.5635624538063563,3,23,163,1066
Q8TBA6,all,0,0.0287277701778385,0.1735537190082644,0.2203389830508474,1,21,121,731
Q8TBZ0,all,0,0.0288115246098439,0.183206106870229,0.1467203682393555,4,6,131,833
Q8TC07,all,3,0.1389290882778582,1.0786516853932584,1.261904761904762,3,32,89,691
Q8TC07,regional,3,0.1389290882778582,1.0786516853932584,1.261904761904762,3,32,89,691
Q8TC56,all,0,0.0446280991735537,0.216,0.45,3,9,125,605
Q8TC56,regional,0,0.0446280991735537,0.216,0.45,3,9,125,605
Q8TC92,all,0,0.0124416796267496,0.1095890410958904,0.0666666666666666,1,8,73,643
Q8TCJ2,all,1,0.135593220338983,1.0467289719626167,0.536036036036036,7,16,107,826
Q8TCN5,all,0,0.0661070304302203,0.3705882352941176,0.4477611940298507,3,21,170,953
Q8TCT7,all,0,0.0236486486486486,0.21875,0.0909090909090909,2,7,64,592
Q8TCU4,all,1,0.4366602687140115,2.2114216281895502,2.120149327045879,20,91,823,4168
Q8TCU4,regional,0,0.1309980806142034,0.6634264884568651,0.6612142646625405,6,91,823,4168
Q8TD19,all,1,0.0459652706843718,0.3435114503816794,0.625,1,45,131,979
Q8TD26,all,0,0.0541436464088397,0.4164305949008499,0.597822889085025,3,49,353,2715
Q8TDB6,all,0,0.1175675675675675,0.8285714285714286,0.6214354066985646,3,29,105,740
Q8TDG2,all,0,0.0132978723404255,0.1111111111111111,0.1111111111111111,1,5,45,376
Q8TDG4,all,0,0.0063578564940962,0.0460526315789473,0.125,1,7,152,1101
Q8TDI0,all,1,0.0051177072671443,0.0543478260869565,0.1333333333333333,1,10,184,1954
Q8TDJ6,all,0,0.0138339920948616,0.0897435897435897,0.024390243902439,1,42,468,3036
Q8TDM6,all,1,0.283480979676915,1.9854014598540144,2.321798896499239,8,68,274,1919
Q8TDM6,regional,1,0.1771756122980719,1.2408759124087592,1.483257229832572,5,68,274,1919
Q8TDN2,all,2,0.0110091743119266,0.0909090909090909,0.1666666666666666,2,3,66,545
Q8TDN6,all,1,0.0339943342776204,0.4137931034482758,0.75,3,4,29,353
Q8TE12,all,0,0.0026178010471204,0.0188679245283018,0.0,1,1,53,382
Q8TE49,all,0,0.0129589632829373,0.0991735537190082,0.0,1,12,121,926
Q8TE54,all,0,0.0030487804878048,0.0229885057471264,0.1176470588235294,1,2,87,656
Q8TE76,all,0,0.0106723585912486,0.0847457627118644,0.15,1,10,118,937
Q8TED1,all,0,0.0047846889952153,0.0526315789473684,0.0625,1,1,19,209
Q8TEK3,all,1,0.132726089785296,0.8192771084337349,0.6909739928607853,3,68,249,1537
Q8TEM1,all,0,0.0688924218335983,0.4406779661016949,0.261331106870229,5,26,295,1887
Q8TEQ6,all,2,0.1061007957559681,0.7476635514018691,0.7481060606060606,5,32,214,1508
Q8TEQ6,regional,1,0.0636604774535809,0.4485981308411215,0.2897727272727273,3,32,214,1508
Q8TEU7,all,0,0.0362273579013116,0.2205323193916349,0.2619047619047619,1,58,263,1601
Q8TEV9,all,0,0.0362860192102454,0.2138364779874214,0.2857142857142857,1,34,159,937
Q8TEW0,all,0,0.0700589970501475,0.4634146341463415,0.4571428571428571,1,95,205,1356
Q8TEX9,all,1,0.0185013876040703,0.1801801801801801,0.1818181818181818,2,10,111,1081
Q8TF40,all,3,0.2281303602058319,1.3434343434343434,1.4896969696969695,7,38,198,1166
Q8TF42,all,0,0.0184899845916795,0.1276595744680851,0.1999999999999999,2,6,94,649
Q8TF50,all,0,0.0134328358208955,0.1,0.1176470588235294,1,9,90,670
Q8TF68,all,1,0.2097053726169844,1.1634615384615383,0.8715542521994135,11,11,104,577
Q8TF68,regional,1,0.1715771230502599,0.9519230769230768,0.6780058651026393,9,11,104,577
Q8TF74,all,0,0.2545454545454545,1.8666666666666667,1.9090909090909087,7,16,60,440
Q8TF74,regional,0,0.1454545454545454,1.0666666666666669,1.0909090909090908,4,16,60,440
Q8WTR2,all,0,0.0092165898617511,0.0606060606060606,0.0,1,2,33,217
Q8WU10,all,0,0.002,0.0172413793103448,0.0333333333333333,1,1,58,500
Q8WU20,all,2,0.1614173228346456,0.9647058823529412,1.05,2,41,85,508
Q8WU58,all,0,0.0035587188612099,0.024390243902439,0.0454545454545454,1,2,82,562
Q8WU79,all,2,0.1188811188811188,0.9622641509433962,1.3993808049535603,3,17,53,429
Q8WUA7,all,0,0.0367504835589942,0.2878787878787879,0.4,1,19,66,517
Q8WUF5,all,1,0.0652173913043478,0.4695652173913043,0.5652173913043478,1,54,115,828
Q8WUH6,all,1,0.2586206896551724,1.5789473684210529,1.5714285714285714,5,6,19,116
Q8WUH6,regional,1,0.2068965517241379,1.263157894736842,1.1428571428571428,4,6,19,116
Q8WUM0,all,1,0.0397923875432525,0.2658959537572254,0.8,1,46,173,1156
Q8WUM4,all,4,0.1935483870967742,1.6633663366336633,1.6385118149824032,8,21,101,868
Q8WUR7,all,0,0.0392156862745098,0.3,0.0909090909090909,3,2,20,153
Q8WUS8,all,0,0.010178117048346,0.0930232558139534,0.125,1,4,43,393
Q8WV16,all,0,0.002020202020202,0.0138888888888888,0.0,1,1,72,495
Q8WV99,all,0,0.0389105058365758,0.2564102564102564,0.2857142857142857,2,5,39,257
Q8WVE6,all,0,0.0092592592592592,0.0697674418604651,0.0,1,3,43,324
Q8WVJ2,all,2,0.1019108280254777,0.7619047619047619,1.7142857142857142,2,8,21,157
Q8WVJ9,all,0,0.0375,0.1935483870967742,0.1538461538461538,2,3,31,160
Q8WVM7,all,0,0.0222575516693163,0.1904761904761904,0.078125,1,28,147,1258
Q8WVM8,all,0,0.0264797507788162,0.2151898734177215,0.125,1,17,79,642
Q8WW12,all,4,0.449438202247191,2.5,2.081730769230769,4,20,32,178
Q8WW12,regional,3,0.3370786516853932,1.875,1.3125,3,20,32,178
Q8WW24,all,0,0.0045977011494252,0.0344827586206896,0.0454545454545454,1,2,58,435
Q8WWH5,all,1,0.1489971346704871,0.8524590163934426,0.883847549909256,4,13,61,349
Q8WWI1,all,20,2.374331550802139,13.923344947735192,18.282781621399455,27,148,287,1683
Q8WWI1,regional,10,1.2311348781937017,7.219512195121951,10.271170839469807,14,148,287,1683
Q8WWI5,all,1,0.0106544901065449,0.0843373493975903,0.3333333333333333,1,7,83,657
Q8WWK9,all,0,0.0614934114202049,0.3414634146341463,0.4285714285714285,1,42,123,683
Q8WWM7,all,12,1.043720930232558,6.678571428571429,7.072686733556299,17,66,168,1075
Q8WWM7,regional,10,0.7367441860465116,4.714285714285714,5.117056856187291,12,66,168,1075
Q8WWQ0,all,1,0.1219110378912685,0.8191881918819188,0.9811237928007024,3,74,271,1821
Q8WWV3,all,0,0.0101010101010101,0.0816326530612244,0.1333333333333333,1,4,49,396
Q8WX93,all,5,0.4266088214027476,2.554112554112554,3.189045383411581,10,59,231,1383
Q8WX93,regional,1,0.2133044107013738,1.277056277056277,1.211267605633803,5,59,231,1383
Q8WXE0,all,0,0.040765391014975,0.298780487804878,0.1333333333333333,1,49,164,1202
Q8WXF0,all,1,0.0766283524904214,0.3225806451612903,0.3518518518518518,1,20,62,261
Q8WXF1,all,1,0.022944550669216,0.3243243243243243,0.6153846153846154,1,12,37,523
Q8WXG6,all,0,0.071645415907711,0.4521072796934866,0.4675814751286449,2,59,261,1647
Q8WXH0,all,0,0.0711692084241103,0.5778301886792453,0.5510269023216345,5,98,848,6885
Q8WXI4,all,0,0.0049423393739703,0.0384615384615384,0.032258064516129,1,3,78,607
Q8WXI7,all,0,0.0783759564348245,0.217899578382522,0.0903641012077933,3,379,5218,14507
Q8WXI9,all,5,0.8195615514333895,6.075,6.423541963015648,18,27,80,593
Q8WXI9,regional,4,0.5919055649241147,4.3875,4.754267425320057,13,27,80,593
Q8WXK1,all,0,0.0017006802721088,0.02,0.0,1,1,50,588
Q8WY36,all,2,0.255047821466525,1.6,1.4320230607966455,6,40,150,941
Q8WY36,regional,0,0.1700318809776833,1.0666666666666669,0.8667452830188679,4,40,150,941
Q8WYA6,all,0,0.0284191829484902,0.3555555555555555,0.3472222222222222,2,8,45,563
Q8WYP5,all,4,0.6654898499558694,3.88659793814433,5.452676279024213,13,116,388,2266
Q8WYP5,regional,3,0.3583406884377758,2.0927835051546397,2.741193919169447,7,116,388,2266
Q8WYQ9,all,0,0.0590094836670179,0.2705314009661835,0.2385093167701863,8,7,207,949
Q8WYQ9,regional,0,0.0295047418335089,0.1352657004830917,0.0533333333333333,4,7,207,949
Q8WZ42,all,4,0.2722561863173217,1.8670393292074263,1.8741690700074969,14,668,5009,34350
Q8WZ64,all,0,0.011150234741784,0.0736434108527131,0.0697674418604651,1,19,258,1704
Q92508,all,0,0.0095200317334391,0.091254752851711,0.04375,1,24,263,2521
Q92540,all,1,0.0527704485488126,0.3141361256544502,0.467654986522911,4,15,191,1137
Q92540,regional,1,0.0395778364116095,0.2356020942408377,0.3962264150943396,3,15,191,1137
Q92541,all,1,0.1014084507042253,0.7058823529411765,1.125,3,24,102,710
Q92541,regional,1,0.1014084507042253,0.7058823529411765,1.125,3,24,102,710
Q92542,all,2,0.0705218617771509,0.4424778761061947,0.5827380952380952,5,10,113,709
Q92545,all,0,0.0260223048327137,0.1353591160220994,0.0786516853932584,1,49,362,1883
Q92547,all,1,0.0328515111695138,0.2252252252252252,0.4509803921568627,1,50,222,1522
Q92552,all,2,0.0579710144927536,0.5217391304347826,0.4921630094043887,2,12,46,414
Q92569,all,0,0.0065075921908893,0.0681818181818181,0.0,1,3,44,461
Q92570,all,0,0.0319488817891373,0.2,0.0909090909090909,5,4,100,626
Q92574,all,0,0.0429553264604811,0.2688172043010752,0.26,1,50,186,1164
Q92576,all,6,0.6356056890632663,4.10126582278481,4.535058175137783,18,72,316,2039
Q92576,regional,1,0.3178028445316331,2.050632911392405,2.2364258011839158,9,72,316,2039
Q92585,all,0,0.2362204724409448,1.4285714285714286,1.4890577507598783,12,20,168,1016
Q92598,all,0,0.0303030303030303,0.2988505747126437,0.125,1,26,87,858
Q92609,all,2,0.1735849056603773,1.1219512195121952,1.4210526315789471,3,46,123,795
Q92610,all,1,0.21310181531176,1.238532110091743,1.5446836268754076,5,54,218,1267
Q92615,all,2,0.1910569105691057,1.165289256198347,1.2328042328042328,3,47,121,738
Q92615,regional,2,0.1910569105691057,1.165289256198347,1.2328042328042328,3,47,121,738
Q92618,all,0,0.0197764402407566,0.1455696202531645,0.1016949152542373,1,23,158,1163
Q92619,all,0,0.0387323943661971,0.2894736842105263,0.0416666666666666,1,44,152,1136
Q92621,all,0,0.0218687872763419,0.1981981981981982,0.3018867924528302,2,22,222,2012
Q92667,all,1,0.0863787375415282,0.5454545454545454,0.7769181173436492,2,39,143,903
Q92673,all,0,0.0085817524841915,0.0597484276729559,0.0275229357798165,1,19,318,2214
Q92733,all,1,0.1425661914460285,1.09375,0.6521739130434783,5,14,64,491
Q92733,regional,0,0.0855397148676171,0.65625,0.391304347826087,3,14,64,491
Q92734,all,1,0.18,1.2,1.3846153846153846,3,24,60,400
Q92736,all,0,0.0054358767867928,0.0469565217391304,0.037037037037037,1,27,575,4967
Q92738,all,1,0.0942028985507246,0.7027027027027027,0.7479674796747967,2,39,111,828
Q92750,all,1,0.0893271461716937,0.4529411764705882,0.5020697811945594,11,7,170,862
Q92766,all,1,0.3627741553052756,2.381322957198444,1.9398321158288108,9,68,257,1687
Q92769,all,1,0.0450819672131147,0.4680851063829787,1.0833333333333333,2,11,47,488
Q92793,all,4,0.4029484029484029,2.8034188034188032,3.0165501165501163,24,41,351,2442
Q92793,regional,3,0.1343161343161343,0.9344729344729344,1.1487179487179486,8,41,351,2442
Q92794,all,0,0.0214570858283433,0.1378205128205128,0.1509433962264151,1,43,312,2004
Q92797,all,1,0.0941915227629513,0.8053691275167785,0.7912457912457912,3,40,149,1274
Q92819,all,1,0.0217391304347826,0.1666666666666666,0.2473118279569892,2,6,72,552
Q92826,all,1,0.0492957746478873,0.3888888888888889,0.5714285714285714,2,7,36,284
Q92835,all,1,0.0622371740958788,0.3854166666666667,0.5467440361057383,2,37,192,1189
Q92841,all,5,0.3209876543209876,2.659090909090909,3.423076923076923,9,26,88,729
Q92841,regional,3,0.2139917695473251,1.7727272727272727,2.230769230769231,6,26,88,729
Q92854,all,0,0.0510440835266821,0.352,0.1481481481481481,4,11,125,862
Q92878,all,1,0.0396341463414634,0.3586206896551724,0.2459016393442623,4,13,145,1312
Q92896,all,0,0.005089058524173,0.0530973451327433,0.0697674418604651,1,6,113,1179
Q92900,all,1,0.0186005314437555,0.1532846715328467,0.1538461538461538,1,21,137,1129
Q92903,all,1,0.0238611713665943,0.1774193548387097,0.6,1,11,62,461
Q92917,all,3,0.2100840336134453,1.9230769230769231,2.1214574898785425,5,20,52,476
Q92917,regional,3,0.1680672268907563,1.5384615384615383,1.6599190283400809,4,20,52,476
Q92918,all,1,0.0372148859543817,0.2792792792792792,0.72,1,31,111,833
Q92922,all,0,0.0235294117647058,0.2260869565217391,0.0769230769230769,1,26,115,1105
Q92925,all,0,0.0244821092278719,0.2888888888888888,0.0,1,13,45,531
Q92945,all,8,0.3924050632911392,5.264150943396227,5.896551724137931,9,31,53,711
Q92945,regional,4,0.1744022503516174,2.339622641509434,2.6206896551724137,4,31,53,711
Q92973,all,0,0.0111358574610244,0.119047619047619,0.2352941176470588,1,10,84,898
Q92974,all,0,0.061866125760649,0.4485294117647059,0.3809523809523809,1,61,136,986
Q92985,all,0,0.0159045725646123,0.1403508771929824,0.0833333333333333,1,8,57,503
Q92990,all,0,0.005050505050505,0.05,0.0,1,3,60,594
Q92997,all,2,0.164804469273743,0.900763358778626,1.4181818181818182,2,59,131,716
Q93009,all,0,0.0163339382940108,0.1682242990654205,0.134054054054054,2,9,107,1102
Q93052,all,5,0.7222222222222222,5.261904761904762,5.68561872909699,13,34,84,612
Q93052,regional,0,0.2777777777777778,2.023809523809524,1.9933110367892977,5,34,84,612
Q93097,all,0,0.0025575447570332,0.0212765957446808,0.0,1,1,47,391
Q93099,all,0,0.0089887640449438,0.0833333333333333,0.1481481481481481,1,4,48,445
Q969H0,all,0,0.0396039603960396,0.247787610619469,0.4615384615384615,2,14,113,707
Q969P6,all,0,0.0116472545757071,0.1296296296296296,0.0,1,7,54,601
Q969Q1,all,0,0.0084985835694051,0.0714285714285714,0.0909090909090909,1,3,42,353
Q969R5,all,0,0.026950354609929,0.2087912087912088,0.1212121212121212,1,19,91,705
Q969T3,all,0,0.0134048257372654,0.125,0.1818181818181818,1,5,40,373
Q969V3,all,0,0.0177619893428063,0.1492537313432835,0.2622222222222222,2,5,67,563
Q969V4,all,1,0.0023923444976076,0.025,0.0625,1,1,40,418
Q969V6,all,1,0.0816326530612244,0.4720496894409938,0.5084745762711864,2,38,161,931
Q96A73,all,0,0.0393442622950819,0.2352941176470588,0.45,1,12,51,305
Q96AE4,all,2,0.124223602484472,1.568627450980392,0.9590909090909092,5,16,51,644
Q96AE7,all,0,0.0122699386503067,0.1111111111111111,0.132258064516129,2,7,126,1141
Q96AG3,all,2,0.0645933014354067,0.45,2.1666666666666665,3,9,60,418
Q96AP0,all,1,0.0458515283842794,0.2560975609756097,0.55,1,21,82,458
Q96AQ1,all,0,0.0026455026455026,0.0188679245283018,0.0,1,1,53,378
Q96AQ6,all,0,0.0246238030095759,0.2337662337662337,0.3095238095238095,1,18,77,731
Q96AX2,all,1,0.0224215246636771,0.15625,0.6666666666666666,1,5,32,223
Q96AY3,all,0,0.0171821305841924,0.175438596491228,0.1666666666666666,5,2,57,582
Q96AY4,all,0,0.1108424022571543,0.7746478873239436,1.1774257925982063,5,55,355,2481
Q96B18,all,1,0.0763116057233704,0.5217391304347826,0.6037735849056604,2,24,92,629
Q96B23,all,1,0.1336633663366336,0.6,0.7435064935064934,2,27,90,404
Q96B49,all,1,0.081081081081081,0.75,1.0,3,2,8,74
Q96B49,regional,1,0.081081081081081,0.75,1.0,3,2,8,74
Q96B97,all,2,0.3609022556390977,2.2857142857142856,2.3859649122807016,5,48,105,665
Q96B97,regional,1,0.2165413533834586,1.3714285714285714,1.415204678362573,3,48,105,665
Q96BD5,all,3,0.3705882352941176,2.230088495575221,2.2944352159468435,14,18,113,680
Q96BD5,regional,3,0.2911764705882353,1.752212389380531,1.9462209302325584,11,18,113,680
Q96BJ8,all,0,0.0055555555555555,0.0526315789473684,0.0,2,2,76,720
Q96BK5,all,0,0.0396341463414634,0.2826086956521739,0.1818181818181818,1,13,46,328
Q96BR6,all,0,0.0150862068965517,0.1044776119402985,0.074074074074074,1,7,67,464
Q96BT1,all,0,0.0034246575342465,0.0217391304347826,0.0,1,1,46,292
Q96BY6,all,1,0.0402561756633119,0.2802547770700637,0.3608649789029535,2,44,314,2186
Q96BY7,all,0,0.0158806544754571,0.0985074626865671,0.2222222222222222,1,33,335,2078
Q96BZ4,all,0,0.0019762845849802,0.0142857142857142,0.0,1,1,70,506
Q96C19,all,0,0.0416666666666666,0.4545454545454545,0.5,1,10,22,240
Q96C36,all,1,0.09375,0.6666666666666666,0.4705882352941176,2,15,45,320
Q96C86,all,1,0.0148367952522255,0.1724137931034483,0.4,1,5,29,337
Q96CB8,all,0,0.2619047619047619,1.1,0.6831395348837209,11,11,110,462
Q96CB8,regional,0,0.1666666666666666,0.7,0.6831395348837209,7,11,110,462
Q96CP2,all,0,0.0785714285714285,0.5789473684210527,0.625,1,11,19,140
Q96CP6,all,1,0.0331491712707182,0.1860465116279069,0.2564102564102564,1,24,129,724
Q96CS3,all,1,0.0179775280898876,0.1777777777777777,0.375,1,8,45,445
Q96CV9,all,1,0.0935875216637781,0.7012987012987013,0.8148148148148148,2,27,77,577
Q96CW5,all,0,0.01212789415656,0.0887096774193548,0.0625,1,11,124,907
Q96D15,all,0,0.0030487804878048,0.0384615384615384,0.0625,1,1,26,328
Q96D71,all,1,0.2562814070351759,1.3691275167785235,1.3132678132678133,3,68,149,796
Q96DB5,all,0,0.0127388535031847,0.1111111111111111,0.3333333333333333,1,4,36,314
Q96DF8,all,2,0.1701680672268907,1.2461538461538462,1.6666666666666667,3,27,65,476
Q96DH6,all,0,0.0152439024390243,0.131578947368421,0.0,1,5,38,328
Q96DI7,all,0,0.011204481792717,0.0784313725490196,0.5,1,4,51,357
Q96DM1,all,0,0.0136752136752136,0.1,0.1,1,8,80,585
Q96DN6,all,0,0.0069790628115653,0.0434782608695652,0.07,1,7,161,1003
Q96DX4,all,0,0.0052083333333333,0.0384615384615384,0.0,1,3,78,576
Q96E11,all,0,0.0229007633587786,0.1764705882352941,0.0,1,6,34,262
Q96E93,all,0,0.0102564102564102,0.0588235294117647,0.0,1,2,34,195
Q96EB1,all,0,0.0283018867924528,0.2033898305084746,0.0,2,6,59,424
Q96EB6,all,1,0.0455153949129852,0.4146341463414634,0.44,1,34,82,747
Q96EF0,all,0,0.002840909090909,0.0219780219780219,0.0588235294117647,1,2,91,704
Q96EG3,all,0,0.0112994350282485,0.1034482758620689,0.0769230769230769,1,6,58,531
Q96EK5,all,0,0.0064412238325281,0.0851063829787234,0.0,1,4,47,621
Q96ES7,all,0,0.0238907849829351,0.2258064516129032,0.0,1,7,31,293
Q96EV2,all,4,0.2735042735042735,2.406015037593985,2.642857142857143,10,32,133,1170
Q96EV2,regional,1,0.1094017094017094,0.962406015037594,1.0714285714285714,4,32,133,1170
Q96EV8,all,0,0.0626780626780626,0.3928571428571428,0.1538461538461538,2,11,56,351
Q96EY7,all,0,0.0174165457184325,0.1304347826086956,0.0857648099027409,2,6,92,689
Q96EZ4,all,0,0.0063897763578274,0.0476190476190476,0.0,1,2,42,313
Q96F07,all,0,0.0062597809076682,0.0606060606060606,0.048780487804878,2,4,132,1278
Q96F45,all,0,0.0278637770897832,0.1451612903225806,0.1481481481481481,1,18,124,646
Q96F46,all,0,0.010392609699769,0.09,0.0384615384615384,1,9,100,866
Q96FC7,all,0,0.0186170212765957,0.1320754716981132,0.1481481481481481,1,7,53,376
Q96G23,all,0,0.0131578947368421,0.1282051282051282,0.03125,1,5,39,380
Q96G28,all,0,0.0175438596491228,0.1666666666666666,0.2727272727272727,1,6,36,342
Q96G42,all,1,0.005050505050505,0.0375,0.0625,1,3,80,594
Q96GD3,all,0,0.0151515151515151,0.0980392156862745,0.0476190476190476,1,10,102,660
Q96GM5,all,0,0.0077669902912621,0.0769230769230769,0.0,1,4,52,515
Q96GM8,all,0,0.0156862745098039,0.1269841269841269,0.0,1,8,63,510
Q96GW7,all,0,0.0032930845225027,0.02803738317757,0.0333333333333333,1,3,107,911
Q96GX5,all,2,0.204778156996587,1.25,1.1896551724137931,3,60,144,879
Q96GY0,all,0,0.08,0.5416666666666666,0.3636363636363636,2,13,48,325
Q96HA1,all,1,1.8710968775020016,7.514469453376206,9.09667711598746,41,57,311,1249
Q96HA1,regional,1,1.0496397117694156,4.215434083601286,5.068843608498781,23,57,311,1249
Q96HA7,all,0,0.0304789550072568,0.2641509433962264,0.4062968515742129,2,21,159,1378
Q96HB5,all,0,0.0396825396825396,0.2873563218390804,0.2,1,25,87,630
Q96HC4,all,11,1.721476510067114,9.679245283018869,10.223214285714285,27,38,106,596
Q96HC4,regional,10,1.4664429530201342,8.245283018867925,8.678571428571429,23,38,106,596
Q96HD1,all,0,0.0047619047619047,0.048780487804878,0.0714285714285714,2,1,41,420
Q96HE7,all,0,0.0149572649572649,0.1489361702127659,0.0869565217391304,1,7,47,468
Q96HI0,all,0,0.0185430463576158,0.1386138613861386,0.09375,1,14,101,755
Q96HP0,all,1,0.0185637518319491,0.1423220973782771,0.225,1,38,267,2047
Q96HW7,all,0,0.0103842159916926,0.0884955752212389,0.075,1,10,113,963
Q96I24,all,5,0.5594405594405595,5.245901639344262,4.988571428571428,16,20,61,572
Q96I24,regional,0,0.2097902097902098,1.9672131147540983,1.7028571428571428,6,20,61,572
Q96I59,all,0,0.0062893081761006,0.0566037735849056,0.0,1,3,53,477
Q96IZ0,all,1,0.1,0.7727272727272727,0.7307692307692308,2,17,44,340
Q96IZ5,all,0,0.0145278450363196,0.1034482758620689,0.1538461538461538,2,3,58,413
Q96IZ7,all,1,0.1317365269461078,0.6376811594202898,0.6071428571428571,2,22,69,334
Q96JB6,all,0,0.0026455026455026,0.024390243902439,0.0,1,2,82,756
Q96JB8,all,0,0.0047095761381475,0.0434782608695652,0.0,1,3,69,637
Q96JE9,all,0,0.029520295202952,0.2790697674418604,0.2419354838709677,4,6,86,813
Q96JF6,all,0,0.0111524163568773,0.0825688073394495,0.1166666666666666,1,9,109,807
Q96JG6,all,1,0.0269709543568464,0.2047244094488189,0.3461538461538461,1,26,127,964
Q96JG9,all,0,0.0103718694662281,0.0699658703071672,0.087719298245614,1,41,586,3953
Q96JH7,all,1,0.1718494271685761,1.2280701754385963,1.0295652173913044,6,35,171,1222
Q96JH7,regional,1,0.1145662847790507,0.8187134502923976,0.6817391304347826,4,35,171,1222
Q96JK9,all,0,0.0140597539543057,0.0975609756097561,0.0786605904497721,2,8,164,1138
Q96JM2,all,0,0.0937749401436552,0.6385869565217391,0.7357825419324356,5,47,368,2506
Q96JM3,all,4,0.955665024630542,5.58273381294964,5.712121212121212,8,97,139,812
Q96JM3,regional,1,0.5972906403940886,3.489208633093525,3.484848484848485,5,97,139,812
Q96JN0,all,2,0.0785219399538106,0.3820224719101123,0.4736842105263157,2,17,89,433
Q96JY6,all,5,0.6392045454545454,3.2142857142857144,3.9475806451612905,5,45,70,352
Q96K21,all,0,0.1273885350318471,1.0909090909090908,1.3571428571428572,3,20,55,471
Q96K21,regional,0,0.1273885350318471,1.0909090909090908,1.3571428571428572,3,20,55,471
Q96K80,all,0,0.0138248847926267,0.1071428571428571,0.2727272727272727,2,3,56,434
Q96K83,all,1,0.0068649885583524,0.0439024390243902,0.081081081081081,1,9,205,1311
Q96KA5,all,0,0.0092936802973977,0.072463768115942,0.0,1,5,69,538
Q96KM6,all,4,0.4899103139013453,3.5528455284552845,4.162736488317884,19,23,123,892
Q96KM6,regional,2,0.3094170403587444,2.2439024390243905,2.7552447552447554,12,23,123,892
Q96KR1,all,3,1.2085661080074488,7.502890173410405,7.56043956043956,59,22,173,1074
Q96KR1,regional,3,0.7988826815642458,4.959537572254336,6.327212261422787,39,22,173,1074
Q96KW2,all,0,0.0038647342995169,0.016,0.0,2,2,250,1035
Q96L73,all,0,0.0452522255192878,0.2997542997542997,0.2597402597402597,2,61,407,2696
Q96L91,all,9,1.247863247863248,9.103926096997691,10.595342181006265,54,73,433,3159
Q96L91,regional,6,0.9012345679012346,6.575057736720554,7.789950457422495,39,73,433,3159
Q96LC9,all,0,0.0217391304347826,0.25,0.6666666666666666,1,4,16,184
Q96LI5,all,0,0.0054054054054054,0.0491803278688524,0.0,1,3,61,555
Q96LI9,all,1,0.0180722891566265,0.1578947368421052,0.5,2,3,38,332
Q96LL4,all,0,0.006269592476489,0.0363636363636363,0.0,1,2,55,319
Q96LU7,all,1,0.0043956043956043,0.0296296296296296,0.0566037735849056,1,4,135,910
Q96LW1,all,0,0.0049019607843137,0.03,0.06,1,3,100,612
Q96LW4,all,0,0.0160714285714285,0.1384615384615384,0.15,1,9,65,560
Q96M02,all,0,0.0171673819742489,0.116504854368932,0.1764705882352941,1,12,103,699
Q96M27,all,1,0.4134831460674157,2.271604938271605,0.7066985645933014,23,8,81,445
Q96M27,regional,0,0.2876404494382023,1.5802469135802468,0.5105263157894737,16,8,81,445
Q96M29,all,0,0.0123711340206185,0.0952380952380952,0.1841491841491841,2,3,63,485
Q96M83,all,0,0.0101083032490974,0.0614035087719298,0.1428571428571428,1,14,228,1385
Q96M91,all,1,0.0038910505836575,0.0714285714285714,0.1428571428571428,1,2,28,514
Q96MB7,all,0,0.0114613180515759,0.0769230769230769,0.0571428571428571,1,4,52,349
Q96ME7,all,0,0.0158730158730158,0.1153846153846153,0.08,1,9,78,567
Q96MH7,all,0,0.0031347962382445,0.0188679245283018,0.0294117647058823,1,2,106,638
Q96MM7,all,1,0.0198347107438016,0.1538461538461538,0.1818181818181818,1,12,78,605
Q96MU7,all,0,0.0536451169188445,0.4148936170212766,0.1666666666666666,1,39,94,727
Q96MW7,all,0,0.0118443316412859,0.0760869565217391,0.088235294117647,1,7,92,591
Q96MY1,all,1,0.2201834862385321,1.032258064516129,0.7362637362637363,8,12,93,436
Q96MY1,regional,0,0.110091743119266,0.5161290322580645,0.2448979591836734,4,12,93,436
Q96MY7,all,0,0.0123647604327666,0.0909090909090909,0.131578947368421,1,8,88,647
Q96N06,all,0,0.0863309352517985,0.48,0.6666666666666666,2,6,25,139
Q96N46,all,0,0.0753246753246753,0.4873949579831932,0.5581395348837209,2,29,119,770
Q96N67,all,1,0.0883177570093458,0.6077170418006431,0.4857142857142857,3,63,311,2140
Q96N76,all,0,0.0088757396449704,0.0857142857142857,0.0965116279069767,2,3,70,676
Q96NB3,all,0,0.0349462365591397,0.2765957446808511,0.1818181818181818,1,13,47,372
Q96NJ6,all,0,0.0199203187250996,0.1492537313432835,0.2142857142857142,1,10,67,502
Q96NU0,all,0,0.0007763975155279,0.005050505050505,0.0,1,1,198,1288
Q96NW7,all,1,0.0247234873129473,0.1630901287553648,0.2307692307692307,2,19,233,1537
Q96P16,all,1,0.048076923076923,0.3846153846153846,0.3809523809523809,1,15,39,312
Q96PC5,all,0,0.0141643059490084,0.1047120418848167,0.0208333333333333,1,20,191,1412
Q96PF2,all,0,0.0027932960893854,0.025,0.0,1,1,40,358
Q96PK6,all,15,1.1434977578475336,6.652173913043479,8.265934065934067,17,45,115,669
Q96PK6,regional,5,0.336322869955157,1.9565217391304348,1.7487179487179487,5,45,115,669
Q96PN6,all,1,0.0186335403726708,0.1875,0.2250322580645161,3,10,160,1610
Q96PP9,all,0,0.0109375,0.1044776119402985,0.2068965517241379,1,7,67,640
Q96PU5,all,1,0.082051282051282,0.6557377049180327,1.2307692307692308,2,40,122,975
Q96PU8,all,1,0.0791788856304985,0.8181818181818182,0.75,3,9,33,341
Q96PV0,all,0,0.0104244229337304,0.0710659898477157,0.1764705882352941,1,14,197,1343
Q96PV6,all,0,0.03,0.2016806722689075,0.3507214206437292,4,6,119,800
Q96PY5,all,2,0.0883977900552486,0.8347826086956521,1.2630434782608695,4,24,115,1086
Q96PZ0,all,0,0.021180030257186,0.1728395061728395,0.1428571428571428,1,14,81,661
Q96Q04,all,0,0.0041095890410958,0.0365853658536585,0.0493827160493827,1,6,164,1460
Q96Q11,all,0,0.0115207373271889,0.1136363636363636,0.0,1,5,44,434
Q96Q15,all,0,0.0147500682873531,0.0996309963099631,0.4081632653061224,1,54,542,3661
Q96Q89,all,0,0.1126373626373626,0.8299595141700404,0.934435648621042,5,41,247,1820
Q96QB1,all,1,0.0294502617801047,0.1737451737451737,0.1,1,45,259,1528
Q96QC0,all,2,0.1446808510638297,1.3877551020408163,1.5272727272727271,4,34,98,940
Q96QE3,all,1,0.0314533622559652,0.1795665634674922,0.25,1,58,323,1844
Q96QE5,all,0,0.0083333333333333,0.0576923076923076,0.0526315789473684,1,3,52,360
Q96QS3,all,0,0.0071174377224199,0.0555555555555555,0.1,1,4,72,562
Q96QT6,all,4,0.4043824701195219,2.4457831325301207,3.2717161503814687,14,29,166,1004
Q96QT6,regional,2,0.0866533864541832,0.5240963855421686,1.3255813953488371,3,29,166,1004
Q96QZ7,all,0,0.0207914151576123,0.1441860465116279,0.0545454545454545,1,31,215,1491
Q96R06,all,1,0.0502933780385582,0.3015075376884422,0.4444444444444444,1,60,199,1193
Q96RD6,all,0,0.001477104874446,0.015625,0.0,1,1,64,677
Q96RD7,all,0,0.0093896713615023,0.0754716981132075,0.0444444444444444,1,4,53,426
Q96RK0,all,0,0.0250297973778307,0.2423076923076923,0.1315259980938261,7,9,260,2517
Q96RN5,all,0,0.1015228426395939,0.7619047619047619,1.38126159554731,10,8,105,788
Q96RN5,regional,0,0.0609137055837563,0.4571428571428571,0.8654916512059369,6,8,105,788
Q96RP9,all,0,0.0119840213049267,0.1125,0.04,1,9,80,751
Q96RR4,all,0,0.0289115646258503,0.2266666666666666,0.0416666666666666,1,17,75,588
Q96RT1,all,0,0.1133144475920679,0.6751054852320675,0.8051948051948052,2,80,237,1412
Q96RT8,all,0,0.0234375,0.1791044776119403,0.0597014925373134,2,12,134,1024
Q96RW7,all,0,0.011357586512866,0.0759193357058125,0.0941176470588235,2,32,843,5635
Q96RY5,all,0,0.0173364854215918,0.102803738317757,0.1617647058823529,1,22,214,1269
Q96S06,all,0,0.001763668430335,0.0163934426229508,0.25,1,1,61,567
Q96S15,all,0,0.0151898734177215,0.1176470588235294,0.2,1,12,102,790
Q96S16,all,0,0.0037878787878787,0.0303030303030303,0.0,1,1,33,264
Q96S52,all,0,0.0144144144144144,0.1126760563380281,0.16,2,4,71,555
Q96S55,all,1,0.037593984962406,0.2976190476190476,0.0769230769230769,1,25,84,665
Q96SB8,all,2,0.0256645279560036,0.2522522522522522,0.286774628879892,2,14,111,1091
Q96SD1,all,0,0.0346820809248554,0.1935483870967742,0.0294117647058823,1,24,124,692
Q96SI9,all,0,0.0148809523809523,0.1111111111111111,0.0,1,10,90,672
Q96ST2,all,5,0.6593406593406593,4.029850746268656,4.578643578643579,6,90,134,819
Q96ST3,all,3,0.3024351924587588,2.5,4.188834154351396,11,35,154,1273
Q96ST3,regional,1,0.1099764336213668,0.9090909090909092,1.522167487684729,4,35,154,1273
Q96T37,all,0,0.1617195496417605,0.9875,0.7852389594676346,2,79,160,977
Q96T51,all,0,0.0282485875706214,0.2631578947368421,0.2916666666666667,1,20,76,708
Q96T58,all,15,3.521561135371179,21.22203947368421,19.986255795079323,69,187,608,3664
Q96T58,regional,10,1.8373362445414847,11.072368421052632,10.908631379219614,36,187,608,3664
Q96TA1,all,0,0.0442359249329758,0.3837209302325581,0.0909090909090909,1,33,86,746
Q96TA2,all,1,0.038809831824062,0.2777777777777778,0.3240909090909091,5,6,108,773
Q99081,all,6,1.313782991202346,5.270588235294118,5.776292335115865,16,56,170,682
Q99424,all,0,0.0044052863436123,0.034090909090909,0.0,1,3,88,681
Q99439,all,3,0.2135922330097087,1.5,1.9285714285714288,3,22,44,309
Q99460,all,0,0.0199370409233997,0.1844660194174757,0.2,1,19,103,953
Q99490,all,1,0.0327181208053691,0.1764705882352941,0.3673469387755102,1,39,221,1192
Q99496,all,0,0.0208333333333333,0.1272727272727272,0.25,1,7,55,336
Q99504,all,3,0.2233856893542757,1.0847457627118644,1.998916827852998,8,16,118,573
Q99504,regional,3,0.0837696335078534,0.4067796610169492,1.2272727272727273,3,16,118,573
Q99536,all,0,0.0279898218829516,0.2894736842105263,0.0,1,11,38,393
Q99538,all,0,0.0138568129330254,0.1176470588235294,0.0714285714285714,1,6,51,433
Q99543,all,1,0.0483091787439613,0.4761904761904761,0.3719298245614035,3,10,63,621
Q99569,all,1,0.0830536912751677,0.44,0.5972222222222222,1,99,225,1192
Q99575,all,0,0.0205078125,0.1627906976744186,0.3181818181818182,1,21,129,1024
Q99583,all,0,0.0206185567010309,0.1714285714285714,0.1678321678321678,3,4,70,582
Q99590,all,2,0.3246753246753247,1.6843971631205674,2.071085251707564,5,95,282,1463
Q99594,all,2,0.0689655172413793,0.4615384615384615,0.5454545454545454,3,10,65,435
Q99607,all,1,0.0663650075414781,0.3259259259259259,0.4307692307692308,4,11,135,663
Q99613,all,0,0.0208105147864184,0.1881188118811881,0.3043478260869565,1,19,101,913
Q99614,all,1,0.0821917808219178,0.7741935483870968,1.0416666666666663,2,12,31,292
Q99623,all,0,0.0535117056856187,0.5,0.5333333333333333,1,16,32,299
Q99627,all,0,0.0095693779904306,0.1,0.1,1,2,20,209
Q99640,all,1,0.0581162324649298,0.453125,0.68,1,29,64,499
Q99661,all,2,0.0882758620689655,0.6530612244897959,1.0857142857142856,2,32,98,725
Q99698,all,1,0.0294659300184162,0.2074074074074074,0.631578947368421,2,56,540,3801
Q99700,all,4,1.0144706778370145,5.526970954356846,5.698474845181432,18,74,241,1313
Q99700,regional,0,0.5072353389185073,2.763485477178423,3.0306054557551563,9,74,241,1313
Q99714,all,1,0.0344827586206896,0.36,0.3076923076923077,1,9,25,261
Q99715,all,0,0.009794319294809,0.059171597633136,0.0853658536585365,1,30,507,3063
Q99717,all,0,0.0473118279569892,0.3142857142857143,0.625,2,11,70,465
Q99728,all,0,0.036036036036036,0.2333333333333333,0.15,1,28,120,777
Q99729,all,0,0.0150602409638554,0.15625,0.0909090909090909,1,5,32,332
Q99808,all,1,0.0197368421052631,0.1428571428571428,0.3333333333333333,1,9,63,456
Q99816,all,0,0.023076923076923,0.173076923076923,0.0,1,9,52,390
Q99856,all,1,0.1011804384485666,0.8695652173913043,0.8769913288969551,4,15,69,593
Q99959,all,1,0.0624290578887627,0.3900709219858156,0.725,1,55,141,881
Q99961,all,0,0.0489130434782608,0.45,0.392156862745098,2,9,40,368
Q99963,all,0,0.0172910662824207,0.1463414634146341,0.0416666666666666,1,6,41,347
Q99973,all,0,0.0114198705748001,0.0847457627118644,0.0897435897435897,2,15,354,2627
Q99985,all,0,0.0079893475366178,0.0545454545454545,0.0769230769230769,1,6,110,751
Q9BPX5,all,0,0.0196078431372549,0.1875,0.0,1,3,16,153
Q9BPZ7,all,0,0.0613026819923371,0.3855421686746988,0.6086956521739131,2,16,83,522
Q9BQ04,all,0,0.0389972144846796,0.2857142857142857,0.1333333333333333,2,7,49,359
Q9BQ24,all,1,0.017094017094017,0.1481481481481481,0.0833333333333333,1,4,27,234
Q9BQ52,all,0,0.0181598062953995,0.1630434782608695,0.0384615384615384,1,15,92,826
Q9BQ75,all,0,0.014336917562724,0.1290322580645161,0.1428571428571428,1,4,31,279
Q9BQC3,all,2,0.0572597137014314,0.5490196078431373,1.25,2,14,51,489
Q9BQF6,all,0,0.0142857142857142,0.0735294117647058,0.1,1,15,204,1050
Q9BQG0,all,1,0.0813253012048192,0.6545454545454545,0.8441452468380253,2,54,165,1328
Q9BQI6,all,0,0.0066162570888468,0.0526315789473684,0.0,1,7,133,1058
Q9BR76,all,0,0.0368098159509202,0.2950819672131147,0.2714285714285714,2,9,61,489
Q9BRQ8,all,0,0.0053619302949061,0.0425531914893617,0.0384615384615384,1,2,47,373
Q9BRR8,all,0,0.0161117078410311,0.1102941176470588,0.1,1,15,136,931
Q9BSH4,all,0,0.0067340067340067,0.0666666666666666,0.0714285714285714,1,2,30,297
Q9BSJ8,all,1,0.0706521739130434,0.5531914893617021,0.91812865497076,2,39,141,1104
Q9BSQ5,all,0,0.036036036036036,0.2077922077922078,0.1111111111111111,1,16,77,444
Q9BT09,all,1,0.0935251798561151,0.7027027027027027,1.5,2,13,37,278
Q9BTA9,all,6,1.2751159196290571,5.392156862745098,5.055097087378641,15,55,153,647
Q9BTA9,regional,4,0.9350850077279752,3.954248366013072,3.238398058252427,11,55,153,647
Q9BTC0,all,5,1.2571428571428571,9.202614379084968,10.10637898686679,32,88,306,2240
Q9BTC0,regional,4,0.9035714285714286,6.61437908496732,7.337804878048781,23,88,306,2240
Q9BTK6,all,1,0.1299212598425196,0.8918918918918919,0.8823529411764706,3,11,37,254
Q9BTV7,all,0,0.0188284518828451,0.1451612903225806,0.0,1,9,62,478
Q9BTX1,all,0,0.0311572700296735,0.1909090909090909,0.2105263157894736,1,21,110,674
Q9BU40,all,0,0.006578947368421,0.0555555555555555,0.0555555555555555,1,3,54,456
Q9BUG6,all,0,0.0161290322580645,0.1111111111111111,0.0625,1,8,72,496
Q9BUH6,all,1,0.0490196078431372,0.4166666666666667,0.8333333333333334,1,10,24,204
Q9BUJ2,all,0,0.1144859813084112,1.1395348837209305,1.2272727272727273,7,14,86,856
Q9BUJ2,regional,0,0.0817757009345794,0.813953488372093,1.0227272727272727,5,14,86,856
Q9BUL9,all,1,0.0452261306532663,0.3461538461538461,0.7777777777777778,1,9,26,199
Q9BV35,all,0,0.0042735042735042,0.04,0.0,1,2,50,468
Q9BV73,all,2,0.0425880425880425,0.4227642276422764,0.5882352941176471,2,52,246,2442
Q9BVA0,all,0,0.0335877862595419,0.2291666666666666,0.4444444444444444,1,22,96,655
Q9BVC6,all,0,0.0082304526748971,0.0689655172413793,0.3333333333333333,1,2,29,243
Q9BVL2,all,0,0.1469115191986644,0.6027397260273972,0.6306818181818181,44,2,146,599
Q9BVL2,regional,0,0.1001669449081803,0.410958904109589,0.365530303030303,30,2,146,599
Q9BVP2,all,0,0.0255009107468123,0.2153846153846154,0.1,1,14,65,549
Q9BVT8,all,1,0.065040650406504,0.4444444444444444,0.5714285714285714,2,8,36,246
Q9BW30,all,0,0.0113636363636363,0.0909090909090909,0.0,1,2,22,176
Q9BW62,all,0,0.0061224489795918,0.0625,0.0952380952380952,1,3,48,490
Q9BWF2,all,0,0.0255863539445629,0.2,0.3072463768115941,2,6,60,469
Q9BWF3,all,2,0.3324175824175824,2.4693877551020407,2.1519607843137254,11,11,49,364
Q9BWF3,regional,1,0.2115384615384615,1.5714285714285714,1.392156862745098,7,11,49,364
Q9BWG4,all,1,0.0155844155844155,0.109090909090909,0.1111111111111111,1,6,55,385
Q9BWK5,all,0,0.0254777070063694,0.1428571428571428,0.125,1,4,28,157
Q9BWN1,all,0,0.029059829059829,0.1808510638297872,0.125,1,17,94,585
Q9BWW4,all,2,0.0360824742268041,0.2692307692307692,0.4892857142857142,2,7,52,388
Q9BX66,all,1,0.0572755417956656,0.3032786885245901,0.2121212121212121,1,74,244,1292
Q9BX84,all,0,0.0074183976261127,0.0524475524475524,0.0444444444444444,1,15,286,2022
Q9BXB4,all,0,0.0267737617135207,0.1550387596899224,0.3636363636363636,1,20,129,747
Q9BXC9,all,0,0.0055478502080443,0.0404040404040404,0.0,1,4,99,721
Q9BXF6,all,0,0.0826952526799387,0.4462809917355372,0.55,1,54,121,653
Q9BXJ3,all,0,0.0364741641337386,0.3157894736842105,0.0,2,6,38,329
Q9BXL7,all,1,0.0337954939341421,0.2708333333333333,0.282051282051282,1,39,144,1154
Q9BXP5,all,1,0.0353881278538812,0.4246575342465753,0.3333333333333333,1,31,73,876
Q9BXS0,all,0,0.0030581039755351,0.0555555555555555,0.04,1,2,36,654
Q9BXS5,all,1,0.0260047281323877,0.2075471698113207,0.074074074074074,1,11,53,423
Q9BXS6,all,3,0.2925170068027211,1.7671232876712328,1.725,3,43,73,441
Q9BXT4,all,0,0.0084745762711864,0.0694444444444444,0.0428571428571428,1,10,144,1180
Q9BXT5,all,0,0.0279670132664037,0.1526418786692759,0.1634393910430174,3,26,511,2789
Q9BXT6,all,0,0.0090834021469859,0.0700636942675159,0.1875,1,11,157,1211
Q9BXU1,all,0,0.0255152109911678,0.2047244094488189,0.2330779054916986,2,13,127,1019
Q9BXU7,all,0,0.0021905805038335,0.0166666666666666,0.0769230769230769,2,1,120,913
Q9BXW6,all,0,0.0178947368421052,0.146551724137931,0.03125,1,17,116,950
Q9BXW7,all,0,0.0023640661938534,0.0277777777777777,0.0,1,1,36,423
Q9BXX3,all,1,0.0093056549749463,0.0722222222222222,0.0909090909090909,1,13,180,1397
Q9BY49,all,0,0.0165016501650165,0.1219512195121951,0.1034482758620689,1,5,41,303
Q9BY77,all,1,0.0570071258907363,0.4285714285714285,0.4285714285714285,1,24,56,421
Q9BYC2,all,0,0.0038684719535783,0.04,0.0,1,2,50,517
Q9BYE2,all,0,0.0221843003412969,0.1192660550458715,0.1764705882352941,1,13,109,586
Q9BYJ9,all,1,0.3220035778175313,1.9565217391304348,1.2539184952978055,15,12,92,559
Q9BYJ9,regional,1,0.2790697674418604,1.6956521739130437,1.0940438871473357,13,12,92,559
Q9BYP7,all,0,0.0383333333333333,0.2035398230088495,0.2028174101499006,3,23,339,1800
Q9BYV7,all,0,0.001727115716753,0.0158730158730158,0.0,1,1,63,579
Q9BYV8,all,0,0.0268096514745308,0.1886792452830188,0.1428571428571428,1,10,53,373
Q9BYV9,all,0,0.0570749108204518,0.3503649635036496,0.2295566502463054,3,16,137,841
Q9BYW2,all,0,0.0897035881435257,0.4893617021276595,0.5365853658536586,2,115,470,2564
Q9BYX2,all,0,0.0161637931034482,0.1595744680851064,0.1363636363636363,1,15,94,928
Q9BZ95,all,0,0.0271398747390396,0.1893203883495145,0.0,1,39,206,1437
Q9BZE4,all,0,0.0252365930599369,0.2580645161290322,0.3636363636363636,1,16,62,634
Q9BZE9,all,1,0.0198915009041591,0.1549295774647887,0.35,1,11,71,553
Q9BZF2,all,1,0.0427553444180522,0.2769230769230769,0.4646464646464646,2,18,130,842
Q9BZF9,all,0,0.0134180790960451,0.1210191082802547,0.1458333333333333,1,19,157,1416
Q9BZL6,all,2,0.0911161731207289,0.6611570247933884,1.0303030303030305,2,40,121,878
Q9BZM4,all,0,0.0040983606557377,0.0333333333333333,0.05,1,1,30,244
Q9BZR8,all,0,0.018348623853211,0.1224489795918367,0.2,1,6,49,327
Q9BZY9,all,0,0.0070588235294117,0.0517241379310344,0.0,1,3,58,425
Q9C099,all,1,0.0067829457364341,0.0642201834862385,0.1081081081081081,1,7,109,1032
Q9C0A1,all,0,0.0066096423017107,0.0454545454545454,0.0444444444444444,1,17,374,2572
Q9C0A6,all,1,0.6102635228848821,2.8758169934640523,2.7422038285769075,22,40,306,1442
Q9C0A6,regional,0,0.2496532593619972,1.1764705882352942,1.0748649771499792,9,40,306,1442
Q9C0B2,all,0,0.0025252525252525,0.0186915887850467,0.0357142857142857,1,4,214,1584
Q9C0B9,all,0,0.0441426146010186,0.2765957446808511,0.2580645161290322,2,26,188,1178
Q9C0C2,all,0,0.1873915558126084,1.136842105263158,1.118279569892473,2,162,285,1729
Q9C0C7,all,2,0.184899845916795,0.963855421686747,0.9845258844034104,10,24,249,1298
Q9C0C7,regional,1,0.110939907550077,0.5783132530120482,0.54210042865891,6,24,249,1298
Q9C0D2,all,1,0.0672818146866589,0.3897550111358575,0.3991536940943909,5,35,449,2601
Q9C0D5,all,1,0.3310048361096185,1.9555555555555555,2.6468965517241383,11,56,315,1861
Q9C0D7,all,0,0.0362400906002265,0.2302158273381295,0.3859649122807017,2,16,139,883
Q9C0E4,all,0,0.0153403643336529,0.0993788819875776,0.1265976871576384,2,8,161,1043
Q9C0F0,all,0,0.0169039145907473,0.0822510822510822,0.0449438202247191,2,19,462,2248
Q9C0F1,all,1,0.123076923076923,0.8571428571428571,1.2857142857142856,4,12,56,390
Q9C0G0,all,0,0.0169039145907473,0.1073446327683615,0.1348314606741573,1,38,354,2248
Q9C0I3,all,0,0.0233333333333333,0.1065989847715736,0.1298701298701298,1,21,197,900
Q9C0K7,all,0,0.0239234449760765,0.1219512195121951,0.0833333333333333,2,5,82,418
Q9GZM5,all,0,0.0171428571428571,0.1714285714285714,0.1481481481481481,3,2,35,350
Q9GZN7,all,0,0.0174216027874564,0.1428571428571428,0.1875,1,5,35,287
Q9GZR1,all,0,0.0260791366906474,0.1801242236024844,0.2166666666666666,1,29,161,1112
Q9GZR5,all,1,0.0063694267515923,0.0571428571428571,0.6666666666666666,1,2,35,314
Q9GZX9,all,0,0.0089686098654708,0.064516129032258,0.0,1,2,31,223
Q9GZY0,all,1,0.0063897763578274,0.0421052631578947,0.0952380952380952,1,4,95,626
Q9GZY8,all,2,0.2105263157894736,1.411764705882353,1.5,3,24,51,342
Q9H015,all,0,0.0054446460980036,0.0434782608695652,0.0,1,3,69,551
Q9H069,all,0,0.0038240917782026,0.048780487804878,0.0,2,1,41,523
Q9H082,all,0,0.0087336244541484,0.0666666666666666,0.0,1,2,30,229
Q9H089,all,1,0.0243161094224924,0.1860465116279069,0.2258064516129032,1,16,86,658
Q9H0A0,all,0,0.0234146341463414,0.2105263157894736,0.0769230769230769,1,24,114,1025
Q9H0E3,all,7,0.6698473282442748,3.4411764705882355,2.899624060150376,39,18,204,1048
Q9H0E3,regional,4,0.2919847328244275,1.5,1.1813186813186811,17,18,204,1048
Q9H0E9,all,1,0.2186234817813765,1.4361702127659577,1.2510964912280702,9,30,188,1235
Q9H0E9,regional,1,0.1700404858299595,1.1170212765957446,0.8448464912280702,7,30,188,1235
Q9H0H5,all,1,0.1613924050632911,1.02,1.256969696969697,2,51,100,632
Q9H0K6,all,0,0.0114122681883024,0.1111111111111111,0.0857142857142857,1,8,72,701
Q9H0M4,all,1,0.0015432098765432,0.0108695652173913,0.0303030303030303,1,1,92,648
Q9H0W8,all,1,0.0269230769230769,0.1917808219178082,0.5,1,14,73,520
Q9H147,all,0,0.0182370820668693,0.2,0.0833333333333333,1,6,30,329
Q9H161,all,0,0.0194647201946472,0.123076923076923,0.0,2,4,65,411
Q9H173,all,0,0.0086767895878524,0.08,0.0,1,4,50,461
Q9H175,all,0,0.003683241252302,0.0219780219780219,0.0,1,2,91,543
Q9H1A4,all,2,0.1064814814814814,0.7016949152542373,1.6285714285714286,3,69,295,1944
Q9H1B7,all,2,0.5125628140703518,3.5789473684210527,4.842105263157895,12,34,114,796
Q9H1B7,regional,0,0.2135678391959799,1.4912280701754386,2.017543859649123,5,34,114,796
Q9H1D0,all,1,0.0352941176470588,0.3506493506493506,0.8571428571428571,3,9,77,765
Q9H1D0,regional,1,0.0352941176470588,0.3506493506493506,0.8571428571428571,3,9,77,765
Q9H1E5,all,0,0.0085959885386819,0.081081081081081,0.3333333333333333,1,3,37,349
Q9H1H9,all,1,0.0216066481994459,0.1433823529411764,0.4615384615384615,1,39,272,1805
Q9H1J7,all,1,0.011142061281337,0.0975609756097561,0.1026315789473684,2,2,41,359
Q9H1K0,all,1,0.0880102040816326,0.6764705882352942,0.9090909090909092,3,23,102,784
Q9H1Z4,all,0,0.0206185567010309,0.144927536231884,0.5,1,10,69,485
Q9H267,all,0,0.0081037277147487,0.072463768115942,0.0714285714285714,1,5,69,617
Q9H269,all,0,0.0035756853396901,0.0379746835443038,0.0,1,3,79,839
Q9H270,all,0,0.0106269925611052,0.091743119266055,0.3157894736842105,1,10,109,941
Q9H2C0,all,0,0.0134003350083752,0.123076923076923,0.0,2,4,65,597
Q9H2D6,all,1,0.0312896405919661,0.1651785714285714,0.1578947368421052,2,37,448,2365
Q9H2F5,all,0,0.0777511961722488,0.4744525547445255,0.1886792452830188,5,13,137,836
Q9H2F5,regional,0,0.0466507177033492,0.2846715328467153,0.0,3,13,137,836
Q9H2P0,all,0,0.2504537205081669,1.652694610778443,1.905448717948718,6,46,167,1102
Q9H2P0,regional,0,0.1252268602540834,0.8263473053892215,1.0769230769230769,3,46,167,1102
Q9H2T7,all,0,0.0055147058823529,0.0408163265306122,0.0476190476190476,1,6,147,1088
Q9H2U2,all,0,0.0209580838323353,0.2058823529411764,0.125,1,7,34,334
Q9H2X6,all,0,0.0876460767946577,0.4216867469879518,0.5165423883376152,5,21,249,1198
Q9H2Y7,all,1,0.2071163037705788,1.0985915492957747,0.9172446308670276,5,78,355,1883
Q9H307,all,1,0.0962343096234309,0.5227272727272727,0.5181818181818182,1,69,132,717
Q9H330,all,1,0.0204778156996587,0.15,0.036144578313253,1,18,120,879
Q9H334,all,1,0.1152141802067946,0.7647058823529411,0.5424466338259442,6,13,102,677
Q9H334,regional,0,0.0576070901033973,0.3823529411764705,0.4591133004926108,3,13,102,677
Q9H361,all,0,0.0126782884310618,0.1025641025641025,0.0434782608695652,2,4,78,631
Q9H3G5,all,0,0.0042016806722689,0.0425531914893617,0.0,1,2,47,476
Q9H3K2,all,0,0.008695652173913,0.0652173913043478,0.125,1,3,46,345
Q9H3Q1,all,0,0.0786516853932584,0.4666666666666667,0.3793103448275862,1,28,60,356
Q9H3S7,all,0,0.1039119804400978,0.9444444444444444,1.0865261813537677,5,34,180,1636
Q9H3U1,all,1,0.024364406779661,0.2254901960784313,0.8333333333333334,1,23,102,944
Q9H425,all,0,0.110091743119266,0.6923076923076923,0.9230769230769232,2,18,52,327
Q9H444,all,1,0.0357142857142857,0.4210526315789473,1.0,1,8,19,224
Q9H4A3,all,9,1.3988245172124265,6.32258064516129,5.468390569813312,49,68,527,2382
Q9H4A3,regional,3,0.5709487825356843,2.5806451612903225,1.7313856015779092,20,68,527,2382
Q9H4B4,all,1,0.0108359133126934,0.0875,0.15,1,7,80,646
Q9H4F1,all,0,0.009933774834437,0.0697674418604651,0.0869565217391304,1,3,43,302
Q9H4G0,all,3,0.6129398410896708,3.776223776223776,2.6064425770308124,9,60,143,881
Q9H4G0,regional,3,0.4767309875141884,2.937062937062937,2.032212885154061,7,60,143,881
Q9H4I2,all,1,0.2311715481171548,1.3987341772151898,1.9153846153846157,13,17,158,956
Q9H4I2,regional,1,0.1600418410041841,0.9683544303797468,1.4564102564102563,9,17,158,956
Q9H4Z2,all,0,0.011177347242921,0.0694444444444444,0.0784313725490196,1,15,216,1342
Q9H582,all,1,0.1055011303692539,0.6167400881057269,0.7832106038291605,5,28,227,1327
Q9H598,all,0,0.0114285714285714,0.1111111111111111,0.25,1,6,54,525
Q9H5I5,all,0,0.0076308139534883,0.0605187319884726,0.0251256281407035,1,21,347,2752
Q9H694,all,0,0.028747433264887,0.1513513513513513,0.1683644595359366,2,14,185,974
Q9H6B1,all,0,0.0278481012658227,0.1527777777777778,0.1923076923076923,1,11,72,395
Q9H6D7,all,0,0.0137741046831955,0.1351351351351351,0.1052631578947368,1,5,37,363
Q9H6K1,all,0,0.0268456375838926,0.1860465116279069,0.0,1,8,43,298
Q9H6Q3,all,0,0.0114942528735632,0.0681818181818181,0.0,1,3,44,261
Q9H6Q4,all,0,0.0210084033613445,0.175438596491228,0.1212121212121212,2,5,57,476
Q9H6R3,all,0,0.0116618075801749,0.1025641025641025,0.1515151515151515,1,8,78,686
Q9H6S0,all,1,0.0881118881118881,0.6331658291457286,0.8216062544420752,3,42,199,1430
Q9H707,all,0,0.0171990171990172,0.1129032258064516,0.1111111111111111,1,7,62,407
Q9H788,all,0,0.0286343612334801,0.2708333333333333,0.3333333333333333,1,13,48,454
Q9H792,all,2,0.3487972508591065,1.98371335504886,2.6802507836990594,7,87,307,1746
Q9H792,regional,2,0.3487972508591065,1.98371335504886,2.6802507836990594,7,87,307,1746
Q9H7D0,all,1,0.0245989304812834,0.1908713692946058,0.7666666666666667,1,46,241,1870
Q9H7J1,all,0,0.010752688172043,0.1428571428571428,0.0,1,3,21,279
Q9H7N4,all,1,0.1219512195121951,0.64,0.5823257202567547,2,80,250,1312
Q9H7P9,all,0,0.1818181818181818,1.2233009708737863,1.2362090793995295,6,42,206,1386
Q9H7S9,all,0,0.0966101694915254,0.5229357798165137,0.6923076923076923,3,19,109,590
Q9H7U1,all,0,0.0503597122302158,0.2709677419354839,0.4,2,21,155,834
Q9H845,all,1,0.0434782608695652,0.3417721518987341,0.2439024390243902,3,9,79,621
Q9H8M1,all,0,0.0168067226890756,0.1142857142857142,0.0714285714285714,2,2,35,238
Q9H8V3,all,3,0.2461706783369803,1.573426573426573,1.8142857142857145,5,45,143,914
Q9H8V3,regional,3,0.1477024070021881,0.944055944055944,1.2,3,45,143,914
Q9H8Y5,all,0,0.024793388429752,0.2045454545454545,0.0588235294117647,1,18,88,726
Q9H8Y8,all,4,0.4579646017699115,2.4352941176470586,4.803030303030304,9,23,85,452
Q9H8Y8,regional,3,0.2035398230088495,1.0823529411764703,2.333333333333333,4,23,85,452
Q9H910,all,3,0.5263157894736842,3.333333333333333,3.3846153846153846,4,25,30,190
Q9H939,all,0,0.0149700598802395,0.1515151515151515,0.1428571428571428,1,5,33,334
Q9H9B4,all,1,0.031055900621118,0.25,0.2676470588235294,2,5,40,322
Q9H9D4,all,0,0.0194444444444444,0.1686746987951807,0.25,2,7,83,720
Q9H9Z2,all,0,0.0191387559808612,0.2,0.4,1,4,20,209
Q9HAH7,all,1,0.0913043478260869,0.8936170212765957,0.5625,3,14,47,460
Q9HAP2,all,0,0.0609357997823721,0.3684210526315789,0.5142118863049095,8,7,152,919
Q9HAP2,regional,0,0.030467899891186,0.1842105263157894,0.0465116279069767,4,7,152,919
Q9HAS3,all,0,0.0202604920405209,0.1414141414141414,0.0476190476190476,2,7,99,691
Q9HAT2,all,0,0.0095602294455066,0.0684931506849315,0.0303030303030303,1,5,73,523
Q9HAU0,all,2,0.2956989247311828,1.8131868131868127,1.9813686026451984,5,66,182,1116
Q9HAU5,all,0,0.0110062893081761,0.109375,0.1538461538461538,1,14,128,1272
Q9HAW0,all,0,0.0572792362768496,0.4067796610169492,0.3512544802867383,3,8,59,419
Q9HAW4,all,1,0.0985810306198655,0.6567164179104478,0.8571428571428571,2,66,201,1339
Q9HAY6,all,0,0.0127970749542961,0.0985915492957746,0.15625,1,7,71,547
Q9HB21,all,0,0.2178217821782178,1.4915254237288136,1.5,4,22,59,404
Q9HB21,regional,0,0.2178217821782178,1.4915254237288136,1.5,4,22,59,404
Q9HB29,all,0,0.0052173913043478,0.0428571428571428,0.0625,1,3,70,575
Q9HB71,all,1,0.0570175438596491,0.40625,0.5,1,13,32,228
Q9HBB8,all,0,0.008284023668639,0.047945205479452,0.125,1,7,146,845
Q9HBD1,all,2,0.4198152812762384,2.6041666666666665,2.942796887689607,25,20,192,1191
Q9HBD1,regional,2,0.1343408900083963,0.8333333333333334,0.9838882921589688,8,20,192,1191
Q9HBF4,all,0,0.0308880308880308,0.24,0.2714932126696833,3,8,100,777
Q9HBG7,all,0,0.0503816793893129,0.2598425196850393,0.2928571428571428,3,11,127,655
Q9HBK9,all,0,0.0106666666666666,0.1052631578947368,0.0,1,4,38,375
Q9HBL0,all,1,0.008700380641653,0.050314465408805,0.1052631578947368,1,16,318,1839
Q9HBM6,all,7,0.4780876494023904,3.2432432432432434,4.166666666666667,8,15,37,251
Q9HBM6,regional,6,0.4183266932270916,2.8378378378378377,3.6666666666666665,7,15,37,251
Q9HC07,all,0,0.0246913580246913,0.2162162162162162,0.5,2,4,37,324
Q9HC35,all,1,0.1243628950050968,0.7439024390243902,1.0703703703703704,2,61,164,981
Q9HC78,all,3,0.4588394062078272,2.361111111111111,2.3780487804878048,17,20,144,741
Q9HC78,regional,0,0.0809716599190283,0.4166666666666667,0.6260162601626016,3,20,144,741
Q9HC84,all,0,0.0798333911836168,0.2494577006507592,0.2469240353249411,10,46,1844,5762
Q9HCD5,all,4,1.0569948186528495,7.116279069767442,8.435534591194967,18,34,86,579
Q9HCD5,regional,2,0.7046632124352331,4.744186046511628,5.605345911949686,12,34,86,579
Q9HCD6,all,2,0.3301507537688442,2.0091743119266057,2.910646486711395,9,73,327,1990
Q9HCD6,regional,1,0.1467336683417085,0.8929663608562691,1.300150829562594,4,73,327,1990
Q9HCE3,all,1,0.1229823212913143,0.6611570247933884,0.5581395348837209,4,40,242,1301
Q9HCE3,regional,0,0.0922367409684857,0.4958677685950413,0.4186046511627907,3,40,242,1301
Q9HCF6,all,0,0.0051963048498845,0.04,0.0,1,9,225,1732
Q9HCH5,all,0,0.0406852248394004,0.2345679012345679,0.2784810126582278,1,38,162,934
Q9HCK1,all,0,0.0203908241291418,0.1276595744680851,0.1323529411764706,2,24,376,2354
Q9HCK8,all,3,0.2898101511042231,2.155619596541787,2.711622276029056,11,68,347,2581
Q9HCK8,regional,3,0.1053855094924448,0.7838616714697406,1.1864406779661016,4,68,347,2581
Q9HCM2,all,0,0.0158394931362196,0.1204819277108433,0.1131928181108509,3,10,249,1894
Q9HCM7,all,1,0.0516746411483253,0.4122137404580153,0.5263157894736842,2,27,131,1045
Q9HCN8,all,0,0.0135746606334841,0.09375,0.125,1,3,32,221
Q9HCS2,all,1,0.0057251908396946,0.05,1.0,1,3,60,524
Q9HCS5,all,0,0.0306122448979591,0.1926605504587156,0.2978723404255319,1,21,109,686
Q9HCU4,all,0,0.0075265138556277,0.0517647058823529,0.048994619088077,2,11,425,2923
Q9HD33,all,0,0.024,0.25,0.25,2,3,24,250
Q9HD90,all,0,0.0090634441087613,0.0526315789473684,0.0,3,1,57,331
Q9HDB9,all,0,0.0029985007496251,0.027027027027027,0.0714285714285714,1,2,74,667
Q9HDC9,all,0,0.0961538461538461,0.7547169811320755,0.9675324675324676,4,10,53,416
Q9NP61,all,1,0.065891472868217,0.3366336633663366,0.2631578947368421,1,34,101,516
Q9NP62,all,0,0.0206422018348623,0.1304347826086956,0.1578947368421052,1,9,69,436
Q9NP71,all,1,0.0598591549295774,0.3863636363636363,0.5395256916996047,3,17,132,852
Q9NPD8,all,0,0.0101522842639593,0.1111111111111111,0.0,1,2,18,197
Q9NPF5,all,2,0.1820128479657387,1.6666666666666667,2.6,5,17,51,467
Q9NPG3,all,1,0.7178130511463845,4.448087431693989,3.41113653699466,22,37,183,1134
Q9NPG3,regional,1,0.5873015873015873,3.639344262295082,2.6937452326468345,18,37,183,1134
Q9NPG4,all,1,0.0304054054054054,0.2105263157894736,0.09375,3,12,171,1184
Q9NPG4,regional,1,0.0304054054054054,0.2105263157894736,0.09375,3,12,171,1184
Q9NPI6,all,0,0.4020618556701031,2.146788990825688,1.2582236842105263,6,39,109,582
Q9NPI6,regional,0,0.3350515463917525,1.788990825688073,0.7894736842105263,5,39,109,582
Q9NPR9,all,0,0.011049723756906,0.0952380952380952,0.0,2,3,63,543
Q9NQ66,all,0,0.0723684210526315,0.5827814569536424,0.5264550264550265,4,22,151,1216
Q9NQ76,all,0,0.0209523809523809,0.1358024691358024,0.1304347826086956,1,11,81,525
Q9NQC3,all,5,0.2348993288590604,1.3930348258706469,2.975,7,40,201,1192
Q9NQG7,all,0,0.0112994350282485,0.0761904761904762,0.1666666666666666,1,8,105,708
Q9NQI0,all,0,0.0096685082872928,0.0686274509803921,0.1764705882352941,1,7,102,724
Q9NQL9,all,0,0.0423728813559322,0.25,0.3333333333333333,1,20,80,472
Q9NQS3,all,0,0.0054644808743169,0.0375,0.0,1,3,80,549
Q9NQS5,all,0,0.0202020202020202,0.1481481481481481,0.5,1,8,54,396
Q9NQS7,all,2,0.3169934640522875,2.4453781512605044,2.1714285714285717,3,97,119,918
Q9NQV6,all,0,0.038360941586748,0.2514285714285714,0.1992537313432835,4,11,175,1147
Q9NQW6,all,2,0.1743772241992882,0.8949771689497716,1.1127531472359058,2,98,219,1124
Q9NQX3,all,1,0.1508152173913043,1.099009900990099,1.9256965944272448,3,37,101,736
Q9NQX3,regional,1,0.1508152173913043,1.099009900990099,1.9256965944272448,3,37,101,736
Q9NQZ7,all,0,0.0033112582781456,0.0317460317460317,0.0526315789473684,1,2,63,604
Q9NR09,all,0,0.0288243771875643,0.1761006289308176,0.1776046738072054,2,70,795,4857
Q9NR12,all,5,0.7111597374179431,5.603448275862069,6.1875,13,25,58,457
Q9NR12,regional,2,0.2188183807439825,1.7241379310344829,1.8,4,25,58,457
Q9NR30,all,2,0.1340996168582375,1.05,1.543189368770764,3,35,100,783
Q9NR50,all,0,0.0110619469026548,0.0961538461538461,0.0,1,5,52,452
Q9NR56,all,0,0.0618556701030927,0.48,0.5454545454545454,4,6,50,388
Q9NR64,all,0,0.0080213903743315,0.0560747663551401,0.05,1,6,107,748
Q9NRA8,all,3,0.300507614213198,1.8616352201257864,2.123745819397993,4,74,159,985
Q9NRB3,all,0,0.002415458937198,0.0238095238095238,0.0,1,1,42,414
Q9NRC8,all,1,0.015,0.1132075471698113,0.0869565217391304,1,6,53,400
Q9NRD8,all,0,0.0045219638242894,0.0419161676646706,0.0099009900990099,1,7,167,1548
Q9NRG0,all,0,0.0076335877862595,0.0526315789473684,0.0,1,1,19,131
Q9NRG9,all,0,0.0622710622710622,0.3908045977011494,0.1951219512195122,2,17,87,546
Q9NRJ4,all,0,0.0058327932598833,0.037037037037037,0.0459770114942528,1,9,243,1543
Q9NRL3,all,0,0.0557768924302788,0.4242424242424242,0.6984126984126985,2,21,99,753
Q9NRM2,all,0,0.0022222222222222,0.0217391304347826,0.0,1,1,46,450
Q9NRM7,all,0,0.0744485294117647,0.6183206106870229,0.6887755102040817,3,27,131,1088
Q9NRR4,all,0,0.0131004366812227,0.12,0.0689655172413793,1,18,150,1374
Q9NRR5,all,0,0.0232945091514143,0.1359223300970873,0.1864406779661017,1,14,103,601
Q9NRX1,all,0,0.0079365079365079,0.0714285714285714,0.0,2,1,28,252
Q9NS40,all,0,0.0083612040133779,0.0531914893617021,0.1666666666666666,1,10,188,1196
Q9NS73,all,0,0.0174418604651162,0.1621621621621621,0.0833333333333333,1,6,37,344
Q9NS91,all,2,0.1757575757575757,1.0235294117647058,1.375,3,29,85,495
Q9NSB8,all,1,0.0112994350282485,0.0689655172413793,0.0769230769230769,1,4,58,354
Q9NSC2,all,0,0.0135951661631419,0.0636042402826855,0.1333333333333333,1,18,283,1324
Q9NSC7,all,0,0.0466666666666666,0.3218390804597701,0.4149184149184149,4,7,87,600
Q9NSC7,regional,0,0.035,0.2413793103448276,0.3846153846153846,3,7,87,600
Q9NSI6,all,1,0.1034482758620689,0.6185567010309279,0.7465640061325269,3,80,388,2320
Q9NSK0,all,1,0.0743134087237479,0.5974025974025974,0.8,2,23,77,619
Q9NSV4,all,1,0.0159262363788767,0.1496062992125984,0.2608695652173913,1,19,127,1193
Q9NSY1,all,0,0.1085271317829457,0.7544910179640718,0.6153846153846154,3,42,167,1161
Q9NTI5,all,0,0.0421561852107809,0.3351648351648351,0.0862068965517241,1,61,182,1447
Q9NTK1,all,0,0.0047169811320754,0.0294117647058823,0.0,1,1,34,212
Q9NTU4,all,0,0.015,0.0909090909090909,0.2857142857142857,1,3,33,200
Q9NTX5,all,1,0.019543973941368,0.1428571428571428,0.1666666666666666,1,6,42,307
Q9NTX7,all,0,0.0083565459610027,0.046875,0.064516129032258,1,3,64,359
Q9NTZ6,all,2,0.2553648068669528,2.18348623853211,1.4687782805429863,17,14,109,932
Q9NTZ6,regional,1,0.2103004291845493,1.798165137614679,0.9969834087481146,14,14,109,932
Q9NU22,all,0,0.0112580414581844,0.0926470588235294,0.0476190476190476,1,63,680,5596
Q9NUL3,all,0,0.0666666666666666,0.5205479452054794,0.2941176470588235,2,19,73,570
Q9NUL7,all,0,0.0148148148148148,0.1159420289855072,0.1578947368421052,1,8,69,540
Q9NUM4,all,0,0.0182481751824817,0.1162790697674418,0.0,1,5,43,274
Q9NUT2,all,0,0.019047619047619,0.1521739130434782,0.1666666666666666,1,14,92,735
Q9NUU6,all,0,0.0140449438202247,0.1219512195121951,0.0,1,5,41,356
Q9NUW8,all,3,0.1710526315789473,1.1428571428571428,1.6712121212121214,8,13,91,608
Q9NUW8,regional,2,0.1069078947368421,0.7142857142857143,1.175,5,13,91,608
Q9NV66,all,0,0.0027322404371584,0.0229885057471264,0.0222222222222222,1,2,87,732
Q9NVA2,all,1,0.0163170163170163,0.1458333333333333,0.25,1,7,48,429
Q9NVH1,all,0,0.0178890876565295,0.1408450704225352,0.217391304347826,1,10,71,559
Q9NVH2,all,0,0.0166320166320166,0.1134751773049645,0.1,2,8,141,962
Q9NVI1,all,0,0.0376506024096385,0.2645502645502645,0.1654135338345864,2,25,189,1328
Q9NVR2,all,1,0.0394366197183098,0.3835616438356164,0.24,2,14,73,710
Q9NW08,all,0,0.0097087378640776,0.0909090909090909,0.0816326530612244,1,11,121,1133
Q9NW64,all,1,0.019047619047619,0.1739130434782608,0.25,1,8,46,420
Q9NW82,all,0,0.0152905198776758,0.099009900990099,0.1428571428571428,1,10,101,654
Q9NWS8,all,0,0.0044543429844097,0.0363636363636363,0.0,1,2,55,449
Q9NWX6,all,0,0.0100671140939597,0.0909090909090909,0.0833333333333333,1,3,33,298
Q9NWY4,all,0,0.0057803468208092,0.0689655172413793,0.0555555555555555,1,2,29,346
Q9NX14,all,0,0.0196078431372549,0.1875,0.0,1,3,16,153
Q9NX40,all,1,0.0408163265306122,0.2631578947368421,0.4285714285714285,1,10,38,245
Q9NX95,all,0,0.0346907993966817,0.1825396825396825,0.25,1,23,126,663
Q9NXD2,all,0,0.0386100386100386,0.2654867256637168,0.3313725490196078,2,15,113,777
Q9NXE4,all,0,0.0150115473441108,0.1120689655172413,0.1538461538461538,1,13,116,866
Q9NXE8,all,0,0.108235294117647,0.8363636363636363,0.9714285714285714,2,23,55,425
Q9NXF1,all,1,0.0096878363832077,0.0697674418604651,0.6,1,9,129,929
Q9NXG0,all,0,0.0412811387900355,0.2914572864321608,0.1521739130434782,2,29,199,1405
Q9NXV6,all,9,1.903448275862069,7.076923076923077,8.148774714564189,24,46,156,580
Q9NXV6,regional,7,1.3482758620689654,5.012820512820513,5.621971595655806,17,46,156,580
Q9NXX6,all,1,0.0389610389610389,0.3,0.5882352941176471,1,15,50,385
Q9NY33,all,0,0.0230664857530529,0.1910112359550561,0.1818181818181818,1,17,89,737
Q9NY61,all,2,0.1,0.835820895522388,0.9285714285714286,2,28,67,560
Q9NY74,all,1,0.029157667386609,0.1459459459459459,0.1808510638297872,1,27,185,926
Q9NY99,all,1,0.0074211502782931,0.048780487804878,0.1666666666666666,1,4,82,539
Q9NYB0,all,1,0.0476190476190476,0.3877551020408163,0.5,1,19,49,399
Q9NYB9,all,3,0.1345029239766081,0.7582417582417582,1.1,3,23,91,513
Q9NYC9,all,0,0.0035666518056174,0.0323886639676113,0.0204081632653061,1,16,494,4486
Q9NYD6,all,3,0.2573099415204678,1.4666666666666666,1.8666666666666667,4,22,60,342
Q9NYF3,all,0,0.0510204081632653,0.2857142857142857,0.1666666666666666,1,20,70,392
Q9NYF8,all,8,1.2826086956521738,6.1139896373057,6.056766160043948,10,118,193,920
Q9NYF8,regional,3,0.3847826086956522,1.83419689119171,1.748031496062992,3,118,193,920
Q9NYJ8,all,2,0.2727272727272727,1.4,1.565018315018315,9,21,135,693
Q9NYJ8,regional,1,0.1515151515151515,0.7777777777777778,0.5769230769230769,5,21,135,693
Q9NYL9,all,1,0.0170454545454545,0.1428571428571428,0.2666666666666666,1,6,42,352
Q9NYP9,all,0,0.0858369098712446,0.5555555555555556,0.4210526315789473,2,10,36,233
Q9NYQ6,all,0,0.0063039150630391,0.0464547677261613,0.0236220472440944,1,19,409,3014
Q9NYQ7,all,0,0.0120772946859903,0.0869565217391304,0.0697674418604651,2,20,460,3312
Q9NYU2,all,0,0.0090032154340836,0.075268817204301,0.0,1,14,186,1555
Q9NYV4,all,1,1.2208053691275167,6.473309608540926,5.951956977730173,17,107,281,1490
Q9NYV4,regional,0,0.9335570469798656,4.950177935943061,4.199379658142545,13,107,281,1490
Q9NZ09,all,0,0.0378486055776892,0.2289156626506024,0.0666666666666666,1,19,83,502
Q9NZ52,all,0,0.0138312586445366,0.0934579439252336,0.0294117647058823,1,10,107,723
Q9NZ53,all,0,0.0231404958677685,0.1538461538461538,0.1346153846153846,1,14,91,605
Q9NZH7,all,0,0.0121951219512195,0.1,0.4,2,1,20,164
Q9NZI5,all,0,0.017799352750809,0.125,0.1,1,11,88,618
Q9NZJ4,all,0,0.0104826381305962,0.0821917808219178,0.0531844733371019,2,24,584,4579
Q9NZK5,all,0,0.0156555772994129,0.1379310344827586,0.1333333333333333,1,8,58,511
Q9NZL4,all,0,0.022284122562674,0.2352941176470588,0.1538461538461538,1,8,34,359
Q9NZL9,all,0,0.0269461077844311,0.3,0.3,1,9,30,334
Q9NZM1,all,1,0.0727802037845705,0.635593220338983,0.5847457627118644,3,50,236,2061
Q9NZM3,all,1,0.0247495580436063,0.185022026431718,0.2682926829268293,2,21,227,1697
Q9NZM4,all,0,0.032051282051282,0.2164502164502164,0.1797183989875019,5,10,231,1560
Q9NZN8,all,14,1.1111111111111112,6.185567010309279,8.626763285024154,15,40,97,540
Q9NZN8,regional,9,0.6666666666666666,3.711340206185567,5.673913043478261,9,40,97,540
Q9NZQ3,all,1,0.038781163434903,0.2745098039215686,0.4772727272727273,2,14,102,722
Q9NZV1,all,0,0.0202702702702702,0.1764705882352941,0.2141414141414141,3,7,119,1036
Q9NZZ3,all,1,0.0639269406392694,0.6666666666666666,0.6666666666666666,2,7,21,219
Q9P016,all,0,0.0444444444444444,0.3225806451612903,0.1818181818181818,1,10,31,225
Q9P0J7,all,1,0.1784776902887139,0.8831168831168831,1.1023842917251052,4,17,77,381
Q9P0L0,all,1,0.0602409638554216,0.4285714285714285,0.4285714285714285,1,15,35,249
Q9P0M6,all,0,0.0295698924731182,0.2,0.0,1,11,55,372
Q9P0T7,all,0,0.0218579234972677,0.25,0.0,2,2,16,183
Q9P0X4,all,0,0.0089968511021142,0.0732600732600732,0.1515151515151515,2,10,273,2223
Q9P1A6,all,1,0.0113851992409867,0.0641711229946524,0.0857142857142857,1,12,187,1054
Q9P1Y5,all,2,0.2682145716573259,1.9034090909090908,2.4264654264654264,5,67,176,1249
Q9P1Y6,all,0,0.0497271073377804,0.2907801418439716,0.2676056338028169,1,82,282,1649
Q9P202,all,0,0.0132304299889746,0.0816326530612244,0.0666666666666666,1,12,147,907
Q9P212,all,0,0.0099913119026933,0.0631868131868131,0.119047619047619,1,23,364,2302
Q9P218,all,0,0.0295950155763239,0.1968911917098445,0.074074074074074,2,19,193,1284
Q9P219,all,1,0.1163708086785009,0.8581818181818182,1.2766731643924625,4,59,275,2028
Q9P242,all,1,0.0612557427258805,0.2941176470588235,0.358695652173913,1,40,136,653
Q9P258,all,1,0.0344827586206896,0.2769230769230769,0.8571428571428571,1,18,65,522
Q9P265,all,0,0.1192893401015228,0.8068669527896996,1.4603174603174602,4,47,233,1576
Q9P267,all,0,0.0093708165997322,0.0526315789473684,0.0142857142857142,1,14,266,1494
Q9P270,all,2,0.1824440619621342,0.8688524590163934,0.6666666666666666,2,53,122,581
Q9P2B4,all,0,0.0485133020344287,0.256198347107438,0.1020408163265306,1,31,121,639
Q9P2D1,all,0,0.063063063063063,0.5121951219512195,0.659634317862166,3,63,369,2997
Q9P2D6,all,1,0.0211221122112211,0.1159420289855072,0.1473897389738974,2,16,276,1515
Q9P2D7,all,0,0.0042203985932004,0.0354330708661417,0.0352112676056338,1,18,508,4265
Q9P2D8,all,0,0.0083491461100569,0.0585106382978723,0.0606060606060606,2,11,376,2635
Q9P2I0,all,1,0.0166240409207161,0.146067415730337,0.2666666666666666,1,13,89,782
Q9P2J3,all,0,0.0097244732576985,0.08,0.0,1,6,75,617
Q9P2J5,all,1,0.08078231292517,0.7851239669421488,0.8368194883178235,5,19,121,1176
Q9P2K1,all,0,0.0074074074074074,0.0638297872340425,0.0454545454545454,2,6,188,1620
Q9P2N5,all,4,1.058490566037736,7.381578947368421,7.545743145743145,34,33,152,1060
Q9P2N5,regional,3,0.4981132075471698,3.473684210526316,3.680050505050505,16,33,152,1060
Q9P2N6,all,5,1.0265486725663715,5.213483146067416,4.804105090311987,32,29,178,904
Q9P2N6,regional,4,0.7378318584070797,3.747191011235955,3.575369458128079,23,29,178,904
Q9P2P6,all,0,0.0127659574468085,0.0713436385255648,0.0646535036778939,2,30,841,4700
Q9P2R6,all,2,0.2401021711366538,1.6347826086956525,1.565217391304348,8,47,230,1566
Q9P2R6,regional,2,0.1200510855683269,0.8173913043478261,0.782608695652174,4,47,230,1566
Q9P2Y4,all,0,0.0706371191135734,0.6071428571428571,0.1666666666666666,3,17,84,722
Q9UBD0,all,0,0.0047281323877068,0.0327868852459016,0.0,1,2,61,423
Q9UBF6,all,1,0.0265486725663716,0.25,0.375,1,3,12,113
Q9UBG0,all,0,0.0081135902636916,0.0566037735849056,0.043010752688172,1,12,212,1479
Q9UBP9,all,1,0.0460526315789473,0.3414634146341463,0.25,1,14,41,304
Q9UBQ7,all,0,0.024390243902439,0.2105263157894736,0.0952380952380952,1,8,38,328
Q9UBU7,all,0,0.1216617210682492,0.7321428571428571,1.0434782608695652,2,41,112,674
Q9UBU9,all,1,0.0549273021001615,0.4,0.8803418803418803,2,17,85,619
Q9UBV2,all,0,0.0037783375314861,0.0365853658536585,0.0,1,3,82,794
Q9UBW7,all,1,0.0210602759622367,0.125,0.1184210526315789,1,29,232,1377
Q9UDY2,all,1,0.0865546218487395,0.6358024691358025,0.7931034482758621,1,103,162,1190
Q9UER7,all,1,0.0567567567567567,0.3529411764705882,0.5,1,42,119,740
Q9UET6,all,0,0.0243161094224924,0.2051282051282051,0.5,1,8,39,329
Q9UEY8,all,1,0.0495750708215297,0.35,0.5416666666666666,1,35,100,706
Q9UG63,all,0,0.0208667736757624,0.2241379310344827,0.1666666666666666,1,13,58,623
Q9UGH3,all,0,0.0153846153846153,0.1030927835051546,0.0,1,10,97,650
Q9UGJ0,all,0,0.1265377855887522,0.7422680412371134,1.1666666666666667,2,36,97,569
Q9UGL1,all,0,0.022020725388601,0.1965317919075144,0.196078431372549,2,17,173,1544
Q9UGM6,all,0,0.0222222222222222,0.1739130434782608,0.2,1,8,46,360
Q9UGP4,all,1,0.2958579881656805,2.061855670103093,2.4166666666666665,5,40,97,676
Q9UGP8,all,1,0.0236842105263157,0.225,0.5294117647058824,1,18,80,760
Q9UGU0,all,3,0.9403061224489796,5.404692082111437,5.565896827109864,19,97,341,1960
Q9UGU0,regional,1,0.6433673469387755,3.697947214076246,3.634189510036693,13,97,341,1960
Q9UGV2,all,0,0.0586666666666666,0.4230769230769231,0.5,1,22,52,375
Q9UH99,all,0,0.1952580195258019,1.1666666666666667,0.5063424947145877,5,28,120,717
Q9UH99,regional,0,0.1952580195258019,1.1666666666666667,0.5063424947145877,5,28,120,717
Q9UHB6,all,6,0.8221343873517787,4.837209302325581,5.160655737704918,8,78,129,759
Q9UHB7,all,1,0.6534823731728289,2.7240143369175627,3.0812117305833064,8,95,279,1163
Q9UHB7,regional,0,0.2450558899398108,1.021505376344086,1.0233644859813085,3,95,279,1163
Q9UHD8,all,3,0.3498293515358361,2.4404761904761907,3.225,5,41,84,586
Q9UHD9,all,1,0.1346153846153846,0.7567567567567568,0.8809523809523809,12,7,111,624
Q9UHD9,regional,1,0.0897435897435897,0.5045045045045045,0.5714285714285714,8,7,111,624
Q9UHF7,all,4,0.2029664324746292,1.25,1.5053571428571428,5,52,208,1281
Q9UHL4,all,0,0.0040650406504065,0.0425531914893617,0.0,1,2,47,492
Q9UHL9,all,0,0.0156412930135557,0.1327433628318584,0.0476190476190476,1,15,113,959
Q9UHQ9,all,0,0.0327868852459016,0.2941176470588235,0.2666666666666666,2,5,34,305
Q9UHR5,all,0,0.974025974025974,5.555555555555555,4.3464052287581705,20,15,54,308
Q9UHR5,regional,0,0.8766233766233766,5.0,4.3464052287581705,18,15,54,308
Q9UHV7,all,0,0.0469181232750689,0.2756756756756757,0.1507936507936507,2,51,370,2174
Q9UHX1,all,0,0.1288014311270125,1.125,1.4865319865319866,4,18,64,559
Q9UHY1,all,1,0.0841121495327102,0.5769230769230769,0.3719298245614035,3,15,78,535
Q9UHY1,regional,1,0.0841121495327102,0.5769230769230769,0.3719298245614035,3,15,78,535
Q9UHY8,all,1,0.0566572237960339,0.3846153846153846,0.4090909090909091,1,20,52,353
Q9UIF8,all,0,0.1420664206642066,0.8725212464589235,0.9027372065346748,7,44,353,2168
Q9UIF8,regional,0,0.1014760147601476,0.623229461756374,0.6495726495726495,5,44,353,2168
Q9UIF9,all,0,0.0204724409448818,0.1349480968858131,0.1525423728813559,1,39,289,1905
Q9UII4,all,0,0.0029296875,0.024793388429752,0.025,1,3,121,1024
Q9UIJ7,all,0,0.0220264317180616,0.1724137931034483,0.2142857142857142,1,5,29,227
Q9UIQ6,all,0,0.0146341463414634,0.1006711409395973,0.1153846153846153,1,15,149,1025
Q9UIU6,all,3,0.1997439180537772,1.0129870129870129,0.9373626373626373,12,13,154,781
Q9UIU6,regional,2,0.1664532650448143,0.8441558441558441,0.7659340659340659,10,13,154,781
Q9UJ14,all,0,0.0181268882175226,0.1333333333333333,0.0,1,12,90,662
Q9UJ83,all,0,0.0207612456747404,0.1967213114754098,0.2272727272727272,1,12,61,578
Q9UJC3,all,0,0.0219780219780219,0.2077922077922078,0.25,2,8,77,728
Q9UJN7,all,0,0.0139664804469273,0.0735294117647058,0.1304347826086956,1,5,68,358
Q9UJT9,all,0,0.0081466395112016,0.0481927710843373,0.0434782608695652,1,4,83,491
Q9UJU6,all,3,0.2093023255813953,2.0454545454545454,2.5,3,30,44,430
Q9UJX2,all,3,0.0904522613065326,0.8709677419354839,2.321428571428571,3,18,62,597
Q9UJY1,all,1,0.0816326530612244,0.5517241379310345,0.4895104895104895,2,8,29,196
Q9UJY4,all,1,0.0522022838499184,0.4155844155844156,0.3977272727272727,2,16,77,613
Q9UK39,all,0,0.0185614849187935,0.135593220338983,0.0416666666666666,1,8,59,431
Q9UK59,all,0,0.0147058823529411,0.1269841269841269,0.0,1,8,63,544
Q9UK61,all,0,0.1149700598802395,0.7741935483870968,0.9032258064516128,4,48,248,1670
Q9UK61,regional,0,0.0862275449101796,0.5806451612903226,0.6774193548387096,3,48,248,1670
Q9UKA2,all,0,0.0080515297906602,0.0543478260869565,0.0,1,5,92,621
Q9UKA4,all,0,0.1735928458705944,0.9269662921348316,1.0148706896551722,5,66,356,1901
Q9UKD1,all,0,0.0660377358490566,0.4117647058823529,0.5626477541371158,5,7,85,530
Q9UKD1,regional,0,0.0528301886792452,0.3294117647058823,0.3404255319148936,4,7,85,530
Q9UKE5,all,2,0.0705882352941176,0.5217391304347826,0.717391304347826,2,48,184,1360
Q9UKJ3,all,1,0.0945406125166444,0.5,0.5561497326203209,2,71,284,1502
Q9UKK3,all,2,0.0817865429234338,0.5465116279069767,0.6673660118252909,3,47,258,1724
Q9UKL0,all,0,0.0536082474226804,0.4262295081967213,0.8421052631578947,2,13,61,485
Q9UKL3,all,0,0.0272452068617558,0.1467391304347826,0.0987654320987654,1,54,368,1982
Q9UKM7,all,0,0.0114449213161659,0.0952380952380952,0.0,2,4,84,699
Q9UKN7,all,0,0.0062322946175637,0.0568475452196382,0.0609756097560975,1,22,387,3530
Q9UKS7,all,0,0.0380228136882129,0.2816901408450704,0.45,1,20,71,526
Q9UKV3,all,1,0.5413870246085011,3.25560538116592,3.445392993818075,6,121,223,1341
Q9UKX3,all,0,0.0092879256965944,0.0891089108910891,0.1935483870967742,1,18,202,1938
Q9UKX7,all,4,0.2564102564102564,1.5789473684210529,1.608064516129032,4,30,76,468
Q9UKY1,all,0,0.3780068728522336,2.156862745098039,2.7958333333333334,15,22,153,873
Q9UKY1,regional,0,0.3276059564719358,1.869281045751634,2.5428571428571427,13,22,153,873
Q9UKY7,all,3,0.4031007751937984,2.810810810810811,2.5806451612903225,4,26,37,258
Q9UL01,all,1,0.0052192066805845,0.0427350427350427,0.036144578313253,1,5,117,958
Q9UL51,all,0,0.014623172103487,0.1287128712871287,0.2631578947368421,1,13,101,889
Q9UL54,all,0,0.0186234817813765,0.1869918699186991,0.2432432432432432,1,23,123,1235
Q9UL59,all,0,0.0181518151815181,0.1428571428571428,0.1052631578947368,1,11,77,606
Q9ULB1,all,0,0.0060934326337169,0.0412844036697247,0.0158730158730158,1,9,218,1477
Q9ULC4,all,0,0.011049723756906,0.1818181818181818,0.1818181818181818,1,2,11,181
Q9ULC5,all,0,0.0146412884333821,0.1333333333333333,0.1111111111111111,1,10,75,683
Q9ULD6,all,1,0.0127388535031847,0.0869565217391304,0.1935483870967742,2,6,138,942
Q9ULD8,all,0,0.0036934441366574,0.0258064516129032,0.0,1,4,155,1083
Q9ULG1,all,0,0.0167095115681233,0.1220657276995305,0.0615384615384615,1,26,213,1556
Q9ULH0,all,0,0.0389610389610389,0.2536764705882353,0.0952380952380952,1,69,272,1771
Q9ULH4,all,0,0.0139416983523447,0.089430894308943,0.1052631578947368,1,11,123,789
Q9ULH7,all,1,0.1875,1.0049261083743843,1.1564003175640964,6,34,203,1088
Q9ULH7,regional,1,0.09375,0.5024630541871922,0.782608695652174,3,34,203,1088
Q9ULJ3,all,1,0.1726078799249531,1.0454545454545454,1.2615499254843516,4,46,176,1066
Q9ULK2,all,1,0.0267131242740998,0.1121951219512195,0.1690140845070422,1,23,205,861
Q9ULL0,all,0,0.0163838502047981,0.0861538461538461,0.1007194244604316,1,28,325,1709
Q9ULL4,all,0,0.0047145102147721,0.0428571428571428,0.0588235294117647,1,9,210,1909
Q9ULL5,all,0,0.3005893909626719,2.2583025830258303,2.178571428571429,12,51,271,2036
Q9ULM0,all,0,0.0109970674486803,0.073170731707317,0.0,1,15,205,1364
Q9ULM3,all,5,1.5443037974683544,7.956521739130435,8.283100233100232,36,61,276,1422
Q9ULM3,regional,1,0.6434599156118144,3.315217391304348,3.3703185703185703,15,61,276,1422
Q9ULT8,all,8,0.4344827586206896,2.618937644341801,3.628016799552307,18,63,433,2610
Q9ULT8,regional,3,0.2413793103448276,1.4549653579676671,2.1796241709653645,10,63,433,2610
Q9ULU4,all,4,0.7689713322091062,3.8,4.992974238875878,12,76,240,1186
Q9ULU4,regional,4,0.6408094435075885,3.1666666666666665,4.285714285714286,10,76,240,1186
Q9ULV5,all,0,0.0121951219512195,0.109090909090909,0.2105263157894736,2,3,55,492
Q9ULW0,all,1,0.1311914323962516,1.1395348837209305,0.509090909090909,2,49,86,747
Q9UM00,all,1,0.00836820083682,0.0666666666666666,0.1,2,1,30,239
Q9UM47,all,1,0.0155105557949159,0.1379310344827586,0.1040462427745664,3,12,261,2321
Q9UM82,all,1,0.0923076923076923,0.48,0.2285714285714285,3,16,100,520
Q9UM82,regional,1,0.0923076923076923,0.48,0.2285714285714285,3,16,100,520
Q9UMN6,all,0,0.0464088397790055,0.4012738853503185,0.290794283815221,2,63,314,2715
Q9UMS0,all,0,0.0039370078740157,0.0357142857142857,0.0,1,1,28,254
Q9UMS4,all,1,0.0892857142857142,0.5294117647058824,1.0666666666666669,3,15,85,504
Q9UMS4,regional,1,0.0892857142857142,0.5294117647058824,1.0666666666666669,3,15,85,504
Q9UMS5,all,0,0.0472440944881889,0.3185840707964602,0.4181818181818182,3,12,113,762
Q9UMX0,all,0,0.0254668930390492,0.1401869158878504,0.1344827586206896,3,5,107,589
Q9UN79,all,2,0.135048231511254,1.05,1.1504629629629628,3,28,80,622
Q9UN86,all,1,0.0580912863070539,0.5714285714285714,0.6,2,14,49,482
Q9UNF1,all,3,0.2046204620462046,1.2277227722772277,1.3955555555555557,4,31,101,606
Q9UNP9,all,1,0.0232558139534883,0.2258064516129032,0.25,1,7,31,301
Q9UNW1,all,0,0.0041067761806981,0.0344827586206896,0.0714285714285714,1,2,58,487
Q9UPA5,all,4,0.5517065715741213,3.27190332326284,3.205201741852078,38,57,662,3926
Q9UPA5,regional,3,0.2032603158430973,1.2054380664652569,0.9023907940396,14,57,662,3926
Q9UPN3,all,1,0.1502436383324309,1.1234817813765183,1.625941915349124,6,185,988,7388
Q9UPN4,all,0,0.0535549399815327,0.4233576642335766,0.4912280701754385,1,58,137,1083
Q9UPN6,all,4,0.1329661683713611,0.9941176470588236,0.8783068783068783,13,13,170,1271
Q9UPN6,regional,3,0.071597167584579,0.5352941176470588,0.6334089191232048,7,13,170,1271
Q9UPN7,all,0,0.0238365493757094,0.1693548387096774,0.3333333333333333,1,21,124,881
Q9UPN9,all,1,0.1987577639751552,1.4177215189873418,1.0862068965517242,7,32,158,1127
Q9UPN9,regional,1,0.1135758651286601,0.810126582278481,0.6206896551724138,4,32,158,1127
Q9UPP1,all,0,0.0311320754716981,0.2156862745098039,0.0526315789473684,1,33,153,1060
Q9UPQ0,all,1,0.3878116343490305,2.4,3.25,7,60,175,1083
Q9UPQ0,regional,0,0.1662049861495844,1.0285714285714285,1.25,3,60,175,1083
Q9UPQ4,all,0,0.0081135902636916,0.0754716981132075,0.1052631578947368,1,4,53,493
Q9UPQ9,all,2,0.2127659574468085,1.0773480662983426,1.2509341764874964,6,65,362,1833
Q9UPS6,all,0,0.0732451678535096,0.4816053511705686,0.5584699453551913,3,48,299,1966
Q9UPT6,all,0,0.0164670658682634,0.1139896373056994,0.2790697674418604,1,22,193,1336
Q9UPT8,all,3,0.1266308518802762,0.9880239520958084,1.0291970802919708,3,55,167,1303
Q9UPV9,all,0,0.0724029380902413,0.4011627906976744,0.4095977011494253,3,23,172,953
Q9UPW6,all,2,0.077762619372442,0.6129032258064516,0.9285714285714286,3,19,93,733
Q9UPY5,all,1,0.0119760479041916,0.0909090909090909,1.0,1,6,66,501
Q9UPZ3,all,0,0.0770593445527015,0.4943181818181818,0.8952380952380952,3,29,176,1129
Q9UPZ3,regional,0,0.0770593445527015,0.4943181818181818,0.8952380952380952,3,29,176,1129
Q9UQ26,all,1,0.036144578313253,0.2133891213389121,0.16,1,51,239,1411
Q9UQ35,all,40,12.37936046511628,41.85257985257985,40.81452632212503,51,668,814,2752
Q9UQ35,regional,11,3.640988372093023,12.309582309582307,12.066244181847363,15,668,814,2752
Q9UQ80,all,1,0.0558375634517766,0.4680851063829787,0.5714285714285714,1,22,47,394
Q9UQ84,all,1,0.0780141843971631,0.4748201438848921,0.4583333333333333,2,33,139,846
Q9UQ88,all,1,0.0217113665389527,0.1868131868131868,0.4,1,17,91,783
Q9UQB3,all,2,0.1371428571428571,0.7706422018348624,1.165146909827761,6,28,218,1225
Q9UQF2,all,1,0.0576652601969057,0.3727272727272727,0.490566037735849,1,41,110,711
Q9UQM7,all,1,0.0355648535564853,0.3090909090909091,0.3478260869565217,1,17,55,478
Q9UQR0,all,3,0.1714285714285714,1.0256410256410255,1.0303030303030305,4,30,117,700
Q9UQR0,regional,3,0.1714285714285714,1.0256410256410255,1.0303030303030305,4,30,117,700
Q9UQR1,all,1,0.207808564231738,1.213235294117647,1.2186480186480186,5,33,136,794
Q9Y217,all,0,0.0354267310789049,0.2619047619047619,0.2857142857142857,2,11,84,621
Q9Y230,all,0,0.0734341252699784,0.4857142857142857,0.4807692307692308,2,17,70,463
Q9Y243,all,0,0.0271398747390396,0.2280701754385964,0.1111111111111111,1,13,57,479
Q9Y251,all,0,0.0147329650092081,0.1176470588235294,0.1224489795918367,2,4,68,543
Q9Y253,all,0,0.0336605890603085,0.1951219512195122,0.1111111111111111,2,12,123,713
Q9Y263,all,0,0.0113207547169811,0.072,0.0,1,9,125,795
Q9Y277,all,1,0.0318021201413427,0.1875,0.1851851851851851,1,9,48,283
Q9Y283,all,0,0.0338028169014084,0.2686567164179104,0.3414634146341463,2,18,134,1065
Q9Y2C2,all,1,0.0197044334975369,0.2424242424242424,0.3076923076923077,2,4,33,406
Q9Y2F5,all,1,0.0617828773168579,0.3218390804597701,0.2857142857142857,2,70,435,2266
Q9Y2G3,all,0,0.0093457943925233,0.0647058823529411,0.0,1,11,170,1177
Q9Y2G7,all,0,0.0231213872832369,0.2181818181818181,0.3125,2,6,55,519
Q9Y2H0,all,0,0.033266129032258,0.1746031746031746,0.0425531914893617,1,33,189,992
Q9Y2J2,all,0,0.0864765409383624,0.4895833333333333,0.48,2,47,192,1087
Q9Y2J4,all,0,0.0295250320924261,0.2169811320754717,0.2222222222222222,1,23,106,779
Q9Y2K5,all,0,0.0655737704918032,0.3657142857142857,0.3612040133779264,2,32,175,976
Q9Y2L5,all,0,0.0139372822299651,0.0947867298578199,0.064516129032258,1,20,211,1435
Q9Y2M5,all,1,0.0082101806239737,0.0675675675675675,0.1034482758620689,1,5,74,609
Q9Y2R4,all,0,0.018363939899833,0.1527777777777778,0.0,1,11,72,599
Q9Y2U8,all,1,0.1075740944017563,0.7480916030534351,0.9714285714285714,2,49,131,911
Q9Y2W1,all,4,0.6178010471204188,3.010204081632653,2.4954337899543377,5,118,196,955
Q9Y2W1,regional,3,0.3706806282722513,1.806122448979592,1.7465753424657535,3,118,196,955
Q9Y2W2,all,1,0.093603744149766,0.967741935483871,0.6989966555183946,3,20,62,641
Q9Y2X0,all,0,0.0273660205245153,0.1751824817518248,0.1896745230078563,2,12,137,877
Q9Y2X7,all,3,0.1852825229960578,1.2935779816513762,1.7555555555555555,3,47,109,761
Q9Y2X9,all,5,0.8279329608938547,4.071428571428571,3.7574618364092047,19,39,182,895
Q9Y2X9,regional,3,0.3921787709497206,1.9285714285714288,1.9398496240601504,9,39,182,895
Q9Y2Z4,all,0,0.010482180293501,0.0909090909090909,0.25,1,5,55,477
Q9Y2Z9,all,0,0.0085470085470085,0.0555555555555555,0.4,1,4,72,468
Q9Y337,all,0,0.0034129692832764,0.024390243902439,0.0,1,1,41,293
Q9Y385,all,1,0.0283018867924528,0.1764705882352941,0.5714285714285714,1,9,51,318
Q9Y3E1,all,0,0.0591133004926108,0.4137931034482758,0.0,1,12,29,203
Q9Y3I1,all,0,0.0076628352490421,0.0526315789473684,0.0,2,2,76,522
Q9Y3M8,all,1,0.0467205750224618,0.3312101910828025,0.2916666666666667,2,26,157,1113
Q9Y3P8,all,1,0.0714285714285714,0.4666666666666667,0.75,1,14,30,196
Q9Y3R0,all,2,0.0549645390070922,0.2966507177033493,0.4,2,31,209,1128
Q9Y3S1,all,1,0.0348280365694384,0.2469135802469135,0.2814814814814815,2,40,324,2297
Q9Y3Y2,all,1,0.0564516129032258,0.7,0.6212121212121212,2,7,20,248
Q9Y450,all,2,0.1140350877192982,0.8478260869565217,1.219047619047619,3,26,92,684
Q9Y467,all,1,0.1429990069513406,0.8,0.5892520427404149,8,18,180,1007
Q9Y467,regional,1,0.0893743793445878,0.5,0.3865493400377121,5,18,180,1007
Q9Y473,all,0,0.0140646976090014,0.0980392156862745,0.1632653061224489,1,10,102,711
Q9Y485,all,0,0.0396432111000991,0.2348336594911937,0.171372489808244,2,60,511,3027
Q9Y490,all,3,0.1869342778433687,1.4221556886227544,1.64,5,95,334,2541
Q9Y4A5,all,1,0.0466442083441306,0.3837953091684435,0.5576739050423261,5,36,469,3859
Q9Y4B4,all,0,0.0940695296523517,0.6731707317073171,0.2174940898345153,6,23,205,1467
Q9Y4B4,regional,0,0.0470347648261758,0.3365853658536585,0.1536643026004728,3,23,205,1467
Q9Y4B5,all,1,0.2036745406824147,1.533596837944664,1.506960950764007,4,97,253,1905
Q9Y4B6,all,2,0.112806901128069,0.8762886597938144,0.7978395061728395,5,34,194,1507
Q9Y4C1,all,0,0.0393641180923542,0.2971428571428571,0.2683284457478005,2,26,175,1321
Q9Y4D7,all,0,0.0046753246753246,0.0368852459016393,0.0909090909090909,1,9,244,1925
Q9Y4E6,all,0,0.0187919463087248,0.1272727272727272,0.0425531914893617,1,28,220,1490
Q9Y4F5,all,0,0.0623033354310887,0.3852140077821012,0.4385964912280701,1,99,257,1589
Q9Y4G6,all,0,0.049567269866247,0.3519553072625698,0.3,3,42,358,2542
Q9Y4G8,all,1,0.0640426951300867,0.3934426229508196,0.4139130434782608,2,48,244,1499
Q9Y4H2,all,4,0.5911808669656203,3.4391304347826086,3.579954954954955,7,113,230,1338
Q9Y4L1,all,3,0.1441441441441441,1.3980582524271843,2.0307692307692307,12,12,103,999
Q9Y4W2,all,1,0.0354223433242506,0.2888888888888888,0.1290322580645161,1,26,90,734
Q9Y512,all,0,0.0639658848614072,0.5357142857142857,0.7824074074074073,5,6,56,469
Q9Y520,all,17,2.991022099447514,18.083507306889352,15.117112634527496,71,122,479,2896
Q9Y520,regional,9,1.5165745856353592,9.16910229645094,8.263213180008846,36,122,479,2896
Q9Y566,all,0,0.0175844516427579,0.1117647058823529,0.0,2,19,340,2161
Q9Y572,all,0,0.0656370656370656,0.4594594594594595,0.7058823529411765,2,17,74,518
Q9Y580,all,1,0.2706766917293233,1.469387755102041,1.4685314685314683,4,18,49,266
Q9Y580,regional,1,0.2706766917293233,1.469387755102041,1.4685314685314683,4,18,49,266
Q9Y5A9,all,2,0.2210708117443868,1.4382022471910112,2.069264069264069,8,16,89,579
Q9Y5B6,all,0,0.0196292257360959,0.1636363636363636,0.1333333333333333,1,18,110,917
Q9Y5B9,all,1,0.1222540592168099,1.103448275862069,1.170766750770956,4,32,116,1047
Q9Y5J1,all,0,0.0431654676258992,0.3582089552238806,0.1481481481481481,2,12,67,556
Q9Y5K6,all,2,0.1158059467918622,0.8314606741573034,0.6666666666666666,2,37,89,639
Q9Y5L3,all,1,0.008080808080808,0.0579710144927536,0.1302521008403361,2,2,69,495
Q9Y5M8,all,2,0.1476014760147601,0.975609756097561,1.7575757575757571,5,8,41,271
Q9Y5M8,regional,2,0.088560885608856,0.5853658536585366,1.0909090909090908,3,8,41,271
Q9Y5U2,all,0,0.0516717325227963,0.293103448275862,0.3333333333333333,1,17,58,329
Q9Y5V3,all,1,0.0385604113110539,0.3333333333333333,0.4206349206349206,2,15,90,778
Q9Y5X3,all,1,0.0272277227722772,0.2340425531914893,0.2352941176470588,1,11,47,404
Q9Y5Z7,all,0,0.0151515151515151,0.0869565217391304,0.0526315789473684,2,6,138,792
Q9Y608,all,0,0.0416088765603328,0.2586206896551724,0.2028985507246377,1,30,116,721
Q9Y613,all,1,0.0231958762886597,0.1656441717791411,0.2777777777777778,1,27,163,1164
Q9Y616,all,0,0.0218120805369127,0.1625,0.2307692307692307,1,13,80,596
Q9Y618,all,16,2.845664280031822,18.63020833333333,19.009241969094205,49,146,384,2514
Q9Y618,regional,7,0.9291964996022276,6.083333333333333,6.86904278639279,16,146,384,2514
Q9Y639,all,0,0.0025125628140703,0.0161290322580645,0.0,1,1,62,398
Q9Y678,all,1,0.165903890160183,1.1788617886178865,0.9836065573770492,5,29,123,874
Q9Y678,regional,0,0.0995423340961098,0.7073170731707317,0.5901639344262295,3,29,123,874
Q9Y692,all,0,0.0209424083769633,0.1276595744680851,0.0,3,4,94,573
Q9Y692,regional,0,0.0209424083769633,0.1276595744680851,0.0,3,4,94,573
Q9Y6A1,all,0,0.0053547523427041,0.0449438202247191,0.046875,1,4,89,747
Q9Y6A2,all,0,0.012,0.1153846153846153,0.1818181818181818,2,3,52,500
Q9Y6A5,all,0,0.0417661097852028,0.2777777777777778,0.2424242424242424,1,35,126,838
Q9Y6C2,all,0,0.0078740157480314,0.0666666666666666,0.0555555555555555,1,8,120,1016
Q9Y6D5,all,0,0.0263305322128851,0.1974789915966386,0.4571428571428571,1,47,238,1785
Q9Y6E0,all,0,0.0316027088036117,0.2413793103448276,0.3157894736842105,1,14,58,443
Q9Y6G9,all,3,0.2122370936902485,1.5857142857142856,2.739130434782609,3,37,70,523
Q9Y6H5,all,0,0.0250272034820457,0.132183908045977,0.048780487804878,1,23,174,919
Q9Y6I3,all,1,0.0763888888888889,0.5,0.5666666666666667,2,22,88,576
Q9Y6K5,all,0,0.0055197792088316,0.0521739130434782,0.0625,1,6,115,1087
Q9Y6M7,all,0,0.043657331136738,0.3173652694610778,0.0945945945945946,1,53,167,1214
Q9Y6Q9,all,3,0.2654494382022472,1.56198347107438,1.4957264957264955,9,42,242,1424
Q9Y6Q9,regional,3,0.1769662921348314,1.0413223140495869,0.9807692307692308,6,42,242,1424
Q9Y6R0,all,0,0.0262725779967159,0.2222222222222222,0.2333333333333333,1,16,72,609
Q9Y6R6,all,0,0.0024009603841536,0.0232558139534883,0.0,2,1,86,833
Q9Y6R9,all,0,0.123046875,0.8289473684210527,0.7878787878787878,3,21,76,512
Q9Y6V0,all,2,0.4515752625437573,2.2305475504322767,1.8584548380886097,27,86,1041,5142
Q9Y6X0,all,0,0.0131578947368421,0.0744680851063829,0.048076923076923,1,21,282,1596
Q9Y6X8,all,0,0.1194743130227001,0.7299270072992701,0.509090909090909,4,25,137,837
Q9Y6X9,all,4,0.2713178294573643,2.08955223880597,3.185714285714286,7,40,134,1032
Q9Y6Y8,all,2,0.532,3.5704697986577183,4.015901171998733,28,19,149,1000
Q9Y6Y8,regional,2,0.399,2.6778523489932886,3.1319923978460564,21,19,149,1000
