restriction,accession,radius,n_sites,n_eligible,observed_close_pair_fraction,null_close_pair_fraction,effect
all_strict_sites,A0A087WXM9,5,3,80,0.3333333333333333,0.027531645569620254,0.3058016877637131
all_strict_sites,A0A087WXM9,10,3,80,1.0,0.05284810126582278,0.9471518987341773
all_strict_sites,A0A087WXM9,15,3,80,1.0,0.08132911392405064,0.9186708860759494
all_strict_sites,A0A087WXM9,20,3,80,1.0,0.1120253164556962,0.8879746835443038
all_strict_sites,A0A087WXM9,25,3,80,1.0,0.13860759493670885,0.8613924050632912
all_strict_sites,A0A087WXM9,30,3,80,1.0,0.16962025316455695,0.830379746835443
all_strict_sites,A0AV96,5,3,49,0.3333333333333333,0.02465986394557823,0.3086734693877551
all_strict_sites,A0AV96,10,3,49,0.3333333333333333,0.04336734693877551,0.2899659863945578
all_strict_sites,A0AV96,15,3,49,0.3333333333333333,0.06037414965986394,0.2729591836734694
all_strict_sites,A0AV96,20,3,49,0.3333333333333333,0.07482993197278912,0.25850340136054417
all_strict_sites,A0AV96,25,3,49,0.3333333333333333,0.09098639455782313,0.24234693877551017
all_strict_sites,A0AV96,30,3,49,0.3333333333333333,0.10629251700680271,0.22704081632653061
all_strict_sites,A0AVK6,5,6,155,0.4666666666666667,0.011730205278592375,0.4549364613880743
all_strict_sites,A0AVK6,10,6,155,0.6666666666666666,0.02387934645999162,0.6427873202066751
all_strict_sites,A0AVK6,15,6,155,1.0,0.03720150816925011,0.96279849183075
all_strict_sites,A0AVK6,20,6,155,1.0,0.04976958525345622,0.9502304147465438
all_strict_sites,A0AVK6,25,6,155,1.0,0.06250523669878509,0.937494763301215
all_strict_sites,A0AVK6,30,6,155,1.0,0.07398408043569334,0.9260159195643066
all_strict_sites,A3KN83,5,14,202,0.2087912087912088,0.009605438155755874,0.19918577063545292
all_strict_sites,A3KN83,10,14,202,0.37362637362637363,0.017289788680360574,0.35633658494601306
all_strict_sites,A3KN83,15,14,202,0.4945054945054945,0.02482636323333826,0.46967913127215627
all_strict_sites,A3KN83,20,14,202,0.6153846153846154,0.03260923107236097,0.5827753843122545
all_strict_sites,A3KN83,25,14,202,0.7032967032967034,0.040195064282547655,0.6631016390141558
all_strict_sites,A3KN83,30,14,202,0.7362637362637363,0.04704201763459928,0.6892217186291371
all_strict_sites,A4UGR9,5,3,575,0.0,0.0030965005302226937,-0.0030965005302226937
all_strict_sites,A4UGR9,10,3,575,0.0,0.006162702620815028,-0.006162702620815028
all_strict_sites,A4UGR9,15,3,575,0.0,0.009144069080442357,-0.009144069080442357
all_strict_sites,A4UGR9,20,3,575,0.0,0.012276927738221482,-0.012276927738221482
all_strict_sites,A4UGR9,25,3,575,0.0,0.015203757006514164,-0.015203757006514164
all_strict_sites,A4UGR9,30,3,575,0.0,0.018360854415997576,-0.018360854415997576
all_strict_sites,A5YKK6,5,16,276,0.2833333333333333,0.005849802371541502,0.27748353096179185
all_strict_sites,A5YKK6,10,16,276,0.5083333333333333,0.010935441370223979,0.49739789196310935
all_strict_sites,A5YKK6,15,16,276,0.6416666666666667,0.01538866930171278,0.6262779973649539
all_strict_sites,A5YKK6,20,16,276,0.7333333333333333,0.019762845849802372,0.7135704874835309
all_strict_sites,A5YKK6,25,16,276,0.7583333333333333,0.024031620553359685,0.7343017127799736
all_strict_sites,A5YKK6,30,16,276,0.7583333333333333,0.028458498023715414,0.7298748353096179
all_strict_sites,A6H8Y1,5,5,433,0.1,0.004373021982721752,0.09562697801727825
all_strict_sites,A6H8Y1,10,5,433,0.1,0.008179368745188606,0.0918206312548114
all_strict_sites,A6H8Y1,15,5,433,0.1,0.012477546830895562,0.08752245316910444
all_strict_sites,A6H8Y1,20,5,433,0.1,0.016732956975451203,0.0832670430245488
all_strict_sites,A6H8Y1,25,5,433,0.1,0.020560687708493713,0.07943931229150629
all_strict_sites,A6H8Y1,30,5,433,0.1,0.02452741425027799,0.07547258574972202
all_strict_sites,A6NF01,5,10,243,0.1111111111111111,0.013502023603033705,0.0976090875080774
all_strict_sites,A6NF01,10,10,243,0.2222222222222222,0.02588171275039962,0.19634050947182258
all_strict_sites,A6NF01,15,10,243,0.26666666666666666,0.03747916879230011,0.22918749787436654
all_strict_sites,A6NF01,20,10,243,0.3111111111111111,0.04992687820970649,0.26118423290140463
all_strict_sites,A6NF01,25,10,243,0.35555555555555557,0.061150222766384384,0.2944053327891712
all_strict_sites,A6NF01,30,10,243,0.4222222222222222,0.07369996258885148,0.34852225963337075
all_strict_sites,A6NKT7,5,4,260,0.16666666666666666,0.007217107217107217,0.15944955944955944
all_strict_sites,A6NKT7,10,4,260,0.16666666666666666,0.01395901395901396,0.15270765270765269
all_strict_sites,A6NKT7,15,4,260,0.3333333333333333,0.020196020196020195,0.31313731313731313
all_strict_sites,A6NKT7,20,4,260,0.3333333333333333,0.026403326403326405,0.30693000693000694
all_strict_sites,A6NKT7,25,4,260,0.3333333333333333,0.03344223344223344,0.29989109989109985
all_strict_sites,A6NKT7,30,4,260,0.3333333333333333,0.04009504009504009,0.2932382932382932
all_strict_sites,A8CG34,5,48,318,0.031914893617021274,0.009741483641846715,0.022173409975174557
all_strict_sites,A8CG34,10,48,318,0.05673758865248227,0.018768724083883897,0.03796886456859837
all_strict_sites,A8CG34,15,48,318,0.07535460992907801,0.027359482570481916,0.047995127358596096
all_strict_sites,A8CG34,20,48,318,0.09574468085106383,0.03656528381247148,0.059179397038592346
all_strict_sites,A8CG34,25,48,318,0.1125886524822695,0.0451163621213023,0.06747229036096719
all_strict_sites,A8CG34,30,48,318,0.13031914893617022,0.05428248318552467,0.07603666575064555
all_strict_sites,B1AJZ9,5,4,166,0.0,0.008105147864184009,-0.008105147864184009
all_strict_sites,B1AJZ9,10,4,166,0.16666666666666666,0.015407082876962396,0.15125958378970425
all_strict_sites,B1AJZ9,15,4,166,0.16666666666666666,0.022197882438846295,0.14446878422782036
all_strict_sites,B1AJZ9,20,4,166,0.16666666666666666,0.028842643300474625,0.13782402336619204
all_strict_sites,B1AJZ9,25,4,166,0.16666666666666666,0.03643665571376415,0.13023001095290251
all_strict_sites,B1AJZ9,30,4,166,0.16666666666666666,0.04286235852500913,0.12380430814165752
all_strict_sites,B3KS81,5,3,229,0.0,0.012525856125028729,-0.012525856125028729
all_strict_sites,B3KS81,10,3,229,0.3333333333333333,0.0265456216961618,0.3067877116371715
all_strict_sites,B3KS81,15,3,229,0.3333333333333333,0.04068030337853367,0.29265302995479964
all_strict_sites,B3KS81,20,3,229,0.3333333333333333,0.05335938098521413,0.27997395234811917
all_strict_sites,B3KS81,25,3,229,0.3333333333333333,0.06764728414923772,0.2656860491840956
all_strict_sites,B3KS81,30,3,229,0.3333333333333333,0.08105416379376389,0.2522791695395694
all_strict_sites,E9PAV3,5,7,487,0.047619047619047616,0.004241978688704675,0.04337706893034294
all_strict_sites,E9PAV3,10,7,487,0.14285714285714285,0.009337423209200531,0.13351971964794232
all_strict_sites,E9PAV3,15,7,487,0.14285714285714285,0.014061060832678446,0.1287960820244644
all_strict_sites,E9PAV3,20,7,487,0.14285714285714285,0.018860749866910033,0.12399639299023282
all_strict_sites,E9PAV3,25,7,487,0.14285714285714285,0.0238632426631514,0.11899390019399145
all_strict_sites,E9PAV3,30,7,487,0.14285714285714285,0.02854462950287728,0.11431251335426557
all_strict_sites,O00151,5,7,48,0.2857142857142857,0.03280141843971631,0.2529128672745694
all_strict_sites,O00151,10,7,48,0.42857142857142855,0.061170212765957445,0.3674012158054711
all_strict_sites,O00151,15,7,48,0.5238095238095238,0.08776595744680851,0.43604356636271535
all_strict_sites,O00151,20,7,48,0.5714285714285714,0.12145390070921985,0.44997467071935154
all_strict_sites,O00151,25,7,48,0.6666666666666666,0.15425531914893617,0.5124113475177304
all_strict_sites,O00151,30,7,48,0.7142857142857143,0.18971631205673758,0.5245694022289767
all_strict_sites,O00267,5,3,146,0.0,0.009919697685403874,-0.009919697685403874
all_strict_sites,O00267,10,3,146,0.3333333333333333,0.020878601794992915,0.3124547315383404
all_strict_sites,O00267,15,3,146,0.3333333333333333,0.03249881908360888,0.3008345142497244
all_strict_sites,O00267,20,3,146,0.3333333333333333,0.04468587623996221,0.2886474570933711
all_strict_sites,O00267,25,3,146,0.3333333333333333,0.05640056683986774,0.2769327664934656
all_strict_sites,O00267,30,3,146,0.3333333333333333,0.06679263108171941,0.2665407022516139
all_strict_sites,O00268,5,21,149,0.0761904761904762,0.012153092690005442,0.06403738350047075
all_strict_sites,O00268,10,21,149,0.12380952380952381,0.02439688010157809,0.09941264370794572
all_strict_sites,O00268,15,21,149,0.1619047619047619,0.035552330854344276,0.12635243105041763
all_strict_sites,O00268,20,21,149,0.19047619047619047,0.04643569744240885,0.1440404930337816
all_strict_sites,O00268,25,21,149,0.22857142857142856,0.057319064030473425,0.17125236454095513
all_strict_sites,O00268,30,21,149,0.2571428571428571,0.06738617812443316,0.18975667901842397
all_strict_sites,O00443,5,3,248,0.3333333333333333,0.006334073396891733,0.3269992599364416
all_strict_sites,O00443,10,3,248,0.3333333333333333,0.012113099124983675,0.32122023420834966
all_strict_sites,O00443,15,3,248,0.3333333333333333,0.018545122110487137,0.31478821122284617
all_strict_sites,O00443,20,3,248,0.3333333333333333,0.02432414783857908,0.30900918549475426
all_strict_sites,O00443,25,3,248,0.3333333333333333,0.02961342562361238,0.30371990770972096
all_strict_sites,O00443,30,3,248,0.3333333333333333,0.03526185190022202,0.2980714814331113
all_strict_sites,O00469,5,3,63,0.0,0.010752688172043012,-0.010752688172043012
all_strict_sites,O00469,10,3,63,0.0,0.027649769585253458,-0.027649769585253458
all_strict_sites,O00469,15,3,63,0.0,0.041474654377880185,-0.041474654377880185
all_strict_sites,O00469,20,3,63,0.0,0.05273937532002048,-0.05273937532002048
all_strict_sites,O00469,25,3,63,0.0,0.06349206349206349,-0.06349206349206349
all_strict_sites,O00469,30,3,63,0.3333333333333333,0.08038914490527393,0.2529441884280594
all_strict_sites,O00566,5,3,76,1.0,0.014385964912280702,0.9856140350877193
all_strict_sites,O00566,10,3,76,1.0,0.028070175438596492,0.9719298245614035
all_strict_sites,O00566,15,3,76,1.0,0.042105263157894736,0.9578947368421052
all_strict_sites,O00566,20,3,76,1.0,0.05789473684210526,0.9421052631578948
all_strict_sites,O00566,25,3,76,1.0,0.06912280701754386,0.9308771929824562
all_strict_sites,O00566,30,3,76,1.0,0.08280701754385965,0.9171929824561403
all_strict_sites,O00571,5,3,99,0.0,0.02040816326530612,-0.02040816326530612
all_strict_sites,O00571,10,3,99,0.0,0.039579468150896725,-0.039579468150896725
all_strict_sites,O00571,15,3,99,0.0,0.05772005772005772,-0.05772005772005772
all_strict_sites,O00571,20,3,99,0.0,0.07276850133992992,-0.07276850133992992
all_strict_sites,O00571,25,3,99,0.0,0.09049680478251906,-0.09049680478251906
all_strict_sites,O00571,30,3,99,0.0,0.10966810966810966,-0.10966810966810966
all_strict_sites,O00592,5,3,158,0.3333333333333333,0.018947028944610176,0.3143863043887231
all_strict_sites,O00592,10,3,158,0.3333333333333333,0.04176408933322583,0.2915692440001075
all_strict_sites,O00592,15,3,158,0.3333333333333333,0.06329113924050633,0.270042194092827
all_strict_sites,O00592,20,3,158,0.3333333333333333,0.08457631218253649,0.24875702115079684
all_strict_sites,O00592,25,3,158,0.3333333333333333,0.1051358542288156,0.2281974791045177
all_strict_sites,O00592,30,3,158,0.3333333333333333,0.12585664758526163,0.20747668574807168
all_strict_sites,O00712,5,6,70,0.26666666666666666,0.02774327122153209,0.23892339544513458
all_strict_sites,O00712,10,6,70,0.4,0.05134575569358178,0.3486542443064182
all_strict_sites,O00712,15,6,70,0.4666666666666667,0.07453416149068323,0.3921325051759834
all_strict_sites,O00712,20,6,70,0.4666666666666667,0.10144927536231885,0.3652173913043478
all_strict_sites,O00712,25,6,70,0.4666666666666667,0.12795031055900621,0.3387163561076605
all_strict_sites,O00712,30,6,70,0.4666666666666667,0.15693581780538302,0.30973084886128366
all_strict_sites,O14497,5,21,351,0.09047619047619047,0.005095645095645095,0.08538054538054538
all_strict_sites,O14497,10,21,351,0.17142857142857143,0.009898249898249898,0.16153032153032154
all_strict_sites,O14497,15,21,351,0.20952380952380953,0.014554334554334554,0.19496947496947498
all_strict_sites,O14497,20,21,351,0.24761904761904763,0.019145299145299145,0.2284737484737485
all_strict_sites,O14497,25,21,351,0.2761904761904762,0.023687423687423687,0.2525030525030525
all_strict_sites,O14497,30,21,351,0.2904761904761905,0.02866910866910867,0.26180708180708184
all_strict_sites,O14519,5,6,20,0.6,0.12105263157894737,0.4789473684210526
all_strict_sites,O14519,10,6,20,0.9333333333333333,0.22631578947368422,0.7070175438596491
all_strict_sites,O14519,15,6,20,1.0,0.28421052631578947,0.7157894736842105
all_strict_sites,O14519,20,6,20,1.0,0.3473684210526316,0.6526315789473685
all_strict_sites,O14519,25,6,20,1.0,0.45263157894736844,0.5473684210526315
all_strict_sites,O14519,30,6,20,1.0,0.5578947368421052,0.4421052631578948
all_strict_sites,O14639,5,9,112,0.1111111111111111,0.019305019305019305,0.0918060918060918
all_strict_sites,O14639,10,9,112,0.25,0.03474903474903475,0.21525096525096526
all_strict_sites,O14639,15,9,112,0.3611111111111111,0.04954954954954955,0.31156156156156156
all_strict_sites,O14639,20,9,112,0.4166666666666667,0.06467181467181467,0.35199485199485203
all_strict_sites,O14639,25,9,112,0.4444444444444444,0.07850707850707851,0.3659373659373659
all_strict_sites,O14639,30,9,112,0.4444444444444444,0.09041184041184042,0.354032604032604
all_strict_sites,O14686,5,6,744,0.13333333333333333,0.0018053806856828608,0.13152795264765046
all_strict_sites,O14686,10,6,744,0.13333333333333333,0.003892965165921359,0.12944036816741197
all_strict_sites,O14686,15,6,744,0.13333333333333333,0.005944369672498878,0.12738896366083446
all_strict_sites,O14686,20,6,744,0.13333333333333333,0.007952358210683222,0.12538097512265012
all_strict_sites,O14686,25,6,744,0.13333333333333333,0.009880750806813412,0.12345258252651992
all_strict_sites,O14686,30,6,744,0.13333333333333333,0.011834469384506288,0.12149886394882704
all_strict_sites,O14715,5,3,257,0.0,0.007295719844357977,-0.007295719844357977
all_strict_sites,O14715,10,3,257,0.0,0.014105058365758755,-0.014105058365758755
all_strict_sites,O14715,15,3,257,0.0,0.020245622568093386,-0.020245622568093386
all_strict_sites,O14715,20,3,257,0.3333333333333333,0.02629499027237354,0.3070383430609598
all_strict_sites,O14715,25,3,257,0.3333333333333333,0.033073929961089495,0.3002594033722438
all_strict_sites,O14715,30,3,257,0.3333333333333333,0.039609678988326846,0.29372365434500647
all_strict_sites,O14795,5,3,223,0.3333333333333333,0.006787056114410375,0.32654627721892293
all_strict_sites,O14795,10,3,223,0.3333333333333333,0.013533713085282593,0.3197996202480507
all_strict_sites,O14795,15,3,223,0.3333333333333333,0.020563164060921908,0.3127701692724114
all_strict_sites,O14795,20,3,223,0.3333333333333333,0.027431018462408596,0.30590231487092473
all_strict_sites,O14795,25,3,223,0.3333333333333333,0.033288894275441364,0.30004443905789197
all_strict_sites,O14795,30,3,223,0.3333333333333333,0.04056074011230962,0.29277259322102367
all_strict_sites,O14964,5,7,99,0.47619047619047616,0.017522160379303237,0.45866831581117296
all_strict_sites,O14964,10,7,99,0.8571428571428571,0.03421974850546279,0.8229231086373943
all_strict_sites,O14964,15,7,99,1.0,0.049886621315192746,0.9501133786848073
all_strict_sites,O14964,20,7,99,1.0,0.0626674912389198,0.9373325087610802
all_strict_sites,O14964,25,7,99,1.0,0.07647907647907648,0.9235209235209235
all_strict_sites,O14964,30,7,99,1.0,0.0898783755926613,0.9101216244073387
all_strict_sites,O14974,5,46,210,0.08405797101449275,0.014809751651856915,0.06924821936263584
all_strict_sites,O14974,10,46,210,0.14589371980676327,0.02838915470494418,0.11750456510181909
all_strict_sites,O14974,15,46,210,0.18647342995169083,0.041376167691957164,0.14509726225973368
all_strict_sites,O14974,20,46,210,0.21932367149758455,0.054864433811802234,0.16445923768578233
all_strict_sites,O14974,25,46,210,0.2396135265700483,0.06771474139895192,0.17189878517109639
all_strict_sites,O14974,30,46,210,0.2492753623188406,0.08033720665299612,0.16893815566584447
all_strict_sites,O15014,5,9,269,0.16666666666666666,0.007656882871885924,0.15900978379478073
all_strict_sites,O15014,10,9,269,0.3611111111111111,0.015119569439050103,0.345991541672061
all_strict_sites,O15014,15,9,269,0.4166666666666667,0.022221605726016756,0.3944450609406499
all_strict_sites,O15014,20,9,269,0.4166666666666667,0.029212672695999555,0.38745399397066715
all_strict_sites,O15014,25,9,269,0.4166666666666667,0.03592631637352272,0.38074035029314396
all_strict_sites,O15014,30,9,269,0.4166666666666667,0.04347222992842479,0.3731944367382419
all_strict_sites,O15018,5,3,541,0.0,0.0036215513110152667,-0.0036215513110152667
all_strict_sites,O15018,10,3,541,0.0,0.007592250290956391,-0.007592250290956391
all_strict_sites,O15018,15,3,541,0.0,0.011371260354624496,-0.011371260354624496
all_strict_sites,O15018,20,3,541,0.0,0.014958581502019579,-0.014958581502019579
all_strict_sites,O15018,25,3,541,0.0,0.018833436023824195,-0.018833436023824195
all_strict_sites,O15018,30,3,541,0.0,0.02245498733483946,-0.02245498733483946
all_strict_sites,O15027,5,17,356,0.029411764705882353,0.004795062509890806,0.024616702195991547
all_strict_sites,O15027,10,17,356,0.07352941176470588,0.009447697420477923,0.06408171434422796
all_strict_sites,O15027,15,17,356,0.08823529411764706,0.013815477132457668,0.0744198169851894
all_strict_sites,O15027,20,17,356,0.10294117647058823,0.018040829245133724,0.0849003472254545
all_strict_sites,O15027,25,17,356,0.11764705882352941,0.02225035606899826,0.09539670275453115
all_strict_sites,O15027,30,17,356,0.11764705882352941,0.026444057604051274,0.09120300121947814
all_strict_sites,O15031,5,3,234,0.0,0.004805399655185063,-0.004805399655185063
all_strict_sites,O15031,10,3,234,0.0,0.010050988591761125,-0.010050988591761125
all_strict_sites,O15031,15,3,234,0.0,0.015406624848684934,-0.015406624848684934
all_strict_sites,O15031,20,3,234,0.0,0.02039543670444958,-0.02039543670444958
all_strict_sites,O15031,25,3,234,0.0,0.025604343200909725,-0.025604343200909725
all_strict_sites,O15031,30,3,234,0.0,0.0311067092182972,-0.0311067092182972
all_strict_sites,O15047,5,15,296,0.19047619047619047,0.010398534127347687,0.1800776563488428
all_strict_sites,O15047,10,15,296,0.3523809523809524,0.0201099404489235,0.3322710119320289
all_strict_sites,O15047,15,15,296,0.5523809523809524,0.02913421896472744,0.523246733416225
all_strict_sites,O15047,20,15,296,0.7142857142857143,0.037929454878607424,0.6763562594071069
all_strict_sites,O15047,25,15,296,0.8095238095238095,0.04599175446633074,0.7635320550574788
all_strict_sites,O15047,30,15,296,0.8761904761904762,0.05396243701328447,0.8222280391771917
all_strict_sites,O15055,5,10,223,0.022222222222222223,0.009614996162081365,0.012607226060140858
all_strict_sites,O15055,10,10,223,0.08888888888888889,0.01773522401325092,0.07115366487563797
all_strict_sites,O15055,15,10,223,0.13333333333333333,0.025168666424271804,0.10816466690906153
all_strict_sites,O15055,20,10,223,0.17777777777777778,0.03336969256251768,0.1444080852152601
all_strict_sites,O15055,25,10,223,0.17777777777777778,0.04165151698783986,0.13612626078993792
all_strict_sites,O15055,30,10,223,0.17777777777777778,0.05070092514038702,0.12707685263739077
all_strict_sites,O15085,5,3,222,0.3333333333333333,0.008397537809302516,0.3249357955240308
all_strict_sites,O15085,10,3,222,0.3333333333333333,0.015042191512779747,0.31829114182055357
all_strict_sites,O15085,15,3,222,0.3333333333333333,0.02193143369613958,0.3114018996371937
all_strict_sites,O15085,20,3,222,0.3333333333333333,0.028372263666381313,0.304961069666952
all_strict_sites,O15085,25,3,222,0.3333333333333333,0.03522074110309405,0.2981125922302393
all_strict_sites,O15085,30,3,222,0.3333333333333333,0.04219151277974807,0.29114182055358523
all_strict_sites,O15119,5,3,123,0.3333333333333333,0.01785952285752366,0.31547381047580964
all_strict_sites,O15119,10,3,123,0.3333333333333333,0.031187524990004,0.3021458083433293
all_strict_sites,O15119,15,3,123,0.3333333333333333,0.04491536718645875,0.28841796614687454
all_strict_sites,O15119,20,3,123,0.3333333333333333,0.058776489404238304,0.274556843929095
all_strict_sites,O15119,25,3,123,0.3333333333333333,0.07277089164334266,0.26056244168999065
all_strict_sites,O15119,30,3,123,0.3333333333333333,0.08476609356257497,0.24856723977075834
all_strict_sites,O15164,5,7,153,0.6666666666666666,0.014533883728930169,0.6521327829377365
all_strict_sites,O15164,10,7,153,1.0,0.0282937736498108,0.9717062263501892
all_strict_sites,O15164,15,7,153,1.0,0.0411936704506364,0.9588063295493636
all_strict_sites,O15164,20,7,153,1.0,0.05048159614723082,0.9495184038527692
all_strict_sites,O15164,25,7,153,1.0,0.059511523907808735,0.9404884760921912
all_strict_sites,O15164,30,7,153,1.0,0.06819745442036464,0.9318025455796354
all_strict_sites,O15178,5,4,74,0.8333333333333334,0.02480562754535357,0.8085277057879798
all_strict_sites,O15178,10,4,74,1.0,0.050351721584598295,0.9496482784154017
all_strict_sites,O15178,15,4,74,1.0,0.07330618289522399,0.926693817104776
all_strict_sites,O15178,20,4,74,1.0,0.09996297667530545,0.9000370233246946
all_strict_sites,O15178,25,4,74,1.0,0.11921510551647538,0.8807848944835246
all_strict_sites,O15178,30,4,74,1.0,0.1432802665679378,0.8567197334320622
all_strict_sites,O15230,5,3,433,0.0,0.002544692498503122,-0.002544692498503122
all_strict_sites,O15230,10,3,433,0.0,0.005035925070567103,-0.005035925070567103
all_strict_sites,O15230,15,3,433,0.0,0.007708921392524164,-0.007708921392524164
all_strict_sites,O15230,20,3,433,0.0,0.010381917714481225,-0.010381917714481225
all_strict_sites,O15230,25,3,433,0.0,0.01296937815413566,-0.01296937815413566
all_strict_sites,O15230,30,3,433,0.0,0.015973826020015396,-0.015973826020015396
all_strict_sites,O15231,5,4,133,0.16666666666666666,0.01697425381635908,0.14969241285030757
all_strict_sites,O15231,10,4,133,0.16666666666666666,0.030303030303030304,0.13636363636363635
all_strict_sites,O15231,15,4,133,0.16666666666666666,0.04477101845522898,0.12189564821143767
all_strict_sites,O15231,20,4,133,0.16666666666666666,0.06254272043745727,0.10412394622920938
all_strict_sites,O15231,25,4,133,0.16666666666666666,0.07758031442241968,0.08908635224424698
all_strict_sites,O15231,30,4,133,0.16666666666666666,0.09068124857598542,0.07598541809068124
all_strict_sites,O15294,5,4,95,0.16666666666666666,0.010750279955207167,0.1559163867114595
all_strict_sites,O15294,10,4,95,0.16666666666666666,0.021052631578947368,0.14561403508771928
all_strict_sites,O15294,15,4,95,0.16666666666666666,0.030683090705487123,0.13598357596117955
all_strict_sites,O15294,20,4,95,0.16666666666666666,0.038521836506159014,0.12814483016050765
all_strict_sites,O15294,25,4,95,0.16666666666666666,0.047928331466965284,0.11873833519970137
all_strict_sites,O15294,30,4,95,0.16666666666666666,0.05733482642777156,0.1093318402388951
all_strict_sites,O15417,5,3,431,0.0,0.00653968596557492,-0.00653968596557492
all_strict_sites,O15417,10,3,431,0.0,0.012820374467166676,-0.012820374467166676
all_strict_sites,O15417,15,3,431,0.3333333333333333,0.0185722764797928,0.3147610568535405
all_strict_sites,O15417,20,3,431,0.3333333333333333,0.023763017320455403,0.30957031601287793
all_strict_sites,O15417,25,3,431,0.6666666666666666,0.028662386014136947,0.6380042806525297
all_strict_sites,O15417,30,3,431,0.6666666666666666,0.033443047536826205,0.6332236191298404
all_strict_sites,O15460,5,3,60,1.0,0.015254237288135594,0.9847457627118644
all_strict_sites,O15460,10,3,60,1.0,0.03615819209039548,0.9638418079096045
all_strict_sites,O15460,15,3,60,1.0,0.04858757062146893,0.9514124293785311
all_strict_sites,O15460,20,3,60,1.0,0.06384180790960452,0.9361581920903955
all_strict_sites,O15460,25,3,60,1.0,0.07966101694915254,0.9203389830508475
all_strict_sites,O15460,30,3,60,1.0,0.1,0.9
all_strict_sites,O15511,5,4,18,0.8333333333333334,0.0784313725490196,0.7549019607843137
all_strict_sites,O15511,10,4,18,1.0,0.12418300653594772,0.8758169934640523
all_strict_sites,O15511,15,4,18,1.0,0.1437908496732026,0.8562091503267975
all_strict_sites,O15511,20,4,18,1.0,0.1895424836601307,0.8104575163398693
all_strict_sites,O15511,25,4,18,1.0,0.2549019607843137,0.7450980392156863
all_strict_sites,O15511,30,4,18,1.0,0.2875816993464052,0.7124183006535948
all_strict_sites,O15550,5,8,225,0.10714285714285714,0.008809523809523809,0.09833333333333333
all_strict_sites,O15550,10,8,225,0.14285714285714285,0.01650793650793651,0.12634920634920635
all_strict_sites,O15550,15,8,225,0.17857142857142858,0.025238095238095237,0.15333333333333335
all_strict_sites,O15550,20,8,225,0.17857142857142858,0.03301587301587302,0.14555555555555555
all_strict_sites,O15550,25,8,225,0.17857142857142858,0.04162698412698413,0.13694444444444445
all_strict_sites,O15550,30,8,225,0.17857142857142858,0.04928571428571429,0.12928571428571428
all_strict_sites,O43151,5,10,256,0.022222222222222223,0.005238970588235294,0.01698325163398693
all_strict_sites,O43151,10,10,256,0.022222222222222223,0.011825980392156862,0.01039624183006536
all_strict_sites,O43151,15,10,256,0.022222222222222223,0.017708333333333333,0.00451388888888889
all_strict_sites,O43151,20,10,256,0.022222222222222223,0.023713235294117646,-0.001491013071895423
all_strict_sites,O43151,25,10,256,0.022222222222222223,0.029626225490196077,-0.007404003267973854
all_strict_sites,O43151,30,10,256,0.044444444444444446,0.035416666666666666,0.00902777777777778
all_strict_sites,O43159,5,3,54,0.0,0.023060796645702306,-0.023060796645702306
all_strict_sites,O43159,10,3,54,0.0,0.047519217330538085,-0.047519217330538085
all_strict_sites,O43159,15,3,54,0.0,0.06918238993710692,-0.06918238993710692
all_strict_sites,O43159,20,3,54,0.0,0.08874912648497554,-0.08874912648497554
all_strict_sites,O43159,25,3,54,0.0,0.1111111111111111,-0.1111111111111111
all_strict_sites,O43159,30,3,54,0.0,0.13137665967854648,-0.13137665967854648
all_strict_sites,O43166,5,6,363,0.06666666666666667,0.006909882349359998,0.05975678431730667
all_strict_sites,O43166,10,6,363,0.06666666666666667,0.013256624507252332,0.053410042159414334
all_strict_sites,O43166,15,6,363,0.13333333333333333,0.019040226473677,0.11429310685965632
all_strict_sites,O43166,20,6,363,0.2,0.025402188636744136,0.17459781136325586
all_strict_sites,O43166,25,6,363,0.2,0.031018370546245986,0.16898162945375403
all_strict_sites,O43166,30,6,363,0.2,0.03660411244539823,0.16339588755460177
all_strict_sites,O43175,5,3,67,0.3333333333333333,0.021709633649932156,0.31162369968340115
all_strict_sites,O43175,10,3,67,0.3333333333333333,0.03844414292175486,0.29488919041157846
all_strict_sites,O43175,15,3,67,0.3333333333333333,0.05336951605608322,0.2799638172772501
all_strict_sites,O43175,20,3,67,0.3333333333333333,0.06874717322478517,0.26458616010854813
all_strict_sites,O43175,25,3,67,0.3333333333333333,0.08955223880597014,0.24378109452736318
all_strict_sites,O43175,30,3,67,0.3333333333333333,0.10628674807779286,0.22704658525554045
all_strict_sites,O43242,5,3,57,0.3333333333333333,0.016290726817042606,0.3170426065162907
all_strict_sites,O43242,10,3,57,0.3333333333333333,0.03383458646616541,0.29949874686716793
all_strict_sites,O43242,15,3,57,0.3333333333333333,0.045739348370927316,0.287593984962406
all_strict_sites,O43242,20,3,57,0.3333333333333333,0.06954887218045112,0.2637844611528822
all_strict_sites,O43242,25,3,57,0.3333333333333333,0.08709273182957393,0.24624060150375937
all_strict_sites,O43242,30,3,57,0.3333333333333333,0.09774436090225563,0.23558897243107768
all_strict_sites,O43303,5,3,158,0.0,0.010723212126098525,-0.010723212126098525
all_strict_sites,O43303,10,3,158,0.0,0.02176892687253084,-0.02176892687253084
all_strict_sites,O43303,15,3,158,0.0,0.033137144239296944,-0.033137144239296944
all_strict_sites,O43303,20,3,158,0.0,0.04329597677981133,-0.04329597677981133
all_strict_sites,O43303,25,3,158,0.0,0.053616060630492623,-0.053616060630492623
all_strict_sites,O43303,30,3,158,0.0,0.0640973957913408,-0.0640973957913408
all_strict_sites,O43312,5,4,149,0.5,0.016325049882096862,0.4836749501179031
all_strict_sites,O43312,10,4,149,0.5,0.031017594775984036,0.46898240522401596
all_strict_sites,O43312,15,4,149,0.5,0.04625430799927444,0.45374569200072556
all_strict_sites,O43312,20,4,149,0.5,0.061128242336296025,0.43887175766370395
all_strict_sites,O43312,25,4,149,0.5,0.0776346816615273,0.4223653183384727
all_strict_sites,O43312,30,4,149,0.8333333333333334,0.09187375294757845,0.7414595803857549
all_strict_sites,O43379,5,5,245,0.3,0.007092673134827702,0.2929073268651723
all_strict_sites,O43379,10,5,245,0.3,0.013549682167949146,0.2864503178320508
all_strict_sites,O43379,15,5,245,0.3,0.020107059217129474,0.2798929407828705
all_strict_sites,O43379,20,5,245,0.4,0.026530612244897958,0.3734693877551021
all_strict_sites,O43379,25,5,245,0.4,0.03312144529943125,0.3668785547005688
all_strict_sites,O43379,30,5,245,0.4,0.04038139846102375,0.3596186015389763
all_strict_sites,O43395,5,7,77,0.3333333333333333,0.018113465481886533,0.3152198678514468
all_strict_sites,O43395,10,7,77,0.38095238095238093,0.032809295967190705,0.3481430849851902
all_strict_sites,O43395,15,7,77,0.6190476190476191,0.045112781954887216,0.5739348370927319
all_strict_sites,O43395,20,7,77,0.7142857142857143,0.059125085440874914,0.6551606288448394
all_strict_sites,O43395,25,7,77,0.7142857142857143,0.07382091592617908,0.6404647983595352
all_strict_sites,O43395,30,7,77,0.7142857142857143,0.0898838004101162,0.6244019138755981
all_strict_sites,O43399,5,7,39,0.047619047619047616,0.037786774628879895,0.009832272990167722
all_strict_sites,O43399,10,7,39,0.14285714285714285,0.09176788124156546,0.05108926161557739
all_strict_sites,O43399,15,7,39,0.19047619047619047,0.1417004048582996,0.048775785617890866
all_strict_sites,O43399,20,7,39,0.2857142857142857,0.19568151147098514,0.09003277424330056
all_strict_sites,O43399,25,7,39,0.3333333333333333,0.24021592442645073,0.09311740890688258
all_strict_sites,O43399,30,7,39,0.38095238095238093,0.2807017543859649,0.10025062656641603
all_strict_sites,O43426,5,3,254,0.0,0.007282686502131898,-0.007282686502131898
all_strict_sites,O43426,10,3,254,0.3333333333333333,0.01437863745292708,0.31895469588040626
all_strict_sites,O43426,15,3,254,0.3333333333333333,0.021163362484827735,0.31216997084850556
all_strict_sites,O43426,20,3,254,0.3333333333333333,0.027574616414054964,0.30575871691927836
all_strict_sites,O43426,25,3,254,0.3333333333333333,0.03386137997572438,0.29947195335760896
all_strict_sites,O43426,30,3,254,0.3333333333333333,0.040428246864398866,0.29290508646893443
all_strict_sites,O43432,5,12,227,0.07575757575757576,0.007524073135550271,0.06823350262202549
all_strict_sites,O43432,10,12,227,0.15151515151515152,0.014424388912712955,0.13709076260243858
all_strict_sites,O43432,15,12,227,0.19696969696969696,0.02151962886437176,0.1754500681053252
all_strict_sites,O43432,20,12,227,0.25757575757575757,0.0293165958442166,0.22825916173154098
all_strict_sites,O43432,25,12,227,0.2727272727272727,0.036411835795875404,0.2363154369313973
all_strict_sites,O43432,30,12,227,0.2878787878787879,0.04264940937975128,0.24522937849903662
all_strict_sites,O43491,5,5,150,0.1,0.014228187919463087,0.08577181208053691
all_strict_sites,O43491,10,5,150,0.2,0.02693512304250559,0.17306487695749442
all_strict_sites,O43491,15,5,150,0.4,0.03874720357941835,0.36125279642058167
all_strict_sites,O43491,20,5,150,0.5,0.04993288590604027,0.4500671140939597
all_strict_sites,O43491,25,5,150,0.6,0.05959731543624161,0.5404026845637584
all_strict_sites,O43491,30,5,150,0.6,0.0694407158836689,0.5305592841163311
all_strict_sites,O43493,5,6,96,0.06666666666666667,0.023026315789473683,0.04364035087719298
all_strict_sites,O43493,10,6,96,0.13333333333333333,0.04824561403508772,0.08508771929824561
all_strict_sites,O43493,15,6,96,0.2,0.07434210526315789,0.12565789473684214
all_strict_sites,O43493,20,6,96,0.26666666666666666,0.0993421052631579,0.16732456140350876
all_strict_sites,O43493,25,6,96,0.26666666666666666,0.12192982456140351,0.14473684210526316
all_strict_sites,O43493,30,6,96,0.26666666666666666,0.1475877192982456,0.11907894736842106
all_strict_sites,O43524,5,10,146,0.044444444444444446,0.015965989607935757,0.02847845483650869
all_strict_sites,O43524,10,10,146,0.13333333333333333,0.03183750590458195,0.10149582742875138
all_strict_sites,O43524,15,10,146,0.15555555555555556,0.04789796882380727,0.10765758673174829
all_strict_sites,O43524,20,10,146,0.15555555555555556,0.06329711856400567,0.09225843699154988
all_strict_sites,O43524,25,10,146,0.15555555555555556,0.07926310817194143,0.07629244738361413
all_strict_sites,O43524,30,10,146,0.15555555555555556,0.09456778460085026,0.0609877709547053
all_strict_sites,O43615,5,4,51,0.6666666666666666,0.02980392156862745,0.6368627450980392
all_strict_sites,O43615,10,4,51,1.0,0.04941176470588235,0.9505882352941176
all_strict_sites,O43615,15,4,51,1.0,0.07294117647058823,0.9270588235294117
all_strict_sites,O43615,20,4,51,1.0,0.0988235294117647,0.9011764705882352
all_strict_sites,O43615,25,4,51,1.0,0.1207843137254902,0.8792156862745097
all_strict_sites,O43615,30,4,51,1.0,0.14588235294117646,0.8541176470588235
all_strict_sites,O43670,5,26,61,0.13846153846153847,0.060109289617486336,0.07835224884405213
all_strict_sites,O43670,10,26,61,0.2246153846153846,0.10765027322404372,0.11696511139134089
all_strict_sites,O43670,15,26,61,0.2923076923076923,0.1546448087431694,0.13766288356452291
all_strict_sites,O43670,20,26,61,0.3569230769230769,0.19672131147540983,0.16020176544766707
all_strict_sites,O43670,25,26,61,0.40615384615384614,0.2448087431693989,0.16134510298444724
all_strict_sites,O43670,30,26,61,0.4338461538461538,0.28032786885245903,0.1535182849936948
all_strict_sites,O43707,5,3,88,0.0,0.0109717868338558,-0.0109717868338558
all_strict_sites,O43707,10,3,88,0.0,0.023510971786833857,-0.023510971786833857
all_strict_sites,O43707,15,3,88,0.0,0.03500522466039707,-0.03500522466039707
all_strict_sites,O43707,20,3,88,0.0,0.04362591431556949,-0.04362591431556949
all_strict_sites,O43707,25,3,88,0.0,0.051462904911180773,-0.051462904911180773
all_strict_sites,O43707,30,3,88,0.0,0.05956112852664577,-0.05956112852664577
all_strict_sites,O43823,5,4,79,0.5,0.014281077572216814,0.4857189224277832
all_strict_sites,O43823,10,4,79,0.8333333333333334,0.027588445309964297,0.8057448880233691
all_strict_sites,O43823,15,4,79,1.0,0.03992210321324245,0.9600778967867576
all_strict_sites,O43823,20,4,79,1.0,0.053554040895813046,0.9464459591041869
all_strict_sites,O43823,25,4,79,1.0,0.0691333982473223,0.9308666017526777
all_strict_sites,O43823,30,4,79,1.0,0.08438818565400844,0.9156118143459916
all_strict_sites,O60293,5,4,291,0.16666666666666666,0.006872852233676976,0.15979381443298968
all_strict_sites,O60293,10,4,291,0.3333333333333333,0.012228937077852825,0.3211043962554805
all_strict_sites,O60293,15,4,291,0.5,0.017324327526958172,0.48267567247304183
all_strict_sites,O60293,20,4,291,0.5,0.022324920014219693,0.4776750799857803
all_strict_sites,O60293,25,4,291,0.5,0.027467709444246948,0.4725322905557531
all_strict_sites,O60293,30,4,291,0.5,0.032871193269344706,0.46712880673065527
all_strict_sites,O60296,5,5,166,0.2,0.013070463672873312,0.1869295363271267
all_strict_sites,O60296,10,5,166,0.8,0.02650602409638554,0.7734939759036145
all_strict_sites,O60296,15,5,166,0.9,0.03921139101861994,0.8607886089813801
all_strict_sites,O60296,20,5,166,1.0,0.05082146768893757,0.9491785323110624
all_strict_sites,O60296,25,5,166,1.0,0.061920408908360716,0.9380795910916393
all_strict_sites,O60296,30,5,166,1.0,0.07360350492880613,0.9263964950711938
all_strict_sites,O60318,5,15,306,0.047619047619047616,0.006257366334511947,0.04136168128453567
all_strict_sites,O60318,10,15,306,0.10476190476190476,0.011978999249973213,0.09278290551193155
all_strict_sites,O60318,15,15,306,0.17142857142857143,0.01800064288010286,0.15342792854846857
all_strict_sites,O60318,20,15,306,0.21904761904761905,0.023765134469088182,0.19528248457853087
all_strict_sites,O60318,25,15,306,0.24761904761904763,0.030129647487410264,0.21748940013163737
all_strict_sites,O60318,30,15,306,0.2857142857142857,0.03615129111753991,0.2495629945967458
all_strict_sites,O60333,5,3,291,0.0,0.0075364379665837184,-0.0075364379665837184
all_strict_sites,O60333,10,3,291,0.0,0.01448038867164356,-0.01448038867164356
all_strict_sites,O60333,15,3,291,0.0,0.02113994549117194,-0.02113994549117194
all_strict_sites,O60333,20,3,291,0.0,0.027775802820239365,-0.027775802820239365
all_strict_sites,O60333,25,3,291,0.0,0.03353477900225145,-0.03353477900225145
all_strict_sites,O60333,30,3,291,0.0,0.03860646996089584,-0.03860646996089584
all_strict_sites,O60346,5,3,227,0.0,0.00787493664964329,-0.00787493664964329
all_strict_sites,O60346,10,3,227,0.0,0.015048146271100541,-0.015048146271100541
all_strict_sites,O60346,15,3,227,0.0,0.022065416552960897,-0.022065416552960897
all_strict_sites,O60346,20,3,227,0.0,0.028341974971735996,-0.028341974971735996
all_strict_sites,O60346,25,3,227,0.0,0.035476199758294025,-0.035476199758294025
all_strict_sites,O60346,30,3,227,0.0,0.0417137733421699,-0.0417137733421699
all_strict_sites,O60488,5,3,81,0.6666666666666666,0.016358024691358025,0.6503086419753086
all_strict_sites,O60488,10,3,81,1.0,0.03364197530864198,0.966358024691358
all_strict_sites,O60488,15,3,81,1.0,0.05,0.95
all_strict_sites,O60488,20,3,81,1.0,0.06327160493827161,0.9367283950617284
all_strict_sites,O60488,25,3,81,1.0,0.07561728395061729,0.9243827160493827
all_strict_sites,O60488,30,3,81,1.0,0.08858024691358024,0.9114197530864198
all_strict_sites,O60502,5,3,113,0.0,0.010587863463969659,-0.010587863463969659
all_strict_sites,O60502,10,3,113,0.3333333333333333,0.022281921618204803,0.3110514117151285
all_strict_sites,O60502,15,3,113,0.3333333333333333,0.03286978508217446,0.30046354825115884
all_strict_sites,O60502,20,3,113,0.6666666666666666,0.04503792667509482,0.6216287399915719
all_strict_sites,O60502,25,3,113,0.6666666666666666,0.05625790139064475,0.6104087652760218
all_strict_sites,O60502,30,3,113,1.0,0.06605562579013906,0.933944374209861
all_strict_sites,O60610,5,4,134,0.5,0.009089888901357873,0.49091011109864213
all_strict_sites,O60610,10,4,134,0.5,0.016047581640668836,0.48395241835933117
all_strict_sites,O60610,15,4,134,0.5,0.02412748288632028,0.4758725171136797
all_strict_sites,O60610,20,4,134,0.5,0.031982942430703626,0.46801705756929635
all_strict_sites,O60610,25,4,134,0.5,0.04039950622825721,0.4596004937717428
all_strict_sites,O60610,30,4,134,0.5,0.04971383683088318,0.45028616316911685
all_strict_sites,O60641,5,3,175,0.3333333333333333,0.015303776683087028,0.3180295566502463
all_strict_sites,O60641,10,3,175,0.3333333333333333,0.027454844006568144,0.30587848932676515
all_strict_sites,O60641,15,3,175,0.3333333333333333,0.03901477832512315,0.29431855500821014
all_strict_sites,O60641,20,3,175,0.3333333333333333,0.050114942528735634,0.28321839080459765
all_strict_sites,O60641,25,3,175,0.3333333333333333,0.06088669950738916,0.27244663382594414
all_strict_sites,O60641,30,3,175,0.3333333333333333,0.07159277504105091,0.2617405582922824
all_strict_sites,O60664,5,11,73,0.09090909090909091,0.0213089802130898,0.06960011069600111
all_strict_sites,O60664,10,11,73,0.14545454545454545,0.04528158295281583,0.10017296250172962
all_strict_sites,O60664,15,11,73,0.23636363636363636,0.06773211567732115,0.1686315206863152
all_strict_sites,O60664,20,11,73,0.2545454545454545,0.0898021308980213,0.16474332364743322
all_strict_sites,O60664,25,11,73,0.2727272727272727,0.11339421613394216,0.15933305659333055
all_strict_sites,O60664,30,11,73,0.32727272727272727,0.13508371385083714,0.19218901342189013
all_strict_sites,O60675,5,10,28,0.3111111111111111,0.07936507936507936,0.23174603174603176
all_strict_sites,O60675,10,10,28,0.5555555555555556,0.15608465608465608,0.39947089947089953
all_strict_sites,O60675,15,10,28,0.8222222222222222,0.2275132275132275,0.5947089947089947
all_strict_sites,O60675,20,10,28,0.9333333333333333,0.2830687830687831,0.6502645502645503
all_strict_sites,O60675,25,10,28,1.0,0.3333333333333333,0.6666666666666667
all_strict_sites,O60675,30,10,28,1.0,0.37566137566137564,0.6243386243386244
all_strict_sites,O60841,5,4,120,0.5,0.008683473389355743,0.49131652661064423
all_strict_sites,O60841,10,4,120,0.5,0.017366946778711485,0.4826330532212885
all_strict_sites,O60841,15,4,120,0.5,0.02689075630252101,0.473109243697479
all_strict_sites,O60841,20,4,120,0.5,0.03459383753501401,0.465406162464986
all_strict_sites,O60841,25,4,120,0.5,0.04145658263305322,0.45854341736694676
all_strict_sites,O60841,30,4,120,0.5,0.05126050420168067,0.44873949579831934
all_strict_sites,O60885,5,8,169,0.25,0.013384051845590307,0.2366159481544097
all_strict_sites,O60885,10,8,169,0.25,0.0248661594815441,0.2251338405184559
all_strict_sites,O60885,15,8,169,0.25,0.033671456748379826,0.21632854325162018
all_strict_sites,O60885,20,8,169,0.25,0.041913214990138066,0.20808678500986194
all_strict_sites,O60885,25,8,169,0.25,0.04839391377852916,0.20160608622147083
all_strict_sites,O60885,30,8,169,0.25,0.05543815159199775,0.19456184840800225
all_strict_sites,O75030,5,4,84,0.5,0.02667814113597246,0.47332185886402756
all_strict_sites,O75030,10,4,84,0.5,0.04704532415375789,0.4529546758462421
all_strict_sites,O75030,15,4,84,0.5,0.06712564543889846,0.43287435456110157
all_strict_sites,O75030,20,4,84,0.5,0.08749282845668388,0.4125071715433161
all_strict_sites,O75030,25,4,84,0.5,0.10413080895008606,0.3958691910499139
all_strict_sites,O75030,30,4,84,0.5,0.11818703384968446,0.38181296615031557
all_strict_sites,O75044,5,5,166,0.2,0.010806863818912011,0.189193136181088
all_strict_sites,O75044,10,5,166,0.4,0.021686746987951807,0.3783132530120482
all_strict_sites,O75044,15,5,166,0.4,0.0321285140562249,0.3678714859437751
all_strict_sites,O75044,20,5,166,0.4,0.04286235852500913,0.3571376414749909
all_strict_sites,O75044,25,5,166,0.4,0.05213581599123768,0.34786418400876234
all_strict_sites,O75044,30,5,166,0.4,0.06089813800657174,0.3391018619934283
all_strict_sites,O75113,5,5,125,0.2,0.011612903225806452,0.18838709677419355
all_strict_sites,O75113,10,5,125,0.3,0.023741935483870966,0.276258064516129
all_strict_sites,O75113,15,5,125,0.4,0.03664516129032258,0.36335483870967744
all_strict_sites,O75113,20,5,125,0.4,0.047870967741935486,0.3521290322580645
all_strict_sites,O75113,25,5,125,0.4,0.057935483870967745,0.34206451612903227
all_strict_sites,O75113,30,5,125,0.4,0.06903225806451613,0.3309677419354839
all_strict_sites,O75116,5,6,143,0.26666666666666666,0.006796020880527923,0.2598706457861387
all_strict_sites,O75116,10,6,143,0.5333333333333333,0.015167930660888408,0.5181654026724449
all_strict_sites,O75116,15,6,143,0.6666666666666666,0.023047375160051217,0.6436192915066155
all_strict_sites,O75116,20,6,143,0.6666666666666666,0.029744902984339603,0.636921763682327
all_strict_sites,O75116,25,6,143,0.6666666666666666,0.03634393775238846,0.6303227289142782
all_strict_sites,O75116,30,6,143,0.6666666666666666,0.04225352112676056,0.624413145539906
all_strict_sites,O75152,5,7,142,0.047619047619047616,0.014783737888322844,0.03283530973072477
all_strict_sites,O75152,10,7,142,0.09523809523809523,0.02846868444710818,0.06676941079098705
all_strict_sites,O75152,15,7,142,0.14285714285714285,0.04045549895115373,0.10240164390598912
all_strict_sites,O75152,20,7,142,0.14285714285714285,0.05154330236739586,0.09131384048974699
all_strict_sites,O75152,25,7,142,0.14285714285714285,0.06452901808011188,0.07832812477703097
all_strict_sites,O75152,30,7,142,0.14285714285714285,0.07661572270502447,0.06624142015211838
all_strict_sites,O75157,5,10,146,0.13333333333333333,0.014643363249881908,0.11868997008345142
all_strict_sites,O75157,10,10,146,0.2222222222222222,0.027491733585262162,0.19473048863696005
all_strict_sites,O75157,15,10,146,0.24444444444444444,0.041284837033538024,0.2031596074109064
all_strict_sites,O75157,20,10,146,0.3111111111111111,0.0533774208786018,0.2577336902325093
all_strict_sites,O75157,25,10,146,0.4,0.06688710439300898,0.33311289560699103
all_strict_sites,O75157,30,10,146,0.4666666666666667,0.0795465281058101,0.3871201385608566
all_strict_sites,O75170,5,7,132,0.09523809523809523,0.011566042100393246,0.08367205313770198
all_strict_sites,O75170,10,7,132,0.14285714285714285,0.021050196622715706,0.12180694623442714
all_strict_sites,O75170,15,7,132,0.2857142857142857,0.03238491788110109,0.2533293678331846
all_strict_sites,O75170,20,7,132,0.5238095238095238,0.043950959981494335,0.4798585638280295
all_strict_sites,O75170,25,7,132,0.5238095238095238,0.05297247281980107,0.4708370509897228
all_strict_sites,O75170,30,7,132,0.6190476190476191,0.0655794587092297,0.5534681603383894
all_strict_sites,O75179,5,58,458,0.03508771929824561,0.0054943479881130975,0.029593371310132514
all_strict_sites,O75179,10,58,458,0.056866303690260134,0.010826254383534156,0.04604004930672598
all_strict_sites,O75179,15,58,458,0.07683000604960677,0.015317286652078774,0.061512719397528
all_strict_sites,O75179,20,58,458,0.09134906231094979,0.019856095859650463,0.07149296645129932
all_strict_sites,O75179,25,58,458,0.10042347247428918,0.023974468003783934,0.07644900447050525
all_strict_sites,O75179,30,58,458,0.11070780399274047,0.02857060953818811,0.08213719445455236
all_strict_sites,O75335,5,3,165,0.0,0.011456023651145602,-0.011456023651145602
all_strict_sites,O75335,10,3,165,0.0,0.019881744271988175,-0.019881744271988175
all_strict_sites,O75335,15,3,165,0.0,0.028898743532889876,-0.028898743532889876
all_strict_sites,O75335,20,3,165,0.3333333333333333,0.03872875092387287,0.2946045824094604
all_strict_sites,O75335,25,3,165,0.3333333333333333,0.04678492239467849,0.2865484109386548
all_strict_sites,O75335,30,3,165,0.3333333333333333,0.05720620842572062,0.2761271249076127
all_strict_sites,O75362,5,5,166,0.2,0.009273457466228551,0.19072654253377147
all_strict_sites,O75362,10,5,166,0.2,0.017816721431179263,0.18218327856882074
all_strict_sites,O75362,15,5,166,0.2,0.02723621759766338,0.17276378240233664
all_strict_sites,O75362,20,5,166,0.2,0.03599853961299745,0.16400146038700256
all_strict_sites,O75362,25,5,166,0.2,0.045198977729098214,0.1548010222709018
all_strict_sites,O75362,30,5,166,0.2,0.05403431909456006,0.14596568090543996
all_strict_sites,O75369,5,4,346,0.16666666666666666,0.003635754377146687,0.16303091228951996
all_strict_sites,O75369,10,4,346,0.16666666666666666,0.007740638351344559,0.1589260283153221
all_strict_sites,O75369,15,4,346,0.5,0.011560693641618497,0.4884393063583815
all_strict_sites,O75369,20,4,346,0.5,0.015498031331155232,0.48450196866884476
all_strict_sites,O75369,25,4,346,0.6666666666666666,0.019519142163022536,0.6471475245036441
all_strict_sites,O75369,30,4,346,0.6666666666666666,0.02354025299488984,0.6431264136717768
all_strict_sites,O75376,5,75,421,0.018738738738738738,0.0046261735097839615,0.014112565228954776
all_strict_sites,O75376,10,75,421,0.031711711711711714,0.009105304829770388,0.022606406881941328
all_strict_sites,O75376,15,75,421,0.03963963963963964,0.013482637710666214,0.026157001928973425
all_strict_sites,O75376,20,75,421,0.0436036036036036,0.01789390340459224,0.02570970019901136
all_strict_sites,O75376,25,75,421,0.046486486486486484,0.022045017531953398,0.024441468954533085
all_strict_sites,O75376,30,75,421,0.05261261261261261,0.02660332541567696,0.02600928719693565
all_strict_sites,O75643,5,10,236,0.06666666666666667,0.004652001442481068,0.0620146652241856
all_strict_sites,O75643,10,10,236,0.06666666666666667,0.008763072484673638,0.05790359418199303
all_strict_sites,O75643,15,10,236,0.06666666666666667,0.013306887847097007,0.05335977881956966
all_strict_sites,O75643,20,10,236,0.06666666666666667,0.01810313739632167,0.04856352927034499
all_strict_sites,O75643,25,10,236,0.06666666666666667,0.02282726289217454,0.04383940377449212
all_strict_sites,O75643,30,10,236,0.08888888888888889,0.02744320230796971,0.06144568658091919
all_strict_sites,O75694,5,4,179,0.16666666666666666,0.007406942439269349,0.15925972422739731
all_strict_sites,O75694,10,4,179,0.16666666666666666,0.015064967673090202,0.15160169899357645
all_strict_sites,O75694,15,4,179,0.16666666666666666,0.02203251522189442,0.14463415144477224
all_strict_sites,O75694,20,4,179,0.5,0.02937668696252589,0.4706233130374741
all_strict_sites,O75694,25,4,179,0.5,0.03540267403176197,0.46459732596823805
all_strict_sites,O75694,30,4,179,0.5,0.04268407507375557,0.4573159249262444
all_strict_sites,O75717,5,10,169,0.13333333333333333,0.009580163426317272,0.12375316990701606
all_strict_sites,O75717,10,10,169,0.24444444444444444,0.01803324880247957,0.22641119564196488
all_strict_sites,O75717,15,10,169,0.35555555555555557,0.026768103691180614,0.32878745186437497
all_strict_sites,O75717,20,10,169,0.37777777777777777,0.03585517047055509,0.3419226073072227
all_strict_sites,O75717,25,10,169,0.4444444444444444,0.044167371090448014,0.4002770733539964
all_strict_sites,O75717,30,10,169,0.4888888888888889,0.05290222597914906,0.4359866629097398
all_strict_sites,O75718,5,3,30,0.0,0.02528735632183908,-0.02528735632183908
all_strict_sites,O75718,10,3,30,0.0,0.0367816091954023,-0.0367816091954023
all_strict_sites,O75718,15,3,30,0.3333333333333333,0.05517241379310345,0.27816091954022987
all_strict_sites,O75718,20,3,30,0.3333333333333333,0.08505747126436781,0.2482758620689655
all_strict_sites,O75718,25,3,30,0.3333333333333333,0.11954022988505747,0.21379310344827585
all_strict_sites,O75718,30,3,30,0.3333333333333333,0.1310344827586207,0.2022988505747126
all_strict_sites,O75821,5,5,47,0.2,0.03145235892691952,0.16854764107308048
all_strict_sites,O75821,10,5,47,0.2,0.056429232192414434,0.14357076780758557
all_strict_sites,O75821,15,5,47,0.2,0.08603145235892692,0.11396854764107309
all_strict_sites,O75821,20,5,47,0.2,0.1091581868640148,0.09084181313598522
all_strict_sites,O75821,25,5,47,0.2,0.13876040703052728,0.061239592969472734
all_strict_sites,O75821,30,5,47,0.2,0.16558741905642924,0.034412580943570775
all_strict_sites,O75882,5,4,199,0.3333333333333333,0.006141820212171971,0.32719151312116135
all_strict_sites,O75882,10,4,199,0.3333333333333333,0.0126389523374448,0.32069438099588854
all_strict_sites,O75882,15,4,199,0.3333333333333333,0.018933049083802854,0.3144002842495305
all_strict_sites,O75882,20,4,199,0.3333333333333333,0.02619156388000609,0.3071417694533272
all_strict_sites,O75882,25,4,199,0.3333333333333333,0.03410994365768235,0.299223389675651
all_strict_sites,O75882,30,4,199,0.3333333333333333,0.04060707578295518,0.2927262575503781
all_strict_sites,O75909,5,4,59,0.5,0.030976037405026302,0.4690239625949737
all_strict_sites,O75909,10,4,59,0.5,0.05376972530683811,0.4462302746931619
all_strict_sites,O75909,15,4,59,0.5,0.07071887784921099,0.429281122150789
all_strict_sites,O75909,20,4,59,0.5,0.0853302162478083,0.4146697837521917
all_strict_sites,O75909,25,4,59,0.5,0.1011104617182934,0.3988895382817066
all_strict_sites,O75909,30,4,59,0.5,0.11396843950905904,0.38603156049094095
all_strict_sites,O75920,5,3,16,0.0,0.11666666666666667,-0.11666666666666667
all_strict_sites,O75920,10,3,16,0.3333333333333333,0.23333333333333334,0.09999999999999998
all_strict_sites,O75920,15,3,16,0.3333333333333333,0.3416666666666667,-0.00833333333333336
all_strict_sites,O75920,20,3,16,0.3333333333333333,0.4166666666666667,-0.08333333333333337
all_strict_sites,O75920,25,3,16,0.6666666666666666,0.4666666666666667,0.19999999999999996
all_strict_sites,O75920,30,3,16,1.0,0.5166666666666667,0.4833333333333333
all_strict_sites,O75923,5,3,221,0.3333333333333333,0.004648292883587001,0.32868504044974634
all_strict_sites,O75923,10,3,221,0.3333333333333333,0.009543397778691896,0.3237899355546414
all_strict_sites,O75923,15,3,221,0.3333333333333333,0.014191690662278898,0.31914164267105444
all_strict_sites,O75923,20,3,221,0.3333333333333333,0.01871657754010695,0.31461675579322634
all_strict_sites,O75923,25,3,221,0.3333333333333333,0.023570547099958865,0.30976278623337444
all_strict_sites,O75923,30,3,221,0.3333333333333333,0.028013163307280955,0.3053201700260524
all_strict_sites,O75976,5,3,197,0.3333333333333333,0.007924997410131565,0.32540833592320173
all_strict_sites,O75976,10,3,197,0.3333333333333333,0.015280223764632757,0.31805310956870053
all_strict_sites,O75976,15,3,197,0.3333333333333333,0.023205221174764323,0.310128112158569
all_strict_sites,O75976,20,3,197,0.3333333333333333,0.03144100279705791,0.3018923305362754
all_strict_sites,O75976,25,3,197,0.3333333333333333,0.039055215995027454,0.2942781173383059
all_strict_sites,O75976,30,3,197,0.3333333333333333,0.04615145550606029,0.287181877827273
all_strict_sites,O76070,5,8,20,0.14285714285714285,0.06842105263157895,0.0744360902255639
all_strict_sites,O76070,10,8,20,0.21428571428571427,0.14736842105263157,0.06691729323308271
all_strict_sites,O76070,15,8,20,0.32142857142857145,0.23684210526315788,0.08458646616541357
all_strict_sites,O76070,20,8,20,0.4642857142857143,0.3263157894736842,0.13796992481203008
all_strict_sites,O76070,25,8,20,0.5357142857142857,0.42105263157894735,0.11466165413533835
all_strict_sites,O76070,30,8,20,0.6071428571428571,0.48947368421052634,0.11766917293233076
all_strict_sites,O94763,5,3,79,0.3333333333333333,0.02564102564102564,0.30769230769230765
all_strict_sites,O94763,10,3,79,0.3333333333333333,0.04316780266147355,0.2901655306718598
all_strict_sites,O94763,15,3,79,0.3333333333333333,0.062317429406037,0.2710159039272963
all_strict_sites,O94763,20,3,79,0.3333333333333333,0.0795196364816618,0.25381369685167154
all_strict_sites,O94763,25,3,79,0.3333333333333333,0.09802012333657903,0.23531320999675429
all_strict_sites,O94763,30,3,79,0.3333333333333333,0.11587147030185005,0.21746186303148327
all_strict_sites,O94811,5,4,32,0.3333333333333333,0.05846774193548387,0.27486559139784944
all_strict_sites,O94811,10,4,32,0.5,0.11491935483870967,0.3850806451612903
all_strict_sites,O94811,15,4,32,0.5,0.16129032258064516,0.33870967741935487
all_strict_sites,O94811,20,4,32,0.5,0.20362903225806453,0.2963709677419355
all_strict_sites,O94811,25,4,32,0.5,0.23790322580645162,0.2620967741935484
all_strict_sites,O94811,30,4,32,0.5,0.2762096774193548,0.22379032258064518
all_strict_sites,O94842,5,15,111,0.14285714285714285,0.016871416871416873,0.12598572598572597
all_strict_sites,O94842,10,15,111,0.2761904761904762,0.03521703521703522,0.24097344097344098
all_strict_sites,O94842,15,15,111,0.41904761904761906,0.051433251433251434,0.3676143676143676
all_strict_sites,O94842,20,15,111,0.5333333333333333,0.06846846846846846,0.4648648648648649
all_strict_sites,O94842,25,15,111,0.638095238095238,0.0855036855036855,0.5525915525915526
all_strict_sites,O94842,30,15,111,0.7523809523809524,0.10171990171990172,0.6506610506610506
all_strict_sites,O94855,5,7,126,0.09523809523809523,0.00926984126984127,0.08596825396825396
all_strict_sites,O94855,10,7,126,0.23809523809523808,0.018666666666666668,0.21942857142857142
all_strict_sites,O94855,15,7,126,0.3333333333333333,0.02946031746031746,0.30387301587301585
all_strict_sites,O94855,20,7,126,0.3333333333333333,0.04114285714285714,0.29219047619047617
all_strict_sites,O94855,25,7,126,0.38095238095238093,0.049777777777777775,0.3311746031746032
all_strict_sites,O94855,30,7,126,0.42857142857142855,0.059936507936507934,0.3686349206349206
all_strict_sites,O94900,5,3,78,0.3333333333333333,0.019647019647019648,0.31368631368631367
all_strict_sites,O94900,10,3,78,1.0,0.040626040626040624,0.9593739593739594
all_strict_sites,O94900,15,3,78,1.0,0.06060606060606061,0.9393939393939394
all_strict_sites,O94900,20,3,78,1.0,0.08225108225108226,0.9177489177489178
all_strict_sites,O94900,25,3,78,1.0,0.09856809856809857,0.9014319014319014
all_strict_sites,O94900,30,3,78,1.0,0.11555111555111555,0.8844488844488845
all_strict_sites,O94905,5,3,38,0.3333333333333333,0.03840682788051209,0.29492650545282123
all_strict_sites,O94905,10,3,38,0.3333333333333333,0.05547652916073969,0.2778568041725936
all_strict_sites,O94905,15,3,38,0.3333333333333333,0.08677098150782361,0.2465623518255097
all_strict_sites,O94905,20,3,38,0.3333333333333333,0.1166429587482219,0.21669037458511142
all_strict_sites,O94905,25,3,38,0.3333333333333333,0.155049786628734,0.1782835467045993
all_strict_sites,O94905,30,3,38,0.3333333333333333,0.1806543385490754,0.15267899478425792
all_strict_sites,O94906,5,4,86,0.16666666666666666,0.00984952120383037,0.1568171454628363
all_strict_sites,O94906,10,4,86,0.16666666666666666,0.018331053351573187,0.14833561331509348
all_strict_sites,O94906,15,4,86,0.16666666666666666,0.03036935704514364,0.13629730962152303
all_strict_sites,O94906,20,4,86,0.16666666666666666,0.03967168262653899,0.12699498404012766
all_strict_sites,O94906,25,4,86,0.16666666666666666,0.05088919288645691,0.11577747378020975
all_strict_sites,O94906,30,4,86,0.16666666666666666,0.06347469220246238,0.10319197446420428
all_strict_sites,O94913,5,6,208,0.5333333333333333,0.00785024154589372,0.5254830917874396
all_strict_sites,O94913,10,6,208,0.7333333333333333,0.016025641025641024,0.7173076923076922
all_strict_sites,O94913,15,6,208,0.9333333333333333,0.023504273504273504,0.9098290598290598
all_strict_sites,O94913,20,6,208,1.0,0.03042549238201412,0.9695745076179859
all_strict_sites,O94913,25,6,208,1.0,0.03776477146042363,0.9622352285395763
all_strict_sites,O94913,30,6,208,1.0,0.044453734671125976,0.955546265328874
all_strict_sites,O94979,5,16,176,0.025,0.00948051948051948,0.015519480519480522
all_strict_sites,O94979,10,16,176,0.058333333333333334,0.017922077922077922,0.04041125541125541
all_strict_sites,O94979,15,16,176,0.08333333333333333,0.02707792207792208,0.05625541125541125
all_strict_sites,O94979,20,16,176,0.09166666666666666,0.03558441558441559,0.056082251082251074
all_strict_sites,O94979,25,16,176,0.09166666666666666,0.04487012987012987,0.04679653679653679
all_strict_sites,O94979,30,16,176,0.09166666666666666,0.05487012987012987,0.03679653679653679
all_strict_sites,O95081,5,11,89,0.21818181818181817,0.023748723186925433,0.19443309499489275
all_strict_sites,O95081,10,11,89,0.41818181818181815,0.04647599591419816,0.37170582226762
all_strict_sites,O95081,15,11,89,0.509090909090909,0.06613891726251277,0.4429519918283963
all_strict_sites,O95081,20,11,89,0.5454545454545454,0.08733401430030643,0.458120531154239
all_strict_sites,O95081,25,11,89,0.5636363636363636,0.10929519918283963,0.45434116445352396
all_strict_sites,O95081,30,11,89,0.5636363636363636,0.12691521961184882,0.4367211440245148
all_strict_sites,O95104,5,3,127,0.3333333333333333,0.010998625171853519,0.3223347081614798
all_strict_sites,O95104,10,3,127,0.3333333333333333,0.022622172228471443,0.31071116110486185
all_strict_sites,O95104,15,3,127,0.3333333333333333,0.03412073490813648,0.2992125984251968
all_strict_sites,O95104,20,3,127,0.3333333333333333,0.04374453193350831,0.289588801399825
all_strict_sites,O95104,25,3,127,0.3333333333333333,0.05449318835145607,0.27884014498187726
all_strict_sites,O95104,30,3,127,0.3333333333333333,0.06411698537682789,0.2692163479565054
all_strict_sites,O95197,5,3,206,0.0,0.010277054226852949,-0.010277054226852949
all_strict_sites,O95197,10,3,206,0.3333333333333333,0.021217144210277053,0.3121161891230563
all_strict_sites,O95197,15,3,206,0.3333333333333333,0.031067961165048542,0.30226537216828475
all_strict_sites,O95197,20,3,206,0.3333333333333333,0.041108216907411795,0.2922251164259215
all_strict_sites,O95197,25,3,206,0.3333333333333333,0.05043807719630594,0.2828952561370274
all_strict_sites,O95197,30,3,206,0.3333333333333333,0.060478332938669194,0.27285500039466415
all_strict_sites,O95232,5,3,64,0.3333333333333333,0.030753968253968252,0.30257936507936506
all_strict_sites,O95232,10,3,64,0.3333333333333333,0.06349206349206349,0.2698412698412698
all_strict_sites,O95232,15,3,64,0.3333333333333333,0.08630952380952381,0.2470238095238095
all_strict_sites,O95232,20,3,64,0.3333333333333333,0.11557539682539683,0.21775793650793648
all_strict_sites,O95232,25,3,64,0.3333333333333333,0.14087301587301587,0.19246031746031744
all_strict_sites,O95232,30,3,64,0.3333333333333333,0.1691468253968254,0.1641865079365079
all_strict_sites,O95255,5,3,184,0.3333333333333333,0.0067712045616536,0.3265621287716797
all_strict_sites,O95255,10,3,184,1.0,0.014136374435732953,0.9858636255642671
all_strict_sites,O95255,15,3,184,1.0,0.020135424091233072,0.979864575908767
all_strict_sites,O95255,20,3,184,1.0,0.027203611309099547,0.9727963886909005
all_strict_sites,O95255,25,3,184,1.0,0.03308386790211452,0.9669161320978855
all_strict_sites,O95255,30,3,184,1.0,0.038667141838916605,0.9613328581610834
all_strict_sites,O95292,5,5,35,0.3,0.06554621848739496,0.23445378151260504
all_strict_sites,O95292,10,5,35,0.4,0.11596638655462185,0.28403361344537814
all_strict_sites,O95292,15,5,35,0.6,0.16134453781512606,0.43865546218487395
all_strict_sites,O95292,20,5,35,0.6,0.20504201680672268,0.3949579831932773
all_strict_sites,O95292,25,5,35,0.6,0.2235294117647059,0.3764705882352941
all_strict_sites,O95292,30,5,35,0.6,0.24201680672268908,0.3579831932773109
all_strict_sites,O95425,5,6,342,0.2,0.004904734955668742,0.19509526504433128
all_strict_sites,O95425,10,6,342,0.2,0.009380734338289516,0.1906192656617105
all_strict_sites,O95425,15,6,342,0.2,0.014319768139802095,0.18568023186019791
all_strict_sites,O95425,20,6,342,0.2,0.01907015828917357,0.18092984171082643
all_strict_sites,O95425,25,6,342,0.4,0.023769100169779286,0.37623089983022073
all_strict_sites,O95425,30,6,342,0.4,0.028313697244087735,0.3716863027559123
all_strict_sites,O95486,5,11,182,0.3090909090909091,0.009714042863214135,0.29937686622769494
all_strict_sites,O95486,10,11,182,0.6181818181818182,0.018031692064841235,0.6001501261169769
all_strict_sites,O95486,15,11,182,0.8363636363636363,0.027138607249104486,0.8092250291145319
all_strict_sites,O95486,20,11,182,0.9636363636363636,0.03624552243336774,0.9273908412029959
all_strict_sites,O95486,25,11,182,1.0,0.04565600145710643,0.9543439985428935
all_strict_sites,O95486,30,11,182,1.0,0.05537004432032056,0.9446299556796794
all_strict_sites,O95487,5,35,233,0.05378151260504202,0.009212668343939618,0.0445688442611024
all_strict_sites,O95487,10,35,233,0.1092436974789916,0.01753736865472843,0.09170632882426316
all_strict_sites,O95487,15,35,233,0.16134453781512606,0.024789107592126682,0.13655543022299937
all_strict_sites,O95487,20,35,233,0.2134453781512605,0.033335799911203196,0.1801095782400573
all_strict_sites,O95487,25,35,233,0.25882352941176473,0.04206748557051946,0.21675604384124528
all_strict_sites,O95487,30,35,233,0.3042016806722689,0.050873168565931624,0.2533285121063373
all_strict_sites,O95613,5,4,401,0.16666666666666666,0.003229426433915212,0.16343724023275144
all_strict_sites,O95613,10,4,401,0.16666666666666666,0.006446384039900249,0.1602202826267664
all_strict_sites,O95613,15,4,401,0.16666666666666666,0.00997506234413965,0.15669160432252702
all_strict_sites,O95613,20,4,401,0.16666666666666666,0.013129675810473815,0.15353699085619285
all_strict_sites,O95613,25,4,401,0.16666666666666666,0.016259351620947632,0.15040731504571903
all_strict_sites,O95613,30,4,401,0.16666666666666666,0.019576059850374066,0.1470906068162926
all_strict_sites,O95628,5,14,101,0.12087912087912088,0.02415841584158416,0.09672070503753671
all_strict_sites,O95628,10,14,101,0.23076923076923078,0.04455445544554455,0.18621477532368624
all_strict_sites,O95628,15,14,101,0.32967032967032966,0.06277227722772277,0.2668980524426069
all_strict_sites,O95628,20,14,101,0.37362637362637363,0.08118811881188119,0.2924382548144924
all_strict_sites,O95628,25,14,101,0.4175824175824176,0.09920792079207921,0.31837449679033836
all_strict_sites,O95628,30,14,101,0.4725274725274725,0.11762376237623762,0.3549037101512349
all_strict_sites,O95677,5,7,142,0.09523809523809523,0.01808011187693537,0.07715798336115987
all_strict_sites,O95677,10,7,142,0.3333333333333333,0.03546099290780142,0.2978723404255319
all_strict_sites,O95677,15,7,142,0.42857142857142855,0.054240335630806116,0.37433109294062245
all_strict_sites,O95677,20,7,142,0.47619047619047616,0.07072220557386874,0.4054682706166074
all_strict_sites,O95677,25,7,142,0.5238095238095238,0.0879033063630007,0.43590621744652314
all_strict_sites,O95677,30,7,142,0.5238095238095238,0.1038857257017281,0.41992379810779573
all_strict_sites,O95721,5,4,34,0.0,0.0427807486631016,-0.0427807486631016
all_strict_sites,O95721,10,4,34,0.0,0.06951871657754011,-0.06951871657754011
all_strict_sites,O95721,15,4,34,0.0,0.12477718360071301,-0.12477718360071301
all_strict_sites,O95721,20,4,34,0.0,0.15151515151515152,-0.15151515151515152
all_strict_sites,O95721,25,4,34,0.16666666666666666,0.1889483065953654,-0.02228163992869875
all_strict_sites,O95721,30,4,34,0.16666666666666666,0.22103386809269163,-0.05436720142602497
all_strict_sites,O95789,5,6,226,0.13333333333333333,0.008534906588003934,0.1247984267453294
all_strict_sites,O95789,10,6,226,0.13333333333333333,0.015732546705998034,0.1176007866273353
all_strict_sites,O95789,15,6,226,0.2,0.024346116027531957,0.17565388397246806
all_strict_sites,O95789,20,6,226,0.2,0.03264503441494592,0.16735496558505408
all_strict_sites,O95789,25,6,226,0.2,0.04086529006882989,0.15913470993117013
all_strict_sites,O95789,30,6,226,0.2,0.048495575221238936,0.15150442477876108
all_strict_sites,O95817,5,10,83,0.06666666666666667,0.026741110784601823,0.03992555588206484
all_strict_sites,O95817,10,10,83,0.15555555555555556,0.05465765501028504,0.10089790054527051
all_strict_sites,O95817,15,10,83,0.17777777777777778,0.07610931531002058,0.10166846246775721
all_strict_sites,O95817,20,10,83,0.2222222222222222,0.0934469585659712,0.12877526365625103
all_strict_sites,O95817,25,10,83,0.26666666666666666,0.10696444313840729,0.15970222352825936
all_strict_sites,O95817,30,10,83,0.35555555555555557,0.12106964443138407,0.2344859111241715
all_strict_sites,O95835,5,5,165,0.6,0.009460458240946046,0.590539541759054
all_strict_sites,O95835,10,5,165,0.9,0.018551367331855136,0.8814486326681449
all_strict_sites,O95835,15,5,165,1.0,0.028455284552845527,0.9715447154471545
all_strict_sites,O95835,20,5,165,1.0,0.03747228381374723,0.9625277161862528
all_strict_sites,O95835,25,5,165,1.0,0.04523281596452328,0.9547671840354767
all_strict_sites,O95835,30,5,165,1.0,0.052993348115299335,0.9470066518847007
all_strict_sites,O95865,5,4,35,0.16666666666666666,0.03361344537815126,0.1330532212885154
all_strict_sites,O95865,10,4,35,0.16666666666666666,0.07226890756302522,0.09439775910364144
all_strict_sites,O95865,15,4,35,0.16666666666666666,0.10252100840336134,0.06414565826330532
all_strict_sites,O95865,20,4,35,0.16666666666666666,0.13781512605042018,0.02885154061624648
all_strict_sites,O95865,25,4,35,0.16666666666666666,0.17142857142857143,-0.004761904761904773
all_strict_sites,O95865,30,4,35,0.16666666666666666,0.2,-0.033333333333333354
all_strict_sites,O96028,5,3,185,0.3333333333333333,0.00846063454759107,0.32487269878574226
all_strict_sites,O96028,10,3,185,0.3333333333333333,0.0172737955346651,0.31605953779866824
all_strict_sites,O96028,15,3,185,0.3333333333333333,0.02526439482961222,0.3080689385037211
all_strict_sites,O96028,20,3,185,0.3333333333333333,0.03313748531139835,0.30019584802193494
all_strict_sites,O96028,25,3,185,0.3333333333333333,0.04118683901292597,0.29214649432040735
all_strict_sites,O96028,30,3,185,0.3333333333333333,0.048942420681551115,0.2843909126517822
all_strict_sites,P00533,5,7,148,0.09523809523809523,0.009468652325795184,0.08576944291230004
all_strict_sites,P00533,10,7,148,0.14285714285714285,0.01765030336458908,0.12520683949255376
all_strict_sites,P00533,15,7,148,0.19047619047619047,0.026567383710240852,0.1639088067659496
all_strict_sites,P00533,20,7,148,0.2857142857142857,0.035852178709321565,0.24986210700496414
all_strict_sites,P00533,25,7,148,0.2857142857142857,0.041919470490899065,0.24379481522338664
all_strict_sites,P00533,30,7,148,0.2857142857142857,0.04954954954954955,0.23616473616473616
all_strict_sites,P00966,5,3,42,1.0,0.024390243902439025,0.975609756097561
all_strict_sites,P00966,10,3,42,1.0,0.0429732868757259,0.9570267131242741
all_strict_sites,P00966,15,3,42,1.0,0.07084785133565621,0.9291521486643438
all_strict_sites,P00966,20,3,42,1.0,0.08362369337979095,0.9163763066202091
all_strict_sites,P00966,25,3,42,1.0,0.10220673635307782,0.8977932636469221
all_strict_sites,P00966,30,3,42,1.0,0.11962833914053426,0.8803716608594657
all_strict_sites,P01100,5,3,79,0.3333333333333333,0.029860434923726063,0.30347289840960723
all_strict_sites,P01100,10,3,79,0.3333333333333333,0.057124310288867254,0.27620902304446604
all_strict_sites,P01100,15,3,79,0.3333333333333333,0.0863356053229471,0.24699772801038622
all_strict_sites,P01100,20,3,79,0.3333333333333333,0.11132749107432652,0.2220058422590068
all_strict_sites,P01100,25,3,79,0.3333333333333333,0.13664394677052905,0.19668938656280427
all_strict_sites,P01100,30,3,79,1.0,0.1600129827977929,0.839987017202207
all_strict_sites,P02545,5,27,105,0.08262108262108261,0.020512820512820513,0.062108262108262105
all_strict_sites,P02545,10,27,105,0.1452991452991453,0.039377289377289376,0.10592185592185593
all_strict_sites,P02545,15,27,105,0.2222222222222222,0.05787545787545788,0.16434676434676432
all_strict_sites,P02545,20,27,105,0.28205128205128205,0.07344322344322345,0.2086080586080586
all_strict_sites,P02545,25,27,105,0.3190883190883191,0.08791208791208792,0.23117623117623115
all_strict_sites,P02545,30,27,105,0.35327635327635326,0.1043956043956044,0.24888074888074885
all_strict_sites,P02549,5,3,223,0.0,0.0042015109279683275,-0.0042015109279683275
all_strict_sites,P02549,10,3,223,0.0,0.008605017573627438,-0.008605017573627438
all_strict_sites,P02549,15,3,223,0.0,0.012644931927443138,-0.012644931927443138
all_strict_sites,P02549,20,3,223,0.0,0.016725245424796996,-0.016725245424796996
all_strict_sites,P02549,25,3,223,0.0,0.020361168343231123,-0.020361168343231123
all_strict_sites,P02549,30,3,223,0.0,0.02419908697935604,-0.02419908697935604
all_strict_sites,P02730,5,3,101,0.0,0.012277227722772278,-0.012277227722772278
all_strict_sites,P02730,10,3,101,0.0,0.023366336633663366,-0.023366336633663366
all_strict_sites,P02730,15,3,101,0.0,0.03564356435643564,-0.03564356435643564
all_strict_sites,P02730,20,3,101,0.0,0.04712871287128713,-0.04712871287128713
all_strict_sites,P02730,25,3,101,0.0,0.05584158415841584,-0.05584158415841584
all_strict_sites,P02730,30,3,101,0.0,0.06415841584158416,-0.06415841584158416
all_strict_sites,P02786,5,5,100,0.1,0.012727272727272728,0.08727272727272728
all_strict_sites,P02786,10,5,100,0.1,0.027474747474747475,0.07252525252525253
all_strict_sites,P02786,15,5,100,0.1,0.040606060606060604,0.0593939393939394
all_strict_sites,P02786,20,5,100,0.1,0.052121212121212124,0.04787878787878788
all_strict_sites,P02786,25,5,100,0.1,0.06222222222222222,0.037777777777777785
all_strict_sites,P02786,30,5,100,0.1,0.07272727272727272,0.027272727272727282
all_strict_sites,P04040,5,3,49,0.0,0.017006802721088437,-0.017006802721088437
all_strict_sites,P04040,10,3,49,0.0,0.03741496598639456,-0.03741496598639456
all_strict_sites,P04040,15,3,49,0.0,0.05612244897959184,-0.05612244897959184
all_strict_sites,P04040,20,3,49,0.0,0.07482993197278912,-0.07482993197278912
all_strict_sites,P04040,25,3,49,0.0,0.09523809523809523,-0.09523809523809523
all_strict_sites,P04040,30,3,49,0.0,0.11564625850340136,-0.11564625850340136
all_strict_sites,P04150,5,7,134,0.38095238095238093,0.014700931433060263,0.36625144951932065
all_strict_sites,P04150,10,7,134,0.7142857142857143,0.027830770957243855,0.6864549433284705
all_strict_sites,P04150,15,7,134,0.9047619047619048,0.04230726068903602,0.8624546440728688
all_strict_sites,P04150,20,7,134,1.0,0.05644708786892605,0.943552912131074
all_strict_sites,P04150,25,7,134,1.0,0.0687913814386713,0.9312086185613286
all_strict_sites,P04150,30,7,134,1.0,0.08203344181348894,0.9179665581865111
all_strict_sites,P04792,5,7,35,0.19047619047619047,0.0453781512605042,0.14509803921568626
all_strict_sites,P04792,10,7,35,0.38095238095238093,0.0907563025210084,0.2901960784313725
all_strict_sites,P04792,15,7,35,0.5714285714285714,0.13781512605042018,0.4336134453781512
all_strict_sites,P04792,20,7,35,0.6190476190476191,0.18487394957983194,0.4341736694677871
all_strict_sites,P04792,25,7,35,0.7142857142857143,0.23865546218487396,0.4756302521008403
all_strict_sites,P04792,30,7,35,0.7142857142857143,0.27899159663865547,0.43529411764705883
all_strict_sites,P04843,5,5,81,0.0,0.018518518518518517,-0.018518518518518517
all_strict_sites,P04843,10,5,81,0.0,0.03518518518518519,-0.03518518518518519
all_strict_sites,P04843,15,5,81,0.0,0.04938271604938271,-0.04938271604938271
all_strict_sites,P04843,20,5,81,0.2,0.0669753086419753,0.1330246913580247
all_strict_sites,P04843,25,5,81,0.2,0.08611111111111111,0.1138888888888889
all_strict_sites,P04843,30,5,81,0.2,0.10246913580246914,0.09753086419753088
all_strict_sites,P04844,5,5,106,0.2,0.015274034141958671,0.18472596585804135
all_strict_sites,P04844,10,5,106,0.2,0.029290206648697213,0.1707097933513028
all_strict_sites,P04844,15,5,106,0.2,0.044384546271338726,0.15561545372866128
all_strict_sites,P04844,20,5,106,0.2,0.05929919137466307,0.14070080862533693
all_strict_sites,P04844,25,5,106,0.2,0.07349505840071878,0.12650494159928122
all_strict_sites,P04844,30,5,106,0.2,0.08912848158131177,0.11087151841868824
all_strict_sites,P04899,5,4,43,0.16666666666666666,0.028792912513842746,0.1378737541528239
all_strict_sites,P04899,10,4,43,0.3333333333333333,0.047619047619047616,0.2857142857142857
all_strict_sites,P04899,15,4,43,0.3333333333333333,0.0753045404208195,0.2580287929125138
all_strict_sites,P04899,20,4,43,0.3333333333333333,0.10409745293466224,0.22923588039867107
all_strict_sites,P04899,25,4,43,0.3333333333333333,0.1273532668881506,0.2059800664451827
all_strict_sites,P04899,30,4,43,0.3333333333333333,0.150609080841639,0.18272425249169433
all_strict_sites,P05067,5,6,85,0.13333333333333333,0.023249299719887956,0.11008403361344538
all_strict_sites,P05067,10,6,85,0.13333333333333333,0.038375350140056025,0.0949579831932773
all_strict_sites,P05067,15,6,85,0.13333333333333333,0.05322128851540616,0.08011204481792716
all_strict_sites,P05067,20,6,85,0.13333333333333333,0.06554621848739496,0.06778711484593837
all_strict_sites,P05067,25,6,85,0.13333333333333333,0.0761904761904762,0.057142857142857134
all_strict_sites,P05067,30,6,85,0.2,0.08823529411764706,0.11176470588235295
all_strict_sites,P05198,5,3,31,0.3333333333333333,0.05161290322580645,0.28172043010752684
all_strict_sites,P05198,10,3,31,0.3333333333333333,0.07741935483870968,0.2559139784946236
all_strict_sites,P05198,15,3,31,0.3333333333333333,0.1010752688172043,0.23225806451612901
all_strict_sites,P05198,20,3,31,0.6666666666666666,0.13118279569892474,0.5354838709677419
all_strict_sites,P05198,25,3,31,1.0,0.16129032258064516,0.8387096774193549
all_strict_sites,P05198,30,3,31,1.0,0.1935483870967742,0.8064516129032258
all_strict_sites,P05387,5,4,12,0.16666666666666666,0.07575757575757576,0.0909090909090909
all_strict_sites,P05387,10,4,12,0.5,0.13636363636363635,0.36363636363636365
all_strict_sites,P05387,15,4,12,0.8333333333333334,0.24242424242424243,0.5909090909090909
all_strict_sites,P05387,20,4,12,0.8333333333333334,0.2878787878787879,0.5454545454545454
all_strict_sites,P05387,25,4,12,1.0,0.3484848484848485,0.6515151515151515
all_strict_sites,P05387,30,4,12,1.0,0.42424242424242425,0.5757575757575757
all_strict_sites,P05388,5,4,37,0.16666666666666666,0.02702702702702703,0.13963963963963963
all_strict_sites,P05388,10,4,37,0.16666666666666666,0.057057057057057055,0.10960960960960961
all_strict_sites,P05388,15,4,37,0.5,0.09309309309309309,0.4069069069069069
all_strict_sites,P05388,20,4,37,0.5,0.12612612612612611,0.3738738738738739
all_strict_sites,P05388,25,4,37,0.5,0.15765765765765766,0.34234234234234234
all_strict_sites,P05388,30,4,37,0.5,0.1996996996996997,0.3003003003003003
all_strict_sites,P05412,5,3,49,0.3333333333333333,0.031462585034013606,0.3018707482993197
all_strict_sites,P05412,10,3,49,0.3333333333333333,0.0663265306122449,0.2670068027210884
all_strict_sites,P05412,15,3,49,0.3333333333333333,0.08928571428571429,0.244047619047619
all_strict_sites,P05412,20,3,49,0.3333333333333333,0.11224489795918367,0.22108843537414963
all_strict_sites,P05412,25,3,49,0.3333333333333333,0.14030612244897958,0.19302721088435373
all_strict_sites,P05412,30,3,49,0.3333333333333333,0.1717687074829932,0.16156462585034012
all_strict_sites,P05549,5,3,59,0.3333333333333333,0.022793687901811806,0.3105396454315215
all_strict_sites,P05549,10,3,59,0.3333333333333333,0.04792518994739918,0.2854081433859341
all_strict_sites,P05549,15,3,59,0.3333333333333333,0.06545879602571596,0.26787453730761734
all_strict_sites,P05549,20,3,59,0.3333333333333333,0.08240794856808883,0.2509253847652445
all_strict_sites,P05549,25,3,59,0.6666666666666666,0.09935710111046171,0.5673095655562049
all_strict_sites,P05549,30,3,59,1.0,0.11689070718877849,0.8831092928112215
all_strict_sites,P05556,5,7,103,0.14285714285714285,0.012944983818770227,0.1299121590383726
all_strict_sites,P05556,10,7,103,0.19047619047619047,0.025509232819341327,0.16496695765684913
all_strict_sites,P05556,15,7,103,0.19047619047619047,0.03769274700171331,0.15278344347447714
all_strict_sites,P05556,20,7,103,0.19047619047619047,0.04987626118408529,0.14059992929210519
all_strict_sites,P05556,25,7,103,0.19047619047619047,0.061488673139158574,0.1289875173370319
all_strict_sites,P05556,30,7,103,0.19047619047619047,0.07310108509423187,0.1173751053819586
all_strict_sites,P05783,5,12,67,0.12121212121212122,0.033016734509271825,0.08819538670284939
all_strict_sites,P05783,10,12,67,0.25757575757575757,0.06151062867480778,0.1960651289009498
all_strict_sites,P05783,15,12,67,0.4090909090909091,0.08548168249660787,0.32360922659430125
all_strict_sites,P05783,20,12,67,0.5454545454545454,0.10900045228403438,0.43645409317051104
all_strict_sites,P05783,25,12,67,0.6212121212121212,0.13116236996834013,0.4900497512437811
all_strict_sites,P05783,30,12,67,0.7121212121212122,0.15151515151515152,0.5606060606060607
all_strict_sites,P05787,5,23,82,0.07509881422924901,0.028906955736224028,0.046191858493024984
all_strict_sites,P05787,10,23,82,0.1225296442687747,0.06022282445046673,0.062306819818307976
all_strict_sites,P05787,15,23,82,0.16996047430830039,0.08732309545317675,0.08263737885512364
all_strict_sites,P05787,20,23,82,0.20553359683794467,0.1111111111111111,0.09442248572683357
all_strict_sites,P05787,25,23,82,0.2490118577075099,0.13851249623607348,0.11049936147143641
all_strict_sites,P05787,30,23,82,0.2845849802371542,0.16079494128274616,0.12379003895440802
all_strict_sites,P06401,5,11,123,0.14545454545454545,0.016126882580301212,0.12932766287424424
all_strict_sites,P06401,10,11,123,0.14545454545454545,0.027855524456883912,0.11759902099766154
all_strict_sites,P06401,15,11,123,0.18181818181818182,0.03638544582167133,0.1454327359965105
all_strict_sites,P06401,20,11,123,0.18181818181818182,0.04651472744235639,0.13530345437582542
all_strict_sites,P06401,25,11,123,0.18181818181818182,0.058376649340263896,0.12344153247791792
all_strict_sites,P06401,30,11,123,0.18181818181818182,0.06957217113154739,0.11224601068663444
all_strict_sites,P06748,5,5,36,0.2,0.0380952380952381,0.1619047619047619
all_strict_sites,P06748,10,5,36,0.6,0.07777777777777778,0.5222222222222221
all_strict_sites,P06748,15,5,36,0.9,0.1126984126984127,0.7873015873015873
all_strict_sites,P06748,20,5,36,1.0,0.15555555555555556,0.8444444444444444
all_strict_sites,P06748,25,5,36,1.0,0.1873015873015873,0.8126984126984127
all_strict_sites,P06748,30,5,36,1.0,0.21587301587301588,0.7841269841269841
all_strict_sites,P07196,5,12,79,0.15151515151515152,0.028562155144433627,0.1229529963707179
all_strict_sites,P07196,10,12,79,0.25757575757575757,0.062317429406037,0.19525832816972055
all_strict_sites,P07196,15,12,79,0.25757575757575757,0.0899058747160013,0.16766988285975626
all_strict_sites,P07196,20,12,79,0.30303030303030304,0.11262577085361895,0.19040453217668407
all_strict_sites,P07196,25,12,79,0.3333333333333333,0.1379422265498215,0.19539110678351182
all_strict_sites,P07196,30,12,79,0.36363636363636365,0.16390782213567023,0.1997285415006934
all_strict_sites,P07197,5,5,129,0.5,0.014171511627906976,0.485828488372093
all_strict_sites,P07197,10,5,129,0.6,0.028343023255813952,0.571656976744186
all_strict_sites,P07197,15,5,129,0.6,0.04312015503875969,0.5568798449612403
all_strict_sites,P07197,20,5,129,0.8,0.05704941860465116,0.7429505813953489
all_strict_sites,P07197,25,5,129,1.0,0.06916182170542635,0.9308381782945736
all_strict_sites,P07197,30,5,129,1.0,0.08151647286821706,0.9184835271317829
all_strict_sites,P07339,5,3,58,0.6666666666666666,0.027828191167574106,0.6388384754990926
all_strict_sites,P07339,10,3,58,1.0,0.05384150030248034,0.9461584996975196
all_strict_sites,P07339,15,3,58,1.0,0.07683000604960677,0.9231699939503932
all_strict_sites,P07339,20,3,58,1.0,0.10405323653962492,0.895946763460375
all_strict_sites,P07339,25,3,58,1.0,0.12825166364186327,0.8717483363581368
all_strict_sites,P07339,30,3,58,1.0,0.15547489413188142,0.8445251058681186
all_strict_sites,P07437,5,9,57,0.08333333333333333,0.022556390977443608,0.06077694235588972
all_strict_sites,P07437,10,9,57,0.1111111111111111,0.045739348370927316,0.06537176274018379
all_strict_sites,P07437,15,9,57,0.16666666666666666,0.06892230576441102,0.09774436090225563
all_strict_sites,P07437,20,9,57,0.2222222222222222,0.09461152882205513,0.12761069340016706
all_strict_sites,P07437,25,9,57,0.2222222222222222,0.11278195488721804,0.10944026733500417
all_strict_sites,P07437,30,9,57,0.2222222222222222,0.13283208020050125,0.08939014202172096
all_strict_sites,P07602,5,8,54,0.03571428571428571,0.014675052410901468,0.021039233303384246
all_strict_sites,P07602,10,8,54,0.07142857142857142,0.03563941299790356,0.035789158430667864
all_strict_sites,P07602,15,8,54,0.14285714285714285,0.0573025856044724,0.08555455725267044
all_strict_sites,P07602,20,8,54,0.14285714285714285,0.07477288609364081,0.06808425676350204
all_strict_sites,P07602,25,8,54,0.21428571428571427,0.09503843466107617,0.1192472796246381
all_strict_sites,P07602,30,8,54,0.21428571428571427,0.11320754716981132,0.10107816711590295
all_strict_sites,P07814,5,6,172,0.06666666666666667,0.008431932544539644,0.05823473412212702
all_strict_sites,P07814,10,6,172,0.06666666666666667,0.016319869441044473,0.05034679722562219
all_strict_sites,P07814,15,6,172,0.06666666666666667,0.022507819937440502,0.04415884672922617
all_strict_sites,P07814,20,6,172,0.26666666666666666,0.028423772609819122,0.23824289405684754
all_strict_sites,P07814,25,6,172,0.26666666666666666,0.0346797225622195,0.23198694410444715
all_strict_sites,P07814,30,6,172,0.26666666666666666,0.04100367197062423,0.22566299469604242
all_strict_sites,P07858,5,3,42,0.0,0.020905923344947737,-0.020905923344947737
all_strict_sites,P07858,10,3,42,0.3333333333333333,0.04645760743321719,0.2868757259001161
all_strict_sites,P07858,15,3,42,0.6666666666666666,0.07781649245063879,0.5888501742160278
all_strict_sites,P07858,20,3,42,0.6666666666666666,0.10104529616724739,0.5656213704994193
all_strict_sites,P07858,25,3,42,1.0,0.13588850174216027,0.8641114982578397
all_strict_sites,P07858,30,3,42,1.0,0.16144018583042974,0.8385598141695703
all_strict_sites,P08047,5,14,164,0.054945054945054944,0.01825527457728565,0.03668978036776929
all_strict_sites,P08047,10,14,164,0.054945054945054944,0.035014215172826574,0.01993083977222837
all_strict_sites,P08047,15,14,164,0.054945054945054944,0.0517731557683675,0.0031718991766874413
all_strict_sites,P08047,20,14,164,0.06593406593406594,0.06763429597486159,-0.0017002300407956555
all_strict_sites,P08047,25,14,164,0.06593406593406594,0.08177465210234924,-0.015840586168283308
all_strict_sites,P08047,30,14,164,0.08791208791208792,0.0977854257070178,-0.009873337794929882
all_strict_sites,P08235,5,4,198,0.5,0.012151976618981696,0.4878480233810183
all_strict_sites,P08235,10,4,198,0.5,0.024098856586166232,0.47590114341383377
all_strict_sites,P08235,15,4,198,0.8333333333333334,0.03640465569399579,0.7969286776393376
all_strict_sites,P08235,20,4,198,1.0,0.047326052402194535,0.9526739475978054
all_strict_sites,P08235,25,4,198,1.0,0.05917038404348049,0.9408296159565195
all_strict_sites,P08235,30,4,198,1.0,0.07080961903296928,0.9291903809670308
all_strict_sites,P08240,5,3,85,0.3333333333333333,0.018207282913165267,0.31512605042016806
all_strict_sites,P08240,10,3,85,0.3333333333333333,0.03333333333333333,0.3
all_strict_sites,P08240,15,3,85,0.3333333333333333,0.04789915966386555,0.2854341736694678
all_strict_sites,P08240,20,3,85,0.3333333333333333,0.06134453781512605,0.27198879551820726
all_strict_sites,P08240,25,3,85,0.3333333333333333,0.0761904761904762,0.2571428571428571
all_strict_sites,P08240,30,3,85,0.3333333333333333,0.09047619047619047,0.24285714285714283
all_strict_sites,P08651,5,9,91,0.16666666666666666,0.02783882783882784,0.1388278388278388
all_strict_sites,P08651,10,9,91,0.25,0.0568986568986569,0.1931013431013431
all_strict_sites,P08651,15,9,91,0.3611111111111111,0.0800976800976801,0.281013431013431
all_strict_sites,P08651,20,9,91,0.3611111111111111,0.10183150183150183,0.25927960927960925
all_strict_sites,P08651,25,9,91,0.3611111111111111,0.12405372405372406,0.23705738705738705
all_strict_sites,P08651,30,9,91,0.3611111111111111,0.14774114774114774,0.21336996336996336
all_strict_sites,P08670,5,25,68,0.13,0.033801580333625986,0.09619841966637402
all_strict_sites,P08670,10,25,68,0.25333333333333335,0.06892010535557506,0.18441322797775828
all_strict_sites,P08670,15,25,68,0.37,0.0996488147497805,0.2703511852502195
all_strict_sites,P08670,20,25,68,0.45666666666666667,0.13257243195785778,0.3240942347088089
all_strict_sites,P08670,25,25,68,0.5333333333333333,0.16593503072870938,0.3673983026046239
all_strict_sites,P08670,30,25,68,0.61,0.1957857769973661,0.4142142230026339
all_strict_sites,P08727,5,4,60,0.3333333333333333,0.029943502824858758,0.30338983050847457
all_strict_sites,P08727,10,4,60,0.3333333333333333,0.05367231638418079,0.2796610169491525
all_strict_sites,P08727,15,4,60,0.3333333333333333,0.07796610169491526,0.25536723163841807
all_strict_sites,P08727,20,4,60,0.3333333333333333,0.09943502824858758,0.23389830508474574
all_strict_sites,P08727,25,4,60,0.3333333333333333,0.12090395480225989,0.2124293785310734
all_strict_sites,P08727,30,4,60,0.3333333333333333,0.14293785310734464,0.19039548022598868
all_strict_sites,P09429,5,3,16,0.0,0.05,-0.05
all_strict_sites,P09429,10,3,16,0.3333333333333333,0.11666666666666667,0.21666666666666665
all_strict_sites,P09429,15,3,16,0.3333333333333333,0.18333333333333332,0.15
all_strict_sites,P09429,20,3,16,0.3333333333333333,0.225,0.10833333333333331
all_strict_sites,P09429,25,3,16,0.3333333333333333,0.2916666666666667,0.04166666666666663
all_strict_sites,P09429,30,3,16,0.3333333333333333,0.3416666666666667,-0.00833333333333336
all_strict_sites,P09651,5,6,54,0.26666666666666666,0.03424178895877009,0.23242487770789658
all_strict_sites,P09651,10,6,54,0.4,0.05870020964360587,0.34129979035639413
all_strict_sites,P09651,15,6,54,0.4,0.07547169811320754,0.3245283018867925
all_strict_sites,P09651,20,6,54,0.4,0.09503843466107617,0.3049615653389238
all_strict_sites,P09651,25,6,54,0.5333333333333333,0.1222921034241789,0.4110412299091544
all_strict_sites,P09651,30,6,54,0.6,0.143256464011181,0.456743535988819
all_strict_sites,P0C7T5,5,12,116,0.13636363636363635,0.014692653673163419,0.12167098269047294
all_strict_sites,P0C7T5,10,12,116,0.24242424242424243,0.03073463268365817,0.21168960974058426
all_strict_sites,P0C7T5,15,12,116,0.3939393939393939,0.04272863568215892,0.351210758257235
all_strict_sites,P0C7T5,20,12,116,0.4393939393939394,0.056371814092953526,0.3830221253009859
all_strict_sites,P0C7T5,25,12,116,0.45454545454545453,0.07001499250374812,0.3845304620417064
all_strict_sites,P0C7T5,30,12,116,0.45454545454545453,0.08515742128935533,0.3693880332560992
all_strict_sites,P0CG12,5,4,72,0.16666666666666666,0.022300469483568074,0.1443661971830986
all_strict_sites,P0CG12,10,4,72,0.3333333333333333,0.0406885758998435,0.29264475743348983
all_strict_sites,P0CG12,15,4,72,0.5,0.06298904538341157,0.43701095461658845
all_strict_sites,P0CG12,20,4,72,0.5,0.08098591549295775,0.41901408450704225
all_strict_sites,P0CG12,25,4,72,0.5,0.09780907668231612,0.4021909233176839
all_strict_sites,P0CG12,30,4,72,0.5,0.12128325508607199,0.37871674491392804
all_strict_sites,P0CG13,5,3,13,0.6666666666666666,0.07692307692307693,0.5897435897435896
all_strict_sites,P0CG13,10,3,13,1.0,0.11538461538461539,0.8846153846153846
all_strict_sites,P0CG13,15,3,13,1.0,0.20512820512820512,0.7948717948717949
all_strict_sites,P0CG13,20,3,13,1.0,0.2692307692307692,0.7307692307692308
all_strict_sites,P0CG13,25,3,13,1.0,0.358974358974359,0.641025641025641
all_strict_sites,P0CG13,30,3,13,1.0,0.3717948717948718,0.6282051282051282
all_strict_sites,P0DN25,5,3,37,1.0,0.02702702702702703,0.972972972972973
all_strict_sites,P0DN25,10,3,37,1.0,0.052552552552552555,0.9474474474474475
all_strict_sites,P0DN25,15,3,37,1.0,0.08558558558558559,0.9144144144144144
all_strict_sites,P0DN25,20,3,37,1.0,0.10960960960960961,0.8903903903903904
all_strict_sites,P0DN25,25,3,37,1.0,0.14114114114114115,0.8588588588588588
all_strict_sites,P0DN25,30,3,37,1.0,0.16366366366366367,0.8363363363363363
all_strict_sites,P10070,5,3,269,1.0,0.007462686567164179,0.9925373134328358
all_strict_sites,P10070,10,3,269,1.0,0.014481495866392942,0.9855185041336071
all_strict_sites,P10070,15,3,269,1.0,0.02177772845808134,0.9782222715419187
all_strict_sites,P10070,20,3,269,1.0,0.028879764745047994,0.9711202352549521
all_strict_sites,P10070,25,3,269,1.0,0.03559340842257116,0.9644065915774288
all_strict_sites,P10070,30,3,269,1.0,0.041835432502912946,0.958164567497087
all_strict_sites,P10253,5,4,129,0.0,0.01126453488372093,-0.01126453488372093
all_strict_sites,P10253,10,4,129,0.0,0.021681201550387597,-0.021681201550387597
all_strict_sites,P10253,15,4,129,0.0,0.03137112403100775,-0.03137112403100775
all_strict_sites,P10253,20,4,129,0.0,0.04130329457364341,-0.04130329457364341
all_strict_sites,P10253,25,4,129,0.0,0.05184108527131783,-0.05184108527131783
all_strict_sites,P10253,30,4,129,0.0,0.060077519379844964,-0.060077519379844964
all_strict_sites,P10636,5,5,129,0.0,0.015261627906976744,-0.015261627906976744
all_strict_sites,P10636,10,5,129,0.0,0.030402131782945735,-0.030402131782945735
all_strict_sites,P10636,15,5,129,0.0,0.0436046511627907,-0.0436046511627907
all_strict_sites,P10636,20,5,129,0.0,0.05777616279069767,-0.05777616279069767
all_strict_sites,P10636,25,5,129,0.0,0.07231104651162791,-0.07231104651162791
all_strict_sites,P10636,30,5,129,0.0,0.08599806201550388,-0.08599806201550388
all_strict_sites,P10809,5,4,59,0.0,0.01928696668614845,-0.01928696668614845
all_strict_sites,P10809,10,4,59,0.0,0.037405026300409115,-0.037405026300409115
all_strict_sites,P10809,15,4,59,0.16666666666666666,0.05084745762711865,0.11581920903954801
all_strict_sites,P10809,20,4,59,0.16666666666666666,0.06662770309760374,0.10003896356906292
all_strict_sites,P10809,25,4,59,0.16666666666666666,0.08007013442431327,0.08659653224235339
all_strict_sites,P10809,30,4,59,0.16666666666666666,0.09585037989479836,0.0708162867718683
all_strict_sites,P11021,5,3,77,0.3333333333333333,0.014012303485987697,0.3193210298473456
all_strict_sites,P11021,10,3,77,0.6666666666666666,0.025974025974025976,0.6406926406926406
all_strict_sites,P11021,15,3,77,1.0,0.04066985645933014,0.9593301435406698
all_strict_sites,P11021,20,3,77,1.0,0.05741626794258373,0.9425837320574163
all_strict_sites,P11021,25,3,77,1.0,0.07177033492822966,0.9282296650717703
all_strict_sites,P11021,30,3,77,1.0,0.08749145591250855,0.9125085440874915
all_strict_sites,P11047,5,5,196,0.0,0.006698063840920984,-0.006698063840920984
all_strict_sites,P11047,10,5,196,0.1,0.013448456305599163,0.08655154369440084
all_strict_sites,P11047,15,5,196,0.2,0.02019884877027734,0.17980115122972268
all_strict_sites,P11047,20,5,196,0.3,0.025902668759811617,0.27409733124018837
all_strict_sites,P11047,25,5,196,0.5,0.03181580324437467,0.46818419675562534
all_strict_sites,P11047,30,5,196,0.5,0.03793825222396651,0.4620617477760335
all_strict_sites,P11117,5,5,48,0.2,0.02304964539007092,0.17695035460992908
all_strict_sites,P11117,10,5,48,0.4,0.044326241134751775,0.35567375886524827
all_strict_sites,P11117,15,5,48,0.4,0.0673758865248227,0.33262411347517734
all_strict_sites,P11117,20,5,48,0.4,0.09042553191489362,0.3095744680851064
all_strict_sites,P11117,25,5,48,0.4,0.11347517730496454,0.2865248226950355
all_strict_sites,P11117,30,5,48,0.4,0.13031914893617022,0.2696808510638298
all_strict_sites,P11137,5,4,319,0.0,0.005618974389306204,-0.005618974389306204
all_strict_sites,P11137,10,4,319,0.0,0.011218233079000809,-0.011218233079000809
all_strict_sites,P11137,15,4,319,0.0,0.017211805760927425,-0.017211805760927425
all_strict_sites,P11137,20,4,319,0.0,0.022436466158001617,-0.022436466158001617
all_strict_sites,P11137,25,4,319,0.0,0.028469470239151435,-0.028469470239151435
all_strict_sites,P11137,30,4,319,0.0,0.03418702312651564,-0.03418702312651564
all_strict_sites,P11171,5,3,134,0.0,0.014139827179890024,-0.014139827179890024
all_strict_sites,P11171,10,3,134,0.0,0.027045225002805522,-0.027045225002805522
all_strict_sites,P11171,15,3,134,0.0,0.0382673100662103,-0.0382673100662103
all_strict_sites,P11171,20,3,134,0.0,0.04892829087644485,-0.04892829087644485
all_strict_sites,P11171,25,3,134,0.0,0.061497026147458195,-0.061497026147458195
all_strict_sites,P11171,30,3,134,0.0,0.0737290988665694,-0.0737290988665694
all_strict_sites,P11277,5,6,205,0.0,0.004734576757532282,-0.004734576757532282
all_strict_sites,P11277,10,6,205,0.06666666666666667,0.00975609756097561,0.056910569105691054
all_strict_sites,P11277,15,6,205,0.06666666666666667,0.01482544237207078,0.05184122429459589
all_strict_sites,P11277,20,6,205,0.06666666666666667,0.019081779053084648,0.04758488761358202
all_strict_sites,P11277,25,6,205,0.06666666666666667,0.023672883787661407,0.04299378287900526
all_strict_sites,P11277,30,6,205,0.06666666666666667,0.028598756575801052,0.03806791009086562
all_strict_sites,P11279,5,8,75,0.17857142857142858,0.021621621621621623,0.15694980694980695
all_strict_sites,P11279,10,8,75,0.21428571428571427,0.046486486486486484,0.1677992277992278
all_strict_sites,P11279,15,8,75,0.21428571428571427,0.0745945945945946,0.1396911196911197
all_strict_sites,P11279,20,8,75,0.21428571428571427,0.10486486486486486,0.10942084942084941
all_strict_sites,P11279,25,8,75,0.21428571428571427,0.12936936936936938,0.0849163449163449
all_strict_sites,P11279,30,8,75,0.21428571428571427,0.15747747747747748,0.056808236808236795
all_strict_sites,P11388,5,8,196,0.03571428571428571,0.008634222919937205,0.027080062794348506
all_strict_sites,P11388,10,8,196,0.03571428571428571,0.015122972265829409,0.020591313448456303
all_strict_sites,P11388,15,8,196,0.07142857142857142,0.021507064364207223,0.0499215070643642
all_strict_sites,P11388,20,8,196,0.14285714285714285,0.029094714809000524,0.11376242804814232
all_strict_sites,P11388,25,8,196,0.14285714285714285,0.03568812140240712,0.10716902145473572
all_strict_sites,P11388,30,8,196,0.14285714285714285,0.04212454212454213,0.10073260073260072
all_strict_sites,P11717,5,6,396,0.13333333333333333,0.004027617951668585,0.12930571538166474
all_strict_sites,P11717,10,6,396,0.26666666666666666,0.00829817158931083,0.2583684950773558
all_strict_sites,P11717,15,6,396,0.26666666666666666,0.012453650428333973,0.2542130162383327
all_strict_sites,P11717,20,6,396,0.26666666666666666,0.016059327451732514,0.25060733921493417
all_strict_sites,P11717,25,6,396,0.26666666666666666,0.01993351233857563,0.24673315432809104
all_strict_sites,P11717,30,6,396,0.26666666666666666,0.023897199846566936,0.24276946682009973
all_strict_sites,P11831,5,6,123,0.13333333333333333,0.022391043582566973,0.11094228975076637
all_strict_sites,P11831,10,6,123,0.26666666666666666,0.04384912701586032,0.22281753965080633
all_strict_sites,P11831,15,6,123,0.26666666666666666,0.06477409036385445,0.2018925763028122
all_strict_sites,P11831,20,6,123,0.26666666666666666,0.08703185392509663,0.17963481274157003
all_strict_sites,P11831,25,6,123,0.26666666666666666,0.10649073703851793,0.16017592962814875
all_strict_sites,P11831,30,6,123,0.3333333333333333,0.12461681993869118,0.20871651339464214
all_strict_sites,P11940,5,5,69,0.2,0.014492753623188406,0.1855072463768116
all_strict_sites,P11940,10,5,69,0.3,0.034526854219948847,0.26547314578005116
all_strict_sites,P11940,15,5,69,0.3,0.04560954816709292,0.2543904518329071
all_strict_sites,P11940,20,5,69,0.3,0.06223358908780904,0.23776641091219095
all_strict_sites,P11940,25,5,69,0.3,0.07502131287297528,0.2249786871270247
all_strict_sites,P11940,30,5,69,0.3,0.09207161125319693,0.20792838874680306
all_strict_sites,P12036,5,7,122,0.047619047619047616,0.009619292778756266,0.03799975484029135
all_strict_sites,P12036,10,7,122,0.09523809523809523,0.02438693943910039,0.07085115579899484
all_strict_sites,P12036,15,7,122,0.09523809523809523,0.038341688118141176,0.05689640711995406
all_strict_sites,P12036,20,7,122,0.09523809523809523,0.05270288578783363,0.0425352094502616
all_strict_sites,P12036,25,7,122,0.09523809523809523,0.062186695569706005,0.03305139966838923
all_strict_sites,P12036,30,7,122,0.09523809523809523,0.07505758027367565,0.020180514964419582
all_strict_sites,P12270,5,21,364,0.06190476190476191,0.005388550843096297,0.05651621106166561
all_strict_sites,P12270,10,21,364,0.10952380952380952,0.010338146701783065,0.09918566282202645
all_strict_sites,P12270,15,21,364,0.1619047619047619,0.01539369721187903,0.1465110646928829
all_strict_sites,P12270,20,21,364,0.20476190476190476,0.020343293070565798,0.18441861169133897
all_strict_sites,P12270,25,21,364,0.21904761904761905,0.02455120636938819,0.19449641267823087
all_strict_sites,P12270,30,21,364,0.22857142857142856,0.029167801895074622,0.19940362667635395
all_strict_sites,P12757,5,3,105,1.0,0.018131868131868133,0.9818681318681318
all_strict_sites,P12757,10,3,105,1.0,0.03498168498168498,0.965018315018315
all_strict_sites,P12757,15,3,105,1.0,0.05054945054945055,0.9494505494505494
all_strict_sites,P12757,20,3,105,1.0,0.06501831501831502,0.934981684981685
all_strict_sites,P12757,25,3,105,1.0,0.08168498168498169,0.9183150183150183
all_strict_sites,P12757,30,3,105,1.0,0.09908424908424908,0.9009157509157509
all_strict_sites,P13473,5,3,74,0.0,0.030359126249537207,-0.030359126249537207
all_strict_sites,P13473,10,3,74,0.0,0.061828952239911146,-0.061828952239911146
all_strict_sites,P13473,15,3,74,0.0,0.0899666790077749,-0.0899666790077749
all_strict_sites,P13473,20,3,74,0.0,0.11551277304701962,-0.11551277304701962
all_strict_sites,P13473,25,3,74,0.0,0.13476490188818957,-0.13476490188818957
all_strict_sites,P13473,30,3,74,0.0,0.16031099592743428,-0.16031099592743428
all_strict_sites,P13667,5,5,59,0.2,0.01694915254237288,0.18305084745762712
all_strict_sites,P13667,10,5,59,0.2,0.029807130333138514,0.1701928696668615
all_strict_sites,P13667,15,5,59,0.2,0.04734073641145529,0.15265926358854473
all_strict_sites,P13667,20,5,59,0.2,0.05902980713033314,0.1409701928696669
all_strict_sites,P13667,25,5,59,0.2,0.07188778492109878,0.12811221507890125
all_strict_sites,P13667,30,5,59,0.2,0.08883693746347165,0.11116306253652836
all_strict_sites,P13796,5,4,56,0.6666666666666666,0.024025974025974027,0.6426406926406926
all_strict_sites,P13796,10,4,56,1.0,0.04220779220779221,0.9577922077922078
all_strict_sites,P13796,15,4,56,1.0,0.06103896103896104,0.938961038961039
all_strict_sites,P13796,20,4,56,1.0,0.07142857142857142,0.9285714285714286
all_strict_sites,P13796,25,4,56,1.0,0.08896103896103896,0.9110389610389611
all_strict_sites,P13796,30,4,56,1.0,0.10519480519480519,0.8948051948051948
all_strict_sites,P14314,5,3,66,0.0,0.021445221445221447,-0.021445221445221447
all_strict_sites,P14314,10,3,66,0.3333333333333333,0.041025641025641026,0.29230769230769227
all_strict_sites,P14314,15,3,66,0.3333333333333333,0.062004662004662,0.27132867132867133
all_strict_sites,P14314,20,3,66,0.3333333333333333,0.08251748251748252,0.2508158508158508
all_strict_sites,P14314,25,3,66,0.3333333333333333,0.10023310023310024,0.2331002331002331
all_strict_sites,P14314,30,3,66,0.3333333333333333,0.12307692307692308,0.21025641025641023
all_strict_sites,P14618,5,5,57,0.2,0.021303258145363407,0.1786967418546366
all_strict_sites,P14618,10,5,57,0.2,0.041979949874686714,0.15802005012531328
all_strict_sites,P14618,15,5,57,0.2,0.05952380952380952,0.14047619047619048
all_strict_sites,P14618,20,5,57,0.2,0.08208020050125313,0.11791979949874688
all_strict_sites,P14618,25,5,57,0.2,0.09837092731829573,0.10162907268170428
all_strict_sites,P14618,30,5,57,0.2,0.11904761904761904,0.08095238095238097
all_strict_sites,P14625,5,4,104,0.0,0.01176250933532487,-0.01176250933532487
all_strict_sites,P14625,10,4,104,0.0,0.02315160567587752,-0.02315160567587752
all_strict_sites,P14625,15,4,104,0.0,0.0351008215085885,-0.0351008215085885
all_strict_sites,P14625,20,4,104,0.0,0.04630321135175504,-0.04630321135175504
all_strict_sites,P14625,25,4,104,0.0,0.059932785660941,-0.059932785660941
all_strict_sites,P14625,30,4,104,0.0,0.07188200149365198,-0.07188200149365198
all_strict_sites,P14859,5,10,181,0.08888888888888889,0.017495395948434623,0.07139349294045427
all_strict_sites,P14859,10,10,181,0.17777777777777778,0.033517495395948435,0.14426028238182936
all_strict_sites,P14859,15,10,181,0.26666666666666666,0.04941682013505218,0.2172498465316145
all_strict_sites,P14859,20,10,181,0.26666666666666666,0.06414978514426029,0.20251688152240638
all_strict_sites,P14859,25,10,181,0.26666666666666666,0.07875997544505832,0.18790669122160836
all_strict_sites,P14859,30,10,181,0.26666666666666666,0.09251074278698589,0.17415592387968076
all_strict_sites,P15291,5,4,46,0.16666666666666666,0.02318840579710145,0.14347826086956522
all_strict_sites,P15291,10,4,46,0.5,0.06086956521739131,0.4391304347826087
all_strict_sites,P15291,15,4,46,0.5,0.08599033816425121,0.4140096618357488
all_strict_sites,P15291,20,4,46,0.5,0.1111111111111111,0.3888888888888889
all_strict_sites,P15291,25,4,46,0.5,0.14009661835748793,0.35990338164251207
all_strict_sites,P15291,30,4,46,0.5,0.16908212560386474,0.3309178743961353
all_strict_sites,P15311,5,3,42,0.3333333333333333,0.016260162601626018,0.3170731707317073
all_strict_sites,P15311,10,3,42,0.3333333333333333,0.03368176538908246,0.29965156794425085
all_strict_sites,P15311,15,3,42,0.3333333333333333,0.056910569105691054,0.2764227642276423
all_strict_sites,P15311,20,3,42,0.3333333333333333,0.07084785133565621,0.2624854819976771
all_strict_sites,P15311,25,3,42,0.3333333333333333,0.08362369337979095,0.24970963995354237
all_strict_sites,P15311,30,3,42,0.3333333333333333,0.10220673635307782,0.2311265969802555
all_strict_sites,P15328,5,4,28,0.3333333333333333,0.047619047619047616,0.2857142857142857
all_strict_sites,P15328,10,4,28,0.5,0.08994708994708994,0.41005291005291006
all_strict_sites,P15328,15,4,28,0.5,0.12169312169312169,0.3783068783068783
all_strict_sites,P15328,20,4,28,0.5,0.1455026455026455,0.35449735449735453
all_strict_sites,P15328,25,4,28,0.5,0.1693121693121693,0.3306878306878307
all_strict_sites,P15328,30,4,28,0.5,0.18253968253968253,0.31746031746031744
all_strict_sites,P15336,5,11,104,0.07272727272727272,0.02333831217326363,0.0493889605540091
all_strict_sites,P15336,10,11,104,0.16363636363636364,0.04536967886482449,0.11826668477153915
all_strict_sites,P15336,15,11,104,0.21818181818181817,0.0681478715459298,0.15003394663588837
all_strict_sites,P15336,20,11,104,0.2545454545454545,0.09111277072442121,0.16343268382103332
all_strict_sites,P15336,25,11,104,0.2909090909090909,0.109596713965646,0.18131237694344488
all_strict_sites,P15336,30,11,104,0.36363636363636365,0.12714712471994025,0.2364892389164234
all_strict_sites,P15408,5,4,63,0.16666666666666666,0.03789042498719918,0.12877624167946747
all_strict_sites,P15408,10,4,63,0.5,0.07219662058371736,0.42780337941628266
all_strict_sites,P15408,15,4,63,0.5,0.10906298003072197,0.39093701996927804
all_strict_sites,P15408,20,4,63,0.5,0.1382488479262673,0.3617511520737327
all_strict_sites,P15408,25,4,63,0.5,0.16436251920122888,0.3356374807987711
all_strict_sites,P15408,30,4,63,0.5,0.1935483870967742,0.3064516129032258
all_strict_sites,P15586,5,5,72,0.4,0.016040688575899843,0.38395931142410017
all_strict_sites,P15586,10,5,72,0.4,0.032081377151799685,0.3679186228482003
all_strict_sites,P15586,15,5,72,0.4,0.04773082942097027,0.35226917057902973
all_strict_sites,P15586,20,5,72,0.4,0.06533646322378717,0.33466353677621286
all_strict_sites,P15586,25,5,72,0.4,0.08294209702660407,0.317057902973396
all_strict_sites,P15586,30,5,72,0.4,0.10093896713615023,0.2990610328638498
all_strict_sites,P15822,5,56,541,0.013636363636363636,0.004066543438077634,0.009569820198286002
all_strict_sites,P15822,10,56,541,0.024025974025974027,0.00790032176353803,0.016125652262435997
all_strict_sites,P15822,15,56,541,0.02987012987012987,0.011501334976381188,0.01836879489374868
all_strict_sites,P15822,20,56,541,0.03506493506493506,0.015040733894708017,0.020024201170227046
all_strict_sites,P15822,25,56,541,0.04025974025974026,0.018888204285616484,0.021371535974123775
all_strict_sites,P15822,30,56,541,0.04155844155844156,0.022626138152940373,0.018932303405501186
all_strict_sites,P15880,5,3,35,0.3333333333333333,0.03361344537815126,0.29971988795518206
all_strict_sites,P15880,10,3,35,1.0,0.07394957983193277,0.9260504201680673
all_strict_sites,P15880,15,3,35,1.0,0.11932773109243698,0.880672268907563
all_strict_sites,P15880,20,3,35,1.0,0.16134453781512606,0.838655462184874
all_strict_sites,P15880,25,3,35,1.0,0.20840336134453782,0.7915966386554621
all_strict_sites,P15880,30,3,35,1.0,0.24873949579831933,0.7512605042016807
all_strict_sites,P15923,5,4,122,0.16666666666666666,0.019780517545048098,0.14688614912161857
all_strict_sites,P15923,10,4,122,0.16666666666666666,0.03685137515241837,0.12981529151424828
all_strict_sites,P15923,15,4,122,0.16666666666666666,0.055277062728627556,0.1113896039380391
all_strict_sites,P15923,20,4,122,0.16666666666666666,0.07383823330172064,0.09282843336494602
all_strict_sites,P15923,25,4,122,0.3333333333333333,0.08982522693401979,0.24350810639931353
all_strict_sites,P15923,30,4,122,0.5,0.10662511854762227,0.39337488145237776
all_strict_sites,P15924,5,4,369,0.0,0.004020855425945564,-0.004020855425945564
all_strict_sites,P15924,10,4,369,0.0,0.007968068811122895,-0.007968068811122895
all_strict_sites,P15924,15,4,369,0.0,0.012077294685990338,-0.012077294685990338
all_strict_sites,P15924,20,4,369,0.0,0.016068693295628607,-0.016068693295628607
all_strict_sites,P15924,25,4,369,0.0,0.02014846235418876,-0.02014846235418876
all_strict_sites,P15924,30,4,369,0.0,0.02400730529044421,-0.02400730529044421
all_strict_sites,P15941,5,5,324,0.1,0.0064786148377479645,0.09352138516225204
all_strict_sites,P15941,10,5,324,0.3,0.0157283186178955,0.2842716813821045
all_strict_sites,P15941,15,5,324,0.3,0.024137140236211444,0.27586285976378855
all_strict_sites,P15941,20,5,324,0.3,0.03420861521996713,0.26579138478003284
all_strict_sites,P15941,25,5,324,0.3,0.04076367389060888,0.2592363261093911
all_strict_sites,P15941,30,5,324,0.3,0.04965026946451095,0.25034973053548903
all_strict_sites,P16157,5,4,248,0.0,0.005223978059292151,-0.005223978059292151
all_strict_sites,P16157,10,4,248,0.0,0.01054590570719603,-0.01054590570719603
all_strict_sites,P16157,15,4,248,0.0,0.015965782943711638,-0.015965782943711638
all_strict_sites,P16157,20,4,248,0.0,0.021287710591615515,-0.021287710591615515
all_strict_sites,P16157,25,4,248,0.0,0.026674937965260544,-0.026674937965260544
all_strict_sites,P16157,30,4,248,0.0,0.03251926341909364,-0.03251926341909364
all_strict_sites,P16671,5,3,58,0.3333333333333333,0.016333938294010888,0.31699939503932245
all_strict_sites,P16671,10,3,58,0.3333333333333333,0.03508771929824561,0.2982456140350877
all_strict_sites,P16671,15,3,58,0.3333333333333333,0.056261343012704176,0.2770719903206291
all_strict_sites,P16671,20,3,58,0.3333333333333333,0.07562008469449485,0.2577132486388385
all_strict_sites,P16671,25,3,58,0.3333333333333333,0.09800362976406533,0.23532970356926797
all_strict_sites,P16671,30,3,58,0.3333333333333333,0.12099213551119177,0.21234119782214156
all_strict_sites,P17030,5,3,63,0.0,0.019969278033794162,-0.019969278033794162
all_strict_sites,P17030,10,3,63,0.3333333333333333,0.03891449052739376,0.29441884280593955
all_strict_sites,P17030,15,3,63,0.3333333333333333,0.059907834101382486,0.2734254992319508
all_strict_sites,P17030,20,3,63,0.3333333333333333,0.07885304659498207,0.2544802867383512
all_strict_sites,P17030,25,3,63,0.3333333333333333,0.09626216077828981,0.2370711725550435
all_strict_sites,P17030,30,3,63,0.3333333333333333,0.1228878648233487,0.21044546850998463
all_strict_sites,P17066,5,3,77,0.3333333333333333,0.022556390977443608,0.3107769423558897
all_strict_sites,P17066,10,3,77,0.3333333333333333,0.03896103896103896,0.29437229437229434
all_strict_sites,P17066,15,3,77,0.6666666666666666,0.05570745044429255,0.610959216222374
all_strict_sites,P17066,20,3,77,1.0,0.07142857142857142,0.9285714285714286
all_strict_sites,P17066,25,3,77,1.0,0.08749145591250855,0.9125085440874915
all_strict_sites,P17066,30,3,77,1.0,0.09979494190020506,0.9002050580997949
all_strict_sites,P17275,5,22,51,0.11255411255411256,0.04,0.07255411255411257
all_strict_sites,P17275,10,22,51,0.1774891774891775,0.07058823529411765,0.10690094219505986
all_strict_sites,P17275,15,22,51,0.22510822510822512,0.09411764705882353,0.1309905780494016
all_strict_sites,P17275,20,22,51,0.30303030303030304,0.12470588235294118,0.17832442067736187
all_strict_sites,P17275,25,22,51,0.3333333333333333,0.1584313725490196,0.17490196078431372
all_strict_sites,P17275,30,22,51,0.354978354978355,0.18745098039215685,0.16752737458619815
all_strict_sites,P17535,5,3,45,1.0,0.03939393939393939,0.9606060606060606
all_strict_sites,P17535,10,3,45,1.0,0.0696969696969697,0.9303030303030303
all_strict_sites,P17535,15,3,45,1.0,0.09292929292929293,0.907070707070707
all_strict_sites,P17535,20,3,45,1.0,0.1191919191919192,0.8808080808080808
all_strict_sites,P17535,25,3,45,1.0,0.1404040404040404,0.8595959595959596
all_strict_sites,P17535,30,3,45,1.0,0.16666666666666666,0.8333333333333334
all_strict_sites,P17544,5,8,88,0.03571428571428571,0.02168234064785789,0.014031945066427822
all_strict_sites,P17544,10,8,88,0.14285714285714285,0.04231974921630094,0.10053739364084191
all_strict_sites,P17544,15,8,88,0.21428571428571427,0.060867293625914316,0.15341842065979996
all_strict_sites,P17544,20,8,88,0.2857142857142857,0.08254963427377221,0.2031646514405135
all_strict_sites,P17544,25,8,88,0.2857142857142857,0.10658307210031348,0.17913121361397222
all_strict_sites,P17544,30,8,88,0.32142857142857145,0.12800417972831765,0.1934243917002538
all_strict_sites,P17844,5,4,68,0.0,0.019754170324846356,-0.019754170324846356
all_strict_sites,P17844,10,4,68,0.16666666666666666,0.03775241439859526,0.1289142522680714
all_strict_sites,P17844,15,4,68,0.3333333333333333,0.0553116769095698,0.27802165642376353
all_strict_sites,P17844,20,4,68,0.3333333333333333,0.07067603160667252,0.2626573017266608
all_strict_sites,P17844,25,4,68,0.5,0.08867427568042142,0.4113257243195786
all_strict_sites,P17844,30,4,68,0.5,0.10184372256365233,0.3981562774363477
all_strict_sites,P17931,5,4,21,0.16666666666666666,0.06190476190476191,0.10476190476190475
all_strict_sites,P17931,10,4,21,0.16666666666666666,0.11904761904761904,0.047619047619047616
all_strict_sites,P17931,15,4,21,0.5,0.1619047619047619,0.3380952380952381
all_strict_sites,P17931,20,4,21,0.5,0.1761904761904762,0.32380952380952377
all_strict_sites,P17931,25,4,21,0.5,0.1761904761904762,0.32380952380952377
all_strict_sites,P17931,30,4,21,0.5,0.19047619047619047,0.30952380952380953
all_strict_sites,P18031,5,3,51,0.0,0.018823529411764704,-0.018823529411764704
all_strict_sites,P18031,10,3,51,0.0,0.03686274509803922,-0.03686274509803922
all_strict_sites,P18031,15,3,51,0.0,0.06901960784313725,-0.06901960784313725
all_strict_sites,P18031,20,3,51,0.0,0.08862745098039215,-0.08862745098039215
all_strict_sites,P18031,25,3,51,0.0,0.11450980392156863,-0.11450980392156863
all_strict_sites,P18031,30,3,51,0.0,0.1380392156862745,-0.1380392156862745
all_strict_sites,P18146,5,9,139,0.16666666666666666,0.0229381712021687,0.14372849546449795
all_strict_sites,P18146,10,9,139,0.25,0.04274840996767803,0.20725159003232196
all_strict_sites,P18146,15,9,139,0.3888888888888889,0.06328849963507455,0.32560038925381435
all_strict_sites,P18146,20,9,139,0.4444444444444444,0.08539255552080074,0.3590518889236437
all_strict_sites,P18146,25,9,139,0.5,0.10572411635908664,0.39427588364091337
all_strict_sites,P18146,30,9,139,0.5,0.12188510061516004,0.37811489938483994
all_strict_sites,P18583,5,15,511,0.047619047619047616,0.004481792717086834,0.043137254901960784
all_strict_sites,P18583,10,15,511,0.08571428571428572,0.009523809523809525,0.0761904761904762
all_strict_sites,P18583,15,15,511,0.12380952380952381,0.014420014581174936,0.10938950922834888
all_strict_sites,P18583,20,15,511,0.14285714285714285,0.019078316258010052,0.1237788265991328
all_strict_sites,P18583,25,15,511,0.1523809523809524,0.02389777828939795,0.12848317409155444
all_strict_sites,P18583,30,15,511,0.1523809523809524,0.028433291124669045,0.12394766125628334
all_strict_sites,P18846,5,11,65,0.3090909090909091,0.04519230769230769,0.2638986013986014
all_strict_sites,P18846,10,11,65,0.5636363636363636,0.08701923076923077,0.4766171328671328
all_strict_sites,P18846,15,11,65,0.7454545454545455,0.12067307692307692,0.6247814685314685
all_strict_sites,P18846,20,11,65,0.8909090909090909,0.15528846153846154,0.7356206293706293
all_strict_sites,P18846,25,11,65,1.0,0.1841346153846154,0.8158653846153846
all_strict_sites,P18846,30,11,65,1.0,0.21586538461538463,0.7841346153846154
all_strict_sites,P19022,5,3,110,0.3333333333333333,0.014178482068390326,0.319154851264943
all_strict_sites,P19022,10,3,110,0.3333333333333333,0.026188490408673895,0.30714484292465943
all_strict_sites,P19022,15,3,110,0.3333333333333333,0.03686405337781484,0.29646927995551847
all_strict_sites,P19022,20,3,110,0.3333333333333333,0.04687239366138449,0.28646093967194886
all_strict_sites,P19022,25,3,110,0.3333333333333333,0.05738115095913261,0.2759521823742007
all_strict_sites,P19022,30,3,110,0.3333333333333333,0.0670558798999166,0.2662774534334167
all_strict_sites,P19338,5,4,74,0.0,0.01629026286560533,-0.01629026286560533
all_strict_sites,P19338,10,4,74,0.0,0.0381340244353943,-0.0381340244353943
all_strict_sites,P19338,15,4,74,0.0,0.05664568678267309,-0.05664568678267309
all_strict_sites,P19338,20,4,74,0.0,0.07367641614216956,-0.07367641614216956
all_strict_sites,P19338,25,4,74,0.0,0.09403924472417623,-0.09403924472417623
all_strict_sites,P19338,30,4,74,0.0,0.11032950758978156,-0.11032950758978156
all_strict_sites,P19838,5,3,121,0.3333333333333333,0.012258953168044076,0.3210743801652892
all_strict_sites,P19838,10,3,121,0.3333333333333333,0.024104683195592287,0.30922865013774103
all_strict_sites,P19838,15,3,121,0.3333333333333333,0.03650137741046832,0.296831955922865
all_strict_sites,P19838,20,3,121,0.3333333333333333,0.047382920110192836,0.28595041322314046
all_strict_sites,P19838,25,3,121,0.3333333333333333,0.05840220385674931,0.274931129476584
all_strict_sites,P19838,30,3,121,0.3333333333333333,0.06914600550964187,0.2641873278236915
all_strict_sites,P20823,5,14,124,0.12087912087912088,0.016260162601626018,0.10461895827749486
all_strict_sites,P20823,10,14,124,0.14285714285714285,0.035667453448728036,0.1071896894084148
all_strict_sites,P20823,15,14,124,0.14285714285714285,0.05337004982953055,0.08948709302761229
all_strict_sites,P20823,20,14,124,0.16483516483516483,0.07172829792814057,0.09310686690702426
all_strict_sites,P20823,25,14,124,0.2087912087912088,0.08851298190401259,0.12027822688719621
all_strict_sites,P20823,30,14,124,0.26373626373626374,0.10687123000262261,0.15686503373364113
all_strict_sites,P21333,5,6,360,0.06666666666666667,0.0032497678737233053,0.06341689879294336
all_strict_sites,P21333,10,6,360,0.06666666666666667,0.006824512534818941,0.05984215413184772
all_strict_sites,P21333,15,6,360,0.06666666666666667,0.010445682451253482,0.05622098421541318
all_strict_sites,P21333,20,6,360,0.06666666666666667,0.01408232745280099,0.052584339213865676
all_strict_sites,P21333,25,6,360,0.06666666666666667,0.017657072113896628,0.04900959455277004
all_strict_sites,P21333,30,6,360,0.06666666666666667,0.021463943051686783,0.04520272361497989
all_strict_sites,P21917,5,3,38,0.3333333333333333,0.02275960170697013,0.3105737316263632
all_strict_sites,P21917,10,3,38,1.0,0.05263157894736842,0.9473684210526316
all_strict_sites,P21917,15,3,38,1.0,0.06543385490753911,0.9345661450924609
all_strict_sites,P21917,20,3,38,1.0,0.08819345661450925,0.9118065433854907
all_strict_sites,P21917,25,3,38,1.0,0.10526315789473684,0.8947368421052632
all_strict_sites,P21917,30,3,38,1.0,0.1251778093883357,0.8748221906116643
all_strict_sites,P22314,5,5,119,0.1,0.009970089730807577,0.09002991026919242
all_strict_sites,P22314,10,5,119,0.1,0.019940179461615155,0.08005982053838485
all_strict_sites,P22314,15,5,119,0.2,0.02820111095285572,0.1717988890471443
all_strict_sites,P22314,20,5,119,0.2,0.039453069363338554,0.16054693063666145
all_strict_sites,P22314,25,5,119,0.2,0.05042016806722689,0.14957983193277313
all_strict_sites,P22314,30,5,119,0.3,0.05939324882495371,0.24060675117504626
all_strict_sites,P22670,5,4,155,0.16666666666666666,0.012065354000837872,0.15460131266582877
all_strict_sites,P22670,10,4,155,0.16666666666666666,0.02505236698785086,0.1416142996788158
all_strict_sites,P22670,15,4,155,0.16666666666666666,0.03636363636363636,0.1303030303030303
all_strict_sites,P22670,20,4,155,0.3333333333333333,0.047842480100544614,0.2854908532327887
all_strict_sites,P22670,25,4,155,0.3333333333333333,0.06015919564306661,0.2731741376902667
all_strict_sites,P22670,30,4,155,0.3333333333333333,0.07239212400502723,0.2609412093283061
all_strict_sites,P22681,5,11,139,0.2,0.012198936502971536,0.18780106349702846
all_strict_sites,P22681,10,11,139,0.23636363636363636,0.023459493274945262,0.2129041430886911
all_strict_sites,P22681,15,11,139,0.2909090909090909,0.0339901991450318,0.2569188917640591
all_strict_sites,P22681,20,11,139,0.38181818181818183,0.043791054113231156,0.3380271277049507
all_strict_sites,P22681,25,11,139,0.41818181818181815,0.05286205817954332,0.36531976000227484
all_strict_sites,P22681,30,11,139,0.41818181818181815,0.06558231675529141,0.35259950142652674
all_strict_sites,P23246,5,5,60,0.4,0.020338983050847456,0.37966101694915255
all_strict_sites,P23246,10,5,60,0.6,0.04350282485875706,0.5564971751412429
all_strict_sites,P23246,15,5,60,0.6,0.05875706214689266,0.5412429378531073
all_strict_sites,P23246,20,5,60,0.6,0.07514124293785311,0.5248587570621469
all_strict_sites,P23246,25,5,60,0.6,0.09265536723163842,0.5073446327683615
all_strict_sites,P23246,30,5,60,0.6,0.11186440677966102,0.48813559322033895
all_strict_sites,P23511,5,4,45,0.3333333333333333,0.03636363636363636,0.29696969696969694
all_strict_sites,P23511,10,4,45,0.3333333333333333,0.07474747474747474,0.2585858585858586
all_strict_sites,P23511,15,4,45,0.3333333333333333,0.09595959595959595,0.23737373737373735
all_strict_sites,P23511,20,4,45,0.3333333333333333,0.12323232323232323,0.21010101010101007
all_strict_sites,P23511,25,4,45,0.3333333333333333,0.15656565656565657,0.17676767676767674
all_strict_sites,P23511,30,4,45,0.3333333333333333,0.18888888888888888,0.14444444444444443
all_strict_sites,P23527,5,3,22,0.3333333333333333,0.09090909090909091,0.2424242424242424
all_strict_sites,P23527,10,3,22,0.6666666666666666,0.15151515151515152,0.5151515151515151
all_strict_sites,P23527,15,3,22,1.0,0.19047619047619047,0.8095238095238095
all_strict_sites,P23527,20,3,22,1.0,0.24242424242424243,0.7575757575757576
all_strict_sites,P23527,25,3,22,1.0,0.30735930735930733,0.6926406926406927
all_strict_sites,P23527,30,3,22,1.0,0.36796536796536794,0.6320346320346321
all_strict_sites,P23528,5,4,19,0.0,0.05263157894736842,-0.05263157894736842
all_strict_sites,P23528,10,4,19,0.0,0.0935672514619883,-0.0935672514619883
all_strict_sites,P23528,15,4,19,0.0,0.12280701754385964,-0.12280701754385964
all_strict_sites,P23528,20,4,19,0.0,0.19298245614035087,-0.19298245614035087
all_strict_sites,P23528,25,4,19,0.16666666666666666,0.25146198830409355,-0.0847953216374269
all_strict_sites,P23528,30,4,19,0.3333333333333333,0.2982456140350877,0.03508771929824561
all_strict_sites,P23588,5,10,96,0.15555555555555556,0.02456140350877193,0.13099415204678364
all_strict_sites,P23588,10,10,96,0.26666666666666666,0.04342105263157895,0.22324561403508772
all_strict_sites,P23588,15,10,96,0.28888888888888886,0.06271929824561404,0.22616959064327483
all_strict_sites,P23588,20,10,96,0.28888888888888886,0.07763157894736843,0.21125730994152042
all_strict_sites,P23588,25,10,96,0.28888888888888886,0.09078947368421053,0.19809941520467833
all_strict_sites,P23588,30,10,96,0.28888888888888886,0.1050438596491228,0.18384502923976606
all_strict_sites,P23769,5,4,80,0.16666666666666666,0.024367088607594938,0.14229957805907173
all_strict_sites,P23769,10,4,80,0.16666666666666666,0.05,0.11666666666666665
all_strict_sites,P23769,15,4,80,0.5,0.07183544303797468,0.4281645569620253
all_strict_sites,P23769,20,4,80,0.5,0.09113924050632911,0.4088607594936709
all_strict_sites,P23769,25,4,80,0.8333333333333334,0.11044303797468355,0.7228902953586498
all_strict_sites,P23769,30,4,80,0.8333333333333334,0.13386075949367088,0.6994725738396625
all_strict_sites,P25054,5,4,603,0.16666666666666666,0.004209296816030589,0.16245736985063608
all_strict_sites,P25054,10,4,603,0.16666666666666666,0.008220249803033559,0.1584464168636331
all_strict_sites,P25054,15,4,603,0.16666666666666666,0.01187308198762555,0.1547935846790411
all_strict_sites,P25054,20,4,603,0.16666666666666666,0.015470818664154312,0.15119584800251235
all_strict_sites,P25054,25,4,603,0.16666666666666666,0.019107122196327334,0.1475595444703393
all_strict_sites,P25054,30,4,603,0.16666666666666666,0.022804030787369905,0.14386263587929676
all_strict_sites,P25440,5,5,123,0.1,0.02372384379581501,0.076276156204185
all_strict_sites,P25440,10,5,123,0.3,0.043449286951885914,0.25655071304811405
all_strict_sites,P25440,15,5,123,0.3,0.06224176995868319,0.2377582300413168
all_strict_sites,P25440,20,5,123,0.4,0.07796881247501,0.32203118752499005
all_strict_sites,P25440,25,5,123,0.5,0.09089697454351593,0.4091030254564841
all_strict_sites,P25440,30,5,123,0.6,0.10342529654804745,0.49657470345195254
all_strict_sites,P26006,5,3,125,0.3333333333333333,0.010193548387096775,0.3231397849462365
all_strict_sites,P26006,10,3,125,0.3333333333333333,0.01870967741935484,0.31462365591397845
all_strict_sites,P26006,15,3,125,0.3333333333333333,0.028,0.3053333333333333
all_strict_sites,P26006,20,3,125,0.3333333333333333,0.03690322580645161,0.2964301075268817
all_strict_sites,P26006,25,3,125,0.3333333333333333,0.04748387096774193,0.2858494623655914
all_strict_sites,P26006,30,3,125,0.3333333333333333,0.05625806451612903,0.2770752688172043
all_strict_sites,P26599,5,6,73,0.06666666666666667,0.0167427701674277,0.049923896499238965
all_strict_sites,P26599,10,6,73,0.26666666666666666,0.03538812785388128,0.23127853881278537
all_strict_sites,P26599,15,6,73,0.26666666666666666,0.05251141552511415,0.2141552511415525
all_strict_sites,P26599,20,6,73,0.4,0.07039573820395738,0.32960426179604263
all_strict_sites,P26599,25,6,73,0.4,0.09094368340943683,0.3090563165905632
all_strict_sites,P26599,30,6,73,0.4666666666666667,0.106544901065449,0.36012176560121767
all_strict_sites,P26640,5,4,122,0.0,0.007316081831730118,-0.007316081831730118
all_strict_sites,P26640,10,4,122,0.0,0.0151740956509958,-0.0151740956509958
all_strict_sites,P26640,15,4,122,0.0,0.022354694485842028,-0.022354694485842028
all_strict_sites,P26640,20,4,122,0.0,0.032109470261482184,-0.032109470261482184
all_strict_sites,P26640,25,4,122,0.0,0.039561035090096196,-0.039561035090096196
all_strict_sites,P26640,30,4,122,0.0,0.047419048909361876,-0.047419048909361876
all_strict_sites,P27348,5,5,32,0.1,0.04233870967741935,0.057661290322580654
all_strict_sites,P27348,10,5,32,0.4,0.07459677419354839,0.32540322580645165
all_strict_sites,P27348,15,5,32,0.6,0.11290322580645161,0.48709677419354835
all_strict_sites,P27348,20,5,32,0.6,0.1592741935483871,0.44072580645161286
all_strict_sites,P27348,25,5,32,0.6,0.19959677419354838,0.4004032258064516
all_strict_sites,P27348,30,5,32,0.6,0.2318548387096774,0.3681451612903226
all_strict_sites,P27540,5,14,143,0.12087912087912088,0.012705604254900029,0.10817351662422085
all_strict_sites,P27540,10,14,143,0.21978021978021978,0.026494632128434944,0.19328558765178483
all_strict_sites,P27540,15,14,143,0.27472527472527475,0.0403821530582094,0.23434312166706533
all_strict_sites,P27540,20,14,143,0.32967032967032966,0.0532847434255885,0.2763855862447412
all_strict_sites,P27540,25,14,143,0.34065934065934067,0.06549788239929084,0.27516145826004984
all_strict_sites,P27540,30,14,143,0.3956043956043956,0.0774155422042746,0.318188853400121
all_strict_sites,P27816,5,25,215,0.016666666666666666,0.009997826559443599,0.006668840107223068
all_strict_sites,P27816,10,25,215,0.06,0.01895240165181482,0.04104759834818518
all_strict_sites,P27816,15,25,215,0.08333333333333333,0.02847207128885025,0.05486126204448308
all_strict_sites,P27816,20,25,215,0.10333333333333333,0.03760052162573354,0.06573281170759979
all_strict_sites,P27816,25,25,215,0.12,0.04642469028472071,0.07357530971527929
all_strict_sites,P27816,30,25,215,0.13,0.055422734188219955,0.07457726581178005
all_strict_sites,P27824,5,3,48,0.0,0.022163120567375887,-0.022163120567375887
all_strict_sites,P27824,10,3,48,0.6666666666666666,0.04343971631205674,0.6232269503546098
all_strict_sites,P27824,15,3,48,1.0,0.06560283687943262,0.9343971631205674
all_strict_sites,P27824,20,3,48,1.0,0.08599290780141844,0.9140070921985816
all_strict_sites,P27824,25,3,48,1.0,0.09663120567375887,0.9033687943262412
all_strict_sites,P27824,30,3,48,1.0,0.11524822695035461,0.8847517730496454
all_strict_sites,P28066,5,3,35,0.3333333333333333,0.031932773109243695,0.3014005602240896
all_strict_sites,P28066,10,3,35,0.3333333333333333,0.08403361344537816,0.24929971988795516
all_strict_sites,P28066,15,3,35,0.3333333333333333,0.11596638655462185,0.21736694677871146
all_strict_sites,P28066,20,3,35,0.3333333333333333,0.15966386554621848,0.17366946778711484
all_strict_sites,P28066,25,3,35,0.3333333333333333,0.19831932773109243,0.1350140056022409
all_strict_sites,P28066,30,3,35,0.3333333333333333,0.23529411764705882,0.0980392156862745
all_strict_sites,P28347,5,4,55,0.5,0.028956228956228958,0.47104377104377104
all_strict_sites,P28347,10,4,55,1.0,0.052525252525252523,0.9474747474747475
all_strict_sites,P28347,15,4,55,1.0,0.07744107744107744,0.9225589225589226
all_strict_sites,P28347,20,4,55,1.0,0.10101010101010101,0.898989898989899
all_strict_sites,P28347,25,4,55,1.0,0.11784511784511785,0.8821548821548821
all_strict_sites,P28347,30,4,55,1.0,0.13198653198653199,0.868013468013468
all_strict_sites,P28356,5,4,60,0.8333333333333334,0.04971751412429379,0.7836158192090396
all_strict_sites,P28356,10,4,60,1.0,0.09322033898305085,0.9067796610169492
all_strict_sites,P28356,15,4,60,1.0,0.12994350282485875,0.8700564971751412
all_strict_sites,P28356,20,4,60,1.0,0.1576271186440678,0.8423728813559321
all_strict_sites,P28356,25,4,60,1.0,0.18361581920903955,0.8163841807909604
all_strict_sites,P28356,30,4,60,1.0,0.21073446327683615,0.7892655367231638
all_strict_sites,P29372,5,5,32,0.4,0.03225806451612903,0.367741935483871
all_strict_sites,P29372,10,5,32,0.4,0.06048387096774194,0.3395161290322581
all_strict_sites,P29372,15,5,32,1.0,0.10483870967741936,0.8951612903225806
all_strict_sites,P29372,20,5,32,1.0,0.13911290322580644,0.8608870967741935
all_strict_sites,P29372,25,5,32,1.0,0.15524193548387097,0.844758064516129
all_strict_sites,P29372,30,5,32,1.0,0.18951612903225806,0.810483870967742
all_strict_sites,P30260,5,4,136,0.16666666666666666,0.014270152505446623,0.15239651416122002
all_strict_sites,P30260,10,4,136,0.16666666666666666,0.02952069716775599,0.13714596949891067
all_strict_sites,P30260,15,4,136,0.16666666666666666,0.04455337690631808,0.12211328976034858
all_strict_sites,P30260,20,4,136,0.16666666666666666,0.05947712418300653,0.10718954248366012
all_strict_sites,P30260,25,4,136,0.16666666666666666,0.07505446623093683,0.09161220043572983
all_strict_sites,P30260,30,4,136,0.16666666666666666,0.09041394335511982,0.07625272331154684
all_strict_sites,P30414,5,4,364,0.0,0.008673145036781401,-0.008673145036781401
all_strict_sites,P30414,10,4,364,0.0,0.017543062997608452,-0.017543062997608452
all_strict_sites,P30414,15,4,364,0.0,0.02576211667120758,-0.02576211667120758
all_strict_sites,P30414,20,4,364,0.0,0.03405685223867042,-0.03405685223867042
all_strict_sites,P30414,25,4,364,0.0,0.042003451094360184,-0.042003451094360184
all_strict_sites,P30414,30,4,364,0.0,0.04967759513214059,-0.04967759513214059
all_strict_sites,P30533,5,4,35,0.5,0.043697478991596636,0.45630252100840335
all_strict_sites,P30533,10,4,35,0.5,0.06890756302521009,0.43109243697478994
all_strict_sites,P30533,15,4,35,0.5,0.10084033613445378,0.39915966386554624
all_strict_sites,P30533,20,4,35,0.5,0.12773109243697478,0.3722689075630252
all_strict_sites,P30533,25,4,35,0.5,0.15966386554621848,0.3403361344537815
all_strict_sites,P30533,30,4,35,0.5,0.19663865546218487,0.30336134453781516
all_strict_sites,P30622,5,11,212,0.10909090909090909,0.009746937315568274,0.09934397177534081
all_strict_sites,P30622,10,11,212,0.10909090909090909,0.01882321380667084,0.09026769528423825
all_strict_sites,P30622,15,11,212,0.10909090909090909,0.026200482875793615,0.08289042621511547
all_strict_sites,P30622,20,11,212,0.14545454545454545,0.03438254493427524,0.1110720005202702
all_strict_sites,P30622,25,11,212,0.18181818181818182,0.04216221049807744,0.13965597132010438
all_strict_sites,P30622,30,11,212,0.18181818181818182,0.049539479567200215,0.1322787022509816
all_strict_sites,P31153,5,4,39,0.16666666666666666,0.02699055330634278,0.13967611336032387
all_strict_sites,P31153,10,4,39,0.16666666666666666,0.05398110661268556,0.11268556005398109
all_strict_sites,P31153,15,4,39,0.16666666666666666,0.0728744939271255,0.09379217273954116
all_strict_sites,P31153,20,4,39,0.16666666666666666,0.09041835357624832,0.07624831309041834
all_strict_sites,P31153,25,4,39,0.16666666666666666,0.11336032388663968,0.05330634278002698
all_strict_sites,P31153,30,4,39,0.16666666666666666,0.12955465587044535,0.03711201079622131
all_strict_sites,P31270,5,9,57,0.19444444444444445,0.040100250626566414,0.15434419381787803
all_strict_sites,P31270,10,9,57,0.3333333333333333,0.07456140350877193,0.2587719298245614
all_strict_sites,P31270,15,9,57,0.3888888888888889,0.10839598997493734,0.28049289891395157
all_strict_sites,P31270,20,9,57,0.4444444444444444,0.14411027568922305,0.30033416875522134
all_strict_sites,P31270,25,9,57,0.4444444444444444,0.16854636591478697,0.2758980785296574
all_strict_sites,P31270,30,9,57,0.4444444444444444,0.20802005012531327,0.23642439431913115
all_strict_sites,P31274,5,5,36,0.1,0.03015873015873016,0.06984126984126984
all_strict_sites,P31274,10,5,36,0.4,0.06984126984126984,0.3301587301587302
all_strict_sites,P31274,15,5,36,0.4,0.1126984126984127,0.28730158730158734
all_strict_sites,P31274,20,5,36,0.6,0.1380952380952381,0.4619047619047619
all_strict_sites,P31274,25,5,36,0.8,0.17936507936507937,0.6206349206349207
all_strict_sites,P31274,30,5,36,0.9,0.20793650793650795,0.692063492063492
all_strict_sites,P31629,5,31,454,0.025806451612903226,0.004813723488053214,0.02099272812485001
all_strict_sites,P31629,10,31,454,0.03870967741935484,0.00918983574991977,0.029519841669435068
all_strict_sites,P31629,15,31,454,0.05161290322580645,0.013147786173430192,0.03846511705237626
all_strict_sites,P31629,20,31,454,0.060215053763440864,0.017222432923923718,0.042992620839517146
all_strict_sites,P31629,25,31,454,0.07526881720430108,0.021297079674417248,0.05397173752988383
all_strict_sites,P31629,30,31,454,0.08172043010752689,0.02563429316062277,0.05608613694690412
all_strict_sites,P31749,5,5,53,0.2,0.02177068214804064,0.17822931785195936
all_strict_sites,P31749,10,5,53,0.2,0.04354136429608128,0.15645863570391874
all_strict_sites,P31749,15,5,53,0.2,0.06458635703918723,0.13541364296081276
all_strict_sites,P31749,20,5,53,0.2,0.08635703918722787,0.11364296081277214
all_strict_sites,P31749,25,5,53,0.2,0.10957910014513789,0.09042089985486212
all_strict_sites,P31749,30,5,53,0.2,0.12772133526850507,0.07227866473149494
all_strict_sites,P31943,5,3,53,0.0,0.022496371552975326,-0.022496371552975326
all_strict_sites,P31943,10,3,53,0.0,0.041364296081277216,-0.041364296081277216
all_strict_sites,P31943,15,3,53,0.0,0.06386066763425254,-0.06386066763425254
all_strict_sites,P31943,20,3,53,0.0,0.08925979680696662,-0.08925979680696662
all_strict_sites,P31943,25,3,53,0.0,0.11248185776487664,-0.11248185776487664
all_strict_sites,P31943,30,3,53,0.0,0.13497822931785197,-0.13497822931785197
all_strict_sites,P32243,5,3,67,1.0,0.040253279059249206,0.9597467209407508
all_strict_sites,P32243,10,3,67,1.0,0.08367254635911352,0.9163274536408865
all_strict_sites,P32243,15,3,67,1.0,0.12754409769335143,0.8724559023066486
all_strict_sites,P32243,20,3,67,1.0,0.1691542288557214,0.8308457711442786
all_strict_sites,P32243,25,3,67,1.0,0.20669380370872908,0.7933061962912709
all_strict_sites,P32243,30,3,67,1.0,0.2460425146992311,0.7539574853007689
all_strict_sites,P32322,5,3,43,0.3333333333333333,0.02768549280177187,0.30564784053156147
all_strict_sites,P32322,10,3,43,0.6666666666666666,0.06090808416389812,0.6057585825027685
all_strict_sites,P32322,15,3,43,1.0,0.09080841638981174,0.9091915836101883
all_strict_sites,P32322,20,3,43,1.0,0.12292358803986711,0.8770764119601329
all_strict_sites,P32322,25,3,43,1.0,0.14839424141749724,0.8516057585825028
all_strict_sites,P32322,30,3,43,1.0,0.1716500553709856,0.8283499446290143
all_strict_sites,P32519,5,7,113,0.23809523809523808,0.020859671302149177,0.21723556679308892
all_strict_sites,P32519,10,7,113,0.38095238095238093,0.039190897597977246,0.3417614833544037
all_strict_sites,P32519,15,7,113,0.42857142857142855,0.05957648546144122,0.3689949431099873
all_strict_sites,P32519,20,7,113,0.42857142857142855,0.0777496839443742,0.35082174462705434
all_strict_sites,P32519,25,7,113,0.42857142857142855,0.09402654867256637,0.33454487989886217
all_strict_sites,P32519,30,7,113,0.42857142857142855,0.11014538558786346,0.3184260429835651
all_strict_sites,P33076,5,5,146,0.3,0.009919697685403874,0.29008030231459614
all_strict_sites,P33076,10,5,146,0.3,0.018516769012753898,0.2814832309872461
all_strict_sites,P33076,15,5,146,0.3,0.027208313651393482,0.2727916863486065
all_strict_sites,P33076,20,5,146,0.3,0.03646669815777043,0.26353330184222956
all_strict_sites,P33076,25,5,146,0.3,0.0454416627302787,0.25455833726972127
all_strict_sites,P33076,30,5,146,0.3,0.05545583372697213,0.24454416627302786
all_strict_sites,P33240,5,3,50,0.0,0.013877551020408163,-0.013877551020408163
all_strict_sites,P33240,10,3,50,0.0,0.029387755102040815,-0.029387755102040815
all_strict_sites,P33240,15,3,50,0.3333333333333333,0.04816326530612245,0.28517006802721084
all_strict_sites,P33240,20,3,50,0.3333333333333333,0.07183673469387755,0.26149659863945574
all_strict_sites,P33240,25,3,50,0.3333333333333333,0.09224489795918367,0.24108843537414965
all_strict_sites,P33240,30,3,50,0.3333333333333333,0.11020408163265306,0.22312925170068026
all_strict_sites,P33993,5,3,77,0.3333333333333333,0.01367053998632946,0.31966279334700387
all_strict_sites,P33993,10,3,77,1.0,0.02939166097060834,0.9706083390293917
all_strict_sites,P33993,15,3,77,1.0,0.047163362952836636,0.9528366370471634
all_strict_sites,P33993,20,3,77,1.0,0.06288448393711552,0.9371155160628845
all_strict_sites,P33993,25,3,77,1.0,0.07723855092276145,0.9227614490772386
all_strict_sites,P33993,30,3,77,1.0,0.09261790840738209,0.907382091592618
all_strict_sites,P34932,5,3,103,0.3333333333333333,0.012564249000571102,0.3207690843327622
all_strict_sites,P34932,10,3,103,0.3333333333333333,0.024367028364743956,0.30896630496858934
all_strict_sites,P34932,15,3,103,0.3333333333333333,0.034266133637921185,0.2990671996954121
all_strict_sites,P34932,20,3,103,0.3333333333333333,0.048353321911288785,0.28498001142204454
all_strict_sites,P34932,25,3,103,0.3333333333333333,0.05996573386636208,0.27336759946697126
all_strict_sites,P34932,30,3,103,0.3333333333333333,0.07252998286693318,0.26080335046640013
all_strict_sites,P35030,5,4,33,0.16666666666666666,0.03598484848484849,0.13068181818181818
all_strict_sites,P35030,10,4,33,0.5,0.07765151515151515,0.42234848484848486
all_strict_sites,P35030,15,4,33,0.5,0.13068181818181818,0.3693181818181818
all_strict_sites,P35030,20,4,33,0.5,0.17424242424242425,0.32575757575757575
all_strict_sites,P35030,25,4,33,0.5,0.20833333333333334,0.29166666666666663
all_strict_sites,P35030,30,4,33,0.5,0.23484848484848486,0.26515151515151514
all_strict_sites,P35222,5,4,90,0.16666666666666666,0.014232209737827715,0.15243445692883895
all_strict_sites,P35222,10,4,90,0.16666666666666666,0.027965043695380776,0.13870162297128588
all_strict_sites,P35222,15,4,90,0.16666666666666666,0.04094881398252185,0.12571785268414482
all_strict_sites,P35222,20,4,90,0.5,0.05268414481897628,0.44731585518102374
all_strict_sites,P35222,25,4,90,0.5,0.06416978776529339,0.43583021223470664
all_strict_sites,P35222,30,4,90,0.5,0.0766541822721598,0.4233458177278402
all_strict_sites,P35527,5,3,105,0.3333333333333333,0.015567765567765568,0.31776556776556775
all_strict_sites,P35527,10,3,105,0.6666666666666666,0.0326007326007326,0.634065934065934
all_strict_sites,P35527,15,3,105,1.0,0.049267399267399266,0.9507326007326007
all_strict_sites,P35527,20,3,105,1.0,0.06483516483516484,0.9351648351648352
all_strict_sites,P35527,25,3,105,1.0,0.0836996336996337,0.9163003663003663
all_strict_sites,P35527,30,3,105,1.0,0.1,0.9
all_strict_sites,P35579,5,5,160,0.0,0.00550314465408805,-0.00550314465408805
all_strict_sites,P35579,10,5,160,0.0,0.010849056603773584,-0.010849056603773584
all_strict_sites,P35579,15,5,160,0.0,0.01611635220125786,-0.01611635220125786
all_strict_sites,P35579,20,5,160,0.0,0.021069182389937106,-0.021069182389937106
all_strict_sites,P35579,25,5,160,0.0,0.0264937106918239,-0.0264937106918239
all_strict_sites,P35579,30,5,160,0.0,0.03168238993710692,-0.03168238993710692
all_strict_sites,P35611,5,6,101,0.26666666666666666,0.015049504950495049,0.2516171617161716
all_strict_sites,P35611,10,6,101,0.26666666666666666,0.02792079207920792,0.23874587458745875
all_strict_sites,P35611,15,6,101,0.3333333333333333,0.04198019801980198,0.29135313531353135
all_strict_sites,P35611,20,6,101,0.7333333333333333,0.05386138613861386,0.6794719471947194
all_strict_sites,P35611,25,6,101,0.8,0.06633663366336634,0.7336633663366336
all_strict_sites,P35611,30,6,101,0.8,0.07920792079207921,0.7207920792079209
all_strict_sites,P35613,5,4,55,0.3333333333333333,0.02558922558922559,0.3077441077441077
all_strict_sites,P35613,10,4,55,0.5,0.0531986531986532,0.4468013468013468
all_strict_sites,P35613,15,4,55,0.5,0.07542087542087542,0.4245791245791246
all_strict_sites,P35613,20,4,55,0.5,0.10033670033670034,0.39966329966329966
all_strict_sites,P35613,25,4,55,0.5,0.12255892255892256,0.37744107744107747
all_strict_sites,P35613,30,4,55,0.5,0.14814814814814814,0.35185185185185186
all_strict_sites,P35658,5,212,530,0.0116694983457033,0.005578342904019688,0.006091155441683612
all_strict_sites,P35658,10,212,530,0.021818832155951,0.010885615436744302,0.010933216719206697
all_strict_sites,P35658,15,212,530,0.03067155503889833,0.016271355708528015,0.014400199330370313
all_strict_sites,P35658,20,212,530,0.03854064204596262,0.02150016050219353,0.017040481543769092
all_strict_sites,P35658,25,212,530,0.04627559688813378,0.02678603274244748,0.019489564145686297
all_strict_sites,P35658,30,212,530,0.053742287400518646,0.03204337125940721,0.021698916141111434
all_strict_sites,P36507,5,5,39,0.4,0.02699055330634278,0.37300944669365727
all_strict_sites,P36507,10,5,39,0.4,0.05668016194331984,0.3433198380566802
all_strict_sites,P36507,15,5,39,0.4,0.0796221322537112,0.32037786774628885
all_strict_sites,P36507,20,5,39,0.4,0.10256410256410256,0.2974358974358975
all_strict_sites,P36507,25,5,39,0.4,0.11740890688259109,0.28259109311740893
all_strict_sites,P36507,30,5,39,0.4,0.145748987854251,0.254251012145749
all_strict_sites,P37108,5,3,23,0.3333333333333333,0.09090909090909091,0.2424242424242424
all_strict_sites,P37108,10,3,23,0.6666666666666666,0.1422924901185771,0.5243741765480896
all_strict_sites,P37108,15,3,23,1.0,0.1976284584980237,0.8023715415019763
all_strict_sites,P37108,20,3,23,1.0,0.2490118577075099,0.7509881422924901
all_strict_sites,P37108,25,3,23,1.0,0.30039525691699603,0.6996047430830039
all_strict_sites,P37108,30,3,23,1.0,0.33201581027667987,0.6679841897233201
all_strict_sites,P37198,5,97,135,0.03371993127147766,0.02476506357103372,0.00895486770044394
all_strict_sites,P37198,10,97,135,0.0625,0.04787175234936429,0.014628247650635709
all_strict_sites,P37198,15,97,135,0.08891752577319588,0.07042564953012714,0.018491876243068736
all_strict_sites,P37198,20,97,135,0.1174828178694158,0.09408512990602542,0.02339768796339038
all_strict_sites,P37198,25,97,135,0.14475945017182132,0.11420674405749033,0.030552706114330988
all_strict_sites,P37198,30,97,135,0.17353951890034364,0.13565505804311775,0.03788446085722588
all_strict_sites,P37802,5,4,17,0.16666666666666666,0.04411764705882353,0.12254901960784312
all_strict_sites,P37802,10,4,17,0.16666666666666666,0.08088235294117647,0.08578431372549018
all_strict_sites,P37802,15,4,17,0.16666666666666666,0.11029411764705882,0.05637254901960784
all_strict_sites,P37802,20,4,17,0.16666666666666666,0.14705882352941177,0.019607843137254888
all_strict_sites,P37802,25,4,17,0.3333333333333333,0.2426470588235294,0.0906862745098039
all_strict_sites,P37802,30,4,17,0.3333333333333333,0.27941176470588236,0.053921568627450955
all_strict_sites,P37840,5,3,14,0.0,0.054945054945054944,-0.054945054945054944
all_strict_sites,P37840,10,3,14,0.3333333333333333,0.13186813186813187,0.20146520146520144
all_strict_sites,P37840,15,3,14,0.3333333333333333,0.24175824175824176,0.09157509157509156
all_strict_sites,P37840,20,3,14,0.3333333333333333,0.32967032967032966,0.00366300366300365
all_strict_sites,P37840,25,3,14,0.6666666666666666,0.4065934065934066,0.26007326007326004
all_strict_sites,P37840,30,3,14,0.6666666666666666,0.4725274725274725,0.19413919413919412
all_strict_sites,P38606,5,5,83,0.4,0.01616220981486923,0.3838377901851308
all_strict_sites,P38606,10,5,83,0.4,0.02791654422568322,0.3720834557743168
all_strict_sites,P38606,15,5,83,0.4,0.043491037320011756,0.3565089626799883
all_strict_sites,P38606,20,5,83,0.4,0.060534822215692036,0.33946517778430796
all_strict_sites,P38606,25,5,83,0.4,0.07669703203056127,0.32330296796943875
all_strict_sites,P38606,30,5,83,0.4,0.0905083749632677,0.30949162503673233
all_strict_sites,P39880,5,8,247,0.2857142857142857,0.008327573154274053,0.27738671256001163
all_strict_sites,P39880,10,8,247,0.5,0.0160297554392548,0.4839702445607452
all_strict_sites,P39880,15,8,247,0.7142857142857143,0.024061090813337283,0.690224623472377
all_strict_sites,P39880,20,8,247,0.9285714285714286,0.03097330568447385,0.8975981228869547
all_strict_sites,P39880,25,8,247,1.0,0.037655113393239195,0.9623448866067608
all_strict_sites,P39880,30,8,247,1.0,0.04417234455745367,0.9558276554425463
all_strict_sites,P40222,5,3,63,0.3333333333333333,0.022529441884280594,0.31080389144905274
all_strict_sites,P40222,10,3,63,0.6666666666666666,0.0409626216077829,0.6257040450588838
all_strict_sites,P40222,15,3,63,1.0,0.06041986687147977,0.9395801331285202
all_strict_sites,P40222,20,3,63,1.0,0.07629288274449565,0.9237071172555044
all_strict_sites,P40222,25,3,63,1.0,0.0967741935483871,0.9032258064516129
all_strict_sites,P40222,30,3,63,1.0,0.11571940604198669,0.8842805939580133
all_strict_sites,P40425,5,4,65,0.6666666666666666,0.03125,0.6354166666666666
all_strict_sites,P40425,10,4,65,1.0,0.05913461538461538,0.9408653846153846
all_strict_sites,P40425,15,4,65,1.0,0.08413461538461539,0.9158653846153846
all_strict_sites,P40425,20,4,65,1.0,0.10721153846153846,0.8927884615384616
all_strict_sites,P40425,25,4,65,1.0,0.12451923076923077,0.8754807692307692
all_strict_sites,P40425,30,4,65,1.0,0.1423076923076923,0.8576923076923078
all_strict_sites,P40763,5,6,98,0.6,0.01283399957921313,0.5871660004207868
all_strict_sites,P40763,10,6,98,0.8666666666666667,0.027561540079949504,0.8391051265867172
all_strict_sites,P40763,15,6,98,1.0,0.04249947401641069,0.9575005259835894
all_strict_sites,P40763,20,6,98,1.0,0.05491268672417421,0.9450873132758257
all_strict_sites,P40763,25,6,98,1.0,0.0664843256890385,0.9335156743109615
all_strict_sites,P40763,30,6,98,1.0,0.07973911213970124,0.9202608878602988
all_strict_sites,P40855,5,3,41,0.3333333333333333,0.04024390243902439,0.29308943089430894
all_strict_sites,P40855,10,3,41,0.3333333333333333,0.07804878048780488,0.2552845528455284
all_strict_sites,P40855,15,3,41,0.3333333333333333,0.11829268292682926,0.21504065040650405
all_strict_sites,P40855,20,3,41,0.3333333333333333,0.15,0.18333333333333332
all_strict_sites,P40855,25,3,41,0.3333333333333333,0.174390243902439,0.1589430894308943
all_strict_sites,P40855,30,3,41,0.3333333333333333,0.20365853658536584,0.12967479674796747
all_strict_sites,P41236,5,5,33,0.6,0.07386363636363637,0.5261363636363636
all_strict_sites,P41236,10,5,33,0.6,0.10606060606060606,0.4939393939393939
all_strict_sites,P41236,15,5,33,0.7,0.14962121212121213,0.5503787878787878
all_strict_sites,P41236,20,5,33,1.0,0.20643939393939395,0.7935606060606061
all_strict_sites,P41236,25,5,33,1.0,0.23295454545454544,0.7670454545454546
all_strict_sites,P41236,30,5,33,1.0,0.25,0.75
all_strict_sites,P41594,5,3,188,0.3333333333333333,0.010012515644555695,0.32332081768877763
all_strict_sites,P41594,10,3,188,0.3333333333333333,0.018432131072932074,0.31490120226040125
all_strict_sites,P41594,15,3,188,0.3333333333333333,0.02764819660939811,0.3056851367239352
all_strict_sites,P41594,20,3,188,0.3333333333333333,0.036807372852429174,0.2965259604809041
all_strict_sites,P41594,25,3,188,0.3333333333333333,0.044658095346455796,0.2886752379868775
all_strict_sites,P41594,30,3,188,0.3333333333333333,0.05250881784048242,0.2808245154928509
all_strict_sites,P41970,5,3,82,0.3333333333333333,0.025895814513700693,0.3074375188196326
all_strict_sites,P41970,10,3,82,0.6666666666666666,0.05389942788316772,0.6127672387834989
all_strict_sites,P41970,15,3,82,1.0,0.07919301415236375,0.9208069858476362
all_strict_sites,P41970,20,3,82,1.0,0.10448660042155977,0.8955133995784402
all_strict_sites,P41970,25,3,82,1.0,0.13128575730201747,0.8687142426979826
all_strict_sites,P41970,30,3,82,1.0,0.15868714242697982,0.8413128575730202
all_strict_sites,P42166,5,6,124,0.26666666666666666,0.015604510883818515,0.25106215578284813
all_strict_sites,P42166,10,6,124,0.4666666666666667,0.03029110936270653,0.43637555730396016
all_strict_sites,P42166,15,6,124,0.6666666666666666,0.045371098872279046,0.6212955677943875
all_strict_sites,P42166,20,6,124,0.6666666666666666,0.05966430632048256,0.607002360346184
all_strict_sites,P42166,25,6,124,0.6666666666666666,0.07461316548649358,0.5920535011801731
all_strict_sites,P42166,30,6,124,0.6666666666666666,0.08903750327825859,0.5776291633884081
all_strict_sites,P42694,5,5,264,0.0,0.0070860698237124094,-0.0070860698237124094
all_strict_sites,P42694,10,5,264,0.1,0.012184583477359142,0.08781541652264087
all_strict_sites,P42694,15,5,264,0.1,0.017427122940430924,0.08257287705956909
all_strict_sites,P42694,20,5,264,0.1,0.021863117870722433,0.07813688212927758
all_strict_sites,P42694,25,5,264,0.1,0.027105657333794216,0.07289434266620579
all_strict_sites,P42694,30,5,264,0.1,0.03229058647309598,0.06770941352690402
all_strict_sites,P42785,5,5,67,0.1,0.02125734961555857,0.07874265038444143
all_strict_sites,P42785,10,5,67,0.1,0.04115784712799638,0.058842152872003624
all_strict_sites,P42785,15,5,67,0.1,0.0642243328810493,0.03577566711895071
all_strict_sites,P42785,20,5,67,0.2,0.0877431026684758,0.1122568973315242
all_strict_sites,P42785,25,5,67,0.2,0.10628674807779286,0.09371325192220716
all_strict_sites,P42785,30,5,67,0.2,0.12754409769335143,0.07245590230664858
all_strict_sites,P42858,5,5,476,0.0,0.0037505528527200355,-0.0037505528527200355
all_strict_sites,P42858,10,5,476,0.2,0.007076514816452897,0.19292348518354713
all_strict_sites,P42858,15,5,476,0.2,0.010393631136665192,0.18960636886333482
all_strict_sites,P42858,20,5,476,0.3,0.014029190623617868,0.28597080937638214
all_strict_sites,P42858,25,5,476,0.3,0.01747014595311809,0.2825298540468819
all_strict_sites,P42858,30,5,476,0.3,0.020442282176028306,0.2795577178239717
all_strict_sites,P43155,5,3,77,1.0,0.016404647983595352,0.9835953520164047
all_strict_sites,P43155,10,3,77,1.0,0.03212576896787423,0.9678742310321258
all_strict_sites,P43155,15,3,77,1.0,0.048530416951469584,0.9514695830485305
all_strict_sites,P43155,20,3,77,1.0,0.06630211893369788,0.9336978810663021
all_strict_sites,P43155,25,3,77,1.0,0.08202323991797676,0.9179767600820232
all_strict_sites,P43155,30,3,77,1.0,0.09603554340396446,0.9039644565960355
all_strict_sites,P43243,5,10,113,0.24444444444444444,0.013432364096080911,0.2310120803483635
all_strict_sites,P43243,10,10,113,0.28888888888888886,0.026232616940581543,0.2626562719483073
all_strict_sites,P43243,15,10,113,0.35555555555555557,0.039348925410872315,0.31620663014468325
all_strict_sites,P43243,20,10,113,0.35555555555555557,0.05151706700379267,0.3040384885517629
all_strict_sites,P43243,25,10,113,0.35555555555555557,0.06289506953223767,0.2926604860233179
all_strict_sites,P43243,30,10,113,0.35555555555555557,0.0752212389380531,0.28033431661750247
all_strict_sites,P43308,5,6,27,0.26666666666666666,0.05128205128205128,0.2153846153846154
all_strict_sites,P43308,10,6,27,0.26666666666666666,0.07977207977207977,0.18689458689458688
all_strict_sites,P43308,15,6,27,0.4,0.1339031339031339,0.2660968660968661
all_strict_sites,P43308,20,6,27,0.8,0.20512820512820512,0.594871794871795
all_strict_sites,P43308,25,6,27,0.8,0.24216524216524216,0.5578347578347579
all_strict_sites,P43308,30,6,27,0.8,0.26495726495726496,0.5350427350427351
all_strict_sites,P43694,5,3,83,0.3333333333333333,0.02879811930649427,0.30453521402683903
all_strict_sites,P43694,10,3,83,0.3333333333333333,0.05700852189244784,0.2763248114408855
all_strict_sites,P43694,15,3,83,0.3333333333333333,0.08374963267704966,0.24958370065628366
all_strict_sites,P43694,20,3,83,0.3333333333333333,0.10843373493975904,0.22489959839357426
all_strict_sites,P43694,25,3,83,0.3333333333333333,0.13223626212165737,0.20109707121167594
all_strict_sites,P43694,30,3,83,0.3333333333333333,0.15750808110490744,0.17582525222842588
all_strict_sites,P46013,5,19,586,0.04093567251461988,0.0032146086753595286,0.037721063839260355
all_strict_sites,P46013,10,19,586,0.07602339181286549,0.0065167293836235814,0.06950666242924192
all_strict_sites,P46013,15,19,586,0.09941520467836257,0.00914792450628628,0.09026728017207629
all_strict_sites,P46013,20,19,586,0.10526315789473684,0.012181674980309793,0.09308148291442704
all_strict_sites,P46013,25,19,586,0.10526315789473684,0.015098742743793938,0.0901644151509429
all_strict_sites,P46013,30,19,586,0.10526315789473684,0.018389195181004056,0.08687396271373278
all_strict_sites,P46087,5,4,107,0.16666666666666666,0.015517545406453889,0.15114912126021277
all_strict_sites,P46087,10,4,107,0.16666666666666666,0.028919061893845882,0.13774760477282078
all_strict_sites,P46087,15,4,107,0.16666666666666666,0.04249691412449304,0.12416975254217362
all_strict_sites,P46087,20,4,107,0.16666666666666666,0.05254805149003703,0.11411861517662963
all_strict_sites,P46087,25,4,107,0.16666666666666666,0.0631281960853465,0.10353847058132015
all_strict_sites,P46087,30,4,107,0.16666666666666666,0.07617704108622818,0.09048962558043848
all_strict_sites,P46100,5,18,404,0.058823529411764705,0.004852222194924207,0.0539713072168405
all_strict_sites,P46100,10,18,404,0.0718954248366013,0.008930545660025059,0.06296487917657624
all_strict_sites,P46100,15,18,404,0.10457516339869281,0.012996585018303319,0.09157857838038949
all_strict_sites,P46100,20,18,404,0.1111111111111111,0.01766454561088863,0.09344656550022247
all_strict_sites,P46100,25,18,404,0.1111111111111111,0.021828857823747636,0.08928225328736347
all_strict_sites,P46100,30,18,404,0.1111111111111111,0.02628798860034887,0.08482312251076224
all_strict_sites,P46527,5,5,27,0.1,0.06267806267806268,0.037321937321937323
all_strict_sites,P46527,10,5,27,0.1,0.09971509971509972,0.0002849002849002885
all_strict_sites,P46527,15,5,27,0.1,0.150997150997151,-0.05099715099715099
all_strict_sites,P46527,20,5,27,0.1,0.2022792022792023,-0.10227920227920229
all_strict_sites,P46527,25,5,27,0.1,0.2535612535612536,-0.15356125356125358
all_strict_sites,P46527,30,5,27,0.1,0.31339031339031337,-0.21339031339031336
all_strict_sites,P46531,5,6,330,0.06666666666666667,0.003463203463203463,0.0632034632034632
all_strict_sites,P46531,10,6,330,0.06666666666666667,0.0077185226121396335,0.05894814405452703
all_strict_sites,P46531,15,6,330,0.06666666666666667,0.012305425071382518,0.054361241595284146
all_strict_sites,P46531,20,6,330,0.06666666666666667,0.016358109975131253,0.05030855669153542
all_strict_sites,P46531,25,6,330,0.06666666666666667,0.020963433729391176,0.04570323293727549
all_strict_sites,P46531,30,6,330,0.06666666666666667,0.025126646403242147,0.041540020263424515
all_strict_sites,P46937,5,6,87,0.0,0.02165196471531676,-0.02165196471531676
all_strict_sites,P46937,10,6,87,0.0,0.04170008019246191,-0.04170008019246191
all_strict_sites,P46937,15,6,87,0.06666666666666667,0.06655974338412189,0.00010692328254477412
all_strict_sites,P46937,20,6,87,0.06666666666666667,0.08981555733761026,-0.023148890670943598
all_strict_sites,P46937,25,6,87,0.06666666666666667,0.11120021384656509,-0.04453354717989842
all_strict_sites,P46937,30,6,87,0.13333333333333333,0.13445602780005347,-0.0011226944667201422
all_strict_sites,P46939,5,3,423,0.3333333333333333,0.003249190503400446,0.33008414282993287
all_strict_sites,P46939,10,3,423,0.3333333333333333,0.006162257851276708,0.3271710754820566
all_strict_sites,P46939,15,3,423,0.3333333333333333,0.009187366250994365,0.32414596708233895
all_strict_sites,P46939,20,3,423,0.3333333333333333,0.012089229493686487,0.32124410383964686
all_strict_sites,P46939,25,3,423,0.3333333333333333,0.014722194211959262,0.31861113912137407
all_strict_sites,P46939,30,3,423,0.3333333333333333,0.017792119032413477,0.31554121430091986
all_strict_sites,P46977,5,4,100,0.3333333333333333,0.014747474747474747,0.3185858585858586
all_strict_sites,P46977,10,4,100,0.6666666666666666,0.02808080808080808,0.6385858585858586
all_strict_sites,P46977,15,4,100,1.0,0.04181818181818182,0.9581818181818181
all_strict_sites,P46977,20,4,100,1.0,0.05333333333333334,0.9466666666666667
all_strict_sites,P46977,25,4,100,1.0,0.06727272727272728,0.9327272727272727
all_strict_sites,P46977,30,4,100,1.0,0.08181818181818182,0.9181818181818182
all_strict_sites,P47914,5,4,13,0.0,0.10256410256410256,-0.10256410256410256
all_strict_sites,P47914,10,4,13,0.3333333333333333,0.15384615384615385,0.17948717948717946
all_strict_sites,P47914,15,4,13,0.3333333333333333,0.1794871794871795,0.15384615384615383
all_strict_sites,P47914,20,4,13,0.3333333333333333,0.24358974358974358,0.08974358974358973
all_strict_sites,P47914,25,4,13,0.3333333333333333,0.32051282051282054,0.012820512820512775
all_strict_sites,P47914,30,4,13,0.3333333333333333,0.3333333333333333,0.0
all_strict_sites,P47985,5,3,40,1.0,0.05,0.95
all_strict_sites,P47985,10,3,40,1.0,0.07307692307692308,0.926923076923077
all_strict_sites,P47985,15,3,40,1.0,0.11153846153846154,0.8884615384615384
all_strict_sites,P47985,20,3,40,1.0,0.1576923076923077,0.8423076923076923
all_strict_sites,P47985,25,3,40,1.0,0.20512820512820512,0.7948717948717949
all_strict_sites,P47985,30,3,40,1.0,0.22948717948717948,0.7705128205128206
all_strict_sites,P48382,5,3,79,0.3333333333333333,0.017526777020447908,0.3158065563128854
all_strict_sites,P48382,10,3,79,1.0,0.033106134371957155,0.9668938656280428
all_strict_sites,P48382,15,3,79,1.0,0.04706264199935086,0.9529373580006492
all_strict_sites,P48382,20,3,79,1.0,0.06134371957156767,0.9386562804284323
all_strict_sites,P48382,25,3,79,1.0,0.0762739370334307,0.9237260629665693
all_strict_sites,P48382,30,3,79,1.0,0.09250243427458617,0.9074975657254138
all_strict_sites,P48431,5,7,50,0.47619047619047616,0.04081632653061224,0.43537414965986393
all_strict_sites,P48431,10,7,50,0.9047619047619048,0.08081632653061224,0.8239455782312926
all_strict_sites,P48431,15,7,50,1.0,0.11836734693877551,0.8816326530612245
all_strict_sites,P48431,20,7,50,1.0,0.15346938775510205,0.8465306122448979
all_strict_sites,P48431,25,7,50,1.0,0.1763265306122449,0.8236734693877551
all_strict_sites,P48431,30,7,50,1.0,0.20244897959183675,0.7975510204081633
all_strict_sites,P48634,5,8,302,0.10714285714285714,0.005698444478669336,0.1014444126641878
all_strict_sites,P48634,10,8,302,0.2857142857142857,0.010098787705441025,0.27561549800884466
all_strict_sites,P48634,15,8,302,0.32142857142857145,0.015027172119425315,0.3064013993091461
all_strict_sites,P48634,20,8,302,0.35714285714285715,0.020351587423819057,0.3367912697190381
all_strict_sites,P48634,25,8,302,0.35714285714285715,0.025455985566874215,0.3316868715759829
all_strict_sites,P48634,30,8,302,0.35714285714285715,0.030120349387252207,0.32702250775560493
all_strict_sites,P49023,5,4,88,0.16666666666666666,0.02246603970741902,0.14420062695924762
all_strict_sites,P49023,10,4,88,0.8333333333333334,0.04336468129571578,0.7899686520376176
all_strict_sites,P49023,15,4,88,0.8333333333333334,0.06426332288401254,0.7690700104493209
all_strict_sites,P49023,20,4,88,1.0,0.08568443051201671,0.9143155694879833
all_strict_sites,P49023,25,4,88,1.0,0.10370950888192268,0.8962904911180773
all_strict_sites,P49023,30,4,88,1.0,0.11990595611285267,0.8800940438871473
all_strict_sites,P49257,5,5,50,0.2,0.022040816326530613,0.1779591836734694
all_strict_sites,P49257,10,5,50,0.2,0.04,0.16
all_strict_sites,P49257,15,5,50,0.2,0.06285714285714286,0.13714285714285715
all_strict_sites,P49257,20,5,50,0.2,0.08408163265306122,0.11591836734693879
all_strict_sites,P49257,25,5,50,0.2,0.10530612244897959,0.09469387755102042
all_strict_sites,P49257,30,5,50,0.2,0.12489795918367347,0.07510204081632654
all_strict_sites,P49321,5,14,100,0.15384615384615385,0.013131313131313131,0.14071484071484072
all_strict_sites,P49321,10,14,100,0.25274725274725274,0.025656565656565655,0.22709068709068708
all_strict_sites,P49321,15,14,100,0.3076923076923077,0.03878787878787879,0.2689044289044289
all_strict_sites,P49321,20,14,100,0.38461538461538464,0.05333333333333334,0.3312820512820513
all_strict_sites,P49321,25,14,100,0.4065934065934066,0.06666666666666667,0.33992673992673994
all_strict_sites,P49321,30,14,100,0.4725274725274725,0.07858585858585859,0.3939416139416139
all_strict_sites,P49336,5,9,51,0.19444444444444445,0.029019607843137254,0.1654248366013072
all_strict_sites,P49336,10,9,51,0.3055555555555556,0.05176470588235294,0.25379084967320265
all_strict_sites,P49336,15,9,51,0.4722222222222222,0.0792156862745098,0.3930065359477124
all_strict_sites,P49336,20,9,51,0.5277777777777778,0.10980392156862745,0.41797385620915034
all_strict_sites,P49336,25,9,51,0.6111111111111112,0.12862745098039216,0.48248366013071897
all_strict_sites,P49336,30,9,51,0.6944444444444444,0.156078431372549,0.5383660130718955
all_strict_sites,P49407,5,7,44,0.047619047619047616,0.022198731501057084,0.025420316117990532
all_strict_sites,P49407,10,7,44,0.09523809523809523,0.0507399577167019,0.04449813752139333
all_strict_sites,P49407,15,7,44,0.09523809523809523,0.06553911205073996,0.02969898318735527
all_strict_sites,P49407,20,7,44,0.14285714285714285,0.08456659619450317,0.05829054666263968
all_strict_sites,P49407,25,7,44,0.14285714285714285,0.09936575052854123,0.04349139232860162
all_strict_sites,P49407,30,7,44,0.19047619047619047,0.12579281183932348,0.06468337863686699
all_strict_sites,P49454,5,3,418,0.0,0.003258637109451195,-0.003258637109451195
all_strict_sites,P49454,10,3,418,0.0,0.006574644590547658,-0.006574644590547658
all_strict_sites,P49454,15,3,418,0.0,0.010039815037921816,-0.010039815037921816
all_strict_sites,P49454,20,3,418,0.0,0.013401718816334493,-0.013401718816334493
all_strict_sites,P49454,25,3,418,0.0,0.01667183000011474,-0.01667183000011474
all_strict_sites,P49454,30,3,418,0.0,0.020194370819134166,-0.020194370819134166
all_strict_sites,P49748,5,3,75,0.0,0.015855855855855857,-0.015855855855855857
all_strict_sites,P49748,10,3,75,0.3333333333333333,0.03027027027027027,0.303063063063063
all_strict_sites,P49748,15,3,75,0.3333333333333333,0.05009009009009009,0.28324324324324324
all_strict_sites,P49748,20,3,75,0.3333333333333333,0.062342342342342344,0.270990990990991
all_strict_sites,P49748,25,3,75,0.3333333333333333,0.07567567567567568,0.25765765765765763
all_strict_sites,P49748,30,3,75,0.3333333333333333,0.0918918918918919,0.24144144144144142
all_strict_sites,P49750,5,16,268,0.075,0.006428531499804349,0.06857146850019565
all_strict_sites,P49750,10,16,268,0.13333333333333333,0.011906758343115881,0.12142657499021745
all_strict_sites,P49750,15,16,268,0.18333333333333332,0.018502990664654256,0.16483034266867908
all_strict_sites,P49750,20,16,268,0.21666666666666667,0.02428866901447817,0.1923779976521885
all_strict_sites,P49750,25,16,268,0.25,0.02895634188607524,0.22104365811392476
all_strict_sites,P49750,30,16,268,0.25833333333333336,0.03482587064676617,0.22350746268656718
all_strict_sites,P49756,5,5,68,0.2,0.016681299385425813,0.1833187006145742
all_strict_sites,P49756,10,5,68,0.4,0.03687445127304653,0.36312554872695346
all_strict_sites,P49756,15,5,68,0.6,0.05004389815627744,0.5499561018437226
all_strict_sites,P49756,20,5,68,0.6,0.06057945566286216,0.5394205443371378
all_strict_sites,P49756,25,5,68,0.6,0.07023705004389816,0.5297629499561018
all_strict_sites,P49756,30,5,68,0.8,0.08252853380158033,0.7174714661984197
all_strict_sites,P49790,5,141,400,0.019250253292806486,0.007681704260651629,0.011568549032154856
all_strict_sites,P49790,10,141,400,0.03404255319148936,0.01474937343358396,0.019293179757905402
all_strict_sites,P49790,15,141,400,0.04721377912867274,0.021779448621553885,0.02543433050711886
all_strict_sites,P49790,20,141,400,0.06109422492401216,0.02899749373433584,0.03209673118967632
all_strict_sites,P49790,25,141,400,0.07537993920972644,0.03604010025062657,0.03933983895909987
all_strict_sites,P49790,30,141,400,0.08976697061803444,0.042681704260651626,0.04708526635738282
all_strict_sites,P49792,5,55,518,0.022222222222222223,0.0035473439728758876,0.018674878249346334
all_strict_sites,P49792,10,55,518,0.03973063973063973,0.007229113612092336,0.03250152611854739
all_strict_sites,P49792,15,55,518,0.05185185185185185,0.0104478615116913,0.041403990340160554
all_strict_sites,P49792,20,55,518,0.06262626262626263,0.013778630799907396,0.04884763182635523
all_strict_sites,P49792,25,55,518,0.07003367003367003,0.01734837905050671,0.052685290983163324
all_strict_sites,P49792,30,55,518,0.07407407407407407,0.020746361171893088,0.05332771290218098
all_strict_sites,P49840,5,3,78,0.0,0.026307026307026308,-0.026307026307026308
all_strict_sites,P49840,10,3,78,0.0,0.04895104895104895,-0.04895104895104895
all_strict_sites,P49840,15,3,78,0.0,0.07226107226107226,-0.07226107226107226
all_strict_sites,P49840,20,3,78,0.0,0.0979020979020979,-0.0979020979020979
all_strict_sites,P49840,25,3,78,0.0,0.12021312021312021,-0.12021312021312021
all_strict_sites,P49840,30,3,78,0.0,0.13786213786213786,-0.13786213786213786
all_strict_sites,P49848,5,16,107,0.175,0.02204196790689473,0.15295803209310527
all_strict_sites,P49848,10,16,107,0.3,0.041791571151472404,0.25820842884852757
all_strict_sites,P49848,15,16,107,0.35833333333333334,0.06136483865279492,0.29696849468053843
all_strict_sites,P49848,20,16,107,0.375,0.08005642743784165,0.29494357256215836
all_strict_sites,P49848,25,16,107,0.38333333333333336,0.09962969493916417,0.2837036383941692
all_strict_sites,P49848,30,16,107,0.4083333333333333,0.11849761946746605,0.28983571386586726
all_strict_sites,P49916,5,5,128,0.3,0.011687992125984252,0.28831200787401573
all_strict_sites,P49916,10,5,128,0.3,0.021776574803149606,0.2782234251968504
all_strict_sites,P49916,15,5,128,0.4,0.03309547244094488,0.3669045275590551
all_strict_sites,P49916,20,5,128,0.4,0.043799212598425195,0.35620078740157485
all_strict_sites,P49916,25,5,128,0.4,0.05671751968503937,0.34328248031496067
all_strict_sites,P49916,30,5,128,0.4,0.06828248031496063,0.3317175196850394
all_strict_sites,P49959,5,3,101,0.3333333333333333,0.019405940594059406,0.3139273927392739
all_strict_sites,P49959,10,3,101,0.3333333333333333,0.03603960396039604,0.2972937293729373
all_strict_sites,P49959,15,3,101,0.3333333333333333,0.051089108910891086,0.28224422442244224
all_strict_sites,P49959,20,3,101,0.3333333333333333,0.06633663366336634,0.266996699669967
all_strict_sites,P49959,25,3,101,0.3333333333333333,0.08257425742574258,0.2507590759075907
all_strict_sites,P49959,30,3,101,0.3333333333333333,0.1,0.2333333333333333
all_strict_sites,P50402,5,9,53,0.25,0.07184325108853411,0.17815674891146588
all_strict_sites,P50402,10,9,53,0.25,0.12989840348330914,0.12010159651669086
all_strict_sites,P50402,15,9,53,0.2777777777777778,0.17706821480406387,0.10070956297371392
all_strict_sites,P50402,20,9,53,0.3333333333333333,0.21770682148040638,0.11562651185292694
all_strict_sites,P50402,25,9,53,0.3333333333333333,0.2590711175616836,0.07426221577164971
all_strict_sites,P50402,30,9,53,0.3333333333333333,0.28592162554426703,0.04741170778906628
all_strict_sites,P50416,5,3,101,0.3333333333333333,0.013069306930693069,0.32026402640264023
all_strict_sites,P50416,10,3,101,0.3333333333333333,0.02574257425742574,0.30759075907590755
all_strict_sites,P50416,15,3,101,0.3333333333333333,0.03782178217821782,0.2955115511551155
all_strict_sites,P50416,20,3,101,0.3333333333333333,0.051089108910891086,0.28224422442244224
all_strict_sites,P50416,25,3,101,0.3333333333333333,0.06455445544554456,0.26877887788778876
all_strict_sites,P50416,30,3,101,0.3333333333333333,0.07544554455445544,0.25788778877887786
all_strict_sites,P50502,5,3,23,0.0,0.03162055335968379,-0.03162055335968379
all_strict_sites,P50502,10,3,23,0.0,0.05138339920948617,-0.05138339920948617
all_strict_sites,P50502,15,3,23,0.0,0.08695652173913043,-0.08695652173913043
all_strict_sites,P50502,20,3,23,0.0,0.1225296442687747,-0.1225296442687747
all_strict_sites,P50502,25,3,23,0.0,0.1541501976284585,-0.1541501976284585
all_strict_sites,P50502,30,3,23,0.3333333333333333,0.1857707509881423,0.147562582345191
all_strict_sites,P51003,5,6,128,0.13333333333333333,0.0172244094488189,0.11610892388451444
all_strict_sites,P51003,10,6,128,0.13333333333333333,0.03543307086614173,0.0979002624671916
all_strict_sites,P51003,15,6,128,0.13333333333333333,0.05204232283464567,0.08129101049868767
all_strict_sites,P51003,20,6,128,0.13333333333333333,0.0702509842519685,0.06308234908136483
all_strict_sites,P51003,25,6,128,0.2,0.08686023622047244,0.11313976377952757
all_strict_sites,P51003,30,6,128,0.2,0.1016240157480315,0.09837598425196852
all_strict_sites,P51532,5,5,182,0.1,0.007892659826361484,0.09210734017363852
all_strict_sites,P51532,10,5,182,0.2,0.013660372776394876,0.18633962722360514
all_strict_sites,P51532,15,5,182,0.2,0.020217351709064416,0.1797826482909356
all_strict_sites,P51532,20,5,182,0.2,0.025620788051727277,0.17437921194827274
all_strict_sites,P51532,25,5,182,0.3,0.031206362698075404,0.26879363730192457
all_strict_sites,P51532,30,5,182,0.3,0.037399065023374416,0.26260093497662557
all_strict_sites,P51608,5,7,77,0.047619047619047616,0.022556390977443608,0.02506265664160401
all_strict_sites,P51608,10,7,77,0.09523809523809523,0.039986329460013674,0.05525176577808156
all_strict_sites,P51608,15,7,77,0.09523809523809523,0.06390977443609022,0.03132832080200501
all_strict_sites,P51608,20,7,77,0.19047619047619047,0.08680792891319207,0.1036682615629984
all_strict_sites,P51608,25,7,77,0.19047619047619047,0.1038961038961039,0.08658008658008656
all_strict_sites,P51608,30,7,77,0.2857142857142857,0.11995898838004102,0.16575529733424468
all_strict_sites,P51610,5,174,449,0.013886120523553253,0.0058363824371619475,0.008049738086391305
all_strict_sites,P51610,10,174,449,0.026376984917945653,0.011523623926185174,0.014853360991760479
all_strict_sites,P51610,15,174,449,0.03820344163178526,0.0166043588927776,0.02159908273900766
all_strict_sites,P51610,20,174,449,0.04916616836090625,0.02192371937639198,0.02724244898451427
all_strict_sites,P51610,25,174,449,0.06059398046641419,0.02730273623926185,0.033291244227152336
all_strict_sites,P51610,30,174,449,0.07188891103581158,0.0328706649697741,0.039018246066037474
all_strict_sites,P51659,5,4,85,0.16666666666666666,0.019327731092436976,0.14733893557422967
all_strict_sites,P51659,10,4,85,0.16666666666666666,0.031932773109243695,0.13473389355742296
all_strict_sites,P51659,15,4,85,0.16666666666666666,0.047058823529411764,0.1196078431372549
all_strict_sites,P51659,20,4,85,0.16666666666666666,0.06190476190476191,0.10476190476190475
all_strict_sites,P51659,25,4,85,0.16666666666666666,0.0773109243697479,0.08935574229691876
all_strict_sites,P51659,30,4,85,0.16666666666666666,0.09131652661064425,0.0753501400560224
all_strict_sites,P51812,5,3,86,0.0,0.012859097127222982,-0.012859097127222982
all_strict_sites,P51812,10,3,86,0.3333333333333333,0.024350205198358413,0.3089831281349749
all_strict_sites,P51812,15,3,86,0.3333333333333333,0.037482900136798905,0.2958504331965344
all_strict_sites,P51812,20,3,86,0.3333333333333333,0.048426812585499315,0.284906520747834
all_strict_sites,P51812,25,3,86,0.3333333333333333,0.06265389876880985,0.2706794345645235
all_strict_sites,P51812,30,3,86,0.3333333333333333,0.07715458276333789,0.2561787505699954
all_strict_sites,P51826,5,5,240,0.6,0.011645746164574616,0.5883542538354254
all_strict_sites,P51826,10,5,240,0.6,0.022245467224546723,0.5777545327754533
all_strict_sites,P51826,15,5,240,0.6,0.03190376569037657,0.5680962343096234
all_strict_sites,P51826,20,5,240,0.6,0.04055090655509066,0.5594490934449093
all_strict_sites,P51826,25,5,240,0.6,0.049302649930264994,0.550697350069735
all_strict_sites,P51826,30,5,240,0.6,0.05794979079497908,0.5420502092050209
all_strict_sites,P51991,5,4,37,0.5,0.028528528528528527,0.47147147147147145
all_strict_sites,P51991,10,4,37,0.5,0.057057057057057055,0.44294294294294295
all_strict_sites,P51991,15,4,37,0.5,0.08708708708708708,0.41291291291291293
all_strict_sites,P51991,20,4,37,0.5,0.11411411411411411,0.3858858858858859
all_strict_sites,P51991,25,4,37,0.5,0.13663663663663664,0.3633633633633634
all_strict_sites,P51991,30,4,37,0.5,0.16366366366366367,0.3363363363363363
all_strict_sites,P52179,5,3,248,0.3333333333333333,0.006693221888468068,0.32664011144486527
all_strict_sites,P52179,10,3,248,0.3333333333333333,0.014039441034347656,0.31929389229898564
all_strict_sites,P52179,15,3,248,0.3333333333333333,0.020993861825780332,0.312339471507553
all_strict_sites,P52179,20,3,248,0.3333333333333333,0.02762178398850725,0.3057115493448261
all_strict_sites,P52179,25,3,248,0.3333333333333333,0.034935353271516256,0.29839798006181706
all_strict_sites,P52179,30,3,248,0.3333333333333333,0.04202037351443124,0.2913129598189021
all_strict_sites,P52594,5,18,127,0.1568627450980392,0.022747156605424323,0.1341155884926149
all_strict_sites,P52594,10,18,127,0.27450980392156865,0.04024496937882765,0.234264834542741
all_strict_sites,P52594,15,18,127,0.3202614379084967,0.05874265716785402,0.26151878074064266
all_strict_sites,P52594,20,18,127,0.33986928104575165,0.07774028246469192,0.26212899858105976
all_strict_sites,P52594,25,18,127,0.33986928104575165,0.09486314210723659,0.24500613893851506
all_strict_sites,P52594,30,18,127,0.33986928104575165,0.1111111111111111,0.22875816993464054
all_strict_sites,P52597,5,3,56,0.0,0.02142857142857143,-0.02142857142857143
all_strict_sites,P52597,10,3,56,0.0,0.0512987012987013,-0.0512987012987013
all_strict_sites,P52597,15,3,56,0.0,0.07077922077922078,-0.07077922077922078
all_strict_sites,P52597,20,3,56,0.3333333333333333,0.09805194805194806,0.23528138528138526
all_strict_sites,P52597,25,3,56,0.3333333333333333,0.12012987012987013,0.21320346320346317
all_strict_sites,P52597,30,3,56,0.3333333333333333,0.14415584415584415,0.18917748917748917
all_strict_sites,P52655,5,4,39,0.16666666666666666,0.02834008097165992,0.13832658569500675
all_strict_sites,P52655,10,4,39,0.16666666666666666,0.05668016194331984,0.10998650472334681
all_strict_sites,P52655,15,4,39,0.5,0.08771929824561403,0.41228070175438597
all_strict_sites,P52655,20,4,39,0.5,0.10661268556005399,0.393387314439946
all_strict_sites,P52655,25,4,39,0.5,0.1349527665317139,0.3650472334682861
all_strict_sites,P52655,30,4,39,0.5,0.1592442645074224,0.3407557354925776
all_strict_sites,P52746,5,3,212,0.3333333333333333,0.006035947420191362,0.32729738591314195
all_strict_sites,P52746,10,3,212,0.3333333333333333,0.011267101851023876,0.32206623148230945
all_strict_sites,P52746,15,3,212,0.3333333333333333,0.01676652061164267,0.3165668127216906
all_strict_sites,P52746,20,3,212,0.3333333333333333,0.022623625145309845,0.31070970818802346
all_strict_sites,P52746,25,3,212,0.3333333333333333,0.02906196906018063,0.3042713642731527
all_strict_sites,P52746,30,3,212,0.3333333333333333,0.03474023070732361,0.2985931026260097
all_strict_sites,P52948,5,102,347,0.0207726655018443,0.006413353100897869,0.014359312400946431
all_strict_sites,P52948,10,102,347,0.0392156862745098,0.013043260981826057,0.026172425292683744
all_strict_sites,P52948,15,102,347,0.056105610561056105,0.019356665722709932,0.036748944838346176
all_strict_sites,P52948,20,102,347,0.0729955348476024,0.026153154203661443,0.04684238064394096
all_strict_sites,P52948,25,102,347,0.08619685497961561,0.032299978344521994,0.05389687663509362
all_strict_sites,P52948,30,102,347,0.09745680450397981,0.03861338308540587,0.05884342141857394
all_strict_sites,P53396,5,3,124,0.3333333333333333,0.011539470233412012,0.3217938630999213
all_strict_sites,P53396,10,3,124,0.3333333333333333,0.01980068187778652,0.3135326514555468
all_strict_sites,P53396,15,3,124,0.3333333333333333,0.03042223970626803,0.3029110936270653
all_strict_sites,P53396,20,3,124,0.3333333333333333,0.03907684238132704,0.2942564909520063
all_strict_sites,P53396,25,3,124,0.3333333333333333,0.04799370574350905,0.2853396275898243
all_strict_sites,P53396,30,3,124,0.3333333333333333,0.05664830841856806,0.27668502491476527
all_strict_sites,P53814,5,6,167,0.13333333333333333,0.016665464252218456,0.11666786908111487
all_strict_sites,P53814,10,6,167,0.2,0.03087800303008441,0.1691219969699156
all_strict_sites,P53814,15,6,167,0.2,0.045234831541735805,0.1547651684582642
all_strict_sites,P53814,20,6,167,0.2,0.05814876271553279,0.14185123728446722
all_strict_sites,P53814,25,6,167,0.2,0.07041339008729529,0.1295866099127047
all_strict_sites,P53814,30,6,167,0.2,0.08296659692662867,0.11703340307337134
all_strict_sites,P53992,5,12,148,0.06060606060606061,0.008917080345651774,0.051688980260408836
all_strict_sites,P53992,10,12,148,0.10606060606060606,0.017926089354660783,0.08813451670594528
all_strict_sites,P53992,15,12,148,0.12121212121212122,0.02730281301709873,0.09390930819502248
all_strict_sites,P53992,20,12,148,0.13636363636363635,0.0359441073726788,0.10041952899095755
all_strict_sites,P53992,25,12,148,0.15151515151515152,0.04394190108475823,0.10757325043039329
all_strict_sites,P53992,30,12,148,0.18181818181818182,0.053134767420481704,0.12868341439770012
all_strict_sites,P54253,5,9,137,0.1111111111111111,0.0111635895234006,0.0999475215877105
all_strict_sites,P54253,10,9,137,0.2222222222222222,0.0249033920137398,0.1973188302084824
all_strict_sites,P54253,15,9,137,0.25,0.035852297123228856,0.21414770287677115
all_strict_sites,P54253,20,9,137,0.3055555555555556,0.0498067840274796,0.25574877152807596
all_strict_sites,P54253,25,9,137,0.3055555555555556,0.06204379562043796,0.24351175993511762
all_strict_sites,P54253,30,9,137,0.3055555555555556,0.07363675397166165,0.23191880158389394
all_strict_sites,P54259,5,7,201,0.09523809523809523,0.012835820895522388,0.08240227434257284
all_strict_sites,P54259,10,7,201,0.09523809523809523,0.02308457711442786,0.07215351812366737
all_strict_sites,P54259,15,7,201,0.14285714285714285,0.03502487562189055,0.1078322672352523
all_strict_sites,P54259,20,7,201,0.14285714285714285,0.04462686567164179,0.09823027718550106
all_strict_sites,P54259,25,7,201,0.14285714285714285,0.05353233830845771,0.08932480454868513
all_strict_sites,P54259,30,7,201,0.14285714285714285,0.06323383084577114,0.07962331201137171
all_strict_sites,P54577,5,3,49,0.3333333333333333,0.022108843537414966,0.3112244897959183
all_strict_sites,P54577,10,3,49,0.3333333333333333,0.04081632653061224,0.2925170068027211
all_strict_sites,P54577,15,3,49,0.3333333333333333,0.06037414965986394,0.2729591836734694
all_strict_sites,P54577,20,3,49,0.3333333333333333,0.07738095238095238,0.25595238095238093
all_strict_sites,P54577,25,3,49,0.3333333333333333,0.09013605442176871,0.24319727891156462
all_strict_sites,P54577,30,3,49,0.3333333333333333,0.10459183673469388,0.22874149659863943
all_strict_sites,P54578,5,6,66,0.13333333333333333,0.02470862470862471,0.10862470862470862
all_strict_sites,P54578,10,6,66,0.3333333333333333,0.044755244755244755,0.28857808857808853
all_strict_sites,P54578,15,6,66,0.4666666666666667,0.06386946386946386,0.4027972027972028
all_strict_sites,P54578,20,6,66,0.4666666666666667,0.08298368298368299,0.3836829836829837
all_strict_sites,P54578,25,6,66,0.4666666666666667,0.10396270396270396,0.3627039627039627
all_strict_sites,P54578,30,6,66,0.4666666666666667,0.12261072261072262,0.3440559440559441
all_strict_sites,P54727,5,17,71,0.125,0.04788732394366197,0.07711267605633804
all_strict_sites,P54727,10,17,71,0.22794117647058823,0.0909456740442656,0.13699550242632264
all_strict_sites,P54727,15,17,71,0.3235294117647059,0.12193158953722334,0.20159782222748257
all_strict_sites,P54727,20,17,71,0.39705882352941174,0.15372233400402416,0.24333648952538758
all_strict_sites,P54727,25,17,71,0.4338235294117647,0.1851106639839034,0.2487128654278613
all_strict_sites,P54727,30,17,71,0.47058823529411764,0.21448692152917506,0.2561013137649426
all_strict_sites,P55196,5,4,241,0.0,0.0074343015214384505,-0.0074343015214384505
all_strict_sites,P55196,10,4,241,0.0,0.014177040110650069,-0.014177040110650069
all_strict_sites,P55196,15,4,241,0.0,0.019813278008298754,-0.019813278008298754
all_strict_sites,P55196,20,4,241,0.0,0.025899031811894884,-0.025899031811894884
all_strict_sites,P55196,25,4,241,0.0,0.03205394190871369,-0.03205394190871369
all_strict_sites,P55196,30,4,241,0.0,0.037655601659751035,-0.037655601659751035
all_strict_sites,P55197,5,9,230,0.16666666666666666,0.011391684070628441,0.15527498259603822
all_strict_sites,P55197,10,9,230,0.2222222222222222,0.022821340421492312,0.1994008818007299
all_strict_sites,P55197,15,9,230,0.25,0.03345357888741219,0.21654642111258782
all_strict_sites,P55197,20,9,230,0.25,0.043630149990506926,0.20636985000949307
all_strict_sites,P55197,25,9,230,0.25,0.05354091513195367,0.19645908486804634
all_strict_sites,P55197,30,9,230,0.25,0.06265426238845642,0.18734573761154358
all_strict_sites,P55198,5,18,218,0.10457516339869281,0.013571217181752844,0.09100394621693997
all_strict_sites,P55198,10,18,218,0.13725490196078433,0.026000930114573204,0.11125397184621112
all_strict_sites,P55198,15,18,218,0.20915032679738563,0.0379233078256458,0.17122701897173984
all_strict_sites,P55198,20,18,218,0.24836601307189543,0.049718851731281447,0.198647161340614
all_strict_sites,P55198,25,18,218,0.2875816993464052,0.061556673572062744,0.22602502577434247
all_strict_sites,P55198,30,18,218,0.3137254901960784,0.07204160148818332,0.2416838887078951
all_strict_sites,P55265,5,11,174,0.10909090909090909,0.008703740615241512,0.10038716847566757
all_strict_sites,P55265,10,11,174,0.18181818181818182,0.01707527739020663,0.16474290442797518
all_strict_sites,P55265,15,11,174,0.2,0.025646136469337586,0.17435386353066243
all_strict_sites,P55265,20,11,174,0.2,0.033419706331805195,0.16658029366819482
all_strict_sites,P55265,25,11,174,0.2,0.0424556507873231,0.1575443492126769
all_strict_sites,P55265,30,11,174,0.21818181818181817,0.05202312138728324,0.16615869679453493
all_strict_sites,P55317,5,11,89,0.10909090909090909,0.021450459652706845,0.08764044943820223
all_strict_sites,P55317,10,11,89,0.12727272727272726,0.04290091930541369,0.08437180796731357
all_strict_sites,P55317,15,11,89,0.2,0.06613891726251277,0.13386108273748726
all_strict_sites,P55317,20,11,89,0.23636363636363636,0.08529111338100102,0.15107252298263535
all_strict_sites,P55317,25,11,89,0.2545454545454545,0.1041879468845761,0.1503575076608784
all_strict_sites,P55317,30,11,89,0.2727272727272727,0.12359550561797752,0.14913176710929518
all_strict_sites,P55884,5,3,86,0.3333333333333333,0.012859097127222982,0.3204742362061103
all_strict_sites,P55884,10,3,86,0.3333333333333333,0.025444596443228454,0.3078887368901049
all_strict_sites,P55884,15,3,86,0.3333333333333333,0.038577291381668946,0.2947560419516644
all_strict_sites,P55884,20,3,86,0.3333333333333333,0.048153214774281805,0.2851801185590515
all_strict_sites,P55884,25,3,86,0.3333333333333333,0.059644322845417236,0.27368901048791605
all_strict_sites,P55884,30,3,86,0.3333333333333333,0.07387140902872777,0.2594619243046056
all_strict_sites,P56524,5,4,137,0.16666666666666666,0.011378273937312151,0.15528839272935452
all_strict_sites,P56524,10,4,137,0.16666666666666666,0.022434521253756976,0.14423214541290968
all_strict_sites,P56524,15,4,137,0.16666666666666666,0.032846715328467155,0.13381995133819952
all_strict_sites,P56524,20,4,137,0.3333333333333333,0.04368827823100043,0.2896450551023329
all_strict_sites,P56524,25,4,137,0.3333333333333333,0.05420781451266638,0.27912551882066694
all_strict_sites,P56524,30,4,137,0.3333333333333333,0.0639759553456419,0.26935737798769144
all_strict_sites,P56545,5,3,42,0.3333333333333333,0.023228803716608595,0.31010452961672474
all_strict_sites,P56545,10,3,42,0.6666666666666666,0.04529616724738676,0.6213704994192799
all_strict_sites,P56545,15,3,42,1.0,0.06504065040650407,0.9349593495934959
all_strict_sites,P56545,20,3,42,1.0,0.09291521486643438,0.9070847851335656
all_strict_sites,P56545,25,3,42,1.0,0.11614401858304298,0.883855981416957
all_strict_sites,P56545,30,3,42,1.0,0.13821138211382114,0.8617886178861789
all_strict_sites,P56715,5,6,372,0.26666666666666666,0.004956090774715242,0.2617105758919514
all_strict_sites,P56715,10,6,372,0.26666666666666666,0.009926673042923804,0.25673999362374283
all_strict_sites,P56715,15,6,372,0.26666666666666666,0.014462510506332783,0.25220415616033387
all_strict_sites,P56715,20,6,372,0.26666666666666666,0.019128771411181637,0.24753789525548503
all_strict_sites,P56715,25,6,372,0.26666666666666666,0.02375155783555053,0.24291510883111614
all_strict_sites,P56715,30,6,372,0.26666666666666666,0.028171463351012956,0.23849520331565371
all_strict_sites,P57740,5,7,118,0.14285714285714285,0.011009705924960162,0.13184743693218268
all_strict_sites,P57740,10,7,118,0.19047619047619047,0.023323192814718237,0.16715299766147224
all_strict_sites,P57740,15,7,118,0.3333333333333333,0.036071273359408955,0.29726205997392435
all_strict_sites,P57740,20,7,118,0.3333333333333333,0.048529624800811244,0.28480370853252207
all_strict_sites,P57740,25,7,118,0.3333333333333333,0.061712299000434595,0.27162103433289875
all_strict_sites,P57740,30,7,118,0.3333333333333333,0.07431551499348109,0.2590178183398522
all_strict_sites,P58876,5,3,23,0.3333333333333333,0.08695652173913043,0.24637681159420288
all_strict_sites,P58876,10,3,23,0.6666666666666666,0.14624505928853754,0.5204216073781291
all_strict_sites,P58876,15,3,23,1.0,0.1857707509881423,0.8142292490118577
all_strict_sites,P58876,20,3,23,1.0,0.233201581027668,0.766798418972332
all_strict_sites,P58876,25,3,23,1.0,0.2924901185770751,0.7075098814229249
all_strict_sites,P58876,30,3,23,1.0,0.35177865612648224,0.6482213438735178
all_strict_sites,P61769,5,3,18,1.0,0.0718954248366013,0.9281045751633987
all_strict_sites,P61769,10,3,18,1.0,0.13725490196078433,0.8627450980392157
all_strict_sites,P61769,15,3,18,1.0,0.21568627450980393,0.7843137254901961
all_strict_sites,P61769,20,3,18,1.0,0.3006535947712418,0.6993464052287581
all_strict_sites,P61769,25,3,18,1.0,0.35947712418300654,0.6405228758169934
all_strict_sites,P61769,30,3,18,1.0,0.41830065359477125,0.5816993464052287
all_strict_sites,P61927,5,3,19,1.0,0.10526315789473684,0.8947368421052632
all_strict_sites,P61927,10,3,19,1.0,0.16374269005847952,0.8362573099415205
all_strict_sites,P61927,15,3,19,1.0,0.24561403508771928,0.7543859649122807
all_strict_sites,P61927,20,3,19,1.0,0.29239766081871343,0.7076023391812866
all_strict_sites,P61927,25,3,19,1.0,0.34502923976608185,0.6549707602339181
all_strict_sites,P61927,30,3,19,1.0,0.4152046783625731,0.5847953216374269
all_strict_sites,P63261,5,4,51,0.3333333333333333,0.03058823529411765,0.3027450980392157
all_strict_sites,P63261,10,4,51,0.5,0.05803921568627451,0.4419607843137255
all_strict_sites,P63261,15,4,51,0.5,0.0792156862745098,0.4207843137254902
all_strict_sites,P63261,20,4,51,0.5,0.10509803921568628,0.3949019607843137
all_strict_sites,P63261,25,4,51,0.5,0.12392156862745098,0.37607843137254904
all_strict_sites,P63261,30,4,51,0.5,0.15058823529411763,0.34941176470588237
all_strict_sites,P67809,5,7,28,0.0,0.03968253968253968,-0.03968253968253968
all_strict_sites,P67809,10,7,28,0.047619047619047616,0.07671957671957672,-0.0291005291005291
all_strict_sites,P67809,15,7,28,0.047619047619047616,0.1164021164021164,-0.06878306878306878
all_strict_sites,P67809,20,7,28,0.047619047619047616,0.14285714285714285,-0.09523809523809523
all_strict_sites,P67809,25,7,28,0.09523809523809523,0.1746031746031746,-0.07936507936507936
all_strict_sites,P67809,30,7,28,0.09523809523809523,0.21428571428571427,-0.11904761904761904
all_strict_sites,P68104,5,5,52,0.1,0.021116138763197588,0.07888386123680241
all_strict_sites,P68104,10,5,52,0.1,0.033182503770739065,0.06681749622926095
all_strict_sites,P68104,15,5,52,0.1,0.053544494720965306,0.0464555052790347
all_strict_sites,P68104,20,5,52,0.2,0.0784313725490196,0.1215686274509804
all_strict_sites,P68104,25,5,52,0.2,0.09954751131221719,0.10045248868778282
all_strict_sites,P68104,30,5,52,0.2,0.1191553544494721,0.08084464555052791
all_strict_sites,P68363,5,3,52,0.3333333333333333,0.030165912518853696,0.3031674208144796
all_strict_sites,P68363,10,3,52,0.3333333333333333,0.05279034690799397,0.28054298642533937
all_strict_sites,P68363,15,3,52,0.3333333333333333,0.07918552036199095,0.25414781297134237
all_strict_sites,P68363,20,3,52,0.3333333333333333,0.10256410256410256,0.23076923076923075
all_strict_sites,P68363,25,3,52,0.3333333333333333,0.12066365007541478,0.21266968325791852
all_strict_sites,P68363,30,3,52,0.3333333333333333,0.14027149321266968,0.19306184012066363
all_strict_sites,P68400,5,5,38,0.6,0.034139402560455195,0.5658605974395448
all_strict_sites,P68400,10,5,38,0.6,0.07681365576102418,0.5231863442389758
all_strict_sites,P68400,15,5,38,0.6,0.11379800853485064,0.4862019914651493
all_strict_sites,P68400,20,5,38,0.6,0.1422475106685633,0.45775248933143664
all_strict_sites,P68400,25,5,38,0.6,0.17496443812233287,0.4250355618776671
all_strict_sites,P68400,30,5,38,0.6,0.19630156472261737,0.4036984352773826
all_strict_sites,P68431,5,3,15,0.3333333333333333,0.06666666666666667,0.26666666666666666
all_strict_sites,P68431,10,3,15,0.3333333333333333,0.12380952380952381,0.2095238095238095
all_strict_sites,P68431,15,3,15,0.3333333333333333,0.18095238095238095,0.15238095238095237
all_strict_sites,P68431,20,3,15,0.6666666666666666,0.23809523809523808,0.42857142857142855
all_strict_sites,P68431,25,3,15,1.0,0.3238095238095238,0.6761904761904762
all_strict_sites,P68431,30,3,15,1.0,0.41904761904761906,0.5809523809523809
all_strict_sites,P68871,5,3,12,0.0,0.10606060606060606,-0.10606060606060606
all_strict_sites,P68871,10,3,12,0.0,0.15151515151515152,-0.15151515151515152
all_strict_sites,P68871,15,3,12,0.3333333333333333,0.21212121212121213,0.12121212121212119
all_strict_sites,P68871,20,3,12,0.3333333333333333,0.22727272727272727,0.10606060606060605
all_strict_sites,P68871,25,3,12,0.6666666666666666,0.25757575757575757,0.40909090909090906
all_strict_sites,P68871,30,3,12,0.6666666666666666,0.30303030303030304,0.3636363636363636
all_strict_sites,P69905,5,3,20,0.0,0.08421052631578947,-0.08421052631578947
all_strict_sites,P69905,10,3,20,0.0,0.14210526315789473,-0.14210526315789473
all_strict_sites,P69905,15,3,20,0.0,0.2,-0.2
all_strict_sites,P69905,20,3,20,0.0,0.24736842105263157,-0.24736842105263157
all_strict_sites,P69905,25,3,20,0.0,0.2736842105263158,-0.2736842105263158
all_strict_sites,P69905,30,3,20,0.0,0.33157894736842103,-0.33157894736842103
all_strict_sites,P78316,5,3,92,0.3333333333333333,0.01051122790253225,0.3228221054308011
all_strict_sites,P78316,10,3,92,0.3333333333333333,0.022933588150979456,0.31039974518235386
all_strict_sites,P78316,15,3,92,0.3333333333333333,0.03678929765886288,0.2965440356744704
all_strict_sites,P78316,20,3,92,0.3333333333333333,0.05040611562350693,0.2829272177098264
all_strict_sites,P78316,25,3,92,0.3333333333333333,0.06258958432871477,0.27074374900461856
all_strict_sites,P78316,30,3,92,0.3333333333333333,0.07453416149068323,0.2587991718426501
all_strict_sites,P78332,5,3,140,0.3333333333333333,0.007605344295991778,0.3257279890373415
all_strict_sites,P78332,10,3,140,0.3333333333333333,0.017266187050359712,0.3160671462829736
all_strict_sites,P78332,15,3,140,0.3333333333333333,0.025385405960945528,0.3079479273723878
all_strict_sites,P78332,20,3,140,0.3333333333333333,0.03494347379239465,0.29838985954093866
all_strict_sites,P78332,25,3,140,0.3333333333333333,0.04254881808838643,0.29078451524494686
all_strict_sites,P78332,30,3,140,0.3333333333333333,0.051901336073997946,0.2814319972593354
all_strict_sites,P78347,5,4,123,0.0,0.011062241769958684,-0.011062241769958684
all_strict_sites,P78347,10,4,123,0.16666666666666666,0.022924163667866187,0.14374250299880048
all_strict_sites,P78347,15,4,123,0.16666666666666666,0.032520325203252036,0.13414634146341461
all_strict_sites,P78347,20,4,123,0.16666666666666666,0.044248967079834736,0.12241769958683192
all_strict_sites,P78347,25,4,123,0.16666666666666666,0.05304544848727176,0.1136212181793949
all_strict_sites,P78347,30,4,123,0.16666666666666666,0.062375049980008,0.10429161668665865
all_strict_sites,P78362,5,4,79,0.16666666666666666,0.021421616358325218,0.14524505030834145
all_strict_sites,P78362,10,4,79,0.5,0.038623823433950016,0.46137617656605
all_strict_sites,P78362,15,4,79,0.5,0.05387861084063616,0.44612138915936383
all_strict_sites,P78362,20,4,79,0.5,0.06978253813696851,0.4302174618630315
all_strict_sites,P78362,25,4,79,0.5,0.08373904576436222,0.4162609542356378
all_strict_sites,P78362,30,4,79,0.5,0.09899383317104836,0.4010061668289516
all_strict_sites,P78364,5,10,173,0.08888888888888889,0.012098400322624008,0.07679048856626489
all_strict_sites,P78364,10,10,173,0.1111111111111111,0.025406640677510417,0.08570447043360069
all_strict_sites,P78364,15,10,173,0.13333333333333333,0.03569028095174082,0.09764305238159252
all_strict_sites,P78364,20,10,173,0.17777777777777778,0.047654254604113454,0.13012352317366432
all_strict_sites,P78364,25,10,173,0.17777777777777778,0.05706412152170991,0.12071365625606788
all_strict_sites,P78364,30,10,173,0.17777777777777778,0.06613792176367791,0.11163985601409987
all_strict_sites,P78406,5,7,58,0.3333333333333333,0.032667876588021776,0.30066545674531153
all_strict_sites,P78406,10,7,58,0.7142857142857143,0.0647307924984876,0.6495549217872267
all_strict_sites,P78406,15,7,58,0.9047619047619048,0.09437386569872959,0.8103880390631751
all_strict_sites,P78406,20,7,58,1.0,0.1161524500907441,0.883847549909256
all_strict_sites,P78406,25,7,58,1.0,0.14216575922565033,0.8578342407743497
all_strict_sites,P78406,30,7,58,1.0,0.1736237144585602,0.8263762855414398
all_strict_sites,P78536,5,3,105,0.3333333333333333,0.01336996336996337,0.31996336996336994
all_strict_sites,P78536,10,3,105,0.3333333333333333,0.025274725274725275,0.308058608058608
all_strict_sites,P78536,15,3,105,0.3333333333333333,0.03626373626373627,0.29706959706959707
all_strict_sites,P78536,20,3,105,0.3333333333333333,0.051648351648351645,0.2816849816849817
all_strict_sites,P78536,25,3,105,0.3333333333333333,0.06501831501831502,0.2683150183150183
all_strict_sites,P78536,30,3,105,0.3333333333333333,0.07380952380952381,0.2595238095238095
all_strict_sites,P78559,5,3,420,1.0,0.00431867257642914,0.9956813274235708
all_strict_sites,P78559,10,3,420,1.0,0.00843277645186953,0.9915672235481304
all_strict_sites,P78559,15,3,420,1.0,0.012194567564495966,0.987805432435504
all_strict_sites,P78559,20,3,420,1.0,0.016274576656438233,0.9837254233435617
all_strict_sites,P78559,25,3,420,1.0,0.020297761109216956,0.979702238890783
all_strict_sites,P78559,30,3,420,1.0,0.024184566428003183,0.9758154335719968
all_strict_sites,P80303,5,3,31,0.0,0.012903225806451613,-0.012903225806451613
all_strict_sites,P80303,10,3,31,0.0,0.03655913978494624,-0.03655913978494624
all_strict_sites,P80303,15,3,31,0.0,0.06881720430107527,-0.06881720430107527
all_strict_sites,P80303,20,3,31,0.0,0.08817204301075268,-0.08817204301075268
all_strict_sites,P80303,25,3,31,0.3333333333333333,0.11182795698924732,0.221505376344086
all_strict_sites,P80303,30,3,31,0.3333333333333333,0.13333333333333333,0.19999999999999998
all_strict_sites,P80723,5,3,25,0.3333333333333333,0.06666666666666667,0.26666666666666666
all_strict_sites,P80723,10,3,25,0.3333333333333333,0.14333333333333334,0.18999999999999997
all_strict_sites,P80723,15,3,25,0.3333333333333333,0.21333333333333335,0.11999999999999997
all_strict_sites,P80723,20,3,25,0.3333333333333333,0.2733333333333333,0.06
all_strict_sites,P80723,25,3,25,0.3333333333333333,0.33,0.0033333333333332993
all_strict_sites,P80723,30,3,25,0.3333333333333333,0.39,-0.0566666666666667
all_strict_sites,P82979,5,7,27,0.3333333333333333,0.07977207977207977,0.25356125356125353
all_strict_sites,P82979,10,7,27,0.5238095238095238,0.11965811965811966,0.40415140415140416
all_strict_sites,P82979,15,7,27,0.5238095238095238,0.1396011396011396,0.3842083842083842
all_strict_sites,P82979,20,7,27,0.5238095238095238,0.1737891737891738,0.35002035002035004
all_strict_sites,P82979,25,7,27,0.5238095238095238,0.245014245014245,0.2787952787952788
all_strict_sites,P82979,30,7,27,0.5238095238095238,0.2934472934472934,0.2303622303622304
all_strict_sites,P85037,5,30,126,0.05747126436781609,0.01434920634920635,0.043122058018609744
all_strict_sites,P85037,10,30,126,0.09655172413793103,0.031492063492063495,0.06505966064586755
all_strict_sites,P85037,15,30,126,0.12413793103448276,0.044825396825396824,0.07931253420908593
all_strict_sites,P85037,20,30,126,0.1724137931034483,0.057523809523809526,0.11488998357963875
all_strict_sites,P85037,25,30,126,0.20689655172413793,0.0706031746031746,0.13629337712096334
all_strict_sites,P85037,30,30,126,0.2482758620689655,0.08368253968253968,0.16459332238642582
all_strict_sites,P98082,5,13,129,0.07692307692307693,0.015746124031007752,0.061176952892069175
all_strict_sites,P98082,10,13,129,0.11538461538461539,0.02810077519379845,0.08728384019081695
all_strict_sites,P98082,15,13,129,0.11538461538461539,0.040818798449612406,0.07456581693500298
all_strict_sites,P98082,20,13,129,0.1794871794871795,0.055232558139534885,0.1242546213476446
all_strict_sites,P98082,25,13,129,0.20512820512820512,0.0685562015503876,0.1365720035778175
all_strict_sites,P98082,30,13,129,0.21794871794871795,0.08260658914728682,0.13534212880143115
all_strict_sites,P98095,5,3,130,0.3333333333333333,0.008348240906380441,0.3249850924269529
all_strict_sites,P98095,10,3,130,0.3333333333333333,0.016696481812760882,0.3166368515205724
all_strict_sites,P98095,15,3,130,0.3333333333333333,0.02528324388789505,0.30805008944543827
all_strict_sites,P98095,20,3,130,0.3333333333333333,0.03243887895050686,0.30089445438282647
all_strict_sites,P98095,25,3,130,0.3333333333333333,0.03995229576624926,0.29338103756708406
all_strict_sites,P98095,30,3,130,0.3333333333333333,0.04746571258199165,0.28586762075134164
all_strict_sites,P98171,5,5,121,0.4,0.011983471074380166,0.38801652892561983
all_strict_sites,P98171,10,5,121,0.6,0.024931129476584022,0.5750688705234159
all_strict_sites,P98171,15,5,121,0.6,0.03636363636363636,0.5636363636363636
all_strict_sites,P98171,20,5,121,0.6,0.047658402203856746,0.5523415977961432
all_strict_sites,P98171,25,5,121,0.6,0.05674931129476584,0.5432506887052342
all_strict_sites,P98171,30,5,121,0.6,0.0662534435261708,0.5337465564738292
all_strict_sites,P98175,5,4,141,0.0,0.010233029381965552,-0.010233029381965552
all_strict_sites,P98175,10,4,141,0.0,0.022289766970618033,-0.022289766970618033
all_strict_sites,P98175,15,4,141,0.0,0.03434650455927052,-0.03434650455927052
all_strict_sites,P98175,20,4,141,0.0,0.04711246200607903,-0.04711246200607903
all_strict_sites,P98175,25,4,141,0.0,0.05825734549138804,-0.05825734549138804
all_strict_sites,P98175,30,4,141,0.0,0.06940222897669707,-0.06940222897669707
all_strict_sites,Q00535,5,4,26,0.5,0.04,0.46
all_strict_sites,Q00535,10,4,26,0.5,0.06153846153846154,0.43846153846153846
all_strict_sites,Q00535,15,4,26,0.5,0.08923076923076922,0.4107692307692308
all_strict_sites,Q00535,20,4,26,0.5,0.12,0.38
all_strict_sites,Q00535,25,4,26,0.5,0.15692307692307692,0.34307692307692306
all_strict_sites,Q00535,30,4,26,0.5,0.19692307692307692,0.3030769230769231
all_strict_sites,Q00839,5,6,67,0.26666666666666666,0.01854364540931705,0.2481230212573496
all_strict_sites,Q00839,10,6,67,0.4,0.02804161013116237,0.37195838986883767
all_strict_sites,Q00839,15,6,67,0.4,0.0407055630936228,0.35929443690637725
all_strict_sites,Q00839,20,6,67,0.4,0.053821800090456805,0.34617819990954324
all_strict_sites,Q00839,25,6,67,0.4,0.06784260515603799,0.332157394843962
all_strict_sites,Q00839,30,6,67,0.4,0.07598371777476255,0.3240162822252375
all_strict_sites,Q01082,5,22,268,0.06493506493506493,0.004919224104198111,0.06001584083086682
all_strict_sites,Q01082,10,22,268,0.1038961038961039,0.009922298619263234,0.09397380527684067
all_strict_sites,Q01082,15,22,268,0.12121212121212122,0.014589971490860306,0.10662214972126091
all_strict_sites,Q01082,20,22,268,0.14285714285714285,0.01906199340376768,0.12379514945337516
all_strict_sites,Q01082,25,22,268,0.16883116883116883,0.023897367097098776,0.14493380173407006
all_strict_sites,Q01082,30,22,268,0.1774891774891775,0.028006037229582424,0.14948314025959508
all_strict_sites,Q01167,5,7,107,0.19047619047619047,0.017457238582260625,0.17301895189392985
all_strict_sites,Q01167,10,7,107,0.47619047619047616,0.03667783459707283,0.4395126415934033
all_strict_sites,Q01167,15,7,107,0.5238095238095238,0.051666372773761245,0.4721431510357626
all_strict_sites,Q01167,20,7,107,0.5238095238095238,0.06489155351789808,0.45891797029162573
all_strict_sites,Q01167,25,7,107,0.5238095238095238,0.08093810615411744,0.4428714176554064
all_strict_sites,Q01167,30,7,107,0.5238095238095238,0.09416328689825428,0.4296462369112696
all_strict_sites,Q01196,5,8,89,0.07142857142857142,0.02170582226762002,0.0497227491609514
all_strict_sites,Q01196,10,8,89,0.17857142857142858,0.043922369765066395,0.1346490588063622
all_strict_sites,Q01196,15,8,89,0.21428571428571427,0.0669050051072523,0.14738070917846197
all_strict_sites,Q01196,20,8,89,0.25,0.0875893769152196,0.16241062308478038
all_strict_sites,Q01196,25,8,89,0.25,0.10674157303370786,0.14325842696629215
all_strict_sites,Q01196,30,8,89,0.25,0.127170582226762,0.122829417773238
all_strict_sites,Q01484,5,3,725,0.0,0.0030139074109354165,-0.0030139074109354165
all_strict_sites,Q01484,10,3,725,0.0,0.005700133358734997,-0.005700133358734997
all_strict_sites,Q01484,15,3,725,0.0,0.00855782053724519,-0.00855782053724519
all_strict_sites,Q01484,20,3,725,0.0,0.011221184987616688,-0.011221184987616688
all_strict_sites,Q01484,25,3,725,0.0,0.014162697656696513,-0.014162697656696513
all_strict_sites,Q01484,30,3,725,0.0,0.016860354353210136,-0.016860354353210136
all_strict_sites,Q01543,5,3,75,0.3333333333333333,0.024144144144144144,0.3091891891891892
all_strict_sites,Q01543,10,3,75,0.3333333333333333,0.04792792792792793,0.2854054054054054
all_strict_sites,Q01543,15,3,75,1.0,0.06918918918918919,0.9308108108108109
all_strict_sites,Q01543,20,3,75,1.0,0.08936936936936937,0.9106306306306307
all_strict_sites,Q01543,25,3,75,1.0,0.11063063063063062,0.8893693693693694
all_strict_sites,Q01543,30,3,75,1.0,0.13297297297297297,0.867027027027027
all_strict_sites,Q01664,5,7,45,0.19047619047619047,0.03232323232323232,0.15815295815295816
all_strict_sites,Q01664,10,7,45,0.2857142857142857,0.07171717171717172,0.21399711399711396
all_strict_sites,Q01664,15,7,45,0.3333333333333333,0.10606060606060606,0.22727272727272724
all_strict_sites,Q01664,20,7,45,0.47619047619047616,0.13636363636363635,0.3398268398268398
all_strict_sites,Q01664,25,7,45,0.5238095238095238,0.15656565656565657,0.36724386724386726
all_strict_sites,Q01664,30,7,45,0.5238095238095238,0.18181818181818182,0.341991341991342
all_strict_sites,Q01804,5,4,166,0.16666666666666666,0.010149689667761957,0.1565169769989047
all_strict_sites,Q01804,10,4,166,0.3333333333333333,0.020080321285140562,0.3132530120481928
all_strict_sites,Q01804,15,4,166,0.5,0.030522088353413655,0.46947791164658637
all_strict_sites,Q01804,20,4,166,0.5,0.03994158451989777,0.46005841548010223
all_strict_sites,Q01804,25,4,166,0.5,0.050018254837531945,0.449981745162468
all_strict_sites,Q01804,30,4,166,0.5,0.05914567360350493,0.4408543263964951
all_strict_sites,Q01844,5,13,103,0.01282051282051282,0.02227298686464877,-0.00945247404413595
all_strict_sites,Q01844,10,13,103,0.07692307692307693,0.04721111745669142,0.02971195946638551
all_strict_sites,Q01844,15,13,103,0.08974358974358974,0.07043594136683799,0.01930764837675175
all_strict_sites,Q01844,20,13,103,0.08974358974358974,0.09251856082238721,-0.0027749710787974696
all_strict_sites,Q01844,25,13,103,0.10256410256410256,0.11479154768703598,-0.012227445122933417
all_strict_sites,Q01844,30,13,103,0.11538461538461539,0.13801637159718255,-0.02263175621256716
all_strict_sites,Q01860,5,5,41,0.0,0.03536585365853658,-0.03536585365853658
all_strict_sites,Q01860,10,5,41,0.0,0.05365853658536585,-0.05365853658536585
all_strict_sites,Q01860,15,5,41,0.2,0.08048780487804878,0.11951219512195123
all_strict_sites,Q01860,20,5,41,0.2,0.10853658536585366,0.09146341463414635
all_strict_sites,Q01860,25,5,41,0.2,0.14390243902439023,0.05609756097560978
all_strict_sites,Q01860,30,5,41,0.2,0.16585365853658537,0.03414634146341464
all_strict_sites,Q01995,5,3,18,0.3333333333333333,0.05228758169934641,0.28104575163398693
all_strict_sites,Q01995,10,3,18,0.3333333333333333,0.0915032679738562,0.2418300653594771
all_strict_sites,Q01995,15,3,18,0.3333333333333333,0.12418300653594772,0.2091503267973856
all_strict_sites,Q01995,20,3,18,0.3333333333333333,0.1568627450980392,0.1764705882352941
all_strict_sites,Q01995,25,3,18,0.6666666666666666,0.20261437908496732,0.4640522875816993
all_strict_sites,Q01995,30,3,18,1.0,0.24183006535947713,0.7581699346405228
all_strict_sites,Q02086,5,4,107,0.16666666666666666,0.019044260271557045,0.14762240639510962
all_strict_sites,Q02086,10,4,107,0.3333333333333333,0.0338564627049903,0.299476870628343
all_strict_sites,Q02086,15,4,107,0.3333333333333333,0.04972667959795451,0.2836066537353788
all_strict_sites,Q02086,20,4,107,0.3333333333333333,0.06841826838300123,0.26491506495033207
all_strict_sites,Q02086,25,4,107,0.3333333333333333,0.08552283547875154,0.24781049785458176
all_strict_sites,Q02086,30,4,107,0.3333333333333333,0.10139305237171575,0.23194028096161756
all_strict_sites,Q02446,5,3,166,0.0,0.017889740781307048,-0.017889740781307048
all_strict_sites,Q02446,10,3,166,0.0,0.03366192040890836,-0.03366192040890836
all_strict_sites,Q02446,15,3,166,0.0,0.05045637093829865,-0.05045637093829865
all_strict_sites,Q02446,20,3,166,0.0,0.06732384081781673,-0.06732384081781673
all_strict_sites,Q02446,25,3,166,0.0,0.0823658269441402,-0.0823658269441402
all_strict_sites,Q02446,30,3,166,0.0,0.09740781307046367,-0.09740781307046367
all_strict_sites,Q02447,5,7,144,0.09523809523809523,0.014374514374514374,0.08086358086358086
all_strict_sites,Q02447,10,7,144,0.09523809523809523,0.027292152292152292,0.06794594294594294
all_strict_sites,Q02447,15,7,144,0.14285714285714285,0.04020979020979021,0.10264735264735264
all_strict_sites,Q02447,20,7,144,0.3333333333333333,0.054778554778554776,0.27855477855477856
all_strict_sites,Q02447,25,7,144,0.3333333333333333,0.06915306915306915,0.2641802641802642
all_strict_sites,Q02447,30,7,144,0.3333333333333333,0.08323620823620824,0.25009712509712506
all_strict_sites,Q02505,5,21,1648,0.14285714285714285,0.0031227710282302036,0.13973437182891266
all_strict_sites,Q02505,10,21,1648,0.2523809523809524,0.006387017289452432,0.24599393509149994
all_strict_sites,Q02505,15,21,1648,0.319047619047619,0.009647579299815493,0.30940003974780356
all_strict_sites,Q02505,20,21,1648,0.3619047619047619,0.012876456752789714,0.3490283051519722
all_strict_sites,Q02505,25,21,1648,0.3952380952380952,0.016142913564527444,0.37909518167356776
all_strict_sites,Q02505,30,21,1648,0.4,0.0193857911707665,0.3806142088292335
all_strict_sites,Q02790,5,3,46,0.3333333333333333,0.022222222222222223,0.3111111111111111
all_strict_sites,Q02790,10,3,46,0.3333333333333333,0.04927536231884058,0.2840579710144927
all_strict_sites,Q02790,15,3,46,0.3333333333333333,0.07246376811594203,0.2608695652173913
all_strict_sites,Q02790,20,3,46,0.3333333333333333,0.0927536231884058,0.24057971014492752
all_strict_sites,Q02790,25,3,46,0.3333333333333333,0.10531400966183575,0.22801932367149758
all_strict_sites,Q02790,30,3,46,0.3333333333333333,0.12657004830917876,0.20676328502415456
all_strict_sites,Q02818,5,5,33,0.5,0.022727272727272728,0.4772727272727273
all_strict_sites,Q02818,10,5,33,0.6,0.045454545454545456,0.5545454545454546
all_strict_sites,Q02818,15,5,33,0.6,0.06628787878787878,0.5337121212121212
all_strict_sites,Q02818,20,5,33,0.6,0.08143939393939394,0.518560606060606
all_strict_sites,Q02818,25,5,33,0.6,0.10037878787878787,0.49962121212121213
all_strict_sites,Q02818,30,5,33,0.6,0.11363636363636363,0.48636363636363633
all_strict_sites,Q02880,5,3,203,0.3333333333333333,0.0071209091352485,0.3262124241980848
all_strict_sites,Q02880,10,3,203,0.3333333333333333,0.01272984441301273,0.3206034889203206
all_strict_sites,Q02880,15,3,203,0.3333333333333333,0.019167926644881237,0.31416540668845205
all_strict_sites,Q02880,20,3,203,0.3333333333333333,0.025557235526508317,0.307776097806825
all_strict_sites,Q02880,25,3,203,0.3333333333333333,0.032141637809101106,0.3011916955242322
all_strict_sites,Q02880,30,3,203,0.3333333333333333,0.03877481344193533,0.294558519891398
all_strict_sites,Q03001,5,8,1049,0.07142857142857142,0.0014372102838763198,0.0699913611446951
all_strict_sites,Q03001,10,8,1049,0.07142857142857142,0.0028689628071809576,0.06855960862139046
all_strict_sites,Q03001,15,8,1049,0.07142857142857142,0.0042934383163900185,0.0671351331121814
all_strict_sites,Q03001,20,8,1049,0.10714285714285714,0.005721552332646868,0.10142130481021026
all_strict_sites,Q03001,25,8,1049,0.14285714285714285,0.007180593658809917,0.13567654919833294
all_strict_sites,Q03001,30,8,1049,0.14285714285714285,0.00851228723830038,0.13434485561884246
all_strict_sites,Q03164,5,23,795,0.043478260869565216,0.0031937645549165914,0.04028449631464862
all_strict_sites,Q03164,10,23,795,0.08695652173913043,0.006251287169494479,0.08070523456963595
all_strict_sites,Q03164,15,23,795,0.11067193675889328,0.009137715254344692,0.10153422150454859
all_strict_sites,Q03164,20,23,795,0.11067193675889328,0.01181502780286108,0.0988569089560322
all_strict_sites,Q03164,25,23,795,0.11067193675889328,0.014644424377802069,0.09602751238109121
all_strict_sites,Q03164,30,23,795,0.11857707509881422,0.017334410595187175,0.10124266450362705
all_strict_sites,Q03252,5,3,79,0.0,0.024342745861733205,-0.024342745861733205
all_strict_sites,Q03252,10,3,79,0.3333333333333333,0.04316780266147355,0.2901655306718598
all_strict_sites,Q03252,15,3,79,0.3333333333333333,0.06329113924050633,0.270042194092827
all_strict_sites,Q03252,20,3,79,0.3333333333333333,0.07822135670236936,0.25511197663096397
all_strict_sites,Q03252,25,3,79,0.3333333333333333,0.09444985394352483,0.23888347938980847
all_strict_sites,Q03252,30,3,79,0.3333333333333333,0.10678351184680299,0.22654982148653033
all_strict_sites,Q04206,5,9,70,0.08333333333333333,0.022774327122153208,0.06055900621118012
all_strict_sites,Q04206,10,9,70,0.08333333333333333,0.03850931677018633,0.044824016563146996
all_strict_sites,Q04206,15,9,70,0.16666666666666666,0.060455486542443065,0.10621118012422359
all_strict_sites,Q04206,20,9,70,0.2222222222222222,0.08115942028985507,0.14106280193236714
all_strict_sites,Q04206,25,9,70,0.2777777777777778,0.09979296066252588,0.1779848171152519
all_strict_sites,Q04206,30,9,70,0.3055555555555556,0.115527950310559,0.19002760524499657
all_strict_sites,Q04323,5,3,26,0.0,0.04923076923076923,-0.04923076923076923
all_strict_sites,Q04323,10,3,26,0.0,0.07692307692307693,-0.07692307692307693
all_strict_sites,Q04323,15,3,26,0.0,0.10461538461538461,-0.10461538461538461
all_strict_sites,Q04323,20,3,26,0.3333333333333333,0.14153846153846153,0.19179487179487179
all_strict_sites,Q04323,25,3,26,0.3333333333333333,0.18769230769230769,0.14564102564102563
all_strict_sites,Q04323,30,3,26,0.3333333333333333,0.22153846153846155,0.11179487179487177
all_strict_sites,Q04637,5,16,205,0.06666666666666667,0.007077953132472501,0.05958871353419416
all_strict_sites,Q04637,10,16,205,0.10833333333333334,0.013868962219033954,0.09446437111429938
all_strict_sites,Q04637,15,16,205,0.13333333333333333,0.020851267336202774,0.11248206599713056
all_strict_sites,Q04637,20,16,205,0.15833333333333333,0.027403156384505023,0.1309301769488283
all_strict_sites,Q04637,25,16,205,0.19166666666666668,0.03400286944045911,0.15766379722620757
all_strict_sites,Q04637,30,16,205,0.20833333333333334,0.040746054519368725,0.16758727881396462
all_strict_sites,Q04695,5,4,63,0.16666666666666666,0.02867383512544803,0.13799283154121864
all_strict_sites,Q04695,10,4,63,0.16666666666666666,0.06400409626216078,0.10266257040450588
all_strict_sites,Q04695,15,4,63,0.16666666666666666,0.09472606246799795,0.07194060419866871
all_strict_sites,Q04695,20,4,63,0.16666666666666666,0.11776753712237584,0.04889912954429082
all_strict_sites,Q04695,25,4,63,0.16666666666666666,0.1443932411674347,0.022273425499231947
all_strict_sites,Q04695,30,4,63,0.16666666666666666,0.1710189452124936,-0.004352278545826954
all_strict_sites,Q04721,5,7,316,0.09523809523809523,0.0041189471569218405,0.0911191480811734
all_strict_sites,Q04721,10,7,316,0.14285714285714285,0.009041591320072333,0.1338155515370705
all_strict_sites,Q04721,15,7,316,0.14285714285714285,0.013863773357444244,0.1289933694996986
all_strict_sites,Q04721,20,7,316,0.14285714285714285,0.018364476592324694,0.12449266626481816
all_strict_sites,Q04721,25,7,316,0.14285714285714285,0.02304601165360659,0.11981113120353626
all_strict_sites,Q04721,30,7,316,0.14285714285714285,0.027084589109905566,0.11577255374723729
all_strict_sites,Q04726,5,11,132,0.2,0.014920194309507287,0.18507980569049273
all_strict_sites,Q04726,10,11,132,0.21818181818181817,0.028105482303955587,0.19007633587786257
all_strict_sites,Q04726,15,11,132,0.21818181818181817,0.04001850566736063,0.17816331251445755
all_strict_sites,Q04726,20,11,132,0.23636363636363636,0.05597964376590331,0.18038399259773305
all_strict_sites,Q04726,25,11,132,0.2545454545454545,0.06939625260235947,0.18514920194309503
all_strict_sites,Q04726,30,11,132,0.3090909090909091,0.08177191764978024,0.22731899144112883
all_strict_sites,Q04727,5,12,124,0.09090909090909091,0.016129032258064516,0.0747800586510264
all_strict_sites,Q04727,10,12,124,0.16666666666666666,0.03015997901914503,0.13650668764752164
all_strict_sites,Q04727,15,12,124,0.21212121212121213,0.042486231313926044,0.1696349808072861
all_strict_sites,Q04727,20,12,124,0.3181818181818182,0.05927091528979806,0.2589109028920201
all_strict_sites,Q04727,25,12,124,0.42424242424242425,0.07435090479937058,0.3498915194430537
all_strict_sites,Q04727,30,12,124,0.48484848484848486,0.08772619984264358,0.3971222850058413
all_strict_sites,Q04864,5,3,97,0.0,0.02190721649484536,-0.02190721649484536
all_strict_sites,Q04864,10,3,97,0.0,0.043599656357388314,-0.043599656357388314
all_strict_sites,Q04864,15,3,97,0.6666666666666666,0.06507731958762887,0.6015893470790378
all_strict_sites,Q04864,20,3,97,0.6666666666666666,0.08483676975945018,0.5818298969072164
all_strict_sites,Q04864,25,3,97,1.0,0.10416666666666667,0.8958333333333334
all_strict_sites,Q04864,30,3,97,1.0,0.12457044673539519,0.8754295532646048
all_strict_sites,Q05209,5,6,126,0.3333333333333333,0.015492063492063493,0.3178412698412698
all_strict_sites,Q05209,10,6,126,0.5333333333333333,0.031492063492063495,0.5018412698412699
all_strict_sites,Q05209,15,6,126,0.6666666666666666,0.045587301587301586,0.621079365079365
all_strict_sites,Q05209,20,6,126,0.6666666666666666,0.059936507936507934,0.6067301587301587
all_strict_sites,Q05209,25,6,126,0.6666666666666666,0.07403174603174603,0.5926349206349206
all_strict_sites,Q05209,30,6,126,0.6666666666666666,0.08723809523809524,0.5794285714285714
all_strict_sites,Q05519,5,5,92,0.1,0.023172479694218824,0.07682752030578119
all_strict_sites,Q05519,10,5,92,0.1,0.045389393215480175,0.05461060678451983
all_strict_sites,Q05519,15,5,92,0.1,0.06450071667462971,0.03549928332537029
all_strict_sites,Q05519,20,5,92,0.1,0.08743430482560917,0.012565695174390837
all_strict_sites,Q05519,25,5,92,0.1,0.10797897754419493,-0.007978977544194923
all_strict_sites,Q05519,30,5,92,0.1,0.13115145723841376,-0.031151457238413754
all_strict_sites,Q05682,5,3,82,0.0,0.020174646190906354,-0.020174646190906354
all_strict_sites,Q05682,10,3,82,0.0,0.039144835892803376,-0.039144835892803376
all_strict_sites,Q05682,15,3,82,0.0,0.056910569105691054,-0.056910569105691054
all_strict_sites,Q05682,20,3,82,0.0,0.07527853056308341,-0.07527853056308341
all_strict_sites,Q05682,25,3,82,0.0,0.0939476061427281,-0.0939476061427281
all_strict_sites,Q05682,30,3,82,0.0,0.1102077687443541,-0.1102077687443541
all_strict_sites,Q06413,5,3,98,0.3333333333333333,0.022932884494003786,0.31040044883932955
all_strict_sites,Q06413,10,3,98,0.3333333333333333,0.04586576898800757,0.2874675643453257
all_strict_sites,Q06413,15,3,98,0.3333333333333333,0.06669471912476331,0.26663861420857
all_strict_sites,Q06413,20,3,98,0.3333333333333333,0.08857563644014307,0.24475769689319024
all_strict_sites,Q06413,25,3,98,0.3333333333333333,0.11171891436987166,0.22161441896346165
all_strict_sites,Q06413,30,3,98,0.3333333333333333,0.13486219229960025,0.19847114103373306
all_strict_sites,Q06546,5,4,55,0.16666666666666666,0.026262626262626262,0.1404040404040404
all_strict_sites,Q06546,10,4,55,0.16666666666666666,0.05185185185185185,0.11481481481481481
all_strict_sites,Q06546,15,4,55,0.3333333333333333,0.07138047138047138,0.26195286195286194
all_strict_sites,Q06546,20,4,55,0.5,0.08686868686868687,0.4131313131313131
all_strict_sites,Q06546,25,4,55,0.5,0.10303030303030303,0.396969696969697
all_strict_sites,Q06546,30,4,55,0.5,0.1259259259259259,0.3740740740740741
all_strict_sites,Q07020,5,3,23,1.0,0.05138339920948617,0.9486166007905138
all_strict_sites,Q07020,10,3,23,1.0,0.09486166007905138,0.9051383399209486
all_strict_sites,Q07020,15,3,23,1.0,0.1383399209486166,0.8616600790513834
all_strict_sites,Q07020,20,3,23,1.0,0.18181818181818182,0.8181818181818181
all_strict_sites,Q07020,25,3,23,1.0,0.28063241106719367,0.7193675889328064
all_strict_sites,Q07020,30,3,23,1.0,0.3201581027667984,0.6798418972332017
all_strict_sites,Q07065,5,3,88,0.0,0.02089864158829676,-0.02089864158829676
all_strict_sites,Q07065,10,3,88,0.0,0.03605015673981191,-0.03605015673981191
all_strict_sites,Q07065,15,3,88,0.0,0.05355276907001045,-0.05355276907001045
all_strict_sites,Q07065,20,3,88,0.0,0.07079414838035528,-0.07079414838035528
all_strict_sites,Q07065,25,3,88,0.0,0.08542319749216301,-0.08542319749216301
all_strict_sites,Q07065,30,3,88,0.0,0.09822361546499478,-0.09822361546499478
all_strict_sites,Q07157,5,9,266,0.1111111111111111,0.005419208398354376,0.10569190271275673
all_strict_sites,Q07157,10,9,266,0.1111111111111111,0.01214356646332813,0.09896754464778297
all_strict_sites,Q07157,15,9,266,0.1111111111111111,0.018413959426869058,0.09269715168424204
all_strict_sites,Q07157,20,9,266,0.1388888888888889,0.024116896013618952,0.11477199287526994
all_strict_sites,Q07157,25,9,266,0.1388888888888889,0.03021705206412257,0.10867183682476633
all_strict_sites,Q07157,30,9,266,0.1388888888888889,0.03597673428855157,0.10291215460033733
all_strict_sites,Q07666,5,11,47,0.09090909090909091,0.024051803885291396,0.06685728702379952
all_strict_sites,Q07666,10,11,47,0.2,0.05365402405180388,0.14634597594819612
all_strict_sites,Q07666,15,11,47,0.23636363636363636,0.0851063829787234,0.15125725338491297
all_strict_sites,Q07666,20,11,47,0.2545454545454545,0.1091581868640148,0.14538726768143972
all_strict_sites,Q07666,25,11,47,0.2545454545454545,0.1332099907493062,0.12133546379614832
all_strict_sites,Q07666,30,11,47,0.2545454545454545,0.15356151711378355,0.10098393743167097
all_strict_sites,Q07912,5,5,116,0.7,0.01199400299850075,0.6880059970014992
all_strict_sites,Q07912,10,5,116,1.0,0.022038980509745128,0.9779610194902548
all_strict_sites,Q07912,15,5,116,1.0,0.031784107946026985,0.968215892053973
all_strict_sites,Q07912,20,5,116,1.0,0.04332833583208396,0.956671664167916
all_strict_sites,Q07912,25,5,116,1.0,0.05172413793103448,0.9482758620689655
all_strict_sites,Q07912,30,5,116,1.0,0.060719640179910044,0.93928035982009
all_strict_sites,Q07954,5,3,568,0.0,0.002142484536850734,-0.002142484536850734
all_strict_sites,Q07954,10,3,568,0.0,0.004483692277119507,-0.004483692277119507
all_strict_sites,Q07954,15,3,568,0.0,0.006588916213329359,-0.006588916213329359
all_strict_sites,Q07954,20,3,568,0.0,0.008706560349752838,-0.008706560349752838
all_strict_sites,Q07954,25,3,568,0.0,0.010786943885535435,-0.010786943885535435
all_strict_sites,Q07954,30,3,568,0.0,0.012904588021958914,-0.012904588021958914
all_strict_sites,Q08378,5,3,201,0.0,0.008955223880597015,-0.008955223880597015
all_strict_sites,Q08378,10,3,201,0.0,0.0163681592039801,-0.0163681592039801
all_strict_sites,Q08378,15,3,201,0.0,0.02353233830845771,-0.02353233830845771
all_strict_sites,Q08378,20,3,201,0.0,0.030149253731343282,-0.030149253731343282
all_strict_sites,Q08378,25,3,201,0.0,0.03666666666666667,-0.03666666666666667
all_strict_sites,Q08378,30,3,201,0.0,0.0445273631840796,-0.0445273631840796
all_strict_sites,Q08495,5,3,72,0.0,0.03247261345852895,-0.03247261345852895
all_strict_sites,Q08495,10,3,72,0.0,0.06338028169014084,-0.06338028169014084
all_strict_sites,Q08495,15,3,72,0.0,0.09311424100156494,-0.09311424100156494
all_strict_sites,Q08495,20,3,72,0.0,0.12206572769953052,-0.12206572769953052
all_strict_sites,Q08495,25,3,72,0.0,0.14553990610328638,-0.14553990610328638
all_strict_sites,Q08495,30,3,72,0.0,0.16823161189358374,-0.16823161189358374
all_strict_sites,Q09472,5,7,318,0.0,0.004702101065412773,-0.004702101065412773
all_strict_sites,Q09472,10,7,318,0.0,0.009781163819613912,-0.009781163819613912
all_strict_sites,Q09472,15,7,318,0.0,0.014364224351725095,-0.014364224351725095
all_strict_sites,Q09472,20,7,318,0.0,0.019205206039323058,-0.019205206039323058
all_strict_sites,Q09472,25,7,318,0.0,0.02368906612701625,-0.02368906612701625
all_strict_sites,Q09472,30,7,318,0.0,0.027875324881455468,-0.027875324881455468
all_strict_sites,Q09666,5,96,427,0.0028508771929824563,0.002012072434607646,0.0008388047583748103
all_strict_sites,Q09666,10,96,427,0.004605263157894736,0.004200063770601753,0.00040519938729298346
all_strict_sites,Q09666,15,96,427,0.005482456140350877,0.0064430297632791286,-0.0009605736229282517
all_strict_sites,Q09666,20,96,427,0.006798245614035088,0.008883904520016273,-0.002085658905981185
all_strict_sites,Q09666,25,96,427,0.008114035087719297,0.011357764070763379,-0.0032437289830440814
all_strict_sites,Q09666,30,96,427,0.009429824561403509,0.0134468010247276,-0.004016976463324091
all_strict_sites,Q0JRZ9,5,4,150,0.16666666666666666,0.015480984340044742,0.1511856823266219
all_strict_sites,Q0JRZ9,10,4,150,0.16666666666666666,0.028008948545861296,0.13865771812080535
all_strict_sites,Q0JRZ9,15,4,150,0.3333333333333333,0.04196868008948546,0.29136465324384786
all_strict_sites,Q0JRZ9,20,4,150,0.3333333333333333,0.05592841163310962,0.2774049217002237
all_strict_sites,Q0JRZ9,25,4,150,0.3333333333333333,0.0683668903803132,0.26496644295302013
all_strict_sites,Q0JRZ9,30,4,150,0.3333333333333333,0.08089485458612976,0.25243847874720354
all_strict_sites,Q10471,5,4,52,0.16666666666666666,0.014328808446455505,0.15233785822021115
all_strict_sites,Q10471,10,4,52,0.3333333333333333,0.029411764705882353,0.30392156862745096
all_strict_sites,Q10471,15,4,52,0.5,0.04675716440422323,0.45324283559577677
all_strict_sites,Q10471,20,4,52,0.5,0.06711915535444947,0.43288084464555054
all_strict_sites,Q10471,25,4,52,0.5,0.08295625942684766,0.41704374057315236
all_strict_sites,Q10471,30,4,52,0.5,0.09879336349924585,0.40120663650075417
all_strict_sites,Q10713,5,3,70,0.3333333333333333,0.016149068322981366,0.31718426501035196
all_strict_sites,Q10713,10,3,70,0.3333333333333333,0.034782608695652174,0.2985507246376811
all_strict_sites,Q10713,15,3,70,0.3333333333333333,0.054244306418219465,0.27908902691511384
all_strict_sites,Q10713,20,3,70,0.3333333333333333,0.06873706004140787,0.2645962732919255
all_strict_sites,Q10713,25,3,70,0.3333333333333333,0.08944099378881988,0.24389233954451345
all_strict_sites,Q10713,30,3,70,0.3333333333333333,0.10973084886128365,0.22360248447204967
all_strict_sites,Q12768,5,3,128,0.0,0.008858267716535433,-0.008858267716535433
all_strict_sites,Q12768,10,3,128,0.3333333333333333,0.017839566929133858,0.31549376640419946
all_strict_sites,Q12768,15,3,128,0.3333333333333333,0.027559055118110236,0.30577427821522307
all_strict_sites,Q12768,20,3,128,0.3333333333333333,0.037155511811023625,0.2961778215223097
all_strict_sites,Q12768,25,3,128,0.6666666666666666,0.04601377952755906,0.6206528871391076
all_strict_sites,Q12768,30,3,128,1.0,0.054749015748031496,0.9452509842519685
all_strict_sites,Q12772,5,3,192,0.0,0.010798429319371727,-0.010798429319371727
all_strict_sites,Q12772,10,3,192,0.3333333333333333,0.0206151832460733,0.31271815008726
all_strict_sites,Q12772,15,3,192,0.3333333333333333,0.0299956369982548,0.3033376963350785
all_strict_sites,Q12772,20,3,192,0.3333333333333333,0.03943062827225131,0.293902705061082
all_strict_sites,Q12772,25,3,192,0.3333333333333333,0.04832024432809773,0.2850130890052356
all_strict_sites,Q12772,30,3,192,0.3333333333333333,0.05770069808027923,0.2756326352530541
all_strict_sites,Q12778,5,5,131,0.2,0.017028772753963594,0.18297122724603643
all_strict_sites,Q12778,10,5,131,0.3,0.03206106870229008,0.2679389312977099
all_strict_sites,Q12778,15,5,131,0.3,0.04756312389900176,0.25243687610099824
all_strict_sites,Q12778,20,5,131,0.3,0.06177334116265414,0.23822665883734584
all_strict_sites,Q12778,25,5,131,0.3,0.07833235466823253,0.22166764533176747
all_strict_sites,Q12778,30,5,131,0.3,0.09442160892542573,0.20557839107457426
all_strict_sites,Q12789,5,3,271,0.0,0.005220718873855406,-0.005220718873855406
all_strict_sites,Q12789,10,3,271,0.0,0.010332103321033211,-0.010332103321033211
all_strict_sites,Q12789,15,3,271,0.0,0.015443487768211016,-0.015443487768211016
all_strict_sites,Q12789,20,3,271,0.0,0.020390870575372422,-0.020390870575372422
all_strict_sites,Q12789,25,3,271,0.0,0.025119584529178625,-0.025119584529178625
all_strict_sites,Q12789,30,3,271,0.0,0.03001230012300123,-0.03001230012300123
all_strict_sites,Q12815,5,5,124,0.2,0.013506425386834513,0.18649357461316549
all_strict_sites,Q12815,10,5,124,0.3,0.025832677681615526,0.2741673223183845
all_strict_sites,Q12815,15,5,124,0.4,0.03907684238132704,0.360923157618673
all_strict_sites,Q12815,20,5,124,0.4,0.052321007081038554,0.3476789929189615
all_strict_sites,Q12815,25,5,124,0.4,0.06451612903225806,0.33548387096774196
all_strict_sites,Q12815,30,5,124,0.4,0.07553107789142408,0.3244689221085759
all_strict_sites,Q12830,5,80,555,0.04746835443037975,0.0047419260415650305,0.04272642838881472
all_strict_sites,Q12830,10,80,555,0.08069620253164557,0.008995999609718022,0.07170020292192755
all_strict_sites,Q12830,15,80,555,0.10189873417721519,0.012749211305167985,0.08914952287204721
all_strict_sites,Q12830,20,80,555,0.11613924050632911,0.01626825381338017,0.09987098669294894
all_strict_sites,Q12830,25,80,555,0.13164556962025317,0.01993690441343871,0.11170866520681447
all_strict_sites,Q12830,30,80,555,0.14651898734177216,0.023475461020587375,0.12304352632118479
all_strict_sites,Q12857,5,27,96,0.10541310541310542,0.02982456140350877,0.07558854400959665
all_strict_sites,Q12857,10,27,96,0.18518518518518517,0.05394736842105263,0.13123781676413254
all_strict_sites,Q12857,15,27,96,0.23931623931623933,0.07741228070175439,0.16190395861448492
all_strict_sites,Q12857,20,27,96,0.2678062678062678,0.10109649122807017,0.16670977657819763
all_strict_sites,Q12857,25,27,96,0.28774928774928776,0.12346491228070175,0.164284375468586
all_strict_sites,Q12857,30,27,96,0.3190883190883191,0.14671052631578949,0.1723777927725296
all_strict_sites,Q12882,5,4,138,0.16666666666666666,0.010472865756902571,0.1561938009097641
all_strict_sites,Q12882,10,4,138,0.16666666666666666,0.019464720194647202,0.14720194647201945
all_strict_sites,Q12882,15,4,138,0.16666666666666666,0.02824500158679784,0.1384216650798688
all_strict_sites,Q12882,20,4,138,0.16666666666666666,0.0390352269120914,0.12763143975457525
all_strict_sites,Q12882,25,4,138,0.16666666666666666,0.049190733100602985,0.11747593356606367
all_strict_sites,Q12882,30,4,138,0.16666666666666666,0.059134666243520574,0.10753200042314609
all_strict_sites,Q12888,5,6,371,0.26666666666666666,0.005521964012530051,0.2611447026541366
all_strict_sites,Q12888,10,6,371,0.4,0.01078167115902965,0.38921832884097035
all_strict_sites,Q12888,15,6,371,0.6666666666666666,0.01628906534566912,0.6503776013209975
all_strict_sites,Q12888,20,6,371,0.6666666666666666,0.021242806148466527,0.6454238605182001
all_strict_sites,Q12888,25,6,371,0.6666666666666666,0.026487943469075546,0.6401787231975911
all_strict_sites,Q12888,30,6,371,0.6666666666666666,0.03168937131201282,0.6349772953546539
all_strict_sites,Q12906,5,3,112,0.3333333333333333,0.01287001287001287,0.32046332046332043
all_strict_sites,Q12906,10,3,112,0.3333333333333333,0.023809523809523808,0.30952380952380953
all_strict_sites,Q12906,15,3,112,0.3333333333333333,0.03474903474903475,0.2985842985842986
all_strict_sites,Q12906,20,3,112,0.3333333333333333,0.0489060489060489,0.28442728442728443
all_strict_sites,Q12906,25,3,112,0.3333333333333333,0.06048906048906049,0.2728442728442728
all_strict_sites,Q12906,30,3,112,0.3333333333333333,0.07271557271557272,0.2606177606177606
all_strict_sites,Q12948,5,6,87,0.2,0.028869286287089013,0.171130713712911
all_strict_sites,Q12948,10,6,87,0.26666666666666666,0.05399625768511093,0.21267040898155573
all_strict_sites,Q12948,15,6,87,0.4,0.07377706495589414,0.3262229350441059
all_strict_sites,Q12948,20,6,87,0.5333333333333333,0.0900828655439722,0.4432504677893611
all_strict_sites,Q12948,25,6,87,0.6,0.10638866613205025,0.49361133386794975
all_strict_sites,Q12948,30,6,87,0.6666666666666666,0.12376369954557605,0.5429029671210905
all_strict_sites,Q12955,5,24,812,0.021739130434782608,0.002848760576555126,0.018890369858227483
all_strict_sites,Q12955,10,24,812,0.03260869565217391,0.005542631185728256,0.027066064466445657
all_strict_sites,Q12955,15,24,812,0.06159420289855073,0.008157538282118409,0.05343666461643232
all_strict_sites,Q12955,20,24,812,0.07608695652173914,0.010790667727612325,0.06529628879412681
all_strict_sites,Q12955,25,24,812,0.09420289855072464,0.013208166042045033,0.08099473250867961
all_strict_sites,Q12955,30,24,812,0.10869565217391304,0.015722850218364483,0.09297280195554855
all_strict_sites,Q13206,5,3,92,0.3333333333333333,0.011705685618729096,0.3216276477146042
all_strict_sites,Q13206,10,3,92,0.3333333333333333,0.023172479694218824,0.3101608536391145
all_strict_sites,Q13206,15,3,92,0.3333333333333333,0.03368370759675107,0.29964962573658227
all_strict_sites,Q13206,20,3,92,0.3333333333333333,0.046822742474916385,0.2865105908584169
all_strict_sites,Q13206,25,3,92,0.3333333333333333,0.05852842809364549,0.2748049052396878
all_strict_sites,Q13206,30,3,92,0.3333333333333333,0.0692785475394171,0.2640547857939162
all_strict_sites,Q13233,5,4,263,0.0,0.009462165849127797,-0.009462165849127797
all_strict_sites,Q13233,10,4,263,0.3333333333333333,0.01756015441325864,0.31577317892007467
all_strict_sites,Q13233,15,4,263,0.3333333333333333,0.025106667053667316,0.308226666279666
all_strict_sites,Q13233,20,4,263,0.5,0.03245000435375729,0.4675499956462427
all_strict_sites,Q13233,25,4,263,0.5,0.03944504107044379,0.4605549589295562
all_strict_sites,Q13233,30,4,263,0.6666666666666666,0.0462369024468116,0.6204297642198551
all_strict_sites,Q13243,5,3,54,0.6666666666666666,0.0573025856044724,0.6093640810621942
all_strict_sites,Q13243,10,3,54,1.0,0.11809923130677848,0.8819007686932215
all_strict_sites,Q13243,15,3,54,1.0,0.17540181691125087,0.8245981830887491
all_strict_sites,Q13243,20,3,54,1.0,0.23130677847658979,0.7686932215234102
all_strict_sites,Q13243,25,3,54,1.0,0.283717679944095,0.716282320055905
all_strict_sites,Q13243,30,3,54,1.0,0.3305380852550664,0.6694619147449337
all_strict_sites,Q13247,5,3,81,0.3333333333333333,0.035493827160493825,0.2978395061728395
all_strict_sites,Q13247,10,3,81,0.3333333333333333,0.07469135802469136,0.25864197530864197
all_strict_sites,Q13247,15,3,81,0.3333333333333333,0.11141975308641976,0.22191358024691354
all_strict_sites,Q13247,20,3,81,0.3333333333333333,0.14537037037037037,0.18796296296296294
all_strict_sites,Q13247,25,3,81,0.3333333333333333,0.17901234567901234,0.15432098765432098
all_strict_sites,Q13247,30,3,81,0.3333333333333333,0.21141975308641975,0.12191358024691357
all_strict_sites,Q13283,5,6,41,0.0,0.018292682926829267,-0.018292682926829267
all_strict_sites,Q13283,10,6,41,0.13333333333333333,0.0524390243902439,0.08089430894308944
all_strict_sites,Q13283,15,6,41,0.26666666666666666,0.07560975609756097,0.19105691056910568
all_strict_sites,Q13283,20,6,41,0.4,0.1,0.30000000000000004
all_strict_sites,Q13283,25,6,41,0.4666666666666667,0.12804878048780488,0.3386178861788618
all_strict_sites,Q13283,30,6,41,0.6,0.15365853658536585,0.4463414634146341
all_strict_sites,Q13310,5,5,65,0.2,0.014903846153846155,0.18509615384615385
all_strict_sites,Q13310,10,5,65,0.2,0.03076923076923077,0.16923076923076924
all_strict_sites,Q13310,15,5,65,0.2,0.041826923076923074,0.15817307692307694
all_strict_sites,Q13310,20,5,65,0.4,0.058653846153846154,0.34134615384615385
all_strict_sites,Q13310,25,5,65,0.4,0.06971153846153846,0.3302884615384616
all_strict_sites,Q13310,30,5,65,0.4,0.09134615384615384,0.30865384615384617
all_strict_sites,Q13315,5,6,392,0.0,0.0033274179236912156,-0.0033274179236912156
all_strict_sites,Q13315,10,6,392,0.06666666666666667,0.006720079336082259,0.05994658733058441
all_strict_sites,Q13315,15,6,392,0.06666666666666667,0.009786523304974164,0.0568801433616925
all_strict_sites,Q13315,20,6,392,0.06666666666666667,0.013113941228665379,0.053552725438001283
all_strict_sites,Q13315,25,6,392,0.06666666666666667,0.01631087217495694,0.050355794491709724
all_strict_sites,Q13315,30,6,392,0.13333333333333333,0.019507803121248498,0.11382553021208483
all_strict_sites,Q13330,5,4,90,0.3333333333333333,0.015730337078651686,0.31760299625468164
all_strict_sites,Q13330,10,4,90,0.5,0.027965043695380776,0.4720349563046192
all_strict_sites,Q13330,15,4,90,0.5,0.04469413233458177,0.45530586766541825
all_strict_sites,Q13330,20,4,90,0.5,0.05942571785268414,0.44057428214731587
all_strict_sites,Q13330,25,4,90,0.5,0.07066167290886392,0.42933832709113606
all_strict_sites,Q13330,30,4,90,0.5,0.08214731585518102,0.41785268414481896
all_strict_sites,Q13416,5,3,87,0.0,0.020315423683507083,-0.020315423683507083
all_strict_sites,Q13416,10,3,87,0.0,0.04063084736701417,-0.04063084736701417
all_strict_sites,Q13416,15,3,87,0.0,0.056669339748730285,-0.056669339748730285
all_strict_sites,Q13416,20,3,87,0.0,0.07832130446404705,-0.07832130446404705
all_strict_sites,Q13416,25,3,87,0.0,0.09863672814755413,-0.09863672814755413
all_strict_sites,Q13416,30,3,87,0.3333333333333333,0.12002138465650895,0.21331194867682435
all_strict_sites,Q13427,5,3,138,0.0,0.01682005712472231,-0.01682005712472231
all_strict_sites,Q13427,10,3,138,0.0,0.03385168729503861,-0.03385168729503861
all_strict_sites,Q13427,15,3,138,0.0,0.049190733100602985,-0.049190733100602985
all_strict_sites,Q13427,20,3,138,0.0,0.06505871152015233,-0.06505871152015233
all_strict_sites,Q13427,25,3,138,0.0,0.07743573468740082,-0.07743573468740082
all_strict_sites,Q13427,30,3,138,0.0,0.09182270178779224,-0.09182270178779224
all_strict_sites,Q13428,5,9,302,0.05555555555555555,0.00789861609205518,0.04765693946350037
all_strict_sites,Q13428,10,9,302,0.08333333333333333,0.014565136080614287,0.06876819725271904
all_strict_sites,Q13428,15,9,302,0.08333333333333333,0.02043959428835449,0.06289373904497883
all_strict_sites,Q13428,20,9,302,0.08333333333333333,0.026446062792897847,0.05688727054043548
all_strict_sites,Q13428,25,9,302,0.08333333333333333,0.03333259994279554,0.05000073339053779
all_strict_sites,Q13428,30,9,302,0.08333333333333333,0.039999119931354646,0.04333421340197868
all_strict_sites,Q13443,5,5,88,0.3,0.013061650992685475,0.2869383490073145
all_strict_sites,Q13443,10,5,88,0.3,0.023772204806687566,0.2762277951933124
all_strict_sites,Q13443,15,5,88,0.3,0.03526645768025078,0.2647335423197492
all_strict_sites,Q13443,20,5,88,0.3,0.04623824451410658,0.2537617554858934
all_strict_sites,Q13443,25,5,88,0.3,0.05512016718913271,0.24487983281086728
all_strict_sites,Q13443,30,5,88,0.3,0.06844305120167189,0.2315569487983281
all_strict_sites,Q13469,5,3,140,0.0,0.01223021582733813,-0.01223021582733813
all_strict_sites,Q13469,10,3,140,0.0,0.02353545734840699,-0.02353545734840699
all_strict_sites,Q13469,15,3,140,0.0,0.03391572456320658,-0.03391572456320658
all_strict_sites,Q13469,20,3,140,0.0,0.04409044193216855,-0.04409044193216855
all_strict_sites,Q13469,25,3,140,0.0,0.05508735868448099,-0.05508735868448099
all_strict_sites,Q13469,30,3,140,0.0,0.06536485097636177,-0.06536485097636177
all_strict_sites,Q13474,5,4,138,0.5,0.011742304030466518,0.4882576959695335
all_strict_sites,Q13474,10,4,138,0.6666666666666666,0.020311012377023166,0.6463556542896435
all_strict_sites,Q13474,15,4,138,1.0,0.030360732042737756,0.9696392679572623
all_strict_sites,Q13474,20,4,138,1.0,0.041150957368031316,0.9588490426319687
all_strict_sites,Q13474,25,4,138,1.0,0.05194118269332487,0.9480588173066751
all_strict_sites,Q13474,30,4,138,1.0,0.061356183222257485,0.9386438167777426
all_strict_sites,Q13485,5,5,77,0.3,0.02631578947368421,0.27368421052631575
all_strict_sites,Q13485,10,5,77,0.6,0.04921394395078606,0.5507860560492139
all_strict_sites,Q13485,15,5,77,0.6,0.07177033492822966,0.5282296650717703
all_strict_sites,Q13485,20,5,77,0.8,0.09227614490772386,0.7077238550922762
all_strict_sites,Q13485,25,5,77,0.9,0.11380724538619276,0.7861927546138072
all_strict_sites,Q13485,30,5,77,1.0,0.13226247436773753,0.8677375256322625
all_strict_sites,Q13492,5,27,121,0.06267806267806268,0.01859504132231405,0.04408302135574863
all_strict_sites,Q13492,10,27,121,0.1168091168091168,0.03691460055096419,0.07989451625815261
all_strict_sites,Q13492,15,27,121,0.13675213675213677,0.05192837465564738,0.08482376209648938
all_strict_sites,Q13492,20,27,121,0.15384615384615385,0.06776859504132231,0.08607755880483155
all_strict_sites,Q13492,25,27,121,0.1623931623931624,0.08360881542699725,0.07878434696616515
all_strict_sites,Q13492,30,27,121,0.1737891737891738,0.09834710743801653,0.07544206635115727
all_strict_sites,Q13495,5,12,157,0.07575757575757576,0.01633186346562143,0.05942571229195433
all_strict_sites,Q13495,10,12,157,0.09090909090909091,0.030295606728727748,0.060613484180363164
all_strict_sites,Q13495,15,12,157,0.12121212121212122,0.043769394087865426,0.07744272712425579
all_strict_sites,Q13495,20,12,157,0.13636363636363635,0.0583047525722685,0.07805888379136786
all_strict_sites,Q13495,25,12,157,0.15151515151515152,0.07128858402743753,0.08022656748771399
all_strict_sites,Q13495,30,12,157,0.15151515151515152,0.0834558223093255,0.06805932920582602
all_strict_sites,Q13506,5,3,68,0.3333333333333333,0.02502194907813872,0.3083113842551946
all_strict_sites,Q13506,10,3,68,0.3333333333333333,0.0456540825285338,0.2876792508047995
all_strict_sites,Q13506,15,3,68,0.3333333333333333,0.0697980684811238,0.2635352648522095
all_strict_sites,Q13506,20,3,68,0.3333333333333333,0.09043020193151888,0.24290313140181444
all_strict_sites,Q13506,25,3,68,0.3333333333333333,0.1093064091308165,0.2240269242025168
all_strict_sites,Q13506,30,3,68,0.3333333333333333,0.12906057945566285,0.20427275387767047
all_strict_sites,Q13523,5,3,149,0.3333333333333333,0.012243787411572647,0.32108954592176064
all_strict_sites,Q13523,10,3,149,0.3333333333333333,0.024306185380010885,0.3090271479533224
all_strict_sites,Q13523,15,3,149,0.3333333333333333,0.037184835842553964,0.29614849749077937
all_strict_sites,Q13523,20,3,149,0.3333333333333333,0.04852167603845456,0.2848116572948788
all_strict_sites,Q13523,25,3,149,0.3333333333333333,0.059495737348086344,0.273837595985247
all_strict_sites,Q13523,30,3,149,0.3333333333333333,0.07155813531652458,0.2617751980168087
all_strict_sites,Q13541,5,3,27,0.3333333333333333,0.09971509971509972,0.23361823361823358
all_strict_sites,Q13541,10,3,27,0.3333333333333333,0.1794871794871795,0.15384615384615383
all_strict_sites,Q13541,15,3,27,0.3333333333333333,0.23646723646723647,0.09686609686609685
all_strict_sites,Q13541,20,3,27,0.3333333333333333,0.2962962962962963,0.037037037037037035
all_strict_sites,Q13541,25,3,27,0.3333333333333333,0.33903133903133903,-0.005698005698005715
all_strict_sites,Q13541,30,3,27,0.3333333333333333,0.41595441595441596,-0.08262108262108264
all_strict_sites,Q13546,5,6,86,0.06666666666666667,0.018604651162790697,0.04806201550387597
all_strict_sites,Q13546,10,6,86,0.13333333333333333,0.03255813953488372,0.10077519379844961
all_strict_sites,Q13546,15,6,86,0.26666666666666666,0.047606019151846785,0.21906064751481988
all_strict_sites,Q13546,20,6,86,0.26666666666666666,0.06456908344733242,0.20209758321933424
all_strict_sites,Q13546,25,6,86,0.26666666666666666,0.08125854993160055,0.18540811673506613
all_strict_sites,Q13546,30,6,86,0.26666666666666666,0.10013679890560875,0.1665298677610579
all_strict_sites,Q13547,5,3,47,0.0,0.02312673450508788,-0.02312673450508788
all_strict_sites,Q13547,10,3,47,0.0,0.041628122109158186,-0.041628122109158186
all_strict_sites,Q13547,15,3,47,0.0,0.06290471785383904,-0.06290471785383904
all_strict_sites,Q13547,20,3,47,0.0,0.07770582793709528,-0.07770582793709528
all_strict_sites,Q13547,25,3,47,0.0,0.09158186864014801,-0.09158186864014801
all_strict_sites,Q13547,30,3,47,0.0,0.11285846438482887,-0.11285846438482887
all_strict_sites,Q13554,5,5,91,0.5,0.018803418803418803,0.4811965811965812
all_strict_sites,Q13554,10,5,91,0.8,0.03492063492063492,0.7650793650793651
all_strict_sites,Q13554,15,5,91,1.0,0.04957264957264957,0.9504273504273504
all_strict_sites,Q13554,20,5,91,1.0,0.06568986568986569,0.9343101343101343
all_strict_sites,Q13554,25,5,91,1.0,0.08205128205128205,0.9179487179487179
all_strict_sites,Q13554,30,5,91,1.0,0.09768009768009768,0.9023199023199023
all_strict_sites,Q13557,5,3,58,0.0,0.030248033877797943,-0.030248033877797943
all_strict_sites,Q13557,10,3,58,0.3333333333333333,0.043557168784029036,0.28977616454930427
all_strict_sites,Q13557,15,3,58,0.3333333333333333,0.05807622504537205,0.27525710828796124
all_strict_sites,Q13557,20,3,58,0.6666666666666666,0.0750151240169389,0.5916515426497277
all_strict_sites,Q13557,25,3,58,0.6666666666666666,0.09860859044162129,0.5680580762250453
all_strict_sites,Q13557,30,3,58,1.0,0.11796733212341198,0.882032667876588
all_strict_sites,Q13576,5,4,171,0.5,0.00674234606123151,0.49325765393876847
all_strict_sites,Q13576,10,4,171,0.5,0.014172686618507051,0.48582731338149293
all_strict_sites,Q13576,15,4,171,0.5,0.019951840385276916,0.4800481596147231
all_strict_sites,Q13576,20,4,171,0.5,0.025524595803233574,0.4744754041967664
all_strict_sites,Q13576,25,4,171,0.5,0.03199174406604747,0.4680082559339525
all_strict_sites,Q13576,30,4,171,0.5,0.038183694530443756,0.46181630546955627
all_strict_sites,Q13586,5,4,95,0.3333333333333333,0.019708846584546472,0.31362448674878685
all_strict_sites,Q13586,10,4,95,0.3333333333333333,0.03807390817469205,0.2952594251586413
all_strict_sites,Q13586,15,4,95,0.3333333333333333,0.05464725643896976,0.27868607689436353
all_strict_sites,Q13586,20,4,95,0.3333333333333333,0.0696528555431131,0.2636804777902202
all_strict_sites,Q13586,25,4,95,0.3333333333333333,0.0837625979843225,0.2495707353490108
all_strict_sites,Q13586,30,4,95,0.3333333333333333,0.09854423292273236,0.23478910041060097
all_strict_sites,Q13613,5,3,88,0.0,0.02168234064785789,-0.02168234064785789
all_strict_sites,Q13613,10,3,88,0.0,0.04101358411703239,-0.04101358411703239
all_strict_sites,Q13613,15,3,88,0.3333333333333333,0.055381400208986416,0.2779519331243469
all_strict_sites,Q13613,20,3,88,0.3333333333333333,0.06948798328108673,0.2638453500522466
all_strict_sites,Q13613,25,3,88,0.3333333333333333,0.08281086729362591,0.2505224660397074
all_strict_sites,Q13613,30,3,88,0.3333333333333333,0.09639498432601881,0.2369383490073145
all_strict_sites,Q13620,5,5,133,0.5,0.021189336978810664,0.47881066302118935
all_strict_sites,Q13620,10,5,133,0.8,0.0342902711323764,0.7657097288676237
all_strict_sites,Q13620,15,5,133,1.0,0.05092276144907724,0.9490772385509227
all_strict_sites,Q13620,20,5,133,1.0,0.06801093643198906,0.9319890635680109
all_strict_sites,Q13620,25,5,133,1.0,0.08213716108452951,0.9178628389154705
all_strict_sites,Q13620,30,5,133,1.0,0.09603554340396446,0.9039644565960355
all_strict_sites,Q13625,5,6,137,0.13333333333333333,0.010304851867754402,0.12302848146557893
all_strict_sites,Q13625,10,6,137,0.2,0.020824388149420354,0.17917561185057965
all_strict_sites,Q13625,15,6,137,0.4,0.030699871189351653,0.3693001288106484
all_strict_sites,Q13625,20,6,137,0.4,0.0399313009875483,0.3600686990124517
all_strict_sites,Q13625,25,6,137,0.4,0.05012881064834693,0.34987118935165307
all_strict_sites,Q13625,30,6,137,0.4,0.05989695148132246,0.34010304851867756
all_strict_sites,Q13769,5,5,76,0.1,0.011578947368421053,0.08842105263157896
all_strict_sites,Q13769,10,5,76,0.3,0.027017543859649124,0.2729824561403509
all_strict_sites,Q13769,15,5,76,0.3,0.04070175438596491,0.2592982456140351
all_strict_sites,Q13769,20,5,76,0.3,0.05473684210526316,0.24526315789473682
all_strict_sites,Q13769,25,5,76,0.3,0.06912280701754386,0.23087719298245613
all_strict_sites,Q13769,30,5,76,0.3,0.08280701754385965,0.21719298245614033
all_strict_sites,Q13885,5,6,59,0.13333333333333333,0.023378141437755698,0.10995519189557763
all_strict_sites,Q13885,10,6,59,0.13333333333333333,0.046171829339567504,0.08716150399376582
all_strict_sites,Q13885,15,6,59,0.13333333333333333,0.0701344243132671,0.06319890902006624
all_strict_sites,Q13885,20,6,59,0.2,0.09701928696668614,0.10298071303331387
all_strict_sites,Q13885,25,6,59,0.2,0.1163062536528346,0.08369374634716541
all_strict_sites,Q13885,30,6,59,0.2,0.13676212741087085,0.06323787258912916
all_strict_sites,Q13887,5,3,70,0.3333333333333333,0.02360248447204969,0.3097308488612836
all_strict_sites,Q13887,10,3,70,1.0,0.0443064182194617,0.9556935817805383
all_strict_sites,Q13887,15,3,70,1.0,0.06666666666666667,0.9333333333333333
all_strict_sites,Q13887,20,3,70,1.0,0.09316770186335403,0.906832298136646
all_strict_sites,Q13887,25,3,70,1.0,0.12091097308488613,0.8790890269151139
all_strict_sites,Q13887,30,3,70,1.0,0.14244306418219463,0.8575569358178053
all_strict_sites,Q13950,5,4,113,0.16666666666666666,0.02291403286978508,0.14375263379688158
all_strict_sites,Q13950,10,4,113,0.16666666666666666,0.04582806573957016,0.1208386009270965
all_strict_sites,Q13950,15,4,113,0.16666666666666666,0.06479140328697851,0.10187526337968815
all_strict_sites,Q13950,20,4,113,0.16666666666666666,0.08422882427307206,0.0824378423935946
all_strict_sites,Q13950,25,4,113,0.16666666666666666,0.10619469026548672,0.06047197640117993
all_strict_sites,Q13950,30,4,113,0.16666666666666666,0.12689633375474083,0.03977033291192583
all_strict_sites,Q13952,5,6,74,0.2,0.029248426508700482,0.17075157349129952
all_strict_sites,Q13952,10,6,74,0.3333333333333333,0.04924102184376157,0.28409231148957176
all_strict_sites,Q13952,15,6,74,0.4,0.06775268419104036,0.33224731580895966
all_strict_sites,Q13952,20,6,74,0.4,0.09255831173639392,0.30744168826360607
all_strict_sites,Q13952,25,6,74,0.4,0.11514253980007405,0.28485746019992597
all_strict_sites,Q13952,30,6,74,0.4,0.1358756016290263,0.26412439837097373
all_strict_sites,Q14004,5,10,262,0.3111111111111111,0.009417683015998362,0.30169342809511274
all_strict_sites,Q14004,10,10,262,0.4222222222222222,0.017080518265040506,0.40514170395718174
all_strict_sites,Q14004,15,10,262,0.4666666666666667,0.024977333216343482,0.4416893334503232
all_strict_sites,Q14004,20,10,262,0.4666666666666667,0.033517592348863735,0.4331490743178029
all_strict_sites,Q14004,25,10,262,0.4666666666666667,0.040566230879471206,0.4261004357871955
all_strict_sites,Q14004,30,10,262,0.4666666666666667,0.04752712702173086,0.41913953964493583
all_strict_sites,Q14008,5,3,242,0.3333333333333333,0.006652721100099448,0.32668061223323386
all_strict_sites,Q14008,10,3,242,1.0,0.012002331881622716,0.9879976681183773
all_strict_sites,Q14008,15,3,242,1.0,0.017214773155927437,0.9827852268440725
all_strict_sites,Q14008,20,3,242,1.0,0.02280443057508316,0.9771955694249168
all_strict_sites,Q14008,25,3,242,1.0,0.027571070950927607,0.9724289290490724
all_strict_sites,Q14008,30,3,242,1.0,0.03264634271801378,0.9673536572819862
all_strict_sites,Q14114,5,4,122,0.3333333333333333,0.014767646660344127,0.3185656866729892
all_strict_sites,Q14114,10,4,122,0.3333333333333333,0.02912884433003658,0.3042044890032967
all_strict_sites,Q14114,15,4,122,0.3333333333333333,0.044438422977916274,0.28889491035541703
all_strict_sites,Q14114,20,4,122,0.3333333333333333,0.05879962064760873,0.2745337126857246
all_strict_sites,Q14114,25,4,122,0.3333333333333333,0.07261888632976561,0.2607144470035677
all_strict_sites,Q14114,30,4,122,0.3333333333333333,0.08684460100257417,0.24648873233075913
all_strict_sites,Q14118,5,4,150,0.16666666666666666,0.01261744966442953,0.15404921700223712
all_strict_sites,Q14118,10,4,150,0.16666666666666666,0.026845637583892617,0.13982102908277405
all_strict_sites,Q14118,15,4,150,0.16666666666666666,0.03776286353467562,0.12890380313199104
all_strict_sites,Q14118,20,4,150,0.16666666666666666,0.05100671140939597,0.11565995525727069
all_strict_sites,Q14118,25,4,150,0.16666666666666666,0.0629082774049217,0.10375838926174495
all_strict_sites,Q14118,30,4,150,0.16666666666666666,0.07597315436241611,0.09069351230425055
all_strict_sites,Q14119,5,24,116,0.08333333333333333,0.022638680659670164,0.06069465267366317
all_strict_sites,Q14119,10,24,116,0.17391304347826086,0.048875562218890556,0.1250374812593703
all_strict_sites,Q14119,15,24,116,0.2463768115942029,0.07256371814092953,0.1738130934532734
all_strict_sites,Q14119,20,24,116,0.3079710144927536,0.09220389805097451,0.2157671164417791
all_strict_sites,Q14119,25,24,116,0.3442028985507246,0.11529235382308846,0.22891054472763617
all_strict_sites,Q14119,30,24,116,0.3804347826086957,0.1346326836581709,0.24580209895052477
all_strict_sites,Q14134,5,4,87,0.16666666666666666,0.01871157444533547,0.14795509222133119
all_strict_sites,Q14134,10,4,87,0.3333333333333333,0.039026998128842555,0.2943063352044908
all_strict_sites,Q14134,15,4,87,0.5,0.05880780539962577,0.44119219460037423
all_strict_sites,Q14134,20,4,87,0.5,0.07778668805132317,0.42221331194867684
all_strict_sites,Q14134,25,4,87,0.5,0.09730018711574445,0.40269981288425555
all_strict_sites,Q14134,30,4,87,0.5,0.11467522052927025,0.38532477947072974
all_strict_sites,Q14145,5,10,71,0.1111111111111111,0.016498993963782696,0.09461211714732841
all_strict_sites,Q14145,10,10,71,0.2,0.035412474849094565,0.16458752515090544
all_strict_sites,Q14145,15,10,71,0.26666666666666666,0.0482897384305835,0.21837692823608318
all_strict_sites,Q14145,20,10,71,0.3333333333333333,0.0647887323943662,0.26854460093896715
all_strict_sites,Q14145,25,10,71,0.35555555555555557,0.0800804828973843,0.2754750726581713
all_strict_sites,Q14145,30,10,71,0.35555555555555557,0.09215291750503019,0.2634026380505254
all_strict_sites,Q14152,5,5,107,0.1,0.009874801622288838,0.09012519837771117
all_strict_sites,Q14152,10,5,107,0.1,0.020631281960853464,0.07936871803914654
all_strict_sites,Q14152,15,5,107,0.1,0.028742726150590724,0.07125727384940928
all_strict_sites,Q14152,20,5,107,0.1,0.03491447716452125,0.06508552283547875
all_strict_sites,Q14152,25,5,107,0.1,0.04355492858402398,0.056445071415976024
all_strict_sites,Q14152,30,5,107,0.1,0.05007935108446482,0.04992064891553519
all_strict_sites,Q14157,5,91,283,0.023931623931623933,0.011502894519209082,0.012428729412414852
all_strict_sites,Q14157,10,91,283,0.03956043956043956,0.022554695135704083,0.017005744424735476
all_strict_sites,Q14157,15,91,283,0.05347985347985348,0.03297997644287397,0.02049987703697951
all_strict_sites,Q14157,20,91,283,0.06227106227106227,0.04450793173445606,0.017763130536606213
all_strict_sites,Q14157,25,91,283,0.07057387057387057,0.05508357767586397,0.015490292898006602
all_strict_sites,Q14157,30,91,283,0.08327228327228327,0.06608525674761297,0.0171870265246703
all_strict_sites,Q14160,5,3,185,0.0,0.006580493537015276,-0.006580493537015276
all_strict_sites,Q14160,10,3,185,0.0,0.01280846063454759,-0.01280846063454759
all_strict_sites,Q14160,15,3,185,0.0,0.01991774383078731,-0.01991774383078731
all_strict_sites,Q14160,20,3,185,0.0,0.02573443008225617,-0.02573443008225617
all_strict_sites,Q14160,25,3,185,0.0,0.032432432432432434,-0.032432432432432434
all_strict_sites,Q14160,30,3,185,0.0,0.03836662749706228,-0.03836662749706228
all_strict_sites,Q14161,5,5,131,0.5,0.014327657075748679,0.4856723429242513
all_strict_sites,Q14161,10,5,131,0.6,0.027950675278919555,0.5720493247210804
all_strict_sites,Q14161,15,5,131,0.9,0.042513211978860835,0.8574867880211392
all_strict_sites,Q14161,20,5,131,1.0,0.05613623018203171,0.9438637698179683
all_strict_sites,Q14161,25,5,131,1.0,0.06799765120375807,0.9320023487962419
all_strict_sites,Q14161,30,5,131,1.0,0.08009395184967703,0.919906048150323
all_strict_sites,Q14207,5,4,304,0.0,0.007056626715303109,-0.007056626715303109
all_strict_sites,Q14207,10,4,304,0.0,0.01387441375716519,-0.01387441375716519
all_strict_sites,Q14207,15,4,304,0.16666666666666666,0.020344797637658504,0.14632186902900815
all_strict_sites,Q14207,20,4,304,0.16666666666666666,0.027879103699843668,0.13878756296682299
all_strict_sites,Q14207,25,4,304,0.3333333333333333,0.03454490185860691,0.2987884314747264
all_strict_sites,Q14207,30,4,304,0.3333333333333333,0.0418186555497655,0.2915146777835678
all_strict_sites,Q14247,5,11,63,0.10909090909090909,0.015873015873015872,0.09321789321789321
all_strict_sites,Q14247,10,11,63,0.2545454545454545,0.037378392217101895,0.21716706232835262
all_strict_sites,Q14247,15,11,63,0.32727272727272727,0.055299539170506916,0.2719731881022204
all_strict_sites,Q14247,20,11,63,0.34545454545454546,0.07322068612391193,0.27223385933063354
all_strict_sites,Q14247,25,11,63,0.38181818181818183,0.09165386584741424,0.2901643159707676
all_strict_sites,Q14247,30,11,63,0.38181818181818183,0.10957501280081926,0.27224316901736256
all_strict_sites,Q14444,5,18,105,0.11764705882352941,0.017216117216117217,0.1004309416074122
all_strict_sites,Q14444,10,18,105,0.2222222222222222,0.03315018315018315,0.18907203907203907
all_strict_sites,Q14444,15,18,105,0.28104575163398693,0.04725274725274725,0.23379300438123968
all_strict_sites,Q14444,20,18,105,0.35947712418300654,0.06263736263736264,0.2968397615456439
all_strict_sites,Q14444,25,18,105,0.4117647058823529,0.07509157509157509,0.3366731307907778
all_strict_sites,Q14444,30,18,105,0.46405228758169936,0.08754578754578754,0.3765065000359118
all_strict_sites,Q14517,5,3,723,0.0,0.0022030398118029295,-0.0022030398118029295
all_strict_sites,Q14517,10,3,723,0.0,0.0043102952839622535,-0.0043102952839622535
all_strict_sites,Q14517,15,3,723,0.0,0.006371574273092646,-0.006371574273092646
all_strict_sites,Q14517,20,3,723,0.0,0.008501817986766436,-0.008501817986766436
all_strict_sites,Q14517,25,3,723,0.0,0.010612904832511504,-0.010612904832511504
all_strict_sites,Q14517,30,3,723,0.0,0.012988356455672923,-0.012988356455672923
all_strict_sites,Q14667,5,3,310,1.0,0.004885687441277795,0.9951143125587222
all_strict_sites,Q14667,10,3,310,1.0,0.009207641716254307,0.9907923582837457
all_strict_sites,Q14667,15,3,310,1.0,0.013863660089779727,0.9861363399102203
all_strict_sites,Q14667,20,3,310,1.0,0.018060340327800396,0.9819396596721996
all_strict_sites,Q14667,25,3,310,1.0,0.02282075373212235,0.9771792462678777
all_strict_sites,Q14667,30,3,310,1.0,0.027393256081010543,0.9726067439189895
all_strict_sites,Q14671,5,15,164,0.18095238095238095,0.01204548855304504,0.1689068923993359
all_strict_sites,Q14671,10,15,164,0.34285714285714286,0.02364207691156666,0.3192150659455762
all_strict_sites,Q14671,15,15,164,0.4380952380952381,0.03471494837647763,0.40338028971876044
all_strict_sites,Q14671,20,15,164,0.49523809523809526,0.04638635343408649,0.4488517418040088
all_strict_sites,Q14671,25,15,164,0.5238095238095238,0.05798294179260811,0.46582658201691574
all_strict_sites,Q14671,30,15,164,0.5428571428571428,0.0695047134520425,0.4733524294051003
all_strict_sites,Q14676,5,11,399,0.10909090909090909,0.00516366292615962,0.10392724616474946
all_strict_sites,Q14676,10,11,399,0.16363636363636364,0.010692560547096384,0.15294380308926725
all_strict_sites,Q14676,15,11,399,0.2545454545454545,0.01656150426317049,0.23798395028228403
all_strict_sites,Q14676,20,11,399,0.3090909090909091,0.022027430385007745,0.2870634787059013
all_strict_sites,Q14676,25,11,399,0.32727272727272727,0.02722887621062707,0.3000438510621002
all_strict_sites,Q14676,30,11,399,0.32727272727272727,0.03312300852634098,0.2941497187463863
all_strict_sites,Q14677,5,4,120,0.3333333333333333,0.01750700280112045,0.3158263305322129
all_strict_sites,Q14677,10,4,120,0.5,0.035854341736694675,0.46414565826330534
all_strict_sites,Q14677,15,4,120,0.5,0.05546218487394958,0.4445378151260504
all_strict_sites,Q14677,20,4,120,0.5,0.0726890756302521,0.4273109243697479
all_strict_sites,Q14677,25,4,120,0.5,0.09019607843137255,0.40980392156862744
all_strict_sites,Q14677,30,4,120,0.5,0.10938375350140056,0.39061624649859944
all_strict_sites,Q14678,5,3,228,0.0,0.009428858489836926,-0.009428858489836926
all_strict_sites,Q14678,10,3,228,0.3333333333333333,0.01820078831439833,0.315132545018935
all_strict_sites,Q14678,15,3,228,0.3333333333333333,0.025890717984388283,0.307442615348945
all_strict_sites,Q14678,20,3,228,0.3333333333333333,0.033426076203725175,0.29990725712960814
all_strict_sites,Q14678,25,3,228,0.3333333333333333,0.040613648659092665,0.29271968467424064
all_strict_sites,Q14678,30,3,228,0.3333333333333333,0.047260221037174435,0.2860731122961589
all_strict_sites,Q14683,5,3,100,0.0,0.00909090909090909,-0.00909090909090909
all_strict_sites,Q14683,10,3,100,0.0,0.01818181818181818,-0.01818181818181818
all_strict_sites,Q14683,15,3,100,0.0,0.02707070707070707,-0.02707070707070707
all_strict_sites,Q14683,20,3,100,0.0,0.03636363636363636,-0.03636363636363636
all_strict_sites,Q14683,25,3,100,0.0,0.04404040404040404,-0.04404040404040404
all_strict_sites,Q14683,30,3,100,0.0,0.0496969696969697,-0.0496969696969697
all_strict_sites,Q14684,5,9,105,0.3333333333333333,0.016483516483516484,0.31684981684981683
all_strict_sites,Q14684,10,9,105,0.4166666666666667,0.026923076923076925,0.38974358974358975
all_strict_sites,Q14684,15,9,105,0.4166666666666667,0.03882783882783883,0.37783882783882783
all_strict_sites,Q14684,20,9,105,0.4166666666666667,0.052564102564102565,0.36410256410256414
all_strict_sites,Q14684,25,9,105,0.4166666666666667,0.06648351648351648,0.3501831501831502
all_strict_sites,Q14684,30,9,105,0.4166666666666667,0.07967032967032966,0.336996336996337
all_strict_sites,Q14686,5,25,350,0.05,0.005550552599263201,0.0444494474007368
all_strict_sites,Q14686,10,25,350,0.08666666666666667,0.011117478510028653,0.07554918815663801
all_strict_sites,Q14686,15,25,350,0.10333333333333333,0.01673352435530086,0.08659980897803247
all_strict_sites,Q14686,20,25,350,0.11666666666666667,0.02238231682357757,0.0942843498430891
all_strict_sites,Q14686,25,25,350,0.13,0.027720016373311503,0.1022799836266885
all_strict_sites,Q14686,30,25,350,0.14666666666666667,0.03310683585755219,0.11355983080911447
all_strict_sites,Q14687,5,11,174,0.05454545454545454,0.010829845193010432,0.04371560935244411
all_strict_sites,Q14687,10,11,174,0.10909090909090909,0.021526808849910303,0.08756410024099878
all_strict_sites,Q14687,15,11,174,0.16363636363636364,0.031094279449870442,0.1325420841864932
all_strict_sites,Q14687,20,11,174,0.16363636363636364,0.03893429008039333,0.12470207355597031
all_strict_sites,Q14687,25,11,174,0.18181818181818182,0.04770447146369012,0.1341137103544917
all_strict_sites,Q14687,30,11,174,0.21818181818181817,0.056673975151152745,0.16150784303066543
all_strict_sites,Q14814,5,13,89,0.15384615384615385,0.020684371807967315,0.13316178203818654
all_strict_sites,Q14814,10,13,89,0.3076923076923077,0.04417773237997957,0.26351457531232814
all_strict_sites,Q14814,15,13,89,0.3717948717948718,0.0658835546475996,0.3059113171472722
all_strict_sites,Q14814,20,13,89,0.4358974358974359,0.08656792645556691,0.349329509441869
all_strict_sites,Q14814,25,13,89,0.46153846153846156,0.10495403472931562,0.3565844268091459
all_strict_sites,Q14814,30,13,89,0.46153846153846156,0.12512768130745658,0.336410780231005
all_strict_sites,Q14847,5,4,28,0.16666666666666666,0.037037037037037035,0.12962962962962962
all_strict_sites,Q14847,10,4,28,0.16666666666666666,0.05291005291005291,0.11375661375661375
all_strict_sites,Q14847,15,4,28,0.5,0.082010582010582,0.417989417989418
all_strict_sites,Q14847,20,4,28,0.6666666666666666,0.13227513227513227,0.5343915343915344
all_strict_sites,Q14847,25,4,28,0.6666666666666666,0.17195767195767195,0.49470899470899465
all_strict_sites,Q14847,30,4,28,1.0,0.20634920634920634,0.7936507936507937
all_strict_sites,Q14865,5,3,178,0.3333333333333333,0.00831587634101441,0.32501745699231893
all_strict_sites,Q14865,10,3,178,1.0,0.016758712626166444,0.9832412873738335
all_strict_sites,Q14865,15,3,178,1.0,0.02494762902304323,0.9750523709769567
all_strict_sites,Q14865,20,3,178,1.0,0.03364438519647051,0.9663556148035295
all_strict_sites,Q14865,25,3,178,1.0,0.041515901733003235,0.9584840982669968
all_strict_sites,Q14865,30,3,178,1.0,0.05091093759918745,0.9490890624008126
all_strict_sites,Q14966,5,9,330,0.19444444444444445,0.005305332964907433,0.18913911147953702
all_strict_sites,Q14966,10,9,330,0.4166666666666667,0.010850142765036382,0.4058165239016303
all_strict_sites,Q14966,15,9,330,0.5555555555555556,0.016063369254858618,0.539492186300697
all_strict_sites,Q14966,20,9,330,0.5833333333333334,0.021700285530072763,0.5616330478032606
all_strict_sites,Q14966,25,9,330,0.6666666666666666,0.027024039789997237,0.6396426268766694
all_strict_sites,Q14966,30,9,330,0.7222222222222222,0.031997789444597954,0.6902244327776242
all_strict_sites,Q14980,5,19,265,0.05847953216374269,0.005660377358490566,0.05281915480525212
all_strict_sites,Q14980,10,19,265,0.08187134502923976,0.011663807890222984,0.07020753713901678
all_strict_sites,Q14980,15,19,265,0.1111111111111111,0.01700971983990852,0.09410139127120258
all_strict_sites,Q14980,20,19,265,0.1111111111111111,0.022355631789594054,0.08875547932151705
all_strict_sites,Q14980,25,19,265,0.1111111111111111,0.027101200686106348,0.08400991042500476
all_strict_sites,Q14980,30,19,265,0.1111111111111111,0.03261863922241281,0.07849247188869829
all_strict_sites,Q15021,5,3,166,0.3333333333333333,0.006863818912011683,0.3264695144213216
all_strict_sites,Q15021,10,3,166,0.3333333333333333,0.013946695874406717,0.3193866374589266
all_strict_sites,Q15021,15,3,166,0.3333333333333333,0.02117561153705732,0.312157721796276
all_strict_sites,Q15021,20,3,166,0.3333333333333333,0.028258488499452356,0.305074844833881
all_strict_sites,Q15021,25,3,166,0.3333333333333333,0.03687477181453085,0.29645856151880245
all_strict_sites,Q15021,30,3,166,0.3333333333333333,0.043227455275648044,0.2901058780576853
all_strict_sites,Q15042,5,3,115,1.0,0.010373760488176963,0.989626239511823
all_strict_sites,Q15042,10,3,115,1.0,0.02181540808543097,0.9781845919145691
all_strict_sites,Q15042,15,3,115,1.0,0.032646834477498096,0.967353165522502
all_strict_sites,Q15042,20,3,115,1.0,0.04317315026697178,0.9568268497330282
all_strict_sites,Q15042,25,3,115,1.0,0.05217391304347826,0.9478260869565217
all_strict_sites,Q15042,30,3,115,1.0,0.06102212051868802,0.938977879481312
all_strict_sites,Q15056,5,4,29,0.16666666666666666,0.022167487684729065,0.1444991789819376
all_strict_sites,Q15056,10,4,29,0.16666666666666666,0.07635467980295567,0.09031198686371099
all_strict_sites,Q15056,15,4,29,0.16666666666666666,0.11330049261083744,0.05336617405582922
all_strict_sites,Q15056,20,4,29,0.16666666666666666,0.15517241379310345,0.011494252873563204
all_strict_sites,Q15056,25,4,29,0.3333333333333333,0.1896551724137931,0.14367816091954022
all_strict_sites,Q15056,30,4,29,0.3333333333333333,0.22413793103448276,0.10919540229885055
all_strict_sites,Q15058,5,6,258,0.2,0.0067565529514674386,0.19324344704853258
all_strict_sites,Q15058,10,6,258,0.2,0.013663921817030134,0.18633607818296988
all_strict_sites,Q15058,15,6,258,0.2,0.02039031158567852,0.17960968841432148
all_strict_sites,Q15058,20,6,258,0.2,0.026935722257412604,0.1730642777425874
all_strict_sites,Q15058,25,6,258,0.2,0.03314933791813712,0.1668506620818629
all_strict_sites,Q15058,30,6,258,0.26666666666666666,0.03960425904141405,0.22706240762525262
all_strict_sites,Q15067,5,3,82,0.3333333333333333,0.012044564890093345,0.32128876844323995
all_strict_sites,Q15067,10,3,82,0.3333333333333333,0.028906955736224028,0.3044263775971093
all_strict_sites,Q15067,15,3,82,0.3333333333333333,0.044866004215597714,0.2884673291177356
all_strict_sites,Q15067,20,3,82,0.3333333333333333,0.06142728093947606,0.27190605239385723
all_strict_sites,Q15067,25,3,82,0.3333333333333333,0.07437518819632641,0.2589581451370069
all_strict_sites,Q15067,30,3,82,0.3333333333333333,0.09003312255344775,0.24330021077988556
all_strict_sites,Q15075,5,3,168,0.0,0.006558311947533505,-0.006558311947533505
all_strict_sites,Q15075,10,3,168,0.0,0.013401767892785858,-0.013401767892785858
all_strict_sites,Q15075,15,3,168,0.0,0.020601653835186768,-0.020601653835186768
all_strict_sites,Q15075,20,3,168,0.0,0.02765896777872826,-0.02765896777872826
all_strict_sites,Q15075,25,3,168,0.0,0.03435985172512119,-0.03435985172512119
all_strict_sites,Q15075,30,3,168,0.0,0.04134587966923296,-0.04134587966923296
all_strict_sites,Q15111,5,3,129,0.3333333333333333,0.009205426356589148,0.32412790697674415
all_strict_sites,Q15111,10,3,129,0.3333333333333333,0.019743217054263566,0.31359011627906974
all_strict_sites,Q15111,15,3,129,0.3333333333333333,0.028585271317829456,0.30474806201550386
all_strict_sites,Q15111,20,3,129,0.3333333333333333,0.03657945736434109,0.2967538759689922
all_strict_sites,Q15111,25,3,129,0.3333333333333333,0.04578488372093023,0.2875484496124031
all_strict_sites,Q15111,30,3,129,0.3333333333333333,0.05390019379844961,0.2794331395348837
all_strict_sites,Q15149,5,11,472,0.03636363636363636,0.0026809169095685344,0.033682719454067825
all_strict_sites,Q15149,10,11,472,0.05454545454545454,0.005451797473820576,0.04909365707163397
all_strict_sites,Q15149,15,11,472,0.05454545454545454,0.008141710748857462,0.04640374379659708
all_strict_sites,Q15149,20,11,472,0.05454545454545454,0.010723667638274138,0.0438217869071804
all_strict_sites,Q15149,25,11,472,0.05454545454545454,0.013143689949260498,0.041401764596194046
all_strict_sites,Q15149,30,11,472,0.05454545454545454,0.015725646838677176,0.03881980770677737
all_strict_sites,Q15154,5,4,329,0.5,0.005819556675809919,0.4941804433241901
all_strict_sites,Q15154,10,4,329,0.5,0.010953369412113573,0.48904663058788644
all_strict_sites,Q15154,15,4,329,0.5,0.016457854548150345,0.48354214545184965
all_strict_sites,Q15154,20,4,329,0.5,0.021480465564534066,0.4785195344354659
all_strict_sites,Q15154,25,4,329,0.5,0.02626213952109126,0.47373786047890876
all_strict_sites,Q15154,30,4,329,0.5,0.0310252798576618,0.4689747201423382
all_strict_sites,Q15233,5,3,34,0.0,0.030303030303030304,-0.030303030303030304
all_strict_sites,Q15233,10,3,34,0.3333333333333333,0.062388591800356503,0.2709447415329768
all_strict_sites,Q15233,15,3,34,0.3333333333333333,0.0873440285204991,0.2459893048128342
all_strict_sites,Q15233,20,3,34,0.3333333333333333,0.11051693404634581,0.2228163992869875
all_strict_sites,Q15233,25,3,34,0.3333333333333333,0.1319073083778966,0.2014260249554367
all_strict_sites,Q15233,30,3,34,0.3333333333333333,0.15151515151515152,0.1818181818181818
all_strict_sites,Q15365,5,3,60,0.3333333333333333,0.0288135593220339,0.3045197740112994
all_strict_sites,Q15365,10,3,60,0.3333333333333333,0.05367231638418079,0.2796610169491525
all_strict_sites,Q15365,15,3,60,0.3333333333333333,0.07796610169491526,0.25536723163841807
all_strict_sites,Q15365,20,3,60,0.3333333333333333,0.10338983050847457,0.22994350282485876
all_strict_sites,Q15365,25,3,60,0.3333333333333333,0.12598870056497175,0.20734463276836157
all_strict_sites,Q15365,30,3,60,0.3333333333333333,0.15084745762711865,0.18248587570621466
all_strict_sites,Q15413,5,3,560,0.0,0.002300025555839509,-0.002300025555839509
all_strict_sites,Q15413,10,3,560,0.3333333333333333,0.0043636595962177355,0.32896967373711555
all_strict_sites,Q15413,15,3,560,0.3333333333333333,0.0064081267569639664,0.32692520657636936
all_strict_sites,Q15413,20,3,560,0.3333333333333333,0.008305647840531562,0.32502768549280175
all_strict_sites,Q15413,25,3,560,0.3333333333333333,0.010388448760541784,0.3229448845727915
all_strict_sites,Q15413,30,3,560,0.3333333333333333,0.012369026322514694,0.32096430701081863
all_strict_sites,Q15418,5,4,89,0.16666666666666666,0.012002042900919305,0.15466462376574736
all_strict_sites,Q15418,10,4,89,0.16666666666666666,0.025280898876404494,0.14138576779026216
all_strict_sites,Q15418,15,4,89,0.3333333333333333,0.03958120531154239,0.2937521280217909
all_strict_sites,Q15418,20,4,89,0.5,0.05286006128702758,0.4471399387129724
all_strict_sites,Q15418,25,4,89,0.5,0.06716036772216548,0.4328396322778345
all_strict_sites,Q15418,30,4,89,0.5,0.08043922369765066,0.41956077630234934
all_strict_sites,Q15434,5,3,77,0.3333333333333333,0.02734107997265892,0.30599225336067437
all_strict_sites,Q15434,10,3,77,0.6666666666666666,0.054340396445659606,0.612326270221007
all_strict_sites,Q15434,15,3,77,1.0,0.0758714969241285,0.9241285030758715
all_strict_sites,Q15434,20,3,77,1.0,0.09876965140123035,0.9012303485987696
all_strict_sites,Q15434,25,3,77,1.0,0.12406015037593984,0.8759398496240601
all_strict_sites,Q15434,30,3,77,1.0,0.15037593984962405,0.849624060150376
all_strict_sites,Q15436,5,6,99,0.0,0.011750154607297465,-0.011750154607297465
all_strict_sites,Q15436,10,6,99,0.06666666666666667,0.021026592455163882,0.04564007421150278
all_strict_sites,Q15436,15,6,99,0.13333333333333333,0.03710575139146568,0.09622758194186765
all_strict_sites,Q15436,20,6,99,0.13333333333333333,0.04803133374561946,0.08530199958771387
all_strict_sites,Q15436,25,6,99,0.13333333333333333,0.05916305916305916,0.07417027417027416
all_strict_sites,Q15436,30,6,99,0.13333333333333333,0.07379921665635951,0.05953411667697382
all_strict_sites,Q15437,5,8,91,0.14285714285714285,0.011721611721611722,0.1311355311355311
all_strict_sites,Q15437,10,8,91,0.14285714285714285,0.022222222222222223,0.12063492063492062
all_strict_sites,Q15437,15,8,91,0.32142857142857145,0.03956043956043956,0.28186813186813187
all_strict_sites,Q15437,20,8,91,0.35714285714285715,0.04957264957264957,0.3075702075702076
all_strict_sites,Q15437,25,8,91,0.35714285714285715,0.06227106227106227,0.2948717948717949
all_strict_sites,Q15437,30,8,91,0.35714285714285715,0.07594627594627594,0.2811965811965812
all_strict_sites,Q15459,5,5,75,0.3,0.011171171171171172,0.2888288288288288
all_strict_sites,Q15459,10,5,75,0.3,0.025585585585585584,0.2744144144144144
all_strict_sites,Q15459,15,5,75,0.3,0.04,0.26
all_strict_sites,Q15459,20,5,75,0.3,0.05405405405405406,0.24594594594594593
all_strict_sites,Q15459,25,5,75,0.3,0.06630630630630631,0.2336936936936937
all_strict_sites,Q15459,30,5,75,0.6,0.08,0.52
all_strict_sites,Q15561,5,4,65,0.0,0.028365384615384615,-0.028365384615384615
all_strict_sites,Q15561,10,4,65,0.16666666666666666,0.05384615384615385,0.11282051282051281
all_strict_sites,Q15561,15,4,65,0.16666666666666666,0.08028846153846154,0.08637820512820511
all_strict_sites,Q15561,20,4,65,0.16666666666666666,0.0985576923076923,0.06810897435897435
all_strict_sites,Q15561,25,4,65,0.16666666666666666,0.11538461538461539,0.051282051282051266
all_strict_sites,Q15561,30,4,65,0.3333333333333333,0.13028846153846155,0.20304487179487177
all_strict_sites,Q15572,5,3,114,0.0,0.01273094240024841,-0.01273094240024841
all_strict_sites,Q15572,10,3,114,0.3333333333333333,0.0263934171712467,0.3069399161620866
all_strict_sites,Q15572,15,3,114,0.3333333333333333,0.038192827200745225,0.2951405061325881
all_strict_sites,Q15572,20,3,114,0.3333333333333333,0.050613258810743675,0.2827200745225896
all_strict_sites,Q15572,25,3,114,0.3333333333333333,0.06148113646949231,0.271852196863841
all_strict_sites,Q15572,30,3,114,0.3333333333333333,0.072038503337991,0.2612948299953423
all_strict_sites,Q15637,5,9,78,0.2222222222222222,0.029304029304029304,0.1929181929181929
all_strict_sites,Q15637,10,9,78,0.3611111111111111,0.04728604728604729,0.3138250638250638
all_strict_sites,Q15637,15,9,78,0.4444444444444444,0.06526806526806526,0.37917637917637914
all_strict_sites,Q15637,20,9,78,0.5,0.08358308358308358,0.4164169164169164
all_strict_sites,Q15637,25,9,78,0.5555555555555556,0.10056610056610056,0.45498945498945503
all_strict_sites,Q15637,30,9,78,0.5833333333333334,0.11488511488511488,0.4684482184482185
all_strict_sites,Q15648,5,18,376,0.08496732026143791,0.0077588652482269505,0.07720845501321096
all_strict_sites,Q15648,10,18,376,0.13725490196078433,0.015404255319148937,0.12185064664163539
all_strict_sites,Q15648,15,18,376,0.19607843137254902,0.02319148936170213,0.1728869420108469
all_strict_sites,Q15648,20,18,376,0.22875816993464052,0.030283687943262413,0.1984744819913781
all_strict_sites,Q15648,25,18,376,0.23529411764705882,0.03763120567375886,0.19766291197329997
all_strict_sites,Q15648,30,18,376,0.24183006535947713,0.044567375886524825,0.1972626894729523
all_strict_sites,Q15652,5,46,431,0.030917874396135265,0.004661954351696973,0.026255920044438292
all_strict_sites,Q15652,10,46,431,0.051207729468599035,0.00877353909242972,0.042434190376169315
all_strict_sites,Q15652,15,46,431,0.0647342995169082,0.01293908163815896,0.051795217878749245
all_strict_sites,Q15652,20,46,431,0.07342995169082125,0.01747153725786435,0.055958414432956904
all_strict_sites,Q15652,25,46,431,0.08405797101449275,0.02170182916958938,0.06235614184490337
all_strict_sites,Q15652,30,46,431,0.08695652173913043,0.02616953542329898,0.06078698631583145
all_strict_sites,Q15654,5,3,47,1.0,0.027752081406105456,0.9722479185938946
all_strict_sites,Q15654,10,3,47,1.0,0.0425531914893617,0.9574468085106383
all_strict_sites,Q15654,15,3,47,1.0,0.060129509713228495,0.9398704902867715
all_strict_sites,Q15654,20,3,47,1.0,0.07678075855689177,0.9232192414431082
all_strict_sites,Q15654,25,3,47,1.0,0.09620721554116558,0.9037927844588344
all_strict_sites,Q15654,30,3,47,1.0,0.11655874190564293,0.883441258094357
all_strict_sites,Q15691,5,5,21,0.6,0.10476190476190476,0.4952380952380952
all_strict_sites,Q15691,10,5,21,0.9,0.1523809523809524,0.7476190476190476
all_strict_sites,Q15691,15,5,21,1.0,0.21428571428571427,0.7857142857142857
all_strict_sites,Q15691,20,5,21,1.0,0.2571428571428571,0.7428571428571429
all_strict_sites,Q15691,25,5,21,1.0,0.3,0.7
all_strict_sites,Q15691,30,5,21,1.0,0.3333333333333333,0.6666666666666667
all_strict_sites,Q15714,5,3,236,0.0,0.010530111792282726,-0.010530111792282726
all_strict_sites,Q15714,10,3,236,0.0,0.02116840966462315,-0.02116840966462315
all_strict_sites,Q15714,15,3,236,0.0,0.031914893617021274,-0.031914893617021274
all_strict_sites,Q15714,20,3,236,0.3333333333333333,0.04154345474215651,0.2917898785911768
all_strict_sites,Q15714,25,3,236,0.3333333333333333,0.05066714749368915,0.28266618583964415
all_strict_sites,Q15714,30,3,236,0.3333333333333333,0.059285971871619186,0.27404736146171416
all_strict_sites,Q15723,5,23,113,0.09881422924901186,0.018173198482932997,0.08064103076607886
all_strict_sites,Q15723,10,23,113,0.1857707509881423,0.03761061946902655,0.14816013151911575
all_strict_sites,Q15723,15,23,113,0.22924901185770752,0.05420353982300885,0.17504547203469867
all_strict_sites,Q15723,20,23,113,0.26877470355731226,0.07142857142857142,0.19734613212874083
all_strict_sites,Q15723,25,23,113,0.3201581027667984,0.0897597977243995,0.2303983050423989
all_strict_sites,Q15723,30,23,113,0.3794466403162055,0.10461441213653604,0.27483222817966946
all_strict_sites,Q15750,5,9,80,0.3055555555555556,0.029430379746835444,0.27612517580872015
all_strict_sites,Q15750,10,9,80,0.4166666666666667,0.05759493670886076,0.3590717299578059
all_strict_sites,Q15750,15,9,80,0.4166666666666667,0.0810126582278481,0.3356540084388186
all_strict_sites,Q15750,20,9,80,0.4166666666666667,0.10443037974683544,0.31223628691983124
all_strict_sites,Q15750,25,9,80,0.5,0.1268987341772152,0.3731012658227848
all_strict_sites,Q15750,30,9,80,0.5833333333333334,0.1490506329113924,0.43428270042194095
all_strict_sites,Q15751,5,3,735,0.0,0.002365196759902871,-0.002365196759902871
all_strict_sites,Q15751,10,3,735,0.3333333333333333,0.004559862091975755,0.3287734712413576
all_strict_sites,Q15751,15,3,735,0.3333333333333333,0.006824964318152329,0.326508369015181
all_strict_sites,Q15751,20,3,735,0.3333333333333333,0.00903075126508369,0.32430258206824963
all_strict_sites,Q15751,25,3,735,0.3333333333333333,0.011318096720977219,0.3220152366123561
all_strict_sites,Q15751,30,3,735,0.3333333333333333,0.013371888264842723,0.3199614450684906
all_strict_sites,Q15788,5,4,259,0.5,0.008081170871868546,0.49191882912813145
all_strict_sites,Q15788,10,4,259,0.5,0.015623597018945857,0.48437640298105417
all_strict_sites,Q15788,15,4,259,0.5,0.02277692975367394,0.47722307024632604
all_strict_sites,Q15788,20,4,259,0.5,0.03002005327586723,0.4699799467241328
all_strict_sites,Q15788,25,4,259,0.5,0.0369339439106881,0.4630660560893119
all_strict_sites,Q15788,30,4,259,0.5,0.04366825297057855,0.4563317470294215
all_strict_sites,Q15910,5,6,84,0.13333333333333333,0.01606425702811245,0.11726907630522088
all_strict_sites,Q15910,10,6,84,0.2,0.030694205393000575,0.16930579460699943
all_strict_sites,Q15910,15,6,84,0.4,0.04475043029259897,0.35524956970740107
all_strict_sites,Q15910,20,6,84,0.4,0.060814687320711415,0.3391853126792886
all_strict_sites,Q15910,25,6,84,0.4,0.07286288009179576,0.32713711990820427
all_strict_sites,Q15910,30,6,84,0.4,0.09007458405048767,0.30992541594951234
all_strict_sites,Q15911,5,6,585,0.13333333333333333,0.003424657534246575,0.12990867579908677
all_strict_sites,Q15911,10,6,585,0.26666666666666666,0.0066385669125395156,0.26002809975412716
all_strict_sites,Q15911,15,6,585,0.26666666666666666,0.009864184521718769,0.2568024821449479
all_strict_sites,Q15911,20,6,585,0.26666666666666666,0.013001990399250674,0.253664676267416
all_strict_sites,Q15911,25,6,585,0.26666666666666666,0.016075401006907856,0.2505912656597588
all_strict_sites,Q15911,30,6,585,0.26666666666666666,0.01910197869101979,0.24756468797564687
all_strict_sites,Q15942,5,16,65,0.08333333333333333,0.022115384615384617,0.06121794871794871
all_strict_sites,Q15942,10,16,65,0.15833333333333333,0.04326923076923077,0.11506410256410256
all_strict_sites,Q15942,15,16,65,0.19166666666666668,0.06394230769230769,0.127724358974359
all_strict_sites,Q15942,20,16,65,0.24166666666666667,0.08798076923076924,0.15368589743589745
all_strict_sites,Q15942,25,16,65,0.25833333333333336,0.10673076923076923,0.15160256410256412
all_strict_sites,Q15942,30,16,65,0.275,0.12788461538461537,0.14711538461538465
all_strict_sites,Q16186,5,11,72,0.509090909090909,0.03951486697965571,0.4695760421112533
all_strict_sites,Q16186,10,11,72,0.7818181818181819,0.07198748043818466,0.7098307013799972
all_strict_sites,Q16186,15,11,72,0.9818181818181818,0.107981220657277,0.8738369611609048
all_strict_sites,Q16186,20,11,72,1.0,0.14514866979655713,0.8548513302034428
all_strict_sites,Q16186,25,11,72,1.0,0.17449139280125195,0.8255086071987481
all_strict_sites,Q16186,30,11,72,1.0,0.2038341158059468,0.7961658841940532
all_strict_sites,Q16204,5,7,77,0.3333333333333333,0.03110047846889952,0.3022328548644338
all_strict_sites,Q16204,10,7,77,0.6666666666666666,0.05775803144224197,0.6089086352244246
all_strict_sites,Q16204,15,7,77,0.8571428571428571,0.08475734791524266,0.7723855092276144
all_strict_sites,Q16204,20,7,77,1.0,0.10526315789473684,0.8947368421052632
all_strict_sites,Q16204,25,7,77,1.0,0.12987012987012986,0.8701298701298701
all_strict_sites,Q16204,30,7,77,1.0,0.1496924128503076,0.8503075871496923
all_strict_sites,Q16352,5,4,78,0.0,0.027306027306027308,-0.027306027306027308
all_strict_sites,Q16352,10,4,78,0.0,0.048618048618048616,-0.048618048618048616
all_strict_sites,Q16352,15,4,78,0.0,0.06993006993006994,-0.06993006993006994
all_strict_sites,Q16352,20,4,78,0.16666666666666666,0.09057609057609058,0.07609057609057608
all_strict_sites,Q16352,25,4,78,0.16666666666666666,0.11122211122211122,0.05544455544455544
all_strict_sites,Q16352,30,4,78,0.16666666666666666,0.13553113553113552,0.031135531135531136
all_strict_sites,Q16555,5,6,82,0.13333333333333333,0.018367961457392352,0.11496537187594098
all_strict_sites,Q16555,10,6,82,0.2,0.03432700993676603,0.165672990063234
all_strict_sites,Q16555,15,6,82,0.2,0.051791629027401385,0.14820837097259862
all_strict_sites,Q16555,20,6,82,0.2,0.06925624811803674,0.13074375188196327
all_strict_sites,Q16555,25,6,82,0.2,0.08581752484191509,0.11418247515808493
all_strict_sites,Q16555,30,6,82,0.2,0.10599217103282144,0.09400782896717857
all_strict_sites,Q16566,5,3,50,0.0,0.036734693877551024,-0.036734693877551024
all_strict_sites,Q16566,10,3,50,0.0,0.07020408163265306,-0.07020408163265306
all_strict_sites,Q16566,15,3,50,0.0,0.10122448979591837,-0.10122448979591837
all_strict_sites,Q16566,20,3,50,0.0,0.11755102040816326,-0.11755102040816326
all_strict_sites,Q16566,25,3,50,0.0,0.13877551020408163,-0.13877551020408163
all_strict_sites,Q16566,30,3,50,0.0,0.15510204081632653,-0.15510204081632653
all_strict_sites,Q16594,5,13,53,0.07692307692307693,0.04644412191582003,0.0304789550072569
all_strict_sites,Q16594,10,13,53,0.15384615384615385,0.09288824383164006,0.0609579100145138
all_strict_sites,Q16594,15,13,53,0.2692307692307692,0.1386066763425254,0.1306240928882438
all_strict_sites,Q16594,20,13,53,0.3076923076923077,0.1806966618287373,0.1269956458635704
all_strict_sites,Q16594,25,13,53,0.34615384615384615,0.2220609579100145,0.12409288824383163
all_strict_sites,Q16594,30,13,53,0.4230769230769231,0.2641509433962264,0.15892597968069666
all_strict_sites,Q16629,5,5,52,0.2,0.049019607843137254,0.15098039215686276
all_strict_sites,Q16629,10,5,52,0.4,0.11764705882352941,0.2823529411764706
all_strict_sites,Q16629,15,5,52,0.4,0.17194570135746606,0.22805429864253396
all_strict_sites,Q16629,20,5,52,0.4,0.2239819004524887,0.17601809954751133
all_strict_sites,Q16629,25,5,52,0.4,0.2790346907993967,0.12096530920060333
all_strict_sites,Q16629,30,5,52,0.4,0.3220211161387632,0.0779788838612368
all_strict_sites,Q16643,5,3,78,0.3333333333333333,0.022311022311022312,0.311022311022311
all_strict_sites,Q16643,10,3,78,0.3333333333333333,0.03762903762903763,0.2957042957042957
all_strict_sites,Q16643,15,3,78,0.3333333333333333,0.054945054945054944,0.2783882783882784
all_strict_sites,Q16643,20,3,78,0.3333333333333333,0.07326007326007326,0.26007326007326004
all_strict_sites,Q16643,25,3,78,0.3333333333333333,0.09057609057609058,0.24275724275724275
all_strict_sites,Q16643,30,3,78,0.3333333333333333,0.10822510822510822,0.2251082251082251
all_strict_sites,Q16760,5,3,174,0.0,0.008371536774965119,-0.008371536774965119
all_strict_sites,Q16760,10,3,174,0.3333333333333333,0.01647731047770912,0.3168560228556242
all_strict_sites,Q16760,15,3,174,0.3333333333333333,0.024051558036010896,0.3092817752973224
all_strict_sites,Q16760,20,3,174,0.3333333333333333,0.03268885788319713,0.3006444754501362
all_strict_sites,Q16760,25,3,174,0.3333333333333333,0.04132615773038336,0.29200717560295
all_strict_sites,Q16760,30,3,174,0.3333333333333333,0.0499634575775696,0.2833698757557637
all_strict_sites,Q17RS7,5,5,136,0.4,0.013289760348583878,0.38671023965141615
all_strict_sites,Q17RS7,10,5,136,0.6,0.02559912854030501,0.574400871459695
all_strict_sites,Q17RS7,15,5,136,0.6,0.039978213507625274,0.5600217864923747
all_strict_sites,Q17RS7,20,5,136,0.6,0.05348583877995643,0.5465141612200436
all_strict_sites,Q17RS7,25,5,136,0.6,0.06525054466230937,0.5347494553376906
all_strict_sites,Q17RS7,30,5,136,0.6,0.07581699346405228,0.5241830065359477
all_strict_sites,Q29RF7,5,4,148,0.0,0.007905865048722191,-0.007905865048722191
all_strict_sites,Q29RF7,10,4,148,0.0,0.01553594410737268,-0.01553594410737268
all_strict_sites,Q29RF7,15,4,148,0.0,0.02399338113623828,-0.02399338113623828
all_strict_sites,Q29RF7,20,4,148,0.0,0.031623460194888764,-0.031623460194888764
all_strict_sites,Q29RF7,25,4,148,0.0,0.04035668321382607,-0.04035668321382607
all_strict_sites,Q29RF7,30,4,148,0.0,0.049273763559477844,-0.049273763559477844
all_strict_sites,Q2KHR2,5,3,315,0.3333333333333333,0.007238904054190678,0.3260944292791426
all_strict_sites,Q2KHR2,10,3,315,0.3333333333333333,0.014356485694065313,0.318976847639268
all_strict_sites,Q2KHR2,15,3,315,0.3333333333333333,0.021878475381660094,0.3114548579516732
all_strict_sites,Q2KHR2,20,3,315,0.3333333333333333,0.02921848144778081,0.3041148518855525
all_strict_sites,Q2KHR2,25,3,315,0.3333333333333333,0.036356283490041455,0.2969770498432919
all_strict_sites,Q2KHR2,30,3,315,0.3333333333333333,0.04349408553230209,0.2898392478010312
all_strict_sites,Q2KHR3,5,52,390,0.030165912518853696,0.006617889394239009,0.023548023124614688
all_strict_sites,Q2KHR3,10,52,390,0.05279034690799397,0.012972117856436623,0.039818229051557345
all_strict_sites,Q2KHR3,15,52,390,0.06862745098039216,0.01970865467009426,0.0489187963102979
all_strict_sites,Q2KHR3,20,52,390,0.08220211161387632,0.025772856107046337,0.05642925550682998
all_strict_sites,Q2KHR3,25,52,390,0.09577677224736049,0.03212708456924395,0.06364968767811655
all_strict_sites,Q2KHR3,30,52,390,0.10708898944193061,0.03849449607804364,0.06859449336388698
all_strict_sites,Q2M2I8,5,6,142,0.26666666666666666,0.012985715712716013,0.25368095095395066
all_strict_sites,Q2M2I8,10,6,142,0.4666666666666667,0.02447307961242633,0.44219358705424033
all_strict_sites,Q2M2I8,15,6,142,0.4666666666666667,0.0360603336330037,0.43060633303366297
all_strict_sites,Q2M2I8,20,6,142,0.4666666666666667,0.04784736789531515,0.41881929877135154
all_strict_sites,Q2M2I8,25,6,142,0.4666666666666667,0.05683747877334932,0.40982918789331735
all_strict_sites,Q2M2I8,30,6,142,0.4666666666666667,0.06632704025571871,0.40033962641094795
all_strict_sites,Q2NL68,5,3,95,0.6666666666666666,0.026651735722284433,0.6400149309443822
all_strict_sites,Q2NL68,10,3,95,1.0,0.05083986562150056,0.9491601343784994
all_strict_sites,Q2NL68,15,3,95,1.0,0.07323628219484882,0.9267637178051512
all_strict_sites,Q2NL68,20,3,95,1.0,0.09854423292273236,0.9014557670772676
all_strict_sites,Q2NL68,25,3,95,1.0,0.1200447928331467,0.8799552071668533
all_strict_sites,Q2NL68,30,3,95,1.0,0.14423292273236282,0.8557670772676371
all_strict_sites,Q2TAL8,5,6,110,0.26666666666666666,0.015179316096747289,0.2514873505699194
all_strict_sites,Q2TAL8,10,6,110,0.26666666666666666,0.026188490408673895,0.24047817625799278
all_strict_sites,Q2TAL8,15,6,110,0.26666666666666666,0.03953294412010008,0.22713372254656658
all_strict_sites,Q2TAL8,20,6,110,0.26666666666666666,0.05454545454545454,0.21212121212121213
all_strict_sites,Q2TAL8,25,6,110,0.4666666666666667,0.06505421184320268,0.40161245482346397
all_strict_sites,Q2TAL8,30,6,110,0.4666666666666667,0.07756463719766472,0.38910202946900196
all_strict_sites,Q2Y0W8,5,3,130,0.3333333333333333,0.008228980322003579,0.3251043530113297
all_strict_sites,Q2Y0W8,10,3,130,0.3333333333333333,0.01872391174716756,0.3146094215861658
all_strict_sites,Q2Y0W8,15,3,130,1.0,0.028503279666070365,0.9714967203339296
all_strict_sites,Q2Y0W8,20,3,130,1.0,0.03804412641621944,0.9619558735837805
all_strict_sites,Q2Y0W8,25,3,130,1.0,0.04734645199761479,0.9526535480023852
all_strict_sites,Q2Y0W8,30,3,130,1.0,0.056171735241502686,0.9438282647584973
all_strict_sites,Q3KQU3,5,3,126,0.0,0.01473015873015873,-0.01473015873015873
all_strict_sites,Q3KQU3,10,3,126,0.0,0.03111111111111111,-0.03111111111111111
all_strict_sites,Q3KQU3,15,3,126,0.0,0.044571428571428574,-0.044571428571428574
all_strict_sites,Q3KQU3,20,3,126,0.0,0.058666666666666666,-0.058666666666666666
all_strict_sites,Q3KQU3,25,3,126,0.0,0.07276190476190476,-0.07276190476190476
all_strict_sites,Q3KQU3,30,3,126,0.0,0.08736507936507937,-0.08736507936507937
all_strict_sites,Q3YBR2,5,3,50,0.3333333333333333,0.029387755102040815,0.3039455782312925
all_strict_sites,Q3YBR2,10,3,50,1.0,0.05551020408163265,0.9444897959183673
all_strict_sites,Q3YBR2,15,3,50,1.0,0.08979591836734693,0.9102040816326531
all_strict_sites,Q3YBR2,20,3,50,1.0,0.11020408163265306,0.889795918367347
all_strict_sites,Q3YBR2,25,3,50,1.0,0.13224489795918368,0.8677551020408163
all_strict_sites,Q3YBR2,30,3,50,1.0,0.1510204081632653,0.8489795918367347
all_strict_sites,Q49AA0,5,3,79,0.3333333333333333,0.018825056799740343,0.314508276533593
all_strict_sites,Q49AA0,10,3,79,0.3333333333333333,0.0379746835443038,0.29535864978902954
all_strict_sites,Q49AA0,15,3,79,0.3333333333333333,0.05387861084063616,0.27945472249269715
all_strict_sites,Q49AA0,20,3,79,0.3333333333333333,0.06686140863356053,0.26647192469977277
all_strict_sites,Q49AA0,25,3,79,0.3333333333333333,0.08438818565400844,0.24894514767932488
all_strict_sites,Q49AA0,30,3,79,0.3333333333333333,0.10645894190197988,0.22687439143135343
all_strict_sites,Q4KMP7,5,7,111,0.2857142857142857,0.01638001638001638,0.2693342693342693
all_strict_sites,Q4KMP7,10,7,111,0.2857142857142857,0.031613431613431615,0.2541008541008541
all_strict_sites,Q4KMP7,15,7,111,0.2857142857142857,0.04455364455364455,0.24116064116064115
all_strict_sites,Q4KMP7,20,7,111,0.38095238095238093,0.06076986076986077,0.32018252018252014
all_strict_sites,Q4KMP7,25,7,111,0.42857142857142855,0.07731367731367732,0.3512577512577512
all_strict_sites,Q4KMP7,30,7,111,0.42857142857142855,0.0936936936936937,0.33487773487773487
all_strict_sites,Q4KWH8,5,3,268,0.3333333333333333,0.006568282184582704,0.3267650511487506
all_strict_sites,Q4KWH8,10,3,268,0.6666666666666666,0.01291296327352004,0.6537537033931466
all_strict_sites,Q4KWH8,15,3,268,1.0,0.019229694225501706,0.9807703057744983
all_strict_sites,Q4KWH8,20,3,268,1.0,0.025686175862261726,0.9743138241377383
all_strict_sites,Q4KWH8,25,3,268,1.0,0.03166750517077534,0.9683324948292247
all_strict_sites,Q4KWH8,30,3,268,1.0,0.0381798870814467,0.9618201129185533
all_strict_sites,Q4L180,5,3,166,0.0,0.010076670317634174,-0.010076670317634174
all_strict_sites,Q4L180,10,3,166,0.3333333333333333,0.020299379335523914,0.3130339539978094
all_strict_sites,Q4L180,15,3,166,0.3333333333333333,0.030083972252646952,0.30324936108068634
all_strict_sites,Q4L180,20,3,166,0.3333333333333333,0.040233661920408906,0.2930996714129244
all_strict_sites,Q4L180,25,3,166,0.3333333333333333,0.04936108068638189,0.2839722526469514
all_strict_sites,Q4L180,30,3,166,0.3333333333333333,0.05921869295363271,0.2741146403797006
all_strict_sites,Q4LDE5,5,5,531,0.3,0.002750239846498241,0.29724976015350174
all_strict_sites,Q4LDE5,10,5,531,0.3,0.005564438759194116,0.2944355612408059
all_strict_sites,Q4LDE5,15,5,531,0.3,0.008385744234800839,0.29161425576519917
all_strict_sites,Q4LDE5,20,5,531,0.3,0.011008065948903812,0.2889919340510962
all_strict_sites,Q4LDE5,25,5,531,0.3,0.013900437053619017,0.28609956294638095
all_strict_sites,Q4LDE5,30,5,531,0.3,0.01648722595316775,0.2835127740468322
all_strict_sites,Q4VCS5,5,6,150,0.13333333333333333,0.012527964205816556,0.12080536912751677
all_strict_sites,Q4VCS5,10,6,150,0.13333333333333333,0.023534675615212528,0.1097986577181208
all_strict_sites,Q4VCS5,15,6,150,0.2,0.03400447427293065,0.16599552572706935
all_strict_sites,Q4VCS5,20,6,150,0.26666666666666666,0.04465324384787472,0.22201342281879194
all_strict_sites,Q4VCS5,25,6,150,0.26666666666666666,0.05288590604026846,0.2137807606263982
all_strict_sites,Q4VCS5,30,6,150,0.26666666666666666,0.062102908277404924,0.20456375838926175
all_strict_sites,Q4ZG55,5,3,289,0.3333333333333333,0.006175509419454056,0.32715782391387926
all_strict_sites,Q4ZG55,10,3,289,0.3333333333333333,0.012038638985005767,0.3212946943483275
all_strict_sites,Q4ZG55,15,3,289,0.3333333333333333,0.017925797770088427,0.3154075355632449
all_strict_sites,Q4ZG55,20,3,289,0.3333333333333333,0.023260284505959246,0.3100730488273741
all_strict_sites,Q4ZG55,25,3,289,0.3333333333333333,0.028859092656670512,0.3044742406766628
all_strict_sites,Q4ZG55,30,3,289,0.3333333333333333,0.03368896578239139,0.2996443675509419
all_strict_sites,Q53ET0,5,8,144,0.14285714285714285,0.018162393162393164,0.12469474969474968
all_strict_sites,Q53ET0,10,8,144,0.14285714285714285,0.033216783216783216,0.10964035964035963
all_strict_sites,Q53ET0,15,8,144,0.2857142857142857,0.04904817404817405,0.23666611166611165
all_strict_sites,Q53ET0,20,8,144,0.2857142857142857,0.06332556332556333,0.22238872238872237
all_strict_sites,Q53ET0,25,8,144,0.32142857142857145,0.07556332556332557,0.24586524586524588
all_strict_sites,Q53ET0,30,8,144,0.39285714285714285,0.09042346542346542,0.30243367743367744
all_strict_sites,Q58A45,5,3,132,0.0,0.01549849641452695,-0.01549849641452695
all_strict_sites,Q58A45,10,3,132,0.0,0.02833680314596345,-0.02833680314596345
all_strict_sites,Q58A45,15,3,132,0.0,0.04233171408743928,-0.04233171408743928
all_strict_sites,Q58A45,20,3,132,0.0,0.055285681239879716,-0.055285681239879716
all_strict_sites,Q58A45,25,3,132,0.0,0.06962757344436733,-0.06962757344436733
all_strict_sites,Q58A45,30,3,132,0.0,0.08154059680777238,-0.08154059680777238
all_strict_sites,Q5BJH7,5,5,30,0.6,0.0367816091954023,0.5632183908045977
all_strict_sites,Q5BJH7,10,5,30,0.6,0.06896551724137931,0.5310344827586206
all_strict_sites,Q5BJH7,15,5,30,0.8,0.10114942528735632,0.6988505747126437
all_strict_sites,Q5BJH7,20,5,30,1.0,0.14022988505747128,0.8597701149425288
all_strict_sites,Q5BJH7,25,5,30,1.0,0.18620689655172415,0.8137931034482758
all_strict_sites,Q5BJH7,30,5,30,1.0,0.22298850574712645,0.7770114942528735
all_strict_sites,Q5CZC0,5,7,1195,0.09523809523809523,0.0015082385427836534,0.09372985669531159
all_strict_sites,Q5CZC0,10,7,1195,0.09523809523809523,0.0030262890463474976,0.09221180619174774
all_strict_sites,Q5CZC0,15,7,1195,0.09523809523809523,0.004463040446304045,0.09077505479179118
all_strict_sites,Q5CZC0,20,7,1195,0.09523809523809523,0.005946048232795778,0.08929204700529945
all_strict_sites,Q5CZC0,25,7,1195,0.09523809523809523,0.007426252601921743,0.08781184263617349
all_strict_sites,Q5CZC0,30,7,1195,0.09523809523809523,0.008912063805779245,0.08632603143231599
all_strict_sites,Q5FWF5,5,4,148,0.16666666666666666,0.012134583563154992,0.15453208310351166
all_strict_sites,Q5FWF5,10,4,148,0.16666666666666666,0.02436109578966722,0.14230557087699944
all_strict_sites,Q5FWF5,15,4,148,0.16666666666666666,0.03741496598639456,0.12925170068027209
all_strict_sites,Q5FWF5,20,4,148,0.16666666666666666,0.05019305019305019,0.11647361647361647
all_strict_sites,Q5FWF5,25,4,148,0.16666666666666666,0.061040632469203895,0.10562603419746276
all_strict_sites,Q5FWF5,30,4,148,0.16666666666666666,0.07437028865600294,0.09229637801066372
all_strict_sites,Q5H9F3,5,19,323,0.04678362573099415,0.00590350556698652,0.04088012016400763
all_strict_sites,Q5H9F3,10,19,323,0.08187134502923976,0.011787781474145722,0.07008356355509404
all_strict_sites,Q5H9F3,15,19,323,0.1286549707602339,0.016941330307866855,0.11171364045236706
all_strict_sites,Q5H9F3,20,19,323,0.13450292397660818,0.022844835874853375,0.1116580881017548
all_strict_sites,Q5H9F3,25,19,323,0.15204678362573099,0.02901755667942234,0.12302922694630865
all_strict_sites,Q5H9F3,30,19,323,0.1695906432748538,0.034747995307963,0.1348426479668908
all_strict_sites,Q5HYC2,5,12,410,0.045454545454545456,0.006070725743932256,0.0393838197106132
all_strict_sites,Q5HYC2,10,12,410,0.045454545454545456,0.011831355477368955,0.033623189977176504
all_strict_sites,Q5HYC2,15,12,410,0.045454545454545456,0.017890154451666765,0.02756439100287869
all_strict_sites,Q5HYC2,20,12,410,0.045454545454545456,0.023805832190351244,0.02164871326419421
all_strict_sites,Q5HYC2,25,12,410,0.045454545454545456,0.029626095771960164,0.015828449682585292
all_strict_sites,Q5HYC2,30,12,410,0.045454545454545456,0.03499314210746019,0.010461403347085264
all_strict_sites,Q5JPB2,5,3,276,0.0,0.0066403162055335965,-0.0066403162055335965
all_strict_sites,Q5JPB2,10,3,276,0.0,0.012621870882740449,-0.012621870882740449
all_strict_sites,Q5JPB2,15,3,276,0.0,0.018972332015810278,-0.018972332015810278
all_strict_sites,Q5JPB2,20,3,276,0.0,0.025217391304347827,-0.025217391304347827
all_strict_sites,Q5JPB2,25,3,276,0.0,0.031198945981554677,-0.031198945981554677
all_strict_sites,Q5JPB2,30,3,276,0.0,0.03723320158102767,-0.03723320158102767
all_strict_sites,Q5JRA6,5,4,245,0.0,0.005888256942121111,-0.005888256942121111
all_strict_sites,Q5JRA6,10,4,245,0.16666666666666666,0.011375041820006692,0.15529162484665995
all_strict_sites,Q5JRA6,15,4,245,0.16666666666666666,0.01646035463365674,0.1502063120330099
all_strict_sites,Q5JRA6,20,4,245,0.16666666666666666,0.021980595516895282,0.1446860711497714
all_strict_sites,Q5JRA6,25,4,245,0.16666666666666666,0.027500836400133823,0.13916583026653284
all_strict_sites,Q5JRA6,30,4,245,0.16666666666666666,0.032151221144195385,0.13451544552247127
all_strict_sites,Q5JRX3,5,4,141,0.16666666666666666,0.009219858156028368,0.1574468085106383
all_strict_sites,Q5JRX3,10,4,141,0.5,0.019756838905775075,0.48024316109422494
all_strict_sites,Q5JRX3,15,4,141,0.5,0.029483282674772036,0.470516717325228
all_strict_sites,Q5JRX3,20,4,141,0.5,0.03951367781155015,0.46048632218844987
all_strict_sites,Q5JRX3,25,4,141,0.5,0.04994934143870314,0.4500506585612969
all_strict_sites,Q5JRX3,30,4,141,0.5,0.0596757852077001,0.4403242147922999
all_strict_sites,Q5JSZ5,5,9,346,0.1388888888888889,0.005143670939096926,0.13374521794979197
all_strict_sites,Q5JSZ5,10,9,346,0.25,0.010086286336600485,0.2399137136633995
all_strict_sites,Q5JSZ5,15,9,346,0.25,0.01491161933484125,0.23508838066515875
all_strict_sites,Q5JSZ5,20,9,346,0.2777777777777778,0.01995476250314149,0.2578230152746363
all_strict_sites,Q5JSZ5,25,9,346,0.3055555555555556,0.024394739046661642,0.28116081650889396
all_strict_sites,Q5JSZ5,30,9,346,0.3611111111111111,0.02942112758649577,0.3316899835246153
all_strict_sites,Q5JTV8,5,4,103,0.0,0.019798210546354465,-0.019798210546354465
all_strict_sites,Q5JTV8,10,4,103,0.0,0.03997715591090805,-0.03997715591090805
all_strict_sites,Q5JTV8,15,4,103,0.0,0.05901389682086427,-0.05901389682086427
all_strict_sites,Q5JTV8,20,4,103,0.0,0.07652769845802398,-0.07652769845802398
all_strict_sites,Q5JTV8,25,4,103,0.0,0.0955644393679802,-0.0955644393679802
all_strict_sites,Q5JTV8,30,4,103,0.0,0.11307824100513993,-0.11307824100513993
all_strict_sites,Q5SSJ5,5,4,85,0.16666666666666666,0.0196078431372549,0.14705882352941174
all_strict_sites,Q5SSJ5,10,4,85,0.3333333333333333,0.036414565826330535,0.2969187675070028
all_strict_sites,Q5SSJ5,15,4,85,0.3333333333333333,0.054061624649859946,0.2792717086834734
all_strict_sites,Q5SSJ5,20,4,85,0.3333333333333333,0.07142857142857142,0.26190476190476186
all_strict_sites,Q5SSJ5,25,4,85,0.3333333333333333,0.0876750700280112,0.24565826330532212
all_strict_sites,Q5SSJ5,30,4,85,0.3333333333333333,0.10252100840336134,0.23081232492997197
all_strict_sites,Q5SW79,5,8,339,0.14285714285714285,0.007121537414253548,0.1357356054428893
all_strict_sites,Q5SW79,10,8,339,0.25,0.014085982091427973,0.23591401790857203
all_strict_sites,Q5SW79,15,8,339,0.25,0.021329702745631948,0.22867029725436805
all_strict_sites,Q5SW79,20,8,339,0.25,0.02724686250894556,0.22275313749105444
all_strict_sites,Q5SW79,25,8,339,0.25,0.033425843500724375,0.21657415649927564
all_strict_sites,Q5SW79,30,8,339,0.25,0.039482641252552755,0.21051735874744726
all_strict_sites,Q5T0B9,5,10,83,0.26666666666666666,0.03320599471054952,0.23346067195611714
all_strict_sites,Q5T0B9,10,10,83,0.5777777777777777,0.06582427270055834,0.5119535050772194
all_strict_sites,Q5T0B9,15,10,83,0.7111111111111111,0.0916838084043491,0.619427302706762
all_strict_sites,Q5T0B9,20,10,83,0.8222222222222222,0.12165736115192477,0.7005648610702975
all_strict_sites,Q5T0B9,25,10,83,0.8444444444444444,0.14751689685571553,0.6969275475887289
all_strict_sites,Q5T0B9,30,10,83,0.9111111111111111,0.17660887452248017,0.7345022365886309
all_strict_sites,Q5T1M5,5,3,186,0.3333333333333333,0.008369659982563208,0.3249636733507701
all_strict_sites,Q5T1M5,10,3,186,0.3333333333333333,0.016797442603894215,0.3165358907294391
all_strict_sites,Q5T1M5,15,3,186,0.3333333333333333,0.024237140366172624,0.3090961929671607
all_strict_sites,Q5T1M5,20,3,186,0.6666666666666666,0.03260680034873583,0.6340598663179308
all_strict_sites,Q5T1M5,25,3,186,1.0,0.04120895088637024,0.9587910491136298
all_strict_sites,Q5T1M5,30,3,186,1.0,0.04893926184248765,0.9510607381575124
all_strict_sites,Q5T1R4,5,19,477,0.017543859649122806,0.004606874196219368,0.012936985452903439
all_strict_sites,Q5T1R4,10,19,477,0.03508771929824561,0.009028768740200482,0.02605895055804513
all_strict_sites,Q5T1R4,15,19,477,0.05847953216374269,0.013389003400102179,0.04509052876364051
all_strict_sites,Q5T1R4,20,19,477,0.07017543859649122,0.017714003840529922,0.0524614347559613
all_strict_sites,Q5T1R4,25,19,477,0.07017543859649122,0.021695470641086623,0.0484799679554046
all_strict_sites,Q5T1R4,30,19,477,0.07017543859649122,0.025976428307171926,0.0441990102893193
all_strict_sites,Q5T200,5,4,278,0.3333333333333333,0.008025348674129289,0.325307984659204
all_strict_sites,Q5T200,10,4,278,0.3333333333333333,0.016128613354803523,0.3172047199785298
all_strict_sites,Q5T200,15,4,278,0.3333333333333333,0.024127990026751162,0.30920534330658217
all_strict_sites,Q5T200,20,4,278,0.3333333333333333,0.031685842661610786,0.30164749067172253
all_strict_sites,Q5T200,25,4,278,0.3333333333333333,0.039139807287743814,0.2941935260455895
all_strict_sites,Q5T200,30,4,278,0.3333333333333333,0.04607433187024388,0.2872590014630894
all_strict_sites,Q5T3F8,5,3,102,1.0,0.0141720054358377,0.9858279945641623
all_strict_sites,Q5T3F8,10,3,102,1.0,0.027955736750145604,0.9720442632498544
all_strict_sites,Q5T3F8,15,3,102,1.0,0.039992234517569406,0.9600077654824306
all_strict_sites,Q5T3F8,20,3,102,1.0,0.0526111434672879,0.9473888565327121
all_strict_sites,Q5T3F8,25,3,102,1.0,0.0632886818093574,0.9367113181906426
all_strict_sites,Q5T3F8,30,3,102,1.0,0.07338380896913221,0.9266161910308678
all_strict_sites,Q5T3J3,5,9,158,0.08333333333333333,0.01419011529468677,0.06914321803864656
all_strict_sites,Q5T3J3,10,9,158,0.2222222222222222,0.028863984519874222,0.193358237702348
all_strict_sites,Q5T3J3,15,9,158,0.25,0.04176408933322583,0.20823591066677416
all_strict_sites,Q5T3J3,20,9,158,0.25,0.05547045069741192,0.1945295493025881
all_strict_sites,Q5T3J3,25,9,158,0.2777777777777778,0.06893493509634765,0.20884284268143014
all_strict_sites,Q5T3J3,30,9,158,0.2777777777777778,0.08296379908086753,0.19481397869691025
all_strict_sites,Q5T4S7,5,4,802,0.0,0.0021730941061827327,-0.0021730941061827327
all_strict_sites,Q5T4S7,10,4,802,0.0,0.004184295814770191,-0.004184295814770191
all_strict_sites,Q5T4S7,15,4,802,0.0,0.006192384208019278,-0.006192384208019278
all_strict_sites,Q5T4S7,20,4,802,0.0,0.00827519216938926,-0.00827519216938926
all_strict_sites,Q5T4S7,25,4,802,0.0,0.010423379752865029,-0.010423379752865029
all_strict_sites,Q5T4S7,30,4,802,0.0,0.012459487984159452,-0.012459487984159452
all_strict_sites,Q5T5J6,5,6,150,0.26666666666666666,0.013512304250559284,0.2531543624161074
all_strict_sites,Q5T5J6,10,6,150,0.26666666666666666,0.02541387024608501,0.24125279642058164
all_strict_sites,Q5T5J6,15,6,150,0.26666666666666666,0.036957494407158835,0.22970917225950782
all_strict_sites,Q5T5J6,20,6,150,0.26666666666666666,0.05011185682326622,0.21655480984340045
all_strict_sites,Q5T5J6,25,6,150,0.26666666666666666,0.061834451901565994,0.20483221476510066
all_strict_sites,Q5T5J6,30,6,150,0.26666666666666666,0.07293064876957495,0.19373601789709172
all_strict_sites,Q5T5P2,5,4,355,0.0,0.00545874114744967,-0.00545874114744967
all_strict_sites,Q5T5P2,10,4,355,0.0,0.011522240789368983,-0.011522240789368983
all_strict_sites,Q5T5P2,15,4,355,0.0,0.01685366435903557,-0.01685366435903557
all_strict_sites,Q5T5P2,20,4,355,0.0,0.022328320203708125,-0.022328320203708125
all_strict_sites,Q5T5P2,25,4,355,0.0,0.027739317259489138,-0.027739317259489138
all_strict_sites,Q5T5P2,30,4,355,0.0,0.033309461287499,-0.033309461287499
all_strict_sites,Q5T6F2,5,69,272,0.03154305200341006,0.01109724332537443,0.02044580867803563
all_strict_sites,Q5T6F2,10,69,272,0.05456095481670929,0.022085956153679184,0.03247499866303011
all_strict_sites,Q5T6F2,15,69,272,0.07246376811594203,0.032911873236379424,0.03955189487956261
all_strict_sites,Q5T6F2,20,69,272,0.08738277919863598,0.04390058606468417,0.0434821931339518
all_strict_sites,Q5T6F2,25,69,272,0.10017050298380221,0.053749728673757324,0.04642077431004489
all_strict_sites,Q5T6F2,30,69,272,0.113384484228474,0.06425005426524853,0.049134429963225465
all_strict_sites,Q5T8A7,5,3,201,0.3333333333333333,0.009203980099502488,0.32412935323383085
all_strict_sites,Q5T8A7,10,3,201,0.3333333333333333,0.017860696517412934,0.31547263681592036
all_strict_sites,Q5T8A7,15,3,201,0.3333333333333333,0.02517412935323383,0.3081592039800995
all_strict_sites,Q5T8A7,20,3,201,0.3333333333333333,0.032587064676616914,0.3007462686567164
all_strict_sites,Q5T8A7,25,3,201,0.3333333333333333,0.040248756218905474,0.2930845771144278
all_strict_sites,Q5T8A7,30,3,201,0.3333333333333333,0.04741293532338309,0.2859203980099502
all_strict_sites,Q5T8P6,5,12,151,0.13636363636363635,0.012362030905077263,0.1240016054585591
all_strict_sites,Q5T8P6,10,12,151,0.24242424242424243,0.022958057395143488,0.21946618502909895
all_strict_sites,Q5T8P6,15,12,151,0.3181818181818182,0.0330242825607064,0.2851575356211118
all_strict_sites,Q5T8P6,20,12,151,0.3484848484848485,0.04388520971302428,0.3045996387718242
all_strict_sites,Q5T8P6,25,12,151,0.36363636363636365,0.05474613686534217,0.30889022677102146
all_strict_sites,Q5T8P6,30,12,151,0.3787878787878788,0.06516556291390728,0.3136223158739715
all_strict_sites,Q5TB30,5,4,108,0.3333333333333333,0.013845621322256836,0.31948771201107645
all_strict_sites,Q5TB30,10,4,108,0.3333333333333333,0.02596053997923157,0.3073727933541017
all_strict_sites,Q5TB30,15,4,108,0.3333333333333333,0.03790238836967809,0.29543094496365524
all_strict_sites,Q5TB30,20,4,108,0.3333333333333333,0.0514018691588785,0.2819314641744548
all_strict_sites,Q5TB30,25,4,108,0.3333333333333333,0.06507442021460713,0.2682589131187262
all_strict_sites,Q5TB30,30,4,108,0.3333333333333333,0.0777085496711665,0.2556247836621668
all_strict_sites,Q5TGY3,5,11,245,0.01818181818181818,0.008029441284710606,0.010152376897107575
all_strict_sites,Q5TGY3,10,11,245,0.07272727272727272,0.01525593844095015,0.057471334286322576
all_strict_sites,Q5TGY3,15,11,245,0.10909090909090909,0.02224824355971897,0.08684266553119012
all_strict_sites,Q5TGY3,20,11,245,0.10909090909090909,0.02850451656072265,0.08058639253018643
all_strict_sites,Q5TGY3,25,11,245,0.10909090909090909,0.03459350953496153,0.07449739955594756
all_strict_sites,Q5TGY3,30,11,245,0.14545454545454545,0.04195383071261291,0.10350071474193254
all_strict_sites,Q5THJ4,5,3,638,0.3333333333333333,0.002386775785790564,0.33094655754754276
all_strict_sites,Q5THJ4,10,3,638,0.3333333333333333,0.004748945635645143,0.32858438769768816
all_strict_sites,Q5THJ4,15,3,638,0.3333333333333333,0.007086509549563737,0.32624682378376957
all_strict_sites,Q5THJ4,20,3,638,0.3333333333333333,0.009488048896915891,0.3238452844364174
all_strict_sites,Q5THJ4,25,3,638,0.3333333333333333,0.011663213633656983,0.32167011969967635
all_strict_sites,Q5THJ4,30,3,638,0.3333333333333333,0.014069674168196336,0.319263659165137
all_strict_sites,Q5UIP0,5,6,447,0.06666666666666667,0.003952608822142635,0.06271405784452402
all_strict_sites,Q5UIP0,10,6,447,0.2,0.008386753744444779,0.19161324625555523
all_strict_sites,Q5UIP0,15,6,447,0.2,0.012570098614580512,0.1874299013854195
all_strict_sites,Q5UIP0,20,6,447,0.2,0.016572867447156428,0.1834271325528436
all_strict_sites,Q5UIP0,25,6,447,0.2,0.020505412265125752,0.17949458773487426
all_strict_sites,Q5UIP0,30,6,447,0.2,0.02444798908518173,0.17555201091481829
all_strict_sites,Q5VST9,5,6,1103,0.13333333333333333,0.0013541685520268925,0.13197916478130645
all_strict_sites,Q5VST9,10,6,1103,0.13333333333333333,0.00266391116127769,0.13066942217205565
all_strict_sites,Q5VST9,15,6,1103,0.13333333333333333,0.004003271065712551,0.12933006226762078
all_strict_sites,Q5VST9,20,6,1103,0.13333333333333333,0.005095820176946884,0.12823751315638646
all_strict_sites,Q5VST9,25,6,1103,0.13333333333333333,0.006423662244365721,0.1269096710889676
all_strict_sites,Q5VST9,30,6,1103,0.13333333333333333,0.007744922690632543,0.1255884106427008
all_strict_sites,Q5VT06,5,5,566,0.0,0.003833765908877701,-0.003833765908877701
all_strict_sites,Q5VT06,10,5,566,0.0,0.007442384064542356,-0.007442384064542356
all_strict_sites,Q5VT06,15,5,566,0.0,0.011038494011695175,-0.011038494011695175
all_strict_sites,Q5VT06,20,5,566,0.0,0.014684636792895337,-0.014684636792895337
all_strict_sites,Q5VT06,25,5,566,0.0,0.018193189280465306,-0.018193189280465306
all_strict_sites,Q5VT06,30,5,566,0.1,0.02177053691485037,0.07822946308514964
all_strict_sites,Q5VT52,5,67,329,0.031207598371777476,0.007913855734302025,0.023293742637475454
all_strict_sites,Q5VT52,10,67,329,0.05970149253731343,0.015179034769071094,0.04452245776824234
all_strict_sites,Q5VT52,15,67,329,0.08819538670284939,0.022277411223960264,0.06591797547888913
all_strict_sites,Q5VT52,20,67,329,0.10538218000904569,0.029690859218622582,0.07569132079042311
all_strict_sites,Q5VT52,25,67,329,0.12211668928086838,0.03701163911335162,0.08510505016751677
all_strict_sites,Q5VT52,30,67,329,0.13704206241519673,0.04423975090814738,0.09280231150704935
all_strict_sites,Q5VTE0,5,4,51,0.16666666666666666,0.02196078431372549,0.14470588235294116
all_strict_sites,Q5VTE0,10,4,51,0.16666666666666666,0.034509803921568626,0.13215686274509802
all_strict_sites,Q5VTE0,15,4,51,0.3333333333333333,0.054901960784313725,0.2784313725490196
all_strict_sites,Q5VTE0,20,4,51,0.3333333333333333,0.08,0.2533333333333333
all_strict_sites,Q5VTE0,25,4,51,0.3333333333333333,0.1011764705882353,0.232156862745098
all_strict_sites,Q5VTE0,30,4,51,0.3333333333333333,0.12156862745098039,0.2117647058823529
all_strict_sites,Q5VUA4,5,18,400,0.0718954248366013,0.004799498746867168,0.06709592608973414
all_strict_sites,Q5VUA4,10,18,400,0.1437908496732026,0.009385964912280702,0.1344048847609219
all_strict_sites,Q5VUA4,15,18,400,0.16339869281045752,0.014135338345864662,0.14926335446459285
all_strict_sites,Q5VUA4,20,18,400,0.16339869281045752,0.018709273182957394,0.14468941962750012
all_strict_sites,Q5VUA4,25,18,400,0.1830065359477124,0.023283208020050124,0.15972332792766228
all_strict_sites,Q5VUA4,30,18,400,0.1830065359477124,0.027656641604010025,0.1553498943437024
all_strict_sites,Q5VWN6,5,16,422,0.10833333333333334,0.004255271245398566,0.10407806208793477
all_strict_sites,Q5VWN6,10,16,422,0.15833333333333333,0.008521799822134165,0.14981153351119916
all_strict_sites,Q5VWN6,15,16,422,0.16666666666666666,0.012664497754162398,0.15400216891250426
all_strict_sites,Q5VWN6,20,16,422,0.18333333333333332,0.016908511668223932,0.16642482166510938
all_strict_sites,Q5VWN6,25,16,422,0.18333333333333332,0.02120881223897063,0.1621245210943627
all_strict_sites,Q5VWN6,30,16,422,0.18333333333333332,0.025565399466402496,0.15776793386693083
all_strict_sites,Q5VYK3,5,5,255,0.2,0.005743399722093562,0.19425660027790645
all_strict_sites,Q5VYK3,10,5,255,0.3,0.01170294889609387,0.28829705110390613
all_strict_sites,Q5VYK3,15,5,255,0.3,0.01679790026246719,0.2832020997375328
all_strict_sites,Q5VYK3,20,5,255,0.3,0.02158406669754516,0.27841593330245484
all_strict_sites,Q5VYK3,25,5,255,0.3,0.026246719160104987,0.27375328083989503
all_strict_sites,Q5VYK3,30,5,255,0.3,0.030693222170758067,0.26930677782924195
all_strict_sites,Q5VZL5,5,3,250,0.3333333333333333,0.007004016064257028,0.32632931726907627
all_strict_sites,Q5VZL5,10,3,250,0.3333333333333333,0.014040160642570281,0.319293172690763
all_strict_sites,Q5VZL5,15,3,250,0.3333333333333333,0.020369477911646585,0.31296385542168675
all_strict_sites,Q5VZL5,20,3,250,0.3333333333333333,0.027437751004016065,0.30589558232931724
all_strict_sites,Q5VZL5,25,3,250,0.3333333333333333,0.03469879518072289,0.29863453815261043
all_strict_sites,Q5VZL5,30,3,250,0.3333333333333333,0.0408995983935743,0.292433734939759
all_strict_sites,Q5XPI4,5,6,162,0.06666666666666667,0.007361398665746492,0.059305268000920175
all_strict_sites,Q5XPI4,10,6,162,0.2,0.014876159803696035,0.18512384019630398
all_strict_sites,Q5XPI4,15,6,162,0.3333333333333333,0.023387777010965418,0.3099455563223679
all_strict_sites,Q5XPI4,20,6,162,0.4,0.03036576949620428,0.36963423050379574
all_strict_sites,Q5XPI4,25,6,162,0.4,0.037037037037037035,0.362962962962963
all_strict_sites,Q5XPI4,30,6,162,0.4,0.0437083045778698,0.35629169542213024
all_strict_sites,Q63HK5,5,4,224,0.3333333333333333,0.011130685458039719,0.3222026478752936
all_strict_sites,Q63HK5,10,4,224,0.3333333333333333,0.02194106342088405,0.3113922699124493
all_strict_sites,Q63HK5,15,4,224,0.3333333333333333,0.03135009609224856,0.3019832372410848
all_strict_sites,Q63HK5,20,4,224,0.3333333333333333,0.04119955156950673,0.2921337817638266
all_strict_sites,Q63HK5,25,4,224,0.3333333333333333,0.05084881486226778,0.28248451847106554
all_strict_sites,Q63HK5,30,4,224,0.3333333333333333,0.06029788597053171,0.2730354473628016
all_strict_sites,Q63HN8,5,3,632,0.3333333333333333,0.001975967421613272,0.33135736591172005
all_strict_sites,Q63HN8,10,3,632,0.3333333333333333,0.003951934843226544,0.3293813984901068
all_strict_sites,Q63HN8,15,3,632,0.3333333333333333,0.005968023430760898,0.3273653099025724
all_strict_sites,Q63HN8,20,3,632,0.3333333333333333,0.007803566771650384,0.3255297665616829
all_strict_sites,Q63HN8,25,3,632,0.3333333333333333,0.009704307007161628,0.3236290263261717
all_strict_sites,Q63HN8,30,3,632,0.3333333333333333,0.011640153262853819,0.3216931800704795
all_strict_sites,Q63HR2,5,4,219,0.16666666666666666,0.007456746680072054,0.15920991998659462
all_strict_sites,Q63HR2,10,4,219,0.16666666666666666,0.015793221901051487,0.15087344476561518
all_strict_sites,Q63HR2,15,4,219,0.16666666666666666,0.02337564408696745,0.1432910225796992
all_strict_sites,Q63HR2,20,4,219,0.16666666666666666,0.03154455196682167,0.13512211469984498
all_strict_sites,Q63HR2,25,4,219,0.16666666666666666,0.039252649658581544,0.1274140170080851
all_strict_sites,Q63HR2,30,4,219,0.16666666666666666,0.04629047798584056,0.1203761886808261
all_strict_sites,Q66GS9,5,3,143,0.3333333333333333,0.009750812567713976,0.32358252076561933
all_strict_sites,Q66GS9,10,3,143,0.3333333333333333,0.019600118191667487,0.31373321514166586
all_strict_sites,Q66GS9,15,3,143,0.3333333333333333,0.02600216684723727,0.30733116648609604
all_strict_sites,Q66GS9,20,3,143,0.3333333333333333,0.0333891460652024,0.29994418726813094
all_strict_sites,Q66GS9,25,3,143,0.3333333333333333,0.04156406973308382,0.2917692636002495
all_strict_sites,Q66GS9,30,3,143,0.3333333333333333,0.05042844479464198,0.28290488853869133
all_strict_sites,Q66K74,5,3,162,0.3333333333333333,0.011272141706924315,0.322061191626409
all_strict_sites,Q66K74,10,3,162,0.3333333333333333,0.021087339927919637,0.3122459934054137
all_strict_sites,Q66K74,15,3,162,0.3333333333333333,0.031132581857219538,0.3022007514761138
all_strict_sites,Q66K74,20,3,162,0.3333333333333333,0.04117782378651944,0.29215550954681385
all_strict_sites,Q66K74,25,3,162,0.3333333333333333,0.0519898780768346,0.28134345525649873
all_strict_sites,Q66K74,30,3,162,1.0,0.06149835135342382,0.9385016486465761
all_strict_sites,Q68CP9,5,20,309,0.07368421052631578,0.0059050981381078465,0.06777911238820794
all_strict_sites,Q68CP9,10,20,309,0.10526315789473684,0.011810196276215693,0.09345296161852114
all_strict_sites,Q68CP9,15,20,309,0.1631578947368421,0.01756819232547388,0.14558970241136823
all_strict_sites,Q68CP9,20,20,309,0.17894736842105263,0.023242130038246545,0.1557052383828061
all_strict_sites,Q68CP9,25,20,309,0.23157894736842105,0.02916824276047577,0.20241070460794527
all_strict_sites,Q68CP9,30,20,309,0.23684210526315788,0.03463203463203463,0.20221007063112326
all_strict_sites,Q68CZ2,5,3,241,0.0,0.007330567081604426,-0.007330567081604426
all_strict_sites,Q68CZ2,10,3,241,0.0,0.014903181189488244,-0.014903181189488244
all_strict_sites,Q68CZ2,15,3,241,0.3333333333333333,0.022372060857538036,0.3109612724757953
all_strict_sites,Q68CZ2,20,3,241,0.3333333333333333,0.029114799446749655,0.30421853388658365
all_strict_sites,Q68CZ2,25,3,241,0.3333333333333333,0.03654910096818811,0.29678423236514523
all_strict_sites,Q68CZ2,30,3,241,0.3333333333333333,0.043845089903181186,0.2894882434301521
all_strict_sites,Q68DE3,5,5,493,0.0,0.004930820099276044,-0.004930820099276044
all_strict_sites,Q68DE3,10,5,493,0.1,0.00976269397582414,0.09023730602417587
all_strict_sites,Q68DE3,15,5,493,0.1,0.014759478223585481,0.08524052177641453
all_strict_sites,Q68DE3,20,5,493,0.1,0.019558370025890927,0.08044162997410909
all_strict_sites,Q68DE3,25,5,493,0.1,0.024167614901301142,0.07583238509869886
all_strict_sites,Q68DE3,30,5,493,0.1,0.029024225333531224,0.07097577466646879
all_strict_sites,Q6AI12,5,4,43,0.3333333333333333,0.031007751937984496,0.3023255813953488
all_strict_sites,Q6AI12,10,4,43,0.3333333333333333,0.06090808416389812,0.2724252491694352
all_strict_sites,Q6AI12,15,4,43,0.8333333333333334,0.09966777408637874,0.7336655592469546
all_strict_sites,Q6AI12,20,4,43,1.0,0.13067552602436322,0.8693244739756367
all_strict_sites,Q6AI12,25,4,43,1.0,0.16057585825027684,0.8394241417497231
all_strict_sites,Q6AI12,30,4,43,1.0,0.18604651162790697,0.813953488372093
all_strict_sites,Q6AI39,5,9,219,0.16666666666666666,0.009886473126387667,0.156780193540279
all_strict_sites,Q6AI39,10,9,219,0.3611111111111111,0.019521595241087514,0.3415895158700236
all_strict_sites,Q6AI39,15,9,219,0.4722222222222222,0.028821582673536926,0.4434006395486853
all_strict_sites,Q6AI39,20,9,219,0.6111111111111112,0.038498596623518073,0.5726125144875931
all_strict_sites,Q6AI39,25,9,219,0.6666666666666666,0.04800804323237401,0.6186586234342926
all_strict_sites,Q6AI39,30,9,219,0.8055555555555556,0.058648569393825144,0.7469069861617305
all_strict_sites,Q6H8Q1,5,4,94,0.16666666666666666,0.02493708533516358,0.14172958133150307
all_strict_sites,Q6H8Q1,10,4,94,0.5,0.04735758407687028,0.4526424159231297
all_strict_sites,Q6H8Q1,15,4,94,0.5,0.07069320521619767,0.42930679478380235
all_strict_sites,Q6H8Q1,20,4,94,0.5,0.08830931137039578,0.41169068862960423
all_strict_sites,Q6H8Q1,25,4,94,0.5,0.10706932052161977,0.39293067947838023
all_strict_sites,Q6H8Q1,30,4,94,0.5,0.12399908487760238,0.37600091512239764
all_strict_sites,Q6KC79,5,15,448,0.08571428571428572,0.00362535953978907,0.08208892617449665
all_strict_sites,Q6KC79,10,15,448,0.14285714285714285,0.00710091083413231,0.13575623202301054
all_strict_sites,Q6KC79,15,15,448,0.18095238095238095,0.010806168104825823,0.17014621284755513
all_strict_sites,Q6KC79,20,15,448,0.20952380952380953,0.014341642697347395,0.19518216682646214
all_strict_sites,Q6KC79,25,15,448,0.24761904761904763,0.017877117289868967,0.22974193032917867
all_strict_sites,Q6KC79,30,15,448,0.3142857142857143,0.021442553531479707,0.29284316075423455
all_strict_sites,Q6MZP7,5,41,148,0.045121951219512194,0.015719801434087147,0.029402149785425047
all_strict_sites,Q6MZP7,10,41,148,0.07804878048780488,0.03033645890788748,0.047712321579917394
all_strict_sites,Q6MZP7,15,41,148,0.1024390243902439,0.044769259054973344,0.05766976533527055
all_strict_sites,Q6MZP7,20,41,148,0.12560975609756098,0.0589262732119875,0.06668348288557348
all_strict_sites,Q6MZP7,25,41,148,0.1548780487804878,0.07354293068578782,0.08133511809469998
all_strict_sites,Q6MZP7,30,41,148,0.18292682926829268,0.08760801617944475,0.09531881308884793
all_strict_sites,Q6N021,5,9,323,0.08333333333333333,0.005711208968713344,0.07762212436461999
all_strict_sites,Q6N021,10,9,323,0.16666666666666666,0.010960906101571063,0.1557057605650956
all_strict_sites,Q6N021,15,9,323,0.16666666666666666,0.015787550718227794,0.15087911594843886
all_strict_sites,Q6N021,20,9,323,0.16666666666666666,0.021306463088667963,0.1453602035779987
all_strict_sites,Q6N021,25,9,323,0.16666666666666666,0.026575389881353,0.14009127678531366
all_strict_sites,Q6N021,30,9,323,0.16666666666666666,0.03144049381766437,0.1352261728490023
all_strict_sites,Q6N043,5,5,196,0.4,0.011512297226582941,0.3884877027734171
all_strict_sites,Q6N043,10,5,196,0.6,0.02271062271062271,0.5772893772893772
all_strict_sites,Q6N043,15,5,196,0.6,0.033176347462061745,0.5668236525379382
all_strict_sites,Q6N043,20,5,196,0.6,0.04338042909471481,0.5566195709052851
all_strict_sites,Q6N043,25,5,196,0.6,0.052904238618524335,0.5470957613814756
all_strict_sites,Q6N043,30,5,196,0.6,0.06336996336996337,0.5366300366300366
all_strict_sites,Q6NXT4,5,4,71,0.5,0.020523138832997986,0.479476861167002
all_strict_sites,Q6NXT4,10,4,71,1.0,0.04144869215291751,0.9585513078470825
all_strict_sites,Q6NXT4,15,4,71,1.0,0.06398390342052314,0.9360160965794768
all_strict_sites,Q6NXT4,20,4,71,1.0,0.08571428571428572,0.9142857142857143
all_strict_sites,Q6NXT4,25,4,71,1.0,0.103420523138833,0.896579476861167
all_strict_sites,Q6NXT4,30,4,71,1.0,0.1267605633802817,0.8732394366197183
all_strict_sites,Q6P3W7,5,10,137,0.17777777777777778,0.014598540145985401,0.16317923763179237
all_strict_sites,Q6P3W7,10,10,137,0.4444444444444444,0.02715757835981108,0.41728686608463333
all_strict_sites,Q6P3W7,15,10,137,0.5555555555555556,0.037784456848432804,0.5177710987071228
all_strict_sites,Q6P3W7,20,10,137,0.7333333333333333,0.04991412623443538,0.6834192070988979
all_strict_sites,Q6P3W7,25,10,137,0.7555555555555555,0.06086303134392443,0.6946925242116311
all_strict_sites,Q6P3W7,30,10,137,0.8,0.07116788321167883,0.7288321167883212
all_strict_sites,Q6P4R8,5,69,253,0.03154305200341006,0.00894033502729155,0.022602716976118507
all_strict_sites,Q6P4R8,10,69,253,0.056265984654731455,0.017692452475061172,0.038573532179670286
all_strict_sites,Q6P4R8,15,69,253,0.08056265984654731,0.026381830729656816,0.0541808291168905
all_strict_sites,Q6P4R8,20,69,253,0.10144927536231885,0.034882991404730536,0.06656628395758832
all_strict_sites,Q6P4R8,25,69,253,0.11807331628303495,0.04329004329004329,0.07478327299299167
all_strict_sites,Q6P4R8,30,69,253,0.13128729752770674,0.05100696405044231,0.08028033347726443
all_strict_sites,Q6PCB5,5,8,113,0.17857142857142858,0.018489254108723135,0.16008217446270545
all_strict_sites,Q6PCB5,10,8,113,0.17857142857142858,0.033343868520859674,0.14522756005056892
all_strict_sites,Q6PCB5,15,8,113,0.39285714285714285,0.05025284450063211,0.34260429835651074
all_strict_sites,Q6PCB5,20,8,113,0.5357142857142857,0.06479140328697851,0.4709228824273072
all_strict_sites,Q6PCB5,25,8,113,0.5357142857142857,0.07743362831858407,0.4582806573957016
all_strict_sites,Q6PCB5,30,8,113,0.6071428571428571,0.09007585335018964,0.5170670037926675
all_strict_sites,Q6PI47,5,3,63,0.0,0.02457757296466974,-0.02457757296466974
all_strict_sites,Q6PI47,10,3,63,0.3333333333333333,0.048131080389144903,0.28520225294418844
all_strict_sites,Q6PI47,15,3,63,0.3333333333333333,0.07885304659498207,0.2544802867383512
all_strict_sites,Q6PI47,20,3,63,0.3333333333333333,0.10445468509984639,0.22887864823348691
all_strict_sites,Q6PI47,25,3,63,0.3333333333333333,0.13108038914490527,0.20225294418842804
all_strict_sites,Q6PI47,30,3,63,0.3333333333333333,0.15360983102918588,0.17972350230414744
all_strict_sites,Q6PJG2,5,13,129,0.10256410256410256,0.00944767441860465,0.0931164281454979
all_strict_sites,Q6PJG2,10,13,129,0.16666666666666666,0.021681201550387597,0.14498546511627905
all_strict_sites,Q6PJG2,15,13,129,0.2564102564102564,0.03330910852713178,0.2231011478831246
all_strict_sites,Q6PJG2,20,13,129,0.28205128205128205,0.044452519379844964,0.2375987626714371
all_strict_sites,Q6PJG2,25,13,129,0.34615384615384615,0.0559593023255814,0.29019454382826476
all_strict_sites,Q6PJG2,30,13,129,0.41025641025641024,0.06455910852713179,0.3456973017292785
all_strict_sites,Q6PJT7,5,33,117,0.07196969696969698,0.016357206012378427,0.055612490957318544
all_strict_sites,Q6PJT7,10,33,117,0.09848484848484848,0.02976716769820218,0.0687176807866463
all_strict_sites,Q6PJT7,15,33,117,0.11363636363636363,0.0430297671676982,0.07060659646866543
all_strict_sites,Q6PJT7,20,33,117,0.13257575757575757,0.05732390215148836,0.07525185542426921
all_strict_sites,Q6PJT7,25,33,117,0.14204545454545456,0.06822870615974064,0.07381674838571392
all_strict_sites,Q6PJT7,30,33,117,0.1534090909090909,0.0820807544945476,0.07132833641454331
all_strict_sites,Q6PKG0,5,6,137,0.2,0.0124516960068699,0.1875483039931301
all_strict_sites,Q6PKG0,10,6,137,0.2,0.022971232288535853,0.17702876771146417
all_strict_sites,Q6PKG0,15,6,137,0.2,0.033276084156290256,0.16672391584370977
all_strict_sites,Q6PKG0,20,6,137,0.2,0.04218548733361958,0.15781451266638044
all_strict_sites,Q6PKG0,25,6,137,0.2,0.051524259338772006,0.148475740661228
all_strict_sites,Q6PKG0,30,6,137,0.2,0.061399742378703305,0.1386002576212967
all_strict_sites,Q6Q0C0,5,6,117,0.9333333333333333,0.015620394930739759,0.9177129384025936
all_strict_sites,Q6Q0C0,10,6,117,1.0,0.03330386089006779,0.9666961391099322
all_strict_sites,Q6Q0C0,15,6,117,1.0,0.05098732684939582,0.9490126731506042
all_strict_sites,Q6Q0C0,20,6,117,1.0,0.06822870615974064,0.9317712938402594
all_strict_sites,Q6Q0C0,25,6,117,1.0,0.08355437665782493,0.916445623342175
all_strict_sites,Q6Q0C0,30,6,117,1.0,0.09961685823754789,0.9003831417624522
all_strict_sites,Q6R327,5,3,271,0.0,0.007680743474101408,-0.007680743474101408
all_strict_sites,Q6R327,10,3,271,0.0,0.015388820554872215,-0.015388820554872215
all_strict_sites,Q6R327,15,3,271,0.0,0.023288232882328824,-0.023288232882328824
all_strict_sites,Q6R327,20,3,271,0.0,0.03028563618969523,-0.03028563618969523
all_strict_sites,Q6R327,25,3,271,0.0,0.037529041957086236,-0.037529041957086236
all_strict_sites,Q6R327,30,3,271,0.0,0.045018450184501846,-0.045018450184501846
all_strict_sites,Q6UB99,5,5,360,0.1,0.004719900959455277,0.09528009904054473
all_strict_sites,Q6UB99,10,5,360,0.1,0.009439801918910555,0.09056019808108945
all_strict_sites,Q6UB99,15,5,360,0.1,0.014159702878365831,0.08584029712163417
all_strict_sites,Q6UB99,20,5,360,0.1,0.01863200247601362,0.08136799752398638
all_strict_sites,Q6UB99,25,5,360,0.1,0.022717424945837204,0.0772825750541628
all_strict_sites,Q6UB99,30,5,360,0.1,0.027127824203033116,0.07287217579696689
all_strict_sites,Q6UN15,5,11,97,0.23636363636363636,0.021262886597938145,0.2151007497656982
all_strict_sites,Q6UN15,10,11,97,0.36363636363636365,0.03994845360824742,0.32368791002811625
all_strict_sites,Q6UN15,15,11,97,0.45454545454545453,0.05584192439862543,0.3987035301468291
all_strict_sites,Q6UN15,20,11,97,0.4909090909090909,0.07130584192439862,0.41960324898469226
all_strict_sites,Q6UN15,25,11,97,0.4909090909090909,0.08784364261168384,0.4030654482974071
all_strict_sites,Q6UN15,30,11,97,0.4909090909090909,0.10330756013745704,0.38760153077163384
all_strict_sites,Q6UUV7,5,17,119,0.09558823529411764,0.01694915254237288,0.07863908275174476
all_strict_sites,Q6UUV7,10,17,119,0.19117647058823528,0.03518017376442102,0.15599629682381427
all_strict_sites,Q6UUV7,15,17,119,0.27941176470588236,0.0524141860133884,0.22699757869249396
all_strict_sites,Q6UUV7,20,17,119,0.34558823529411764,0.06879361914257229,0.2767946161515453
all_strict_sites,Q6UUV7,25,17,119,0.40441176470588236,0.0844609030052699,0.3199508617006125
all_strict_sites,Q6UUV7,30,17,119,0.4338235294117647,0.09955846745477852,0.3342650619569862
all_strict_sites,Q6UVJ0,5,8,89,0.17857142857142858,0.015321756894790603,0.16324967167663798
all_strict_sites,Q6UVJ0,10,8,89,0.35714285714285715,0.035495403472931564,0.3216474536699256
all_strict_sites,Q6UVJ0,15,8,89,0.39285714285714285,0.05030643513789581,0.34255070771924706
all_strict_sites,Q6UVJ0,20,8,89,0.39285714285714285,0.06537282941777324,0.3274843134393696
all_strict_sites,Q6UVJ0,25,8,89,0.39285714285714285,0.08094994892747702,0.3119071939296658
all_strict_sites,Q6UVJ0,30,8,89,0.39285714285714285,0.09627170582226761,0.2965854370348752
all_strict_sites,Q6VMQ6,5,34,250,0.053475935828877004,0.008771084337349397,0.04470485149152761
all_strict_sites,Q6VMQ6,10,34,250,0.09090909090909091,0.017542168674698794,0.07336692223439212
all_strict_sites,Q6VMQ6,15,34,250,0.12477718360071301,0.025477911646586346,0.09929927195412666
all_strict_sites,Q6VMQ6,20,34,250,0.15508021390374332,0.03376706827309237,0.12131314563065096
all_strict_sites,Q6VMQ6,25,34,250,0.1800356506238859,0.04224899598393574,0.13778665463995016
all_strict_sites,Q6VMQ6,30,34,250,0.20677361853832443,0.05127710843373494,0.15549651010458948
all_strict_sites,Q6W2J9,5,12,274,0.13636363636363635,0.005962407422261437,0.1304012289413749
all_strict_sites,Q6W2J9,10,12,274,0.19696969696969696,0.011898077591508249,0.18507161937818872
all_strict_sites,Q6W2J9,15,12,274,0.24242424242424243,0.01756637523060881,0.22485786719363363
all_strict_sites,Q6W2J9,20,12,274,0.24242424242424243,0.02299403759257774,0.2194302048316647
all_strict_sites,Q6W2J9,25,12,274,0.2727272727272727,0.028956445014839176,0.24377082771243352
all_strict_sites,Q6W2J9,30,12,274,0.2727272727272727,0.034624742653939736,0.23810253007333299
all_strict_sites,Q6WCQ1,5,4,150,0.3333333333333333,0.012975391498881432,0.3203579418344519
all_strict_sites,Q6WCQ1,10,4,150,0.3333333333333333,0.02487695749440716,0.30845637583892616
all_strict_sites,Q6WCQ1,15,4,150,0.3333333333333333,0.03445190156599553,0.2988814317673378
all_strict_sites,Q6WCQ1,20,4,150,0.3333333333333333,0.04527964205816555,0.2880536912751678
all_strict_sites,Q6WCQ1,25,4,150,0.3333333333333333,0.055391498881431765,0.27794183445190157
all_strict_sites,Q6WCQ1,30,4,150,0.3333333333333333,0.06559284116331096,0.2677404921700224
all_strict_sites,Q6Y7W6,5,8,148,0.07142857142857142,0.011674940246368818,0.05975363118220261
all_strict_sites,Q6Y7W6,10,8,148,0.10714285714285714,0.022614451185879757,0.08452840595697739
all_strict_sites,Q6Y7W6,15,8,148,0.14285714285714285,0.03153153153153153,0.11132561132561132
all_strict_sites,Q6Y7W6,20,8,148,0.14285714285714285,0.04054054054054054,0.1023166023166023
all_strict_sites,Q6Y7W6,25,8,148,0.17857142857142858,0.04706747563890421,0.13150395293252437
all_strict_sites,Q6Y7W6,30,8,148,0.17857142857142858,0.0546975546975547,0.12387387387387389
all_strict_sites,Q6ZN30,5,6,188,0.2,0.01006940493799067,0.18993059506200935
all_strict_sites,Q6ZN30,10,6,188,0.3333333333333333,0.019569916941631585,0.31376341639170174
all_strict_sites,Q6ZN30,15,6,188,0.4,0.028217089543747867,0.37178291045625217
all_strict_sites,Q6ZN30,20,6,188,0.4,0.037034930026169074,0.36296506997383093
all_strict_sites,Q6ZN30,25,6,188,0.5333333333333333,0.045226988280805555,0.48810634505252776
all_strict_sites,Q6ZN30,30,6,188,0.6,0.05478438957788144,0.5452156104221185
all_strict_sites,Q6ZRI6,5,11,152,0.07272727272727272,0.009498082955733705,0.06322918977153902
all_strict_sites,Q6ZRI6,10,11,152,0.14545454545454545,0.01812478215406065,0.1273297633004848
all_strict_sites,Q6ZRI6,15,11,152,0.23636363636363636,0.028145695364238412,0.20821794099939794
all_strict_sites,Q6ZRI6,20,11,152,0.2545454545454545,0.03886371558034158,0.21568173896511295
all_strict_sites,Q6ZRI6,25,11,152,0.2545454545454545,0.048187521784593935,0.2063579327608606
all_strict_sites,Q6ZRI6,30,11,152,0.2545454545454545,0.056814220982920875,0.19773123356253364
all_strict_sites,Q6ZRP7,5,3,80,0.0,0.01360759493670886,-0.01360759493670886
all_strict_sites,Q6ZRP7,10,3,80,0.0,0.025,-0.025
all_strict_sites,Q6ZRP7,15,3,80,0.0,0.04113924050632911,-0.04113924050632911
all_strict_sites,Q6ZRP7,20,3,80,0.0,0.05411392405063291,-0.05411392405063291
all_strict_sites,Q6ZRP7,25,3,80,0.0,0.07025316455696203,-0.07025316455696203
all_strict_sites,Q6ZRP7,30,3,80,0.0,0.08702531645569621,-0.08702531645569621
all_strict_sites,Q6ZRS2,5,27,540,0.03418803418803419,0.003930461073318216,0.030257573114715976
all_strict_sites,Q6ZRS2,10,27,540,0.05413105413105413,0.007620421906136192,0.04651063222491794
all_strict_sites,Q6ZRS2,15,27,540,0.05698005698005698,0.011069882498453927,0.045910174481603054
all_strict_sites,Q6ZRS2,20,27,540,0.06552706552706553,0.014381914381914381,0.05114515114515114
all_strict_sites,Q6ZRS2,25,27,540,0.07692307692307693,0.017913832199546485,0.059009244723530446
all_strict_sites,Q6ZRS2,30,27,540,0.07977207977207977,0.02117776403490689,0.05859431573717288
all_strict_sites,Q6ZSR9,5,5,68,0.2,0.028094820017559263,0.17190517998244076
all_strict_sites,Q6ZSR9,10,5,68,0.3,0.056189640035118525,0.24381035996488146
all_strict_sites,Q6ZSR9,15,5,68,0.3,0.08296751536435469,0.21703248463564528
all_strict_sites,Q6ZSR9,20,5,68,0.3,0.10886742756804214,0.19113257243195786
all_strict_sites,Q6ZSR9,25,5,68,0.3,0.1382791922739245,0.1617208077260755
all_strict_sites,Q6ZSR9,30,5,68,0.3,0.16154521510096576,0.13845478489903423
all_strict_sites,Q6ZU65,5,15,253,0.13333333333333333,0.00997553171466215,0.12335780161867119
all_strict_sites,Q6ZU65,10,15,253,0.20952380952380953,0.020013802622498276,0.18951000690131126
all_strict_sites,Q6ZU65,15,15,253,0.26666666666666666,0.0290168768429638,0.23764978982370286
all_strict_sites,Q6ZU65,20,15,253,0.3142857142857143,0.03801995106342933,0.27626576322228497
all_strict_sites,Q6ZU65,25,15,253,0.3619047619047619,0.04755630842587364,0.31434845347888823
all_strict_sites,Q6ZU65,30,15,253,0.3619047619047619,0.05659075224292615,0.30531400966183575
all_strict_sites,Q70E73,5,5,219,0.1,0.009509446608855934,0.09049055339114408
all_strict_sites,Q70E73,10,5,219,0.5,0.018977001382430563,0.4810229986175694
all_strict_sites,Q70E73,15,5,219,0.6,0.02861212349713041,0.5713878765028696
all_strict_sites,Q70E73,20,5,219,0.6,0.037954002764861126,0.5620459972351388
all_strict_sites,Q70E73,25,5,219,0.7,0.04603912697415274,0.6539608730258473
all_strict_sites,Q70E73,30,5,219,0.8,0.0547107368773826,0.7452892631226175
all_strict_sites,Q71DI3,5,3,16,0.3333333333333333,0.058333333333333334,0.27499999999999997
all_strict_sites,Q71DI3,10,3,16,1.0,0.125,0.875
all_strict_sites,Q71DI3,15,3,16,1.0,0.18333333333333332,0.8166666666666667
all_strict_sites,Q71DI3,20,3,16,1.0,0.24166666666666667,0.7583333333333333
all_strict_sites,Q71DI3,25,3,16,1.0,0.325,0.675
all_strict_sites,Q71DI3,30,3,16,1.0,0.4083333333333333,0.5916666666666667
all_strict_sites,Q71RG4,5,3,46,1.0,0.028019323671497585,0.9719806763285024
all_strict_sites,Q71RG4,10,3,46,1.0,0.06183574879227053,0.9381642512077295
all_strict_sites,Q71RG4,15,3,46,1.0,0.09178743961352658,0.9082125603864735
all_strict_sites,Q71RG4,20,3,46,1.0,0.11690821256038647,0.8830917874396136
all_strict_sites,Q71RG4,25,3,46,1.0,0.14009661835748793,0.8599033816425121
all_strict_sites,Q71RG4,30,3,46,1.0,0.157487922705314,0.842512077294686
all_strict_sites,Q71U36,5,17,51,0.014705882352941176,0.02980392156862745,-0.015098039215686275
all_strict_sites,Q71U36,10,17,51,0.029411764705882353,0.05019607843137255,-0.020784313725490194
all_strict_sites,Q71U36,15,17,51,0.058823529411764705,0.07764705882352942,-0.01882352941176471
all_strict_sites,Q71U36,20,17,51,0.0661764705882353,0.10196078431372549,-0.035784313725490194
all_strict_sites,Q71U36,25,17,51,0.07352941176470588,0.1192156862745098,-0.04568627450980392
all_strict_sites,Q71U36,30,17,51,0.08088235294117647,0.1396078431372549,-0.058725490196078436
all_strict_sites,Q75N03,5,3,46,0.3333333333333333,0.02608695652173913,0.30724637681159417
all_strict_sites,Q75N03,10,3,46,0.3333333333333333,0.05217391304347826,0.2811594202898551
all_strict_sites,Q75N03,15,3,46,0.3333333333333333,0.07536231884057971,0.2579710144927536
all_strict_sites,Q75N03,20,3,46,0.3333333333333333,0.0966183574879227,0.23671497584541062
all_strict_sites,Q75N03,25,3,46,0.3333333333333333,0.1111111111111111,0.2222222222222222
all_strict_sites,Q75N03,30,3,46,0.3333333333333333,0.12657004830917876,0.20676328502415456
all_strict_sites,Q76L83,5,5,292,0.2,0.0072494468766181805,0.19275055312338182
all_strict_sites,Q76L83,10,5,292,0.2,0.014993174222096691,0.1850068257779033
all_strict_sites,Q76L83,15,5,292,0.2,0.022360306924633998,0.177639693075366
all_strict_sites,Q76L83,20,5,292,0.2,0.02979805112272278,0.17020194887727724
all_strict_sites,Q76L83,25,5,292,0.2,0.03660029186084828,0.16339970813915172
all_strict_sites,Q76L83,30,5,292,0.2,0.043520218424892905,0.1564797815751071
all_strict_sites,Q7KZ85,5,7,175,0.3333333333333333,0.008078817733990148,0.32525451559934315
all_strict_sites,Q7KZ85,10,7,175,0.47619047619047616,0.014844006568144498,0.46134646962233167
all_strict_sites,Q7KZ85,15,7,175,0.6666666666666666,0.022068965517241378,0.6445977011494253
all_strict_sites,Q7KZ85,20,7,175,0.7142857142857143,0.02857142857142857,0.6857142857142857
all_strict_sites,Q7KZ85,25,7,175,0.7142857142857143,0.034811165845648605,0.6794745484400657
all_strict_sites,Q7KZ85,30,7,175,0.7142857142857143,0.04111658456486043,0.6731691297208539
all_strict_sites,Q7L2H7,5,3,44,0.3333333333333333,0.02536997885835095,0.30796335447498235
all_strict_sites,Q7L2H7,10,3,44,0.3333333333333333,0.04756871035940803,0.2857646229739253
all_strict_sites,Q7L2H7,15,3,44,0.3333333333333333,0.06553911205073996,0.26779422128259334
all_strict_sites,Q7L2H7,20,3,44,0.3333333333333333,0.09090909090909091,0.2424242424242424
all_strict_sites,Q7L2H7,25,3,44,0.3333333333333333,0.1109936575052854,0.22233967582804792
all_strict_sites,Q7L2H7,30,3,44,0.3333333333333333,0.13107822410147993,0.20225510923185339
all_strict_sites,Q7L3V2,5,3,48,0.3333333333333333,0.03368794326241135,0.29964539007092195
all_strict_sites,Q7L3V2,10,3,48,0.6666666666666666,0.06382978723404255,0.6028368794326241
all_strict_sites,Q7L3V2,15,3,48,1.0,0.09929078014184398,0.900709219858156
all_strict_sites,Q7L3V2,20,3,48,1.0,0.13297872340425532,0.8670212765957447
all_strict_sites,Q7L3V2,25,3,48,1.0,0.15602836879432624,0.8439716312056738
all_strict_sites,Q7L3V2,30,3,48,1.0,0.19326241134751773,0.8067375886524822
all_strict_sites,Q7L592,5,3,49,1.0,0.02040816326530612,0.9795918367346939
all_strict_sites,Q7L592,10,3,49,1.0,0.036564625850340135,0.9634353741496599
all_strict_sites,Q7L592,15,3,49,1.0,0.05612244897959184,0.9438775510204082
all_strict_sites,Q7L592,20,3,49,1.0,0.07653061224489796,0.923469387755102
all_strict_sites,Q7L592,25,3,49,1.0,0.10374149659863946,0.8962585034013606
all_strict_sites,Q7L592,30,3,49,1.0,0.1292517006802721,0.8707482993197279
all_strict_sites,Q7LBC6,5,26,288,0.08307692307692308,0.006920247773906311,0.07615667530301677
all_strict_sites,Q7LBC6,10,26,288,0.16923076923076924,0.013888888888888888,0.15534188034188035
all_strict_sites,Q7LBC6,15,26,288,0.21846153846153846,0.021075300038714672,0.1973862384228238
all_strict_sites,Q7LBC6,20,26,288,0.25846153846153846,0.027777777777777776,0.23068376068376067
all_strict_sites,Q7LBC6,25,26,288,0.27384615384615385,0.03414150212930701,0.23970465171684685
all_strict_sites,Q7LBC6,30,26,288,0.2923076923076923,0.04081978319783198,0.25148790910986035
all_strict_sites,Q7RTP6,5,4,276,0.16666666666666666,0.006034255599472991,0.16063241106719367
all_strict_sites,Q7RTP6,10,4,276,0.16666666666666666,0.011304347826086957,0.1553623188405797
all_strict_sites,Q7RTP6,15,4,276,0.16666666666666666,0.01718050065876153,0.14948616600790512
all_strict_sites,Q7RTP6,20,4,276,0.16666666666666666,0.02313570487483531,0.14353096179183134
all_strict_sites,Q7RTP6,25,4,276,0.16666666666666666,0.02895915678524374,0.1377075098814229
all_strict_sites,Q7RTP6,30,4,276,0.16666666666666666,0.03401844532279315,0.1326482213438735
all_strict_sites,Q7Z2W4,5,4,151,0.3333333333333333,0.013245033112582781,0.3200883002207505
all_strict_sites,Q7Z2W4,10,4,151,0.5,0.026490066225165563,0.4735099337748344
all_strict_sites,Q7Z2W4,15,4,151,0.5,0.03814569536423841,0.4618543046357616
all_strict_sites,Q7Z2W4,20,4,151,0.5,0.04891832229580574,0.4510816777041943
all_strict_sites,Q7Z2W4,25,4,151,0.5,0.060132450331125825,0.4398675496688742
all_strict_sites,Q7Z2W4,30,4,151,0.5,0.07116997792494481,0.42883002207505516
all_strict_sites,Q7Z2Y5,5,3,194,0.3333333333333333,0.006356498050317825,0.32697683528301547
all_strict_sites,Q7Z2Y5,10,3,194,0.3333333333333333,0.014368890550718445,0.3189644427826149
all_strict_sites,Q7Z2Y5,15,3,194,0.3333333333333333,0.02131296405106565,0.3120203692822677
all_strict_sites,Q7Z2Y5,20,3,194,0.3333333333333333,0.02750921425137546,0.30582411908195783
all_strict_sites,Q7Z2Y5,25,3,194,0.3333333333333333,0.033598632551679934,0.2997347007816534
all_strict_sites,Q7Z2Y5,30,3,194,0.3333333333333333,0.03958121895197906,0.29375211438135423
all_strict_sites,Q7Z2Y8,5,3,324,0.0,0.004682184764744105,-0.004682184764744105
all_strict_sites,Q7Z2Y8,10,3,324,0.0,0.0091923709054772,-0.0091923709054772
all_strict_sites,Q7Z2Y8,15,3,324,0.0,0.013052784466613156,-0.013052784466613156
all_strict_sites,Q7Z2Y8,20,3,324,0.0,0.017027863777089782,-0.017027863777089782
all_strict_sites,Q7Z2Y8,25,3,324,0.0,0.020983832129342964,-0.020983832129342964
all_strict_sites,Q7Z2Y8,30,3,324,0.0,0.02459580323357413,-0.02459580323357413
all_strict_sites,Q7Z3B4,5,7,80,0.42857142857142855,0.025632911392405065,0.40293851717902346
all_strict_sites,Q7Z3B4,10,7,80,0.7142857142857143,0.05,0.6642857142857143
all_strict_sites,Q7Z3B4,15,7,80,0.8095238095238095,0.06930379746835443,0.7402200120554551
all_strict_sites,Q7Z3B4,20,7,80,0.9047619047619048,0.0930379746835443,0.8117239300783605
all_strict_sites,Q7Z3B4,25,7,80,1.0,0.11708860759493671,0.8829113924050633
all_strict_sites,Q7Z3B4,30,7,80,1.0,0.14177215189873418,0.8582278481012658
all_strict_sites,Q7Z3H0,5,3,60,0.3333333333333333,0.02655367231638418,0.30677966101694915
all_strict_sites,Q7Z3H0,10,3,60,0.6666666666666666,0.04745762711864407,0.6192090395480225
all_strict_sites,Q7Z3H0,15,3,60,1.0,0.07288135593220339,0.9271186440677966
all_strict_sites,Q7Z3H0,20,3,60,1.0,0.10056497175141244,0.8994350282485876
all_strict_sites,Q7Z3H0,25,3,60,1.0,0.12146892655367232,0.8785310734463276
all_strict_sites,Q7Z3H0,30,3,60,1.0,0.1440677966101695,0.8559322033898304
all_strict_sites,Q7Z3J3,5,5,261,0.1,0.0071912761567933985,0.09280872384320661
all_strict_sites,Q7Z3J3,10,5,261,0.1,0.014117300324196875,0.08588269967580313
all_strict_sites,Q7Z3J3,15,5,261,0.2,0.020394930739758326,0.1796050692602417
all_strict_sites,Q7Z3J3,20,5,261,0.2,0.026790450928381962,0.17320954907161806
all_strict_sites,Q7Z3J3,25,5,261,0.2,0.03371647509578544,0.16628352490421458
all_strict_sites,Q7Z3J3,30,5,261,0.2,0.04049513704686118,0.15950486295313882
all_strict_sites,Q7Z3K3,5,38,230,0.04836415362731152,0.009189291816973609,0.03917486181033791
all_strict_sites,Q7Z3K3,10,38,230,0.09815078236130868,0.01777102715018037,0.0803797552111283
all_strict_sites,Q7Z3K3,15,38,230,0.1379800853485064,0.026618568445035126,0.11136151690347126
all_strict_sites,Q7Z3K3,20,38,230,0.1806543385490754,0.034516802734004176,0.14613753581507122
all_strict_sites,Q7Z3K3,25,38,230,0.2147937411095306,0.04222517562179609,0.1725685654877345
all_strict_sites,Q7Z3K3,30,38,230,0.2460881934566145,0.050427188152648565,0.19566100530396593
all_strict_sites,Q7Z3T8,5,4,262,0.3333333333333333,0.007107133456172677,0.3262261998771606
all_strict_sites,Q7Z3T8,10,4,262,0.3333333333333333,0.014068029598432336,0.319265303734901
all_strict_sites,Q7Z3T8,15,4,262,0.3333333333333333,0.02155538007077886,0.3117779532625545
all_strict_sites,Q7Z3T8,20,4,262,0.3333333333333333,0.028428533824690707,0.30490479950864263
all_strict_sites,Q7Z3T8,25,4,262,0.3333333333333333,0.03500921295077652,0.2983241203825568
all_strict_sites,Q7Z3T8,30,4,262,0.6666666666666666,0.04188236670468837,0.6247842999619783
all_strict_sites,Q7Z417,5,17,134,0.34558823529411764,0.017955336101447648,0.32763289919266997
all_strict_sites,Q7Z417,10,17,134,0.5514705882352942,0.03557400965099315,0.515896578584301
all_strict_sites,Q7Z417,15,17,134,0.6838235294117647,0.05173381214229604,0.6320897172694687
all_strict_sites,Q7Z417,20,17,134,0.7426470588235294,0.06699584782852654,0.6756512109950029
all_strict_sites,Q7Z417,25,17,134,0.7647058823529411,0.08461452137807204,0.6800913609748691
all_strict_sites,Q7Z417,30,17,134,0.7794117647058824,0.10032544046683874,0.6790863242390436
all_strict_sites,Q7Z434,5,12,108,0.07575757575757576,0.020941502249913466,0.054816073507662294
all_strict_sites,Q7Z434,10,12,108,0.15151515151515152,0.04361370716510903,0.10790144435004248
all_strict_sites,Q7Z434,15,12,108,0.25757575757575757,0.0647282796815507,0.19284747789420686
all_strict_sites,Q7Z434,20,12,108,0.36363636363636365,0.08618899273104881,0.27744737090531485
all_strict_sites,Q7Z434,25,12,108,0.42424242424242425,0.10730356524749048,0.3169388589949338
all_strict_sites,Q7Z434,30,12,108,0.45454545454545453,0.12859120803046037,0.32595424651499416
all_strict_sites,Q7Z460,5,4,281,0.16666666666666666,0.0085155058464667,0.15815116082019995
all_strict_sites,Q7Z460,10,4,281,0.3333333333333333,0.016573462125063547,0.31675987120826976
all_strict_sites,Q7Z460,15,4,281,0.5,0.023665480427046262,0.47633451957295375
all_strict_sites,Q7Z460,20,4,281,0.5,0.031011692933401117,0.4689883070665989
all_strict_sites,Q7Z460,25,4,281,0.5,0.03838332486019319,0.4616166751398068
all_strict_sites,Q7Z460,30,4,281,0.5,0.04623792577529232,0.45376207422470766
all_strict_sites,Q7Z4H8,5,3,47,0.0,0.01942645698427382,-0.01942645698427382
all_strict_sites,Q7Z4H8,10,3,47,0.0,0.04070305272895467,-0.04070305272895467
all_strict_sites,Q7Z4H8,15,3,47,0.3333333333333333,0.06753006475485661,0.2658032685784767
all_strict_sites,Q7Z4H8,20,3,47,0.3333333333333333,0.08695652173913043,0.24637681159420288
all_strict_sites,Q7Z4H8,25,3,47,0.3333333333333333,0.10545790934320073,0.22787542399013258
all_strict_sites,Q7Z4H8,30,3,47,0.3333333333333333,0.12950971322849214,0.20382362010484117
all_strict_sites,Q7Z589,5,75,322,0.036756756756756756,0.008591165031636384,0.02816559172512037
all_strict_sites,Q7Z589,10,75,322,0.06594594594594595,0.01677599117664132,0.049169954769304636
all_strict_sites,Q7Z589,15,75,322,0.08936936936936937,0.02453512896422283,0.06483424040514654
all_strict_sites,Q7Z589,20,75,322,0.10954954954954955,0.03273930458001974,0.07681024496952982
all_strict_sites,Q7Z589,25,75,322,0.129009009009009,0.04036299607205743,0.08864601293695157
all_strict_sites,Q7Z589,30,75,322,0.1491891891891892,0.04850912327547842,0.10068006591371077
all_strict_sites,Q7Z5J4,5,16,316,0.16666666666666666,0.0069117942535664055,0.15975487241310024
all_strict_sites,Q7Z5J4,10,16,316,0.275,0.012497488446855536,0.26250251155314447
all_strict_sites,Q7Z5J4,15,16,316,0.3333333333333333,0.01810327506530038,0.3152300582680329
all_strict_sites,Q7Z5J4,20,16,316,0.38333333333333336,0.0241711874623267,0.35916214587100664
all_strict_sites,Q7Z5J4,25,16,316,0.4083333333333333,0.02911392405063291,0.3792194092827004
all_strict_sites,Q7Z5J4,30,16,316,0.4166666666666667,0.03449869399236488,0.3821679726743018
all_strict_sites,Q7Z5L9,5,16,84,0.08333333333333333,0.019793459552495698,0.06353987378083763
all_strict_sites,Q7Z5L9,10,16,84,0.15,0.03815261044176707,0.11184738955823292
all_strict_sites,Q7Z5L9,15,16,84,0.23333333333333334,0.05880665519219736,0.17452667814113598
all_strict_sites,Q7Z5L9,20,16,84,0.2916666666666667,0.07458405048766495,0.21708261617900174
all_strict_sites,Q7Z5L9,25,16,84,0.325,0.09122203098106713,0.23377796901893289
all_strict_sites,Q7Z5L9,30,16,84,0.36666666666666664,0.1087205966724039,0.2579460699942627
all_strict_sites,Q7Z6B7,5,6,155,0.5333333333333333,0.011897779639715124,0.5214355536936182
all_strict_sites,Q7Z6B7,10,6,155,0.6666666666666666,0.021281943862589026,0.6453847228040777
all_strict_sites,Q7Z6B7,15,6,155,0.6666666666666666,0.030414746543778803,0.6362519201228878
all_strict_sites,Q7Z6B7,20,6,155,0.6666666666666666,0.04080435693338919,0.6258623097332774
all_strict_sites,Q7Z6B7,25,6,155,0.6666666666666666,0.049685798072894846,0.6169808685937718
all_strict_sites,Q7Z6B7,30,6,155,0.6666666666666666,0.05881860075408463,0.607848065912582
all_strict_sites,Q7Z6E9,5,7,338,0.14285714285714285,0.0068301933172967184,0.13602694953984612
all_strict_sites,Q7Z6E9,10,7,338,0.14285714285714285,0.013677944972170035,0.1291791978849728
all_strict_sites,Q7Z6E9,15,7,338,0.14285714285714285,0.0200340631748986,0.12282307968224425
all_strict_sites,Q7Z6E9,20,7,338,0.14285714285714285,0.02595122293821221,0.11690591991893064
all_strict_sites,Q7Z6E9,25,7,338,0.14285714285714285,0.032219549453057786,0.11063759340408506
all_strict_sites,Q7Z6E9,30,7,338,0.14285714285714285,0.03783821747756922,0.10501892537957364
all_strict_sites,Q7Z6J0,5,10,146,0.13333333333333333,0.013604156825696741,0.11972917650763659
all_strict_sites,Q7Z6J0,10,10,146,0.28888888888888886,0.027208313651393482,0.2616805752374954
all_strict_sites,Q7Z6J0,15,10,146,0.4,0.041379310344827586,0.35862068965517246
all_strict_sites,Q7Z6J0,20,10,146,0.4888888888888889,0.05422768068020784,0.43466120820868104
all_strict_sites,Q7Z6J0,25,10,146,0.6,0.06783183750590459,0.5321681624940954
all_strict_sites,Q7Z6J0,30,10,146,0.6888888888888889,0.08162494095418045,0.6072639479347084
all_strict_sites,Q7Z6Z7,5,8,744,0.10714285714285714,0.002945049856003705,0.10419780728685343
all_strict_sites,Q7Z6Z7,10,8,744,0.10714285714285714,0.0056911098568720245,0.1014517472859851
all_strict_sites,Q7Z6Z7,15,8,744,0.10714285714285714,0.008274359976265938,0.0988684971665912
all_strict_sites,Q7Z6Z7,20,8,744,0.10714285714285714,0.01061520427213129,0.09652765287072584
all_strict_sites,Q7Z6Z7,25,8,744,0.10714285714285714,0.013158656420498125,0.09398420072235901
all_strict_sites,Q7Z6Z7,30,8,744,0.10714285714285714,0.015593568647882024,0.09154928849497511
all_strict_sites,Q7Z739,5,15,85,0.14285714285714285,0.024089635854341738,0.11876750700280111
all_strict_sites,Q7Z739,10,15,85,0.3142857142857143,0.04649859943977591,0.26778711484593837
all_strict_sites,Q7Z739,15,15,85,0.4380952380952381,0.06946778711484594,0.3686274509803922
all_strict_sites,Q7Z739,20,15,85,0.5238095238095238,0.08823529411764706,0.43557422969187676
all_strict_sites,Q7Z739,25,15,85,0.5904761904761905,0.10700280112044817,0.4834733893557423
all_strict_sites,Q7Z739,30,15,85,0.6190476190476191,0.12492997198879552,0.49411764705882355
all_strict_sites,Q86SQ0,5,3,226,0.0,0.009400196656833825,-0.009400196656833825
all_strict_sites,Q86SQ0,10,3,226,0.0,0.018289085545722714,-0.018289085545722714
all_strict_sites,Q86SQ0,15,3,226,0.0,0.026981317600786626,-0.026981317600786626
all_strict_sites,Q86SQ0,20,3,226,0.0,0.03638151425762045,-0.03638151425762045
all_strict_sites,Q86SQ0,25,3,226,0.0,0.04487708947885939,-0.04487708947885939
all_strict_sites,Q86SQ0,30,3,226,0.0,0.052900688298918384,-0.052900688298918384
all_strict_sites,Q86T24,5,3,123,0.0,0.015193922431027589,-0.015193922431027589
all_strict_sites,Q86T24,10,3,123,0.3333333333333333,0.03158736505397841,0.3017459682793549
all_strict_sites,Q86T24,15,3,123,0.3333333333333333,0.043982407037185124,0.28935092629614817
all_strict_sites,Q86T24,20,3,123,0.3333333333333333,0.0586432093829135,0.2746901239504198
all_strict_sites,Q86T24,25,3,123,0.3333333333333333,0.07210449153671865,0.26122884179661465
all_strict_sites,Q86T24,30,3,123,0.3333333333333333,0.08823137411701985,0.24510195921631345
all_strict_sites,Q86TC9,5,16,232,0.11666666666666667,0.008807284669353635,0.10785938199731303
all_strict_sites,Q86TC9,10,16,232,0.19166666666666668,0.01664427526496492,0.17502239140170175
all_strict_sites,Q86TC9,15,16,232,0.25,0.024742498880429915,0.22525750111957007
all_strict_sites,Q86TC9,20,16,232,0.3,0.03201970443349754,0.26798029556650244
all_strict_sites,Q86TC9,25,16,232,0.38333333333333336,0.04026720406030751,0.3430661292730258
all_strict_sites,Q86TC9,30,16,232,0.4666666666666667,0.0483654276757725,0.41830123899089416
all_strict_sites,Q86U42,5,6,30,0.26666666666666666,0.04827586206896552,0.21839080459770116
all_strict_sites,Q86U42,10,6,30,0.4666666666666667,0.08505747126436781,0.3816091954022989
all_strict_sites,Q86U42,15,6,30,0.6666666666666666,0.12873563218390804,0.5379310344827586
all_strict_sites,Q86U42,20,6,30,0.8,0.167816091954023,0.632183908045977
all_strict_sites,Q86U42,25,6,30,0.9333333333333333,0.2206896551724138,0.7126436781609196
all_strict_sites,Q86U42,30,6,30,1.0,0.2827586206896552,0.7172413793103448
all_strict_sites,Q86U70,5,4,66,0.8333333333333334,0.02564102564102564,0.8076923076923077
all_strict_sites,Q86U70,10,4,66,1.0,0.049883449883449886,0.9501165501165502
all_strict_sites,Q86U70,15,4,66,1.0,0.07692307692307693,0.9230769230769231
all_strict_sites,Q86U70,20,4,66,1.0,0.09557109557109557,0.9044289044289044
all_strict_sites,Q86U70,25,4,66,1.0,0.11748251748251748,0.8825174825174825
all_strict_sites,Q86U70,30,4,66,1.0,0.137995337995338,0.862004662004662
all_strict_sites,Q86U86,5,3,180,0.3333333333333333,0.007386716325263811,0.3259466170080695
all_strict_sites,Q86U86,10,3,180,0.3333333333333333,0.013780260707635009,0.3195530726256983
all_strict_sites,Q86U86,15,3,180,0.3333333333333333,0.019615145872129112,0.3137181874612042
all_strict_sites,Q86U86,20,3,180,0.3333333333333333,0.02675356921166977,0.30657976412166354
all_strict_sites,Q86U86,25,3,180,0.3333333333333333,0.03196772191185599,0.30136561142147733
all_strict_sites,Q86U86,30,3,180,0.3333333333333333,0.037057728119180636,0.2962756052141527
all_strict_sites,Q86UE4,5,5,108,0.6,0.020249221183800622,0.5797507788161994
all_strict_sites,Q86UE4,10,5,108,0.6,0.03824852890273451,0.5617514710972654
all_strict_sites,Q86UE4,15,5,108,0.7,0.057805469020422294,0.6421945309795777
all_strict_sites,Q86UE4,20,5,108,1.0,0.07892004153686397,0.9210799584631361
all_strict_sites,Q86UE4,25,5,108,1.0,0.09899619245413638,0.9010038075458636
all_strict_sites,Q86UE4,30,5,108,1.0,0.11716857043959848,0.8828314295604015
all_strict_sites,Q86UP2,5,4,162,0.16666666666666666,0.008588298443370907,0.15807836822329574
all_strict_sites,Q86UP2,10,4,162,0.16666666666666666,0.015259565984203666,0.151407100682463
all_strict_sites,Q86UP2,15,4,162,0.16666666666666666,0.021547427344528795,0.14511923932213786
all_strict_sites,Q86UP2,20,4,162,0.16666666666666666,0.027528563760447818,0.13913810290621884
all_strict_sites,Q86UP2,25,4,162,0.16666666666666666,0.034966643662295835,0.13170002300437084
all_strict_sites,Q86UP2,30,4,162,0.16666666666666666,0.04309485468905759,0.12357181197760907
all_strict_sites,Q86UR5,5,3,305,0.0,0.006816220880069025,-0.006816220880069025
all_strict_sites,Q86UR5,10,3,305,0.0,0.013524590163934426,-0.013524590163934426
all_strict_sites,Q86UR5,15,3,305,0.0,0.01997411561691113,-0.01997411561691113
all_strict_sites,Q86UR5,20,3,305,0.0,0.026164797238999137,-0.026164797238999137
all_strict_sites,Q86UR5,25,3,305,0.0,0.032549611734253664,-0.032549611734253664
all_strict_sites,Q86UR5,30,3,305,0.0,0.03869715271786022,-0.03869715271786022
all_strict_sites,Q86UU0,5,8,201,0.10714285714285714,0.008059701492537314,0.09908315565031982
all_strict_sites,Q86UU0,10,8,201,0.21428571428571427,0.015522388059701492,0.19876332622601278
all_strict_sites,Q86UU0,15,8,201,0.32142857142857145,0.023582089552238807,0.29784648187633267
all_strict_sites,Q86UU0,20,8,201,0.32142857142857145,0.031840796019900496,0.289587775408671
all_strict_sites,Q86UU0,25,8,201,0.32142857142857145,0.03940298507462687,0.2820255863539446
all_strict_sites,Q86UU0,30,8,201,0.32142857142857145,0.046965174129353235,0.2744633972992182
all_strict_sites,Q86V15,5,11,277,0.18181818181818182,0.006984774760634123,0.1748334070575477
all_strict_sites,Q86V15,10,11,277,0.3090909090909091,0.013550986239732119,0.295539922851177
all_strict_sites,Q86V15,15,11,277,0.32727272727272727,0.020143357923926124,0.30712936934880114
all_strict_sites,Q86V15,20,11,277,0.32727272727272727,0.026735729608120127,0.3005369976646071
all_strict_sites,Q86V15,25,11,277,0.32727272727272727,0.032490974729241874,0.2947817525434854
all_strict_sites,Q86V15,30,11,277,0.32727272727272727,0.03910950661853189,0.28816322065419536
all_strict_sites,Q86V40,5,3,69,1.0,0.02216538789428815,0.9778346121057119
all_strict_sites,Q86V40,10,3,69,1.0,0.046462063086104004,0.953537936913896
all_strict_sites,Q86V40,15,3,69,1.0,0.06564364876385337,0.9343563512361466
all_strict_sites,Q86V40,20,3,69,1.0,0.08738277919863598,0.912617220801364
all_strict_sites,Q86V40,25,3,69,1.0,0.10656436487638533,0.8934356351236147
all_strict_sites,Q86V40,30,3,69,1.0,0.12830349531116794,0.8716965046888321
all_strict_sites,Q86VF7,5,3,205,0.0,0.005356288857006217,-0.005356288857006217
all_strict_sites,Q86VF7,10,3,205,0.0,0.009899569583931133,-0.009899569583931133
all_strict_sites,Q86VF7,15,3,205,0.0,0.015638450502152082,-0.015638450502152082
all_strict_sites,Q86VF7,20,3,205,0.0,0.021999043519846963,-0.021999043519846963
all_strict_sites,Q86VF7,25,3,205,0.0,0.027785748445719752,-0.027785748445719752
all_strict_sites,Q86VF7,30,3,205,0.0,0.03338115734098517,-0.03338115734098517
all_strict_sites,Q86VY4,5,3,44,0.6666666666666666,0.03382663847780127,0.6328400281888653
all_strict_sites,Q86VY4,10,3,44,1.0,0.05496828752642706,0.945031712473573
all_strict_sites,Q86VY4,15,3,44,1.0,0.07293868921775898,0.927061310782241
all_strict_sites,Q86VY4,20,3,44,1.0,0.08456659619450317,0.9154334038054969
all_strict_sites,Q86VY4,25,3,44,1.0,0.10993657505285412,0.8900634249471459
all_strict_sites,Q86VY4,30,3,44,1.0,0.1321353065539112,0.8678646934460887
all_strict_sites,Q86X95,5,3,79,1.0,0.04251866277182733,0.9574813372281726
all_strict_sites,Q86X95,10,3,79,1.0,0.08016877637130802,0.919831223628692
all_strict_sites,Q86X95,15,3,79,1.0,0.10970464135021098,0.890295358649789
all_strict_sites,Q86X95,20,3,79,1.0,0.1376176566049984,0.8623823433950016
all_strict_sites,Q86X95,25,3,79,1.0,0.15774099318403115,0.8422590068159689
all_strict_sites,Q86X95,30,3,79,1.0,0.17721518987341772,0.8227848101265822
all_strict_sites,Q86XE5,5,3,41,1.0,0.02926829268292683,0.9707317073170731
all_strict_sites,Q86XE5,10,3,41,1.0,0.06341463414634146,0.9365853658536585
all_strict_sites,Q86XE5,15,3,41,1.0,0.08658536585365853,0.9134146341463415
all_strict_sites,Q86XE5,20,3,41,1.0,0.11219512195121951,0.8878048780487805
all_strict_sites,Q86XE5,25,3,41,1.0,0.14268292682926828,0.8573170731707317
all_strict_sites,Q86XE5,30,3,41,1.0,0.18048780487804877,0.8195121951219513
all_strict_sites,Q86XN7,5,10,238,0.06666666666666667,0.011169024571854059,0.05549764209481261
all_strict_sites,Q86XN7,10,10,238,0.13333333333333333,0.023153565223557777,0.11017976810977556
all_strict_sites,Q86XN7,15,10,238,0.15555555555555556,0.03570542140906996,0.1198501341464856
all_strict_sites,Q86XN7,20,10,238,0.17777777777777778,0.04776087650249974,0.13001690127527804
all_strict_sites,Q86XN7,25,10,238,0.2222222222222222,0.05995816047938163,0.16226406174284058
all_strict_sites,Q86XN7,30,10,238,0.3111111111111111,0.07180087224763324,0.23931023886347788
all_strict_sites,Q86XP3,5,13,120,0.1794871794871795,0.01134453781512605,0.16814264167205345
all_strict_sites,Q86XP3,10,13,120,0.3076923076923077,0.023809523809523808,0.2838827838827839
all_strict_sites,Q86XP3,15,13,120,0.32051282051282054,0.036414565826330535,0.28409825468649
all_strict_sites,Q86XP3,20,13,120,0.3333333333333333,0.04873949579831933,0.284593837535014
all_strict_sites,Q86XP3,25,13,120,0.34615384615384615,0.06050420168067227,0.28564964447317387
all_strict_sites,Q86XP3,30,13,120,0.34615384615384615,0.07156862745098039,0.2745852187028658
all_strict_sites,Q86Y37,5,4,47,0.5,0.02960222016651249,0.4703977798334875
all_strict_sites,Q86Y37,10,4,47,1.0,0.06290471785383904,0.937095282146161
all_strict_sites,Q86Y37,15,4,47,1.0,0.08603145235892692,0.913968547641073
all_strict_sites,Q86Y37,20,4,47,1.0,0.11840888066604996,0.8815911193339501
all_strict_sites,Q86Y37,25,4,47,1.0,0.1452358926919519,0.8547641073080481
all_strict_sites,Q86Y37,30,4,47,1.0,0.16743755781683625,0.8325624421831638
all_strict_sites,Q86YP4,5,34,116,0.06951871657754011,0.015742128935532233,0.05377658764200788
all_strict_sites,Q86YP4,10,34,116,0.13012477718360071,0.037181409295352325,0.09294336788824839
all_strict_sites,Q86YP4,15,34,116,0.16755793226381463,0.05217391304347826,0.11538401922033636
all_strict_sites,Q86YP4,20,34,116,0.19429590017825313,0.06971514242878561,0.12458075774946752
all_strict_sites,Q86YP4,25,34,116,0.22281639928698752,0.08770614692653673,0.13511025236045077
all_strict_sites,Q86YP4,30,34,116,0.24420677361853832,0.10269865067466268,0.14150812294387566
all_strict_sites,Q86YZ3,5,4,999,0.0,0.0032457307006405205,-0.0032457307006405205
all_strict_sites,Q86YZ3,10,4,999,0.0,0.006371100559477313,-0.006371100559477313
all_strict_sites,Q86YZ3,15,4,999,0.0,0.01081241562203486,-0.01081241562203486
all_strict_sites,Q86YZ3,20,4,999,0.0,0.013873593031909666,-0.013873593031909666
all_strict_sites,Q86YZ3,25,4,999,0.0,0.017149413943001117,-0.017149413943001117
all_strict_sites,Q86YZ3,30,4,999,0.0,0.02111530368043394,-0.02111530368043394
all_strict_sites,Q86Z02,5,7,247,0.09523809523809523,0.00957835489286067,0.08565974034523456
all_strict_sites,Q86Z02,10,7,247,0.09523809523809523,0.018893387314439947,0.07634470792365529
all_strict_sites,Q86Z02,15,7,247,0.09523809523809523,0.02715512985089365,0.06808296538720159
all_strict_sites,Q86Z02,20,7,247,0.09523809523809523,0.03512063460715579,0.060117460630939444
all_strict_sites,Q86Z02,25,7,247,0.09523809523809523,0.043645699614890884,0.05159239562320435
all_strict_sites,Q86Z02,30,7,247,0.09523809523809523,0.05128205128205128,0.04395604395604395
all_strict_sites,Q8IU81,5,3,58,0.3333333333333333,0.01572897761645493,0.3176043557168784
all_strict_sites,Q8IU81,10,3,58,1.0,0.03327283726557774,0.9667271627344223
all_strict_sites,Q8IU81,15,3,58,1.0,0.050816696914700546,0.9491833030852994
all_strict_sites,Q8IU81,20,3,58,1.0,0.07017543859649122,0.9298245614035088
all_strict_sites,Q8IU81,25,3,58,1.0,0.08771929824561403,0.9122807017543859
all_strict_sites,Q8IU81,30,3,58,1.0,0.10465819721718088,0.8953418027828192
all_strict_sites,Q8IUD2,5,4,150,0.0,0.011275167785234899,-0.011275167785234899
all_strict_sites,Q8IUD2,10,4,150,0.16666666666666666,0.020850111856823266,0.1458165548098434
all_strict_sites,Q8IUD2,15,4,150,0.3333333333333333,0.030782997762863536,0.3025503355704698
all_strict_sites,Q8IUD2,20,4,150,0.5,0.0396420581655481,0.4603579418344519
all_strict_sites,Q8IUD2,25,4,150,0.5,0.04903803131991052,0.4509619686800895
all_strict_sites,Q8IUD2,30,4,150,0.5,0.057360178970917226,0.4426398210290828
all_strict_sites,Q8IVF2,5,23,766,0.02766798418972332,0.0018805781668629158,0.025787406022860403
all_strict_sites,Q8IVF2,10,23,766,0.043478260869565216,0.0037133739483608936,0.03976488692120432
all_strict_sites,Q8IVF2,15,23,766,0.05533596837944664,0.005621256335432345,0.04971471204401429
all_strict_sites,Q8IVF2,20,23,766,0.06719367588932806,0.007549616887660199,0.059644059001667867
all_strict_sites,Q8IVF2,25,23,766,0.06719367588932806,0.009365347531527842,0.05782832835780022
all_strict_sites,Q8IVF2,30,23,766,0.06719367588932806,0.011184491202921552,0.05600918468640651
all_strict_sites,Q8IVH2,5,4,105,0.5,0.01703296703296703,0.48296703296703297
all_strict_sites,Q8IVH2,10,4,105,0.5,0.03571428571428571,0.4642857142857143
all_strict_sites,Q8IVH2,15,4,105,0.5,0.05054945054945055,0.44945054945054946
all_strict_sites,Q8IVH2,20,4,105,0.5,0.06593406593406594,0.4340659340659341
all_strict_sites,Q8IVH2,25,4,105,0.5,0.08131868131868132,0.4186813186813187
all_strict_sites,Q8IVH2,30,4,105,0.5,0.0957875457875458,0.4042124542124542
all_strict_sites,Q8IVL0,5,5,551,0.3,0.004857284276522026,0.29514271572347794
all_strict_sites,Q8IVL0,10,5,551,0.4,0.009529780564263323,0.3904702194357367
all_strict_sites,Q8IVL0,15,5,551,0.4,0.014109882857614255,0.38589011714238575
all_strict_sites,Q8IVL0,20,5,551,0.4,0.018538195017323875,0.3814618049826761
all_strict_sites,Q8IVL0,25,5,551,0.4,0.02294010889292196,0.37705989110707805
all_strict_sites,Q8IVL0,30,5,551,0.4,0.02736842105263158,0.3726315789473684
all_strict_sites,Q8IVL1,5,3,548,0.6666666666666666,0.004583728098853735,0.6620829385678129
all_strict_sites,Q8IVL1,10,3,548,1.0,0.009087391078076835,0.9909126089219231
all_strict_sites,Q8IVL1,15,3,548,1.0,0.013470956377853989,0.986529043622146
all_strict_sites,Q8IVL1,20,3,548,1.0,0.01788121005084135,0.9821187899491587
all_strict_sites,Q8IVL1,25,3,548,1.0,0.022218070697500633,0.9777819293024994
all_strict_sites,Q8IVL1,30,3,548,1.0,0.02663499646379055,0.9733650035362095
all_strict_sites,Q8IVM0,5,3,28,0.3333333333333333,0.06084656084656084,0.27248677248677244
all_strict_sites,Q8IVM0,10,3,28,1.0,0.11375661375661375,0.8862433862433863
all_strict_sites,Q8IVM0,15,3,28,1.0,0.15079365079365079,0.8492063492063492
all_strict_sites,Q8IVM0,20,3,28,1.0,0.17989417989417988,0.8201058201058201
all_strict_sites,Q8IVM0,25,3,28,1.0,0.2222222222222222,0.7777777777777778
all_strict_sites,Q8IVM0,30,3,28,1.0,0.24867724867724866,0.7513227513227514
all_strict_sites,Q8IVT2,5,3,94,0.0,0.018988789750629148,-0.018988789750629148
all_strict_sites,Q8IVT2,10,3,94,0.0,0.03729123770304278,-0.03729123770304278
all_strict_sites,Q8IVT2,15,3,94,0.0,0.05628002745367193,-0.05628002745367193
all_strict_sites,Q8IVT2,20,3,94,0.0,0.06932052161976665,-0.06932052161976665
all_strict_sites,Q8IVT2,25,3,94,0.0,0.0851063829787234,-0.0851063829787234
all_strict_sites,Q8IVT2,30,3,94,0.0,0.09471516815374056,-0.09471516815374056
all_strict_sites,Q8IVW6,5,5,89,0.2,0.031920326864147086,0.16807967313585293
all_strict_sites,Q8IVW6,10,5,89,0.3,0.05873340143003064,0.24126659856996935
all_strict_sites,Q8IVW6,15,5,89,0.3,0.08273748723186926,0.21726251276813074
all_strict_sites,Q8IVW6,20,5,89,0.3,0.09908069458631256,0.2009193054136874
all_strict_sites,Q8IVW6,25,5,89,0.3,0.118488253319714,0.181511746680286
all_strict_sites,Q8IVW6,30,5,89,0.3,0.13508682328907048,0.1649131767109295
all_strict_sites,Q8IWA6,5,3,82,0.3333333333333333,0.026196928635953028,0.3071364046973803
all_strict_sites,Q8IWA6,10,3,82,0.3333333333333333,0.04998494429388738,0.2833483890394459
all_strict_sites,Q8IWA6,15,3,82,0.3333333333333333,0.07467630231857875,0.25865703101475457
all_strict_sites,Q8IWA6,20,3,82,0.3333333333333333,0.0957542908762421,0.23757904245709122
all_strict_sites,Q8IWA6,25,3,82,0.3333333333333333,0.11803673592291479,0.2152965974104185
all_strict_sites,Q8IWA6,30,3,82,0.3333333333333333,0.13851249623607348,0.19482083709725984
all_strict_sites,Q8IWB9,5,9,201,0.5555555555555556,0.011194029850746268,0.5443615257048093
all_strict_sites,Q8IWB9,10,9,201,0.75,0.02293532338308458,0.7270646766169154
all_strict_sites,Q8IWB9,15,9,201,0.7777777777777778,0.03348258706467662,0.7442951907131011
all_strict_sites,Q8IWB9,20,9,201,0.7777777777777778,0.04308457711442786,0.73469320066335
all_strict_sites,Q8IWB9,25,9,201,0.7777777777777778,0.05238805970149254,0.7253897180762853
all_strict_sites,Q8IWB9,30,9,201,0.7777777777777778,0.062636815920398,0.7151409618573797
all_strict_sites,Q8IWI9,5,17,549,0.08823529411764706,0.0038690120059032347,0.08436628211174382
all_strict_sites,Q8IWI9,10,17,549,0.125,0.00754523819020648,0.11745476180979351
all_strict_sites,Q8IWI9,15,17,549,0.125,0.010975496257295946,0.11402450374270405
all_strict_sites,Q8IWI9,20,17,549,0.125,0.014558653424275059,0.11044134657572494
all_strict_sites,Q8IWI9,25,17,549,0.125,0.017975615917461076,0.10702438408253892
all_strict_sites,Q8IWI9,30,17,549,0.1323529411764706,0.021326100541129857,0.11102684063534074
all_strict_sites,Q8IWP9,5,3,40,1.0,0.03974358974358974,0.9602564102564103
all_strict_sites,Q8IWP9,10,3,40,1.0,0.07435897435897436,0.9256410256410257
all_strict_sites,Q8IWP9,15,3,40,1.0,0.11025641025641025,0.8897435897435897
all_strict_sites,Q8IWP9,20,3,40,1.0,0.14487179487179488,0.8551282051282051
all_strict_sites,Q8IWP9,25,3,40,1.0,0.1782051282051282,0.8217948717948718
all_strict_sites,Q8IWP9,30,3,40,1.0,0.2128205128205128,0.7871794871794872
all_strict_sites,Q8IWR0,5,3,120,0.0,0.011904761904761904,-0.011904761904761904
all_strict_sites,Q8IWR0,10,3,120,0.0,0.025070028011204483,-0.025070028011204483
all_strict_sites,Q8IWR0,15,3,120,0.0,0.0380952380952381,-0.0380952380952381
all_strict_sites,Q8IWR0,20,3,120,0.0,0.04873949579831933,-0.04873949579831933
all_strict_sites,Q8IWR0,25,3,120,0.0,0.06274509803921569,-0.06274509803921569
all_strict_sites,Q8IWR0,30,3,120,0.0,0.0742296918767507,-0.0742296918767507
all_strict_sites,Q8IWZ3,5,23,438,0.08300395256916997,0.005015516754960659,0.0779884358142093
all_strict_sites,Q8IWZ3,10,23,438,0.1383399209486166,0.009686216733017774,0.12865370421559882
all_strict_sites,Q8IWZ3,15,23,438,0.17786561264822134,0.014189732819242866,0.16367587982897847
all_strict_sites,Q8IWZ3,20,23,438,0.22924901185770752,0.01876639185814447,0.21048261999956305
all_strict_sites,Q8IWZ3,25,23,438,0.28063241106719367,0.023008683113382025,0.25762372795381167
all_strict_sites,Q8IWZ3,30,23,438,0.32806324110671936,0.027418158260451606,0.30064508284626773
all_strict_sites,Q8IWZ8,5,8,70,0.39285714285714285,0.02360248447204969,0.36925465838509314
all_strict_sites,Q8IWZ8,10,8,70,0.7142857142857143,0.043478260869565216,0.6708074534161491
all_strict_sites,Q8IWZ8,15,8,70,0.8928571428571429,0.06252587991718427,0.8303312629399586
all_strict_sites,Q8IWZ8,20,8,70,1.0,0.08157349896480331,0.9184265010351966
all_strict_sites,Q8IWZ8,25,8,70,1.0,0.1031055900621118,0.8968944099378882
all_strict_sites,Q8IWZ8,30,8,70,1.0,0.12629399585921325,0.8737060041407867
all_strict_sites,Q8IX12,5,14,139,0.054945054945054944,0.008862475237201543,0.0460825797078534
all_strict_sites,Q8IX12,10,14,139,0.07692307692307693,0.01793347930351371,0.05898959761956322
all_strict_sites,Q8IX12,15,14,139,0.07692307692307693,0.026066103638828067,0.05085697328424886
all_strict_sites,Q8IX12,20,14,139,0.10989010989010989,0.0356584297779168,0.07423168011219308
all_strict_sites,Q8IX12,25,14,139,0.14285714285714285,0.045563549160671464,0.09729359369647139
all_strict_sites,Q8IX12,30,14,139,0.16483516483516483,0.054843082056094256,0.10999208277907058
all_strict_sites,Q8IXZ2,5,3,176,0.3333333333333333,0.012467532467532468,0.32086580086580085
all_strict_sites,Q8IXZ2,10,3,176,0.3333333333333333,0.02564935064935065,0.30768398268398267
all_strict_sites,Q8IXZ2,15,3,176,0.3333333333333333,0.036883116883116886,0.2964502164502164
all_strict_sites,Q8IXZ2,20,3,176,0.3333333333333333,0.04831168831168831,0.285021645021645
all_strict_sites,Q8IXZ2,25,3,176,0.3333333333333333,0.05987012987012987,0.27346320346320346
all_strict_sites,Q8IXZ2,30,3,176,0.3333333333333333,0.07084415584415585,0.26248917748917744
all_strict_sites,Q8IY33,5,16,140,0.175,0.015621788283658787,0.1593782117163412
all_strict_sites,Q8IY33,10,16,140,0.19166666666666668,0.027543679342240494,0.16412298732442618
all_strict_sites,Q8IY33,15,16,140,0.23333333333333334,0.03833504624871532,0.19499828708461803
all_strict_sites,Q8IY33,20,16,140,0.23333333333333334,0.050873586844809866,0.18245974648852348
all_strict_sites,Q8IY33,25,16,140,0.24166666666666667,0.06258992805755395,0.17907673860911272
all_strict_sites,Q8IY33,30,16,140,0.275,0.0736896197327852,0.20131038026721482
all_strict_sites,Q8IY81,5,3,88,0.0,0.018286311389759665,-0.018286311389759665
all_strict_sites,Q8IY81,10,3,88,0.0,0.027951933124346916,-0.027951933124346916
all_strict_sites,Q8IY81,15,3,88,0.0,0.03944618599791014,-0.03944618599791014
all_strict_sites,Q8IY81,20,3,88,0.0,0.055642633228840124,-0.055642633228840124
all_strict_sites,Q8IY81,25,3,88,0.0,0.07366771159874608,-0.07366771159874608
all_strict_sites,Q8IY81,30,3,88,0.0,0.0849007314524556,-0.0849007314524556
all_strict_sites,Q8IYB3,5,3,190,0.3333333333333333,0.013255360623781676,0.32007797270955163
all_strict_sites,Q8IYB3,10,3,190,0.3333333333333333,0.026566416040100252,0.3067669172932331
all_strict_sites,Q8IYB3,15,3,190,0.3333333333333333,0.0380952380952381,0.2952380952380952
all_strict_sites,Q8IYB3,20,3,190,0.3333333333333333,0.049791144527986636,0.28354218880534665
all_strict_sites,Q8IYB3,25,3,190,0.3333333333333333,0.06204399888610415,0.27128933444722914
all_strict_sites,Q8IYB3,30,3,190,0.3333333333333333,0.07401837928153718,0.25931495405179616
all_strict_sites,Q8IZ21,5,14,124,0.17582417582417584,0.017178075006556517,0.15864610081761932
all_strict_sites,Q8IZ21,10,14,124,0.34065934065934067,0.034093889325990036,0.3065654513333506
all_strict_sites,Q8IZ21,15,14,124,0.5164835164835165,0.04956726986624705,0.4669162466172695
all_strict_sites,Q8IZ21,20,14,124,0.6153846153846154,0.06517178075006556,0.5502128346345498
all_strict_sites,Q8IZ21,25,14,124,0.7252747252747253,0.08051403094676109,0.6447606943279641
all_strict_sites,Q8IZ21,30,14,124,0.8351648351648352,0.0971675845790716,0.7379972505857636
all_strict_sites,Q8IZC4,5,3,79,0.3333333333333333,0.021421616358325218,0.3119117169750081
all_strict_sites,Q8IZC4,10,3,79,0.3333333333333333,0.039597533268419347,0.29373580006491395
all_strict_sites,Q8IZC4,15,3,79,0.3333333333333333,0.05809802012333658,0.2752353132099967
all_strict_sites,Q8IZC4,20,3,79,0.3333333333333333,0.07465108730931516,0.2586822460240181
all_strict_sites,Q8IZC4,25,3,79,0.6666666666666666,0.09477442388834793,0.5718922427783187
all_strict_sites,Q8IZC4,30,3,79,1.0,0.11295034079844206,0.887049659201558
all_strict_sites,Q8IZD2,5,4,349,0.3333333333333333,0.005714191614794322,0.327619141718539
all_strict_sites,Q8IZD2,10,4,349,0.3333333333333333,0.011378980996607713,0.3219543523367256
all_strict_sites,Q8IZD2,15,4,349,0.3333333333333333,0.016994368145440173,0.3163389651878931
all_strict_sites,Q8IZD2,20,4,349,0.3333333333333333,0.022494483417317128,0.3108388499160162
all_strict_sites,Q8IZD2,25,4,349,0.3333333333333333,0.027945196456213153,0.3053881368771202
all_strict_sites,Q8IZD2,30,4,349,0.3333333333333333,0.033362974673121895,0.29997035866021143
all_strict_sites,Q8IZH2,5,6,213,0.2,0.006156435468154841,0.19384356453184517
all_strict_sites,Q8IZH2,10,6,213,0.26666666666666666,0.012932943573390025,0.25373372309327663
all_strict_sites,Q8IZH2,15,6,213,0.26666666666666666,0.019222251749490656,0.247444414917176
all_strict_sites,Q8IZH2,20,6,213,0.26666666666666666,0.0264416688812118,0.24022499778545486
all_strict_sites,Q8IZH2,25,6,213,0.26666666666666666,0.032420940738772254,0.23424572592789442
all_strict_sites,Q8IZH2,30,6,213,0.26666666666666666,0.039374612454601825,0.22729205421206483
all_strict_sites,Q8IZL8,5,5,145,0.1,0.007854406130268199,0.09214559386973181
all_strict_sites,Q8IZL8,10,5,145,0.3,0.01685823754789272,0.28314176245210726
all_strict_sites,Q8IZL8,15,5,145,0.3,0.026053639846743294,0.2739463601532567
all_strict_sites,Q8IZL8,20,5,145,0.3,0.03371647509578544,0.26628352490421453
all_strict_sites,Q8IZL8,25,5,145,0.3,0.04224137931034483,0.25775862068965516
all_strict_sites,Q8IZL8,30,5,145,0.3,0.05181992337164751,0.24818007662835248
all_strict_sites,Q8IZW8,5,3,142,0.0,0.014783737888322844,-0.014783737888322844
all_strict_sites,Q8IZW8,10,3,142,0.3333333333333333,0.030466486864449107,0.30286684646888423
all_strict_sites,Q8IZW8,15,3,142,0.3333333333333333,0.04475077414843672,0.2885825591848966
all_strict_sites,Q8IZW8,20,3,142,0.3333333333333333,0.06123264409149935,0.27210068924183395
all_strict_sites,Q8IZW8,25,3,142,0.3333333333333333,0.07591649185895515,0.25741684147437816
all_strict_sites,Q8IZW8,30,3,142,0.3333333333333333,0.09090000998901208,0.24243332334432122
all_strict_sites,Q8N1F7,5,5,103,0.4,0.013516086046068913,0.3864839139539311
all_strict_sites,Q8N1F7,10,5,103,0.4,0.026270702455739578,0.37372929754426043
all_strict_sites,Q8N1F7,15,5,103,0.4,0.038454216638111556,0.3615457833618885
all_strict_sites,Q8N1F7,20,5,103,0.4,0.051018465638682654,0.34898153436131735
all_strict_sites,Q8N1F7,25,5,103,0.4,0.0633923472301542,0.33660765276984583
all_strict_sites,Q8N1F7,30,5,103,0.4,0.07538549400342662,0.3246145059965734
all_strict_sites,Q8N1G0,5,7,191,0.23809523809523808,0.009093414163681455,0.22900182393155663
all_strict_sites,Q8N1G0,10,7,191,0.2857142857142857,0.016974373105538718,0.26873991260874697
all_strict_sites,Q8N1G0,15,7,191,0.3333333333333333,0.025130890052356022,0.3082024432809773
all_strict_sites,Q8N1G0,20,7,191,0.3333333333333333,0.032956737393221275,0.300376595940112
all_strict_sites,Q8N1G0,25,7,191,0.3333333333333333,0.041333700744006614,0.2919996325893267
all_strict_sites,Q8N1G0,30,7,191,0.3333333333333333,0.04993111049875999,0.28340222283457334
all_strict_sites,Q8N1G1,5,3,187,0.0,0.011040193203381059,-0.011040193203381059
all_strict_sites,Q8N1G1,10,3,187,0.0,0.019205336093381636,-0.019205336093381636
all_strict_sites,Q8N1G1,15,3,187,0.0,0.02714047495831177,-0.02714047495831177
all_strict_sites,Q8N1G1,20,3,187,0.0,0.03547812086711517,-0.03547812086711517
all_strict_sites,Q8N1G1,25,3,187,0.0,0.04467828186993272,-0.04467828186993272
all_strict_sites,Q8N1G1,30,3,187,0.0,0.0522684146972572,-0.0522684146972572
all_strict_sites,Q8N1I0,5,3,270,0.0,0.006333471017485887,-0.006333471017485887
all_strict_sites,Q8N1I0,10,3,270,0.3333333333333333,0.013024920831612281,0.32030841250172104
all_strict_sites,Q8N1I0,15,3,270,0.3333333333333333,0.01952361283216302,0.3138097205011703
all_strict_sites,Q8N1I0,20,3,270,0.3333333333333333,0.025388957730965167,0.30794437560236815
all_strict_sites,Q8N1I0,25,3,270,0.3333333333333333,0.03139198678232136,0.30194134655101196
all_strict_sites,Q8N1I0,30,3,270,0.3333333333333333,0.03761531047776401,0.2957180228555693
all_strict_sites,Q8N283,5,3,104,1.0,0.010455563853622106,0.9895444361463779
all_strict_sites,Q8N283,10,3,104,1.0,0.019977595220313667,0.9800224047796864
all_strict_sites,Q8N283,15,3,104,1.0,0.029499626587005227,0.9705003734129948
all_strict_sites,Q8N283,20,3,104,1.0,0.03603435399551905,0.963965646004481
all_strict_sites,Q8N283,25,3,104,1.0,0.04499626587005228,0.9550037341299478
all_strict_sites,Q8N283,30,3,104,1.0,0.05563853622106049,0.9443614637789395
all_strict_sites,Q8N2M8,5,4,125,0.0,0.027096774193548386,-0.027096774193548386
all_strict_sites,Q8N2M8,10,4,125,0.0,0.05367741935483871,-0.05367741935483871
all_strict_sites,Q8N2M8,15,4,125,0.0,0.07380645161290322,-0.07380645161290322
all_strict_sites,Q8N2M8,20,4,125,0.0,0.09535483870967743,-0.09535483870967743
all_strict_sites,Q8N2M8,25,4,125,0.0,0.11509677419354838,-0.11509677419354838
all_strict_sites,Q8N2M8,30,4,125,0.0,0.13264516129032258,-0.13264516129032258
all_strict_sites,Q8N3K9,5,3,774,0.0,0.0025706081544103147,-0.0025706081544103147
all_strict_sites,Q8N3K9,10,3,774,0.0,0.005017532951586323,-0.005017532951586323
all_strict_sites,Q8N3K9,15,3,774,0.0,0.007497885683149981,-0.007497885683149981
all_strict_sites,Q8N3K9,20,3,774,0.0,0.01000498076222376,-0.01000498076222376
all_strict_sites,Q8N3K9,25,3,774,0.0,0.012418477625012117,-0.012418477625012117
all_strict_sites,Q8N3K9,30,3,774,0.0,0.01486874521562689,-0.01486874521562689
all_strict_sites,Q8N3V7,5,14,174,0.24175824175824176,0.011693575177729055,0.2300646665805127
all_strict_sites,Q8N3V7,10,14,174,0.3626373626373626,0.022124775762407813,0.34051258687495484
all_strict_sites,Q8N3V7,15,14,174,0.4175824175824176,0.03415055478041326,0.38343186280200436
all_strict_sites,Q8N3V7,20,14,174,0.42857142857142855,0.045312603813700086,0.38325882475772843
all_strict_sites,Q8N3V7,25,14,174,0.42857142857142855,0.05727194206365026,0.3712994865077783
all_strict_sites,Q8N3V7,30,14,174,0.42857142857142855,0.0680353464886054,0.3605360820828232
all_strict_sites,Q8N3X1,5,12,191,0.09090909090909091,0.014108569853954258,0.07680052105513666
all_strict_sites,Q8N3X1,10,12,191,0.13636363636363635,0.02667401488013227,0.10968962148350409
all_strict_sites,Q8N3X1,15,12,191,0.19696969696969696,0.03846789749242215,0.1585017994772748
all_strict_sites,Q8N3X1,20,12,191,0.2727272727272727,0.04805731606503169,0.22466995666224102
all_strict_sites,Q8N3X1,25,12,191,0.36363636363636365,0.05830807384954533,0.3053282897868183
all_strict_sites,Q8N3X1,30,12,191,0.4696969696969697,0.06762193441719482,0.4020750352797749
all_strict_sites,Q8N3Y7,5,3,31,0.6666666666666666,0.03225806451612903,0.6344086021505376
all_strict_sites,Q8N3Y7,10,3,31,1.0,0.06236559139784946,0.9376344086021505
all_strict_sites,Q8N3Y7,15,3,31,1.0,0.09032258064516129,0.9096774193548387
all_strict_sites,Q8N3Y7,20,3,31,1.0,0.12258064516129032,0.8774193548387097
all_strict_sites,Q8N3Y7,25,3,31,1.0,0.14838709677419354,0.8516129032258064
all_strict_sites,Q8N3Y7,30,3,31,1.0,0.17849462365591398,0.821505376344086
all_strict_sites,Q8N4C6,5,6,250,0.6666666666666666,0.005847389558232932,0.6608192771084337
all_strict_sites,Q8N4C6,10,6,250,0.6666666666666666,0.010891566265060241,0.6557751004016064
all_strict_sites,Q8N4C6,15,6,250,0.6666666666666666,0.015518072289156627,0.65114859437751
all_strict_sites,Q8N4C6,20,6,250,0.6666666666666666,0.020433734939759036,0.6462329317269075
all_strict_sites,Q8N4C6,25,6,250,0.6666666666666666,0.024867469879518073,0.6417991967871486
all_strict_sites,Q8N4C6,30,6,250,0.6666666666666666,0.029493975903614456,0.6371726907630522
all_strict_sites,Q8N4P6,5,3,82,0.3333333333333333,0.020475760313158686,0.31285757302017464
all_strict_sites,Q8N4P6,10,3,82,0.3333333333333333,0.03884372177055104,0.2944896115627823
all_strict_sites,Q8N4P6,15,3,82,0.3333333333333333,0.056910569105691054,0.2764227642276423
all_strict_sites,Q8N4P6,20,3,82,0.3333333333333333,0.07708521529659741,0.2562481180367359
all_strict_sites,Q8N4P6,25,3,82,0.3333333333333333,0.09515206263173742,0.2381812707015959
all_strict_sites,Q8N4P6,30,3,82,0.3333333333333333,0.11321890996687745,0.22011442336645587
all_strict_sites,Q8N5C6,5,3,130,0.0,0.0110912343470483,-0.0110912343470483
all_strict_sites,Q8N5C6,10,3,130,0.0,0.021347644603458556,-0.021347644603458556
all_strict_sites,Q8N5C6,15,3,130,0.0,0.02981514609421586,-0.02981514609421586
all_strict_sites,Q8N5C6,20,3,130,0.0,0.04114490161001789,-0.04114490161001789
all_strict_sites,Q8N5C6,25,3,130,0.0,0.05080500894454383,-0.05080500894454383
all_strict_sites,Q8N5C6,30,3,130,0.0,0.061061419200954085,-0.061061419200954085
all_strict_sites,Q8N5C8,5,3,132,0.3333333333333333,0.016655100624566273,0.31667823270876705
all_strict_sites,Q8N5C8,10,3,132,1.0,0.031228313671061762,0.9687716863289383
all_strict_sites,Q8N5C8,15,3,132,1.0,0.04568586629655332,0.9543141337034466
all_strict_sites,Q8N5C8,20,3,132,1.0,0.05898681471200555,0.9410131852879945
all_strict_sites,Q8N5C8,25,3,132,1.0,0.0748322923895443,0.9251677076104557
all_strict_sites,Q8N5C8,30,3,132,1.0,0.089058524173028,0.910941475826972
all_strict_sites,Q8N5G2,5,4,83,0.3333333333333333,0.023802527181898327,0.30953080615143497
all_strict_sites,Q8N5G2,10,4,83,0.3333333333333333,0.0449603291213635,0.2883730042119698
all_strict_sites,Q8N5G2,15,4,83,0.3333333333333333,0.06523655598001764,0.26809677735331566
all_strict_sites,Q8N5G2,20,4,83,0.3333333333333333,0.08698207464002351,0.24635125869330982
all_strict_sites,Q8N5G2,25,4,83,0.3333333333333333,0.1004995592124596,0.23283377412087372
all_strict_sites,Q8N5G2,30,4,83,0.3333333333333333,0.11166617690273288,0.22166715643060042
all_strict_sites,Q8N7H5,5,3,74,0.0,0.021103295075897817,-0.021103295075897817
all_strict_sites,Q8N7H5,10,3,74,0.0,0.04146612365790448,-0.04146612365790448
all_strict_sites,Q8N7H5,15,3,74,0.3333333333333333,0.06330988522769344,0.2700234481056399
all_strict_sites,Q8N7H5,20,3,74,0.3333333333333333,0.08478341355053684,0.24854991978279647
all_strict_sites,Q8N7H5,25,3,74,0.3333333333333333,0.10477600888559793,0.22855732444773538
all_strict_sites,Q8N7H5,30,3,74,0.3333333333333333,0.12550907071455017,0.20782426261878315
all_strict_sites,Q8N8S7,5,4,74,0.5,0.025175860792299148,0.47482413920770083
all_strict_sites,Q8N8S7,10,4,74,0.6666666666666666,0.04590892262125139,0.6207577440454153
all_strict_sites,Q8N8S7,15,4,74,1.0,0.06775268419104036,0.9322473158089597
all_strict_sites,Q8N8S7,20,4,74,1.0,0.0899666790077749,0.9100333209922251
all_strict_sites,Q8N8S7,25,4,74,1.0,0.1114402073306183,0.8885597926693817
all_strict_sites,Q8N8S7,30,4,74,1.0,0.12847093669011478,0.8715290633098852
all_strict_sites,Q8NA82,5,3,143,1.0,0.014773958435930266,0.9852260415640698
all_strict_sites,Q8NA82,10,3,143,1.0,0.028366000196986114,0.9716339998030139
all_strict_sites,Q8NA82,15,3,143,1.0,0.041170097508125676,0.9588299024918743
all_strict_sites,Q8NA82,20,3,143,1.0,0.05298926425686989,0.9470107357431301
all_strict_sites,Q8NA82,25,3,143,1.0,0.0664828129616862,0.9335171870383138
all_strict_sites,Q8NA82,30,3,143,1.0,0.0807643061164188,0.9192356938835812
all_strict_sites,Q8NBS9,5,4,46,0.16666666666666666,0.021256038647342997,0.14541062801932367
all_strict_sites,Q8NBS9,10,4,46,0.3333333333333333,0.04927536231884058,0.2840579710144927
all_strict_sites,Q8NBS9,15,4,46,0.3333333333333333,0.06956521739130435,0.263768115942029
all_strict_sites,Q8NBS9,20,4,46,0.3333333333333333,0.08985507246376812,0.2434782608695652
all_strict_sites,Q8NBS9,25,4,46,0.3333333333333333,0.1111111111111111,0.2222222222222222
all_strict_sites,Q8NBS9,30,4,46,0.3333333333333333,0.13719806763285025,0.19613526570048306
all_strict_sites,Q8ND56,5,3,72,0.0,0.032081377151799685,-0.032081377151799685
all_strict_sites,Q8ND56,10,3,72,0.0,0.06025039123630673,-0.06025039123630673
all_strict_sites,Q8ND56,15,3,72,0.0,0.0837245696400626,-0.0837245696400626
all_strict_sites,Q8ND56,20,3,72,0.3333333333333333,0.1134585289514867,0.21987480438184662
all_strict_sites,Q8ND56,25,3,72,0.3333333333333333,0.14553990610328638,0.18779342723004694
all_strict_sites,Q8ND56,30,3,72,0.3333333333333333,0.17449139280125195,0.15884194053208137
all_strict_sites,Q8ND83,5,7,106,0.19047619047619047,0.022102425876010783,0.1683737646001797
all_strict_sites,Q8ND83,10,7,106,0.38095238095238093,0.044743935309973046,0.33620844564240787
all_strict_sites,Q8ND83,15,7,106,0.42857142857142855,0.06307277628032346,0.3654986522911051
all_strict_sites,Q8ND83,20,7,106,0.5238095238095238,0.07960467205750224,0.4442048517520216
all_strict_sites,Q8ND83,25,7,106,0.5238095238095238,0.09415992812219227,0.4296495956873316
all_strict_sites,Q8ND83,30,7,106,0.5238095238095238,0.10835579514824797,0.41545372866127583
all_strict_sites,Q8NDC0,5,3,39,0.0,0.043184885290148446,-0.043184885290148446
all_strict_sites,Q8NDC0,10,3,39,0.0,0.07557354925775979,-0.07557354925775979
all_strict_sites,Q8NDC0,15,3,39,0.3333333333333333,0.12010796221322537,0.21322537112010795
all_strict_sites,Q8NDC0,20,3,39,0.3333333333333333,0.1592442645074224,0.1740890688259109
all_strict_sites,Q8NDC0,25,3,39,0.3333333333333333,0.20107962213225372,0.1322537112010796
all_strict_sites,Q8NDC0,30,3,39,0.6666666666666666,0.23076923076923078,0.43589743589743585
all_strict_sites,Q8NDV7,5,21,416,0.15714285714285714,0.0055491195551436515,0.1515937375877135
all_strict_sites,Q8NDV7,10,21,416,0.2714285714285714,0.011272011121408711,0.2601565603071627
all_strict_sites,Q8NDV7,15,21,416,0.36666666666666664,0.01679796107506951,0.3498687055915971
all_strict_sites,Q8NDV7,20,21,416,0.49047619047619045,0.02234708063021316,0.4681291098459773
all_strict_sites,Q8NDV7,25,21,416,0.5857142857142857,0.02795412418906395,0.5577601615252218
all_strict_sites,Q8NDV7,30,21,416,0.6666666666666666,0.03329471733086191,0.6333719493358048
all_strict_sites,Q8NDX5,5,23,213,0.09486166007905138,0.013995925236956329,0.08086573484209506
all_strict_sites,Q8NDX5,10,23,213,0.1422924901185771,0.027150323323589336,0.11514216679498775
all_strict_sites,Q8NDX5,15,23,213,0.16600790513833993,0.03924173974665604,0.1267661653916839
all_strict_sites,Q8NDX5,20,23,213,0.1857707509881423,0.051687483390911504,0.1340832675972308
all_strict_sites,Q8NDX5,25,23,213,0.19367588932806323,0.06262733634511472,0.1310485529829485
all_strict_sites,Q8NDX5,30,23,213,0.22134387351778656,0.07254849853840022,0.14879537497938633
all_strict_sites,Q8NEM7,5,7,134,0.42857142857142855,0.016047581640668836,0.4125238469307597
all_strict_sites,Q8NEM7,10,7,134,0.6666666666666666,0.03029962967119291,0.6363670369954737
all_strict_sites,Q8NEM7,15,7,134,0.8095238095238095,0.04421501514981484,0.7653087943739947
all_strict_sites,Q8NEM7,20,7,134,0.9047619047619048,0.05678375042082819,0.8479781543410766
all_strict_sites,Q8NEM7,25,7,134,1.0,0.07047469419818202,0.929525305801818
all_strict_sites,Q8NEM7,30,7,134,1.0,0.08540006733251038,0.9145999326674896
all_strict_sites,Q8NEY1,5,6,383,0.06666666666666667,0.005645701474990773,0.061020965191675894
all_strict_sites,Q8NEY1,10,6,383,0.26666666666666666,0.011701502330731481,0.2549651643359352
all_strict_sites,Q8NEY1,15,6,383,0.26666666666666666,0.01751124355802223,0.24915542310864444
all_strict_sites,Q8NEY1,20,6,383,0.26666666666666666,0.02280152556969639,0.24386514109697027
all_strict_sites,Q8NEY1,25,6,383,0.26666666666666666,0.028583926838270473,0.2380827398283962
all_strict_sites,Q8NEY1,30,6,383,0.26666666666666666,0.034284308230694574,0.2323823584359721
all_strict_sites,Q8NEZ2,5,10,68,0.4222222222222222,0.03467954345917471,0.3875426787630475
all_strict_sites,Q8NEZ2,10,10,68,0.7111111111111111,0.061018437225636525,0.6500926738854746
all_strict_sites,Q8NEZ2,15,10,68,0.9555555555555556,0.08516242317822652,0.8703931323773291
all_strict_sites,Q8NEZ2,20,10,68,1.0,0.1106233538191396,0.8893766461808604
all_strict_sites,Q8NEZ2,25,10,68,1.0,0.13169446883230904,0.8683055311676909
all_strict_sites,Q8NEZ2,30,10,68,1.0,0.15935030728709393,0.8406496927129061
all_strict_sites,Q8NEZ4,5,15,784,0.08571428571428572,0.00240441003987802,0.0833098756744077
all_strict_sites,Q8NEZ4,10,15,784,0.10476190476190476,0.004590533531420231,0.10017137123048453
all_strict_sites,Q8NEZ4,15,15,784,0.13333333333333333,0.006812495112987724,0.1265208382203456
all_strict_sites,Q8NEZ4,20,15,784,0.1523809523809524,0.008979070555425236,0.14340188182552716
all_strict_sites,Q8NEZ4,25,15,784,0.1523809523809524,0.011191258112440379,0.14118969426851202
all_strict_sites,Q8NEZ4,30,15,784,0.1523809523809524,0.013383897620350822,0.13899705476060156
all_strict_sites,Q8NF91,5,9,1143,0.08333333333333333,0.0012227018032553287,0.082110631530078
all_strict_sites,Q8NF91,10,9,1143,0.08333333333333333,0.0024591934764721835,0.08087413985686115
all_strict_sites,Q8NF91,15,9,1143,0.08333333333333333,0.0036328646309754186,0.0797004687023579
all_strict_sites,Q8NF91,20,9,1143,0.08333333333333333,0.004763633967820573,0.07856969936551275
all_strict_sites,Q8NF91,25,9,1143,0.08333333333333333,0.005929644083456293,0.07740368924987703
all_strict_sites,Q8NF91,30,9,1143,0.08333333333333333,0.006994528486040821,0.07633880484729251
all_strict_sites,Q8NFC6,5,6,593,0.13333333333333333,0.0035094116038466797,0.12982392172948665
all_strict_sites,Q8NFC6,10,6,593,0.2,0.006756756756756757,0.19324324324324327
all_strict_sites,Q8NFC6,15,6,593,0.2,0.01040289868283123,0.18959710131716878
all_strict_sites,Q8NFC6,20,6,593,0.2,0.013467936739437582,0.18653206326056243
all_strict_sites,Q8NFC6,25,6,593,0.2,0.017034319310879176,0.18296568068912084
all_strict_sites,Q8NFC6,30,6,593,0.2,0.020327241237865185,0.17967275876213482
all_strict_sites,Q8NFD5,5,4,333,0.5,0.005861282969716704,0.4941387170302833
all_strict_sites,Q8NFD5,10,4,333,0.5,0.011035131517059227,0.4889648684829408
all_strict_sites,Q8NFD5,15,4,333,0.5,0.01626325120301024,0.48373674879698975
all_strict_sites,Q8NFD5,20,4,333,0.5,0.021310467093599624,0.4786895329064004
all_strict_sites,Q8NFD5,25,4,333,0.5,0.025923513875321103,0.4740764861246789
all_strict_sites,Q8NFD5,30,4,333,0.5,0.030898368247765838,0.4691016317522342
all_strict_sites,Q8NFH5,5,7,65,0.19047619047619047,0.028365384615384615,0.16211080586080584
all_strict_sites,Q8NFH5,10,7,65,0.42857142857142855,0.06442307692307692,0.36414835164835163
all_strict_sites,Q8NFH5,15,7,65,0.47619047619047616,0.09711538461538462,0.37907509157509156
all_strict_sites,Q8NFH5,20,7,65,0.47619047619047616,0.13173076923076923,0.34445970695970696
all_strict_sites,Q8NFH5,25,7,65,0.47619047619047616,0.16298076923076923,0.31320970695970696
all_strict_sites,Q8NFH5,30,7,65,0.47619047619047616,0.19423076923076923,0.28195970695970696
all_strict_sites,Q8NFQ8,5,3,77,0.0,0.02050580997949419,-0.02050580997949419
all_strict_sites,Q8NFQ8,10,3,77,0.0,0.0393028024606972,-0.0393028024606972
all_strict_sites,Q8NFQ8,15,3,77,0.0,0.06049213943950786,-0.06049213943950786
all_strict_sites,Q8NFQ8,20,3,77,0.0,0.082365003417635,-0.082365003417635
all_strict_sites,Q8NFQ8,25,3,77,0.0,0.10218728639781272,-0.10218728639781272
all_strict_sites,Q8NFQ8,30,3,77,0.3333333333333333,0.12474367737525632,0.208589655958077
all_strict_sites,Q8NG31,5,10,387,0.1111111111111111,0.004444979984201577,0.10666613112690952
all_strict_sites,Q8NG31,10,10,387,0.2222222222222222,0.0088497944866182,0.213372427735604
all_strict_sites,Q8NG31,15,10,387,0.3333333333333333,0.013321551458676414,0.3200117818746569
all_strict_sites,Q8NG31,20,10,387,0.35555555555555557,0.017739754455021354,0.3378158011005342
all_strict_sites,Q8NG31,25,10,387,0.35555555555555557,0.022251676908864523,0.33330387864669103
all_strict_sites,Q8NG31,30,10,387,0.35555555555555557,0.026643102917352827,0.32891245263820273
all_strict_sites,Q8NHP8,5,3,71,0.0,0.016498993963782696,-0.016498993963782696
all_strict_sites,Q8NHP8,10,3,71,0.3333333333333333,0.03299798792756539,0.3003353454057679
all_strict_sites,Q8NHP8,15,3,71,0.3333333333333333,0.047082494969818915,0.2862508383635144
all_strict_sites,Q8NHP8,20,3,71,0.3333333333333333,0.06599597585513078,0.26733735747820253
all_strict_sites,Q8NHP8,25,3,71,0.3333333333333333,0.08370221327967807,0.24963112005365523
all_strict_sites,Q8NHP8,30,3,71,0.3333333333333333,0.09698189134808853,0.23635144198524477
all_strict_sites,Q8NHV4,5,5,131,0.1,0.014797416324133882,0.08520258367586613
all_strict_sites,Q8NHV4,10,5,131,0.3,0.031708749266001174,0.26829125073399884
all_strict_sites,Q8NHV4,15,5,131,0.3,0.04826776277157956,0.2517322372284204
all_strict_sites,Q8NHV4,20,5,131,0.3,0.062477980035231945,0.23752201996476804
all_strict_sites,Q8NHV4,25,5,131,0.3,0.07657075748678802,0.22342924251321197
all_strict_sites,Q8NHV4,30,5,131,0.3,0.0925425719318849,0.20745742806811507
all_strict_sites,Q8NI27,5,3,202,0.3333333333333333,0.008078419782276735,0.32525491355105657
all_strict_sites,Q8NI27,10,3,202,0.3333333333333333,0.01517166642037338,0.31816166691295994
all_strict_sites,Q8NI27,15,3,202,0.3333333333333333,0.022018619772425002,0.31131471356090834
all_strict_sites,Q8NI27,20,3,202,0.3333333333333333,0.027732624008669524,0.30560070932466377
all_strict_sites,Q8NI27,25,3,202,0.3333333333333333,0.03369292153095907,0.2996404118023742
all_strict_sites,Q8NI27,30,3,202,0.3333333333333333,0.0406383921974287,0.2926949411359046
all_strict_sites,Q8TB72,5,3,163,0.0,0.013557524804968567,-0.013557524804968567
all_strict_sites,Q8TB72,10,3,163,0.0,0.026963568885859275,-0.026963568885859275
all_strict_sites,Q8TB72,15,3,163,0.0,0.03832462319169885,-0.03832462319169885
all_strict_sites,Q8TB72,20,3,163,0.0,0.05173066727258956,-0.05173066727258956
all_strict_sites,Q8TB72,25,3,163,0.0,0.06339468302658487,-0.06339468302658487
all_strict_sites,Q8TB72,30,3,163,0.0,0.07581610240096948,-0.07581610240096948
all_strict_sites,Q8TBZ0,5,4,131,0.0,0.011156782149148562,-0.011156782149148562
all_strict_sites,Q8TBZ0,10,4,131,0.0,0.022783323546682326,-0.022783323546682326
all_strict_sites,Q8TBZ0,15,4,131,0.16666666666666666,0.03358778625954199,0.13307888040712468
all_strict_sites,Q8TBZ0,20,4,131,0.16666666666666666,0.04732824427480916,0.11933842239185749
all_strict_sites,Q8TBZ0,25,4,131,0.16666666666666666,0.05942454492072813,0.10724212174593853
all_strict_sites,Q8TBZ0,30,4,131,0.16666666666666666,0.06952436876100998,0.09714229790565668
all_strict_sites,Q8TC07,5,3,89,0.6666666666666666,0.014044943820224719,0.6526217228464419
all_strict_sites,Q8TC07,10,3,89,1.0,0.030643513789581207,0.9693564862104188
all_strict_sites,Q8TC07,15,3,89,1.0,0.045965270684371805,0.9540347293156282
all_strict_sites,Q8TC07,20,3,89,1.0,0.06128702757916241,0.9387129724208376
all_strict_sites,Q8TC07,25,3,89,1.0,0.07482124616956078,0.9251787538304392
all_strict_sites,Q8TC07,30,3,89,1.0,0.08682328907048008,0.9131767109295199
all_strict_sites,Q8TC56,5,3,125,1.0,0.02038709677419355,0.9796129032258064
all_strict_sites,Q8TC56,10,3,125,1.0,0.03716129032258064,0.9628387096774194
all_strict_sites,Q8TC56,15,3,125,1.0,0.05509677419354839,0.9449032258064516
all_strict_sites,Q8TC56,20,3,125,1.0,0.06890322580645161,0.9310967741935484
all_strict_sites,Q8TC56,25,3,125,1.0,0.08606451612903226,0.9139354838709677
all_strict_sites,Q8TC56,30,3,125,1.0,0.10425806451612903,0.8957419354838709
all_strict_sites,Q8TCJ2,5,7,107,0.14285714285714285,0.013225180744136837,0.129631962113006
all_strict_sites,Q8TCJ2,10,7,107,0.3333333333333333,0.024510668312466937,0.30882266502086636
all_strict_sites,Q8TCJ2,15,7,107,0.42857142857142855,0.035972491624052194,0.39259893694737635
all_strict_sites,Q8TCJ2,20,7,107,0.47619047619047616,0.044612943043554926,0.43157753314692127
all_strict_sites,Q8TCJ2,25,7,107,0.5238095238095238,0.05695644507141598,0.4668530787381079
all_strict_sites,Q8TCJ2,30,7,107,0.5238095238095238,0.06788926115323576,0.45592026265628804
all_strict_sites,Q8TCN5,5,3,170,0.0,0.011555864949530108,-0.011555864949530108
all_strict_sites,Q8TCN5,10,3,170,0.6666666666666666,0.021649843369300384,0.6450168232973662
all_strict_sites,Q8TCN5,15,3,170,1.0,0.03181343543334494,0.9681865645666551
all_strict_sites,Q8TCN5,20,3,170,1.0,0.041489731987469546,0.9585102680125305
all_strict_sites,Q8TCN5,25,3,170,1.0,0.05255830142707971,0.9474416985729203
all_strict_sites,Q8TCN5,30,3,170,1.0,0.0650887573964497,0.9349112426035503
all_strict_sites,Q8TCU4,5,20,823,0.03684210526315789,0.00278194132794092,0.03406016393521697
all_strict_sites,Q8TCU4,10,20,823,0.08421052631578947,0.005424933407833781,0.07878559290795568
all_strict_sites,Q8TCU4,15,20,823,0.08421052631578947,0.007515084862514154,0.07669544145327532
all_strict_sites,Q8TCU4,20,20,823,0.08947368421052632,0.010054604098115908,0.0794190801124104
all_strict_sites,Q8TCU4,25,20,823,0.08947368421052632,0.012283704800844338,0.07718997940968197
all_strict_sites,Q8TCU4,30,20,823,0.08947368421052632,0.014840962238324568,0.07463272197220175
all_strict_sites,Q8TD26,5,3,353,0.3333333333333333,0.004571207828998197,0.32876212550433515
all_strict_sites,Q8TD26,10,3,353,0.3333333333333333,0.009416044295647696,0.32391728903768563
all_strict_sites,Q8TD26,15,3,353,0.3333333333333333,0.01363314447592068,0.31970018885741264
all_strict_sites,Q8TD26,20,3,353,0.3333333333333333,0.017447849600824104,0.3158854837325092
all_strict_sites,Q8TD26,25,3,353,0.3333333333333333,0.021343033736801444,0.31199029959653185
all_strict_sites,Q8TD26,30,3,353,0.3333333333333333,0.02531869688385269,0.3080146364494806
all_strict_sites,Q8TDB6,5,3,105,0.0,0.01282051282051282,-0.01282051282051282
all_strict_sites,Q8TDB6,10,3,105,0.0,0.028754578754578753,-0.028754578754578753
all_strict_sites,Q8TDB6,15,3,105,0.6666666666666666,0.043406593406593405,0.6232600732600733
all_strict_sites,Q8TDB6,20,3,105,0.6666666666666666,0.05549450549450549,0.6111721611721611
all_strict_sites,Q8TDB6,25,3,105,1.0,0.06904761904761905,0.930952380952381
all_strict_sites,Q8TDB6,30,3,105,1.0,0.07857142857142857,0.9214285714285715
all_strict_sites,Q8TDM6,5,8,274,0.25,0.00724579556696345,0.24275420443303655
all_strict_sites,Q8TDM6,10,8,274,0.42857142857142855,0.01403705783267827,0.41453437073875027
all_strict_sites,Q8TDM6,15,8,274,0.5357142857142857,0.020507473062217587,0.5152068126520681
all_strict_sites,Q8TDM6,20,8,274,0.5357142857142857,0.026416405978449773,0.509297879735836
all_strict_sites,Q8TDM6,25,8,274,0.5357142857142857,0.032352076147696585,0.5033622095665891
all_strict_sites,Q8TDM6,30,8,274,0.5357142857142857,0.03780647576268014,0.49790780995160555
all_strict_sites,Q8TDN6,5,3,29,0.0,0.024630541871921183,-0.024630541871921183
all_strict_sites,Q8TDN6,10,3,29,0.6666666666666666,0.05665024630541872,0.6100164203612479
all_strict_sites,Q8TDN6,15,3,29,1.0,0.07635467980295567,0.9236453201970444
all_strict_sites,Q8TDN6,20,3,29,1.0,0.09852216748768473,0.9014778325123153
all_strict_sites,Q8TDN6,25,3,29,1.0,0.12807881773399016,0.8719211822660098
all_strict_sites,Q8TDN6,30,3,29,1.0,0.14532019704433496,0.854679802955665
all_strict_sites,Q8TEK3,5,3,249,0.0,0.0067690115299909315,-0.0067690115299909315
all_strict_sites,Q8TEK3,10,3,249,0.0,0.013473247830029797,-0.013473247830029797
all_strict_sites,Q8TEK3,15,3,249,0.0,0.020533747894805027,-0.020533747894805027
all_strict_sites,Q8TEK3,20,3,249,0.0,0.027464697499676123,-0.027464697499676123
all_strict_sites,Q8TEK3,25,3,249,0.0,0.034233709029667055,-0.034233709029667055
all_strict_sites,Q8TEK3,30,3,249,0.0,0.04184479854903485,-0.04184479854903485
all_strict_sites,Q8TEM1,5,5,295,0.0,0.0055113570852069645,-0.0055113570852069645
all_strict_sites,Q8TEM1,10,5,295,0.0,0.010653753026634382,-0.010653753026634382
all_strict_sites,Q8TEM1,15,5,295,0.0,0.01563472846765825,-0.01563472846765825
all_strict_sites,Q8TEM1,20,5,295,0.0,0.02077712440908567,-0.02077712440908567
all_strict_sites,Q8TEM1,25,5,295,0.0,0.025942580421999307,-0.025942580421999307
all_strict_sites,Q8TEM1,30,5,295,0.0,0.03138475729274761,-0.03138475729274761
all_strict_sites,Q8TEQ6,5,5,214,0.3,0.00688868412970032,0.29311131587029965
all_strict_sites,Q8TEQ6,10,5,214,0.4,0.01347022947654776,0.3865297705234523
all_strict_sites,Q8TEQ6,15,5,214,0.4,0.020183405730332147,0.37981659426966785
all_strict_sites,Q8TEQ6,20,5,214,0.4,0.02773024439471721,0.3722697556052828
all_strict_sites,Q8TEQ6,25,5,214,0.4,0.03457505155543855,0.36542494844456147
all_strict_sites,Q8TEQ6,30,5,214,0.4,0.04177087446799175,0.35822912553200825
all_strict_sites,Q8TF40,5,7,198,0.09523809523809523,0.008972978516125725,0.08626511672196951
all_strict_sites,Q8TF40,10,7,198,0.2857142857142857,0.017689586217505,0.2680246994967807
all_strict_sites,Q8TF40,15,7,198,0.2857142857142857,0.025534533148746347,0.2601797525655394
all_strict_sites,Q8TF40,20,7,198,0.2857142857142857,0.03455878582782136,0.25115549988646435
all_strict_sites,Q8TF40,25,7,198,0.2857142857142857,0.04358303850689638,0.24213124720738932
all_strict_sites,Q8TF40,30,7,198,0.2857142857142857,0.05194072706763062,0.23377355864665508
all_strict_sites,Q8TF68,5,11,104,0.12727272727272726,0.018670649738610903,0.10860207753411635
all_strict_sites,Q8TF68,10,11,104,0.2727272727272727,0.03902165795369679,0.23370561477357593
all_strict_sites,Q8TF68,15,11,104,0.36363636363636365,0.05825242718446602,0.30538393645189765
all_strict_sites,Q8TF68,20,11,104,0.4727272727272727,0.07692307692307693,0.3958041958041958
all_strict_sites,Q8TF68,25,11,104,0.5636363636363636,0.09260642270351008,0.47102994093285355
all_strict_sites,Q8TF68,30,11,104,0.6545454545454545,0.10978342046303212,0.5447620340824224
all_strict_sites,Q8TF74,5,7,60,0.23809523809523808,0.02937853107344633,0.20871670702179176
all_strict_sites,Q8TF74,10,7,60,0.38095238095238093,0.05423728813559322,0.32671509281678773
all_strict_sites,Q8TF74,15,7,60,0.42857142857142855,0.07570621468926554,0.352865213882163
all_strict_sites,Q8TF74,20,7,60,0.42857142857142855,0.09322033898305085,0.33535108958837767
all_strict_sites,Q8TF74,25,7,60,0.42857142857142855,0.12259887005649718,0.3059725585149314
all_strict_sites,Q8TF74,30,7,60,0.42857142857142855,0.14350282485875707,0.2850686037126715
all_strict_sites,Q8WU79,5,3,53,0.3333333333333333,0.031204644412191583,0.30212868892114175
all_strict_sites,Q8WU79,10,3,53,0.3333333333333333,0.05297532656023222,0.2803580067731011
all_strict_sites,Q8WU79,15,3,53,0.3333333333333333,0.07910014513788098,0.2542331881954523
all_strict_sites,Q8WU79,20,3,53,1.0,0.10667634252539913,0.8933236574746009
all_strict_sites,Q8WU79,25,3,53,1.0,0.13425253991291727,0.8657474600870827
all_strict_sites,Q8WU79,30,3,53,1.0,0.1625544267053701,0.8374455732946299
all_strict_sites,Q8WUH6,5,5,19,0.5,0.07017543859649122,0.4298245614035088
all_strict_sites,Q8WUH6,10,5,19,0.9,0.16374269005847952,0.7362573099415205
all_strict_sites,Q8WUH6,15,5,19,1.0,0.2222222222222222,0.7777777777777778
all_strict_sites,Q8WUH6,20,5,19,1.0,0.2982456140350877,0.7017543859649122
all_strict_sites,Q8WUH6,25,5,19,1.0,0.38596491228070173,0.6140350877192983
all_strict_sites,Q8WUH6,30,5,19,1.0,0.4619883040935672,0.5380116959064327
all_strict_sites,Q8WUM4,5,8,101,0.07142857142857142,0.010495049504950496,0.06093352192362093
all_strict_sites,Q8WUM4,10,8,101,0.14285714285714285,0.022178217821782177,0.12067892503536068
all_strict_sites,Q8WUM4,15,8,101,0.17857142857142858,0.033663366336633666,0.1449080622347949
all_strict_sites,Q8WUM4,20,8,101,0.17857142857142858,0.04712871287128713,0.13144271570014143
all_strict_sites,Q8WUM4,25,8,101,0.17857142857142858,0.05801980198019802,0.12055162659123056
all_strict_sites,Q8WUM4,30,8,101,0.17857142857142858,0.06871287128712872,0.10985855728429986
all_strict_sites,Q8WUR7,5,3,20,0.3333333333333333,0.05263157894736842,0.2807017543859649
all_strict_sites,Q8WUR7,10,3,20,0.6666666666666666,0.10526315789473684,0.5614035087719298
all_strict_sites,Q8WUR7,15,3,20,1.0,0.15263157894736842,0.8473684210526315
all_strict_sites,Q8WUR7,20,3,20,1.0,0.20526315789473684,0.7947368421052632
all_strict_sites,Q8WUR7,25,3,20,1.0,0.2631578947368421,0.736842105263158
all_strict_sites,Q8WUR7,30,3,20,1.0,0.3263157894736842,0.6736842105263158
all_strict_sites,Q8WW12,5,4,32,0.5,0.07056451612903226,0.42943548387096775
all_strict_sites,Q8WW12,10,4,32,0.5,0.1431451612903226,0.3568548387096774
all_strict_sites,Q8WW12,15,4,32,0.5,0.20967741935483872,0.29032258064516125
all_strict_sites,Q8WW12,20,4,32,0.5,0.2560483870967742,0.2439516129032258
all_strict_sites,Q8WW12,25,4,32,0.5,0.31451612903225806,0.18548387096774194
all_strict_sites,Q8WW12,30,4,32,0.5,0.3689516129032258,0.1310483870967742
all_strict_sites,Q8WWH5,5,4,61,0.16666666666666666,0.025136612021857924,0.14153005464480872
all_strict_sites,Q8WWH5,10,4,61,0.16666666666666666,0.053005464480874315,0.11366120218579234
all_strict_sites,Q8WWH5,15,4,61,0.16666666666666666,0.08087431693989071,0.08579234972677595
all_strict_sites,Q8WWH5,20,4,61,0.16666666666666666,0.10765027322404372,0.05901639344262294
all_strict_sites,Q8WWH5,25,4,61,0.16666666666666666,0.1377049180327869,0.028961748633879764
all_strict_sites,Q8WWH5,30,4,61,0.16666666666666666,0.15901639344262294,0.007650273224043713
all_strict_sites,Q8WWI1,5,27,287,0.07122507122507123,0.007431592797446456,0.06379347842762477
all_strict_sites,Q8WWI1,10,27,287,0.14814814814814814,0.015155576131185887,0.13299257201696224
all_strict_sites,Q8WWI1,15,27,287,0.21082621082621084,0.022294778392339367,0.18853143243387147
all_strict_sites,Q8WWI1,20,27,287,0.2535612535612536,0.029628907677688165,0.22393234588356542
all_strict_sites,Q8WWI1,25,27,287,0.29914529914529914,0.03693867108501255,0.2622066280602866
all_strict_sites,Q8WWI1,30,27,287,0.3190883190883191,0.04334689700543359,0.2757414220828855
all_strict_sites,Q8WWM7,5,17,168,0.14705882352941177,0.011477045908183632,0.13558177762122814
all_strict_sites,Q8WWM7,10,17,168,0.21323529411764705,0.022383803820929568,0.1908514902967175
all_strict_sites,Q8WWM7,15,17,168,0.27205882352941174,0.03200741374394069,0.24005140978547104
all_strict_sites,Q8WWM7,20,17,168,0.27941176470588236,0.04063301967493584,0.2387787450309465
all_strict_sites,Q8WWM7,25,17,168,0.29411764705882354,0.04975762760193898,0.24436001945688457
all_strict_sites,Q8WWM7,30,17,168,0.3014705882352941,0.059808953521528374,0.24166163471376573
all_strict_sites,Q8WWQ0,5,3,271,0.0,0.006860735274019407,-0.006860735274019407
all_strict_sites,Q8WWQ0,10,3,271,0.0,0.013065463987973213,-0.013065463987973213
all_strict_sites,Q8WWQ0,15,3,271,0.0,0.01896952302856362,-0.01896952302856362
all_strict_sites,Q8WWQ0,20,3,271,0.0,0.024408910755774223,-0.024408910755774223
all_strict_sites,Q8WWQ0,25,3,271,0.0,0.030367637009703432,-0.030367637009703432
all_strict_sites,Q8WWQ0,30,3,271,0.0,0.03670903375700424,-0.03670903375700424
all_strict_sites,Q8WX93,5,10,231,0.15555555555555556,0.008507434594391116,0.14704812096116443
all_strict_sites,Q8WX93,10,10,231,0.3333333333333333,0.016412572934312065,0.31692076039902123
all_strict_sites,Q8WX93,15,10,231,0.3333333333333333,0.024054206662902314,0.309279126670431
all_strict_sites,Q8WX93,20,10,231,0.35555555555555557,0.03131940523244871,0.3242361503231069
all_strict_sites,Q8WX93,25,10,231,0.35555555555555557,0.03798230754752494,0.3175732480080306
all_strict_sites,Q8WX93,30,10,231,0.35555555555555557,0.04490871447393187,0.3106468410816237
all_strict_sites,Q8WXH0,5,5,848,0.0,0.001464658840302065,-0.001464658840302065
all_strict_sites,Q8WXH0,10,5,848,0.0,0.0029738700407654097,-0.0029738700407654097
all_strict_sites,Q8WXH0,15,5,848,0.1,0.0045415562139404335,0.09545844378605957
all_strict_sites,Q8WXH0,20,5,848,0.1,0.0060312757568332185,0.09396872424316678
all_strict_sites,Q8WXH0,25,5,848,0.1,0.007454166759484084,0.09254583324051592
all_strict_sites,Q8WXH0,30,5,848,0.1,0.00883528992448375,0.09116471007551626
all_strict_sites,Q8WXI7,5,3,5218,0.0,0.0006578428734141773,-0.0006578428734141773
all_strict_sites,Q8WXI7,10,3,5218,0.0,0.001386069203689063,-0.001386069203689063
all_strict_sites,Q8WXI7,15,3,5218,0.0,0.0021051853579193477,-0.0021051853579193477
all_strict_sites,Q8WXI7,20,3,5218,0.0,0.0028220239681384816,-0.0028220239681384816
all_strict_sites,Q8WXI7,25,3,5218,0.0,0.0035293850565047647,-0.0035293850565047647
all_strict_sites,Q8WXI7,30,3,5218,0.0,0.0042355706382846475,-0.0042355706382846475
all_strict_sites,Q8WXI9,5,18,80,0.09803921568627451,0.022151898734177215,0.0758873169520973
all_strict_sites,Q8WXI9,10,18,80,0.16993464052287582,0.043037974683544304,0.1268966658393315
all_strict_sites,Q8WXI9,15,18,80,0.19607843137254902,0.060126582278481014,0.135951849094068
all_strict_sites,Q8WXI9,20,18,80,0.2222222222222222,0.07626582278481013,0.14595639943741207
all_strict_sites,Q8WXI9,25,18,80,0.26143790849673204,0.0939873417721519,0.16745056672458014
all_strict_sites,Q8WXI9,30,18,80,0.29411764705882354,0.1129746835443038,0.18114296351451975
all_strict_sites,Q8WY36,5,6,150,0.26666666666666666,0.01261744966442953,0.25404921700223715
all_strict_sites,Q8WY36,10,6,150,0.4666666666666667,0.024787472035794185,0.4418791946308725
all_strict_sites,Q8WY36,15,6,150,0.6,0.03498881431767338,0.5650111856823266
all_strict_sites,Q8WY36,20,6,150,0.6666666666666666,0.04733780760626398,0.6193288590604027
all_strict_sites,Q8WY36,25,6,150,0.6666666666666666,0.058523489932885905,0.6081431767337807
all_strict_sites,Q8WY36,30,6,150,0.6666666666666666,0.06988814317673378,0.5967785234899329
all_strict_sites,Q8WYP5,5,13,388,0.08974358974358974,0.004688457337702123,0.08505513240588762
all_strict_sites,Q8WYP5,10,13,388,0.11538461538461539,0.009350275713258211,0.10603433967135718
all_strict_sites,Q8WYP5,15,13,388,0.1282051282051282,0.013785662910573005,0.11441946529455518
all_strict_sites,Q8WYP5,20,13,388,0.14102564102564102,0.018274328032179866,0.12275131299346116
all_strict_sites,Q8WYP5,25,13,388,0.15384615384615385,0.022483284051253362,0.1313628697949005
all_strict_sites,Q8WYP5,30,13,388,0.1794871794871795,0.0274114920482698,0.1520756874389097
all_strict_sites,Q8WYQ9,5,8,207,0.21428571428571427,0.01191313728249144,0.20237257700322284
all_strict_sites,Q8WYQ9,10,8,207,0.25,0.0225130153369917,0.2274869846630083
all_strict_sites,Q8WYQ9,15,8,207,0.39285714285714285,0.03292528493035036,0.3599318579267925
all_strict_sites,Q8WYQ9,20,8,207,0.39285714285714285,0.04291543548614043,0.34994170737100244
all_strict_sites,Q8WYQ9,25,8,207,0.39285714285714285,0.0522489564279349,0.3406081864292079
all_strict_sites,Q8WYQ9,30,8,207,0.39285714285714285,0.06195769429201257,0.33089944856513026
all_strict_sites,Q8WZ42,5,14,5009,0.0,0.00032194446163040714,-0.00032194446163040714
all_strict_sites,Q8WZ42,10,14,5009,0.01098901098901099,0.0006224419048906855,0.010366569084120304
all_strict_sites,Q8WZ42,15,14,5009,0.01098901098901099,0.000928201441877464,0.010060809547133526
all_strict_sites,Q8WZ42,20,14,5009,0.02197802197802198,0.0012217624888619016,0.02075625948916008
all_strict_sites,Q8WZ42,25,14,5009,0.02197802197802198,0.0015181937687880666,0.020459828209233914
all_strict_sites,Q8WZ42,30,14,5009,0.02197802197802198,0.001846277339766057,0.020131744638255924
all_strict_sites,Q92540,5,4,191,0.3333333333333333,0.01025075778451364,0.3230825755488197
all_strict_sites,Q92540,10,4,191,0.5,0.020281069165059246,0.47971893083494077
all_strict_sites,Q92540,15,4,191,0.5,0.030586938550564893,0.4694130614494351
all_strict_sites,Q92540,20,4,191,0.5,0.03995591071920639,0.4600440892807936
all_strict_sites,Q92540,25,4,191,0.5,0.04976577569578396,0.45023422430421606
all_strict_sites,Q92540,30,4,191,0.5,0.05869385505648939,0.4413061449435106
all_strict_sites,Q92541,5,3,102,1.0,0.024267132595612504,0.9757328674043875
all_strict_sites,Q92541,10,3,102,1.0,0.042710153368278006,0.957289846631722
all_strict_sites,Q92541,15,3,102,1.0,0.058435255290234904,0.9415647447097651
all_strict_sites,Q92541,20,3,102,1.0,0.07396622015142691,0.926033779848573
all_strict_sites,Q92541,25,3,102,1.0,0.09066200737720831,0.9093379926227917
all_strict_sites,Q92541,30,3,102,1.0,0.1092991652106387,0.8907008347893612
all_strict_sites,Q92542,5,5,113,0.0,0.01327433628318584,-0.01327433628318584
all_strict_sites,Q92542,10,5,113,0.1,0.025284450063211124,0.07471554993678889
all_strict_sites,Q92542,15,5,113,0.1,0.03982300884955752,0.060176991150442484
all_strict_sites,Q92542,20,5,113,0.2,0.05467762326169406,0.14532237673830595
all_strict_sites,Q92542,25,5,113,0.2,0.06779393173198484,0.13220606826801518
all_strict_sites,Q92542,30,5,113,0.3,0.08170037926675094,0.21829962073324904
all_strict_sites,Q92570,5,5,100,0.0,0.02,-0.02
all_strict_sites,Q92570,10,5,100,0.2,0.04040404040404041,0.1595959595959596
all_strict_sites,Q92570,15,5,100,0.3,0.058787878787878785,0.2412121212121212
all_strict_sites,Q92570,20,5,100,0.3,0.07636363636363637,0.22363636363636363
all_strict_sites,Q92570,25,5,100,0.4,0.09313131313131313,0.3068686868686869
all_strict_sites,Q92570,30,5,100,0.5,0.10808080808080808,0.3919191919191919
all_strict_sites,Q92576,5,18,316,0.10457516339869281,0.005887080570624874,0.09868808282806794
all_strict_sites,Q92576,10,18,316,0.1830065359477124,0.010930279284709665,0.17207625666300275
all_strict_sites,Q92576,15,18,316,0.23529411764705882,0.015913200723327307,0.21938091692373152
all_strict_sites,Q92576,20,18,316,0.2875816993464052,0.021076953988346393,0.2665047453580588
all_strict_sites,Q92576,25,18,316,0.32679738562091504,0.026160337552742614,0.30063704806817243
all_strict_sites,Q92576,30,18,316,0.3790849673202614,0.031203536266827404,0.347881431053434
all_strict_sites,Q92585,5,12,168,0.030303030303030304,0.009908753920729969,0.020394276382300333
all_strict_sites,Q92585,10,12,168,0.13636363636363635,0.020387795836897635,0.11597584052673872
all_strict_sites,Q92585,15,12,168,0.16666666666666666,0.030011405759908755,0.1366552609067579
all_strict_sites,Q92585,20,12,168,0.21212121212121213,0.04006273167949815,0.17205848044171398
all_strict_sites,Q92585,25,12,168,0.22727272727272727,0.0499001996007984,0.17737252767192885
all_strict_sites,Q92585,30,12,168,0.24242424242424243,0.05966638152266895,0.18275786090157348
all_strict_sites,Q92609,5,3,123,0.3333333333333333,0.017326402772224445,0.31600693056110885
all_strict_sites,Q92609,10,3,123,0.3333333333333333,0.032387045181927226,0.3009462881514061
all_strict_sites,Q92609,15,3,123,0.3333333333333333,0.04798080767692923,0.28535252565640407
all_strict_sites,Q92609,20,3,123,0.3333333333333333,0.06464081034252965,0.26869252299080365
all_strict_sites,Q92609,25,3,123,0.3333333333333333,0.07823537251765961,0.2550979608156737
all_strict_sites,Q92609,30,3,123,0.3333333333333333,0.09156337465013994,0.24176995868319337
all_strict_sites,Q92610,5,5,218,0.1,0.009258867796896799,0.0907411322031032
all_strict_sites,Q92610,10,5,218,0.2,0.017587621020589354,0.18241237897941065
all_strict_sites,Q92610,15,5,218,0.2,0.02574726250369932,0.17425273749630069
all_strict_sites,Q92610,20,5,218,0.2,0.034245127467974465,0.16575487253202553
all_strict_sites,Q92610,25,5,218,0.2,0.04286982623768655,0.15713017376231347
all_strict_sites,Q92610,30,5,218,0.2,0.050987189785650866,0.14901281021434915
all_strict_sites,Q92615,5,3,121,0.6666666666666666,0.013223140495867768,0.6534435261707988
all_strict_sites,Q92615,10,3,121,1.0,0.027548209366391185,0.9724517906336088
all_strict_sites,Q92615,15,3,121,1.0,0.04132231404958678,0.9586776859504132
all_strict_sites,Q92615,20,3,121,1.0,0.0546831955922865,0.9453168044077135
all_strict_sites,Q92615,25,3,121,1.0,0.0674931129476584,0.9325068870523416
all_strict_sites,Q92615,30,3,121,1.0,0.08099173553719008,0.9190082644628099
all_strict_sites,Q92733,5,5,64,0.3,0.028273809523809524,0.27172619047619045
all_strict_sites,Q92733,10,5,64,0.3,0.05853174603174603,0.24146825396825394
all_strict_sites,Q92733,15,5,64,0.6,0.08382936507936507,0.5161706349206349
all_strict_sites,Q92733,20,5,64,0.6,0.11210317460317461,0.4878968253968254
all_strict_sites,Q92733,25,5,64,0.6,0.1349206349206349,0.4650793650793651
all_strict_sites,Q92733,30,5,64,0.6,0.1552579365079365,0.44474206349206347
all_strict_sites,Q92734,5,3,60,0.0,0.0327683615819209,-0.0327683615819209
all_strict_sites,Q92734,10,3,60,0.0,0.060451977401129946,-0.060451977401129946
all_strict_sites,Q92734,15,3,60,0.0,0.08022598870056497,-0.08022598870056497
all_strict_sites,Q92734,20,3,60,0.0,0.10903954802259887,-0.10903954802259887
all_strict_sites,Q92734,25,3,60,0.0,0.13615819209039548,-0.13615819209039548
all_strict_sites,Q92734,30,3,60,0.0,0.15706214689265538,-0.15706214689265538
all_strict_sites,Q92750,5,11,170,0.05454545454545454,0.014410024364775497,0.04013543018067905
all_strict_sites,Q92750,10,11,170,0.07272727272727272,0.027218934911242602,0.04550833781603012
all_strict_sites,Q92750,15,11,170,0.10909090909090909,0.04142011834319527,0.06767079074771382
all_strict_sites,Q92750,20,11,170,0.12727272727272726,0.05395057431256526,0.07332215296016201
all_strict_sites,Q92750,25,11,170,0.14545454545454545,0.06731639401322659,0.07813815144131886
all_strict_sites,Q92750,30,11,170,0.14545454545454545,0.07873303167420814,0.0667215137803373
all_strict_sites,Q92766,5,9,257,0.05555555555555555,0.005866974708171206,0.049688580847384346
all_strict_sites,Q92766,10,9,257,0.08333333333333333,0.012159533073929961,0.07117380025940337
all_strict_sites,Q92766,15,9,257,0.1111111111111111,0.018877675097276263,0.09223343601383484
all_strict_sites,Q92766,20,9,257,0.1111111111111111,0.02535262645914397,0.08575848465196714
all_strict_sites,Q92766,25,9,257,0.1111111111111111,0.03125,0.0798611111111111
all_strict_sites,Q92766,30,9,257,0.1388888888888889,0.037937743190661476,0.10095114569822741
all_strict_sites,Q92793,5,24,351,0.04710144927536232,0.004997964997964998,0.042103484277397324
all_strict_sites,Q92793,10,24,351,0.09782608695652174,0.01010989010989011,0.08771619684663164
all_strict_sites,Q92793,15,24,351,0.11594202898550725,0.014733414733414734,0.10120861425209252
all_strict_sites,Q92793,20,24,351,0.13768115942028986,0.019177859177859177,0.11850330024243068
all_strict_sites,Q92793,25,24,351,0.14492753623188406,0.02385022385022385,0.12107731238166021
all_strict_sites,Q92793,30,24,351,0.16666666666666666,0.028083028083028084,0.13858363858363856
all_strict_sites,Q92797,5,3,149,0.3333333333333333,0.008888082713586069,0.32444525061974727
all_strict_sites,Q92797,10,3,149,0.3333333333333333,0.016778523489932886,0.31655480984340045
all_strict_sites,Q92797,15,3,149,0.3333333333333333,0.02557591148195175,0.30775742185138155
all_strict_sites,Q92797,20,3,149,0.3333333333333333,0.03255940504262652,0.3007739282907068
all_strict_sites,Q92797,25,3,149,0.3333333333333333,0.03954289860330129,0.293790434730032
all_strict_sites,Q92797,30,3,149,0.3333333333333333,0.046798476328677674,0.28653485700465564
all_strict_sites,Q92841,5,9,88,0.25,0.022204806687565307,0.2277951933124347
all_strict_sites,Q92841,10,9,88,0.4444444444444444,0.04101358411703239,0.40343086032741204
all_strict_sites,Q92841,15,9,88,0.5,0.05851619644723093,0.44148380355276906
all_strict_sites,Q92841,20,9,88,0.5,0.07340647857889238,0.4265935214211076
all_strict_sites,Q92841,25,9,88,0.5,0.08751306165099268,0.4124869383490073
all_strict_sites,Q92841,30,9,88,0.5,0.10318704284221526,0.39681295715778475
all_strict_sites,Q92854,5,4,125,0.16666666666666666,0.010709677419354838,0.15595698924731183
all_strict_sites,Q92854,10,4,125,0.3333333333333333,0.02296774193548387,0.31036559139784947
all_strict_sites,Q92854,15,4,125,0.3333333333333333,0.03690322580645161,0.2964301075268817
all_strict_sites,Q92854,20,4,125,0.3333333333333333,0.04825806451612903,0.2850752688172043
all_strict_sites,Q92854,25,4,125,0.3333333333333333,0.060258064516129035,0.2730752688172043
all_strict_sites,Q92854,30,4,125,0.3333333333333333,0.07135483870967742,0.2619784946236559
all_strict_sites,Q92878,5,4,145,0.0,0.0072796934865900385,-0.0072796934865900385
all_strict_sites,Q92878,10,4,145,0.0,0.013888888888888888,-0.013888888888888888
all_strict_sites,Q92878,15,4,145,0.0,0.021551724137931036,-0.021551724137931036
all_strict_sites,Q92878,20,4,145,0.0,0.02950191570881226,-0.02950191570881226
all_strict_sites,Q92878,25,4,145,0.0,0.038984674329501916,-0.038984674329501916
all_strict_sites,Q92878,30,4,145,0.16666666666666666,0.0460727969348659,0.12059386973180075
all_strict_sites,Q92917,5,5,52,0.3,0.020361990950226245,0.27963800904977376
all_strict_sites,Q92917,10,5,52,0.6,0.042986425339366516,0.5570135746606335
all_strict_sites,Q92917,15,5,52,0.8,0.06561085972850679,0.7343891402714933
all_strict_sites,Q92917,20,5,52,1.0,0.08295625942684766,0.9170437405731523
all_strict_sites,Q92917,25,5,52,1.0,0.10256410256410256,0.8974358974358975
all_strict_sites,Q92917,30,5,52,1.0,0.11613876319758673,0.8838612368024132
all_strict_sites,Q92945,5,9,53,0.16666666666666666,0.02177068214804064,0.144895984518626
all_strict_sites,Q92945,10,9,53,0.19444444444444445,0.03265602322206096,0.1617884212223835
all_strict_sites,Q92945,15,9,53,0.19444444444444445,0.04644412191582003,0.1480003225286244
all_strict_sites,Q92945,20,9,53,0.19444444444444445,0.05660377358490566,0.13784067085953877
all_strict_sites,Q92945,25,9,53,0.19444444444444445,0.06894049346879536,0.1255039509756491
all_strict_sites,Q92945,30,9,53,0.19444444444444445,0.08200290275761973,0.11244154168682471
all_strict_sites,Q93052,5,13,84,0.14102564102564102,0.022662076878944348,0.11836356414669667
all_strict_sites,Q93052,10,13,84,0.16666666666666666,0.04216867469879518,0.12449799196787148
all_strict_sites,Q93052,15,13,84,0.20512820512820512,0.05966724039013196,0.14546096473807316
all_strict_sites,Q93052,20,13,84,0.24358974358974358,0.07429718875502007,0.1692925548347235
all_strict_sites,Q93052,25,13,84,0.32051282051282054,0.09179575444635686,0.2287170660664637
all_strict_sites,Q93052,30,13,84,0.3333333333333333,0.10929432013769363,0.22403901319563968
all_strict_sites,Q96AE4,5,5,51,0.1,0.02666666666666667,0.07333333333333333
all_strict_sites,Q96AE4,10,5,51,0.2,0.0407843137254902,0.15921568627450983
all_strict_sites,Q96AE4,15,5,51,0.2,0.050980392156862744,0.14901960784313728
all_strict_sites,Q96AE4,20,5,51,0.2,0.06196078431372549,0.13803921568627453
all_strict_sites,Q96AE4,25,5,51,0.2,0.07215686274509804,0.12784313725490198
all_strict_sites,Q96AE4,30,5,51,0.2,0.08705882352941176,0.11294117647058825
all_strict_sites,Q96AG3,5,3,60,0.0,0.023163841807909605,-0.023163841807909605
all_strict_sites,Q96AG3,10,3,60,0.3333333333333333,0.04745762711864407,0.2858757062146893
all_strict_sites,Q96AG3,15,3,60,0.6666666666666666,0.07288135593220339,0.5937853107344633
all_strict_sites,Q96AG3,20,3,60,1.0,0.09548022598870057,0.9045197740112995
all_strict_sites,Q96AG3,25,3,60,1.0,0.12146892655367232,0.8785310734463276
all_strict_sites,Q96AG3,30,3,60,1.0,0.1440677966101695,0.8559322033898304
all_strict_sites,Q96AY3,5,5,57,0.2,0.02443609022556391,0.1755639097744361
all_strict_sites,Q96AY3,10,5,57,0.4,0.04824561403508772,0.3517543859649123
all_strict_sites,Q96AY3,15,5,57,0.4,0.06265664160401002,0.33734335839599
all_strict_sites,Q96AY3,20,5,57,0.4,0.07456140350877193,0.3254385964912281
all_strict_sites,Q96AY3,25,5,57,0.4,0.08897243107769423,0.31102756892230576
all_strict_sites,Q96AY3,30,5,57,0.4,0.10338345864661654,0.2966165413533835
all_strict_sites,Q96AY4,5,5,355,0.0,0.005426911753003899,-0.005426911753003899
all_strict_sites,Q96AY4,10,5,355,0.1,0.010535529561550091,0.08946447043844992
all_strict_sites,Q96AY4,15,5,355,0.2,0.01548500039786743,0.18451499960213258
all_strict_sites,Q96AY4,20,5,355,0.2,0.019972945014721095,0.1800270549852789
all_strict_sites,Q96AY4,25,5,355,0.2,0.024620036603803613,0.1753799633961964
all_strict_sites,Q96AY4,30,5,355,0.2,0.029076151826211507,0.1709238481737885
all_strict_sites,Q96B49,5,3,8,0.6666666666666666,0.25,0.41666666666666663
all_strict_sites,Q96B49,10,3,8,1.0,0.42857142857142855,0.5714285714285714
all_strict_sites,Q96B49,15,3,8,1.0,0.5357142857142857,0.4642857142857143
all_strict_sites,Q96B49,20,3,8,1.0,0.5714285714285714,0.4285714285714286
all_strict_sites,Q96B49,25,3,8,1.0,0.6071428571428571,0.3928571428571429
all_strict_sites,Q96B49,30,3,8,1.0,0.6785714285714286,0.3214285714285714
all_strict_sites,Q96B97,5,5,105,0.3,0.022527472527472527,0.2774725274725275
all_strict_sites,Q96B97,10,5,105,0.3,0.04450549450549451,0.2554945054945055
all_strict_sites,Q96B97,15,5,105,0.3,0.06355311355311355,0.23644688644688644
all_strict_sites,Q96B97,20,5,105,0.3,0.08003663003663003,0.21996336996336996
all_strict_sites,Q96B97,25,5,105,0.3,0.09816849816849817,0.20183150183150184
all_strict_sites,Q96B97,30,5,105,0.3,0.11465201465201465,0.18534798534798536
all_strict_sites,Q96BD5,5,14,113,0.18681318681318682,0.018805309734513276,0.16800787707867354
all_strict_sites,Q96BD5,10,14,113,0.2857142857142857,0.0347661188369153,0.2509481668773704
all_strict_sites,Q96BD5,15,14,113,0.32967032967032966,0.05151706700379267,0.278153262666537
all_strict_sites,Q96BD5,20,14,113,0.38461538461538464,0.06905815423514539,0.31555723038023925
all_strict_sites,Q96BD5,25,14,113,0.3956043956043956,0.08438685208596713,0.31121754351842845
all_strict_sites,Q96BD5,30,14,113,0.4175824175824176,0.09987357774968394,0.3177088398327337
all_strict_sites,Q96CB8,5,11,110,0.14545454545454545,0.029691409507923268,0.11576313594662219
all_strict_sites,Q96CB8,10,11,110,0.2727272727272727,0.056380316930775644,0.21634695579649707
all_strict_sites,Q96CB8,15,11,110,0.3090909090909091,0.08523769808173477,0.22385321100917432
all_strict_sites,Q96CB8,20,11,110,0.38181818181818183,0.11209341117597998,0.26972477064220185
all_strict_sites,Q96CB8,25,11,110,0.5636363636363636,0.1377814845704754,0.4258548790658882
all_strict_sites,Q96CB8,30,11,110,0.6181818181818182,0.16213511259382818,0.45604670558799
all_strict_sites,Q96D71,5,3,149,0.3333333333333333,0.014148376564483946,0.3191849567688494
all_strict_sites,Q96D71,10,3,149,0.3333333333333333,0.02820605840740069,0.3051272749259326
all_strict_sites,Q96D71,15,3,149,0.3333333333333333,0.04090331942680936,0.29243001390652396
all_strict_sites,Q96D71,20,3,149,0.3333333333333333,0.05414474877562126,0.27918858455771206
all_strict_sites,Q96D71,25,3,149,0.3333333333333333,0.06774895701070198,0.2655843763226313
all_strict_sites,Q96D71,30,3,149,1.0,0.08053691275167785,0.9194630872483222
all_strict_sites,Q96DF8,5,3,65,0.0,0.025,-0.025
all_strict_sites,Q96DF8,10,3,65,0.6666666666666666,0.055288461538461536,0.6113782051282051
all_strict_sites,Q96DF8,15,3,65,0.6666666666666666,0.08365384615384615,0.5830128205128204
all_strict_sites,Q96DF8,20,3,65,1.0,0.10576923076923077,0.8942307692307693
all_strict_sites,Q96DF8,25,3,65,1.0,0.12692307692307692,0.8730769230769231
all_strict_sites,Q96DF8,30,3,65,1.0,0.14615384615384616,0.8538461538461538
all_strict_sites,Q96EV2,5,10,133,0.15555555555555556,0.011050353155616314,0.14450520239993925
all_strict_sites,Q96EV2,10,10,133,0.24444444444444444,0.021872863978127138,0.2225715804663173
all_strict_sites,Q96EV2,15,10,133,0.3333333333333333,0.03110047846889952,0.3022328548644338
all_strict_sites,Q96EV2,20,10,133,0.4444444444444444,0.040100250626566414,0.404344193817878
all_strict_sites,Q96EV2,25,10,133,0.4888888888888889,0.05080884028252449,0.4380800486063644
all_strict_sites,Q96EV2,30,10,133,0.4888888888888889,0.06015037593984962,0.42873851294903925
all_strict_sites,Q96GX5,5,3,144,0.3333333333333333,0.01184926184926185,0.3214840714840715
all_strict_sites,Q96GX5,10,3,144,0.3333333333333333,0.0236985236985237,0.3096348096348096
all_strict_sites,Q96GX5,15,3,144,1.0,0.037296037296037296,0.9627039627039627
all_strict_sites,Q96GX5,20,3,144,1.0,0.050213675213675216,0.9497863247863247
all_strict_sites,Q96GX5,25,3,144,1.0,0.061577311577311576,0.9384226884226884
all_strict_sites,Q96GX5,30,3,144,1.0,0.0741064491064491,0.9258935508935509
all_strict_sites,Q96HA1,5,41,311,0.041463414634146344,0.009874494347059434,0.03158892028708691
all_strict_sites,Q96HA1,10,41,311,0.07073170731707316,0.018732496628980397,0.05199921068809277
all_strict_sites,Q96HA1,15,41,311,0.09878048780487805,0.02734156207862255,0.0714389257262555
all_strict_sites,Q96HA1,20,41,311,0.12439024390243902,0.036531480136915255,0.08785876376552376
all_strict_sites,Q96HA1,25,41,311,0.1402439024390244,0.04493309822632507,0.09531080421269933
all_strict_sites,Q96HA1,30,41,311,0.16341463414634147,0.05426822943678042,0.10914640470956105
all_strict_sites,Q96HC4,5,27,106,0.07407407407407407,0.020844564240790654,0.053229509833283416
all_strict_sites,Q96HC4,10,27,106,0.1339031339031339,0.04061096136567835,0.09329217253745556
all_strict_sites,Q96HC4,15,27,106,0.17663817663817663,0.05893980233602875,0.11769837430214788
all_strict_sites,Q96HC4,20,27,106,0.21652421652421652,0.07816711590296496,0.13835710062125156
all_strict_sites,Q96HC4,25,27,106,0.27350427350427353,0.09883198562443846,0.17467228787983508
all_strict_sites,Q96HC4,30,27,106,0.31054131054131057,0.11680143755615453,0.19373987298515605
all_strict_sites,Q96I24,5,16,61,0.06666666666666667,0.017486338797814208,0.04918032786885246
all_strict_sites,Q96I24,10,16,61,0.11666666666666667,0.034972677595628415,0.08169398907103825
all_strict_sites,Q96I24,15,16,61,0.225,0.053005464480874315,0.1719945355191257
all_strict_sites,Q96I24,20,16,61,0.2916666666666667,0.06830601092896176,0.22336065573770492
all_strict_sites,Q96I24,25,16,61,0.35,0.08743169398907104,0.26256830601092895
all_strict_sites,Q96I24,30,16,61,0.425,0.1092896174863388,0.3157103825136612
all_strict_sites,Q96J42,5,3,46,0.0,0.03188405797101449,-0.03188405797101449
all_strict_sites,Q96J42,10,3,46,0.3333333333333333,0.06086956521739131,0.27246376811594203
all_strict_sites,Q96J42,15,3,46,0.3333333333333333,0.09082125603864734,0.242512077294686
all_strict_sites,Q96J42,20,3,46,0.3333333333333333,0.11497584541062802,0.2183574879227053
all_strict_sites,Q96J42,25,3,46,0.3333333333333333,0.14589371980676327,0.18743961352657004
all_strict_sites,Q96J42,30,3,46,0.3333333333333333,0.17971014492753623,0.15362318840579708
all_strict_sites,Q96JE9,5,4,86,0.16666666666666666,0.014500683994528044,0.1521659826721386
all_strict_sites,Q96JE9,10,4,86,0.16666666666666666,0.027906976744186046,0.1387596899224806
all_strict_sites,Q96JE9,15,4,86,0.16666666666666666,0.0399452804377565,0.12672138622891016
all_strict_sites,Q96JE9,20,4,86,0.16666666666666666,0.049247606019151846,0.11741906064751481
all_strict_sites,Q96JE9,25,4,86,0.16666666666666666,0.06155950752393981,0.10510715914272685
all_strict_sites,Q96JE9,30,4,86,0.16666666666666666,0.07633378932968536,0.0903328773369813
all_strict_sites,Q96JH7,5,6,171,0.3333333333333333,0.01045751633986928,0.322875816993464
all_strict_sites,Q96JH7,10,6,171,0.6,0.02091503267973856,0.5790849673202614
all_strict_sites,Q96JH7,15,6,171,0.6666666666666666,0.03164774681802546,0.6350189198486411
all_strict_sites,Q96JH7,20,6,171,0.6666666666666666,0.040522875816993466,0.6261437908496732
all_strict_sites,Q96JH7,25,6,171,0.6666666666666666,0.050498796009631926,0.6161678706570347
all_strict_sites,Q96JH7,30,6,171,0.6666666666666666,0.05799793601651187,0.6086687306501548
all_strict_sites,Q96JM2,5,5,368,0.0,0.0045906883070726216,-0.0045906883070726216
all_strict_sites,Q96JM2,10,5,368,0.1,0.008411325672313707,0.0915886743276863
all_strict_sites,Q96JM2,15,5,368,0.2,0.012898353275678237,0.18710164672432178
all_strict_sites,Q96JM2,20,5,368,0.2,0.017163250799668284,0.18283674920033172
all_strict_sites,Q96JM2,25,5,368,0.3,0.021620661059116218,0.2783793389408838
all_strict_sites,Q96JM2,30,5,368,0.3,0.026063262646605852,0.27393673735339413
all_strict_sites,Q96JM3,5,8,139,0.35714285714285715,0.013033051819414034,0.3441098053234431
all_strict_sites,Q96JM3,10,8,139,0.5,0.026483161297049317,0.4735168387029507
all_strict_sites,Q96JM3,15,8,139,0.7142857142857143,0.042435616724012096,0.6718500975617022
all_strict_sites,Q96JM3,20,8,139,0.75,0.05578146178709206,0.6942185382129079
all_strict_sites,Q96JM3,25,8,139,0.75,0.06996142216661454,0.6800385778333855
all_strict_sites,Q96JM3,30,8,139,0.75,0.0823688874986967,0.6676311125013032
all_strict_sites,Q96JY6,5,5,70,0.2,0.03643892339544513,0.16356107660455488
all_strict_sites,Q96JY6,10,5,70,0.3,0.07039337474120083,0.22960662525879916
all_strict_sites,Q96JY6,15,5,70,0.4,0.10227743271221532,0.2977225672877847
all_strict_sites,Q96JY6,20,5,70,0.4,0.13747412008281573,0.2625258799171843
all_strict_sites,Q96JY6,25,5,70,0.5,0.16977225672877846,0.3302277432712215
all_strict_sites,Q96JY6,30,5,70,0.7,0.20496894409937888,0.4950310559006211
all_strict_sites,Q96K21,5,3,55,1.0,0.024242424242424242,0.9757575757575757
all_strict_sites,Q96K21,10,3,55,1.0,0.044444444444444446,0.9555555555555556
all_strict_sites,Q96K21,15,3,55,1.0,0.059932659932659935,0.94006734006734
all_strict_sites,Q96K21,20,3,55,1.0,0.07811447811447811,0.9218855218855219
all_strict_sites,Q96K21,25,3,55,1.0,0.10033670033670034,0.8996632996632996
all_strict_sites,Q96K21,30,3,55,1.0,0.12727272727272726,0.8727272727272728
all_strict_sites,Q96KM6,5,19,123,0.04678362573099415,0.01092896174863388,0.03585466398236027
all_strict_sites,Q96KM6,10,19,123,0.1695906432748538,0.024123683859789417,0.14546695941506438
all_strict_sites,Q96KM6,15,19,123,0.2631578947368421,0.03585232573637212,0.22730556900046997
all_strict_sites,Q96KM6,20,19,123,0.3742690058479532,0.04731440757030521,0.326954598277648
all_strict_sites,Q96KM6,25,19,123,0.45614035087719296,0.05930960948953752,0.39683074138765545
all_strict_sites,Q96KM6,30,19,123,0.5380116959064327,0.06983873117419699,0.46817296473223574
all_strict_sites,Q96KR1,5,59,173,0.029807130333138514,0.014652507057400187,0.015154623275738327
all_strict_sites,Q96KR1,10,59,173,0.056107539450613676,0.026818120715149885,0.02928941873546379
all_strict_sites,Q96KR1,15,59,173,0.07481005260081823,0.039252587713402336,0.035557464887415895
all_strict_sites,Q96KR1,20,59,173,0.08708357685563997,0.05114934803064928,0.03593422882499069
all_strict_sites,Q96KR1,25,59,173,0.10344827586206896,0.06297889501277053,0.040469380849298436
all_strict_sites,Q96KR1,30,59,173,0.11747516072472239,0.0741363086436349,0.043338852081087495
all_strict_sites,Q96L91,5,54,433,0.03494060097833683,0.0037421948507398856,0.031198406127596945
all_strict_sites,Q96L91,10,54,433,0.06079664570230608,0.007099478231117954,0.05369716747118812
all_strict_sites,Q96L91,15,54,433,0.08106219426974144,0.010552989479086478,0.07050920479065496
all_strict_sites,Q96L91,20,54,433,0.1013277428371768,0.01430587631511419,0.0870218665220626
all_strict_sites,Q96L91,25,54,433,0.1146051712089448,0.01753485587203832,0.09707031533690648
all_strict_sites,Q96L91,30,54,433,0.1243885394828791,0.020838679325977248,0.10354986015690186
all_strict_sites,Q96M27,5,23,81,0.08300395256916997,0.025925925925925925,0.057078026643244045
all_strict_sites,Q96M27,10,23,81,0.1541501976284585,0.05030864197530864,0.10384155565314986
all_strict_sites,Q96M27,15,23,81,0.20553359683794467,0.075,0.1305335968379447
all_strict_sites,Q96M27,20,23,81,0.2608695652173913,0.10061728395061728,0.16025228126677402
all_strict_sites,Q96M27,25,23,81,0.2766798418972332,0.12283950617283951,0.1538403357243937
all_strict_sites,Q96M27,30,23,81,0.308300395256917,0.14629629629629629,0.1620040989606207
all_strict_sites,Q96MY1,5,8,93,0.25,0.031089294062646097,0.2189107059373539
all_strict_sites,Q96MY1,10,8,93,0.5,0.06124357176250585,0.43875642823749417
all_strict_sites,Q96MY1,15,8,93,0.7142857142857143,0.0876577840112202,0.6266279302744941
all_strict_sites,Q96MY1,20,8,93,0.8214285714285714,0.11220196353436185,0.7092266078942095
all_strict_sites,Q96MY1,25,8,93,0.9642857142857143,0.13744740532959326,0.8268383089561211
all_strict_sites,Q96MY1,30,8,93,0.9642857142857143,0.1570827489481066,0.8072029653376077
all_strict_sites,Q96N67,5,3,311,0.0,0.005289907685924696,-0.005289907685924696
all_strict_sites,Q96N67,10,3,311,0.0,0.01066279431594233,-0.01066279431594233
all_strict_sites,Q96N67,15,3,311,0.0,0.015600041489472046,-0.015600041489472046
all_strict_sites,Q96N67,20,3,311,0.0,0.020786225495280572,-0.020786225495280572
all_strict_sites,Q96N67,25,3,311,0.0,0.025412301628461777,-0.025412301628461777
all_strict_sites,Q96N67,30,3,311,0.0,0.03022508038585209,-0.03022508038585209
all_strict_sites,Q96PK6,5,17,115,0.08088235294117647,0.013882532418001525,0.06699982052317495
all_strict_sites,Q96PK6,10,17,115,0.1323529411764706,0.029290617848970253,0.10306232332750034
all_strict_sites,Q96PK6,15,17,115,0.18382352941176472,0.04500381388253242,0.1388197155292323
all_strict_sites,Q96PK6,20,17,115,0.23529411764705882,0.06422578184591915,0.17106833580113967
all_strict_sites,Q96PK6,25,17,115,0.27941176470588236,0.07932875667429443,0.20008300803158793
all_strict_sites,Q96PK6,30,17,115,0.29411764705882354,0.09473684210526316,0.19938080495356036
all_strict_sites,Q96PN6,5,3,160,0.0,0.006839622641509434,-0.006839622641509434
all_strict_sites,Q96PN6,10,3,160,0.0,0.013679245283018868,-0.013679245283018868
all_strict_sites,Q96PN6,15,3,160,0.0,0.01871069182389937,-0.01871069182389937
all_strict_sites,Q96PN6,20,3,160,0.0,0.023663522012578618,-0.023663522012578618
all_strict_sites,Q96PN6,25,3,160,0.0,0.030267295597484277,-0.030267295597484277
all_strict_sites,Q96PN6,30,3,160,0.0,0.03679245283018868,-0.03679245283018868
all_strict_sites,Q96PU8,5,3,33,0.3333333333333333,0.022727272727272728,0.3106060606060606
all_strict_sites,Q96PU8,10,3,33,1.0,0.054924242424242424,0.9450757575757576
all_strict_sites,Q96PU8,15,3,33,1.0,0.08333333333333333,0.9166666666666666
all_strict_sites,Q96PU8,20,3,33,1.0,0.10795454545454546,0.8920454545454546
all_strict_sites,Q96PU8,25,3,33,1.0,0.13446969696969696,0.865530303030303
all_strict_sites,Q96PU8,30,3,33,1.0,0.16287878787878787,0.8371212121212122
all_strict_sites,Q96PV6,5,4,119,0.16666666666666666,0.016237003275886626,0.15042966339078004
all_strict_sites,Q96PV6,10,4,119,0.3333333333333333,0.03090727816550349,0.30242605516782983
all_strict_sites,Q96PV6,15,4,119,0.5,0.0445805440820396,0.4554194559179604
all_strict_sites,Q96PV6,20,4,119,0.5,0.057541660732089446,0.44245833926791056
all_strict_sites,Q96PV6,25,4,119,0.5,0.06922090870246404,0.43077909129753594
all_strict_sites,Q96PV6,30,4,119,0.5,0.08218202535251388,0.4178179746474861
all_strict_sites,Q96PY5,5,4,115,0.0,0.011746758199847445,-0.011746758199847445
all_strict_sites,Q96PY5,10,4,115,0.16666666666666666,0.021967963386727688,0.14469870327993897
all_strict_sites,Q96PY5,15,4,115,0.16666666666666666,0.032951945080091534,0.13371472158657513
all_strict_sites,Q96PY5,20,4,115,0.16666666666666666,0.04271548436308162,0.12395118230358504
all_strict_sites,Q96PY5,25,4,115,0.3333333333333333,0.0524790236460717,0.2808543096872616
all_strict_sites,Q96PY5,30,4,115,0.5,0.059344012204424104,0.4406559877955759
all_strict_sites,Q96Q89,5,5,247,0.0,0.005694348441460123,-0.005694348441460123
all_strict_sites,Q96Q89,10,5,247,0.1,0.010796221322537112,0.08920377867746289
all_strict_sites,Q96Q89,15,5,247,0.1,0.01668806161745828,0.08331193838254172
all_strict_sites,Q96Q89,20,5,247,0.1,0.02284322438366084,0.07715677561633916
all_strict_sites,Q96Q89,25,5,247,0.1,0.028241335044929396,0.0717586649550706
all_strict_sites,Q96Q89,30,5,247,0.1,0.034133175339850566,0.06586682466014944
all_strict_sites,Q96QC0,5,4,98,0.16666666666666666,0.014517147065011572,0.1521495196016551
all_strict_sites,Q96QC0,10,4,98,0.16666666666666666,0.027140753208499895,0.13952591345816676
all_strict_sites,Q96QC0,15,4,98,0.16666666666666666,0.03934357248053861,0.12732309418612806
all_strict_sites,Q96QC0,20,4,98,0.16666666666666666,0.05217757205975174,0.11448909460691492
all_strict_sites,Q96QC0,25,4,98,0.16666666666666666,0.06543235851041447,0.10123430815625219
all_strict_sites,Q96QC0,30,4,98,0.16666666666666666,0.07889753839680202,0.08776912826986463
all_strict_sites,Q96QT6,5,14,166,0.06593406593406594,0.01226725082146769,0.05366681511259824
all_strict_sites,Q96QT6,10,14,166,0.12087912087912088,0.02453450164293538,0.09634461923618551
all_strict_sites,Q96QT6,15,14,166,0.15384615384615385,0.035487404162102956,0.1183587496840509
all_strict_sites,Q96QT6,20,14,166,0.16483516483516483,0.045418035779481565,0.11941712905568327
all_strict_sites,Q96QT6,25,14,166,0.2087912087912088,0.05578678349762687,0.15300442529358194
all_strict_sites,Q96QT6,30,14,166,0.2087912087912088,0.0665206279664111,0.1422705808247977
all_strict_sites,Q96RK0,5,7,429,0.047619047619047616,0.004651112127747642,0.04296793549129997
all_strict_sites,Q96RK0,10,7,429,0.047619047619047616,0.008975448227784677,0.03864359939126294
all_strict_sites,Q96RK0,15,7,429,0.047619047619047616,0.013049256039910246,0.03456979157913737
all_strict_sites,Q96RK0,20,7,429,0.047619047619047616,0.017101278783521773,0.030517768835525844
all_strict_sites,Q96RK0,25,7,429,0.047619047619047616,0.021142408992876283,0.026476638626171334
all_strict_sites,Q96RK0,30,7,429,0.09523809523809523,0.02506372132540357,0.07017437391269166
all_strict_sites,Q96RN5,5,10,105,0.17777777777777778,0.01391941391941392,0.16385836385836386
all_strict_sites,Q96RN5,10,10,105,0.3333333333333333,0.031868131868131866,0.30146520146520145
all_strict_sites,Q96RN5,15,10,105,0.35555555555555557,0.046153846153846156,0.3094017094017094
all_strict_sites,Q96RN5,20,10,105,0.4,0.06153846153846154,0.3384615384615385
all_strict_sites,Q96RN5,25,10,105,0.4444444444444444,0.07637362637362638,0.36807081807081804
all_strict_sites,Q96RN5,30,10,105,0.4888888888888889,0.0912087912087912,0.39768009768009766
all_strict_sites,Q96ST2,5,6,134,0.06666666666666667,0.010997643362136685,0.05566902330452998
all_strict_sites,Q96ST2,10,6,134,0.06666666666666667,0.018965323757154078,0.047701342909512584
all_strict_sites,Q96ST2,15,6,134,0.06666666666666667,0.037930647514308156,0.02873601915235851
all_strict_sites,Q96ST2,20,6,134,0.13333333333333333,0.045337223656155314,0.08799610967717802
all_strict_sites,Q96ST2,25,6,134,0.2,0.05790595892716867,0.14209404107283136
all_strict_sites,Q96ST2,30,6,134,0.2,0.07361687801593536,0.12638312198406465
all_strict_sites,Q96ST3,5,11,154,0.10909090909090909,0.008827773533655887,0.10026313555725319
all_strict_sites,Q96ST3,10,11,154,0.18181818181818182,0.0172311348781937,0.16458704693998813
all_strict_sites,Q96ST3,15,11,154,0.3090909090909091,0.026143790849673203,0.28294711824123586
all_strict_sites,Q96ST3,20,11,154,0.34545454545454546,0.03403785756726933,0.3114166878872761
all_strict_sites,Q96ST3,25,11,154,0.45454545454545453,0.04108309990662932,0.4134623546388252
all_strict_sites,Q96ST3,30,11,154,0.5454545454545454,0.050505050505050504,0.4949494949494949
all_strict_sites,Q96T58,5,69,608,0.023444160272804774,0.003213604439434666,0.020230555833370106
all_strict_sites,Q96T58,10,69,608,0.03793691389599318,0.006329662707014653,0.03160725118897852
all_strict_sites,Q96T58,15,69,608,0.0443307757885763,0.00938069019335819,0.03495008559521811
all_strict_sites,Q96T58,20,69,608,0.06010230179028133,0.01248590999739877,0.04761639179288256
all_strict_sites,Q96T58,25,69,608,0.06947996589940324,0.015499002861354375,0.05398096303804886
all_strict_sites,Q96T58,30,69,608,0.07885763000852515,0.01850125726177057,0.06035637274675458
all_strict_sites,Q96TA2,5,5,108,0.1,0.014710972654897889,0.08528902734510212
all_strict_sites,Q96TA2,10,5,108,0.1,0.027172031844929043,0.07282796815507096
all_strict_sites,Q96TA2,15,5,108,0.1,0.03997923156801662,0.06002076843198339
all_strict_sites,Q96TA2,20,5,108,0.1,0.05192107995846314,0.04807892004153687
all_strict_sites,Q96TA2,25,5,108,0.1,0.06576670128071997,0.034233298719280034
all_strict_sites,Q96TA2,30,5,108,0.1,0.08030460366908965,0.01969539633091036
all_strict_sites,Q99081,5,16,170,0.05,0.016428820048729552,0.03357117995127045
all_strict_sites,Q99081,10,16,170,0.13333333333333333,0.033275321963104766,0.10005801137022857
all_strict_sites,Q99081,15,16,170,0.20833333333333334,0.047894187260703096,0.16043914607263024
all_strict_sites,Q99081,20,16,170,0.25,0.06362687086668987,0.1863731291333101
all_strict_sites,Q99081,25,16,170,0.2916666666666667,0.07908109989557953,0.21258556677108714
all_strict_sites,Q99081,30,16,170,0.31666666666666665,0.09474416985729203,0.22192249680937462
all_strict_sites,Q99439,5,3,44,0.0,0.02748414376321353,-0.02748414376321353
all_strict_sites,Q99439,10,3,44,0.3333333333333333,0.0613107822410148,0.27202255109231854
all_strict_sites,Q99439,15,3,44,0.3333333333333333,0.08985200845665962,0.24348132487667368
all_strict_sites,Q99439,20,3,44,0.3333333333333333,0.11733615221987315,0.21599718111346017
all_strict_sites,Q99439,25,3,44,0.3333333333333333,0.14693446088794926,0.18639887244538406
all_strict_sites,Q99439,30,3,44,0.6666666666666666,0.17970401691331925,0.48696264975334735
all_strict_sites,Q99504,5,8,118,0.14285714285714285,0.0217296827466319,0.12112746011051095
all_strict_sites,Q99504,10,8,118,0.21428571428571427,0.042590178183398525,0.17169553610231575
all_strict_sites,Q99504,15,8,118,0.25,0.061857163552078806,0.18814283644792118
all_strict_sites,Q99504,20,8,118,0.25,0.0801100970592496,0.1698899029407504
all_strict_sites,Q99504,25,8,118,0.2857142857142857,0.09981167608286252,0.1859026096314232
all_strict_sites,Q99504,30,8,118,0.2857142857142857,0.11849920324496596,0.16721508246931974
all_strict_sites,Q99543,5,3,63,0.0,0.022529441884280594,-0.022529441884280594
all_strict_sites,Q99543,10,3,63,0.0,0.039938556067588324,-0.039938556067588324
all_strict_sites,Q99543,15,3,63,0.0,0.05734767025089606,-0.05734767025089606
all_strict_sites,Q99543,20,3,63,0.0,0.07270865335381464,-0.07270865335381464
all_strict_sites,Q99543,25,3,63,0.3333333333333333,0.0855094726062468,0.2478238607270865
all_strict_sites,Q99543,30,3,63,0.3333333333333333,0.0967741935483871,0.23655913978494622
all_strict_sites,Q99583,5,3,70,0.0,0.018219461697722567,-0.018219461697722567
all_strict_sites,Q99583,10,3,70,0.0,0.03602484472049689,-0.03602484472049689
all_strict_sites,Q99583,15,3,70,0.0,0.053830227743271224,-0.053830227743271224
all_strict_sites,Q99583,20,3,70,0.0,0.06418219461697723,-0.06418219461697723
all_strict_sites,Q99583,25,3,70,0.0,0.07577639751552795,-0.07577639751552795
all_strict_sites,Q99583,30,3,70,0.0,0.08944099378881988,-0.08944099378881988
all_strict_sites,Q99590,5,5,282,0.1,0.007672698821332122,0.09232730117866789
all_strict_sites,Q99590,10,5,282,0.1,0.014966810529769567,0.08503318947023043
all_strict_sites,Q99590,15,5,282,0.1,0.02200853082961056,0.07799146917038945
all_strict_sites,Q99590,20,5,282,0.1,0.029100729411170843,0.07089927058882917
all_strict_sites,Q99590,25,5,282,0.1,0.03654627596476616,0.06345372403523385
all_strict_sites,Q99590,30,5,282,0.1,0.043941344236642185,0.05605865576335782
all_strict_sites,Q99594,5,3,65,0.3333333333333333,0.03125,0.3020833333333333
all_strict_sites,Q99594,10,3,65,0.3333333333333333,0.05721153846153846,0.27612179487179483
all_strict_sites,Q99594,15,3,65,1.0,0.08221153846153846,0.9177884615384615
all_strict_sites,Q99594,20,3,65,1.0,0.10480769230769231,0.8951923076923077
all_strict_sites,Q99594,25,3,65,1.0,0.12163461538461538,0.8783653846153846
all_strict_sites,Q99594,30,3,65,1.0,0.13942307692307693,0.8605769230769231
all_strict_sites,Q99607,5,4,135,0.0,0.01625207296849088,-0.01625207296849088
all_strict_sites,Q99607,10,4,135,0.16666666666666666,0.03250414593698176,0.1341625207296849
all_strict_sites,Q99607,15,4,135,0.16666666666666666,0.051299060254284136,0.11536760641238253
all_strict_sites,Q99607,20,4,135,0.16666666666666666,0.06887783305693754,0.09778883360972912
all_strict_sites,Q99607,25,4,135,0.16666666666666666,0.08512990602542841,0.08153676064123824
all_strict_sites,Q99607,30,4,135,0.16666666666666666,0.09817578772802653,0.06849087893864013
all_strict_sites,Q99666,5,3,259,0.3333333333333333,0.007243123522193289,0.32609020981114
all_strict_sites,Q99666,10,3,259,0.3333333333333333,0.013977432582083745,0.3193559007512496
all_strict_sites,Q99666,15,3,259,0.3333333333333333,0.02014306665469456,0.31319026667863875
all_strict_sites,Q99666,20,3,259,0.3333333333333333,0.026278770464816976,0.30705456286851635
all_strict_sites,Q99666,25,3,259,0.3333333333333333,0.03316273083714944,0.3001706024961839
all_strict_sites,Q99666,30,3,259,0.3333333333333333,0.03980724910957469,0.29352608422375864
all_strict_sites,Q99700,5,18,241,0.17647058823529413,0.00909405255878285,0.16737653567651128
all_strict_sites,Q99700,10,18,241,0.27450980392156865,0.017496542185338866,0.2570132617362298
all_strict_sites,Q99700,15,18,241,0.35294117647058826,0.025276625172890733,0.3276645512976975
all_strict_sites,Q99700,20,18,241,0.4117647058823529,0.03229598893499309,0.37946871694735984
all_strict_sites,Q99700,25,18,241,0.42483660130718953,0.03959197786998617,0.38524462343720334
all_strict_sites,Q99700,30,18,241,0.43137254901960786,0.04688796680497925,0.3844845822146286
all_strict_sites,Q99856,5,4,69,0.0,0.030690537084398978,-0.030690537084398978
all_strict_sites,Q99856,10,4,69,0.16666666666666666,0.05200341005967604,0.11466325660699062
all_strict_sites,Q99856,15,4,69,0.16666666666666666,0.07800511508951406,0.0886615515771526
all_strict_sites,Q99856,20,4,69,0.16666666666666666,0.0988917306052856,0.06777493606138106
all_strict_sites,Q99856,25,4,69,0.16666666666666666,0.11764705882352941,0.04901960784313725
all_strict_sites,Q99856,30,4,69,0.3333333333333333,0.14151747655583974,0.19181585677749358
all_strict_sites,Q9BS26,5,5,43,0.3,0.02768549280177187,0.27231450719822814
all_strict_sites,Q9BS26,10,5,43,0.4,0.04540420819490587,0.35459579180509415
all_strict_sites,Q9BS26,15,5,43,0.8,0.0753045404208195,0.7246954595791806
all_strict_sites,Q9BS26,20,5,43,1.0,0.10077519379844961,0.8992248062015504
all_strict_sites,Q9BS26,25,5,43,1.0,0.1184939091915836,0.8815060908084164
all_strict_sites,Q9BS26,30,5,43,1.0,0.13510520487264674,0.8648947951273532
all_strict_sites,Q9BTA9,5,15,153,0.11428571428571428,0.017543859649122806,0.09674185463659148
all_strict_sites,Q9BTA9,10,15,153,0.1523809523809524,0.034485724114207084,0.11789522826674531
all_strict_sites,Q9BTA9,15,15,153,0.2,0.05185758513931889,0.14814241486068114
all_strict_sites,Q9BTA9,20,15,153,0.2,0.07017543859649122,0.1298245614035088
all_strict_sites,Q9BTA9,25,15,153,0.21904761904761905,0.08685930512555899,0.13218831392206004
all_strict_sites,Q9BTA9,30,15,153,0.21904761904761905,0.10354317165462676,0.11550444739299229
all_strict_sites,Q9BTC0,5,32,306,0.05846774193548387,0.005121611486124504,0.05334613044935936
all_strict_sites,Q9BTC0,10,32,306,0.11290322580645161,0.01007178827815279,0.10283143752829882
all_strict_sites,Q9BTC0,15,32,306,0.15725806451612903,0.015429122468659595,0.14182894204746943
all_strict_sites,Q9BTC0,20,32,306,0.1875,0.02033644058716383,0.16716355941283617
all_strict_sites,Q9BTC0,25,32,306,0.20766129032258066,0.025908068145290904,0.18175322217728976
all_strict_sites,Q9BTC0,30,32,306,0.21774193548387097,0.031136826315225543,0.18660510916864542
all_strict_sites,Q9BTK6,5,3,37,0.0,0.03903903903903904,-0.03903903903903904
all_strict_sites,Q9BTK6,10,3,37,0.3333333333333333,0.07357357357357357,0.25975975975975973
all_strict_sites,Q9BTK6,15,3,37,0.3333333333333333,0.12012012012012012,0.21321321321321318
all_strict_sites,Q9BTK6,20,3,37,0.3333333333333333,0.15015015015015015,0.18318318318318316
all_strict_sites,Q9BTK6,25,3,37,0.3333333333333333,0.18018018018018017,0.15315315315315314
all_strict_sites,Q9BTK6,30,3,37,0.3333333333333333,0.2087087087087087,0.12462462462462462
all_strict_sites,Q9BUJ2,5,7,86,0.38095238095238093,0.016963064295485636,0.36398931665689527
all_strict_sites,Q9BUJ2,10,7,86,0.47619047619047616,0.03392612859097127,0.4422643475995049
all_strict_sites,Q9BUJ2,15,7,86,0.6190476190476191,0.047879616963064295,0.5711680020845548
all_strict_sites,Q9BUJ2,20,7,86,0.7142857142857143,0.06320109439124487,0.6510846198944694
all_strict_sites,Q9BUJ2,25,7,86,0.7142857142857143,0.07496580027359781,0.6393199140121165
all_strict_sites,Q9BUJ2,30,7,86,0.7142857142857143,0.08700410396716826,0.627281610318546
all_strict_sites,Q9BVL2,5,44,146,0.0613107822410148,0.02182333490788852,0.03948744733312628
all_strict_sites,Q9BVL2,10,44,146,0.08456659619450317,0.04175720358998583,0.04280939260451734
all_strict_sites,Q9BVL2,15,44,146,0.10993657505285412,0.06112423240434577,0.048812342648508346
all_strict_sites,Q9BVL2,20,44,146,0.13002114164904863,0.08181388757675956,0.04820725407228907
all_strict_sites,Q9BVL2,25,44,146,0.14376321353065538,0.10231459612659424,0.04144861740406114
all_strict_sites,Q9BVL2,30,44,146,0.17653276955602537,0.12120925838450637,0.055323511171519
all_strict_sites,Q9BWF3,5,11,49,0.16363636363636364,0.03486394557823129,0.12877241805813233
all_strict_sites,Q9BWF3,10,11,49,0.2,0.06207482993197279,0.13792517006802724
all_strict_sites,Q9BWF3,15,11,49,0.2909090909090909,0.09438775510204081,0.19652133580705008
all_strict_sites,Q9BWF3,20,11,49,0.45454545454545453,0.12670068027210885,0.3278447742733457
all_strict_sites,Q9BWF3,25,11,49,0.5636363636363636,0.14710884353741496,0.41652752009894867
all_strict_sites,Q9BWF3,30,11,49,0.5818181818181818,0.1717687074829932,0.41004947433518857
all_strict_sites,Q9BXS6,5,3,73,0.0,0.025494672754946726,-0.025494672754946726
all_strict_sites,Q9BXS6,10,3,73,0.3333333333333333,0.0487062404870624,0.2846270928462709
all_strict_sites,Q9BXS6,15,3,73,0.3333333333333333,0.07496194824961948,0.2583713850837138
all_strict_sites,Q9BXS6,20,3,73,0.3333333333333333,0.10312024353120243,0.2302130898021309
all_strict_sites,Q9BXS6,25,3,73,0.3333333333333333,0.1263318112633181,0.2070015220700152
all_strict_sites,Q9BXS6,30,3,73,0.3333333333333333,0.14992389649923896,0.18340943683409436
all_strict_sites,Q9BXT5,5,3,511,0.0,0.003821802693680212,-0.003821802693680212
all_strict_sites,Q9BXT5,10,3,511,0.0,0.007582210966578413,-0.007582210966578413
all_strict_sites,Q9BXT5,15,3,511,0.0,0.01117378458232608,-0.01117378458232608
all_strict_sites,Q9BXT5,20,3,511,0.0,0.014888147039637773,-0.014888147039637773
all_strict_sites,Q9BXT5,25,3,511,0.0,0.018986224626837037,-0.018986224626837037
all_strict_sites,Q9BXT5,30,3,511,0.0,0.022631518360768967,-0.022631518360768967
all_strict_sites,Q9BYJ9,5,15,92,0.13333333333333333,0.020305781175346392,0.11302755215798693
all_strict_sites,Q9BYJ9,10,15,92,0.20952380952380953,0.03989488772097468,0.16962892180283484
all_strict_sites,Q9BYJ9,15,15,92,0.29523809523809524,0.058767319636884856,0.23647077560121038
all_strict_sites,Q9BYJ9,20,15,92,0.3523809523809524,0.07835642618251314,0.27402452619843926
all_strict_sites,Q9BYJ9,25,15,92,0.41904761904761906,0.09722885809842331,0.32181876094919576
all_strict_sites,Q9BYJ9,30,15,92,0.45714285714285713,0.11347348303870043,0.3436693741041567
all_strict_sites,Q9BYP7,5,3,339,0.0,0.006266254734600548,-0.006266254734600548
all_strict_sites,Q9BYP7,10,3,339,0.0,0.011729591035241137,-0.011729591035241137
all_strict_sites,Q9BYP7,15,3,339,0.0,0.017419839067218237,-0.017419839067218237
all_strict_sites,Q9BYP7,20,3,339,0.0,0.023162451344888375,-0.023162451344888375
all_strict_sites,Q9BYP7,25,3,339,0.0,0.028224328428548988,-0.028224328428548988
all_strict_sites,Q9BYP7,30,3,339,0.0,0.03400185020334782,-0.03400185020334782
all_strict_sites,Q9BYV9,5,3,137,0.0,0.01567196221554315,-0.01567196221554315
all_strict_sites,Q9BYV9,10,3,137,0.0,0.029089738085015027,-0.029089738085015027
all_strict_sites,Q9BYV9,15,3,137,0.0,0.04186346071275225,-0.04186346071275225
all_strict_sites,Q9BYV9,20,3,137,0.0,0.053241734650064404,-0.053241734650064404
all_strict_sites,Q9BYV9,25,3,137,0.0,0.06451266638042079,-0.06451266638042079
all_strict_sites,Q9BYV9,30,3,137,0.0,0.07696436238729068,-0.07696436238729068
all_strict_sites,Q9C0A6,5,22,306,0.05194805194805195,0.008036001285760206,0.04391205066229174
all_strict_sites,Q9C0A6,10,22,306,0.08225108225108226,0.016372013286188793,0.06587906896489346
all_strict_sites,Q9C0A6,15,22,306,0.09090909090909091,0.024043715846994537,0.06686537506209637
all_strict_sites,Q9C0A6,20,22,306,0.12987012987012986,0.03216543447980285,0.097704695390327
all_strict_sites,Q9C0A6,25,22,306,0.16017316017316016,0.03953712632594021,0.12063603384721995
all_strict_sites,Q9C0A6,30,22,306,0.19047619047619047,0.0471659702132219,0.14331022026296858
all_strict_sites,Q9C0C7,5,10,249,0.24444444444444444,0.00880943127348102,0.23563501317096341
all_strict_sites,Q9C0C7,10,10,249,0.35555555555555557,0.01648529602280088,0.3390702595327547
all_strict_sites,Q9C0C7,15,10,249,0.35555555555555557,0.02458219976680917,0.3309733557887464
all_strict_sites,Q9C0C7,20,10,249,0.4,0.033294468195362095,0.36670553180463794
all_strict_sites,Q9C0C7,25,10,249,0.4666666666666667,0.04142375955434642,0.42524290711232027
all_strict_sites,Q9C0C7,30,10,249,0.4888888888888889,0.04932633760849851,0.43956255128039035
all_strict_sites,Q9C0D2,5,5,449,0.0,0.004533884823417118,-0.004533884823417118
all_strict_sites,Q9C0D2,10,5,449,0.0,0.008988227807826916,-0.008988227807826916
all_strict_sites,Q9C0D2,15,5,449,0.0,0.013363028953229399,-0.013363028953229399
all_strict_sites,Q9C0D2,20,5,449,0.0,0.017996341075405663,-0.017996341075405663
all_strict_sites,Q9C0D2,25,5,449,0.1,0.022271714922048998,0.07772828507795101
all_strict_sites,Q9C0D2,30,5,449,0.1,0.02641783328030544,0.07358216671969456
all_strict_sites,Q9C0D5,5,11,315,0.03636363636363636,0.007259124456576686,0.029104511907059677
all_strict_sites,Q9C0D5,10,11,315,0.10909090909090909,0.014578910120311395,0.09451199897059769
all_strict_sites,Q9C0D5,15,11,315,0.12727272727272726,0.021251642907693862,0.1060210843650334
all_strict_sites,Q9C0D5,20,11,315,0.12727272727272726,0.02786371448791831,0.09940901278480894
all_strict_sites,Q9C0D5,25,11,315,0.12727272727272726,0.03423314123951066,0.0930395860332166
all_strict_sites,Q9C0D5,30,11,315,0.12727272727272726,0.040420584369628955,0.08685214290309831
all_strict_sites,Q9C0F1,5,4,56,0.3333333333333333,0.03766233766233766,0.29567099567099564
all_strict_sites,Q9C0F1,10,4,56,0.3333333333333333,0.06688311688311688,0.26645021645021644
all_strict_sites,Q9C0F1,15,4,56,0.3333333333333333,0.09740259740259741,0.2359307359307359
all_strict_sites,Q9C0F1,20,4,56,0.3333333333333333,0.11883116883116883,0.21450216450216447
all_strict_sites,Q9C0F1,25,4,56,0.3333333333333333,0.1422077922077922,0.19112554112554112
all_strict_sites,Q9C0F1,30,4,56,0.3333333333333333,0.16818181818181818,0.16515151515151513
all_strict_sites,Q9GZM5,5,3,35,0.3333333333333333,0.03529411764705882,0.2980392156862745
all_strict_sites,Q9GZM5,10,3,35,0.3333333333333333,0.058823529411764705,0.2745098039215686
all_strict_sites,Q9GZM5,15,3,35,0.3333333333333333,0.0957983193277311,0.23753501400560223
all_strict_sites,Q9GZM5,20,3,35,0.3333333333333333,0.11260504201680673,0.2207282913165266
all_strict_sites,Q9GZM5,25,3,35,0.3333333333333333,0.13109243697478992,0.2022408963585434
all_strict_sites,Q9GZM5,30,3,35,0.3333333333333333,0.1546218487394958,0.1787114845938375
all_strict_sites,Q9GZY8,5,3,51,0.3333333333333333,0.03607843137254902,0.2972549019607843
all_strict_sites,Q9GZY8,10,3,51,0.3333333333333333,0.06352941176470588,0.2698039215686274
all_strict_sites,Q9GZY8,15,3,51,0.3333333333333333,0.08627450980392157,0.24705882352941175
all_strict_sites,Q9GZY8,20,3,51,0.3333333333333333,0.11137254901960784,0.22196078431372546
all_strict_sites,Q9GZY8,25,3,51,0.3333333333333333,0.1388235294117647,0.1945098039215686
all_strict_sites,Q9GZY8,30,3,51,0.3333333333333333,0.1607843137254902,0.1725490196078431
all_strict_sites,Q9H0E3,5,39,204,0.033738191632928474,0.01004539746933256,0.023692794163595914
all_strict_sites,Q9H0E3,10,39,204,0.07017543859649122,0.020622041920216362,0.04955339667627486
all_strict_sites,Q9H0E3,15,39,204,0.10256410256410256,0.03192311407321549,0.07064098849088707
all_strict_sites,Q9H0E3,20,39,204,0.12280701754385964,0.04211339708297112,0.08069362046088852
all_strict_sites,Q9H0E3,25,39,204,0.13900134952766532,0.0522070897324447,0.08679425979522062
all_strict_sites,Q9H0E3,30,39,204,0.15654520917678813,0.0625422582826234,0.09400295089416473
all_strict_sites,Q9H0E9,5,9,188,0.2777777777777778,0.008647172602116282,0.2691306051756615
all_strict_sites,Q9H0E9,10,9,188,0.5277777777777778,0.017635680964842415,0.5101420968129353
all_strict_sites,Q9H0E9,15,9,188,0.6666666666666666,0.025941517806348846,0.6407251488603178
all_strict_sites,Q9H0E9,20,9,188,0.7222222222222222,0.03345090453976562,0.6887713176824566
all_strict_sites,Q9H0E9,25,9,188,0.7777777777777778,0.04181363067470702,0.7359641471030708
all_strict_sites,Q9H0E9,30,9,188,0.7777777777777778,0.0497781317556036,0.7279996460221742
all_strict_sites,Q9H1A4,5,3,295,0.3333333333333333,0.005488297013720743,0.3278450363196126
all_strict_sites,Q9H1A4,10,3,295,0.3333333333333333,0.011068834313386372,0.3222644990199469
all_strict_sites,Q9H1A4,15,3,295,1.0,0.01609592989738268,0.9839040701026173
all_strict_sites,Q9H1A4,20,3,295,1.0,0.021722587340020753,0.9782774126599793
all_strict_sites,Q9H1A4,25,3,295,1.0,0.02698028363887928,0.9730197163611207
all_strict_sites,Q9H1A4,30,3,295,1.0,0.0324455205811138,0.9675544794188862
all_strict_sites,Q9H1B7,5,12,114,0.16666666666666666,0.018785902810122653,0.147880763856544
all_strict_sites,Q9H1B7,10,12,114,0.21212121212121213,0.034621953112870675,0.17749925900834146
all_strict_sites,Q9H1B7,15,12,114,0.2727272727272727,0.04611085235211924,0.22661642037515348
all_strict_sites,Q9H1B7,20,12,114,0.2878787878787879,0.05853128396211768,0.22934750391667022
all_strict_sites,Q9H1B7,25,12,114,0.2878787878787879,0.072038503337991,0.2158402845407969
all_strict_sites,Q9H1B7,30,12,114,0.2878787878787879,0.08585623350411427,0.20202255437467365
all_strict_sites,Q9H1D0,5,3,77,1.0,0.015379357484620642,0.9846206425153794
all_strict_sites,Q9H1D0,10,3,77,1.0,0.03110047846889952,0.9688995215311005
all_strict_sites,Q9H1D0,15,3,77,1.0,0.04613807245386193,0.9538619275461381
all_strict_sites,Q9H1D0,20,3,77,1.0,0.05980861244019139,0.9401913875598086
all_strict_sites,Q9H1D0,25,3,77,1.0,0.07347915242652085,0.9265208475734792
all_strict_sites,Q9H1D0,30,3,77,1.0,0.0861244019138756,0.9138755980861244
all_strict_sites,Q9H1K0,5,3,102,0.3333333333333333,0.0180547466511357,0.3152785866821976
all_strict_sites,Q9H1K0,10,3,102,1.0,0.034944670937682006,0.965055329062318
all_strict_sites,Q9H1K0,15,3,102,1.0,0.050087361677344205,0.9499126383226558
all_strict_sites,Q9H1K0,20,3,102,1.0,0.0648417782954766,0.9351582217045233
all_strict_sites,Q9H1K0,25,3,102,1.0,0.07940205785284411,0.9205979421471558
all_strict_sites,Q9H1K0,30,3,102,1.0,0.0918268297417977,0.9081731702582023
all_strict_sites,Q9H2F5,5,5,137,0.3,0.017496779733791327,0.28250322026620867
all_strict_sites,Q9H2F5,10,5,137,0.3,0.0313439244310863,0.2686560755689137
all_strict_sites,Q9H2F5,15,5,137,0.3,0.04540575354229283,0.2545942464577072
all_strict_sites,Q9H2F5,20,5,137,0.5,0.05850150279089738,0.4414984972091026
all_strict_sites,Q9H2F5,25,5,137,0.6,0.06966509231429799,0.530334907685702
all_strict_sites,Q9H2F5,30,5,137,0.7,0.08243881494203521,0.6175611850579648
all_strict_sites,Q9H2P0,5,6,167,0.13333333333333333,0.009234542962268234,0.1240987903710651
all_strict_sites,Q9H2P0,10,6,167,0.2,0.019262679460356397,0.18073732053964361
all_strict_sites,Q9H2P0,15,6,167,0.3333333333333333,0.028857946757088235,0.30447538657624507
all_strict_sites,Q9H2P0,20,6,167,0.4,0.03838106918692735,0.36161893081307267
all_strict_sites,Q9H2P0,25,6,167,0.4,0.04747132241541014,0.3525286775845899
all_strict_sites,Q9H2P0,30,6,167,0.4,0.05735516917971286,0.3426448308202872
all_strict_sites,Q9H2X6,5,5,249,0.0,0.010493587252234746,-0.010493587252234746
all_strict_sites,Q9H2X6,10,5,249,0.0,0.01985360798030833,-0.01985360798030833
all_strict_sites,Q9H2X6,15,5,249,0.0,0.028598264023837285,-0.028598264023837285
all_strict_sites,Q9H2X6,20,5,249,0.0,0.03731053245239021,-0.03731053245239021
all_strict_sites,Q9H2X6,25,5,249,0.0,0.04686487887031999,-0.04686487887031999
all_strict_sites,Q9H2X6,30,5,249,0.0,0.055544759683896876,-0.055544759683896876
all_strict_sites,Q9H2Y7,5,5,355,0.2,0.005410997055781013,0.194589002944219
all_strict_sites,Q9H2Y7,10,5,355,0.4,0.010806079414339143,0.3891939205856609
all_strict_sites,Q9H2Y7,15,5,355,0.4,0.016312564653457467,0.38368743534654254
all_strict_sites,Q9H2Y7,20,5,355,0.4,0.021850879287021563,0.37814912071297846
all_strict_sites,Q9H2Y7,25,5,355,0.4,0.027691573167820484,0.3723084268321795
all_strict_sites,Q9H2Y7,30,5,355,0.4,0.033309461287499,0.366690538712501
all_strict_sites,Q9H334,5,6,102,0.2,0.021160939623374102,0.17883906037662592
all_strict_sites,Q9H334,10,6,102,0.4,0.0421277421859833,0.3578722578140167
all_strict_sites,Q9H334,15,6,102,0.4,0.0607649000194137,0.3392350999805863
all_strict_sites,Q9H334,20,6,102,0.4666666666666667,0.07940205785284411,0.3872646088138226
all_strict_sites,Q9H334,25,6,102,0.6,0.09765094156474471,0.5023490584352552
all_strict_sites,Q9H334,30,6,102,0.8,0.11376431760823141,0.6862356823917686
all_strict_sites,Q9H3S7,5,5,180,0.0,0.007635009310986964,-0.007635009310986964
all_strict_sites,Q9H3S7,10,5,180,0.0,0.014649286157666046,-0.014649286157666046
all_strict_sites,Q9H3S7,15,5,180,0.0,0.020297951582867783,-0.020297951582867783
all_strict_sites,Q9H3S7,20,5,180,0.0,0.02669149596523898,-0.02669149596523898
all_strict_sites,Q9H3S7,25,5,180,0.1,0.03333333333333333,0.06666666666666668
all_strict_sites,Q9H3S7,30,5,180,0.1,0.03879577901924271,0.0612042209807573
all_strict_sites,Q9H4A3,5,49,527,0.02295918367346939,0.00497110410458799,0.017988079568881397
all_strict_sites,Q9H4A3,10,49,527,0.036564625850340135,0.009898918478221658,0.02666570737211848
all_strict_sites,Q9H4A3,15,49,527,0.05187074829931973,0.014458770138743587,0.03741197816057614
all_strict_sites,Q9H4A3,20,49,527,0.05697278911564626,0.019025836754424572,0.037946952361221684
all_strict_sites,Q9H4A3,25,49,527,0.06462585034013606,0.0232898752534253,0.04133597508671076
all_strict_sites,Q9H4A3,30,49,527,0.06972789115646258,0.027864156824265338,0.04186373433219724
all_strict_sites,Q9H4G0,5,9,143,0.2222222222222222,0.013986013986013986,0.20823620823620823
all_strict_sites,Q9H4G0,10,9,143,0.4444444444444444,0.02679011129715355,0.4176543331472909
all_strict_sites,Q9H4G0,15,9,143,0.5555555555555556,0.03821530582093963,0.517340249734616
all_strict_sites,Q9H4G0,20,9,143,0.7222222222222222,0.0499359795134443,0.6722862427087779
all_strict_sites,Q9H4G0,25,9,143,0.8055555555555556,0.06274007682458387,0.7428154787309718
all_strict_sites,Q9H4G0,30,9,143,0.8888888888888888,0.07524869496700483,0.813640193921884
all_strict_sites,Q9H4I2,5,13,158,0.1282051282051282,0.010400709505764735,0.11780441869936346
all_strict_sites,Q9H4I2,10,13,158,0.23076923076923078,0.02072079335644602,0.21004843741278476
all_strict_sites,Q9H4I2,15,13,158,0.2692307692307692,0.03184713375796178,0.23738363547280744
all_strict_sites,Q9H4I2,20,13,158,0.2692307692307692,0.04224784326372652,0.2269829259670427
all_strict_sites,Q9H4I2,25,13,158,0.28205128205128205,0.05393856325082641,0.22811271880045564
all_strict_sites,Q9H4I2,30,13,158,0.28205128205128205,0.06369426751592357,0.2183570145353585
all_strict_sites,Q9H582,5,5,227,0.0,0.008849557522123894,-0.008849557522123894
all_strict_sites,Q9H582,10,5,227,0.1,0.016490585162371837,0.08350941483762817
all_strict_sites,Q9H582,15,5,227,0.1,0.02420958247241823,0.07579041752758178
all_strict_sites,Q9H582,20,5,227,0.1,0.031967564617363844,0.06803243538263616
all_strict_sites,Q9H582,25,5,227,0.1,0.039686561927410234,0.06031343807258977
all_strict_sites,Q9H582,30,5,227,0.1,0.047561498577053524,0.05243850142294648
all_strict_sites,Q9H6S0,5,3,199,0.3333333333333333,0.008324450535505812,0.3250088827978275
all_strict_sites,Q9H6S0,10,3,199,0.3333333333333333,0.015887518400081214,0.3174458149332521
all_strict_sites,Q9H6S0,15,3,199,0.3333333333333333,0.02324755088574184,0.3100857824475915
all_strict_sites,Q9H6S0,20,3,199,0.3333333333333333,0.03126744835287549,0.30206588498045783
all_strict_sites,Q9H6S0,25,3,199,0.3333333333333333,0.03928734582000914,0.29404598751332417
all_strict_sites,Q9H6S0,30,3,199,0.3333333333333333,0.045530683721638494,0.2878026496116948
all_strict_sites,Q9H792,5,7,307,0.42857142857142855,0.007238508867173362,0.4213329197042552
all_strict_sites,Q9H792,10,7,307,0.8571428571428571,0.013497690064082093,0.843645167078775
all_strict_sites,Q9H792,15,7,307,1.0,0.020097506972387217,0.9799024930276128
all_strict_sites,Q9H792,20,7,307,1.0,0.026122501117710927,0.973877498882289
all_strict_sites,Q9H792,25,7,307,1.0,0.031977177407336445,0.9680228225926636
all_strict_sites,Q9H792,30,7,307,1.0,0.03806604074854698,0.961933959251453
all_strict_sites,Q9H7P9,5,6,206,0.0,0.008287946957139474,-0.008287946957139474
all_strict_sites,Q9H7P9,10,6,206,0.06666666666666667,0.015486620885626332,0.05118004578104034
all_strict_sites,Q9H7P9,15,6,206,0.06666666666666667,0.022353776935827612,0.04431288973083905
all_strict_sites,Q9H7P9,20,6,206,0.06666666666666667,0.02945773147051859,0.037208935196148075
all_strict_sites,Q9H7P9,25,6,206,0.06666666666666667,0.03741416054937249,0.02925250611729418
all_strict_sites,Q9H7P9,30,6,206,0.06666666666666667,0.04579682690030784,0.020869839766358825
all_strict_sites,Q9H7S9,5,3,109,0.0,0.02378525314305131,-0.02378525314305131
all_strict_sites,Q9H7S9,10,3,109,0.0,0.04145429833503228,-0.04145429833503228
all_strict_sites,Q9H7S9,15,3,109,0.3333333333333333,0.05793408086986069,0.27539925246347263
all_strict_sites,Q9H7S9,20,3,109,0.3333333333333333,0.07186544342507645,0.26146788990825687
all_strict_sites,Q9H7S9,25,3,109,0.3333333333333333,0.08528712198436969,0.24804621134896362
all_strict_sites,Q9H7S9,30,3,109,0.3333333333333333,0.10176690451919809,0.23156642881413522
all_strict_sites,Q9H845,5,3,79,0.0,0.013307367737747485,-0.013307367737747485
all_strict_sites,Q9H845,10,3,79,0.3333333333333333,0.027913015254787406,0.3054203180785459
all_strict_sites,Q9H845,15,3,79,0.3333333333333333,0.04316780266147355,0.2901655306718598
all_strict_sites,Q9H845,20,3,79,0.3333333333333333,0.05842259006815969,0.2749107432651736
all_strict_sites,Q9H845,25,3,79,0.3333333333333333,0.07367737747484583,0.2596559558584875
all_strict_sites,Q9H845,30,3,79,0.3333333333333333,0.08795845504706264,0.2453748782862707
all_strict_sites,Q9H8V3,5,5,143,0.4,0.01349354870481631,0.3865064512951837
all_strict_sites,Q9H8V3,10,5,143,0.4,0.026691618240914015,0.373308381759086
all_strict_sites,Q9H8V3,15,5,143,0.8,0.04087461833940707,0.759125381660593
all_strict_sites,Q9H8V3,20,5,143,1.0,0.052496798975672214,0.9475032010243278
all_strict_sites,Q9H8V3,25,5,143,1.0,0.06500541711809317,0.9349945828819068
all_strict_sites,Q9H8V3,30,5,143,1.0,0.07643061164187925,0.9235693883581207
all_strict_sites,Q9H8Y8,5,9,85,0.1388888888888889,0.024369747899159664,0.11451914098972923
all_strict_sites,Q9H8Y8,10,9,85,0.2777777777777778,0.050980392156862744,0.22679738562091506
all_strict_sites,Q9H8Y8,15,9,85,0.3611111111111111,0.07787114845938375,0.28323996265172735
all_strict_sites,Q9H8Y8,20,9,85,0.4166666666666667,0.10168067226890756,0.3149859943977591
all_strict_sites,Q9H8Y8,25,9,85,0.5,0.126890756302521,0.373109243697479
all_strict_sites,Q9H8Y8,30,9,85,0.6111111111111112,0.14789915966386555,0.4632119514472456
all_strict_sites,Q9H910,5,4,30,0.0,0.04597701149425287,-0.04597701149425287
all_strict_sites,Q9H910,10,4,30,0.16666666666666666,0.09195402298850575,0.07471264367816091
all_strict_sites,Q9H910,15,4,30,0.16666666666666666,0.14942528735632185,0.017241379310344807
all_strict_sites,Q9H910,20,4,30,0.16666666666666666,0.1839080459770115,-0.017241379310344834
all_strict_sites,Q9H910,25,4,30,0.16666666666666666,0.23908045977011494,-0.07241379310344828
all_strict_sites,Q9H910,30,4,30,0.16666666666666666,0.29195402298850576,-0.1252873563218391
all_strict_sites,Q9HAH7,5,3,47,0.0,0.024051803885291396,-0.024051803885291396
all_strict_sites,Q9HAH7,10,3,47,0.0,0.03885291396854764,-0.03885291396854764
all_strict_sites,Q9HAH7,15,3,47,0.0,0.0666049953746531,-0.0666049953746531
all_strict_sites,Q9HAH7,20,3,47,0.3333333333333333,0.09343200740055504,0.23990132593277827
all_strict_sites,Q9HAH7,25,3,47,0.3333333333333333,0.11748381128584644,0.21584952204748686
all_strict_sites,Q9HAH7,30,3,47,0.3333333333333333,0.14338575393154487,0.18994757940178844
all_strict_sites,Q9HAP2,5,8,152,0.25,0.012199372603694667,0.23780062739630534
all_strict_sites,Q9HAP2,10,8,152,0.25,0.024573021958870688,0.22542697804112932
all_strict_sites,Q9HAP2,15,8,152,0.25,0.035639595677936564,0.21436040432206344
all_strict_sites,Q9HAP2,20,8,152,0.25,0.04627047751829906,0.20372952248170095
all_strict_sites,Q9HAP2,25,8,152,0.35714285714285715,0.055507145346810734,0.3016357117960464
all_strict_sites,Q9HAP2,30,8,152,0.39285714285714285,0.0658766120599512,0.32698053079719164
all_strict_sites,Q9HAU0,5,5,182,0.0,0.009410479023738693,-0.009410479023738693
all_strict_sites,Q9HAU0,10,5,182,0.1,0.019124521886952826,0.08087547811304718
all_strict_sites,Q9HAU0,15,5,182,0.2,0.027867160463845547,0.17213283953615446
all_strict_sites,Q9HAU0,20,5,182,0.3,0.037095501183898975,0.262904498816101
all_strict_sites,Q9HAU0,25,5,182,0.3,0.04626312913605731,0.2537368708639427
all_strict_sites,Q9HAU0,30,5,182,0.4,0.05458077833768441,0.3454192216623156
all_strict_sites,Q9HAW0,5,3,59,0.3333333333333333,0.022793687901811806,0.3105396454315215
all_strict_sites,Q9HAW0,10,3,59,0.3333333333333333,0.04558737580362361,0.2877459575297097
all_strict_sites,Q9HAW0,15,3,59,0.3333333333333333,0.07188778492109878,0.26144554841223455
all_strict_sites,Q9HAW0,20,3,59,0.3333333333333333,0.09701928696668614,0.23631404636664716
all_strict_sites,Q9HAW0,25,3,59,0.3333333333333333,0.11864406779661017,0.21468926553672313
all_strict_sites,Q9HAW0,30,3,59,0.3333333333333333,0.1472822910578609,0.18605104227547242
all_strict_sites,Q9HB21,5,4,59,1.0,0.029807130333138514,0.9701928696668615
all_strict_sites,Q9HB21,10,4,59,1.0,0.061952074810052604,0.9380479251899474
all_strict_sites,Q9HB21,15,4,59,1.0,0.09526592635885447,0.9047340736411456
all_strict_sites,Q9HB21,20,4,59,1.0,0.11864406779661017,0.8813559322033898
all_strict_sites,Q9HB21,25,4,59,1.0,0.14436002337814144,0.8556399766218585
all_strict_sites,Q9HB21,30,4,59,1.0,0.16890707188778492,0.831092928112215
all_strict_sites,Q9HBD1,5,25,192,0.043333333333333335,0.008616928446771378,0.034716404886561955
all_strict_sites,Q9HBD1,10,25,192,0.06333333333333334,0.017724694589877837,0.0456086387434555
all_strict_sites,Q9HBD1,15,25,192,0.08333333333333333,0.027541448516579407,0.05579188481675392
all_strict_sites,Q9HBD1,20,25,192,0.09,0.0362674520069808,0.05373254799301919
all_strict_sites,Q9HBD1,25,25,192,0.1,0.04608420593368237,0.053915794066317635
all_strict_sites,Q9HBD1,30,25,192,0.11333333333333333,0.05481020942408377,0.05852312390924956
all_strict_sites,Q9HBF4,5,3,100,0.3333333333333333,0.014343434343434344,0.318989898989899
all_strict_sites,Q9HBF4,10,3,100,0.3333333333333333,0.025050505050505052,0.30828282828282827
all_strict_sites,Q9HBF4,15,3,100,0.3333333333333333,0.03838383838383838,0.29494949494949496
all_strict_sites,Q9HBF4,20,3,100,0.3333333333333333,0.05090909090909091,0.2824242424242424
all_strict_sites,Q9HBF4,25,3,100,0.3333333333333333,0.06343434343434344,0.26989898989898986
all_strict_sites,Q9HBF4,30,3,100,0.3333333333333333,0.07555555555555556,0.2577777777777778
all_strict_sites,Q9HBG7,5,3,127,0.3333333333333333,0.014998125234345707,0.31833520809898763
all_strict_sites,Q9HBG7,10,3,127,0.3333333333333333,0.02962129733783277,0.30371203599550056
all_strict_sites,Q9HBG7,15,3,127,0.3333333333333333,0.04361954755655543,0.28971378577677787
all_strict_sites,Q9HBG7,20,3,127,0.3333333333333333,0.05774278215223097,0.2755905511811023
all_strict_sites,Q9HBG7,25,3,127,0.3333333333333333,0.07274090738657668,0.26059242594675663
all_strict_sites,Q9HBG7,30,3,127,0.3333333333333333,0.08823897012873391,0.2450943632045994
all_strict_sites,Q9HBM6,5,8,37,0.25,0.05555555555555555,0.19444444444444445
all_strict_sites,Q9HBM6,10,8,37,0.5714285714285714,0.10960960960960961,0.46181896181896176
all_strict_sites,Q9HBM6,15,8,37,0.7857142857142857,0.15165165165165165,0.6340626340626341
all_strict_sites,Q9HBM6,20,8,37,0.8571428571428571,0.19369369369369369,0.6634491634491634
all_strict_sites,Q9HBM6,25,8,37,0.9642857142857143,0.24474474474474475,0.7195409695409696
all_strict_sites,Q9HBM6,30,8,37,1.0,0.2972972972972973,0.7027027027027026
all_strict_sites,Q9HC78,5,17,144,0.04411764705882353,0.013791763791763792,0.03032588326705974
all_strict_sites,Q9HC78,10,17,144,0.11764705882352941,0.027389277389277388,0.09025778143425202
all_strict_sites,Q9HC78,15,17,144,0.20588235294117646,0.041666666666666664,0.1642156862745098
all_strict_sites,Q9HC78,20,17,144,0.27205882352941174,0.055264180264180264,0.21679464326523148
all_strict_sites,Q9HC78,25,17,144,0.3161764705882353,0.06963869463869464,0.24653777594954063
all_strict_sites,Q9HC78,30,17,144,0.375,0.08255633255633256,0.29244366744366745
all_strict_sites,Q9HC84,5,10,1844,0.08888888888888889,0.002280423199466116,0.08660846568942278
all_strict_sites,Q9HC84,10,10,1844,0.17777777777777778,0.004600864147980928,0.17317691362979687
all_strict_sites,Q9HC84,15,10,1844,0.24444444444444444,0.006923659081733899,0.23752078536271054
all_strict_sites,Q9HC84,20,10,1844,0.28888888888888886,0.00922879912620068,0.2796600897626882
all_strict_sites,Q9HC84,25,10,1844,0.35555555555555557,0.011533350674357921,0.34402220488119767
all_strict_sites,Q9HC84,30,10,1844,0.37777777777777777,0.013900282831326365,0.3638774949464514
all_strict_sites,Q9HCD5,5,18,86,0.0784313725490196,0.01969904240766074,0.05873233014135887
all_strict_sites,Q9HCD5,10,18,86,0.16993464052287582,0.04322845417236662,0.1267061863505092
all_strict_sites,Q9HCD5,15,18,86,0.20915032679738563,0.06265389876880985,0.14649642802857576
all_strict_sites,Q9HCD5,20,18,86,0.24836601307189543,0.0853625170998632,0.16300349597203223
all_strict_sites,Q9HCD5,25,18,86,0.3137254901960784,0.10779753761969904,0.20592795257637939
all_strict_sites,Q9HCD5,30,18,86,0.3660130718954248,0.12859097127222982,0.237422100623195
all_strict_sites,Q9HCD6,5,9,327,0.1388888888888889,0.006153730699236412,0.13273515818965248
all_strict_sites,Q9HCD6,10,9,327,0.25,0.011932233916812068,0.23806776608318794
all_strict_sites,Q9HCD6,15,9,327,0.3055555555555556,0.017917112249301138,0.28763844330625443
all_strict_sites,Q9HCD6,20,9,327,0.3611111111111111,0.02401455882628844,0.33709655228482266
all_strict_sites,Q9HCD6,25,9,327,0.3611111111111111,0.029624209677116754,0.33148690143399434
all_strict_sites,Q9HCD6,30,9,327,0.3611111111111111,0.03478358754995216,0.32632752356115896
all_strict_sites,Q9HCE3,5,4,242,0.3333333333333333,0.008916017969205445,0.3244173153641279
all_strict_sites,Q9HCE3,10,4,242,0.5,0.016666095127053256,0.48333390487294675
all_strict_sites,Q9HCE3,15,4,242,0.5,0.02373032474880834,0.4762696752511917
all_strict_sites,Q9HCE3,20,4,242,0.5,0.03148040190665615,0.46851959809334387
all_strict_sites,Q9HCE3,25,4,242,0.6666666666666666,0.039916326600596685,0.6267503400660699
all_strict_sites,Q9HCE3,30,4,242,1.0,0.048317958917732585,0.9516820410822674
all_strict_sites,Q9HCK8,5,11,347,0.12727272727272726,0.005846979060818577,0.12142574821190869
all_strict_sites,Q9HCK8,10,11,347,0.14545454545454545,0.010744448701504223,0.13471009675304121
all_strict_sites,Q9HCK8,15,11,347,0.2,0.015775182822208526,0.1842248171777915
all_strict_sites,Q9HCK8,20,11,347,0.2,0.020439439622861523,0.1795605603771385
all_strict_sites,Q9HCK8,25,11,347,0.21818181818181817,0.025153670603521514,0.19302814757829667
all_strict_sites,Q9HCK8,30,11,347,0.21818181818181817,0.029484766204127866,0.1886970519776903
all_strict_sites,Q9HCM2,5,3,249,0.3333333333333333,0.005214406011141339,0.328118927322192
all_strict_sites,Q9HCM2,10,3,249,0.3333333333333333,0.011011789091851276,0.322321544241482
all_strict_sites,Q9HCM2,15,3,249,0.3333333333333333,0.01616141987304055,0.3171719134602928
all_strict_sites,Q9HCM2,20,3,249,0.3333333333333333,0.021213887809301724,0.3121194455240316
all_strict_sites,Q9HCM2,25,3,249,0.3333333333333333,0.02649306905039513,0.3068402642829382
all_strict_sites,Q9HCM2,30,3,249,0.3333333333333333,0.031059722762015806,0.3022736105713175
all_strict_sites,Q9HD90,5,3,57,0.0,0.02819548872180451,-0.02819548872180451
all_strict_sites,Q9HD90,10,3,57,0.3333333333333333,0.06077694235588972,0.2725563909774436
all_strict_sites,Q9HD90,15,3,57,0.3333333333333333,0.08709273182957393,0.24624060150375937
all_strict_sites,Q9HD90,20,3,57,0.3333333333333333,0.11779448621553884,0.21553884711779447
all_strict_sites,Q9HD90,25,3,57,0.3333333333333333,0.14661654135338345,0.18671679197994986
all_strict_sites,Q9HD90,30,3,57,0.3333333333333333,0.17731829573934837,0.15601503759398494
all_strict_sites,Q9HDC9,5,4,53,0.16666666666666666,0.018867924528301886,0.14779874213836477
all_strict_sites,Q9HDC9,10,4,53,0.5,0.041364296081277216,0.45863570391872277
all_strict_sites,Q9HDC9,15,4,53,0.5,0.06458635703918723,0.43541364296081275
all_strict_sites,Q9HDC9,20,4,53,0.5,0.09143686502177069,0.4085631349782293
all_strict_sites,Q9HDC9,25,4,53,0.5,0.1081277213352685,0.3918722786647315
all_strict_sites,Q9HDC9,30,4,53,0.5,0.13570391872278664,0.36429608127721336
all_strict_sites,Q9NP71,5,3,132,0.0,0.013532269257460098,-0.013532269257460098
all_strict_sites,Q9NP71,10,3,132,0.0,0.028221142724959517,-0.028221142724959517
all_strict_sites,Q9NP71,15,3,132,0.0,0.04001850566736063,-0.04001850566736063
all_strict_sites,Q9NP71,20,3,132,0.0,0.05366643534582466,-0.05366643534582466
all_strict_sites,Q9NP71,25,3,132,0.0,0.06453851492019431,-0.06453851492019431
all_strict_sites,Q9NP71,30,3,132,0.0,0.0784177654406662,-0.0784177654406662
all_strict_sites,Q9NPF5,5,5,51,0.1,0.02980392156862745,0.07019607843137256
all_strict_sites,Q9NPF5,10,5,51,0.3,0.04941176470588235,0.25058823529411767
all_strict_sites,Q9NPF5,15,5,51,0.4,0.07294117647058823,0.3270588235294118
all_strict_sites,Q9NPF5,20,5,51,0.4,0.08862745098039215,0.31137254901960787
all_strict_sites,Q9NPF5,25,5,51,0.4,0.11215686274509803,0.28784313725490196
all_strict_sites,Q9NPF5,30,5,51,0.4,0.12470588235294118,0.27529411764705886
all_strict_sites,Q9NPG3,5,22,183,0.12987012987012986,0.011769651113913409,0.11810047875621645
all_strict_sites,Q9NPG3,10,22,183,0.26406926406926406,0.023779499189335255,0.2402897648799288
all_strict_sites,Q9NPG3,15,22,183,0.36363636363636365,0.03638983966852819,0.32724652396783543
all_strict_sites,Q9NPG3,20,22,183,0.42424242424242425,0.046418062811505435,0.3778243614309188
all_strict_sites,Q9NPG3,25,22,183,0.4675324675324675,0.05818771392541884,0.4093447536070487
all_strict_sites,Q9NPG3,30,22,183,0.49783549783549785,0.06971716807782381,0.42811832975767405
all_strict_sites,Q9NPG4,5,3,171,1.0,0.00846233230134159,0.9915376676986584
all_strict_sites,Q9NPG4,10,3,171,1.0,0.017475060199518402,0.9825249398004816
all_strict_sites,Q9NPG4,15,3,171,1.0,0.025249398004815963,0.974750601995184
all_strict_sites,Q9NPG4,20,3,171,1.0,0.03343653250773994,0.9665634674922601
all_strict_sites,Q9NPG4,25,3,171,1.0,0.041898864809081525,0.9581011351909184
all_strict_sites,Q9NPG4,30,3,171,1.0,0.05056759545923633,0.9494324045407637
all_strict_sites,Q9NPI6,5,6,109,0.5333333333333333,0.01580020387359837,0.517533129459735
all_strict_sites,Q9NPI6,10,6,109,0.6666666666666666,0.03380903839619436,0.6328576282704723
all_strict_sites,Q9NPI6,15,6,109,0.6666666666666666,0.05368671423717295,0.6129799524294937
all_strict_sites,Q9NPI6,20,6,109,0.6666666666666666,0.07373428474345906,0.5929323819232075
all_strict_sites,Q9NPI6,25,6,109,0.6666666666666666,0.08970438328236494,0.5769622833843017
all_strict_sites,Q9NPI6,30,6,109,0.6666666666666666,0.10601427115188583,0.5606523955147809
all_strict_sites,Q9NQ66,5,4,151,0.16666666666666666,0.009183222958057395,0.15748344370860926
all_strict_sites,Q9NQ66,10,4,151,0.5,0.020044150110375275,0.4799558498896247
all_strict_sites,Q9NQ66,15,4,151,0.5,0.029933774834437085,0.4700662251655629
all_strict_sites,Q9NQ66,20,4,151,0.5,0.038940397350993375,0.46105960264900664
all_strict_sites,Q9NQ66,25,4,151,0.5,0.047328918322295806,0.4526710816777042
all_strict_sites,Q9NQ66,30,4,151,0.5,0.055275938189845476,0.4447240618101545
all_strict_sites,Q9NQC3,5,7,201,0.047619047619047616,0.009104477611940298,0.03851457000710732
all_strict_sites,Q9NQC3,10,7,201,0.14285714285714285,0.01746268656716418,0.12539445628997867
all_strict_sites,Q9NQC3,15,7,201,0.14285714285714285,0.02646766169154229,0.11638948116560056
all_strict_sites,Q9NQC3,20,7,201,0.14285714285714285,0.03482587064676617,0.10803127221037667
all_strict_sites,Q9NQC3,25,7,201,0.14285714285714285,0.043532338308457715,0.09932480454868514
all_strict_sites,Q9NQC3,30,7,201,0.14285714285714285,0.05124378109452736,0.09161336176261549
all_strict_sites,Q9NQS7,5,3,119,0.3333333333333333,0.015952143569292122,0.31738118976404117
all_strict_sites,Q9NQS7,10,3,119,0.3333333333333333,0.031476997578692496,0.3018563357546408
all_strict_sites,Q9NQS7,15,3,119,0.3333333333333333,0.04657456202820111,0.2867587713051322
all_strict_sites,Q9NQS7,20,3,119,0.3333333333333333,0.061102407064520727,0.27223092626881257
all_strict_sites,Q9NQS7,25,3,119,0.3333333333333333,0.07506053268765134,0.258272800645682
all_strict_sites,Q9NQS7,30,3,119,0.3333333333333333,0.08787921948440393,0.2454541138489294
all_strict_sites,Q9NQV6,5,4,175,0.0,0.01070607553366174,-0.01070607553366174
all_strict_sites,Q9NQV6,10,4,175,0.16666666666666666,0.02108374384236453,0.14558292282430213
all_strict_sites,Q9NQV6,15,4,175,0.16666666666666666,0.029556650246305417,0.13711001642036125
all_strict_sites,Q9NQV6,20,4,175,0.16666666666666666,0.04,0.12666666666666665
all_strict_sites,Q9NQV6,25,4,175,0.16666666666666666,0.049852216748768476,0.11681444991789819
all_strict_sites,Q9NQV6,30,4,175,0.16666666666666666,0.058522167487684726,0.10814449917898193
all_strict_sites,Q9NQX3,5,3,101,1.0,0.018613861386138613,0.9813861386138614
all_strict_sites,Q9NQX3,10,3,101,1.0,0.032475247524752476,0.9675247524752475
all_strict_sites,Q9NQX3,15,3,101,1.0,0.047722772277227724,0.9522772277227722
all_strict_sites,Q9NQX3,20,3,101,1.0,0.06217821782178218,0.9378217821782178
all_strict_sites,Q9NQX3,25,3,101,1.0,0.07445544554455445,0.9255445544554456
all_strict_sites,Q9NQX3,30,3,101,1.0,0.09069306930693069,0.9093069306930693
all_strict_sites,Q9NR12,5,13,58,0.08974358974358974,0.023593466424682397,0.06615012331890735
all_strict_sites,Q9NR12,10,13,58,0.19230769230769232,0.04658197217180883,0.14572572013588347
all_strict_sites,Q9NR12,15,13,58,0.24358974358974358,0.07017543859649122,0.17341430499325236
all_strict_sites,Q9NR12,20,13,58,0.34615384615384615,0.09497882637628555,0.2511750197775606
all_strict_sites,Q9NR12,25,13,58,0.4358974358974359,0.11554748941318814,0.32034994648424775
all_strict_sites,Q9NR12,30,13,58,0.48717948717948717,0.14398064125831822,0.34319884592116895
all_strict_sites,Q9NR30,5,3,100,0.0,0.010505050505050505,-0.010505050505050505
all_strict_sites,Q9NR30,10,3,100,0.0,0.02383838383838384,-0.02383838383838384
all_strict_sites,Q9NR30,15,3,100,0.0,0.03494949494949495,-0.03494949494949495
all_strict_sites,Q9NR30,20,3,100,0.0,0.04686868686868687,-0.04686868686868687
all_strict_sites,Q9NR30,25,3,100,0.0,0.05858585858585859,-0.05858585858585859
all_strict_sites,Q9NR30,30,3,100,0.0,0.06909090909090909,-0.06909090909090909
all_strict_sites,Q9NR56,5,4,50,0.3333333333333333,0.03346938775510204,0.29986394557823126
all_strict_sites,Q9NR56,10,4,50,1.0,0.06448979591836734,0.9355102040816327
all_strict_sites,Q9NR56,15,4,50,1.0,0.09061224489795919,0.9093877551020408
all_strict_sites,Q9NR56,20,4,50,1.0,0.1110204081632653,0.8889795918367347
all_strict_sites,Q9NR56,25,4,50,1.0,0.1363265306122449,0.8636734693877551
all_strict_sites,Q9NR56,30,4,50,1.0,0.15836734693877552,0.8416326530612245
all_strict_sites,Q9NRA8,5,4,159,0.0,0.013135896823501313,-0.013135896823501313
all_strict_sites,Q9NRA8,10,4,159,0.3333333333333333,0.02539606719210254,0.3079372661412308
all_strict_sites,Q9NRA8,15,4,159,0.5,0.03765623756070376,0.46234376243929626
all_strict_sites,Q9NRA8,20,4,159,0.5,0.04808534352360481,0.45191465647639517
all_strict_sites,Q9NRA8,25,4,159,0.5,0.058434837990605844,0.44156516200939416
all_strict_sites,Q9NRA8,30,4,159,0.5,0.06838627497810684,0.43161372502189316
all_strict_sites,Q9NRM7,5,3,131,0.0,0.010687022900763359,-0.010687022900763359
all_strict_sites,Q9NRM7,10,3,131,0.0,0.021256605989430417,-0.021256605989430417
all_strict_sites,Q9NRM7,15,3,131,0.0,0.031121550205519672,-0.031121550205519672
all_strict_sites,Q9NRM7,20,3,131,0.0,0.04004697592483852,-0.04004697592483852
all_strict_sites,Q9NRM7,25,3,131,0.0,0.04932472108044627,-0.04932472108044627
all_strict_sites,Q9NRM7,30,3,131,0.0,0.057075748678802114,-0.057075748678802114
all_strict_sites,Q9NS91,5,3,85,0.0,0.023809523809523808,-0.023809523809523808
all_strict_sites,Q9NS91,10,3,85,0.0,0.044257703081232495,-0.044257703081232495
all_strict_sites,Q9NS91,15,3,85,0.0,0.06554621848739496,-0.06554621848739496
all_strict_sites,Q9NS91,20,3,85,0.0,0.08571428571428572,-0.08571428571428572
all_strict_sites,Q9NS91,25,3,85,0.0,0.10756302521008404,-0.10756302521008404
all_strict_sites,Q9NS91,30,3,85,0.0,0.12717086834733893,-0.12717086834733893
all_strict_sites,Q9NSC7,5,4,87,0.3333333333333333,0.015236567762630313,0.318096765570703
all_strict_sites,Q9NSC7,10,4,87,0.5,0.035017375033413525,0.4649826249665865
all_strict_sites,Q9NSC7,15,4,87,0.5,0.05399625768511093,0.44600374231488904
all_strict_sites,Q9NSC7,20,4,87,0.5,0.07003475006682705,0.429965249933173
all_strict_sites,Q9NSC7,25,4,87,0.5,0.08901363271852446,0.41098636728147553
all_strict_sites,Q9NSC7,30,4,87,0.5,0.10719059075113606,0.3928094092488639
all_strict_sites,Q9NSI6,5,3,388,0.0,0.00542102879671808,-0.00542102879671808
all_strict_sites,Q9NSI6,10,3,388,0.0,0.010575667971975811,-0.010575667971975811
all_strict_sites,Q9NSI6,15,3,388,0.0,0.015503875968992248,-0.015503875968992248
all_strict_sites,Q9NSI6,20,3,388,0.0,0.02049868137137377,-0.02049868137137377
all_strict_sites,Q9NSI6,25,3,388,0.0,0.02542688936839021,-0.02542688936839021
all_strict_sites,Q9NSI6,30,3,388,0.0,0.030195263592530434,-0.030195263592530434
all_strict_sites,Q9NSY1,5,3,167,0.0,0.010533150566337204,-0.010533150566337204
all_strict_sites,Q9NSY1,10,3,167,0.0,0.020416997330639924,-0.020416997330639924
all_strict_sites,Q9NSY1,15,3,167,0.3333333333333333,0.030589423562513526,0.3027439097708198
all_strict_sites,Q9NSY1,20,3,167,0.3333333333333333,0.03967967679099632,0.293653656542337
all_strict_sites,Q9NSY1,25,3,167,0.3333333333333333,0.050140682490440805,0.2831926508428925
all_strict_sites,Q9NSY1,30,3,167,0.3333333333333333,0.06038525358920713,0.27294807974412616
all_strict_sites,Q9NTZ6,5,17,109,0.15441176470588236,0.01546041454298335,0.138951350162899
all_strict_sites,Q9NTZ6,10,17,109,0.3088235294117647,0.030411145090044174,0.27841238432172055
all_strict_sites,Q9NTZ6,15,17,109,0.4411764705882353,0.045531770302412504,0.39564470028582277
all_strict_sites,Q9NTZ6,20,17,109,0.5441176470588235,0.06116207951070336,0.48295556754812013
all_strict_sites,Q9NTZ6,25,17,109,0.6470588235294118,0.07407407407407407,0.5729847494553377
all_strict_sites,Q9NTZ6,30,17,109,0.7205882352941176,0.08817533129459736,0.6324129039995203
all_strict_sites,Q9NUW8,5,8,91,0.35714285714285715,0.01562881562881563,0.3415140415140415
all_strict_sites,Q9NUW8,10,8,91,0.42857142857142855,0.030525030525030524,0.398046398046398
all_strict_sites,Q9NUW8,15,8,91,0.5357142857142857,0.04590964590964591,0.4898046398046398
all_strict_sites,Q9NUW8,20,8,91,0.5714285714285714,0.0673992673992674,0.504029304029304
all_strict_sites,Q9NUW8,25,8,91,0.5714285714285714,0.08278388278388278,0.48864468864468863
all_strict_sites,Q9NUW8,30,8,91,0.5714285714285714,0.09768009768009768,0.47374847374847373
all_strict_sites,Q9NXV6,5,24,156,0.07246376811594203,0.02423490488006617,0.04822886323587586
all_strict_sites,Q9NXV6,10,24,156,0.12681159420289856,0.04838709677419355,0.07842449742870501
all_strict_sites,Q9NXV6,15,24,156,0.2028985507246377,0.07336641852770885,0.12953213219692883
all_strict_sites,Q9NXV6,20,24,156,0.22826086956521738,0.09727047146401985,0.13099039810119753
all_strict_sites,Q9NXV6,25,24,156,0.2898550724637681,0.1206782464846981,0.16917682597907002
all_strict_sites,Q9NXV6,30,24,156,0.37318840579710144,0.14408602150537633,0.2291023842917251
all_strict_sites,Q9NYB9,5,3,91,0.3333333333333333,0.024664224664224663,0.3086691086691086
all_strict_sites,Q9NYB9,10,3,91,0.3333333333333333,0.046153846153846156,0.28717948717948716
all_strict_sites,Q9NYB9,15,3,91,0.3333333333333333,0.06862026862026863,0.26471306471306466
all_strict_sites,Q9NYB9,20,3,91,0.3333333333333333,0.09181929181929183,0.2415140415140415
all_strict_sites,Q9NYB9,25,3,91,0.3333333333333333,0.11477411477411477,0.21855921855921856
all_strict_sites,Q9NYB9,30,3,91,0.3333333333333333,0.13504273504273503,0.19829059829059828
all_strict_sites,Q9NYD6,5,4,60,0.16666666666666666,0.02655367231638418,0.1401129943502825
all_strict_sites,Q9NYD6,10,4,60,0.3333333333333333,0.05480225988700565,0.27853107344632766
all_strict_sites,Q9NYD6,15,4,60,0.3333333333333333,0.0807909604519774,0.25254237288135595
all_strict_sites,Q9NYD6,20,4,60,0.3333333333333333,0.10790960451977401,0.22542372881355932
all_strict_sites,Q9NYD6,25,4,60,0.3333333333333333,0.13333333333333333,0.19999999999999998
all_strict_sites,Q9NYD6,30,4,60,0.3333333333333333,0.1615819209039548,0.17175141242937852
all_strict_sites,Q9NYF8,5,10,193,0.08888888888888889,0.013385146804835924,0.07550374208405297
all_strict_sites,Q9NYF8,10,10,193,0.13333333333333333,0.027202072538860103,0.10613126079447323
all_strict_sites,Q9NYF8,15,10,193,0.15555555555555556,0.039723661485319514,0.11583189407023604
all_strict_sites,Q9NYF8,20,10,193,0.17777777777777778,0.05111183074265976,0.12666594703511802
all_strict_sites,Q9NYF8,25,10,193,0.17777777777777778,0.06347150259067358,0.1143062751871042
all_strict_sites,Q9NYF8,30,10,193,0.17777777777777778,0.07394214162348878,0.10383563615428901
all_strict_sites,Q9NYJ8,5,9,135,0.25,0.017689331122166942,0.23231066887783305
all_strict_sites,Q9NYJ8,10,9,135,0.3055555555555556,0.033720287451630734,0.27183526810392483
all_strict_sites,Q9NYJ8,15,9,135,0.3333333333333333,0.049640685461580986,0.2836926478717523
all_strict_sites,Q9NYJ8,20,9,135,0.3333333333333333,0.06434494195688226,0.26898839137645103
all_strict_sites,Q9NYJ8,25,9,135,0.3333333333333333,0.07882808181315644,0.2545052515201769
all_strict_sites,Q9NYJ8,30,9,135,0.3333333333333333,0.0937534549474848,0.23957987838584852
all_strict_sites,Q9NYV4,5,17,281,0.14705882352941177,0.00788002033553635,0.13917880319387543
all_strict_sites,Q9NYV4,10,17,281,0.18382352941176472,0.01614133197763091,0.16768219743413382
all_strict_sites,Q9NYV4,15,17,281,0.2867647058823529,0.023919674631418402,0.2628450312509345
all_strict_sites,Q9NYV4,20,17,281,0.34558823529411764,0.03197763091001525,0.3136106043841024
all_strict_sites,Q9NYV4,25,17,281,0.35294117647058826,0.039501779359430604,0.31343939711115765
all_strict_sites,Q9NYV4,30,17,281,0.3602941176470588,0.04659379766141332,0.3137003199856455
all_strict_sites,Q9NZM1,5,3,236,0.3333333333333333,0.005012621709340065,0.32832071162399323
all_strict_sites,Q9NZM1,10,3,236,0.3333333333333333,0.00991705733862243,0.3234162759947109
all_strict_sites,Q9NZM1,15,3,236,0.3333333333333333,0.014605120807789397,0.3187282125255439
all_strict_sites,Q9NZM1,20,3,236,0.3333333333333333,0.019076812116840966,0.31425652121649233
all_strict_sites,Q9NZM1,25,3,236,0.3333333333333333,0.023620627479264335,0.30971270585406896
all_strict_sites,Q9NZM1,30,3,236,0.3333333333333333,0.028272628921745403,0.3050607044115879
all_strict_sites,Q9NZM4,5,5,231,0.1,0.007829851308112177,0.09217014869188783
all_strict_sites,Q9NZM4,10,5,231,0.2,0.014492753623188406,0.1855072463768116
all_strict_sites,Q9NZM4,15,5,231,0.2,0.021569734613212873,0.17843026538678713
all_strict_sites,Q9NZM4,20,5,231,0.2,0.028533785055524185,0.17146621494447584
all_strict_sites,Q9NZM4,25,5,231,0.2,0.03489553924336533,0.16510446075663468
all_strict_sites,Q9NZM4,30,5,231,0.2,0.04212309429700734,0.15787690570299268
all_strict_sites,Q9NZN8,5,15,97,0.12380952380952381,0.023195876288659795,0.10061364752086402
all_strict_sites,Q9NZN8,10,15,97,0.2761904761904762,0.04381443298969072,0.23237604320078548
all_strict_sites,Q9NZN8,15,15,97,0.41904761904761906,0.06593642611683849,0.3531111929307806
all_strict_sites,Q9NZN8,20,15,97,0.49523809523809526,0.08762886597938144,0.4076092292587138
all_strict_sites,Q9NZN8,25,15,97,0.5619047619047619,0.1052405498281787,0.4566642120765832
all_strict_sites,Q9NZN8,30,15,97,0.6571428571428571,0.12349656357388317,0.533646293568974
all_strict_sites,Q9NZV1,5,3,119,0.3333333333333333,0.009827659877510326,0.323505673455823
all_strict_sites,Q9NZV1,10,3,119,0.3333333333333333,0.0192280301951289,0.3141053031382044
all_strict_sites,Q9NZV1,15,3,119,0.3333333333333333,0.030479988605611737,0.3028533447277216
all_strict_sites,Q9NZV1,20,3,119,0.3333333333333333,0.0393106395100413,0.294022693823292
all_strict_sites,Q9NZV1,25,3,119,0.3333333333333333,0.05013530836063239,0.2831980249727009
all_strict_sites,Q9NZV1,30,3,119,0.3333333333333333,0.05811138014527845,0.27522195318805487
all_strict_sites,Q9P0J7,5,4,77,0.16666666666666666,0.03861927546138073,0.12804739120528594
all_strict_sites,Q9P0J7,10,4,77,0.16666666666666666,0.07723855092276145,0.0894281157439052
all_strict_sites,Q9P0J7,15,4,77,0.3333333333333333,0.10594668489405332,0.22738664843928
all_strict_sites,Q9P0J7,20,4,77,0.3333333333333333,0.12747778537252222,0.2058555479608111
all_strict_sites,Q9P0J7,25,4,77,0.3333333333333333,0.14866712235133286,0.18466621098200045
all_strict_sites,Q9P0J7,30,4,77,0.3333333333333333,0.17156527682843473,0.1617680565048986
all_strict_sites,Q9P1Y5,5,5,176,0.2,0.008701298701298701,0.1912987012987013
all_strict_sites,Q9P1Y5,10,5,176,0.2,0.01805194805194805,0.18194805194805197
all_strict_sites,Q9P1Y5,15,5,176,0.2,0.026948051948051947,0.17305194805194807
all_strict_sites,Q9P1Y5,20,5,176,0.2,0.03551948051948052,0.1644805194805195
all_strict_sites,Q9P1Y5,25,5,176,0.2,0.04422077922077922,0.1557792207792208
all_strict_sites,Q9P1Y5,30,5,176,0.2,0.05461038961038961,0.1453896103896104
all_strict_sites,Q9P219,5,4,275,0.16666666666666666,0.006927670869276708,0.15973899579738995
all_strict_sites,Q9P219,10,4,275,0.16666666666666666,0.013032514930325149,0.1536341517363415
all_strict_sites,Q9P219,15,4,275,0.16666666666666666,0.01887193098871931,0.14779473567794735
all_strict_sites,Q9P219,20,4,275,0.16666666666666666,0.024419376244193762,0.1422472904224729
all_strict_sites,Q9P219,25,4,275,0.3333333333333333,0.029701393497013936,0.30363193983631936
all_strict_sites,Q9P219,30,4,275,0.5,0.03477106834771068,0.4652289316522893
all_strict_sites,Q9P265,5,4,233,0.0,0.008324700310788812,-0.008324700310788812
all_strict_sites,Q9P265,10,4,233,0.16666666666666666,0.015687435252330916,0.15097923141433575
all_strict_sites,Q9P265,15,4,233,0.16666666666666666,0.022643184845345568,0.14402348182132108
all_strict_sites,Q9P265,20,4,233,0.16666666666666666,0.02945093976616842,0.13721572690049824
all_strict_sites,Q9P265,25,4,233,0.16666666666666666,0.03640668935918307,0.1302599773074836
all_strict_sites,Q9P265,30,4,233,0.16666666666666666,0.04336243895219772,0.12330422771446894
all_strict_sites,Q9P2D1,5,3,369,0.3333333333333333,0.0039619417933309765,0.32937139154000233
all_strict_sites,Q9P2D1,10,3,369,0.3333333333333333,0.007732414280664545,0.32560091905266875
all_strict_sites,Q9P2D1,15,3,369,0.3333333333333333,0.01125250382938612,0.3220808295039472
all_strict_sites,Q9P2D1,20,3,369,0.3333333333333333,0.014890420643336868,0.31844291268999647
all_strict_sites,Q9P2D1,25,3,369,0.3333333333333333,0.018263226110521974,0.31507010722281137
all_strict_sites,Q9P2D1,30,3,369,0.3333333333333333,0.021606574761399787,0.31172675857193355
all_strict_sites,Q9P2J5,5,5,121,0.0,0.00909090909090909,-0.00909090909090909
all_strict_sites,Q9P2J5,10,5,121,0.0,0.016942148760330577,-0.016942148760330577
all_strict_sites,Q9P2J5,15,5,121,0.0,0.024517906336088153,-0.024517906336088153
all_strict_sites,Q9P2J5,20,5,121,0.0,0.03236914600550964,-0.03236914600550964
all_strict_sites,Q9P2J5,25,5,121,0.0,0.04214876033057851,-0.04214876033057851
all_strict_sites,Q9P2J5,30,5,121,0.0,0.05096418732782369,-0.05096418732782369
all_strict_sites,Q9P2N5,5,34,152,0.0392156862745098,0.0128093412338794,0.026406345040630403
all_strict_sites,Q9P2N5,10,34,152,0.06060606060606061,0.02335308469850122,0.03725297590755939
all_strict_sites,Q9P2N5,15,34,152,0.09803921568627451,0.035291042174973856,0.06274817351130066
all_strict_sites,Q9P2N5,20,34,152,0.12477718360071301,0.04365632624607877,0.08112085735463423
all_strict_sites,Q9P2N5,25,34,152,0.1622103386809269,0.053677239456256534,0.10853309922467037
all_strict_sites,Q9P2N5,30,34,152,0.19073083778966132,0.06352387591495294,0.12720696187470837
all_strict_sites,Q9P2N6,5,32,178,0.06854838709677419,0.013394274106519393,0.05515411299025479
all_strict_sites,Q9P2N6,10,32,178,0.125,0.027296387989589284,0.09770361201041072
all_strict_sites,Q9P2N6,15,32,178,0.1592741935483871,0.040817622040246304,0.11845657150814079
all_strict_sites,Q9P2N6,20,32,178,0.18346774193548387,0.05421189614676569,0.12925584578871818
all_strict_sites,Q9P2N6,25,32,178,0.20362903225806453,0.06544785120294547,0.13818118105511906
all_strict_sites,Q9P2N6,30,32,178,0.22580645161290322,0.07744556592395099,0.14836088568895223
all_strict_sites,Q9P2R6,5,8,230,0.21428571428571427,0.007404594645908487,0.2068811196398058
all_strict_sites,Q9P2R6,10,8,230,0.32142857142857145,0.014733244731346117,0.3066953266972253
all_strict_sites,Q9P2R6,15,8,230,0.32142857142857145,0.022289728498196316,0.2991388429303751
all_strict_sites,Q9P2R6,20,8,230,0.32142857142857145,0.029694323144104803,0.29173424828446665
all_strict_sites,Q9P2R6,25,8,230,0.32142857142857145,0.037250806910955,0.28417776451761645
all_strict_sites,Q9P2R6,30,8,230,0.32142857142857145,0.04423770647427378,0.2771908649542977
all_strict_sites,Q9P2Y4,5,3,84,0.3333333333333333,0.012621916236374068,0.3207114170969593
all_strict_sites,Q9P2Y4,10,3,84,0.6666666666666666,0.025530694205393,0.6411359724612736
all_strict_sites,Q9P2Y4,15,3,84,1.0,0.04388984509466437,0.9561101549053357
all_strict_sites,Q9P2Y4,20,3,84,1.0,0.055364314400458976,0.944635685599541
all_strict_sites,Q9P2Y4,25,3,84,1.0,0.06855995410212277,0.9314400458978772
all_strict_sites,Q9P2Y4,30,3,84,1.0,0.08060814687320711,0.9193918531267928
all_strict_sites,Q9UGK3,5,3,41,0.3333333333333333,0.024390243902439025,0.30894308943089427
all_strict_sites,Q9UGK3,10,3,41,1.0,0.05121951219512195,0.948780487804878
all_strict_sites,Q9UGK3,15,3,41,1.0,0.06951219512195123,0.9304878048780487
all_strict_sites,Q9UGK3,20,3,41,1.0,0.08536585365853659,0.9146341463414634
all_strict_sites,Q9UGK3,25,3,41,1.0,0.1024390243902439,0.8975609756097561
all_strict_sites,Q9UGK3,30,3,41,1.0,0.12195121951219512,0.8780487804878049
all_strict_sites,Q9UGP4,5,5,97,0.0,0.020403780068728523,-0.020403780068728523
all_strict_sites,Q9UGP4,10,5,97,0.0,0.03672680412371134,-0.03672680412371134
all_strict_sites,Q9UGP4,15,5,97,0.1,0.05133161512027491,0.04866838487972509
all_strict_sites,Q9UGP4,20,5,97,0.1,0.06421821305841924,0.03578178694158077
all_strict_sites,Q9UGP4,25,5,97,0.1,0.0822594501718213,0.0177405498281787
all_strict_sites,Q9UGP4,30,5,97,0.1,0.10287800687285223,-0.0028780068728522235
all_strict_sites,Q9UGU0,5,19,341,0.19883040935672514,0.005709849922373641,0.1931205594343515
all_strict_sites,Q9UGU0,10,19,341,0.2807017543859649,0.010884940486458513,0.2698168138995064
all_strict_sites,Q9UGU0,15,19,341,0.29239766081871343,0.01621528376746593,0.2761823770512475
all_strict_sites,Q9UGU0,20,19,341,0.3333333333333333,0.021562877350353633,0.3117704559829797
all_strict_sites,Q9UGU0,25,19,341,0.4269005847953216,0.026461963084353977,0.4004386217109676
all_strict_sites,Q9UGU0,30,19,341,0.4853801169590643,0.03163705364843885,0.45374306331062547
all_strict_sites,Q9UH99,5,5,120,0.8,0.015966386554621848,0.7840336134453783
all_strict_sites,Q9UH99,10,5,120,1.0,0.03123249299719888,0.9687675070028011
all_strict_sites,Q9UH99,15,5,120,1.0,0.04607843137254902,0.9539215686274509
all_strict_sites,Q9UH99,20,5,120,1.0,0.06218487394957983,0.9378151260504202
all_strict_sites,Q9UH99,25,5,120,1.0,0.07689075630252101,0.923109243697479
all_strict_sites,Q9UH99,30,5,120,1.0,0.09089635854341736,0.9091036414565826
all_strict_sites,Q9UHB6,5,8,129,0.10714285714285714,0.014534883720930232,0.0926079734219269
all_strict_sites,Q9UHB6,10,8,129,0.17857142857142858,0.027616279069767442,0.15095514950166114
all_strict_sites,Q9UHB6,15,8,129,0.17857142857142858,0.03888081395348837,0.1396906146179402
all_strict_sites,Q9UHB6,20,8,129,0.17857142857142858,0.054142441860465115,0.12442898671096346
all_strict_sites,Q9UHB6,25,8,129,0.17857142857142858,0.06758720930232558,0.110984219269103
all_strict_sites,Q9UHB6,30,8,129,0.17857142857142858,0.07957848837209303,0.09899294019933555
all_strict_sites,Q9UHB7,5,8,279,0.14285714285714285,0.009979113483406823,0.13287802937373602
all_strict_sites,Q9UHB7,10,8,279,0.14285714285714285,0.01980351202908641,0.12305363082805644
all_strict_sites,Q9UHB7,15,8,279,0.14285714285714285,0.030272556148629483,0.11258458670851337
all_strict_sites,Q9UHB7,20,8,279,0.14285714285714285,0.040509527861581705,0.10234761499556114
all_strict_sites,Q9UHB7,25,8,279,0.14285714285714285,0.049611923364534176,0.09324521949260867
all_strict_sites,Q9UHB7,30,8,279,0.14285714285714285,0.05876589051339574,0.08409125234374712
all_strict_sites,Q9UHD8,5,5,84,0.0,0.017498565691336777,-0.017498565691336777
all_strict_sites,Q9UHD8,10,5,84,0.0,0.03413654618473896,-0.03413654618473896
all_strict_sites,Q9UHD8,15,5,84,0.0,0.053069420539300055,-0.053069420539300055
all_strict_sites,Q9UHD8,20,5,84,0.0,0.07401032702237521,-0.07401032702237521
all_strict_sites,Q9UHD8,25,5,84,0.0,0.08806655192197362,-0.08806655192197362
all_strict_sites,Q9UHD8,30,5,84,0.1,0.10642570281124498,-0.006425702811244979
all_strict_sites,Q9UHD9,5,12,111,0.21212121212121213,0.02620802620802621,0.18591318591318592
all_strict_sites,Q9UHD9,10,12,111,0.3484848484848485,0.049303849303849304,0.2991809991809992
all_strict_sites,Q9UHD9,15,12,111,0.48484848484848486,0.0683046683046683,0.41654381654381656
all_strict_sites,Q9UHD9,20,12,111,0.5454545454545454,0.0855036855036855,0.45995085995085994
all_strict_sites,Q9UHD9,25,12,111,0.5909090909090909,0.10204750204750204,0.4888615888615889
all_strict_sites,Q9UHD9,30,12,111,0.5909090909090909,0.1199017199017199,0.47100737100737106
all_strict_sites,Q9UHF7,5,5,208,0.2,0.007246376811594203,0.1927536231884058
all_strict_sites,Q9UHF7,10,5,208,0.4,0.01551467855815682,0.3844853214418432
all_strict_sites,Q9UHF7,15,5,208,0.8,0.023597175771088816,0.7764028242289113
all_strict_sites,Q9UHF7,20,5,208,0.8,0.03140096618357488,0.7685990338164251
all_strict_sites,Q9UHF7,25,5,208,1.0,0.04036603493125232,0.9596339650687477
all_strict_sites,Q9UHF7,30,5,208,1.0,0.04700854700854701,0.9529914529914529
all_strict_sites,Q9UHR5,5,20,54,0.23157894736842105,0.055904961565338925,0.17567398580308213
all_strict_sites,Q9UHR5,10,20,54,0.38421052631578945,0.10761705101327743,0.276593475302512
all_strict_sites,Q9UHR5,15,20,54,0.45263157894736844,0.15234102026554858,0.30029055868181986
all_strict_sites,Q9UHR5,20,20,54,0.4789473684210526,0.18867924528301888,0.29026812313803374
all_strict_sites,Q9UHR5,25,20,54,0.5421052631578948,0.22152341020265548,0.3205818529552393
all_strict_sites,Q9UHR5,30,20,54,0.6263157894736842,0.25506638714185886,0.3712494023318253
all_strict_sites,Q9UHX1,5,4,64,0.16666666666666666,0.01636904761904762,0.15029761904761904
all_strict_sites,Q9UHX1,10,4,64,0.16666666666666666,0.03273809523809524,0.13392857142857142
all_strict_sites,Q9UHX1,15,4,64,0.16666666666666666,0.0441468253968254,0.12251984126984125
all_strict_sites,Q9UHX1,20,4,64,0.16666666666666666,0.06299603174603174,0.10367063492063491
all_strict_sites,Q9UHX1,25,4,64,0.16666666666666666,0.08085317460317461,0.08581349206349205
all_strict_sites,Q9UHX1,30,4,64,0.16666666666666666,0.09623015873015874,0.07043650793650792
all_strict_sites,Q9UHY1,5,3,78,1.0,0.023310023310023312,0.9766899766899767
all_strict_sites,Q9UHY1,10,3,78,1.0,0.049617049617049616,0.9503829503829504
all_strict_sites,Q9UHY1,15,3,78,1.0,0.06859806859806859,0.9314019314019314
all_strict_sites,Q9UHY1,20,3,78,1.0,0.08924408924408925,0.9107559107559108
all_strict_sites,Q9UHY1,25,3,78,1.0,0.11022311022311022,0.8897768897768897
all_strict_sites,Q9UHY1,30,3,78,1.0,0.1302031302031302,0.8697968697968698
all_strict_sites,Q9UIF8,5,7,353,0.2857142857142857,0.007033865567859902,0.2786804201464258
all_strict_sites,Q9UIF8,10,7,353,0.5238095238095238,0.013713623486994592,0.5100959003225293
all_strict_sites,Q9UIF8,15,7,353,0.5238095238095238,0.01936325006438321,0.5044462737451406
all_strict_sites,Q9UIF8,20,7,353,0.6666666666666666,0.024932397630697913,0.6417342690359688
all_strict_sites,Q9UIF8,25,7,353,0.8571428571428571,0.03008305433942828,0.8270598028034288
all_strict_sites,Q9UIF8,30,7,353,0.9523809523809523,0.035684393510172545,0.9166965588707798
all_strict_sites,Q9UIU6,5,12,154,0.15151515151515152,0.01638231049995756,0.13513284101519396
all_strict_sites,Q9UIU6,10,12,154,0.2727272727272727,0.03132161955691368,0.24140565317035903
all_strict_sites,Q9UIU6,15,12,154,0.30303030303030304,0.0451574569221628,0.2578728461081402
all_strict_sites,Q9UIU6,20,12,154,0.3181818181818182,0.058993294287411936,0.2591885238944062
all_strict_sites,Q9UIU6,25,12,154,0.3181818181818182,0.07240471946354299,0.2457770987182752
all_strict_sites,Q9UIU6,30,12,154,0.3181818181818182,0.08759867583396995,0.2305831423478482
all_strict_sites,Q9UJ99,5,3,116,1.0,0.013193403298350824,0.9868065967016492
all_strict_sites,Q9UJ99,10,3,116,1.0,0.027136431784107944,0.972863568215892
all_strict_sites,Q9UJ99,15,3,116,1.0,0.0391304347826087,0.9608695652173913
all_strict_sites,Q9UJ99,20,3,116,1.0,0.05232383808095952,0.9476761619190405
all_strict_sites,Q9UJ99,25,3,116,1.0,0.06416791604197901,0.935832083958021
all_strict_sites,Q9UJ99,30,3,116,1.0,0.07436281859070465,0.9256371814092954
all_strict_sites,Q9UJU6,5,3,44,0.3333333333333333,0.03276955602536998,0.30056377730796335
all_strict_sites,Q9UJU6,10,3,44,0.3333333333333333,0.048625792811839326,0.284707540521494
all_strict_sites,Q9UJU6,15,3,44,0.3333333333333333,0.07716701902748414,0.2561663143058492
all_strict_sites,Q9UJU6,20,3,44,1.0,0.09830866807610994,0.9016913319238901
all_strict_sites,Q9UJU6,25,3,44,1.0,0.12473572938689217,0.8752642706131079
all_strict_sites,Q9UJU6,30,3,44,1.0,0.14799154334038056,0.8520084566596194
all_strict_sites,Q9UJX2,5,3,62,0.3333333333333333,0.01850872554204125,0.31482460779129207
all_strict_sites,Q9UJX2,10,3,62,0.3333333333333333,0.033315705975674244,0.3000176273576591
all_strict_sites,Q9UJX2,15,3,62,1.0,0.04970914859862507,0.9502908514013749
all_strict_sites,Q9UJX2,20,3,62,1.0,0.06768905341089371,0.9323109465891063
all_strict_sites,Q9UJX2,25,3,62,1.0,0.08302485457429931,0.9169751454257007
all_strict_sites,Q9UJX2,30,3,62,1.0,0.09730301427815971,0.9026969857218403
all_strict_sites,Q9UK61,5,4,248,0.5,0.005811675590962518,0.4941883244090375
all_strict_sites,Q9UK61,10,4,248,0.5,0.011851900222019068,0.4881480997779809
all_strict_sites,Q9UK61,15,4,248,0.5,0.017500326498628704,0.4824996735013713
all_strict_sites,Q9UK61,20,4,248,0.5,0.023703800444038137,0.47629619955596186
all_strict_sites,Q9UK61,25,4,248,0.5,0.0294501763092595,0.4705498236907405
all_strict_sites,Q9UK61,30,4,248,0.5,0.03516390231161029,0.46483609768838974
all_strict_sites,Q9UKA4,5,5,356,0.0,0.005570501661655325,-0.005570501661655325
all_strict_sites,Q9UKA4,10,5,356,0.2,0.010713720525399588,0.18928627947460042
all_strict_sites,Q9UKA4,15,5,356,0.2,0.016521601519227727,0.1834783984807723
all_strict_sites,Q9UKA4,20,5,356,0.3,0.021743946827029594,0.2782560531729704
all_strict_sites,Q9UKA4,25,5,356,0.3,0.02718784617819275,0.27281215382180724
all_strict_sites,Q9UKA4,30,5,356,0.3,0.03245766735242918,0.2675423326475708
all_strict_sites,Q9UKD1,5,5,85,0.6,0.023529411764705882,0.5764705882352941
all_strict_sites,Q9UKD1,10,5,85,0.6,0.041176470588235294,0.5588235294117647
all_strict_sites,Q9UKD1,15,5,85,0.8,0.06638655462184874,0.7336134453781513
all_strict_sites,Q9UKD1,20,5,85,1.0,0.0907563025210084,0.9092436974789916
all_strict_sites,Q9UKD1,25,5,85,1.0,0.10896358543417367,0.8910364145658263
all_strict_sites,Q9UKD1,30,5,85,1.0,0.13137254901960785,0.8686274509803922
all_strict_sites,Q9UKK3,5,3,258,0.3333333333333333,0.00651524748891503,0.3268180858444183
all_strict_sites,Q9UKK3,10,3,258,0.6666666666666666,0.012246252224534734,0.654420414442132
all_strict_sites,Q9UKK3,15,3,258,1.0,0.018278888788344945,0.9817211112116551
all_strict_sites,Q9UKK3,20,3,258,1.0,0.024492504449069467,0.9755074955509305
all_strict_sites,Q9UKK3,25,3,258,1.0,0.03001236690495581,0.9699876330950442
all_strict_sites,Q9UKK3,30,3,258,1.0,0.035441739812385,0.964558260187615
all_strict_sites,Q9UKV3,5,6,223,0.13333333333333333,0.011311760190683957,0.12202157314264937
all_strict_sites,Q9UKV3,10,6,223,0.13333333333333333,0.021169151213994264,0.11216418211933907
all_strict_sites,Q9UKV3,15,6,223,0.13333333333333333,0.030541752514846685,0.10279158081848665
all_strict_sites,Q9UKV3,20,6,223,0.26666666666666666,0.03918716923201228,0.2274794974346544
all_strict_sites,Q9UKV3,25,6,223,0.26666666666666666,0.04750939280087262,0.21915727386579403
all_strict_sites,Q9UKV3,30,6,223,0.26666666666666666,0.05571041893911849,0.21095624772754817
all_strict_sites,Q9UKX7,5,4,76,0.16666666666666666,0.023157894736842106,0.14350877192982456
all_strict_sites,Q9UKX7,10,4,76,0.5,0.04982456140350877,0.45017543859649123
all_strict_sites,Q9UKX7,15,4,76,0.5,0.07438596491228071,0.4256140350877193
all_strict_sites,Q9UKX7,20,4,76,0.5,0.10035087719298245,0.39964912280701753
all_strict_sites,Q9UKX7,25,4,76,0.8333333333333334,0.12526315789473685,0.7080701754385965
all_strict_sites,Q9UKX7,30,4,76,0.8333333333333334,0.1480701754385965,0.6852631578947369
all_strict_sites,Q9UKY1,5,15,153,0.1619047619047619,0.012727898176814585,0.14917686372794733
all_strict_sites,Q9UKY1,10,15,153,0.20952380952380953,0.02519779841761266,0.18432601110619687
all_strict_sites,Q9UKY1,15,15,153,0.26666666666666666,0.03620571035431717,0.2304609563123495
all_strict_sites,Q9UKY1,20,15,153,0.38095238095238093,0.04678362573099415,0.3341687552213868
all_strict_sites,Q9UKY1,25,15,153,0.4380952380952381,0.057877536979704165,0.38021770111553393
all_strict_sites,Q9UKY1,30,15,153,0.4380952380952381,0.06768145854833162,0.37041377954690646
all_strict_sites,Q9UKY7,5,4,37,0.0,0.03753753753753754,-0.03753753753753754
all_strict_sites,Q9UKY7,10,4,37,0.16666666666666666,0.06906906906906907,0.09759759759759759
all_strict_sites,Q9UKY7,15,4,37,0.16666666666666666,0.10810810810810811,0.05855855855855854
all_strict_sites,Q9UKY7,20,4,37,0.16666666666666666,0.14414414414414414,0.022522522522522515
all_strict_sites,Q9UKY7,25,4,37,0.3333333333333333,0.1891891891891892,0.14414414414414412
all_strict_sites,Q9UKY7,30,4,37,0.5,0.21771771771771772,0.28228228228228225
all_strict_sites,Q9ULH7,5,6,203,0.2,0.010632590352631323,0.1893674096473687
all_strict_sites,Q9ULH7,10,6,203,0.26666666666666666,0.020289713700434083,0.24637695296623258
all_strict_sites,Q9ULH7,15,6,203,0.26666666666666666,0.030922304053065404,0.23574436261360127
all_strict_sites,Q9ULH7,20,6,203,0.26666666666666666,0.041652441106179584,0.22501422556048709
all_strict_sites,Q9ULH7,25,6,203,0.26666666666666666,0.0517485246061552,0.21491814206051146
all_strict_sites,Q9ULH7,30,6,203,0.26666666666666666,0.06208847485733795,0.2045781918093287
all_strict_sites,Q9ULJ3,5,4,176,0.16666666666666666,0.010584415584415585,0.15608225108225107
all_strict_sites,Q9ULJ3,10,4,176,0.5,0.021038961038961038,0.478961038961039
all_strict_sites,Q9ULJ3,15,4,176,0.5,0.029805194805194807,0.47019480519480517
all_strict_sites,Q9ULJ3,20,4,176,0.5,0.03922077922077922,0.4607792207792208
all_strict_sites,Q9ULJ3,25,4,176,0.5,0.049935064935064936,0.45006493506493506
all_strict_sites,Q9ULJ3,30,4,176,0.5,0.05909090909090909,0.4409090909090909
all_strict_sites,Q9ULL5,5,12,271,0.045454545454545456,0.005630722973896406,0.03982382248064905
all_strict_sites,Q9ULL5,10,12,271,0.045454545454545456,0.01131611316113161,0.034138432293413845
all_strict_sites,Q9ULL5,15,12,271,0.07575757575757576,0.015853491868252016,0.05990408388932374
all_strict_sites,Q9ULL5,20,12,271,0.09090909090909091,0.02058220582205822,0.07032688508703269
all_strict_sites,Q9ULL5,25,12,271,0.12121212121212122,0.025392920595872625,0.09581920061624859
all_strict_sites,Q9ULL5,30,12,271,0.12121212121212122,0.03028563618969523,0.09092648502242598
all_strict_sites,Q9ULM3,5,36,276,0.03015873015873016,0.007509881422924901,0.022648848735805256
all_strict_sites,Q9ULM3,10,36,276,0.05714285714285714,0.015098814229249012,0.04204404291360813
all_strict_sites,Q9ULM3,15,36,276,0.07301587301587302,0.02289855072463768,0.05011732229123534
all_strict_sites,Q9ULM3,20,36,276,0.08888888888888889,0.03069828722002635,0.05819060166886254
all_strict_sites,Q9ULM3,25,36,276,0.10476190476190476,0.03844532279314888,0.0663165819687559
all_strict_sites,Q9ULM3,30,36,276,0.11587301587301588,0.04621870882740448,0.0696543070456114
all_strict_sites,Q9ULT8,5,18,433,0.11764705882352941,0.0050038491147036184,0.1126432097088258
all_strict_sites,Q9ULT8,10,18,433,0.1437908496732026,0.00986870242066547,0.13392214725253712
all_strict_sites,Q9ULT8,15,18,433,0.1830065359477124,0.014594559917885552,0.16841197602982685
all_strict_sites,Q9ULT8,20,18,433,0.24183006535947713,0.019395261312120434,0.2224348040473567
all_strict_sites,Q9ULT8,25,18,433,0.2875816993464052,0.02392866307415961,0.2636530362722456
all_strict_sites,Q9ULT8,30,18,433,0.30718954248366015,0.028686596527243178,0.27850294595641695
all_strict_sites,Q9ULU4,5,12,240,0.22727272727272727,0.01206415620641562,0.21520857106631164
all_strict_sites,Q9ULU4,10,12,240,0.3181818181818182,0.02304741980474198,0.2951343983770762
all_strict_sites,Q9ULU4,15,12,240,0.3333333333333333,0.03368200836820084,0.29965132496513247
all_strict_sites,Q9ULU4,20,12,240,0.3787878787878788,0.04372384937238494,0.33506402941549385
all_strict_sites,Q9ULU4,25,12,240,0.5,0.05411436541143654,0.44588563458856345
all_strict_sites,Q9ULU4,30,12,240,0.6363636363636364,0.06405160390516039,0.572312032458476
all_strict_sites,Q9UM11,5,3,86,1.0,0.01997264021887825,0.9800273597811218
all_strict_sites,Q9UM11,10,3,86,1.0,0.04021887824897401,0.959781121751026
all_strict_sites,Q9UM11,15,3,86,1.0,0.06101231190150479,0.9389876880984952
all_strict_sites,Q9UM11,20,3,86,1.0,0.08317373461012312,0.9168262653898769
all_strict_sites,Q9UM11,25,3,86,1.0,0.1012311901504788,0.8987688098495212
all_strict_sites,Q9UM11,30,3,86,1.0,0.11600547195622435,0.8839945280437757
all_strict_sites,Q9UM47,5,3,261,0.0,0.004067197170645446,-0.004067197170645446
all_strict_sites,Q9UM47,10,3,261,0.0,0.008723843206601828,-0.008723843206601828
all_strict_sites,Q9UM47,15,3,261,0.0,0.013144709696433835,-0.013144709696433835
all_strict_sites,Q9UM47,20,3,261,0.0,0.01750663129973475,-0.01750663129973475
all_strict_sites,Q9UM47,25,3,261,0.0,0.021898025346301208,-0.021898025346301208
all_strict_sites,Q9UM47,30,3,261,0.0,0.026584143825523137,-0.026584143825523137
all_strict_sites,Q9UM82,5,3,100,0.6666666666666666,0.020808080808080807,0.6458585858585858
all_strict_sites,Q9UM82,10,3,100,1.0,0.03797979797979798,0.962020202020202
all_strict_sites,Q9UM82,15,3,100,1.0,0.054747474747474746,0.9452525252525252
all_strict_sites,Q9UM82,20,3,100,1.0,0.07252525252525252,0.9274747474747475
all_strict_sites,Q9UM82,25,3,100,1.0,0.09090909090909091,0.9090909090909091
all_strict_sites,Q9UM82,30,3,100,1.0,0.1096969696969697,0.8903030303030303
all_strict_sites,Q9UMS4,5,3,85,1.0,0.017366946778711485,0.9826330532212885
all_strict_sites,Q9UMS4,10,3,85,1.0,0.033893557422969185,0.9661064425770308
all_strict_sites,Q9UMS4,15,3,85,1.0,0.052941176470588235,0.9470588235294117
all_strict_sites,Q9UMS4,20,3,85,1.0,0.07366946778711485,0.9263305322128852
all_strict_sites,Q9UMS4,25,3,85,1.0,0.09187675070028012,0.9081232492997199
all_strict_sites,Q9UMS4,30,3,85,1.0,0.11316526610644258,0.8868347338935574
all_strict_sites,Q9UMS5,5,3,113,0.0,0.013432364096080911,-0.013432364096080911
all_strict_sites,Q9UMS5,10,3,113,0.3333333333333333,0.026390644753476612,0.3069426885798567
all_strict_sites,Q9UMS5,15,3,113,0.3333333333333333,0.039506953223767384,0.2938263801095659
all_strict_sites,Q9UMS5,20,3,113,0.3333333333333333,0.05120101137800253,0.2821323219553308
all_strict_sites,Q9UMS5,25,3,113,0.3333333333333333,0.06700379266750948,0.2663295406658238
all_strict_sites,Q9UMS5,30,3,113,0.3333333333333333,0.08170037926675094,0.25163295406658237
all_strict_sites,Q9UMX0,5,3,107,0.0,0.026097690001763357,-0.026097690001763357
all_strict_sites,Q9UMX0,10,3,107,0.3333333333333333,0.04990301534120967,0.28343031799212365
all_strict_sites,Q9UMX0,15,3,107,0.3333333333333333,0.07018162581555282,0.2631517075177805
all_strict_sites,Q9UMX0,20,3,107,0.3333333333333333,0.08922588608710985,0.24410744724622346
all_strict_sites,Q9UMX0,25,3,107,0.6666666666666666,0.10879915358843238,0.5578675130782342
all_strict_sites,Q9UMX0,30,3,107,1.0,0.12819608534649973,0.8718039146535003
all_strict_sites,Q9UN79,5,3,80,0.3333333333333333,0.01708860759493671,0.3162447257383966
all_strict_sites,Q9UN79,10,3,80,0.3333333333333333,0.03164556962025317,0.30168776371308015
all_strict_sites,Q9UN79,15,3,80,0.3333333333333333,0.0490506329113924,0.2842827004219409
all_strict_sites,Q9UN79,20,3,80,0.3333333333333333,0.06424050632911392,0.2690928270042194
all_strict_sites,Q9UN79,25,3,80,0.3333333333333333,0.08037974683544304,0.2529535864978903
all_strict_sites,Q9UN79,30,3,80,0.3333333333333333,0.09556962025316455,0.23776371308016875
all_strict_sites,Q9UNF1,5,4,101,0.16666666666666666,0.023366336633663366,0.1433003300330033
all_strict_sites,Q9UNF1,10,4,101,0.16666666666666666,0.043168316831683165,0.12349834983498349
all_strict_sites,Q9UNF1,15,4,101,0.16666666666666666,0.06297029702970297,0.10369636963696369
all_strict_sites,Q9UNF1,20,4,101,0.5,0.08336633663366337,0.4166336633663366
all_strict_sites,Q9UNF1,25,4,101,0.5,0.1003960396039604,0.3996039603960396
all_strict_sites,Q9UNF1,30,4,101,0.5,0.11702970297029704,0.382970297029703
all_strict_sites,Q9UPA5,5,38,662,0.02702702702702703,0.00312170061839838,0.02390532640862865
all_strict_sites,Q9UPA5,10,38,662,0.03840682788051209,0.005923461202700294,0.0324833666778118
all_strict_sites,Q9UPA5,15,38,662,0.04551920341394026,0.008642951492520258,0.03687625192142
all_strict_sites,Q9UPA5,20,38,662,0.05405405405405406,0.011335018350846241,0.042719035703207814
all_strict_sites,Q9UPA5,25,38,662,0.059743954480796585,0.013944814914690275,0.04579913956610631
all_strict_sites,Q9UPA5,30,38,662,0.06116642958748222,0.01655461147853431,0.044611818108947904
all_strict_sites,Q9UPN3,5,6,988,0.0,0.0015361644700950413,-0.0015361644700950413
all_strict_sites,Q9UPN3,10,6,988,0.06666666666666667,0.0030559213090008163,0.06361074535766585
all_strict_sites,Q9UPN3,15,6,988,0.06666666666666667,0.004516200484845502,0.062150466181821164
all_strict_sites,Q9UPN3,20,6,988,0.06666666666666667,0.006029804462055302,0.06063686220461136
all_strict_sites,Q9UPN3,25,6,988,0.06666666666666667,0.0075393065314677855,0.059127360135198884
all_strict_sites,Q9UPN3,30,6,988,0.06666666666666667,0.008974974260528571,0.0576916924061381
all_strict_sites,Q9UPN6,5,13,170,0.1282051282051282,0.01120779672815872,0.11699733147696947
all_strict_sites,Q9UPN6,10,13,170,0.1794871794871795,0.019909502262443438,0.15957767722473604
all_strict_sites,Q9UPN6,15,13,170,0.2948717948717949,0.029725026105116605,0.26514676876667825
all_strict_sites,Q9UPN6,20,13,170,0.32051282051282054,0.037104072398190045,0.2834087481146305
all_strict_sites,Q9UPN6,25,13,170,0.3333333333333333,0.04497041420118343,0.2883629191321499
all_strict_sites,Q9UPN6,30,13,170,0.3974358974358974,0.05360250609119387,0.34383339134470353
all_strict_sites,Q9UPN9,5,7,158,0.23809523809523808,0.01249697653793437,0.22559826155730373
all_strict_sites,Q9UPN9,10,7,158,0.3333333333333333,0.024429573490284608,0.3089037598430487
all_strict_sites,Q9UPN9,15,7,158,0.38095238095238093,0.035475288236716924,0.345477092715664
all_strict_sites,Q9UPN9,20,7,158,0.42857142857142855,0.04555349512214787,0.3830179334492807
all_strict_sites,Q9UPN9,25,7,158,0.42857142857142855,0.05667983552366363,0.3718915930477649
all_strict_sites,Q9UPN9,30,7,158,0.42857142857142855,0.06554865758284287,0.3630227709885857
all_strict_sites,Q9UPQ0,5,7,175,0.14285714285714285,0.011428571428571429,0.13142857142857142
all_strict_sites,Q9UPQ0,10,7,175,0.38095238095238093,0.023119868637110016,0.3578325123152709
all_strict_sites,Q9UPQ0,15,7,175,0.42857142857142855,0.030935960591133006,0.39763546798029553
all_strict_sites,Q9UPQ0,20,7,175,0.42857142857142855,0.04032840722495895,0.3882430213464696
all_strict_sites,Q9UPQ0,25,7,175,0.42857142857142855,0.05064039408866995,0.3779310344827586
all_strict_sites,Q9UPQ0,30,7,175,0.42857142857142855,0.05990147783251232,0.36866995073891623
all_strict_sites,Q9UPQ9,5,6,362,0.06666666666666667,0.005861557062181479,0.06080510960448519
all_strict_sites,Q9UPQ9,10,6,362,0.2,0.011738418450896067,0.18826158154910394
all_strict_sites,Q9UPQ9,15,6,362,0.2,0.01729388898241533,0.1827061110175847
all_strict_sites,Q9UPQ9,20,6,362,0.26666666666666666,0.02265040326900415,0.24401626339766253
all_strict_sites,Q9UPQ9,25,6,362,0.26666666666666666,0.028466047351586293,0.23820061931508038
all_strict_sites,Q9UPQ9,30,6,362,0.26666666666666666,0.034082735189237996,0.23258393147742867
all_strict_sites,Q9UPS6,5,3,299,0.3333333333333333,0.008035734326951134,0.32529759900638217
all_strict_sites,Q9UPS6,10,3,299,0.3333333333333333,0.014926713205090794,0.3184066201282425
all_strict_sites,Q9UPS6,15,3,299,0.3333333333333333,0.022019707750667774,0.31131362558266557
all_strict_sites,Q9UPS6,20,3,299,0.3333333333333333,0.028214854885412224,0.3051184784479211
all_strict_sites,Q9UPS6,25,3,299,0.3333333333333333,0.03389373975892797,0.29943959357440536
all_strict_sites,Q9UPS6,30,3,299,0.3333333333333333,0.03997665596731836,0.29335667736601495
all_strict_sites,Q9UPT8,5,3,167,0.3333333333333333,0.009595267296731838,0.3237380660366015
all_strict_sites,Q9UPT8,10,3,167,1.0,0.01868552052521463,0.9813144794747853
all_strict_sites,Q9UPT8,15,3,167,1.0,0.028208642955053747,0.9717913570449462
all_strict_sites,Q9UPT8,20,3,167,1.0,0.037010316715965656,0.9629896832840343
all_strict_sites,Q9UPT8,25,3,167,1.0,0.04566770074309213,0.9543322992569079
all_strict_sites,Q9UPT8,30,3,167,1.0,0.05461366423778948,0.9453863357622105
all_strict_sites,Q9UPV9,5,3,172,0.0,0.013191894464844282,-0.013191894464844282
all_strict_sites,Q9UPV9,10,3,172,0.0,0.02522779817761458,-0.02522779817761458
all_strict_sites,Q9UPV9,15,3,172,0.0,0.03705970352237182,-0.03705970352237182
all_strict_sites,Q9UPV9,20,3,172,0.0,0.0484156126750986,-0.0484156126750986
all_strict_sites,Q9UPV9,25,3,172,0.0,0.06038351693186454,-0.06038351693186454
all_strict_sites,Q9UPV9,30,3,172,0.0,0.0710594315245478,-0.0710594315245478
all_strict_sites,Q9UPW6,5,3,93,0.3333333333333333,0.019869097709209912,0.3134642356241234
all_strict_sites,Q9UPW6,10,3,93,1.0,0.03576437587657784,0.9642356241234221
all_strict_sites,Q9UPW6,15,3,93,1.0,0.052594670406732116,0.9474053295932678
all_strict_sites,Q9UPW6,20,3,93,1.0,0.06708742402992052,0.9329125759700795
all_strict_sites,Q9UPW6,25,3,93,1.0,0.0766713417484806,0.9233286582515194
all_strict_sites,Q9UPW6,30,3,93,1.0,0.08929406264609631,0.9107059373539037
all_strict_sites,Q9UPZ3,5,3,176,0.6666666666666666,0.008831168831168832,0.6578354978354978
all_strict_sites,Q9UPZ3,10,3,176,1.0,0.017922077922077922,0.9820779220779221
all_strict_sites,Q9UPZ3,15,3,176,1.0,0.026688311688311688,0.9733116883116883
all_strict_sites,Q9UPZ3,20,3,176,1.0,0.036233766233766236,0.9637662337662337
all_strict_sites,Q9UPZ3,25,3,176,1.0,0.04493506493506493,0.9550649350649351
all_strict_sites,Q9UPZ3,30,3,176,1.0,0.053831168831168834,0.9461688311688312
all_strict_sites,Q9UQ03,5,3,53,0.3333333333333333,0.02104499274310595,0.31228834059022736
all_strict_sites,Q9UQ03,10,3,53,1.0,0.04354136429608128,0.9564586357039188
all_strict_sites,Q9UQ03,15,3,53,1.0,0.06095791001451379,0.9390420899854862
all_strict_sites,Q9UQ03,20,3,53,1.0,0.07764876632801161,0.9223512336719883
all_strict_sites,Q9UQ03,25,3,53,1.0,0.09216255442670537,0.9078374455732946
all_strict_sites,Q9UQ03,30,3,53,1.0,0.10740203193033382,0.8925979680696662
all_strict_sites,Q9UQ35,5,51,814,0.014901960784313726,0.004034561230133186,0.01086739955418054
all_strict_sites,Q9UQ35,10,51,814,0.03686274509803922,0.008162808900816282,0.028699936197222935
all_strict_sites,Q9UQ35,15,51,814,0.054901960784313725,0.01208857297418183,0.042813387810131893
all_strict_sites,Q9UQ35,20,51,814,0.06980392156862746,0.01624704207730038,0.05355687949132708
all_strict_sites,Q9UQ35,25,51,814,0.08313725490196078,0.020051920420924112,0.06308533448103666
all_strict_sites,Q9UQ35,30,51,814,0.09568627450980392,0.02373289089156248,0.07195338361824144
all_strict_sites,Q9UQB3,5,6,218,0.2,0.009343423667188095,0.1906565763328119
all_strict_sites,Q9UQB3,10,6,218,0.2,0.019067348750687017,0.180932651249313
all_strict_sites,Q9UQB3,15,6,218,0.2,0.027987993066418637,0.17201200693358137
all_strict_sites,Q9UQB3,20,6,218,0.2,0.03741597260389803,0.16258402739610198
all_strict_sites,Q9UQB3,25,6,218,0.2,0.0462097831141927,0.1537902168858073
all_strict_sites,Q9UQB3,30,6,218,0.2,0.05470764807846785,0.14529235192153217
all_strict_sites,Q9UQR0,5,4,117,0.6666666666666666,0.017241379310344827,0.6494252873563218
all_strict_sites,Q9UQR0,10,4,117,1.0,0.03212496315944592,0.9678750368405541
all_strict_sites,Q9UQR0,15,4,117,1.0,0.04715590922487474,0.9528440907751252
all_strict_sites,Q9UQR0,20,4,117,1.0,0.062186855290303565,0.9378131447096965
all_strict_sites,Q9UQR0,25,4,117,1.0,0.07824933687002653,0.9217506631299734
all_strict_sites,Q9UQR0,30,4,117,1.0,0.09490126731506042,0.9050987326849396
all_strict_sites,Q9UQR1,5,5,136,0.1,0.0144880174291939,0.08551198257080611
all_strict_sites,Q9UQR1,10,5,136,0.1,0.027233115468409588,0.07276688453159041
all_strict_sites,Q9UQR1,15,5,136,0.3,0.039760348583877995,0.260239651416122
all_strict_sites,Q9UQR1,20,5,136,0.3,0.05337690631808279,0.2466230936819172
all_strict_sites,Q9UQR1,25,5,136,0.3,0.06546840958605664,0.23453159041394334
all_strict_sites,Q9UQR1,30,5,136,0.3,0.07908496732026143,0.22091503267973855
all_strict_sites,Q9Y2W1,5,5,196,0.2,0.013657770800627944,0.18634222919937207
all_strict_sites,Q9Y2W1,10,5,196,0.3,0.027367870225013084,0.2726321297749869
all_strict_sites,Q9Y2W1,15,5,196,0.3,0.03950811093668236,0.2604918890633176
all_strict_sites,Q9Y2W1,20,5,196,0.3,0.05180533751962323,0.24819466248037675
all_strict_sites,Q9Y2W1,25,5,196,0.3,0.06462585034013606,0.23537414965986392
all_strict_sites,Q9Y2W1,30,5,196,0.3,0.07592883307169021,0.22407116692830978
all_strict_sites,Q9Y2W2,5,3,62,0.0,0.03172924378635643,-0.03172924378635643
all_strict_sites,Q9Y2W2,10,3,62,0.3333333333333333,0.05288207297726071,0.2804512603560726
all_strict_sites,Q9Y2W2,15,3,62,0.3333333333333333,0.07297726070861978,0.26035607262471355
all_strict_sites,Q9Y2W2,20,3,62,0.3333333333333333,0.09148598625066102,0.2418473470826723
all_strict_sites,Q9Y2W2,25,3,62,0.3333333333333333,0.10999471179270227,0.22333862154063105
all_strict_sites,Q9Y2W2,30,3,62,0.3333333333333333,0.12427287149656266,0.20906046183677066
all_strict_sites,Q9Y2X7,5,3,109,0.3333333333333333,0.013421678559293238,0.3199116547740401
all_strict_sites,Q9Y2X7,10,3,109,0.6666666666666666,0.02667346245327897,0.6399932042133877
all_strict_sites,Q9Y2X7,15,3,109,1.0,0.04400271831464492,0.955997281685355
all_strict_sites,Q9Y2X7,20,3,109,1.0,0.05555555555555555,0.9444444444444444
all_strict_sites,Q9Y2X7,25,3,109,1.0,0.06812776078831125,0.9318722392116887
all_strict_sites,Q9Y2X7,30,3,109,1.0,0.08053007135575943,0.9194699286442406
all_strict_sites,Q9Y2X9,5,19,182,0.07602339181286549,0.01098901098901099,0.0650343808238545
all_strict_sites,Q9Y2X9,10,19,182,0.12280701754385964,0.02155303260275636,0.10125398494110328
all_strict_sites,Q9Y2X9,15,19,182,0.1695906432748538,0.031509926537550845,0.13808071673730293
all_strict_sites,Q9Y2X9,20,19,182,0.21052631578947367,0.04456317163499484,0.16596314415447883
all_strict_sites,Q9Y2X9,25,19,182,0.23976608187134502,0.05482362940926477,0.18494245246208024
all_strict_sites,Q9Y2X9,30,19,182,0.2573099415204678,0.06617691700564629,0.19113302451482153
all_strict_sites,Q9Y450,5,3,92,0.3333333333333333,0.016244624940277116,0.3170887083930562
all_strict_sites,Q9Y450,10,3,92,0.3333333333333333,0.0327281414237936,0.3006051919095397
all_strict_sites,Q9Y450,15,3,92,0.3333333333333333,0.046583850931677016,0.2867494824016563
all_strict_sites,Q9Y450,20,3,92,0.3333333333333333,0.06330625895843286,0.2700270743749005
all_strict_sites,Q9Y450,25,3,92,0.3333333333333333,0.07883420926899187,0.25449912406434144
all_strict_sites,Q9Y450,30,3,92,0.3333333333333333,0.0903010033444816,0.24303232998885171
all_strict_sites,Q9Y467,5,8,180,0.25,0.012911235257603973,0.23708876474239604
all_strict_sites,Q9Y467,10,8,180,0.4642857142857143,0.024332712600869024,0.4399530016848453
all_strict_sites,Q9Y467,15,8,180,0.4642857142857143,0.03445065176908752,0.4298350625166268
all_strict_sites,Q9Y467,20,8,180,0.4642857142857143,0.04419615145872129,0.420089562826993
all_strict_sites,Q9Y467,25,8,180,0.4642857142857143,0.05282433271260087,0.4114613815731134
all_strict_sites,Q9Y467,30,8,180,0.4642857142857143,0.062756052141527,0.4015296621441873
all_strict_sites,Q9Y490,5,5,334,0.0,0.0035065005124885365,-0.0035065005124885365
all_strict_sites,Q9Y490,10,5,334,0.0,0.007750265235295176,-0.007750265235295176
all_strict_sites,Q9Y490,15,5,334,0.1,0.011832191472910036,0.08816780852708997
all_strict_sites,Q9Y490,20,5,334,0.1,0.015968063872255488,0.08403193612774451
all_strict_sites,Q9Y490,25,5,334,0.1,0.01979824135512758,0.08020175864487242
all_strict_sites,Q9Y490,30,5,334,0.1,0.02384420348492205,0.07615579651507795
all_strict_sites,Q9Y4A5,5,5,469,0.2,0.0027153609243161484,0.19728463907568386
all_strict_sites,Q9Y4A5,10,5,469,0.2,0.005439833798042753,0.19456016620195726
all_strict_sites,Q9Y4A5,15,5,469,0.2,0.007909172088276566,0.19209082791172344
all_strict_sites,Q9Y4A5,20,5,469,0.2,0.010442294024383576,0.18955770597561644
all_strict_sites,Q9Y4A5,25,5,469,0.2,0.013011863758132415,0.1869881362418676
all_strict_sites,Q9Y4A5,30,5,469,0.2,0.015490313997776685,0.18450968600222334
all_strict_sites,Q9Y4B4,5,6,205,0.2,0.009325681492109038,0.19067431850789096
all_strict_sites,Q9Y4B4,10,6,205,0.2,0.016547106647537065,0.18345289335246295
all_strict_sites,Q9Y4B4,15,6,205,0.2,0.023003347680535628,0.17699665231946438
all_strict_sites,Q9Y4B4,20,6,205,0.26666666666666666,0.030703012912482067,0.2359636537541846
all_strict_sites,Q9Y4B4,25,6,205,0.4,0.0375896700143472,0.3624103299856528
all_strict_sites,Q9Y4B4,30,6,205,0.4,0.04461979913916786,0.35538020086083216
all_strict_sites,Q9Y4B5,5,4,253,0.0,0.007089528828659263,-0.007089528828659263
all_strict_sites,Q9Y4B5,10,4,253,0.0,0.013614404918752744,-0.013614404918752744
all_strict_sites,Q9Y4B5,15,4,253,0.0,0.019229562707823576,-0.019229562707823576
all_strict_sites,Q9Y4B5,20,4,253,0.0,0.025032938076416336,-0.025032938076416336
all_strict_sites,Q9Y4B5,25,4,253,0.0,0.03140096618357488,-0.03140096618357488
all_strict_sites,Q9Y4B5,30,4,253,0.0,0.03607503607503607,-0.03607503607503607
all_strict_sites,Q9Y4B6,5,5,194,0.2,0.00667699375033385,0.19332300624966617
all_strict_sites,Q9Y4B6,10,5,194,0.2,0.013514235350675712,0.1864857646493243
all_strict_sites,Q9Y4B6,15,5,194,0.2,0.02024464505101223,0.17975535494898778
all_strict_sites,Q9Y4B6,20,5,194,0.2,0.027135302601356766,0.17286469739864324
all_strict_sites,Q9Y4B6,25,5,194,0.2,0.0336520485016826,0.1663479514983174
all_strict_sites,Q9Y4B6,30,5,194,0.2,0.04016879440200844,0.15983120559799158
all_strict_sites,Q9Y4G6,5,3,358,0.3333333333333333,0.0035835563275589564,0.32974977700577435
all_strict_sites,Q9Y4G6,10,3,358,0.3333333333333333,0.007714817770683693,0.32561851556264965
all_strict_sites,Q9Y4G6,15,3,358,0.3333333333333333,0.011908674084158802,0.3214246592491745
all_strict_sites,Q9Y4G6,20,3,358,0.3333333333333333,0.015992989374520757,0.31734034395881255
all_strict_sites,Q9Y4G6,25,3,358,0.3333333333333333,0.019905168771419183,0.31342816456191414
all_strict_sites,Q9Y4G6,30,3,358,0.3333333333333333,0.02403643021454392,0.3092969031187894
all_strict_sites,Q9Y4H2,5,7,230,0.0,0.00956901461932789,-0.00956901461932789
all_strict_sites,Q9Y4H2,10,7,230,0.09523809523809523,0.01750522118853237,0.07773287404956286
all_strict_sites,Q9Y4H2,15,7,230,0.09523809523809523,0.025061704955382572,0.07017639028271266
all_strict_sites,Q9Y4H2,20,7,230,0.09523809523809523,0.03185874311752421,0.06337935212057103
all_strict_sites,Q9Y4H2,25,7,230,0.09523809523809523,0.039453199164609834,0.0557848960734854
all_strict_sites,Q9Y4H2,30,7,230,0.09523809523809523,0.04700968293146003,0.0482284123066352
all_strict_sites,Q9Y4L1,5,12,103,0.045454545454545456,0.010089472682276794,0.03536507277226866
all_strict_sites,Q9Y4L1,10,12,103,0.13636363636363635,0.022844089091947458,0.11351954727168889
all_strict_sites,Q9Y4L1,15,12,103,0.15151515151515152,0.03540833809251856,0.11610681342263296
all_strict_sites,Q9Y4L1,20,12,103,0.18181818181818182,0.045688178183894916,0.1361300036342869
all_strict_sites,Q9Y4L1,25,12,103,0.18181818181818182,0.05691985532076908,0.12489832649741274
all_strict_sites,Q9Y4L1,30,12,103,0.18181818181818182,0.06681896059394632,0.1149992212242355
all_strict_sites,Q9Y512,5,5,56,0.1,0.02727272727272727,0.07272727272727274
all_strict_sites,Q9Y512,10,5,56,0.1,0.05064935064935065,0.04935064935064935
all_strict_sites,Q9Y512,15,5,56,0.1,0.07727272727272727,0.022727272727272735
all_strict_sites,Q9Y512,20,5,56,0.1,0.10519480519480519,-0.005194805194805183
all_strict_sites,Q9Y512,25,5,56,0.1,0.12402597402597403,-0.02402597402597402
all_strict_sites,Q9Y512,30,5,56,0.1,0.15,-0.04999999999999999
all_strict_sites,Q9Y520,5,71,479,0.023340040241448694,0.004297656379661254,0.01904238386178744
all_strict_sites,Q9Y520,10,71,479,0.04507042253521127,0.008604047833264909,0.03646637470194636
all_strict_sites,Q9Y520,15,71,479,0.060362173038229376,0.012630916920711733,0.04773125611751764
all_strict_sites,Q9Y520,20,71,479,0.07565392354124749,0.016841222560948978,0.05881270098029851
all_strict_sites,Q9Y520,25,71,479,0.0869215291750503,0.020876826722338204,0.0660447024527121
all_strict_sites,Q9Y520,30,71,479,0.1006036217303823,0.025043456992863443,0.07556016473751886
all_strict_sites,Q9Y580,5,4,49,0.5,0.047619047619047616,0.4523809523809524
all_strict_sites,Q9Y580,10,4,49,0.8333333333333334,0.10289115646258504,0.7304421768707483
all_strict_sites,Q9Y580,15,4,49,1.0,0.14795918367346939,0.8520408163265306
all_strict_sites,Q9Y580,20,4,49,1.0,0.19047619047619047,0.8095238095238095
all_strict_sites,Q9Y580,25,4,49,1.0,0.2372448979591837,0.7627551020408163
all_strict_sites,Q9Y580,30,4,49,1.0,0.27721088435374147,0.7227891156462585
all_strict_sites,Q9Y5A9,5,8,89,0.10714285714285714,0.017620020429009193,0.08952283671384795
all_strict_sites,Q9Y5A9,10,8,89,0.17857142857142858,0.03472931562819203,0.14384211294323654
all_strict_sites,Q9Y5A9,15,8,89,0.2857142857142857,0.054136874361593465,0.23157741135269222
all_strict_sites,Q9Y5A9,20,8,89,0.4642857142857143,0.07150153217568948,0.3927841821100248
all_strict_sites,Q9Y5A9,25,8,89,0.5714285714285714,0.08835546475995915,0.48307310666861225
all_strict_sites,Q9Y5A9,30,8,89,0.6428571428571429,0.10393258426966293,0.53892455858748
all_strict_sites,Q9Y5B9,5,4,116,0.0,0.008695652173913044,-0.008695652173913044
all_strict_sites,Q9Y5B9,10,4,116,0.16666666666666666,0.019190404797601198,0.14747626186906546
all_strict_sites,Q9Y5B9,15,4,116,0.16666666666666666,0.030434782608695653,0.13623188405797101
all_strict_sites,Q9Y5B9,20,4,116,0.16666666666666666,0.0376311844077961,0.12903548225887057
all_strict_sites,Q9Y5B9,25,4,116,0.16666666666666666,0.04737631184407796,0.1192903548225887
all_strict_sites,Q9Y5B9,30,4,116,0.16666666666666666,0.05502248875562219,0.11164417791104447
all_strict_sites,Q9Y5M8,5,5,41,0.3,0.042682926829268296,0.2573170731707317
all_strict_sites,Q9Y5M8,10,5,41,0.4,0.07317073170731707,0.32682926829268294
all_strict_sites,Q9Y5M8,15,5,41,0.4,0.11463414634146342,0.2853658536585366
all_strict_sites,Q9Y5M8,20,5,41,0.4,0.14878048780487804,0.25121951219512195
all_strict_sites,Q9Y5M8,25,5,41,0.4,0.17926829268292682,0.2207317073170732
all_strict_sites,Q9Y5M8,30,5,41,0.4,0.2146341463414634,0.1853658536585366
all_strict_sites,Q9Y618,5,49,384,0.017857142857142856,0.004582789382071366,0.01327435347507149
all_strict_sites,Q9Y618,10,49,384,0.034013605442176874,0.008947998259355962,0.02506560718282091
all_strict_sites,Q9Y618,15,49,384,0.04421768707482993,0.013313207136640557,0.030904479938189375
all_strict_sites,Q9Y618,20,49,384,0.05272108843537415,0.017651218450826806,0.03506986998454735
all_strict_sites,Q9Y618,25,49,384,0.06037414965986394,0.02175805047867711,0.03861609918118683
all_strict_sites,Q9Y618,30,49,384,0.07397959183673469,0.025851283724978243,0.048128308111756446
all_strict_sites,Q9Y678,5,5,123,0.4,0.012661602025856325,0.3873383979741437
all_strict_sites,Q9Y678,10,5,123,0.4,0.022790883646541384,0.37720911635345866
all_strict_sites,Q9Y678,15,5,123,0.4,0.03465280554444889,0.36534719445555114
all_strict_sites,Q9Y678,20,5,123,0.4,0.045848327335732374,0.35415167266426767
all_strict_sites,Q9Y678,25,5,123,0.4,0.05744368919099027,0.3425563108090097
all_strict_sites,Q9Y678,30,5,123,0.4,0.0699720111955218,0.33002798880447826
all_strict_sites,Q9Y692,5,3,94,1.0,0.02104781514527568,0.9789521848547243
all_strict_sites,Q9Y692,10,3,94,1.0,0.04278197208876687,0.9572180279112331
all_strict_sites,Q9Y692,15,3,94,1.0,0.06726149622512011,0.9327385037748799
all_strict_sites,Q9Y692,20,3,94,1.0,0.08853809196980096,0.911461908030199
all_strict_sites,Q9Y692,25,3,94,1.0,0.11256005490734386,0.8874399450926561
all_strict_sites,Q9Y692,30,3,94,1.0,0.13498055364905057,0.8650194463509494
all_strict_sites,Q9Y6G9,5,3,70,0.0,0.02608695652173913,-0.02608695652173913
all_strict_sites,Q9Y6G9,10,3,70,0.0,0.05341614906832298,-0.05341614906832298
all_strict_sites,Q9Y6G9,15,3,70,0.3333333333333333,0.06956521739130435,0.263768115942029
all_strict_sites,Q9Y6G9,20,3,70,0.3333333333333333,0.08737060041407868,0.24596273291925463
all_strict_sites,Q9Y6G9,25,3,70,0.3333333333333333,0.10393374741200828,0.22939958592132503
all_strict_sites,Q9Y6G9,30,3,70,0.3333333333333333,0.12256728778467908,0.21076604554865425
all_strict_sites,Q9Y6Q9,5,9,242,0.1388888888888889,0.008607386577963718,0.13028150231092517
all_strict_sites,Q9Y6Q9,10,9,242,0.2222222222222222,0.0168032646342718,0.20541895758795042
all_strict_sites,Q9Y6Q9,15,9,242,0.2777777777777778,0.02486197318336134,0.2529158045944164
all_strict_sites,Q9Y6Q9,20,9,242,0.2777777777777778,0.03309214361647406,0.24468563416130373
all_strict_sites,Q9Y6Q9,25,9,242,0.2777777777777778,0.04067075889029868,0.2371070188874791
all_strict_sites,Q9Y6Q9,30,9,242,0.2777777777777778,0.04794074277288159,0.22983703500489622
all_strict_sites,Q9Y6R9,5,3,76,0.3333333333333333,0.02736842105263158,0.3059649122807017
all_strict_sites,Q9Y6R9,10,3,76,0.3333333333333333,0.051929824561403506,0.2814035087719298
all_strict_sites,Q9Y6R9,15,3,76,0.3333333333333333,0.07894736842105263,0.2543859649122807
all_strict_sites,Q9Y6R9,20,3,76,0.3333333333333333,0.10210526315789474,0.23122807017543856
all_strict_sites,Q9Y6R9,25,3,76,0.3333333333333333,0.12491228070175439,0.20842105263157892
all_strict_sites,Q9Y6R9,30,3,76,0.3333333333333333,0.14701754385964913,0.18631578947368418
all_strict_sites,Q9Y6V0,5,27,1041,0.008547008547008548,0.002294391487475061,0.006252617059533487
all_strict_sites,Q9Y6V0,10,27,1041,0.02564102564102564,0.004431759402940959,0.02120926623808468
all_strict_sites,Q9Y6V0,15,27,1041,0.03418803418803419,0.006582058671395847,0.027605975516638345
all_strict_sites,Q9Y6V0,20,27,1041,0.037037037037037035,0.008732357939850735,0.0283046790971863
all_strict_sites,Q9Y6V0,25,27,1041,0.045584045584045586,0.010827237124067095,0.03475680845997849
all_strict_sites,Q9Y6V0,30,27,1041,0.045584045584045586,0.012879627577033917,0.03270441800701167
all_strict_sites,Q9Y6X8,5,4,137,0.16666666666666666,0.013203091455560326,0.15346357521110632
all_strict_sites,Q9Y6X8,10,4,137,0.16666666666666666,0.026298840704164876,0.14036782596250177
all_strict_sites,Q9Y6X8,15,4,137,0.16666666666666666,0.03767711464147703,0.12898955202518964
all_strict_sites,Q9Y6X8,20,4,137,0.16666666666666666,0.04991412623443538,0.11675254043223128
all_strict_sites,Q9Y6X8,25,4,137,0.16666666666666666,0.060433662516101334,0.10623300415056533
all_strict_sites,Q9Y6X8,30,4,137,0.16666666666666666,0.07041648776298841,0.09625017890367825
all_strict_sites,Q9Y6X9,5,7,134,0.047619047619047616,0.010997643362136685,0.03662140425691093
all_strict_sites,Q9Y6X9,10,7,134,0.047619047619047616,0.019638648860958365,0.02798039875808925
all_strict_sites,Q9Y6X9,15,7,134,0.09523809523809523,0.029962967119290765,0.06527512811880447
all_strict_sites,Q9Y6X9,20,7,134,0.14285714285714285,0.040623947929525304,0.10223319492761754
all_strict_sites,Q9Y6X9,25,7,134,0.14285714285714285,0.048816070025810794,0.09404107283133206
all_strict_sites,Q9Y6X9,30,7,134,0.14285714285714285,0.057569296375266525,0.08528784648187632
all_strict_sites,Q9Y6Y8,5,28,149,0.06878306878306878,0.01233448213313985,0.056448586649928925
all_strict_sites,Q9Y6Y8,10,28,149,0.12433862433862433,0.023580627607473245,0.10075799673115109
all_strict_sites,Q9Y6Y8,15,28,149,0.17989417989417988,0.0360058044621803,0.1438883754319996
all_strict_sites,Q9Y6Y8,20,28,149,0.23809523809523808,0.04879376020315618,0.1893014778920819
all_strict_sites,Q9Y6Y8,25,28,149,0.30952380952380953,0.05895156901868311,0.25057224050512644
all_strict_sites,Q9Y6Y8,30,28,149,0.3783068783068783,0.06920007255577726,0.30910680575110105
two_distinct_mapped_peptides,A3KN83,5,4,202,0.3333333333333333,0.009605438155755874,0.32372789517757744
two_distinct_mapped_peptides,A3KN83,10,4,202,0.3333333333333333,0.017289788680360574,0.31604354465297274
two_distinct_mapped_peptides,A3KN83,15,4,202,1.0,0.02482636323333826,0.9751736367666617
two_distinct_mapped_peptides,A3KN83,20,4,202,1.0,0.03260923107236097,0.9673907689276391
two_distinct_mapped_peptides,A3KN83,25,4,202,1.0,0.040195064282547655,0.9598049357174523
two_distinct_mapped_peptides,A3KN83,30,4,202,1.0,0.04704201763459928,0.9529579823654007
two_distinct_mapped_peptides,A5YKK6,5,5,276,0.6,0.005849802371541502,0.5941501976284584
two_distinct_mapped_peptides,A5YKK6,10,5,276,0.9,0.010935441370223979,0.8890645586297761
two_distinct_mapped_peptides,A5YKK6,15,5,276,1.0,0.01538866930171278,0.9846113306982872
two_distinct_mapped_peptides,A5YKK6,20,5,276,1.0,0.019762845849802372,0.9802371541501976
two_distinct_mapped_peptides,A5YKK6,25,5,276,1.0,0.024031620553359685,0.9759683794466403
two_distinct_mapped_peptides,A5YKK6,30,5,276,1.0,0.028458498023715414,0.9715415019762846
two_distinct_mapped_peptides,A8CG34,5,8,318,0.07142857142857142,0.009741483641846715,0.06168708778672471
two_distinct_mapped_peptides,A8CG34,10,8,318,0.14285714285714285,0.018768724083883897,0.12408841877325895
two_distinct_mapped_peptides,A8CG34,15,8,318,0.21428571428571427,0.027359482570481916,0.18692623171523237
two_distinct_mapped_peptides,A8CG34,20,8,318,0.2857142857142857,0.03656528381247148,0.24914900190181422
two_distinct_mapped_peptides,A8CG34,25,8,318,0.35714285714285715,0.0451163621213023,0.31202649502155483
two_distinct_mapped_peptides,A8CG34,30,8,318,0.42857142857142855,0.05428248318552467,0.37428894538590385
two_distinct_mapped_peptides,O14497,5,3,351,0.3333333333333333,0.005095645095645095,0.32823768823768823
two_distinct_mapped_peptides,O14497,10,3,351,0.3333333333333333,0.009898249898249898,0.3234350834350834
two_distinct_mapped_peptides,O14497,15,3,351,0.3333333333333333,0.014554334554334554,0.31877899877899873
two_distinct_mapped_peptides,O14497,20,3,351,0.3333333333333333,0.019145299145299145,0.31418803418803415
two_distinct_mapped_peptides,O14497,25,3,351,0.3333333333333333,0.023687423687423687,0.30964590964590966
two_distinct_mapped_peptides,O14497,30,3,351,0.3333333333333333,0.02866910866910867,0.30466422466422466
two_distinct_mapped_peptides,O14639,5,3,112,0.3333333333333333,0.019305019305019305,0.314028314028314
two_distinct_mapped_peptides,O14639,10,3,112,0.3333333333333333,0.03474903474903475,0.2985842985842986
two_distinct_mapped_peptides,O14639,15,3,112,0.3333333333333333,0.04954954954954955,0.28378378378378377
two_distinct_mapped_peptides,O14639,20,3,112,0.6666666666666666,0.06467181467181467,0.6019948519948519
two_distinct_mapped_peptides,O14639,25,3,112,1.0,0.07850707850707851,0.9214929214929215
two_distinct_mapped_peptides,O14639,30,3,112,1.0,0.09041184041184042,0.9095881595881596
two_distinct_mapped_peptides,O14974,5,15,210,0.18095238095238095,0.014809751651856915,0.16614262930052404
two_distinct_mapped_peptides,O14974,10,15,210,0.2857142857142857,0.02838915470494418,0.2573251310093415
two_distinct_mapped_peptides,O14974,15,15,210,0.3619047619047619,0.041376167691957164,0.3205285942128047
two_distinct_mapped_peptides,O14974,20,15,210,0.4380952380952381,0.054864433811802234,0.38323080428343587
two_distinct_mapped_peptides,O14974,25,15,210,0.4857142857142857,0.06771474139895192,0.4179995443153338
two_distinct_mapped_peptides,O14974,30,15,210,0.5047619047619047,0.08033720665299612,0.4244246981089086
two_distinct_mapped_peptides,O15014,5,3,269,1.0,0.007656882871885924,0.9923431171281141
two_distinct_mapped_peptides,O15014,10,3,269,1.0,0.015119569439050103,0.9848804305609499
two_distinct_mapped_peptides,O15014,15,3,269,1.0,0.022221605726016756,0.9777783942739833
two_distinct_mapped_peptides,O15014,20,3,269,1.0,0.029212672695999555,0.9707873273040004
two_distinct_mapped_peptides,O15014,25,3,269,1.0,0.03592631637352272,0.9640736836264773
two_distinct_mapped_peptides,O15014,30,3,269,1.0,0.04347222992842479,0.9565277700715752
two_distinct_mapped_peptides,O15047,5,4,296,0.5,0.010398534127347687,0.4896014658726523
two_distinct_mapped_peptides,O15047,10,4,296,1.0,0.0201099404489235,0.9798900595510766
two_distinct_mapped_peptides,O15047,15,4,296,1.0,0.02913421896472744,0.9708657810352725
two_distinct_mapped_peptides,O15047,20,4,296,1.0,0.037929454878607424,0.9620705451213926
two_distinct_mapped_peptides,O15047,25,4,296,1.0,0.04599175446633074,0.9540082455336693
two_distinct_mapped_peptides,O15047,30,4,296,1.0,0.05396243701328447,0.9460375629867155
two_distinct_mapped_peptides,O43670,5,4,61,0.3333333333333333,0.060109289617486336,0.27322404371584696
two_distinct_mapped_peptides,O43670,10,4,61,0.5,0.10765027322404372,0.39234972677595625
two_distinct_mapped_peptides,O43670,15,4,61,0.5,0.1546448087431694,0.34535519125683056
two_distinct_mapped_peptides,O43670,20,4,61,0.5,0.19672131147540983,0.30327868852459017
two_distinct_mapped_peptides,O43670,25,4,61,0.8333333333333334,0.2448087431693989,0.5885245901639344
two_distinct_mapped_peptides,O43670,30,4,61,1.0,0.28032786885245903,0.7196721311475409
two_distinct_mapped_peptides,O60675,5,4,28,0.3333333333333333,0.07936507936507936,0.25396825396825395
two_distinct_mapped_peptides,O60675,10,4,28,0.3333333333333333,0.15608465608465608,0.17724867724867724
two_distinct_mapped_peptides,O60675,15,4,28,0.3333333333333333,0.2275132275132275,0.10582010582010581
two_distinct_mapped_peptides,O60675,20,4,28,0.6666666666666666,0.2830687830687831,0.38359788359788355
two_distinct_mapped_peptides,O60675,25,4,28,1.0,0.3333333333333333,0.6666666666666667
two_distinct_mapped_peptides,O60675,30,4,28,1.0,0.37566137566137564,0.6243386243386244
two_distinct_mapped_peptides,O75179,5,11,458,0.09090909090909091,0.0054943479881130975,0.08541474292097781
two_distinct_mapped_peptides,O75179,10,11,458,0.10909090909090909,0.010826254383534156,0.09826465470737493
two_distinct_mapped_peptides,O75179,15,11,458,0.10909090909090909,0.015317286652078774,0.0937736224388303
two_distinct_mapped_peptides,O75179,20,11,458,0.10909090909090909,0.019856095859650463,0.08923481323125862
two_distinct_mapped_peptides,O75179,25,11,458,0.10909090909090909,0.023974468003783934,0.08511644108712516
two_distinct_mapped_peptides,O75179,30,11,458,0.10909090909090909,0.02857060953818811,0.08052029955272097
two_distinct_mapped_peptides,O75376,5,24,421,0.043478260869565216,0.0046261735097839615,0.038852087359781254
two_distinct_mapped_peptides,O75376,10,24,421,0.06521739130434782,0.009105304829770388,0.05611208647457744
two_distinct_mapped_peptides,O75376,15,24,421,0.08333333333333333,0.013482637710666214,0.06985069562266712
two_distinct_mapped_peptides,O75376,20,24,421,0.09057971014492754,0.01789390340459224,0.0726858067403353
two_distinct_mapped_peptides,O75376,25,24,421,0.10144927536231885,0.022045017531953398,0.07940425783036545
two_distinct_mapped_peptides,O75376,30,24,421,0.10869565217391304,0.02660332541567696,0.08209232675823608
two_distinct_mapped_peptides,O94842,5,4,111,0.5,0.016871416871416873,0.48312858312858314
two_distinct_mapped_peptides,O94842,10,4,111,0.5,0.03521703521703522,0.46478296478296477
two_distinct_mapped_peptides,O94842,15,4,111,0.5,0.051433251433251434,0.44856674856674855
two_distinct_mapped_peptides,O94842,20,4,111,0.5,0.06846846846846846,0.43153153153153156
two_distinct_mapped_peptides,O94842,25,4,111,0.5,0.0855036855036855,0.4144963144963145
two_distinct_mapped_peptides,O94842,30,4,111,1.0,0.10171990171990172,0.8982800982800982
two_distinct_mapped_peptides,O95487,5,5,233,0.3,0.009212668343939618,0.29078733165606035
two_distinct_mapped_peptides,O95487,10,5,233,0.3,0.01753736865472843,0.28246263134527155
two_distinct_mapped_peptides,O95487,15,5,233,0.3,0.024789107592126682,0.27521089240787333
two_distinct_mapped_peptides,O95487,20,5,233,0.3,0.033335799911203196,0.26666420008879677
two_distinct_mapped_peptides,O95487,25,5,233,0.3,0.04206748557051946,0.2579325144294805
two_distinct_mapped_peptides,O95487,30,5,233,0.6,0.050873168565931624,0.5491268314340684
two_distinct_mapped_peptides,P02545,5,12,105,0.2878787878787879,0.020512820512820513,0.2673659673659674
two_distinct_mapped_peptides,P02545,10,12,105,0.5,0.039377289377289376,0.46062271062271065
two_distinct_mapped_peptides,P02545,15,12,105,0.6212121212121212,0.05787545787545788,0.5633366633366633
two_distinct_mapped_peptides,P02545,20,12,105,0.7121212121212122,0.07344322344322345,0.6386779886779888
two_distinct_mapped_peptides,P02545,25,12,105,0.7727272727272727,0.08791208791208792,0.6848151848151848
two_distinct_mapped_peptides,P02545,30,12,105,0.8636363636363636,0.1043956043956044,0.7592407592407593
two_distinct_mapped_peptides,P04150,5,3,134,1.0,0.014700931433060263,0.9852990685669397
two_distinct_mapped_peptides,P04150,10,3,134,1.0,0.027830770957243855,0.9721692290427562
two_distinct_mapped_peptides,P04150,15,3,134,1.0,0.04230726068903602,0.957692739310964
two_distinct_mapped_peptides,P04150,20,3,134,1.0,0.05644708786892605,0.943552912131074
two_distinct_mapped_peptides,P04150,25,3,134,1.0,0.0687913814386713,0.9312086185613286
two_distinct_mapped_peptides,P04150,30,3,134,1.0,0.08203344181348894,0.9179665581865111
two_distinct_mapped_peptides,P05783,5,7,67,0.23809523809523808,0.033016734509271825,0.20507850358596624
two_distinct_mapped_peptides,P05783,10,7,67,0.38095238095238093,0.06151062867480778,0.31944175227757315
two_distinct_mapped_peptides,P05783,15,7,67,0.6190476190476191,0.08548168249660787,0.5335659365510113
two_distinct_mapped_peptides,P05783,20,7,67,0.8571428571428571,0.10900045228403438,0.7481424048588228
two_distinct_mapped_peptides,P05783,25,7,67,0.8571428571428571,0.13116236996834013,0.725980487174517
two_distinct_mapped_peptides,P05783,30,7,67,0.9047619047619048,0.15151515151515152,0.7532467532467533
two_distinct_mapped_peptides,P05787,5,5,82,0.2,0.028906955736224028,0.17109304426377597
two_distinct_mapped_peptides,P05787,10,5,82,0.2,0.06022282445046673,0.13977717554953328
two_distinct_mapped_peptides,P05787,15,5,82,0.2,0.08732309545317675,0.11267690454682326
two_distinct_mapped_peptides,P05787,20,5,82,0.3,0.1111111111111111,0.18888888888888888
two_distinct_mapped_peptides,P05787,25,5,82,0.6,0.13851249623607348,0.4614875037639265
two_distinct_mapped_peptides,P05787,30,5,82,0.6,0.16079494128274616,0.4392050587172538
two_distinct_mapped_peptides,P08651,5,4,91,0.16666666666666666,0.02783882783882784,0.1388278388278388
two_distinct_mapped_peptides,P08651,10,4,91,0.16666666666666666,0.0568986568986569,0.10976800976800977
two_distinct_mapped_peptides,P08651,15,4,91,0.3333333333333333,0.0800976800976801,0.2532356532356532
two_distinct_mapped_peptides,P08651,20,4,91,0.3333333333333333,0.10183150183150183,0.23150183150183148
two_distinct_mapped_peptides,P08651,25,4,91,0.3333333333333333,0.12405372405372406,0.20927960927960926
two_distinct_mapped_peptides,P08651,30,4,91,0.3333333333333333,0.14774114774114774,0.18559218559218557
two_distinct_mapped_peptides,P08670,5,11,68,0.2,0.033801580333625986,0.16619841966637403
two_distinct_mapped_peptides,P08670,10,11,68,0.32727272727272727,0.06892010535557506,0.2583526219171522
two_distinct_mapped_peptides,P08670,15,11,68,0.4909090909090909,0.0996488147497805,0.3912602761593104
two_distinct_mapped_peptides,P08670,20,11,68,0.6181818181818182,0.13257243195785778,0.4856093862239604
two_distinct_mapped_peptides,P08670,25,11,68,0.6909090909090909,0.16593503072870938,0.5249740601803815
two_distinct_mapped_peptides,P08670,30,11,68,0.8545454545454545,0.1957857769973661,0.6587596775480884
two_distinct_mapped_peptides,P0C7T5,5,5,116,0.2,0.014692653673163419,0.1853073463268366
two_distinct_mapped_peptides,P0C7T5,10,5,116,0.2,0.03073463268365817,0.16926536731634184
two_distinct_mapped_peptides,P0C7T5,15,5,116,0.2,0.04272863568215892,0.15727136431784108
two_distinct_mapped_peptides,P0C7T5,20,5,116,0.4,0.056371814092953526,0.34362818590704647
two_distinct_mapped_peptides,P0C7T5,25,5,116,0.4,0.07001499250374812,0.3299850074962519
two_distinct_mapped_peptides,P0C7T5,30,5,116,0.4,0.08515742128935533,0.3148425787106447
two_distinct_mapped_peptides,P12270,5,5,364,0.5,0.005388550843096297,0.4946114491569037
two_distinct_mapped_peptides,P12270,10,5,364,0.7,0.010338146701783065,0.6896618532982169
two_distinct_mapped_peptides,P12270,15,5,364,0.9,0.01539369721187903,0.884606302788121
two_distinct_mapped_peptides,P12270,20,5,364,1.0,0.020343293070565798,0.9796567069294342
two_distinct_mapped_peptides,P12270,25,5,364,1.0,0.02455120636938819,0.9754487936306118
two_distinct_mapped_peptides,P12270,30,5,364,1.0,0.029167801895074622,0.9708321981049254
two_distinct_mapped_peptides,P15822,5,11,541,0.0,0.004066543438077634,-0.004066543438077634
two_distinct_mapped_peptides,P15822,10,11,541,0.0,0.00790032176353803,-0.00790032176353803
two_distinct_mapped_peptides,P15822,15,11,541,0.0,0.011501334976381188,-0.011501334976381188
two_distinct_mapped_peptides,P15822,20,11,541,0.0,0.015040733894708017,-0.015040733894708017
two_distinct_mapped_peptides,P15822,25,11,541,0.01818181818181818,0.018888204285616484,-0.0007063861037983031
two_distinct_mapped_peptides,P15822,30,11,541,0.01818181818181818,0.022626138152940373,-0.004444319971122192
two_distinct_mapped_peptides,P15880,5,3,35,0.3333333333333333,0.03361344537815126,0.29971988795518206
two_distinct_mapped_peptides,P15880,10,3,35,1.0,0.07394957983193277,0.9260504201680673
two_distinct_mapped_peptides,P15880,15,3,35,1.0,0.11932773109243698,0.880672268907563
two_distinct_mapped_peptides,P15880,20,3,35,1.0,0.16134453781512606,0.838655462184874
two_distinct_mapped_peptides,P15880,25,3,35,1.0,0.20840336134453782,0.7915966386554621
two_distinct_mapped_peptides,P15880,30,3,35,1.0,0.24873949579831933,0.7512605042016807
two_distinct_mapped_peptides,P17275,5,12,51,0.09090909090909091,0.04,0.05090909090909091
two_distinct_mapped_peptides,P17275,10,12,51,0.19696969696969696,0.07058823529411765,0.12638146167557932
two_distinct_mapped_peptides,P17275,15,12,51,0.19696969696969696,0.09411764705882353,0.10285204991087343
two_distinct_mapped_peptides,P17275,20,12,51,0.22727272727272727,0.12470588235294118,0.10256684491978608
two_distinct_mapped_peptides,P17275,25,12,51,0.25757575757575757,0.1584313725490196,0.09914438502673797
two_distinct_mapped_peptides,P17275,30,12,51,0.2878787878787879,0.18745098039215685,0.10042780748663105
two_distinct_mapped_peptides,P18583,5,3,511,0.3333333333333333,0.004481792717086834,0.3288515406162465
two_distinct_mapped_peptides,P18583,10,3,511,0.3333333333333333,0.009523809523809525,0.32380952380952377
two_distinct_mapped_peptides,P18583,15,3,511,0.3333333333333333,0.014420014581174936,0.3189133187521584
two_distinct_mapped_peptides,P18583,20,3,511,0.3333333333333333,0.019078316258010052,0.3142550170753233
two_distinct_mapped_peptides,P18583,25,3,511,0.3333333333333333,0.02389777828939795,0.3094355550439354
two_distinct_mapped_peptides,P18583,30,3,511,0.3333333333333333,0.028433291124669045,0.3049000422086643
two_distinct_mapped_peptides,P28347,5,3,55,0.6666666666666666,0.028956228956228958,0.6377104377104377
two_distinct_mapped_peptides,P28347,10,3,55,1.0,0.052525252525252523,0.9474747474747475
two_distinct_mapped_peptides,P28347,15,3,55,1.0,0.07744107744107744,0.9225589225589226
two_distinct_mapped_peptides,P28347,20,3,55,1.0,0.10101010101010101,0.898989898989899
two_distinct_mapped_peptides,P28347,25,3,55,1.0,0.11784511784511785,0.8821548821548821
two_distinct_mapped_peptides,P28347,30,3,55,1.0,0.13198653198653199,0.868013468013468
two_distinct_mapped_peptides,P35658,5,70,530,0.02525879917184265,0.005578342904019688,0.01968045626782296
two_distinct_mapped_peptides,P35658,10,70,530,0.0422360248447205,0.010885615436744302,0.0313504094079762
two_distinct_mapped_peptides,P35658,15,70,530,0.054244306418219465,0.016271355708528015,0.03797295070969145
two_distinct_mapped_peptides,P35658,20,70,530,0.06625258799171843,0.02150016050219353,0.044752427489524904
two_distinct_mapped_peptides,P35658,25,70,530,0.07867494824016563,0.02678603274244748,0.05188891549771815
two_distinct_mapped_peptides,P35658,30,70,530,0.08944099378881988,0.03204337125940721,0.05739762252941267
two_distinct_mapped_peptides,P37198,5,38,135,0.06685633001422475,0.02476506357103372,0.04209126644319103
two_distinct_mapped_peptides,P37198,10,38,135,0.10241820768136557,0.04787175234936429,0.05454645533200128
two_distinct_mapped_peptides,P37198,15,38,135,0.1251778093883357,0.07042564953012714,0.054752159858208554
two_distinct_mapped_peptides,P37198,20,38,135,0.14509246088193456,0.09408512990602542,0.051007330975909135
two_distinct_mapped_peptides,P37198,25,38,135,0.14793741109530584,0.11420674405749033,0.03373066703781551
two_distinct_mapped_peptides,P37198,30,38,135,0.17354196301564723,0.13565505804311775,0.03788690497252947
two_distinct_mapped_peptides,P48382,5,3,79,0.3333333333333333,0.017526777020447908,0.3158065563128854
two_distinct_mapped_peptides,P48382,10,3,79,1.0,0.033106134371957155,0.9668938656280428
two_distinct_mapped_peptides,P48382,15,3,79,1.0,0.04706264199935086,0.9529373580006492
two_distinct_mapped_peptides,P48382,20,3,79,1.0,0.06134371957156767,0.9386562804284323
two_distinct_mapped_peptides,P48382,25,3,79,1.0,0.0762739370334307,0.9237260629665693
two_distinct_mapped_peptides,P48382,30,3,79,1.0,0.09250243427458617,0.9074975657254138
two_distinct_mapped_peptides,P49336,5,3,51,1.0,0.029019607843137254,0.9709803921568627
two_distinct_mapped_peptides,P49336,10,3,51,1.0,0.05176470588235294,0.9482352941176471
two_distinct_mapped_peptides,P49336,15,3,51,1.0,0.0792156862745098,0.9207843137254902
two_distinct_mapped_peptides,P49336,20,3,51,1.0,0.10980392156862745,0.8901960784313725
two_distinct_mapped_peptides,P49336,25,3,51,1.0,0.12862745098039216,0.8713725490196078
two_distinct_mapped_peptides,P49336,30,3,51,1.0,0.156078431372549,0.843921568627451
two_distinct_mapped_peptides,P49790,5,47,400,0.034227567067530065,0.007681704260651629,0.026545862806878436
two_distinct_mapped_peptides,P49790,10,47,400,0.04810360777058279,0.01474937343358396,0.03335423433699883
two_distinct_mapped_peptides,P49790,15,47,400,0.060129509713228495,0.021779448621553885,0.03835006109167461
two_distinct_mapped_peptides,P49790,20,47,400,0.08325624421831637,0.02899749373433584,0.05425875048398053
two_distinct_mapped_peptides,P49790,25,47,400,0.10453283996299723,0.03604010025062657,0.06849273971237066
two_distinct_mapped_peptides,P49790,30,47,400,0.12580943570767808,0.042681704260651626,0.08312773144702645
two_distinct_mapped_peptides,P49792,5,18,518,0.0718954248366013,0.0035473439728758876,0.06834808086372542
two_distinct_mapped_peptides,P49792,10,18,518,0.11764705882352941,0.007229113612092336,0.11041794521143708
two_distinct_mapped_peptides,P49792,15,18,518,0.1568627450980392,0.0104478615116913,0.1464148835863479
two_distinct_mapped_peptides,P49792,20,18,518,0.1895424836601307,0.013778630799907396,0.1757638528602233
two_distinct_mapped_peptides,P49792,25,18,518,0.20261437908496732,0.01734837905050671,0.18526600003446062
two_distinct_mapped_peptides,P49792,30,18,518,0.20261437908496732,0.020746361171893088,0.18186801791307422
two_distinct_mapped_peptides,P49848,5,6,107,0.3333333333333333,0.02204196790689473,0.3112913654264386
two_distinct_mapped_peptides,P49848,10,6,107,0.4,0.041791571151472404,0.3582084288485276
two_distinct_mapped_peptides,P49848,15,6,107,0.4,0.06136483865279492,0.3386351613472051
two_distinct_mapped_peptides,P49848,20,6,107,0.4,0.08005642743784165,0.3199435725621584
two_distinct_mapped_peptides,P49848,25,6,107,0.4,0.09962969493916417,0.30037030506083584
two_distinct_mapped_peptides,P49848,30,6,107,0.4,0.11849761946746605,0.28150238053253396
two_distinct_mapped_peptides,P51610,5,86,449,0.025718194254445964,0.0058363824371619475,0.019881811817284017
two_distinct_mapped_peptides,P51610,10,86,449,0.048153214774281805,0.011523623926185174,0.03662959084809663
two_distinct_mapped_peptides,P51610,15,86,449,0.06785225718194254,0.0166043588927776,0.05124789828916494
two_distinct_mapped_peptides,P51610,20,86,449,0.08481532147742818,0.02192371937639198,0.0628916021010362
two_distinct_mapped_peptides,P51610,25,86,449,0.10506155950752394,0.02730273623926185,0.07775882326826208
two_distinct_mapped_peptides,P51610,30,86,449,0.12093023255813953,0.0328706649697741,0.08805956758836543
two_distinct_mapped_peptides,P52594,5,9,127,0.19444444444444445,0.022747156605424323,0.17169728783902014
two_distinct_mapped_peptides,P52594,10,9,127,0.3333333333333333,0.04024496937882765,0.29308836395450566
two_distinct_mapped_peptides,P52594,15,9,127,0.4444444444444444,0.05874265716785402,0.3857017872765904
two_distinct_mapped_peptides,P52594,20,9,127,0.4444444444444444,0.07774028246469192,0.36670416197975253
two_distinct_mapped_peptides,P52594,25,9,127,0.4444444444444444,0.09486314210723659,0.34958130233720786
two_distinct_mapped_peptides,P52594,30,9,127,0.4444444444444444,0.1111111111111111,0.3333333333333333
two_distinct_mapped_peptides,P52948,5,20,347,0.10526315789473684,0.006413353100897869,0.09884980479383897
two_distinct_mapped_peptides,P52948,10,20,347,0.21052631578947367,0.013043260981826057,0.1974830548076476
two_distinct_mapped_peptides,P52948,15,20,347,0.3,0.019356665722709932,0.28064333427729005
two_distinct_mapped_peptides,P52948,20,20,347,0.34210526315789475,0.026153154203661443,0.3159521089542333
two_distinct_mapped_peptides,P52948,25,20,347,0.3736842105263158,0.032299978344521994,0.3413842321817938
two_distinct_mapped_peptides,P52948,30,20,347,0.38421052631578945,0.03861338308540587,0.3455971432303836
two_distinct_mapped_peptides,P55198,5,3,218,0.0,0.013571217181752844,-0.013571217181752844
two_distinct_mapped_peptides,P55198,10,3,218,0.0,0.026000930114573204,-0.026000930114573204
two_distinct_mapped_peptides,P55198,15,3,218,0.3333333333333333,0.0379233078256458,0.2954100255076875
two_distinct_mapped_peptides,P55198,20,3,218,0.3333333333333333,0.049718851731281447,0.2836144816020519
two_distinct_mapped_peptides,P55198,25,3,218,0.3333333333333333,0.061556673572062744,0.2717766597612706
two_distinct_mapped_peptides,P55198,30,3,218,0.3333333333333333,0.07204160148818332,0.26129173184515
two_distinct_mapped_peptides,P55265,5,3,174,1.0,0.008703740615241512,0.9912962593847585
two_distinct_mapped_peptides,P55265,10,3,174,1.0,0.01707527739020663,0.9829247226097934
two_distinct_mapped_peptides,P55265,15,3,174,1.0,0.025646136469337586,0.9743538635306624
two_distinct_mapped_peptides,P55265,20,3,174,1.0,0.033419706331805195,0.9665802936681948
two_distinct_mapped_peptides,P55265,25,3,174,1.0,0.0424556507873231,0.957544349212677
two_distinct_mapped_peptides,P55265,30,3,174,1.0,0.05202312138728324,0.9479768786127167
two_distinct_mapped_peptides,P85037,5,5,126,0.3,0.01434920634920635,0.28565079365079366
two_distinct_mapped_peptides,P85037,10,5,126,0.3,0.031492063492063495,0.2685079365079365
two_distinct_mapped_peptides,P85037,15,5,126,0.3,0.044825396825396824,0.25517460317460317
two_distinct_mapped_peptides,P85037,20,5,126,0.6,0.057523809523809526,0.5424761904761904
two_distinct_mapped_peptides,P85037,25,5,126,0.6,0.0706031746031746,0.5293968253968254
two_distinct_mapped_peptides,P85037,30,5,126,0.6,0.08368253968253968,0.5163174603174603
two_distinct_mapped_peptides,P98082,5,5,129,0.4,0.015746124031007752,0.3842538759689923
two_distinct_mapped_peptides,P98082,10,5,129,0.6,0.02810077519379845,0.5718992248062015
two_distinct_mapped_peptides,P98082,15,5,129,0.6,0.040818798449612406,0.5591812015503875
two_distinct_mapped_peptides,P98082,20,5,129,0.8,0.055232558139534885,0.7447674418604652
two_distinct_mapped_peptides,P98082,25,5,129,0.9,0.0685562015503876,0.8314437984496125
two_distinct_mapped_peptides,P98082,30,5,129,1.0,0.08260658914728682,0.9173934108527132
two_distinct_mapped_peptides,Q01082,5,4,268,0.8333333333333334,0.004919224104198111,0.8284141092291353
two_distinct_mapped_peptides,Q01082,10,4,268,1.0,0.009922298619263234,0.9900777013807368
two_distinct_mapped_peptides,Q01082,15,4,268,1.0,0.014589971490860306,0.9854100285091397
two_distinct_mapped_peptides,Q01082,20,4,268,1.0,0.01906199340376768,0.9809380065962323
two_distinct_mapped_peptides,Q01082,25,4,268,1.0,0.023897367097098776,0.9761026329029012
two_distinct_mapped_peptides,Q01082,30,4,268,1.0,0.028006037229582424,0.9719939627704176
two_distinct_mapped_peptides,Q04637,5,4,205,0.0,0.007077953132472501,-0.007077953132472501
two_distinct_mapped_peptides,Q04637,10,4,205,0.0,0.013868962219033954,-0.013868962219033954
two_distinct_mapped_peptides,Q04637,15,4,205,0.16666666666666666,0.020851267336202774,0.1458153993304639
two_distinct_mapped_peptides,Q04637,20,4,205,0.16666666666666666,0.027403156384505023,0.13926351028216163
two_distinct_mapped_peptides,Q04637,25,4,205,0.16666666666666666,0.03400286944045911,0.13266379722620755
two_distinct_mapped_peptides,Q04637,30,4,205,0.16666666666666666,0.040746054519368725,0.12592061214729794
two_distinct_mapped_peptides,Q09666,5,7,427,0.047619047619047616,0.002012072434607646,0.04560697518443997
two_distinct_mapped_peptides,Q09666,10,7,427,0.047619047619047616,0.004200063770601753,0.04341898384844586
two_distinct_mapped_peptides,Q09666,15,7,427,0.047619047619047616,0.0064430297632791286,0.041176017855768486
two_distinct_mapped_peptides,Q09666,20,7,427,0.09523809523809523,0.008883904520016273,0.08635419071807895
two_distinct_mapped_peptides,Q09666,25,7,427,0.09523809523809523,0.011357764070763379,0.08388033116733186
two_distinct_mapped_peptides,Q09666,30,7,427,0.09523809523809523,0.0134468010247276,0.08179129421336763
two_distinct_mapped_peptides,Q12830,5,13,555,0.11538461538461539,0.0047419260415650305,0.11064268934305035
two_distinct_mapped_peptides,Q12830,10,13,555,0.1282051282051282,0.008995999609718022,0.11920912859541018
two_distinct_mapped_peptides,Q12830,15,13,555,0.14102564102564102,0.012749211305167985,0.12827642972047304
two_distinct_mapped_peptides,Q12830,20,13,555,0.14102564102564102,0.01626825381338017,0.12475738721226086
two_distinct_mapped_peptides,Q12830,25,13,555,0.20512820512820512,0.01993690441343871,0.18519130071476642
two_distinct_mapped_peptides,Q12830,30,13,555,0.21794871794871795,0.023475461020587375,0.19447325692813058
two_distinct_mapped_peptides,Q12857,5,9,96,0.16666666666666666,0.02982456140350877,0.13684210526315788
two_distinct_mapped_peptides,Q12857,10,9,96,0.3055555555555556,0.05394736842105263,0.25160818713450295
two_distinct_mapped_peptides,Q12857,15,9,96,0.4166666666666667,0.07741228070175439,0.3392543859649123
two_distinct_mapped_peptides,Q12857,20,9,96,0.4722222222222222,0.10109649122807017,0.371125730994152
two_distinct_mapped_peptides,Q12857,25,9,96,0.5,0.12346491228070175,0.3765350877192982
two_distinct_mapped_peptides,Q12857,30,9,96,0.5277777777777778,0.14671052631578949,0.3810672514619883
two_distinct_mapped_peptides,Q13492,5,5,121,0.0,0.01859504132231405,-0.01859504132231405
two_distinct_mapped_peptides,Q13492,10,5,121,0.1,0.03691460055096419,0.06308539944903582
two_distinct_mapped_peptides,Q13492,15,5,121,0.1,0.05192837465564738,0.04807162534435262
two_distinct_mapped_peptides,Q13492,20,5,121,0.1,0.06776859504132231,0.0322314049586777
two_distinct_mapped_peptides,Q13492,25,5,121,0.1,0.08360881542699725,0.01639118457300276
two_distinct_mapped_peptides,Q13492,30,5,121,0.1,0.09834710743801653,0.0016528925619834767
two_distinct_mapped_peptides,Q13952,5,3,74,0.3333333333333333,0.029248426508700482,0.30408490682463285
two_distinct_mapped_peptides,Q13952,10,3,74,0.3333333333333333,0.04924102184376157,0.28409231148957176
two_distinct_mapped_peptides,Q13952,15,3,74,0.3333333333333333,0.06775268419104036,0.26558064914229296
two_distinct_mapped_peptides,Q13952,20,3,74,0.3333333333333333,0.09255831173639392,0.2407750215969394
two_distinct_mapped_peptides,Q13952,25,3,74,0.3333333333333333,0.11514253980007405,0.21819079353325926
two_distinct_mapped_peptides,Q13952,30,3,74,0.3333333333333333,0.1358756016290263,0.19745773170430703
two_distinct_mapped_peptides,Q14004,5,4,262,1.0,0.009417683015998362,0.9905823169840017
two_distinct_mapped_peptides,Q14004,10,4,262,1.0,0.017080518265040506,0.9829194817349595
two_distinct_mapped_peptides,Q14004,15,4,262,1.0,0.024977333216343482,0.9750226667836566
two_distinct_mapped_peptides,Q14004,20,4,262,1.0,0.033517592348863735,0.9664824076511362
two_distinct_mapped_peptides,Q14004,25,4,262,1.0,0.040566230879471206,0.9594337691205288
two_distinct_mapped_peptides,Q14004,30,4,262,1.0,0.04752712702173086,0.9524728729782691
two_distinct_mapped_peptides,Q14119,5,7,116,0.2857142857142857,0.022638680659670164,0.2630756050546155
two_distinct_mapped_peptides,Q14119,10,7,116,0.7142857142857143,0.048875562218890556,0.6654101520668237
two_distinct_mapped_peptides,Q14119,15,7,116,0.9523809523809523,0.07256371814092953,0.8798172342400228
two_distinct_mapped_peptides,Q14119,20,7,116,1.0,0.09220389805097451,0.9077961019490255
two_distinct_mapped_peptides,Q14119,25,7,116,1.0,0.11529235382308846,0.8847076461769116
two_distinct_mapped_peptides,Q14119,30,7,116,1.0,0.1346326836581709,0.8653673163418291
two_distinct_mapped_peptides,Q14157,5,17,283,0.04411764705882353,0.011502894519209082,0.03261475253961445
two_distinct_mapped_peptides,Q14157,10,17,283,0.0661764705882353,0.022554695135704083,0.04362177545253121
two_distinct_mapped_peptides,Q14157,15,17,283,0.08088235294117647,0.03297997644287397,0.04790237649830251
two_distinct_mapped_peptides,Q14157,20,17,283,0.125,0.04450793173445606,0.08049206826554395
two_distinct_mapped_peptides,Q14157,25,17,283,0.13970588235294118,0.05508357767586397,0.08462230467707721
two_distinct_mapped_peptides,Q14157,30,17,283,0.14705882352941177,0.06608525674761297,0.0809735667817988
two_distinct_mapped_peptides,Q14671,5,3,164,0.3333333333333333,0.01204548855304504,0.32128784478028827
two_distinct_mapped_peptides,Q14671,10,3,164,0.3333333333333333,0.02364207691156666,0.30969125642176665
two_distinct_mapped_peptides,Q14671,15,3,164,0.3333333333333333,0.03471494837647763,0.29861838495685566
two_distinct_mapped_peptides,Q14671,20,3,164,0.3333333333333333,0.04638635343408649,0.28694697989924683
two_distinct_mapped_peptides,Q14671,25,3,164,0.3333333333333333,0.05798294179260811,0.2753503915407252
two_distinct_mapped_peptides,Q14671,30,3,164,0.3333333333333333,0.0695047134520425,0.2638286198812908
two_distinct_mapped_peptides,Q14686,5,3,350,0.0,0.005550552599263201,-0.005550552599263201
two_distinct_mapped_peptides,Q14686,10,3,350,0.0,0.011117478510028653,-0.011117478510028653
two_distinct_mapped_peptides,Q14686,15,3,350,0.0,0.01673352435530086,-0.01673352435530086
two_distinct_mapped_peptides,Q14686,20,3,350,0.0,0.02238231682357757,-0.02238231682357757
two_distinct_mapped_peptides,Q14686,25,3,350,0.0,0.027720016373311503,-0.027720016373311503
two_distinct_mapped_peptides,Q14686,30,3,350,0.0,0.03310683585755219,-0.03310683585755219
two_distinct_mapped_peptides,Q14814,5,3,89,0.0,0.020684371807967315,-0.020684371807967315
two_distinct_mapped_peptides,Q14814,10,3,89,0.0,0.04417773237997957,-0.04417773237997957
two_distinct_mapped_peptides,Q14814,15,3,89,0.0,0.0658835546475996,-0.0658835546475996
two_distinct_mapped_peptides,Q14814,20,3,89,0.3333333333333333,0.08656792645556691,0.2467654068777664
two_distinct_mapped_peptides,Q14814,25,3,89,0.3333333333333333,0.10495403472931562,0.22837929860401768
two_distinct_mapped_peptides,Q14814,30,3,89,0.3333333333333333,0.12512768130745658,0.20820565202587674
two_distinct_mapped_peptides,Q15637,5,3,78,0.3333333333333333,0.029304029304029304,0.304029304029304
two_distinct_mapped_peptides,Q15637,10,3,78,0.3333333333333333,0.04728604728604729,0.286047286047286
two_distinct_mapped_peptides,Q15637,15,3,78,0.6666666666666666,0.06526806526806526,0.6013986013986014
two_distinct_mapped_peptides,Q15637,20,3,78,1.0,0.08358308358308358,0.9164169164169165
two_distinct_mapped_peptides,Q15637,25,3,78,1.0,0.10056610056610056,0.8994338994338994
two_distinct_mapped_peptides,Q15637,30,3,78,1.0,0.11488511488511488,0.8851148851148851
two_distinct_mapped_peptides,Q15652,5,11,431,0.03636363636363636,0.004661954351696973,0.03170168201193939
two_distinct_mapped_peptides,Q15652,10,11,431,0.05454545454545454,0.00877353909242972,0.04577191545302482
two_distinct_mapped_peptides,Q15652,15,11,431,0.10909090909090909,0.01293908163815896,0.09615182745275012
two_distinct_mapped_peptides,Q15652,20,11,431,0.14545454545454545,0.01747153725786435,0.1279830081966811
two_distinct_mapped_peptides,Q15652,25,11,431,0.14545454545454545,0.02170182916958938,0.12375271628495607
two_distinct_mapped_peptides,Q15652,30,11,431,0.14545454545454545,0.02616953542329898,0.11928501003124647
two_distinct_mapped_peptides,Q15723,5,8,113,0.10714285714285714,0.018173198482932997,0.08896965865992414
two_distinct_mapped_peptides,Q15723,10,8,113,0.14285714285714285,0.03761061946902655,0.1052465233881163
two_distinct_mapped_peptides,Q15723,15,8,113,0.14285714285714285,0.05420353982300885,0.088653603034134
two_distinct_mapped_peptides,Q15723,20,8,113,0.14285714285714285,0.07142857142857142,0.07142857142857142
two_distinct_mapped_peptides,Q15723,25,8,113,0.25,0.0897597977243995,0.16024020227560049
two_distinct_mapped_peptides,Q15723,30,8,113,0.2857142857142857,0.10461441213653604,0.18109987357774965
two_distinct_mapped_peptides,Q15942,5,9,65,0.1388888888888889,0.022115384615384617,0.11677350427350427
two_distinct_mapped_peptides,Q15942,10,9,65,0.2777777777777778,0.04326923076923077,0.234508547008547
two_distinct_mapped_peptides,Q15942,15,9,65,0.3055555555555556,0.06394230769230769,0.2416132478632479
two_distinct_mapped_peptides,Q15942,20,9,65,0.3333333333333333,0.08798076923076924,0.24535256410256406
two_distinct_mapped_peptides,Q15942,25,9,65,0.3333333333333333,0.10673076923076923,0.22660256410256407
two_distinct_mapped_peptides,Q15942,30,9,65,0.3333333333333333,0.12788461538461537,0.20544871794871794
two_distinct_mapped_peptides,Q16186,5,4,72,0.3333333333333333,0.03951486697965571,0.2938184663536776
two_distinct_mapped_peptides,Q16186,10,4,72,1.0,0.07198748043818466,0.9280125195618153
two_distinct_mapped_peptides,Q16186,15,4,72,1.0,0.107981220657277,0.892018779342723
two_distinct_mapped_peptides,Q16186,20,4,72,1.0,0.14514866979655713,0.8548513302034428
two_distinct_mapped_peptides,Q16186,25,4,72,1.0,0.17449139280125195,0.8255086071987481
two_distinct_mapped_peptides,Q16186,30,4,72,1.0,0.2038341158059468,0.7961658841940532
two_distinct_mapped_peptides,Q16204,5,3,77,0.3333333333333333,0.03110047846889952,0.3022328548644338
two_distinct_mapped_peptides,Q16204,10,3,77,0.3333333333333333,0.05775803144224197,0.27557530189109136
two_distinct_mapped_peptides,Q16204,15,3,77,0.6666666666666666,0.08475734791524266,0.5819093187514239
two_distinct_mapped_peptides,Q16204,20,3,77,1.0,0.10526315789473684,0.8947368421052632
two_distinct_mapped_peptides,Q16204,25,3,77,1.0,0.12987012987012986,0.8701298701298701
two_distinct_mapped_peptides,Q16204,30,3,77,1.0,0.1496924128503076,0.8503075871496923
two_distinct_mapped_peptides,Q16594,5,3,53,0.3333333333333333,0.04644412191582003,0.2868892114175133
two_distinct_mapped_peptides,Q16594,10,3,53,0.3333333333333333,0.09288824383164006,0.24044508950169324
two_distinct_mapped_peptides,Q16594,15,3,53,0.3333333333333333,0.1386066763425254,0.1947266569908079
two_distinct_mapped_peptides,Q16594,20,3,53,0.3333333333333333,0.1806966618287373,0.152636671504596
two_distinct_mapped_peptides,Q16594,25,3,53,0.3333333333333333,0.2220609579100145,0.1112723754233188
two_distinct_mapped_peptides,Q16594,30,3,53,0.3333333333333333,0.2641509433962264,0.0691823899371069
two_distinct_mapped_peptides,Q2KHR3,5,6,390,0.06666666666666667,0.006617889394239009,0.060048777272427654
two_distinct_mapped_peptides,Q2KHR3,10,6,390,0.06666666666666667,0.012972117856436623,0.053694548810230044
two_distinct_mapped_peptides,Q2KHR3,15,6,390,0.2,0.01970865467009426,0.18029134532990576
two_distinct_mapped_peptides,Q2KHR3,20,6,390,0.2,0.025772856107046337,0.17422714389295368
two_distinct_mapped_peptides,Q2KHR3,25,6,390,0.2,0.03212708456924395,0.16787291543075605
two_distinct_mapped_peptides,Q2KHR3,30,6,390,0.2,0.03849449607804364,0.16150550392195637
two_distinct_mapped_peptides,Q5T6F2,5,14,272,0.054945054945054944,0.01109724332537443,0.043847811619680516
two_distinct_mapped_peptides,Q5T6F2,10,14,272,0.0989010989010989,0.022085956153679184,0.07681514274741971
two_distinct_mapped_peptides,Q5T6F2,15,14,272,0.12087912087912088,0.032911873236379424,0.08796724764274146
two_distinct_mapped_peptides,Q5T6F2,20,14,272,0.16483516483516483,0.04390058606468417,0.12093457877048067
two_distinct_mapped_peptides,Q5T6F2,25,14,272,0.18681318681318682,0.053749728673757324,0.1330634581394295
two_distinct_mapped_peptides,Q5T6F2,30,14,272,0.2087912087912088,0.06425005426524853,0.14454115452596028
two_distinct_mapped_peptides,Q5VT52,5,15,329,0.08571428571428572,0.007913855734302025,0.0778004299799837
two_distinct_mapped_peptides,Q5VT52,10,15,329,0.14285714285714285,0.015179034769071094,0.12767810808807176
two_distinct_mapped_peptides,Q5VT52,15,15,329,0.19047619047619047,0.022277411223960264,0.1681987792522302
two_distinct_mapped_peptides,Q5VT52,20,15,329,0.20952380952380953,0.029690859218622582,0.17983295030518695
two_distinct_mapped_peptides,Q5VT52,25,15,329,0.23809523809523808,0.03701163911335162,0.20108359898188646
two_distinct_mapped_peptides,Q5VT52,30,15,329,0.26666666666666666,0.04423975090814738,0.22242691575851928
two_distinct_mapped_peptides,Q6MZP7,5,8,148,0.10714285714285714,0.015719801434087147,0.09142305570876999
two_distinct_mapped_peptides,Q6MZP7,10,8,148,0.10714285714285714,0.03033645890788748,0.07680639823496965
two_distinct_mapped_peptides,Q6MZP7,15,8,148,0.10714285714285714,0.044769259054973344,0.06237359808788379
two_distinct_mapped_peptides,Q6MZP7,20,8,148,0.10714285714285714,0.0589262732119875,0.04821658393086964
two_distinct_mapped_peptides,Q6MZP7,25,8,148,0.14285714285714285,0.07354293068578782,0.06931421217135503
two_distinct_mapped_peptides,Q6MZP7,30,8,148,0.14285714285714285,0.08760801617944475,0.0552491266776981
two_distinct_mapped_peptides,Q6NXT4,5,3,71,0.3333333333333333,0.020523138832997986,0.3128101945003353
two_distinct_mapped_peptides,Q6NXT4,10,3,71,1.0,0.04144869215291751,0.9585513078470825
two_distinct_mapped_peptides,Q6NXT4,15,3,71,1.0,0.06398390342052314,0.9360160965794768
two_distinct_mapped_peptides,Q6NXT4,20,3,71,1.0,0.08571428571428572,0.9142857142857143
two_distinct_mapped_peptides,Q6NXT4,25,3,71,1.0,0.103420523138833,0.896579476861167
two_distinct_mapped_peptides,Q6NXT4,30,3,71,1.0,0.1267605633802817,0.8732394366197183
two_distinct_mapped_peptides,Q6P3W7,5,3,137,0.0,0.014598540145985401,-0.014598540145985401
two_distinct_mapped_peptides,Q6P3W7,10,3,137,0.3333333333333333,0.02715757835981108,0.30617575497352223
two_distinct_mapped_peptides,Q6P3W7,15,3,137,0.6666666666666666,0.037784456848432804,0.6288822098182338
two_distinct_mapped_peptides,Q6P3W7,20,3,137,1.0,0.04991412623443538,0.9500858737655646
two_distinct_mapped_peptides,Q6P3W7,25,3,137,1.0,0.06086303134392443,0.9391369686560755
two_distinct_mapped_peptides,Q6P3W7,30,3,137,1.0,0.07116788321167883,0.9288321167883211
two_distinct_mapped_peptides,Q6P4R8,5,16,253,0.09166666666666666,0.00894033502729155,0.08272633163937511
two_distinct_mapped_peptides,Q6P4R8,10,16,253,0.11666666666666667,0.017692452475061172,0.0989742141916055
two_distinct_mapped_peptides,Q6P4R8,15,16,253,0.125,0.026381830729656816,0.09861816927034318
two_distinct_mapped_peptides,Q6P4R8,20,16,253,0.13333333333333333,0.034882991404730536,0.0984503419286028
two_distinct_mapped_peptides,Q6P4R8,25,16,253,0.14166666666666666,0.04329004329004329,0.09837662337662337
two_distinct_mapped_peptides,Q6P4R8,30,16,253,0.14166666666666666,0.05100696405044231,0.09065970261622436
two_distinct_mapped_peptides,Q6PJG2,5,3,129,0.0,0.00944767441860465,-0.00944767441860465
two_distinct_mapped_peptides,Q6PJG2,10,3,129,0.0,0.021681201550387597,-0.021681201550387597
two_distinct_mapped_peptides,Q6PJG2,15,3,129,0.0,0.03330910852713178,-0.03330910852713178
two_distinct_mapped_peptides,Q6PJG2,20,3,129,0.0,0.044452519379844964,-0.044452519379844964
two_distinct_mapped_peptides,Q6PJG2,25,3,129,0.0,0.0559593023255814,-0.0559593023255814
two_distinct_mapped_peptides,Q6PJG2,30,3,129,0.0,0.06455910852713179,-0.06455910852713179
two_distinct_mapped_peptides,Q6PJT7,5,11,117,0.05454545454545454,0.016357206012378427,0.03818824853307612
two_distinct_mapped_peptides,Q6PJT7,10,11,117,0.12727272727272726,0.02976716769820218,0.09750555957452509
two_distinct_mapped_peptides,Q6PJT7,15,11,117,0.12727272727272726,0.0430297671676982,0.08424296010502906
two_distinct_mapped_peptides,Q6PJT7,20,11,117,0.2,0.05732390215148836,0.14267609784851165
two_distinct_mapped_peptides,Q6PJT7,25,11,117,0.21818181818181817,0.06822870615974064,0.14995311202207753
two_distinct_mapped_peptides,Q6PJT7,30,11,117,0.2727272727272727,0.0820807544945476,0.1906465182327251
two_distinct_mapped_peptides,Q6UN15,5,5,97,0.4,0.021262886597938145,0.3787371134020619
two_distinct_mapped_peptides,Q6UN15,10,5,97,0.4,0.03994845360824742,0.36005154639175263
two_distinct_mapped_peptides,Q6UN15,15,5,97,0.4,0.05584192439862543,0.34415807560137457
two_distinct_mapped_peptides,Q6UN15,20,5,97,0.4,0.07130584192439862,0.32869415807560143
two_distinct_mapped_peptides,Q6UN15,25,5,97,0.4,0.08784364261168384,0.31215635738831615
two_distinct_mapped_peptides,Q6UN15,30,5,97,0.4,0.10330756013745704,0.296692439862543
two_distinct_mapped_peptides,Q6UUV7,5,5,119,0.1,0.01694915254237288,0.08305084745762713
two_distinct_mapped_peptides,Q6UUV7,10,5,119,0.3,0.03518017376442102,0.264819826235579
two_distinct_mapped_peptides,Q6UUV7,15,5,119,0.3,0.0524141860133884,0.24758581398661159
two_distinct_mapped_peptides,Q6UUV7,20,5,119,0.3,0.06879361914257229,0.2312063808574277
two_distinct_mapped_peptides,Q6UUV7,25,5,119,0.4,0.0844609030052699,0.31553909699473015
two_distinct_mapped_peptides,Q6UUV7,30,5,119,0.5,0.09955846745477852,0.40044153254522147
two_distinct_mapped_peptides,Q6VMQ6,5,12,250,0.15151515151515152,0.008771084337349397,0.14274406717780214
two_distinct_mapped_peptides,Q6VMQ6,10,12,250,0.19696969696969696,0.017542168674698794,0.17942752829499817
two_distinct_mapped_peptides,Q6VMQ6,15,12,250,0.21212121212121213,0.025477911646586346,0.1866433004746258
two_distinct_mapped_peptides,Q6VMQ6,20,12,250,0.21212121212121213,0.03376706827309237,0.17835414384811976
two_distinct_mapped_peptides,Q6VMQ6,25,12,250,0.21212121212121213,0.04224899598393574,0.16987221613727638
two_distinct_mapped_peptides,Q6VMQ6,30,12,250,0.22727272727272727,0.05127710843373494,0.17599561883899234
two_distinct_mapped_peptides,Q6W2J9,5,4,274,0.0,0.005962407422261437,-0.005962407422261437
two_distinct_mapped_peptides,Q6W2J9,10,4,274,0.0,0.011898077591508249,-0.011898077591508249
two_distinct_mapped_peptides,Q6W2J9,15,4,274,0.0,0.01756637523060881,-0.01756637523060881
two_distinct_mapped_peptides,Q6W2J9,20,4,274,0.0,0.02299403759257774,-0.02299403759257774
two_distinct_mapped_peptides,Q6W2J9,25,4,274,0.0,0.028956445014839176,-0.028956445014839176
two_distinct_mapped_peptides,Q6W2J9,30,4,274,0.0,0.034624742653939736,-0.034624742653939736
two_distinct_mapped_peptides,Q6ZU65,5,3,253,0.0,0.00997553171466215,-0.00997553171466215
two_distinct_mapped_peptides,Q6ZU65,10,3,253,0.0,0.020013802622498276,-0.020013802622498276
two_distinct_mapped_peptides,Q6ZU65,15,3,253,0.0,0.0290168768429638,-0.0290168768429638
two_distinct_mapped_peptides,Q6ZU65,20,3,253,0.0,0.03801995106342933,-0.03801995106342933
two_distinct_mapped_peptides,Q6ZU65,25,3,253,0.3333333333333333,0.04755630842587364,0.28577702490745965
two_distinct_mapped_peptides,Q6ZU65,30,3,253,0.3333333333333333,0.05659075224292615,0.27674258109040717
two_distinct_mapped_peptides,Q7LBC6,5,6,288,0.3333333333333333,0.006920247773906311,0.326413085559427
two_distinct_mapped_peptides,Q7LBC6,10,6,288,0.4,0.013888888888888888,0.3861111111111111
two_distinct_mapped_peptides,Q7LBC6,15,6,288,0.4,0.021075300038714672,0.37892469996128536
two_distinct_mapped_peptides,Q7LBC6,20,6,288,0.4,0.027777777777777776,0.37222222222222223
two_distinct_mapped_peptides,Q7LBC6,25,6,288,0.4,0.03414150212930701,0.365858497870693
two_distinct_mapped_peptides,Q7LBC6,30,6,288,0.4,0.04081978319783198,0.35918021680216805
two_distinct_mapped_peptides,Q7Z3K3,5,4,230,0.0,0.009189291816973609,-0.009189291816973609
two_distinct_mapped_peptides,Q7Z3K3,10,4,230,0.0,0.01777102715018037,-0.01777102715018037
two_distinct_mapped_peptides,Q7Z3K3,15,4,230,0.16666666666666666,0.026618568445035126,0.14004809822163153
two_distinct_mapped_peptides,Q7Z3K3,20,4,230,0.16666666666666666,0.034516802734004176,0.13214986393266248
two_distinct_mapped_peptides,Q7Z3K3,25,4,230,0.16666666666666666,0.04222517562179609,0.12444149104487057
two_distinct_mapped_peptides,Q7Z3K3,30,4,230,0.16666666666666666,0.050427188152648565,0.11623947851401809
two_distinct_mapped_peptides,Q7Z434,5,4,108,0.5,0.020941502249913466,0.4790584977500865
two_distinct_mapped_peptides,Q7Z434,10,4,108,0.5,0.04361370716510903,0.45638629283489096
two_distinct_mapped_peptides,Q7Z434,15,4,108,0.5,0.0647282796815507,0.4352717203184493
two_distinct_mapped_peptides,Q7Z434,20,4,108,0.5,0.08618899273104881,0.4138110072689512
two_distinct_mapped_peptides,Q7Z434,25,4,108,0.5,0.10730356524749048,0.39269643475250954
two_distinct_mapped_peptides,Q7Z434,30,4,108,0.5,0.12859120803046037,0.37140879196953963
two_distinct_mapped_peptides,Q7Z589,5,25,322,0.06,0.008591165031636384,0.05140883496836361
two_distinct_mapped_peptides,Q7Z589,10,25,322,0.08666666666666667,0.01677599117664132,0.06989067549002535
two_distinct_mapped_peptides,Q7Z589,15,25,322,0.12,0.02453512896422283,0.09546487103577717
two_distinct_mapped_peptides,Q7Z589,20,25,322,0.15333333333333332,0.03273930458001974,0.12059402875331358
two_distinct_mapped_peptides,Q7Z589,25,25,322,0.19666666666666666,0.04036299607205743,0.15630367059460923
two_distinct_mapped_peptides,Q7Z589,30,25,322,0.23,0.04850912327547842,0.18149087672452158
two_distinct_mapped_peptides,Q7Z5L9,5,4,84,0.0,0.019793459552495698,-0.019793459552495698
two_distinct_mapped_peptides,Q7Z5L9,10,4,84,0.0,0.03815261044176707,-0.03815261044176707
two_distinct_mapped_peptides,Q7Z5L9,15,4,84,0.16666666666666666,0.05880665519219736,0.1078600114744693
two_distinct_mapped_peptides,Q7Z5L9,20,4,84,0.16666666666666666,0.07458405048766495,0.09208261617900171
two_distinct_mapped_peptides,Q7Z5L9,25,4,84,0.16666666666666666,0.09122203098106713,0.07544463568559953
two_distinct_mapped_peptides,Q7Z5L9,30,4,84,0.3333333333333333,0.1087205966724039,0.2246127366609294
two_distinct_mapped_peptides,Q7Z6J0,5,3,146,0.3333333333333333,0.013604156825696741,0.31972917650763655
two_distinct_mapped_peptides,Q7Z6J0,10,3,146,0.3333333333333333,0.027208313651393482,0.30612501968193984
two_distinct_mapped_peptides,Q7Z6J0,15,3,146,1.0,0.041379310344827586,0.9586206896551724
two_distinct_mapped_peptides,Q7Z6J0,20,3,146,1.0,0.05422768068020784,0.9457723193197921
two_distinct_mapped_peptides,Q7Z6J0,25,3,146,1.0,0.06783183750590459,0.9321681624940954
two_distinct_mapped_peptides,Q7Z6J0,30,3,146,1.0,0.08162494095418045,0.9183750590458195
two_distinct_mapped_peptides,Q7Z739,5,4,85,0.16666666666666666,0.024089635854341738,0.14257703081232492
two_distinct_mapped_peptides,Q7Z739,10,4,85,0.3333333333333333,0.04649859943977591,0.2868347338935574
two_distinct_mapped_peptides,Q7Z739,15,4,85,0.5,0.06946778711484594,0.4305322128851541
two_distinct_mapped_peptides,Q7Z739,20,4,85,0.8333333333333334,0.08823529411764706,0.7450980392156863
two_distinct_mapped_peptides,Q7Z739,25,4,85,1.0,0.10700280112044817,0.8929971988795519
two_distinct_mapped_peptides,Q7Z739,30,4,85,1.0,0.12492997198879552,0.8750700280112045
two_distinct_mapped_peptides,Q86XP3,5,3,120,0.0,0.01134453781512605,-0.01134453781512605
two_distinct_mapped_peptides,Q86XP3,10,3,120,0.3333333333333333,0.023809523809523808,0.30952380952380953
two_distinct_mapped_peptides,Q86XP3,15,3,120,0.3333333333333333,0.036414565826330535,0.2969187675070028
two_distinct_mapped_peptides,Q86XP3,20,3,120,0.3333333333333333,0.04873949579831933,0.284593837535014
two_distinct_mapped_peptides,Q86XP3,25,3,120,0.3333333333333333,0.06050420168067227,0.27282913165266104
two_distinct_mapped_peptides,Q86XP3,30,3,120,0.3333333333333333,0.07156862745098039,0.2617647058823529
two_distinct_mapped_peptides,Q86YP4,5,10,116,0.08888888888888889,0.015742128935532233,0.07314675995335666
two_distinct_mapped_peptides,Q86YP4,10,10,116,0.15555555555555556,0.037181409295352325,0.11837414626020323
two_distinct_mapped_peptides,Q86YP4,15,10,116,0.17777777777777778,0.05217391304347826,0.12560386473429952
two_distinct_mapped_peptides,Q86YP4,20,10,116,0.17777777777777778,0.06971514242878561,0.10806263534899217
two_distinct_mapped_peptides,Q86YP4,25,10,116,0.17777777777777778,0.08770614692653673,0.09007163085124105
two_distinct_mapped_peptides,Q86YP4,30,10,116,0.24444444444444444,0.10269865067466268,0.14174579376978175
two_distinct_mapped_peptides,Q8IWZ3,5,7,438,0.19047619047619047,0.005015516754960659,0.18546067372122982
two_distinct_mapped_peptides,Q8IWZ3,10,7,438,0.23809523809523808,0.009686216733017774,0.2284090213622203
two_distinct_mapped_peptides,Q8IWZ3,15,7,438,0.38095238095238093,0.014189732819242866,0.3667626481331381
two_distinct_mapped_peptides,Q8IWZ3,20,7,438,0.47619047619047616,0.01876639185814447,0.45742408433233167
two_distinct_mapped_peptides,Q8IWZ3,25,7,438,0.47619047619047616,0.023008683113382025,0.45318179307709416
two_distinct_mapped_peptides,Q8IWZ3,30,7,438,0.47619047619047616,0.027418158260451606,0.44877231793002453
two_distinct_mapped_peptides,Q8IWZ8,5,3,70,0.3333333333333333,0.02360248447204969,0.3097308488612836
two_distinct_mapped_peptides,Q8IWZ8,10,3,70,0.6666666666666666,0.043478260869565216,0.6231884057971014
two_distinct_mapped_peptides,Q8IWZ8,15,3,70,1.0,0.06252587991718427,0.9374741200828157
two_distinct_mapped_peptides,Q8IWZ8,20,3,70,1.0,0.08157349896480331,0.9184265010351966
two_distinct_mapped_peptides,Q8IWZ8,25,3,70,1.0,0.1031055900621118,0.8968944099378882
two_distinct_mapped_peptides,Q8IWZ8,30,3,70,1.0,0.12629399585921325,0.8737060041407867
two_distinct_mapped_peptides,Q8N3V7,5,4,174,0.5,0.011693575177729055,0.48830642482227093
two_distinct_mapped_peptides,Q8N3V7,10,4,174,0.5,0.022124775762407813,0.4778752242375922
two_distinct_mapped_peptides,Q8N3V7,15,4,174,0.5,0.03415055478041326,0.4658494452195867
two_distinct_mapped_peptides,Q8N3V7,20,4,174,0.5,0.045312603813700086,0.45468739618629994
two_distinct_mapped_peptides,Q8N3V7,25,4,174,0.5,0.05727194206365026,0.44272805793634973
two_distinct_mapped_peptides,Q8N3V7,30,4,174,0.5,0.0680353464886054,0.43196465351139457
two_distinct_mapped_peptides,Q8N3X1,5,3,191,1.0,0.014108569853954258,0.9858914301460457
two_distinct_mapped_peptides,Q8N3X1,10,3,191,1.0,0.02667401488013227,0.9733259851198677
two_distinct_mapped_peptides,Q8N3X1,15,3,191,1.0,0.03846789749242215,0.9615321025075778
two_distinct_mapped_peptides,Q8N3X1,20,3,191,1.0,0.04805731606503169,0.9519426839349683
two_distinct_mapped_peptides,Q8N3X1,25,3,191,1.0,0.05830807384954533,0.9416919261504547
two_distinct_mapped_peptides,Q8N3X1,30,3,191,1.0,0.06762193441719482,0.9323780655828052
two_distinct_mapped_peptides,Q8NDV7,5,3,416,0.0,0.0055491195551436515,-0.0055491195551436515
two_distinct_mapped_peptides,Q8NDV7,10,3,416,0.0,0.011272011121408711,-0.011272011121408711
two_distinct_mapped_peptides,Q8NDV7,15,3,416,0.0,0.01679796107506951,-0.01679796107506951
two_distinct_mapped_peptides,Q8NDV7,20,3,416,0.0,0.02234708063021316,-0.02234708063021316
two_distinct_mapped_peptides,Q8NDV7,25,3,416,0.3333333333333333,0.02795412418906395,0.30537920914426936
two_distinct_mapped_peptides,Q8NDV7,30,3,416,0.3333333333333333,0.03329471733086191,0.3000386160024714
two_distinct_mapped_peptides,Q8NDX5,5,5,213,0.6,0.013995925236956329,0.5860040747630436
two_distinct_mapped_peptides,Q8NDX5,10,5,213,0.6,0.027150323323589336,0.5728496766764106
two_distinct_mapped_peptides,Q8NDX5,15,5,213,0.6,0.03924173974665604,0.560758260253344
two_distinct_mapped_peptides,Q8NDX5,20,5,213,0.6,0.051687483390911504,0.5483125166090885
two_distinct_mapped_peptides,Q8NDX5,25,5,213,0.6,0.06262733634511472,0.5373726636548852
two_distinct_mapped_peptides,Q8NDX5,30,5,213,0.6,0.07254849853840022,0.5274515014615998
two_distinct_mapped_peptides,Q8NEZ2,5,3,68,0.3333333333333333,0.03467954345917471,0.2986537898741586
two_distinct_mapped_peptides,Q8NEZ2,10,3,68,0.6666666666666666,0.061018437225636525,0.6056482294410301
two_distinct_mapped_peptides,Q8NEZ2,15,3,68,1.0,0.08516242317822652,0.9148375768217735
two_distinct_mapped_peptides,Q8NEZ2,20,3,68,1.0,0.1106233538191396,0.8893766461808604
two_distinct_mapped_peptides,Q8NEZ2,25,3,68,1.0,0.13169446883230904,0.8683055311676909
two_distinct_mapped_peptides,Q8NEZ2,30,3,68,1.0,0.15935030728709393,0.8406496927129061
two_distinct_mapped_peptides,Q8WWI1,5,9,287,0.2222222222222222,0.007431592797446456,0.21479062942477575
two_distinct_mapped_peptides,Q8WWI1,10,9,287,0.3055555555555556,0.015155576131185887,0.2903999794243697
two_distinct_mapped_peptides,Q8WWI1,15,9,287,0.3888888888888889,0.022294778392339367,0.36659411049654955
two_distinct_mapped_peptides,Q8WWI1,20,9,287,0.4444444444444444,0.029628907677688165,0.41481553676675625
two_distinct_mapped_peptides,Q8WWI1,25,9,287,0.4444444444444444,0.03693867108501255,0.4075057733594319
two_distinct_mapped_peptides,Q8WWI1,30,9,287,0.5,0.04334689700543359,0.4566531029945664
two_distinct_mapped_peptides,Q8WWM7,5,3,168,0.3333333333333333,0.011477045908183632,0.32185628742514966
two_distinct_mapped_peptides,Q8WWM7,10,3,168,0.3333333333333333,0.022383803820929568,0.31094952951240373
two_distinct_mapped_peptides,Q8WWM7,15,3,168,0.3333333333333333,0.03200741374394069,0.30132591958939264
two_distinct_mapped_peptides,Q8WWM7,20,3,168,0.3333333333333333,0.04063301967493584,0.2927003136583975
two_distinct_mapped_peptides,Q8WWM7,25,3,168,0.3333333333333333,0.04975762760193898,0.28357570573139435
two_distinct_mapped_peptides,Q8WWM7,30,3,168,0.3333333333333333,0.059808953521528374,0.27352437981180494
two_distinct_mapped_peptides,Q8WXI9,5,6,80,0.13333333333333333,0.022151898734177215,0.11118143459915611
two_distinct_mapped_peptides,Q8WXI9,10,6,80,0.13333333333333333,0.043037974683544304,0.09029535864978902
two_distinct_mapped_peptides,Q8WXI9,15,6,80,0.13333333333333333,0.060126582278481014,0.07320675105485232
two_distinct_mapped_peptides,Q8WXI9,20,6,80,0.13333333333333333,0.07626582278481013,0.0570675105485232
two_distinct_mapped_peptides,Q8WXI9,25,6,80,0.13333333333333333,0.0939873417721519,0.03934599156118143
two_distinct_mapped_peptides,Q8WXI9,30,6,80,0.2,0.1129746835443038,0.08702531645569621
two_distinct_mapped_peptides,Q92540,5,4,191,0.3333333333333333,0.01025075778451364,0.3230825755488197
two_distinct_mapped_peptides,Q92540,10,4,191,0.5,0.020281069165059246,0.47971893083494077
two_distinct_mapped_peptides,Q92540,15,4,191,0.5,0.030586938550564893,0.4694130614494351
two_distinct_mapped_peptides,Q92540,20,4,191,0.5,0.03995591071920639,0.4600440892807936
two_distinct_mapped_peptides,Q92540,25,4,191,0.5,0.04976577569578396,0.45023422430421606
two_distinct_mapped_peptides,Q92540,30,4,191,0.5,0.05869385505648939,0.4413061449435106
two_distinct_mapped_peptides,Q92945,5,5,53,0.3,0.02177068214804064,0.27822931785195937
two_distinct_mapped_peptides,Q92945,10,5,53,0.3,0.03265602322206096,0.26734397677793903
two_distinct_mapped_peptides,Q92945,15,5,53,0.3,0.04644412191582003,0.25355587808417995
two_distinct_mapped_peptides,Q92945,20,5,53,0.3,0.05660377358490566,0.24339622641509434
two_distinct_mapped_peptides,Q92945,25,5,53,0.3,0.06894049346879536,0.23105950653120463
two_distinct_mapped_peptides,Q92945,30,5,53,0.3,0.08200290275761973,0.21799709724238026
two_distinct_mapped_peptides,Q93052,5,6,84,0.4,0.022662076878944348,0.3773379231210557
two_distinct_mapped_peptides,Q93052,10,6,84,0.4,0.04216867469879518,0.3578313253012049
two_distinct_mapped_peptides,Q93052,15,6,84,0.6,0.05966724039013196,0.540332759609868
two_distinct_mapped_peptides,Q93052,20,6,84,0.6666666666666666,0.07429718875502007,0.5923694779116465
two_distinct_mapped_peptides,Q93052,25,6,84,0.6666666666666666,0.09179575444635686,0.5748709122203097
two_distinct_mapped_peptides,Q93052,30,6,84,0.6666666666666666,0.10929432013769363,0.557372346528973
two_distinct_mapped_peptides,Q96BD5,5,3,113,0.3333333333333333,0.018805309734513276,0.31452802359882004
two_distinct_mapped_peptides,Q96BD5,10,3,113,0.3333333333333333,0.0347661188369153,0.298567214496418
two_distinct_mapped_peptides,Q96BD5,15,3,113,0.3333333333333333,0.05151706700379267,0.28181626632954065
two_distinct_mapped_peptides,Q96BD5,20,3,113,0.3333333333333333,0.06905815423514539,0.26427517909818793
two_distinct_mapped_peptides,Q96BD5,25,3,113,0.3333333333333333,0.08438685208596713,0.24894648124736618
two_distinct_mapped_peptides,Q96BD5,30,3,113,0.3333333333333333,0.09987357774968394,0.23345975558364937
two_distinct_mapped_peptides,Q96HA1,5,8,311,0.17857142857142858,0.009874494347059434,0.16869693422436915
two_distinct_mapped_peptides,Q96HA1,10,8,311,0.17857142857142858,0.018732496628980397,0.1598389319424482
two_distinct_mapped_peptides,Q96HA1,15,8,311,0.21428571428571427,0.02734156207862255,0.18694415220709173
two_distinct_mapped_peptides,Q96HA1,20,8,311,0.25,0.036531480136915255,0.21346851986308474
two_distinct_mapped_peptides,Q96HA1,25,8,311,0.2857142857142857,0.04493309822632507,0.24078118748796062
two_distinct_mapped_peptides,Q96HA1,30,8,311,0.4642857142857143,0.05426822943678042,0.41001748484893386
two_distinct_mapped_peptides,Q96HC4,5,7,106,0.19047619047619047,0.020844564240790654,0.16963162623539982
two_distinct_mapped_peptides,Q96HC4,10,7,106,0.23809523809523808,0.04061096136567835,0.19748427672955973
two_distinct_mapped_peptides,Q96HC4,15,7,106,0.2857142857142857,0.05893980233602875,0.22677448337825695
two_distinct_mapped_peptides,Q96HC4,20,7,106,0.3333333333333333,0.07816711590296496,0.2551662174303684
two_distinct_mapped_peptides,Q96HC4,25,7,106,0.42857142857142855,0.09883198562443846,0.3297394429469901
two_distinct_mapped_peptides,Q96HC4,30,7,106,0.42857142857142855,0.11680143755615453,0.31176999101527403
two_distinct_mapped_peptides,Q96JM3,5,4,139,0.8333333333333334,0.013033051819414034,0.8203002815139193
two_distinct_mapped_peptides,Q96JM3,10,4,139,1.0,0.026483161297049317,0.9735168387029507
two_distinct_mapped_peptides,Q96JM3,15,4,139,1.0,0.042435616724012096,0.9575643832759879
two_distinct_mapped_peptides,Q96JM3,20,4,139,1.0,0.05578146178709206,0.9442185382129079
two_distinct_mapped_peptides,Q96JM3,25,4,139,1.0,0.06996142216661454,0.9300385778333855
two_distinct_mapped_peptides,Q96JM3,30,4,139,1.0,0.0823688874986967,0.9176311125013032
two_distinct_mapped_peptides,Q96KM6,5,10,123,0.08888888888888889,0.01092896174863388,0.07795992714025501
two_distinct_mapped_peptides,Q96KM6,10,10,123,0.2222222222222222,0.024123683859789417,0.1980985383624328
two_distinct_mapped_peptides,Q96KM6,15,10,123,0.26666666666666666,0.03585232573637212,0.23081434093029454
two_distinct_mapped_peptides,Q96KM6,20,10,123,0.3333333333333333,0.04731440757030521,0.2860189257630281
two_distinct_mapped_peptides,Q96KM6,25,10,123,0.4444444444444444,0.05930960948953752,0.3851348349549069
two_distinct_mapped_peptides,Q96KM6,30,10,123,0.5777777777777777,0.06983873117419699,0.5079390466035807
two_distinct_mapped_peptides,Q96KR1,5,19,173,0.03508771929824561,0.014652507057400187,0.020435212240845425
two_distinct_mapped_peptides,Q96KR1,10,19,173,0.09941520467836257,0.026818120715149885,0.07259708396321268
two_distinct_mapped_peptides,Q96KR1,15,19,173,0.14619883040935672,0.039252587713402336,0.10694624269595437
two_distinct_mapped_peptides,Q96KR1,20,19,173,0.15789473684210525,0.05114934803064928,0.10674538881145598
two_distinct_mapped_peptides,Q96KR1,25,19,173,0.15789473684210525,0.06297889501277053,0.09491584182933473
two_distinct_mapped_peptides,Q96KR1,30,19,173,0.15789473684210525,0.0741363086436349,0.08375842819847036
two_distinct_mapped_peptides,Q96L91,5,11,433,0.0,0.0037421948507398856,-0.0037421948507398856
two_distinct_mapped_peptides,Q96L91,10,11,433,0.01818181818181818,0.007099478231117954,0.011082339950700227
two_distinct_mapped_peptides,Q96L91,15,11,433,0.01818181818181818,0.010552989479086478,0.007628828702731703
two_distinct_mapped_peptides,Q96L91,20,11,433,0.03636363636363636,0.01430587631511419,0.02205776004852217
two_distinct_mapped_peptides,Q96L91,25,11,433,0.03636363636363636,0.01753485587203832,0.018828780491598043
two_distinct_mapped_peptides,Q96L91,30,11,433,0.03636363636363636,0.020838679325977248,0.015524957037659114
two_distinct_mapped_peptides,Q96MY1,5,3,93,0.3333333333333333,0.031089294062646097,0.3022440392706872
two_distinct_mapped_peptides,Q96MY1,10,3,93,0.3333333333333333,0.06124357176250585,0.2720897615708275
two_distinct_mapped_peptides,Q96MY1,15,3,93,0.6666666666666666,0.0876577840112202,0.5790088826554465
two_distinct_mapped_peptides,Q96MY1,20,3,93,1.0,0.11220196353436185,0.8877980364656382
two_distinct_mapped_peptides,Q96MY1,25,3,93,1.0,0.13744740532959326,0.8625525946704067
two_distinct_mapped_peptides,Q96MY1,30,3,93,1.0,0.1570827489481066,0.8429172510518934
two_distinct_mapped_peptides,Q96PK6,5,5,115,0.2,0.013882532418001525,0.18611746758199849
two_distinct_mapped_peptides,Q96PK6,10,5,115,0.3,0.029290617848970253,0.27070938215102974
two_distinct_mapped_peptides,Q96PK6,15,5,115,0.6,0.04500381388253242,0.5549961861174676
two_distinct_mapped_peptides,Q96PK6,20,5,115,0.6,0.06422578184591915,0.5357742181540808
two_distinct_mapped_peptides,Q96PK6,25,5,115,0.7,0.07932875667429443,0.6206712433257056
two_distinct_mapped_peptides,Q96PK6,30,5,115,0.8,0.09473684210526316,0.7052631578947369
two_distinct_mapped_peptides,Q96T58,5,21,608,0.08571428571428572,0.003213604439434666,0.08250068127485105
two_distinct_mapped_peptides,Q96T58,10,21,608,0.13333333333333333,0.006329662707014653,0.12700367062631868
two_distinct_mapped_peptides,Q96T58,15,21,608,0.1380952380952381,0.00938069019335819,0.12871454790187992
two_distinct_mapped_peptides,Q96T58,20,21,608,0.1380952380952381,0.01248590999739877,0.12560932809783934
two_distinct_mapped_peptides,Q96T58,25,21,608,0.1380952380952381,0.015499002861354375,0.12259623523388373
two_distinct_mapped_peptides,Q96T58,30,21,608,0.14761904761904762,0.01850125726177057,0.12911779035727705
two_distinct_mapped_peptides,Q9BTC0,5,10,306,0.13333333333333333,0.005121611486124504,0.12821172184720883
two_distinct_mapped_peptides,Q9BTC0,10,10,306,0.2,0.01007178827815279,0.1899282117218472
two_distinct_mapped_peptides,Q9BTC0,15,10,306,0.24444444444444444,0.015429122468659595,0.22901532197578484
two_distinct_mapped_peptides,Q9BTC0,20,10,306,0.26666666666666666,0.02033644058716383,0.24633022607950283
two_distinct_mapped_peptides,Q9BTC0,25,10,306,0.26666666666666666,0.025908068145290904,0.24075859852137577
two_distinct_mapped_peptides,Q9BTC0,30,10,306,0.26666666666666666,0.031136826315225543,0.23552984035144112
two_distinct_mapped_peptides,Q9BVL2,5,6,146,0.4666666666666667,0.02182333490788852,0.44484333175877816
two_distinct_mapped_peptides,Q9BVL2,10,6,146,0.8666666666666667,0.04175720358998583,0.8249094630766809
two_distinct_mapped_peptides,Q9BVL2,15,6,146,1.0,0.06112423240434577,0.9388757675956543
two_distinct_mapped_peptides,Q9BVL2,20,6,146,1.0,0.08181388757675956,0.9181861124232404
two_distinct_mapped_peptides,Q9BVL2,25,6,146,1.0,0.10231459612659424,0.8976854038734058
two_distinct_mapped_peptides,Q9BVL2,30,6,146,1.0,0.12120925838450637,0.8787907416154936
two_distinct_mapped_peptides,Q9BYJ9,5,6,92,0.26666666666666666,0.020305781175346392,0.24636088549132026
two_distinct_mapped_peptides,Q9BYJ9,10,6,92,0.4666666666666667,0.03989488772097468,0.426771778945692
two_distinct_mapped_peptides,Q9BYJ9,15,6,92,0.7333333333333333,0.058767319636884856,0.6745660136964484
two_distinct_mapped_peptides,Q9BYJ9,20,6,92,0.8,0.07835642618251314,0.7216435738174869
two_distinct_mapped_peptides,Q9BYJ9,25,6,92,0.9333333333333333,0.09722885809842331,0.83610447523491
two_distinct_mapped_peptides,Q9BYJ9,30,6,92,1.0,0.11347348303870043,0.8865265169612996
two_distinct_mapped_peptides,Q9H0E3,5,11,204,0.18181818181818182,0.01004539746933256,0.17177278434884927
two_distinct_mapped_peptides,Q9H0E3,10,11,204,0.36363636363636365,0.020622041920216362,0.34301432171614726
two_distinct_mapped_peptides,Q9H0E3,15,11,204,0.5818181818181818,0.03192311407321549,0.5498950677449663
two_distinct_mapped_peptides,Q9H0E3,20,11,204,0.6909090909090909,0.04211339708297112,0.6487956938261198
two_distinct_mapped_peptides,Q9H0E3,25,11,204,0.8,0.0522070897324447,0.7477929102675553
two_distinct_mapped_peptides,Q9H0E3,30,11,204,0.8909090909090909,0.0625422582826234,0.8283668326264675
two_distinct_mapped_peptides,Q9H1B7,5,3,114,1.0,0.018785902810122653,0.9812140971898774
two_distinct_mapped_peptides,Q9H1B7,10,3,114,1.0,0.034621953112870675,0.9653780468871294
two_distinct_mapped_peptides,Q9H1B7,15,3,114,1.0,0.04611085235211924,0.9538891476478808
two_distinct_mapped_peptides,Q9H1B7,20,3,114,1.0,0.05853128396211768,0.9414687160378823
two_distinct_mapped_peptides,Q9H1B7,25,3,114,1.0,0.072038503337991,0.927961496662009
two_distinct_mapped_peptides,Q9H1B7,30,3,114,1.0,0.08585623350411427,0.9141437664958857
two_distinct_mapped_peptides,Q9H4A3,5,13,527,0.05128205128205128,0.00497110410458799,0.04631094717746329
two_distinct_mapped_peptides,Q9H4A3,10,13,527,0.07692307692307693,0.009898918478221658,0.06702415844485526
two_distinct_mapped_peptides,Q9H4A3,15,13,527,0.1282051282051282,0.014458770138743587,0.11374635806638461
two_distinct_mapped_peptides,Q9H4A3,20,13,527,0.1282051282051282,0.019025836754424572,0.10917929145070362
two_distinct_mapped_peptides,Q9H4A3,25,13,527,0.1282051282051282,0.0232898752534253,0.1049152529517029
two_distinct_mapped_peptides,Q9H4A3,30,13,527,0.1282051282051282,0.027864156824265338,0.10034097138086286
two_distinct_mapped_peptides,Q9H4I2,5,4,158,0.16666666666666666,0.010400709505764735,0.1562659571609019
two_distinct_mapped_peptides,Q9H4I2,10,4,158,0.16666666666666666,0.02072079335644602,0.14594587331022063
two_distinct_mapped_peptides,Q9H4I2,15,4,158,0.16666666666666666,0.03184713375796178,0.13481953290870488
two_distinct_mapped_peptides,Q9H4I2,20,4,158,0.16666666666666666,0.04224784326372652,0.12441882340294014
two_distinct_mapped_peptides,Q9H4I2,25,4,158,0.16666666666666666,0.05393856325082641,0.11272810341584025
two_distinct_mapped_peptides,Q9H4I2,30,4,158,0.16666666666666666,0.06369426751592357,0.10297239915074309
two_distinct_mapped_peptides,Q9HAP2,5,3,152,0.3333333333333333,0.012199372603694667,0.3211339607296386
two_distinct_mapped_peptides,Q9HAP2,10,3,152,0.3333333333333333,0.024573021958870688,0.30876031137446264
two_distinct_mapped_peptides,Q9HAP2,15,3,152,0.3333333333333333,0.035639595677936564,0.29769373765539675
two_distinct_mapped_peptides,Q9HAP2,20,3,152,0.3333333333333333,0.04627047751829906,0.28706285581503427
two_distinct_mapped_peptides,Q9HAP2,25,3,152,0.3333333333333333,0.055507145346810734,0.2778261879865226
two_distinct_mapped_peptides,Q9HAP2,30,3,152,0.3333333333333333,0.0658766120599512,0.2674567212733821
two_distinct_mapped_peptides,Q9HBD1,5,6,192,0.0,0.008616928446771378,-0.008616928446771378
two_distinct_mapped_peptides,Q9HBD1,10,6,192,0.13333333333333333,0.017724694589877837,0.11560863874345549
two_distinct_mapped_peptides,Q9HBD1,15,6,192,0.2,0.027541448516579407,0.1724585514834206
two_distinct_mapped_peptides,Q9HBD1,20,6,192,0.2,0.0362674520069808,0.1637325479930192
two_distinct_mapped_peptides,Q9HBD1,25,6,192,0.2,0.04608420593368237,0.15391579406631764
two_distinct_mapped_peptides,Q9HBD1,30,6,192,0.2,0.05481020942408377,0.14518979057591624
two_distinct_mapped_peptides,Q9HCD5,5,3,86,0.3333333333333333,0.01969904240766074,0.3136342909256726
two_distinct_mapped_peptides,Q9HCD5,10,3,86,0.3333333333333333,0.04322845417236662,0.2901048791609667
two_distinct_mapped_peptides,Q9HCD5,15,3,86,0.3333333333333333,0.06265389876880985,0.2706794345645235
two_distinct_mapped_peptides,Q9HCD5,20,3,86,0.3333333333333333,0.0853625170998632,0.24797081623347011
two_distinct_mapped_peptides,Q9HCD5,25,3,86,0.3333333333333333,0.10779753761969904,0.22553579571363427
two_distinct_mapped_peptides,Q9HCD5,30,3,86,0.3333333333333333,0.12859097127222982,0.2047423620611035
two_distinct_mapped_peptides,Q9HDC9,5,3,53,0.0,0.018867924528301886,-0.018867924528301886
two_distinct_mapped_peptides,Q9HDC9,10,3,53,0.3333333333333333,0.041364296081277216,0.2919690372520561
two_distinct_mapped_peptides,Q9HDC9,15,3,53,0.3333333333333333,0.06458635703918723,0.26874697629414607
two_distinct_mapped_peptides,Q9HDC9,20,3,53,0.3333333333333333,0.09143686502177069,0.24189646831156264
two_distinct_mapped_peptides,Q9HDC9,25,3,53,0.3333333333333333,0.1081277213352685,0.22520561199806483
two_distinct_mapped_peptides,Q9HDC9,30,3,53,0.3333333333333333,0.13570391872278664,0.19762941461054667
two_distinct_mapped_peptides,Q9NPG3,5,6,183,0.26666666666666666,0.011769651113913409,0.25489701555275324
two_distinct_mapped_peptides,Q9NPG3,10,6,183,0.26666666666666666,0.023779499189335255,0.2428871674773314
two_distinct_mapped_peptides,Q9NPG3,15,6,183,0.3333333333333333,0.03638983966852819,0.2969434936648051
two_distinct_mapped_peptides,Q9NPG3,20,6,183,0.4666666666666667,0.046418062811505435,0.4202486038551612
two_distinct_mapped_peptides,Q9NPG3,25,6,183,0.4666666666666667,0.05818771392541884,0.40847895274124785
two_distinct_mapped_peptides,Q9NPG3,30,6,183,0.4666666666666667,0.06971716807782381,0.3969494985888429
two_distinct_mapped_peptides,Q9NR12,5,5,58,0.0,0.023593466424682397,-0.023593466424682397
two_distinct_mapped_peptides,Q9NR12,10,5,58,0.1,0.04658197217180883,0.053418027828191175
two_distinct_mapped_peptides,Q9NR12,15,5,58,0.1,0.07017543859649122,0.02982456140350878
two_distinct_mapped_peptides,Q9NR12,20,5,58,0.2,0.09497882637628555,0.10502117362371446
two_distinct_mapped_peptides,Q9NR12,25,5,58,0.2,0.11554748941318814,0.08445251058681187
two_distinct_mapped_peptides,Q9NR12,30,5,58,0.2,0.14398064125831822,0.05601935874168179
two_distinct_mapped_peptides,Q9NTZ6,5,4,109,0.5,0.01546041454298335,0.48453958545701664
two_distinct_mapped_peptides,Q9NTZ6,10,4,109,0.5,0.030411145090044174,0.46958885490995583
two_distinct_mapped_peptides,Q9NTZ6,15,4,109,0.6666666666666666,0.045531770302412504,0.6211348963642541
two_distinct_mapped_peptides,Q9NTZ6,20,4,109,1.0,0.06116207951070336,0.9388379204892966
two_distinct_mapped_peptides,Q9NTZ6,25,4,109,1.0,0.07407407407407407,0.9259259259259259
two_distinct_mapped_peptides,Q9NTZ6,30,4,109,1.0,0.08817533129459736,0.9118246687054027
two_distinct_mapped_peptides,Q9NXV6,5,4,156,0.16666666666666666,0.02423490488006617,0.1424317617866005
two_distinct_mapped_peptides,Q9NXV6,10,4,156,0.16666666666666666,0.04838709677419355,0.11827956989247311
two_distinct_mapped_peptides,Q9NXV6,15,4,156,0.16666666666666666,0.07336641852770885,0.0933002481389578
two_distinct_mapped_peptides,Q9NXV6,20,4,156,0.16666666666666666,0.09727047146401985,0.06939619520264681
two_distinct_mapped_peptides,Q9NXV6,25,4,156,0.3333333333333333,0.1206782464846981,0.2126550868486352
two_distinct_mapped_peptides,Q9NXV6,30,4,156,0.5,0.14408602150537633,0.3559139784946237
two_distinct_mapped_peptides,Q9P2N5,5,7,152,0.09523809523809523,0.0128093412338794,0.08242875400421583
two_distinct_mapped_peptides,Q9P2N5,10,7,152,0.09523809523809523,0.02335308469850122,0.07188501053959401
two_distinct_mapped_peptides,Q9P2N5,15,7,152,0.09523809523809523,0.035291042174973856,0.059947053063121376
two_distinct_mapped_peptides,Q9P2N5,20,7,152,0.09523809523809523,0.04365632624607877,0.05158176899201646
two_distinct_mapped_peptides,Q9P2N5,25,7,152,0.23809523809523808,0.053677239456256534,0.18441799863898156
two_distinct_mapped_peptides,Q9P2N5,30,7,152,0.23809523809523808,0.06352387591495294,0.17457136218028513
two_distinct_mapped_peptides,Q9P2N6,5,3,178,0.3333333333333333,0.013394274106519393,0.3199390592268139
two_distinct_mapped_peptides,Q9P2N6,10,3,178,0.3333333333333333,0.027296387989589284,0.30603694534374404
two_distinct_mapped_peptides,Q9P2N6,15,3,178,0.3333333333333333,0.040817622040246304,0.292515711293087
two_distinct_mapped_peptides,Q9P2N6,20,3,178,0.3333333333333333,0.05421189614676569,0.2791214371865676
two_distinct_mapped_peptides,Q9P2N6,25,3,178,0.3333333333333333,0.06544785120294547,0.2678854821303879
two_distinct_mapped_peptides,Q9P2N6,30,3,178,0.3333333333333333,0.07744556592395099,0.25588776740938235
two_distinct_mapped_peptides,Q9P2R6,5,3,230,0.3333333333333333,0.007404594645908487,0.32592873868742483
two_distinct_mapped_peptides,Q9P2R6,10,3,230,1.0,0.014733244731346117,0.9852667552686539
two_distinct_mapped_peptides,Q9P2R6,15,3,230,1.0,0.022289728498196316,0.9777102715018037
two_distinct_mapped_peptides,Q9P2R6,20,3,230,1.0,0.029694323144104803,0.9703056768558952
two_distinct_mapped_peptides,Q9P2R6,25,3,230,1.0,0.037250806910955,0.962749193089045
two_distinct_mapped_peptides,Q9P2R6,30,3,230,1.0,0.04423770647427378,0.9557622935257262
two_distinct_mapped_peptides,Q9UHD9,5,5,111,0.6,0.02620802620802621,0.5737919737919738
two_distinct_mapped_peptides,Q9UHD9,10,5,111,0.8,0.049303849303849304,0.7506961506961507
two_distinct_mapped_peptides,Q9UHD9,15,5,111,1.0,0.0683046683046683,0.9316953316953317
two_distinct_mapped_peptides,Q9UHD9,20,5,111,1.0,0.0855036855036855,0.9144963144963145
two_distinct_mapped_peptides,Q9UHD9,25,5,111,1.0,0.10204750204750204,0.897952497952498
two_distinct_mapped_peptides,Q9UHD9,30,5,111,1.0,0.1199017199017199,0.8800982800982801
two_distinct_mapped_peptides,Q9UHR5,5,14,54,0.34065934065934067,0.055904961565338925,0.28475437909400175
two_distinct_mapped_peptides,Q9UHR5,10,14,54,0.5604395604395604,0.10761705101327743,0.452822509426283
two_distinct_mapped_peptides,Q9UHR5,15,14,54,0.6373626373626373,0.15234102026554858,0.48502161709708874
two_distinct_mapped_peptides,Q9UHR5,20,14,54,0.6593406593406593,0.18867924528301888,0.47066141405764045
two_distinct_mapped_peptides,Q9UHR5,25,14,54,0.7142857142857143,0.22152341020265548,0.4927623040830588
two_distinct_mapped_peptides,Q9UHR5,30,14,54,0.8021978021978022,0.25506638714185886,0.5471314150559434
two_distinct_mapped_peptides,Q9UKY1,5,8,153,0.32142857142857145,0.012727898176814585,0.3087006732517569
two_distinct_mapped_peptides,Q9UKY1,10,8,153,0.42857142857142855,0.02519779841761266,0.4033736301538159
two_distinct_mapped_peptides,Q9UKY1,15,8,153,0.42857142857142855,0.03620571035431717,0.39236571821711136
two_distinct_mapped_peptides,Q9UKY1,20,8,153,0.42857142857142855,0.04678362573099415,0.3817878028404344
two_distinct_mapped_peptides,Q9UKY1,25,8,153,0.42857142857142855,0.057877536979704165,0.3706938915917244
two_distinct_mapped_peptides,Q9UKY1,30,8,153,0.42857142857142855,0.06768145854833162,0.3608899700230969
two_distinct_mapped_peptides,Q9ULM3,5,4,276,0.0,0.007509881422924901,-0.007509881422924901
two_distinct_mapped_peptides,Q9ULM3,10,4,276,0.16666666666666666,0.015098814229249012,0.15156785243741763
two_distinct_mapped_peptides,Q9ULM3,15,4,276,0.16666666666666666,0.02289855072463768,0.14376811594202898
two_distinct_mapped_peptides,Q9ULM3,20,4,276,0.16666666666666666,0.03069828722002635,0.1359683794466403
two_distinct_mapped_peptides,Q9ULM3,25,4,276,0.16666666666666666,0.03844532279314888,0.12822134387351777
two_distinct_mapped_peptides,Q9ULM3,30,4,276,0.16666666666666666,0.04621870882740448,0.12044795783926218
two_distinct_mapped_peptides,Q9ULT8,5,5,433,0.2,0.0050038491147036184,0.1949961508852964
two_distinct_mapped_peptides,Q9ULT8,10,5,433,0.2,0.00986870242066547,0.19013129757933453
two_distinct_mapped_peptides,Q9ULT8,15,5,433,0.2,0.014594559917885552,0.18540544008211446
two_distinct_mapped_peptides,Q9ULT8,20,5,433,0.2,0.019395261312120434,0.18060473868787957
two_distinct_mapped_peptides,Q9ULT8,25,5,433,0.2,0.02392866307415961,0.1760713369258404
two_distinct_mapped_peptides,Q9ULT8,30,5,433,0.2,0.028686596527243178,0.17131340347275684
two_distinct_mapped_peptides,Q9UMS4,5,3,85,1.0,0.017366946778711485,0.9826330532212885
two_distinct_mapped_peptides,Q9UMS4,10,3,85,1.0,0.033893557422969185,0.9661064425770308
two_distinct_mapped_peptides,Q9UMS4,15,3,85,1.0,0.052941176470588235,0.9470588235294117
two_distinct_mapped_peptides,Q9UMS4,20,3,85,1.0,0.07366946778711485,0.9263305322128852
two_distinct_mapped_peptides,Q9UMS4,25,3,85,1.0,0.09187675070028012,0.9081232492997199
two_distinct_mapped_peptides,Q9UMS4,30,3,85,1.0,0.11316526610644258,0.8868347338935574
two_distinct_mapped_peptides,Q9UPN6,5,3,170,0.3333333333333333,0.01120779672815872,0.3221255366051746
two_distinct_mapped_peptides,Q9UPN6,10,3,170,0.3333333333333333,0.019909502262443438,0.3134238310708899
two_distinct_mapped_peptides,Q9UPN6,15,3,170,0.3333333333333333,0.029725026105116605,0.3036083072282167
two_distinct_mapped_peptides,Q9UPN6,20,3,170,0.3333333333333333,0.037104072398190045,0.2962292609351433
two_distinct_mapped_peptides,Q9UPN6,25,3,170,0.3333333333333333,0.04497041420118343,0.2883629191321499
two_distinct_mapped_peptides,Q9UPN6,30,3,170,0.3333333333333333,0.05360250609119387,0.27973082724213943
two_distinct_mapped_peptides,Q9UQ35,5,8,814,0.0,0.004034561230133186,-0.004034561230133186
two_distinct_mapped_peptides,Q9UQ35,10,8,814,0.03571428571428571,0.008162808900816282,0.02755147681346943
two_distinct_mapped_peptides,Q9UQ35,15,8,814,0.10714285714285714,0.01208857297418183,0.09505428416867531
two_distinct_mapped_peptides,Q9UQ35,20,8,814,0.14285714285714285,0.01624704207730038,0.12661010077984247
two_distinct_mapped_peptides,Q9UQ35,25,8,814,0.17857142857142858,0.020051920420924112,0.15851950815050447
two_distinct_mapped_peptides,Q9UQ35,30,8,814,0.17857142857142858,0.02373289089156248,0.1548385376798661
two_distinct_mapped_peptides,Q9Y2X9,5,3,182,0.3333333333333333,0.01098901098901099,0.3223443223443223
two_distinct_mapped_peptides,Q9Y2X9,10,3,182,0.3333333333333333,0.02155303260275636,0.31178030073057694
two_distinct_mapped_peptides,Q9Y2X9,15,3,182,0.3333333333333333,0.031509926537550845,0.30182340679578246
two_distinct_mapped_peptides,Q9Y2X9,20,3,182,0.3333333333333333,0.04456317163499484,0.28877016169833847
two_distinct_mapped_peptides,Q9Y2X9,25,3,182,0.3333333333333333,0.05482362940926477,0.27850970392406854
two_distinct_mapped_peptides,Q9Y2X9,30,3,182,0.3333333333333333,0.06617691700564629,0.26715641632768705
two_distinct_mapped_peptides,Q9Y520,5,8,479,0.25,0.004297656379661254,0.24570234362033874
two_distinct_mapped_peptides,Q9Y520,10,8,479,0.35714285714285715,0.008604047833264909,0.34853880930959225
two_distinct_mapped_peptides,Q9Y520,15,8,479,0.35714285714285715,0.012630916920711733,0.34451194022214543
two_distinct_mapped_peptides,Q9Y520,20,8,479,0.35714285714285715,0.016841222560948978,0.34030163458190815
two_distinct_mapped_peptides,Q9Y520,25,8,479,0.35714285714285715,0.020876826722338204,0.33626603042051895
two_distinct_mapped_peptides,Q9Y520,30,8,479,0.35714285714285715,0.025043456992863443,0.33209940014999373
two_distinct_mapped_peptides,Q9Y618,5,4,384,0.16666666666666666,0.004582789382071366,0.16208387728459528
two_distinct_mapped_peptides,Q9Y618,10,4,384,0.16666666666666666,0.008947998259355962,0.1577186684073107
two_distinct_mapped_peptides,Q9Y618,15,4,384,0.16666666666666666,0.013313207136640557,0.1533534595300261
two_distinct_mapped_peptides,Q9Y618,20,4,384,0.16666666666666666,0.017651218450826806,0.14901544821583984
two_distinct_mapped_peptides,Q9Y618,25,4,384,0.16666666666666666,0.02175805047867711,0.14490861618798956
two_distinct_mapped_peptides,Q9Y618,30,4,384,0.16666666666666666,0.025851283724978243,0.1408153829416884
two_distinct_mapped_peptides,Q9Y6Y8,5,3,149,0.0,0.01233448213313985,-0.01233448213313985
two_distinct_mapped_peptides,Q9Y6Y8,10,3,149,0.0,0.023580627607473245,-0.023580627607473245
two_distinct_mapped_peptides,Q9Y6Y8,15,3,149,0.3333333333333333,0.0360058044621803,0.297327528871153
two_distinct_mapped_peptides,Q9Y6Y8,20,3,149,0.3333333333333333,0.04879376020315618,0.28453957313017714
two_distinct_mapped_peptides,Q9Y6Y8,25,3,149,0.3333333333333333,0.05895156901868311,0.2743817643146502
two_distinct_mapped_peptides,Q9Y6Y8,30,3,149,0.3333333333333333,0.06920007255577726,0.26413326077755606
two_independent_publications,A3KN83,5,11,202,0.3090909090909091,0.009605438155755874,0.2994854709351532
two_independent_publications,A3KN83,10,11,202,0.4909090909090909,0.017289788680360574,0.47361930222873033
two_independent_publications,A3KN83,15,11,202,0.6363636363636364,0.02482636323333826,0.611537273130298
two_independent_publications,A3KN83,20,11,202,0.8,0.03260923107236097,0.7673907689276391
two_independent_publications,A3KN83,25,11,202,0.9454545454545454,0.040195064282547655,0.9052594811719978
two_independent_publications,A3KN83,30,11,202,1.0,0.04704201763459928,0.9529579823654007
two_independent_publications,A5YKK6,5,10,276,0.4444444444444444,0.005849802371541502,0.43859464207290294
two_independent_publications,A5YKK6,10,10,276,0.7555555555555555,0.010935441370223979,0.7446201141853316
two_independent_publications,A5YKK6,15,10,276,0.9333333333333333,0.01538866930171278,0.9179446640316206
two_independent_publications,A5YKK6,20,10,276,1.0,0.019762845849802372,0.9802371541501976
two_independent_publications,A5YKK6,25,10,276,1.0,0.024031620553359685,0.9759683794466403
two_independent_publications,A5YKK6,30,10,276,1.0,0.028458498023715414,0.9715415019762846
two_independent_publications,A8CG34,5,16,318,0.075,0.009741483641846715,0.06525851635815329
two_independent_publications,A8CG34,10,16,318,0.14166666666666666,0.018768724083883897,0.12289794258278276
two_independent_publications,A8CG34,15,16,318,0.175,0.027359482570481916,0.14764051742951806
two_independent_publications,A8CG34,20,16,318,0.23333333333333334,0.03656528381247148,0.19676804952086185
two_independent_publications,A8CG34,25,16,318,0.2833333333333333,0.0451163621213023,0.23821697121203103
two_independent_publications,A8CG34,30,16,318,0.3333333333333333,0.05428248318552467,0.2790508501478086
two_independent_publications,O00151,5,4,48,0.16666666666666666,0.03280141843971631,0.13386524822695034
two_independent_publications,O00151,10,4,48,0.3333333333333333,0.061170212765957445,0.27216312056737585
two_independent_publications,O00151,15,4,48,0.5,0.08776595744680851,0.4122340425531915
two_independent_publications,O00151,20,4,48,0.5,0.12145390070921985,0.37854609929078015
two_independent_publications,O00151,25,4,48,0.5,0.15425531914893617,0.3457446808510638
two_independent_publications,O00151,30,4,48,0.5,0.18971631205673758,0.31028368794326244
two_independent_publications,O00268,5,12,149,0.12121212121212122,0.012153092690005442,0.10905902852211577
two_independent_publications,O00268,10,12,149,0.19696969696969696,0.02439688010157809,0.17257281686811887
two_independent_publications,O00268,15,12,149,0.22727272727272727,0.035552330854344276,0.19172039641838298
two_independent_publications,O00268,20,12,149,0.22727272727272727,0.04643569744240885,0.1808370298303184
two_independent_publications,O00268,25,12,149,0.25757575757575757,0.057319064030473425,0.20025669354528414
two_independent_publications,O00268,30,12,149,0.25757575757575757,0.06738617812443316,0.19018957945132442
two_independent_publications,O14497,5,9,351,0.1388888888888889,0.005095645095645095,0.1337932437932438
two_independent_publications,O14497,10,9,351,0.25,0.009898249898249898,0.2401017501017501
two_independent_publications,O14497,15,9,351,0.3611111111111111,0.014554334554334554,0.3465567765567765
two_independent_publications,O14497,20,9,351,0.4444444444444444,0.019145299145299145,0.42529914529914525
two_independent_publications,O14497,25,9,351,0.4444444444444444,0.023687423687423687,0.4207570207570207
two_independent_publications,O14497,30,9,351,0.4444444444444444,0.02866910866910867,0.41577533577533576
two_independent_publications,O14639,5,7,112,0.19047619047619047,0.019305019305019305,0.17117117117117117
two_independent_publications,O14639,10,7,112,0.42857142857142855,0.03474903474903475,0.3938223938223938
two_independent_publications,O14639,15,7,112,0.5714285714285714,0.04954954954954955,0.5218790218790218
two_independent_publications,O14639,20,7,112,0.6666666666666666,0.06467181467181467,0.6019948519948519
two_independent_publications,O14639,25,7,112,0.7142857142857143,0.07850707850707851,0.6357786357786358
two_independent_publications,O14639,30,7,112,0.7142857142857143,0.09041184041184042,0.6238738738738738
two_independent_publications,O14686,5,4,744,0.16666666666666666,0.0018053806856828608,0.1648612859809838
two_independent_publications,O14686,10,4,744,0.16666666666666666,0.003892965165921359,0.1627737015007453
two_independent_publications,O14686,15,4,744,0.16666666666666666,0.005944369672498878,0.1607222969941678
two_independent_publications,O14686,20,4,744,0.16666666666666666,0.007952358210683222,0.15871430845598344
two_independent_publications,O14686,25,4,744,0.16666666666666666,0.009880750806813412,0.15678591585985324
two_independent_publications,O14686,30,4,744,0.16666666666666666,0.011834469384506288,0.15483219728216036
two_independent_publications,O14964,5,5,99,0.4,0.017522160379303237,0.3824778396206968
two_independent_publications,O14964,10,5,99,0.9,0.03421974850546279,0.8657802514945372
two_independent_publications,O14964,15,5,99,1.0,0.049886621315192746,0.9501133786848073
two_independent_publications,O14964,20,5,99,1.0,0.0626674912389198,0.9373325087610802
two_independent_publications,O14964,25,5,99,1.0,0.07647907647907648,0.9235209235209235
two_independent_publications,O14964,30,5,99,1.0,0.0898783755926613,0.9101216244073387
two_independent_publications,O14974,5,29,210,0.12315270935960591,0.014809751651856915,0.108342957707749
two_independent_publications,O14974,10,29,210,0.20935960591133004,0.02838915470494418,0.18097045120638586
two_independent_publications,O14974,15,29,210,0.2660098522167488,0.041376167691957164,0.2246336845247916
two_independent_publications,O14974,20,29,210,0.3078817733990148,0.054864433811802234,0.25301733958721256
two_independent_publications,O14974,25,29,210,0.3472906403940887,0.06771474139895192,0.2795758989951368
two_independent_publications,O14974,30,29,210,0.37192118226600984,0.08033720665299612,0.29158397561301375
two_independent_publications,O15014,5,3,269,1.0,0.007656882871885924,0.9923431171281141
two_independent_publications,O15014,10,3,269,1.0,0.015119569439050103,0.9848804305609499
two_independent_publications,O15014,15,3,269,1.0,0.022221605726016756,0.9777783942739833
two_independent_publications,O15014,20,3,269,1.0,0.029212672695999555,0.9707873273040004
two_independent_publications,O15014,25,3,269,1.0,0.03592631637352272,0.9640736836264773
two_independent_publications,O15014,30,3,269,1.0,0.04347222992842479,0.9565277700715752
two_independent_publications,O15027,5,6,356,0.0,0.004795062509890806,-0.004795062509890806
two_independent_publications,O15027,10,6,356,0.06666666666666667,0.009447697420477923,0.057218969246188744
two_independent_publications,O15027,15,6,356,0.13333333333333333,0.013815477132457668,0.11951785620087567
two_independent_publications,O15027,20,6,356,0.13333333333333333,0.018040829245133724,0.1152925040881996
two_independent_publications,O15027,25,6,356,0.13333333333333333,0.02225035606899826,0.11108297726433507
two_independent_publications,O15027,30,6,356,0.13333333333333333,0.026444057604051274,0.10688927572928206
two_independent_publications,O15047,5,9,296,0.3055555555555556,0.010398534127347687,0.2951570214282079
two_independent_publications,O15047,10,9,296,0.5,0.0201099404489235,0.4798900595510765
two_independent_publications,O15047,15,9,296,0.6944444444444444,0.02913421896472744,0.665310225479717
two_independent_publications,O15047,20,9,296,0.8333333333333334,0.037929454878607424,0.7954038784547259
two_independent_publications,O15047,25,9,296,0.8888888888888888,0.04599175446633074,0.8428971344225581
two_independent_publications,O15047,30,9,296,0.9166666666666666,0.05396243701328447,0.8627042296533821
two_independent_publications,O15460,5,3,60,1.0,0.015254237288135594,0.9847457627118644
two_independent_publications,O15460,10,3,60,1.0,0.03615819209039548,0.9638418079096045
two_independent_publications,O15460,15,3,60,1.0,0.04858757062146893,0.9514124293785311
two_independent_publications,O15460,20,3,60,1.0,0.06384180790960452,0.9361581920903955
two_independent_publications,O15460,25,3,60,1.0,0.07966101694915254,0.9203389830508475
two_independent_publications,O15460,30,3,60,1.0,0.1,0.9
two_independent_publications,O15550,5,3,225,0.3333333333333333,0.008809523809523809,0.3245238095238095
two_independent_publications,O15550,10,3,225,0.3333333333333333,0.01650793650793651,0.3168253968253968
two_independent_publications,O15550,15,3,225,0.3333333333333333,0.025238095238095237,0.3080952380952381
two_independent_publications,O15550,20,3,225,0.3333333333333333,0.03301587301587302,0.3003174603174603
two_independent_publications,O15550,25,3,225,0.3333333333333333,0.04162698412698413,0.2917063492063492
two_independent_publications,O15550,30,3,225,0.3333333333333333,0.04928571428571429,0.28404761904761905
two_independent_publications,O43395,5,3,77,1.0,0.018113465481886533,0.9818865345181135
two_independent_publications,O43395,10,3,77,1.0,0.032809295967190705,0.9671907040328093
two_independent_publications,O43395,15,3,77,1.0,0.045112781954887216,0.9548872180451128
two_independent_publications,O43395,20,3,77,1.0,0.059125085440874914,0.9408749145591251
two_independent_publications,O43395,25,3,77,1.0,0.07382091592617908,0.9261790840738209
two_independent_publications,O43395,30,3,77,1.0,0.0898838004101162,0.9101161995898838
two_independent_publications,O43399,5,4,39,0.16666666666666666,0.037786774628879895,0.12887989203778677
two_independent_publications,O43399,10,4,39,0.5,0.09176788124156546,0.40823211875843457
two_independent_publications,O43399,15,4,39,0.5,0.1417004048582996,0.3582995951417004
two_independent_publications,O43399,20,4,39,0.8333333333333334,0.19568151147098514,0.6376518218623483
two_independent_publications,O43399,25,4,39,1.0,0.24021592442645073,0.7597840755735492
two_independent_publications,O43399,30,4,39,1.0,0.2807017543859649,0.7192982456140351
two_independent_publications,O43426,5,3,254,0.0,0.007282686502131898,-0.007282686502131898
two_independent_publications,O43426,10,3,254,0.3333333333333333,0.01437863745292708,0.31895469588040626
two_independent_publications,O43426,15,3,254,0.3333333333333333,0.021163362484827735,0.31216997084850556
two_independent_publications,O43426,20,3,254,0.3333333333333333,0.027574616414054964,0.30575871691927836
two_independent_publications,O43426,25,3,254,0.3333333333333333,0.03386137997572438,0.29947195335760896
two_independent_publications,O43426,30,3,254,0.3333333333333333,0.040428246864398866,0.29290508646893443
two_independent_publications,O43432,5,4,227,0.16666666666666666,0.007524073135550271,0.1591425935311164
two_independent_publications,O43432,10,4,227,0.5,0.014424388912712955,0.48557561108728703
two_independent_publications,O43432,15,4,227,0.5,0.02151962886437176,0.47848037113562825
two_independent_publications,O43432,20,4,227,0.8333333333333334,0.0293165958442166,0.8040167374891167
two_independent_publications,O43432,25,4,227,0.8333333333333334,0.036411835795875404,0.796921497537458
two_independent_publications,O43432,30,4,227,1.0,0.04264940937975128,0.9573505906202487
two_independent_publications,O43670,5,14,61,0.21978021978021978,0.060109289617486336,0.15967093016273343
two_independent_publications,O43670,10,14,61,0.3076923076923077,0.10765027322404372,0.200042034468264
two_independent_publications,O43670,15,14,61,0.34065934065934067,0.1546448087431694,0.18601453191617126
two_independent_publications,O43670,20,14,61,0.3516483516483517,0.19672131147540983,0.15492704017294184
two_independent_publications,O43670,25,14,61,0.37362637362637363,0.2448087431693989,0.12881763045697472
two_independent_publications,O43670,30,14,61,0.3956043956043956,0.28032786885245903,0.11527652675193656
two_independent_publications,O60296,5,5,166,0.2,0.013070463672873312,0.1869295363271267
two_independent_publications,O60296,10,5,166,0.8,0.02650602409638554,0.7734939759036145
two_independent_publications,O60296,15,5,166,0.9,0.03921139101861994,0.8607886089813801
two_independent_publications,O60296,20,5,166,1.0,0.05082146768893757,0.9491785323110624
two_independent_publications,O60296,25,5,166,1.0,0.061920408908360716,0.9380795910916393
two_independent_publications,O60296,30,5,166,1.0,0.07360350492880613,0.9263964950711938
two_independent_publications,O60318,5,8,306,0.17857142857142858,0.006257366334511947,0.17231406223691662
two_independent_publications,O60318,10,8,306,0.35714285714285715,0.011978999249973213,0.34516385789288395
two_independent_publications,O60318,15,8,306,0.5,0.01800064288010286,0.48199935711989716
two_independent_publications,O60318,20,8,306,0.5357142857142857,0.023765134469088182,0.5119491512451975
two_independent_publications,O60318,25,8,306,0.6071428571428571,0.030129647487410264,0.5770132096554468
two_independent_publications,O60318,30,8,306,0.6428571428571429,0.03615129111753991,0.606705851739603
two_independent_publications,O60675,5,8,28,0.32142857142857145,0.07936507936507936,0.2420634920634921
two_independent_publications,O60675,10,8,28,0.5,0.15608465608465608,0.34391534391534395
two_independent_publications,O60675,15,8,28,0.7142857142857143,0.2275132275132275,0.4867724867724868
two_independent_publications,O60675,20,8,28,0.8928571428571429,0.2830687830687831,0.6097883597883598
two_independent_publications,O60675,25,8,28,1.0,0.3333333333333333,0.6666666666666667
two_independent_publications,O60675,30,8,28,1.0,0.37566137566137564,0.6243386243386244
two_independent_publications,O75030,5,4,84,0.5,0.02667814113597246,0.47332185886402756
two_independent_publications,O75030,10,4,84,0.5,0.04704532415375789,0.4529546758462421
two_independent_publications,O75030,15,4,84,0.5,0.06712564543889846,0.43287435456110157
two_independent_publications,O75030,20,4,84,0.5,0.08749282845668388,0.4125071715433161
two_independent_publications,O75030,25,4,84,0.5,0.10413080895008606,0.3958691910499139
two_independent_publications,O75030,30,4,84,0.5,0.11818703384968446,0.38181296615031557
two_independent_publications,O75113,5,3,125,0.0,0.011612903225806452,-0.011612903225806452
two_independent_publications,O75113,10,3,125,0.0,0.023741935483870966,-0.023741935483870966
two_independent_publications,O75113,15,3,125,0.3333333333333333,0.03664516129032258,0.29668817204301073
two_independent_publications,O75113,20,3,125,0.3333333333333333,0.047870967741935486,0.2854623655913978
two_independent_publications,O75113,25,3,125,0.3333333333333333,0.057935483870967745,0.27539784946236556
two_independent_publications,O75113,30,3,125,0.3333333333333333,0.06903225806451613,0.2643010752688172
two_independent_publications,O75170,5,4,132,0.0,0.011566042100393246,-0.011566042100393246
two_independent_publications,O75170,10,4,132,0.16666666666666666,0.021050196622715706,0.14561647004395095
two_independent_publications,O75170,15,4,132,0.5,0.03238491788110109,0.4676150821188989
two_independent_publications,O75170,20,4,132,0.8333333333333334,0.043950959981494335,0.789382373351839
two_independent_publications,O75170,25,4,132,0.8333333333333334,0.05297247281980107,0.7803608605135323
two_independent_publications,O75170,30,4,132,0.8333333333333334,0.0655794587092297,0.7677538746241037
two_independent_publications,O75179,5,25,458,0.056666666666666664,0.0054943479881130975,0.05117231867855357
two_independent_publications,O75179,10,25,458,0.09333333333333334,0.010826254383534156,0.08250707894979918
two_independent_publications,O75179,15,25,458,0.11333333333333333,0.015317286652078774,0.09801604668125455
two_independent_publications,O75179,20,25,458,0.13,0.019856095859650463,0.11014390414034954
two_independent_publications,O75179,25,25,458,0.14,0.023974468003783934,0.11602553199621608
two_independent_publications,O75179,30,25,458,0.16,0.02857060953818811,0.1314293904618119
two_independent_publications,O75376,5,42,421,0.0313588850174216,0.0046261735097839615,0.02673271150763764
two_independent_publications,O75376,10,42,421,0.053426248548199766,0.009105304829770388,0.04432094371842938
two_independent_publications,O75376,15,42,421,0.0627177700348432,0.013482637710666214,0.04923513232417699
two_independent_publications,O75376,20,42,421,0.06736353077816493,0.01789390340459224,0.04946962737357269
two_independent_publications,O75376,25,42,421,0.07317073170731707,0.022045017531953398,0.05112571417536367
two_independent_publications,O75376,30,42,421,0.08013937282229965,0.02660332541567696,0.05353604740662268
two_independent_publications,O94842,5,12,111,0.18181818181818182,0.016871416871416873,0.16494676494676494
two_independent_publications,O94842,10,12,111,0.3181818181818182,0.03521703521703522,0.28296478296478295
two_independent_publications,O94842,15,12,111,0.48484848484848486,0.051433251433251434,0.4334152334152334
two_independent_publications,O94842,20,12,111,0.6212121212121212,0.06846846846846846,0.5527436527436528
two_independent_publications,O94842,25,12,111,0.7121212121212122,0.0855036855036855,0.6266175266175267
two_independent_publications,O94842,30,12,111,0.8333333333333334,0.10171990171990172,0.7316134316134316
two_independent_publications,O94913,5,3,208,1.0,0.00785024154589372,0.9921497584541062
two_independent_publications,O94913,10,3,208,1.0,0.016025641025641024,0.983974358974359
two_independent_publications,O94913,15,3,208,1.0,0.023504273504273504,0.9764957264957265
two_independent_publications,O94913,20,3,208,1.0,0.03042549238201412,0.9695745076179859
two_independent_publications,O94913,25,3,208,1.0,0.03776477146042363,0.9622352285395763
two_independent_publications,O94913,30,3,208,1.0,0.044453734671125976,0.955546265328874
two_independent_publications,O94979,5,6,176,0.0,0.00948051948051948,-0.00948051948051948
two_independent_publications,O94979,10,6,176,0.13333333333333333,0.017922077922077922,0.11541125541125541
two_independent_publications,O94979,15,6,176,0.13333333333333333,0.02707792207792208,0.10625541125541126
two_independent_publications,O94979,20,6,176,0.2,0.03558441558441559,0.16441558441558443
two_independent_publications,O94979,25,6,176,0.2,0.04487012987012987,0.15512987012987015
two_independent_publications,O94979,30,6,176,0.2,0.05487012987012987,0.14512987012987014
two_independent_publications,O95081,5,8,89,0.39285714285714285,0.023748723186925433,0.3691084196702174
two_independent_publications,O95081,10,8,89,0.75,0.04647599591419816,0.7035240040858018
two_independent_publications,O95081,15,8,89,0.8928571428571429,0.06613891726251277,0.8267182255946302
two_independent_publications,O95081,20,8,89,0.9642857142857143,0.08733401430030643,0.8769516999854079
two_independent_publications,O95081,25,8,89,1.0,0.10929519918283963,0.8907048008171604
two_independent_publications,O95081,30,8,89,1.0,0.12691521961184882,0.8730847803881512
two_independent_publications,O95486,5,8,182,0.25,0.009714042863214135,0.24028595713678585
two_independent_publications,O95486,10,8,182,0.5714285714285714,0.018031692064841235,0.5533968793637302
two_independent_publications,O95486,15,8,182,0.8214285714285714,0.027138607249104486,0.794289964179467
two_independent_publications,O95486,20,8,182,1.0,0.03624552243336774,0.9637544775666322
two_independent_publications,O95486,25,8,182,1.0,0.04565600145710643,0.9543439985428935
two_independent_publications,O95486,30,8,182,1.0,0.05537004432032056,0.9446299556796794
two_independent_publications,O95487,5,17,233,0.09558823529411764,0.009212668343939618,0.08637556695017802
two_independent_publications,O95487,10,17,233,0.16176470588235295,0.01753736865472843,0.1442273372276245
two_independent_publications,O95487,15,17,233,0.25735294117647056,0.024789107592126682,0.23256383358434388
two_independent_publications,O95487,20,17,233,0.3382352941176471,0.033335799911203196,0.3048994942064439
two_independent_publications,O95487,25,17,233,0.41911764705882354,0.04206748557051946,0.37705016148830406
two_independent_publications,O95487,30,17,233,0.5073529411764706,0.050873168565931624,0.45647977261053896
two_independent_publications,O95628,5,7,101,0.3333333333333333,0.02415841584158416,0.30917491749174913
two_independent_publications,O95628,10,7,101,0.7142857142857143,0.04455445544554455,0.6697312588401697
two_independent_publications,O95628,15,7,101,0.9523809523809523,0.06277227722772277,0.8896086751532295
two_independent_publications,O95628,20,7,101,0.9523809523809523,0.08118811881188119,0.8711928335690712
two_independent_publications,O95628,25,7,101,1.0,0.09920792079207921,0.9007920792079208
two_independent_publications,O95628,30,7,101,1.0,0.11762376237623762,0.8823762376237624
two_independent_publications,P02545,5,16,105,0.2,0.020512820512820513,0.1794871794871795
two_independent_publications,P02545,10,16,105,0.3416666666666667,0.039377289377289376,0.3022893772893773
two_independent_publications,P02545,15,16,105,0.5166666666666667,0.05787545787545788,0.4587912087912088
two_independent_publications,P02545,20,16,105,0.6916666666666667,0.07344322344322345,0.6182234432234432
two_independent_publications,P02545,25,16,105,0.775,0.08791208791208792,0.6870879120879121
two_independent_publications,P02545,30,16,105,0.85,0.1043956043956044,0.7456043956043956
two_independent_publications,P02786,5,3,100,0.3333333333333333,0.012727272727272728,0.32060606060606056
two_independent_publications,P02786,10,3,100,0.3333333333333333,0.027474747474747475,0.30585858585858583
two_independent_publications,P02786,15,3,100,0.3333333333333333,0.040606060606060604,0.2927272727272727
two_independent_publications,P02786,20,3,100,0.3333333333333333,0.052121212121212124,0.2812121212121212
two_independent_publications,P02786,25,3,100,0.3333333333333333,0.06222222222222222,0.2711111111111111
two_independent_publications,P02786,30,3,100,0.3333333333333333,0.07272727272727272,0.2606060606060606
two_independent_publications,P04150,5,5,134,0.6,0.014700931433060263,0.5852990685669397
two_independent_publications,P04150,10,5,134,0.7,0.027830770957243855,0.6721692290427561
two_independent_publications,P04150,15,5,134,1.0,0.04230726068903602,0.957692739310964
two_independent_publications,P04150,20,5,134,1.0,0.05644708786892605,0.943552912131074
two_independent_publications,P04150,25,5,134,1.0,0.0687913814386713,0.9312086185613286
two_independent_publications,P04150,30,5,134,1.0,0.08203344181348894,0.9179665581865111
two_independent_publications,P04792,5,5,35,0.2,0.0453781512605042,0.1546218487394958
two_independent_publications,P04792,10,5,35,0.5,0.0907563025210084,0.4092436974789916
two_independent_publications,P04792,15,5,35,0.6,0.13781512605042018,0.4621848739495798
two_independent_publications,P04792,20,5,35,0.6,0.18487394957983194,0.41512605042016804
two_independent_publications,P04792,25,5,35,0.6,0.23865546218487396,0.361344537815126
two_independent_publications,P04792,30,5,35,0.6,0.27899159663865547,0.3210084033613445
two_independent_publications,P05387,5,3,12,0.3333333333333333,0.07575757575757576,0.25757575757575757
two_independent_publications,P05387,10,3,12,0.6666666666666666,0.13636363636363635,0.5303030303030303
two_independent_publications,P05387,15,3,12,1.0,0.24242424242424243,0.7575757575757576
two_independent_publications,P05387,20,3,12,1.0,0.2878787878787879,0.7121212121212122
two_independent_publications,P05387,25,3,12,1.0,0.3484848484848485,0.6515151515151515
two_independent_publications,P05387,30,3,12,1.0,0.42424242424242425,0.5757575757575757
two_independent_publications,P05783,5,10,67,0.1111111111111111,0.033016734509271825,0.07809437660183928
two_independent_publications,P05783,10,10,67,0.24444444444444444,0.06151062867480778,0.18293381576963666
two_independent_publications,P05783,15,10,67,0.4222222222222222,0.08548168249660787,0.33674053972561435
two_independent_publications,P05783,20,10,67,0.5777777777777777,0.10900045228403438,0.46877732549374335
two_independent_publications,P05783,25,10,67,0.6444444444444445,0.13116236996834013,0.5132820744761044
two_independent_publications,P05783,30,10,67,0.7111111111111111,0.15151515151515152,0.5595959595959596
two_independent_publications,P05787,5,11,82,0.10909090909090909,0.028906955736224028,0.08018395335468506
two_independent_publications,P05787,10,11,82,0.12727272727272726,0.06022282445046673,0.06704990282226053
two_independent_publications,P05787,15,11,82,0.14545454545454545,0.08732309545317675,0.0581314500013687
two_independent_publications,P05787,20,11,82,0.16363636363636364,0.1111111111111111,0.05252525252525253
two_independent_publications,P05787,25,11,82,0.23636363636363636,0.13851249623607348,0.09785114012756288
two_independent_publications,P05787,30,11,82,0.2545454545454545,0.16079494128274616,0.09375051326270836
two_independent_publications,P08047,5,7,164,0.09523809523809523,0.01825527457728565,0.07698282066080958
two_independent_publications,P08047,10,7,164,0.09523809523809523,0.035014215172826574,0.06022388006526866
two_independent_publications,P08047,15,7,164,0.09523809523809523,0.0517731557683675,0.04346493946972773
two_independent_publications,P08047,20,7,164,0.09523809523809523,0.06763429597486159,0.02760379926323364
two_independent_publications,P08047,25,7,164,0.09523809523809523,0.08177465210234924,0.01346344313574599
two_independent_publications,P08047,30,7,164,0.19047619047619047,0.0977854257070178,0.09269076476917266
two_independent_publications,P08651,5,5,91,0.2,0.02783882783882784,0.17216117216117216
two_independent_publications,P08651,10,5,91,0.3,0.0568986568986569,0.2431013431013431
two_independent_publications,P08651,15,5,91,0.6,0.0800976800976801,0.5199023199023198
two_independent_publications,P08651,20,5,91,0.6,0.10183150183150183,0.4981684981684982
two_independent_publications,P08651,25,5,91,0.6,0.12405372405372406,0.4759462759462759
two_independent_publications,P08651,30,5,91,0.6,0.14774114774114774,0.4522588522588522
two_independent_publications,P08670,5,15,68,0.2,0.033801580333625986,0.16619841966637403
two_independent_publications,P08670,10,15,68,0.3523809523809524,0.06892010535557506,0.2834608470253773
two_independent_publications,P08670,15,15,68,0.5238095238095238,0.0996488147497805,0.42416070905974335
two_independent_publications,P08670,20,15,68,0.6571428571428571,0.13257243195785778,0.5245704251849994
two_independent_publications,P08670,25,15,68,0.7523809523809524,0.16593503072870938,0.586445921652243
two_independent_publications,P08670,30,15,68,0.8666666666666667,0.1957857769973661,0.6708808896693006
two_independent_publications,P09651,5,4,54,0.5,0.03424178895877009,0.4657582110412299
two_independent_publications,P09651,10,4,54,0.5,0.05870020964360587,0.4412997903563941
two_independent_publications,P09651,15,4,54,0.5,0.07547169811320754,0.42452830188679247
two_independent_publications,P09651,20,4,54,0.5,0.09503843466107617,0.4049615653389238
two_independent_publications,P09651,25,4,54,0.8333333333333334,0.1222921034241789,0.7110412299091544
two_independent_publications,P09651,30,4,54,1.0,0.143256464011181,0.856743535988819
two_independent_publications,P0C7T5,5,10,116,0.17777777777777778,0.014692653673163419,0.16308512410461437
two_independent_publications,P0C7T5,10,10,116,0.24444444444444444,0.03073463268365817,0.21370981176078627
two_independent_publications,P0C7T5,15,10,116,0.4222222222222222,0.04272863568215892,0.3794935865400633
two_independent_publications,P0C7T5,20,10,116,0.4666666666666667,0.056371814092953526,0.4102948525737131
two_independent_publications,P0C7T5,25,10,116,0.4666666666666667,0.07001499250374812,0.3966516741629186
two_independent_publications,P0C7T5,30,10,116,0.4666666666666667,0.08515742128935533,0.38150924537731135
two_independent_publications,P12270,5,8,364,0.25,0.005388550843096297,0.2446114491569037
two_independent_publications,P12270,10,8,364,0.42857142857142855,0.010338146701783065,0.4182332818696455
two_independent_publications,P12270,15,8,364,0.6071428571428571,0.01539369721187903,0.5917491599309781
two_independent_publications,P12270,20,8,364,0.75,0.020343293070565798,0.7296567069294342
two_independent_publications,P12270,25,8,364,0.75,0.02455120636938819,0.7254487936306118
two_independent_publications,P12270,30,8,364,0.75,0.029167801895074622,0.7208321981049254
two_independent_publications,P14859,5,3,181,0.3333333333333333,0.017495395948434623,0.3158379373848987
two_independent_publications,P14859,10,3,181,0.3333333333333333,0.033517495395948435,0.29981583793738487
two_independent_publications,P14859,15,3,181,0.3333333333333333,0.04941682013505218,0.28391651319828115
two_independent_publications,P14859,20,3,181,0.3333333333333333,0.06414978514426029,0.26918354818907303
two_independent_publications,P14859,25,3,181,0.3333333333333333,0.07875997544505832,0.254573357888275
two_independent_publications,P14859,30,3,181,0.3333333333333333,0.09251074278698589,0.24082259054634741
two_independent_publications,P15336,5,3,104,0.0,0.02333831217326363,-0.02333831217326363
two_independent_publications,P15336,10,3,104,0.3333333333333333,0.04536967886482449,0.2879636544685088
two_independent_publications,P15336,15,3,104,0.3333333333333333,0.0681478715459298,0.26518546178740354
two_independent_publications,P15336,20,3,104,0.3333333333333333,0.09111277072442121,0.24222056260891212
two_independent_publications,P15336,25,3,104,0.3333333333333333,0.109596713965646,0.2237366193676873
two_independent_publications,P15336,30,3,104,0.3333333333333333,0.12714712471994025,0.20618620861339307
two_independent_publications,P15822,5,29,541,0.022167487684729065,0.004066543438077634,0.01810094424665143
two_independent_publications,P15822,10,29,541,0.03694581280788178,0.00790032176353803,0.029045491044343747
two_independent_publications,P15822,15,29,541,0.04433497536945813,0.011501334976381188,0.03283364039307694
two_independent_publications,P15822,20,29,541,0.046798029556650245,0.015040733894708017,0.03175729566194223
two_independent_publications,P15822,25,29,541,0.054187192118226604,0.018888204285616484,0.035298987832610124
two_independent_publications,P15822,30,29,541,0.054187192118226604,0.022626138152940373,0.03156105396528623
two_independent_publications,P15880,5,3,35,0.3333333333333333,0.03361344537815126,0.29971988795518206
two_independent_publications,P15880,10,3,35,1.0,0.07394957983193277,0.9260504201680673
two_independent_publications,P15880,15,3,35,1.0,0.11932773109243698,0.880672268907563
two_independent_publications,P15880,20,3,35,1.0,0.16134453781512606,0.838655462184874
two_independent_publications,P15880,25,3,35,1.0,0.20840336134453782,0.7915966386554621
two_independent_publications,P15880,30,3,35,1.0,0.24873949579831933,0.7512605042016807
two_independent_publications,P17275,5,6,51,0.06666666666666667,0.04,0.026666666666666665
two_independent_publications,P17275,10,6,51,0.3333333333333333,0.07058823529411765,0.26274509803921564
two_independent_publications,P17275,15,6,51,0.3333333333333333,0.09411764705882353,0.2392156862745098
two_independent_publications,P17275,20,6,51,0.4666666666666667,0.12470588235294118,0.3419607843137255
two_independent_publications,P17275,25,6,51,0.4666666666666667,0.1584313725490196,0.30823529411764705
two_independent_publications,P17275,30,6,51,0.4666666666666667,0.18745098039215685,0.2792156862745098
two_independent_publications,P17544,5,4,88,0.0,0.02168234064785789,-0.02168234064785789
two_independent_publications,P17544,10,4,88,0.0,0.04231974921630094,-0.04231974921630094
two_independent_publications,P17544,15,4,88,0.3333333333333333,0.060867293625914316,0.272466039707419
two_independent_publications,P17544,20,4,88,0.3333333333333333,0.08254963427377221,0.2507836990595611
two_independent_publications,P17544,25,4,88,0.3333333333333333,0.10658307210031348,0.22675026123301983
two_independent_publications,P17544,30,4,88,0.5,0.12800417972831765,0.3719958202716823
two_independent_publications,P18583,5,8,511,0.14285714285714285,0.004481792717086834,0.138375350140056
two_independent_publications,P18583,10,8,511,0.2857142857142857,0.009523809523809525,0.27619047619047615
two_independent_publications,P18583,15,8,511,0.42857142857142855,0.014420014581174936,0.4141514139902536
two_independent_publications,P18583,20,8,511,0.42857142857142855,0.019078316258010052,0.4094931123134185
two_independent_publications,P18583,25,8,511,0.4642857142857143,0.02389777828939795,0.44038793599631637
two_independent_publications,P18583,30,8,511,0.4642857142857143,0.028433291124669045,0.4358524231610453
two_independent_publications,P18846,5,8,65,0.32142857142857145,0.04519230769230769,0.27623626373626375
two_independent_publications,P18846,10,8,65,0.6071428571428571,0.08701923076923077,0.5201236263736263
two_independent_publications,P18846,15,8,65,0.8571428571428571,0.12067307692307692,0.7364697802197802
two_independent_publications,P18846,20,8,65,0.8928571428571429,0.15528846153846154,0.7375686813186814
two_independent_publications,P18846,25,8,65,1.0,0.1841346153846154,0.8158653846153846
two_independent_publications,P18846,30,8,65,1.0,0.21586538461538463,0.7841346153846154
two_independent_publications,P22681,5,5,139,0.6,0.012198936502971536,0.5878010634970284
two_independent_publications,P22681,10,5,139,0.6,0.023459493274945262,0.5765405067250547
two_independent_publications,P22681,15,5,139,0.6,0.0339901991450318,0.5660098008549682
two_independent_publications,P22681,20,5,139,0.6,0.043791054113231156,0.5562089458867688
two_independent_publications,P22681,25,5,139,0.6,0.05286205817954332,0.5471379418204566
two_independent_publications,P22681,30,5,139,0.6,0.06558231675529141,0.5344176832447085
two_independent_publications,P23511,5,3,45,0.3333333333333333,0.03636363636363636,0.29696969696969694
two_independent_publications,P23511,10,3,45,0.3333333333333333,0.07474747474747474,0.2585858585858586
two_independent_publications,P23511,15,3,45,0.3333333333333333,0.09595959595959595,0.23737373737373735
two_independent_publications,P23511,20,3,45,0.3333333333333333,0.12323232323232323,0.21010101010101007
two_independent_publications,P23511,25,3,45,0.3333333333333333,0.15656565656565657,0.17676767676767674
two_independent_publications,P23511,30,3,45,0.3333333333333333,0.18888888888888888,0.14444444444444443
two_independent_publications,P27540,5,3,143,0.3333333333333333,0.012705604254900029,0.3206277290784333
two_independent_publications,P27540,10,3,143,0.3333333333333333,0.026494632128434944,0.30683870120489837
two_independent_publications,P27540,15,3,143,0.3333333333333333,0.0403821530582094,0.2929511802751239
two_independent_publications,P27540,20,3,143,0.3333333333333333,0.0532847434255885,0.28004858990774484
two_independent_publications,P27540,25,3,143,0.3333333333333333,0.06549788239929084,0.2678354509340425
two_independent_publications,P27540,30,3,143,0.3333333333333333,0.0774155422042746,0.2559177911290587
two_independent_publications,P27816,5,5,215,0.2,0.009997826559443599,0.19000217344055642
two_independent_publications,P27816,10,5,215,0.4,0.01895240165181482,0.3810475983481852
two_independent_publications,P27816,15,5,215,0.6,0.02847207128885025,0.5715279287111498
two_independent_publications,P27816,20,5,215,0.8,0.03760052162573354,0.7623994783742665
two_independent_publications,P27816,25,5,215,1.0,0.04642469028472071,0.9535753097152793
two_independent_publications,P27816,30,5,215,1.0,0.055422734188219955,0.94457726581178
two_independent_publications,P28347,5,3,55,0.6666666666666666,0.028956228956228958,0.6377104377104377
two_independent_publications,P28347,10,3,55,1.0,0.052525252525252523,0.9474747474747475
two_independent_publications,P28347,15,3,55,1.0,0.07744107744107744,0.9225589225589226
two_independent_publications,P28347,20,3,55,1.0,0.10101010101010101,0.898989898989899
two_independent_publications,P28347,25,3,55,1.0,0.11784511784511785,0.8821548821548821
two_independent_publications,P28347,30,3,55,1.0,0.13198653198653199,0.868013468013468
two_independent_publications,P31629,5,16,454,0.016666666666666666,0.004813723488053214,0.011852943178613452
two_independent_publications,P31629,10,16,454,0.025,0.00918983574991977,0.01581016425008023
two_independent_publications,P31629,15,16,454,0.03333333333333333,0.013147786173430192,0.02018554715990314
two_independent_publications,P31629,20,16,454,0.03333333333333333,0.017222432923923718,0.016110900409409615
two_independent_publications,P31629,25,16,454,0.041666666666666664,0.021297079674417248,0.020369586992249417
two_independent_publications,P31629,30,16,454,0.05,0.02563429316062277,0.024365706839377232
two_independent_publications,P32519,5,3,113,0.3333333333333333,0.020859671302149177,0.31247366203118415
two_independent_publications,P32519,10,3,113,0.3333333333333333,0.039190897597977246,0.2941424357353561
two_independent_publications,P32519,15,3,113,0.3333333333333333,0.05957648546144122,0.2737568478718921
two_independent_publications,P32519,20,3,113,0.3333333333333333,0.0777496839443742,0.2555836493889591
two_independent_publications,P32519,25,3,113,0.3333333333333333,0.09402654867256637,0.23930678466076694
two_independent_publications,P32519,30,3,113,0.3333333333333333,0.11014538558786346,0.22318794774546985
two_independent_publications,P35658,5,106,530,0.020844564240790654,0.005578342904019688,0.015266221336770965
two_independent_publications,P35658,10,106,530,0.03575920934411501,0.010885615436744302,0.024873593907370706
two_independent_publications,P35658,15,106,530,0.04743935309973046,0.016271355708528015,0.03116799739120244
two_independent_publications,P35658,20,106,530,0.06073674752920036,0.02150016050219353,0.03923658702700683
two_independent_publications,P35658,25,106,530,0.07403414195867027,0.02678603274244748,0.047248109216222786
two_independent_publications,P35658,30,106,530,0.08427672955974842,0.03204337125940721,0.05223335830034121
two_independent_publications,P37198,5,36,135,0.06507936507936508,0.02476506357103372,0.04031430150833136
two_independent_publications,P37198,10,36,135,0.10158730158730159,0.04787175234936429,0.053715549237937296
two_independent_publications,P37198,15,36,135,0.13015873015873017,0.07042564953012714,0.059733080628603025
two_independent_publications,P37198,20,36,135,0.1523809523809524,0.09408512990602542,0.05829582247492697
two_independent_publications,P37198,25,36,135,0.1761904761904762,0.11420674405749033,0.06198373213298587
two_independent_publications,P37198,30,36,135,0.1984126984126984,0.13565505804311775,0.06275764036958065
two_independent_publications,P39880,5,5,247,0.4,0.008327573154274053,0.39167242684572595
two_independent_publications,P39880,10,5,247,0.8,0.0160297554392548,0.7839702445607453
two_independent_publications,P39880,15,5,247,1.0,0.024061090813337283,0.9759389091866627
two_independent_publications,P39880,20,5,247,1.0,0.03097330568447385,0.9690266943155261
two_independent_publications,P39880,25,5,247,1.0,0.037655113393239195,0.9623448866067608
two_independent_publications,P39880,30,5,247,1.0,0.04417234455745367,0.9558276554425463
two_independent_publications,P40763,5,4,98,1.0,0.01283399957921313,0.9871660004207868
two_independent_publications,P40763,10,4,98,1.0,0.027561540079949504,0.9724384599200505
two_independent_publications,P40763,15,4,98,1.0,0.04249947401641069,0.9575005259835894
two_independent_publications,P40763,20,4,98,1.0,0.05491268672417421,0.9450873132758257
two_independent_publications,P40763,25,4,98,1.0,0.0664843256890385,0.9335156743109615
two_independent_publications,P40763,30,4,98,1.0,0.07973911213970124,0.9202608878602988
two_independent_publications,P42166,5,3,124,0.3333333333333333,0.015604510883818515,0.3177288224495148
two_independent_publications,P42166,10,3,124,0.3333333333333333,0.03029110936270653,0.3030422239706268
two_independent_publications,P42166,15,3,124,1.0,0.045371098872279046,0.9546289011277209
two_independent_publications,P42166,20,3,124,1.0,0.05966430632048256,0.9403356936795174
two_independent_publications,P42166,25,3,124,1.0,0.07461316548649358,0.9253868345135065
two_independent_publications,P42166,30,3,124,1.0,0.08903750327825859,0.9109624967217415
two_independent_publications,P43243,5,4,113,0.5,0.013432364096080911,0.4865676359039191
two_independent_publications,P43243,10,4,113,0.5,0.026232616940581543,0.47376738305941846
two_independent_publications,P43243,15,4,113,1.0,0.039348925410872315,0.9606510745891277
two_independent_publications,P43243,20,4,113,1.0,0.05151706700379267,0.9484829329962073
two_independent_publications,P43243,25,4,113,1.0,0.06289506953223767,0.9371049304677623
two_independent_publications,P43243,30,4,113,1.0,0.0752212389380531,0.9247787610619469
two_independent_publications,P46937,5,3,87,0.0,0.02165196471531676,-0.02165196471531676
two_independent_publications,P46937,10,3,87,0.0,0.04170008019246191,-0.04170008019246191
two_independent_publications,P46937,15,3,87,0.0,0.06655974338412189,-0.06655974338412189
two_independent_publications,P46937,20,3,87,0.0,0.08981555733761026,-0.08981555733761026
two_independent_publications,P46937,25,3,87,0.0,0.11120021384656509,-0.11120021384656509
two_independent_publications,P46937,30,3,87,0.3333333333333333,0.13445602780005347,0.19887730553327984
two_independent_publications,P46977,5,4,100,0.3333333333333333,0.014747474747474747,0.3185858585858586
two_independent_publications,P46977,10,4,100,0.6666666666666666,0.02808080808080808,0.6385858585858586
two_independent_publications,P46977,15,4,100,1.0,0.04181818181818182,0.9581818181818181
two_independent_publications,P46977,20,4,100,1.0,0.05333333333333334,0.9466666666666667
two_independent_publications,P46977,25,4,100,1.0,0.06727272727272728,0.9327272727272727
two_independent_publications,P46977,30,4,100,1.0,0.08181818181818182,0.9181818181818182
two_independent_publications,P48382,5,3,79,0.3333333333333333,0.017526777020447908,0.3158065563128854
two_independent_publications,P48382,10,3,79,1.0,0.033106134371957155,0.9668938656280428
two_independent_publications,P48382,15,3,79,1.0,0.04706264199935086,0.9529373580006492
two_independent_publications,P48382,20,3,79,1.0,0.06134371957156767,0.9386562804284323
two_independent_publications,P48382,25,3,79,1.0,0.0762739370334307,0.9237260629665693
two_independent_publications,P48382,30,3,79,1.0,0.09250243427458617,0.9074975657254138
two_independent_publications,P48431,5,3,50,0.3333333333333333,0.04081632653061224,0.2925170068027211
two_independent_publications,P48431,10,3,50,1.0,0.08081632653061224,0.9191836734693878
two_independent_publications,P48431,15,3,50,1.0,0.11836734693877551,0.8816326530612245
two_independent_publications,P48431,20,3,50,1.0,0.15346938775510205,0.8465306122448979
two_independent_publications,P48431,25,3,50,1.0,0.1763265306122449,0.8236734693877551
two_independent_publications,P48431,30,3,50,1.0,0.20244897959183675,0.7975510204081633
two_independent_publications,P48634,5,5,302,0.3,0.005698444478669336,0.29430155552133064
two_independent_publications,P48634,10,5,302,0.6,0.010098787705441025,0.5899012122945589
two_independent_publications,P48634,15,5,302,0.6,0.015027172119425315,0.5849728278805747
two_independent_publications,P48634,20,5,302,0.6,0.020351587423819057,0.5796484125761809
two_independent_publications,P48634,25,5,302,0.6,0.025455985566874215,0.5745440144331257
two_independent_publications,P48634,30,5,302,0.6,0.030120349387252207,0.5698796506127478
two_independent_publications,P49321,5,4,100,0.16666666666666666,0.013131313131313131,0.15353535353535352
two_independent_publications,P49321,10,4,100,0.3333333333333333,0.025656565656565655,0.30767676767676766
two_independent_publications,P49321,15,4,100,0.3333333333333333,0.03878787878787879,0.29454545454545455
two_independent_publications,P49321,20,4,100,0.3333333333333333,0.05333333333333334,0.27999999999999997
two_independent_publications,P49321,25,4,100,0.3333333333333333,0.06666666666666667,0.26666666666666666
two_independent_publications,P49321,30,4,100,0.3333333333333333,0.07858585858585859,0.2547474747474747
two_independent_publications,P49336,5,5,51,0.6,0.029019607843137254,0.5709803921568627
two_independent_publications,P49336,10,5,51,0.6,0.05176470588235294,0.548235294117647
two_independent_publications,P49336,15,5,51,1.0,0.0792156862745098,0.9207843137254902
two_independent_publications,P49336,20,5,51,1.0,0.10980392156862745,0.8901960784313725
two_independent_publications,P49336,25,5,51,1.0,0.12862745098039216,0.8713725490196078
two_independent_publications,P49336,30,5,51,1.0,0.156078431372549,0.843921568627451
two_independent_publications,P49750,5,4,268,0.16666666666666666,0.006428531499804349,0.1602381351668623
two_independent_publications,P49750,10,4,268,0.16666666666666666,0.011906758343115881,0.15475990832355077
two_independent_publications,P49750,15,4,268,0.16666666666666666,0.018502990664654256,0.1481636760020124
two_independent_publications,P49750,20,4,268,0.16666666666666666,0.02428866901447817,0.14237799765218848
two_independent_publications,P49750,25,4,268,0.5,0.02895634188607524,0.47104365811392473
two_independent_publications,P49750,30,4,268,0.5,0.03482587064676617,0.4651741293532338
two_independent_publications,P49790,5,98,400,0.028613507258573534,0.007681704260651629,0.020931802997921904
two_independent_publications,P49790,10,98,400,0.04986324426677888,0.01474937343358396,0.03511387083319492
two_independent_publications,P49790,15,98,400,0.06501157163896487,0.021779448621553885,0.04323212301741099
two_independent_publications,P49790,20,98,400,0.08331580054702294,0.02899749373433584,0.054318306812687095
two_independent_publications,P49790,25,98,400,0.10267199663370503,0.03604010025062657,0.06663189638307847
two_independent_publications,P49790,30,98,400,0.11866189774879024,0.042681704260651626,0.07598019348813861
two_independent_publications,P49792,5,20,518,0.06315789473684211,0.0035473439728758876,0.05961055076396622
two_independent_publications,P49792,10,20,518,0.07368421052631578,0.007229113612092336,0.06645509691422345
two_independent_publications,P49792,15,20,518,0.07894736842105263,0.0104478615116913,0.06849950690936132
two_independent_publications,P49792,20,20,518,0.08421052631578947,0.013778630799907396,0.07043189551588208
two_independent_publications,P49792,25,20,518,0.09473684210526316,0.01734837905050671,0.07738846305475645
two_independent_publications,P49792,30,20,518,0.09473684210526316,0.020746361171893088,0.07399048093337007
two_independent_publications,P49848,5,11,107,0.18181818181818182,0.02204196790689473,0.1597762139112871
two_independent_publications,P49848,10,11,107,0.2909090909090909,0.041791571151472404,0.24911751975761848
two_independent_publications,P49848,15,11,107,0.36363636363636365,0.06136483865279492,0.30227152498356874
two_independent_publications,P49848,20,11,107,0.4,0.08005642743784165,0.3199435725621584
two_independent_publications,P49848,25,11,107,0.4,0.09962969493916417,0.30037030506083584
two_independent_publications,P49848,30,11,107,0.41818181818181815,0.11849761946746605,0.2996841987143521
two_independent_publications,P50402,5,6,53,0.4666666666666667,0.07184325108853411,0.39482341557813255
two_independent_publications,P50402,10,6,53,0.4666666666666667,0.12989840348330914,0.3367682631833575
two_independent_publications,P50402,15,6,53,0.4666666666666667,0.17706821480406387,0.2895984518626028
two_independent_publications,P50402,20,6,53,0.4666666666666667,0.21770682148040638,0.2489598451862603
two_independent_publications,P50402,25,6,53,0.4666666666666667,0.2590711175616836,0.20759554910498307
two_independent_publications,P50402,30,6,53,0.4666666666666667,0.28592162554426703,0.18074504112239964
two_independent_publications,P51003,5,3,128,0.3333333333333333,0.0172244094488189,0.3161089238845144
two_independent_publications,P51003,10,3,128,0.3333333333333333,0.03543307086614173,0.2979002624671916
two_independent_publications,P51003,15,3,128,0.3333333333333333,0.05204232283464567,0.28129101049868765
two_independent_publications,P51003,20,3,128,0.3333333333333333,0.0702509842519685,0.2630823490813648
two_independent_publications,P51003,25,3,128,0.3333333333333333,0.08686023622047244,0.24647309711286086
two_independent_publications,P51003,30,3,128,0.3333333333333333,0.1016240157480315,0.23170931758530183
two_independent_publications,P51610,5,132,449,0.017696044413601664,0.0058363824371619475,0.011859661976439718
two_independent_publications,P51610,10,132,449,0.03388850335415221,0.011523623926185174,0.022364879427967034
two_independent_publications,P51610,15,132,449,0.04892435808466343,0.0166043588927776,0.03231999919188583
two_independent_publications,P51610,20,132,449,0.06291926902613926,0.02192371937639198,0.040995549649747276
two_independent_publications,P51610,25,132,449,0.07702984038861901,0.02730273623926185,0.04972710414935716
two_independent_publications,P51610,30,132,449,0.09009946796206338,0.0328706649697741,0.057228802992289274
two_independent_publications,P52594,5,14,127,0.1978021978021978,0.022747156605424323,0.17505504119677348
two_independent_publications,P52594,10,14,127,0.32967032967032966,0.04024496937882765,0.289425360291502
two_independent_publications,P52594,15,14,127,0.3956043956043956,0.05874265716785402,0.33686173843654155
two_independent_publications,P52594,20,14,127,0.3956043956043956,0.07774028246469192,0.31786411313970364
two_independent_publications,P52594,25,14,127,0.3956043956043956,0.09486314210723659,0.30074125349715897
two_independent_publications,P52594,30,14,127,0.3956043956043956,0.1111111111111111,0.2844932844932845
two_independent_publications,P52948,5,31,347,0.06451612903225806,0.006413353100897869,0.05810277593136019
two_independent_publications,P52948,10,31,347,0.11182795698924732,0.013043260981826057,0.09878469600742126
two_independent_publications,P52948,15,31,347,0.17204301075268819,0.019356665722709932,0.15268634502997824
two_independent_publications,P52948,20,31,347,0.22795698924731184,0.026153154203661443,0.2018038350436504
two_independent_publications,P52948,25,31,347,0.26666666666666666,0.032299978344521994,0.23436668832214466
two_independent_publications,P52948,30,31,347,0.30752688172043013,0.03861338308540587,0.2689134986350243
two_independent_publications,P53992,5,7,148,0.09523809523809523,0.008917080345651774,0.08632101489244345
two_independent_publications,P53992,10,7,148,0.19047619047619047,0.017926089354660783,0.1725501011215297
two_independent_publications,P53992,15,7,148,0.23809523809523808,0.02730281301709873,0.21079242507813936
two_independent_publications,P53992,20,7,148,0.23809523809523808,0.0359441073726788,0.20215113072255927
two_independent_publications,P53992,25,7,148,0.23809523809523808,0.04394190108475823,0.19415333701047985
two_independent_publications,P53992,30,7,148,0.23809523809523808,0.053134767420481704,0.18496047067475638
two_independent_publications,P54253,5,5,137,0.2,0.0111635895234006,0.1888364104765994
two_independent_publications,P54253,10,5,137,0.4,0.0249033920137398,0.3750966079862602
two_independent_publications,P54253,15,5,137,0.4,0.035852297123228856,0.3641477028767712
two_independent_publications,P54253,20,5,137,0.4,0.0498067840274796,0.3501932159725204
two_independent_publications,P54253,25,5,137,0.4,0.06204379562043796,0.3379562043795621
two_independent_publications,P54253,30,5,137,0.4,0.07363675397166165,0.3263632460283384
two_independent_publications,P54727,5,3,71,0.0,0.04788732394366197,-0.04788732394366197
two_independent_publications,P54727,10,3,71,0.3333333333333333,0.0909456740442656,0.24238765928906772
two_independent_publications,P54727,15,3,71,0.3333333333333333,0.12193158953722334,0.21140174379611
two_independent_publications,P54727,20,3,71,0.3333333333333333,0.15372233400402416,0.17961099932930916
two_independent_publications,P54727,25,3,71,0.3333333333333333,0.1851106639839034,0.1482226693494299
two_independent_publications,P54727,30,3,71,0.3333333333333333,0.21448692152917506,0.11884641180415825
two_independent_publications,P55197,5,3,230,0.3333333333333333,0.011391684070628441,0.32194164926270485
two_independent_publications,P55197,10,3,230,0.3333333333333333,0.022821340421492312,0.310511992911841
two_independent_publications,P55197,15,3,230,0.3333333333333333,0.03345357888741219,0.29987975444592113
two_independent_publications,P55197,20,3,230,0.3333333333333333,0.043630149990506926,0.2897031833428264
two_independent_publications,P55197,25,3,230,0.3333333333333333,0.05354091513195367,0.2797924182013796
two_independent_publications,P55197,30,3,230,0.3333333333333333,0.06265426238845642,0.27067907094487687
two_independent_publications,P55198,5,7,218,0.09523809523809523,0.013571217181752844,0.08166687805634239
two_independent_publications,P55198,10,7,218,0.14285714285714285,0.026000930114573204,0.11685621274256965
two_independent_publications,P55198,15,7,218,0.2857142857142857,0.0379233078256458,0.2477909778886399
two_independent_publications,P55198,20,7,218,0.3333333333333333,0.049718851731281447,0.2836144816020519
two_independent_publications,P55198,25,7,218,0.3333333333333333,0.061556673572062744,0.2717766597612706
two_independent_publications,P55198,30,7,218,0.38095238095238093,0.07204160148818332,0.3089107794641976
two_independent_publications,P55265,5,4,174,0.6666666666666666,0.008703740615241512,0.6579629260514251
two_independent_publications,P55265,10,4,174,1.0,0.01707527739020663,0.9829247226097934
two_independent_publications,P55265,15,4,174,1.0,0.025646136469337586,0.9743538635306624
two_independent_publications,P55265,20,4,174,1.0,0.033419706331805195,0.9665802936681948
two_independent_publications,P55265,25,4,174,1.0,0.0424556507873231,0.957544349212677
two_independent_publications,P55265,30,4,174,1.0,0.05202312138728324,0.9479768786127167
two_independent_publications,P78364,5,4,173,0.3333333333333333,0.012098400322624008,0.3212349330107093
two_independent_publications,P78364,10,4,173,0.3333333333333333,0.025406640677510417,0.3079266926558229
two_independent_publications,P78364,15,4,173,0.3333333333333333,0.03569028095174082,0.2976430523815925
two_independent_publications,P78364,20,4,173,0.3333333333333333,0.047654254604113454,0.2856790787292199
two_independent_publications,P78364,25,4,173,0.3333333333333333,0.05706412152170991,0.2762692118116234
two_independent_publications,P78364,30,4,173,0.3333333333333333,0.06613792176367791,0.2671954115696554
two_independent_publications,P82979,5,4,27,0.3333333333333333,0.07977207977207977,0.25356125356125353
two_independent_publications,P82979,10,4,27,0.3333333333333333,0.11965811965811966,0.21367521367521364
two_independent_publications,P82979,15,4,27,0.3333333333333333,0.1396011396011396,0.19373219373219372
two_independent_publications,P82979,20,4,27,0.3333333333333333,0.1737891737891738,0.15954415954415951
two_independent_publications,P82979,25,4,27,0.3333333333333333,0.245014245014245,0.0883190883190883
two_independent_publications,P82979,30,4,27,0.3333333333333333,0.2934472934472934,0.03988603988603989
two_independent_publications,P85037,5,19,126,0.07017543859649122,0.01434920634920635,0.05582623224728488
two_independent_publications,P85037,10,19,126,0.09941520467836257,0.031492063492063495,0.06792314118629908
two_independent_publications,P85037,15,19,126,0.13450292397660818,0.044825396825396824,0.08967752715121136
two_independent_publications,P85037,20,19,126,0.19298245614035087,0.057523809523809526,0.13545864661654133
two_independent_publications,P85037,25,19,126,0.23391812865497075,0.0706031746031746,0.16331495405179614
two_independent_publications,P85037,30,19,126,0.28654970760233917,0.08368253968253968,0.20286716791979947
two_independent_publications,P98082,5,6,129,0.26666666666666666,0.015746124031007752,0.2509205426356589
two_independent_publications,P98082,10,6,129,0.4,0.02810077519379845,0.3718992248062016
two_independent_publications,P98082,15,6,129,0.4,0.040818798449612406,0.35918120155038763
two_independent_publications,P98082,20,6,129,0.5333333333333333,0.055232558139534885,0.47810077519379846
two_independent_publications,P98082,25,6,129,0.6,0.0685562015503876,0.5314437984496124
two_independent_publications,P98082,30,6,129,0.6666666666666666,0.08260658914728682,0.5840600775193798
two_independent_publications,P98171,5,3,121,1.0,0.011983471074380166,0.9880165289256199
two_independent_publications,P98171,10,3,121,1.0,0.024931129476584022,0.975068870523416
two_independent_publications,P98171,15,3,121,1.0,0.03636363636363636,0.9636363636363636
two_independent_publications,P98171,20,3,121,1.0,0.047658402203856746,0.9523415977961432
two_independent_publications,P98171,25,3,121,1.0,0.05674931129476584,0.9432506887052342
two_independent_publications,P98171,30,3,121,1.0,0.0662534435261708,0.9337465564738292
two_independent_publications,Q01082,5,6,268,0.5333333333333333,0.004919224104198111,0.5284141092291352
two_independent_publications,Q01082,10,6,268,0.6666666666666666,0.009922298619263234,0.6567443680474034
two_independent_publications,Q01082,15,6,268,0.6666666666666666,0.014589971490860306,0.6520766951758064
two_independent_publications,Q01082,20,6,268,0.6666666666666666,0.01906199340376768,0.6476046732628989
two_independent_publications,Q01082,25,6,268,0.8,0.023897367097098776,0.7761026329029013
two_independent_publications,Q01082,30,6,268,0.9333333333333333,0.028006037229582424,0.905327296103751
two_independent_publications,Q01167,5,4,107,0.16666666666666666,0.017457238582260625,0.14920942808440604
two_independent_publications,Q01167,10,4,107,0.3333333333333333,0.03667783459707283,0.2966554987362605
two_independent_publications,Q01167,15,4,107,0.5,0.051666372773761245,0.44833362722623876
two_independent_publications,Q01167,20,4,107,0.5,0.06489155351789808,0.4351084464821019
two_independent_publications,Q01167,25,4,107,0.5,0.08093810615411744,0.41906189384588255
two_independent_publications,Q01167,30,4,107,0.5,0.09416328689825428,0.40583671310174574
two_independent_publications,Q01844,5,4,103,0.0,0.02227298686464877,-0.02227298686464877
two_independent_publications,Q01844,10,4,103,0.16666666666666666,0.04721111745669142,0.11945554920997524
two_independent_publications,Q01844,15,4,103,0.16666666666666666,0.07043594136683799,0.09623072529982866
two_independent_publications,Q01844,20,4,103,0.16666666666666666,0.09251856082238721,0.07414810584427944
two_independent_publications,Q01844,25,4,103,0.16666666666666666,0.11479154768703598,0.05187511897963068
two_independent_publications,Q01844,30,4,103,0.16666666666666666,0.13801637159718255,0.028650295069484105
two_independent_publications,Q02818,5,3,33,1.0,0.022727272727272728,0.9772727272727273
two_independent_publications,Q02818,10,3,33,1.0,0.045454545454545456,0.9545454545454546
two_independent_publications,Q02818,15,3,33,1.0,0.06628787878787878,0.9337121212121212
two_independent_publications,Q02818,20,3,33,1.0,0.08143939393939394,0.9185606060606061
two_independent_publications,Q02818,25,3,33,1.0,0.10037878787878787,0.8996212121212122
two_independent_publications,Q02818,30,3,33,1.0,0.11363636363636363,0.8863636363636364
two_independent_publications,Q03164,5,3,795,0.0,0.0031937645549165914,-0.0031937645549165914
two_independent_publications,Q03164,10,3,795,0.0,0.006251287169494479,-0.006251287169494479
two_independent_publications,Q03164,15,3,795,0.0,0.009137715254344692,-0.009137715254344692
two_independent_publications,Q03164,20,3,795,0.0,0.01181502780286108,-0.01181502780286108
two_independent_publications,Q03164,25,3,795,0.0,0.014644424377802069,-0.014644424377802069
two_independent_publications,Q03164,30,3,795,0.3333333333333333,0.017334410595187175,0.3159989227381461
two_independent_publications,Q04637,5,8,205,0.10714285714285714,0.007077953132472501,0.10006490401038463
two_independent_publications,Q04637,10,8,205,0.10714285714285714,0.013868962219033954,0.09327389492382318
two_independent_publications,Q04637,15,8,205,0.14285714285714285,0.020851267336202774,0.12200587552094008
two_independent_publications,Q04637,20,8,205,0.17857142857142858,0.027403156384505023,0.15116827218692355
two_independent_publications,Q04637,25,8,205,0.17857142857142858,0.03400286944045911,0.14456855913096947
two_independent_publications,Q04637,30,8,205,0.21428571428571427,0.040746054519368725,0.17353965976634556
two_independent_publications,Q04721,5,4,316,0.16666666666666666,0.0041189471569218405,0.1625477195097448
two_independent_publications,Q04721,10,4,316,0.3333333333333333,0.009041591320072333,0.324291742013261
two_independent_publications,Q04721,15,4,316,0.3333333333333333,0.013863773357444244,0.31946955997588905
two_independent_publications,Q04721,20,4,316,0.3333333333333333,0.018364476592324694,0.3149688567410086
two_independent_publications,Q04721,25,4,316,0.3333333333333333,0.02304601165360659,0.3102873216797267
two_independent_publications,Q04721,30,4,316,0.3333333333333333,0.027084589109905566,0.30624874422342774
two_independent_publications,Q04726,5,3,132,0.3333333333333333,0.014920194309507287,0.318413139023826
two_independent_publications,Q04726,10,3,132,0.3333333333333333,0.028105482303955587,0.3052278510293777
two_independent_publications,Q04726,15,3,132,0.3333333333333333,0.04001850566736063,0.29331482766597267
two_independent_publications,Q04726,20,3,132,0.3333333333333333,0.05597964376590331,0.27735368956743
two_independent_publications,Q04726,25,3,132,0.3333333333333333,0.06939625260235947,0.2639370807309738
two_independent_publications,Q04726,30,3,132,0.3333333333333333,0.08177191764978024,0.25156141568355306
two_independent_publications,Q04727,5,3,124,0.3333333333333333,0.016129032258064516,0.3172043010752688
two_independent_publications,Q04727,10,3,124,0.6666666666666666,0.03015997901914503,0.6365066876475216
two_independent_publications,Q04727,15,3,124,1.0,0.042486231313926044,0.957513768686074
two_independent_publications,Q04727,20,3,124,1.0,0.05927091528979806,0.9407290847102019
two_independent_publications,Q04727,25,3,124,1.0,0.07435090479937058,0.9256490952006294
two_independent_publications,Q04727,30,3,124,1.0,0.08772619984264358,0.9122738001573564
two_independent_publications,Q05209,5,3,126,0.6666666666666666,0.015492063492063493,0.6511746031746032
two_independent_publications,Q05209,10,3,126,1.0,0.031492063492063495,0.9685079365079365
two_independent_publications,Q05209,15,3,126,1.0,0.045587301587301586,0.9544126984126984
two_independent_publications,Q05209,20,3,126,1.0,0.059936507936507934,0.940063492063492
two_independent_publications,Q05209,25,3,126,1.0,0.07403174603174603,0.925968253968254
two_independent_publications,Q05209,30,3,126,1.0,0.08723809523809524,0.9127619047619048
two_independent_publications,Q07912,5,3,116,1.0,0.01199400299850075,0.9880059970014993
two_independent_publications,Q07912,10,3,116,1.0,0.022038980509745128,0.9779610194902548
two_independent_publications,Q07912,15,3,116,1.0,0.031784107946026985,0.968215892053973
two_independent_publications,Q07912,20,3,116,1.0,0.04332833583208396,0.956671664167916
two_independent_publications,Q07912,25,3,116,1.0,0.05172413793103448,0.9482758620689655
two_independent_publications,Q07912,30,3,116,1.0,0.060719640179910044,0.93928035982009
two_independent_publications,Q09472,5,3,318,0.0,0.004702101065412773,-0.004702101065412773
two_independent_publications,Q09472,10,3,318,0.0,0.009781163819613912,-0.009781163819613912
two_independent_publications,Q09472,15,3,318,0.0,0.014364224351725095,-0.014364224351725095
two_independent_publications,Q09472,20,3,318,0.0,0.019205206039323058,-0.019205206039323058
two_independent_publications,Q09472,25,3,318,0.0,0.02368906612701625,-0.02368906612701625
two_independent_publications,Q09472,30,3,318,0.0,0.027875324881455468,-0.027875324881455468
two_independent_publications,Q09666,5,35,427,0.0067226890756302525,0.002012072434607646,0.0047106166410226065
two_independent_publications,Q09666,10,35,427,0.010084033613445379,0.004200063770601753,0.005883969842843626
two_independent_publications,Q09666,15,35,427,0.011764705882352941,0.0064430297632791286,0.0053216761190738125
two_independent_publications,Q09666,20,35,427,0.015126050420168067,0.008883904520016273,0.006242145900151794
two_independent_publications,Q09666,25,35,427,0.01680672268907563,0.011357764070763379,0.005448958618312251
two_independent_publications,Q09666,30,35,427,0.018487394957983194,0.0134468010247276,0.005040593933255594
two_independent_publications,Q12778,5,3,131,0.6666666666666666,0.017028772753963594,0.649637893912703
two_independent_publications,Q12778,10,3,131,1.0,0.03206106870229008,0.9679389312977099
two_independent_publications,Q12778,15,3,131,1.0,0.04756312389900176,0.9524368761009983
two_independent_publications,Q12778,20,3,131,1.0,0.06177334116265414,0.9382266588373459
two_independent_publications,Q12778,25,3,131,1.0,0.07833235466823253,0.9216676453317675
two_independent_publications,Q12778,30,3,131,1.0,0.09442160892542573,0.9055783910745743
two_independent_publications,Q12815,5,3,124,0.0,0.013506425386834513,-0.013506425386834513
two_independent_publications,Q12815,10,3,124,0.3333333333333333,0.025832677681615526,0.3075006556517178
two_independent_publications,Q12815,15,3,124,0.3333333333333333,0.03907684238132704,0.2942564909520063
two_independent_publications,Q12815,20,3,124,0.3333333333333333,0.052321007081038554,0.2810123262522948
two_independent_publications,Q12815,25,3,124,0.3333333333333333,0.06451612903225806,0.26881720430107525
two_independent_publications,Q12815,30,3,124,0.3333333333333333,0.07553107789142408,0.25780225544190927
two_independent_publications,Q12830,5,54,555,0.0593990216631726,0.0047419260415650305,0.054657095621607574
two_independent_publications,Q12830,10,54,555,0.09084556254367575,0.008995999609718022,0.08184956293395773
two_independent_publications,Q12830,15,54,555,0.11180992313067785,0.012749211305167985,0.09906071182550986
two_independent_publications,Q12830,20,54,555,0.12858141160027953,0.01626825381338017,0.11231315778689936
two_independent_publications,Q12830,25,54,555,0.15024458420684836,0.01993690441343871,0.13030767979340965
two_independent_publications,Q12830,30,54,555,0.17120894479385046,0.023475461020587375,0.1477334837732631
two_independent_publications,Q12857,5,11,96,0.14545454545454545,0.02982456140350877,0.11562998405103668
two_independent_publications,Q12857,10,11,96,0.2545454545454545,0.05394736842105263,0.2005980861244019
two_independent_publications,Q12857,15,11,96,0.3090909090909091,0.07741228070175439,0.2316786283891547
two_independent_publications,Q12857,20,11,96,0.3090909090909091,0.10109649122807017,0.2079944178628389
two_independent_publications,Q12857,25,11,96,0.32727272727272727,0.12346491228070175,0.20380781499202552
two_independent_publications,Q12857,30,11,96,0.38181818181818183,0.14671052631578949,0.23510765550239235
two_independent_publications,Q12888,5,3,371,0.3333333333333333,0.005521964012530051,0.32781136932080324
two_independent_publications,Q12888,10,3,371,0.3333333333333333,0.01078167115902965,0.32255166217430364
two_independent_publications,Q12888,15,3,371,1.0,0.01628906534566912,0.9837109346543309
two_independent_publications,Q12888,20,3,371,1.0,0.021242806148466527,0.9787571938515335
two_independent_publications,Q12888,25,3,371,1.0,0.026487943469075546,0.9735120565309244
two_independent_publications,Q12888,30,3,371,1.0,0.03168937131201282,0.9683106286879872
two_independent_publications,Q12948,5,3,87,0.3333333333333333,0.028869286287089013,0.3044640470462443
two_independent_publications,Q12948,10,3,87,0.3333333333333333,0.05399625768511093,0.2793370756482224
two_independent_publications,Q12948,15,3,87,0.3333333333333333,0.07377706495589414,0.25955626837743917
two_independent_publications,Q12948,20,3,87,1.0,0.0900828655439722,0.9099171344560278
two_independent_publications,Q12948,25,3,87,1.0,0.10638866613205025,0.8936113338679498
two_independent_publications,Q12948,30,3,87,1.0,0.12376369954557605,0.8762363004544239
two_independent_publications,Q13443,5,3,88,1.0,0.013061650992685475,0.9869383490073145
two_independent_publications,Q13443,10,3,88,1.0,0.023772204806687566,0.9762277951933125
two_independent_publications,Q13443,15,3,88,1.0,0.03526645768025078,0.9647335423197492
two_independent_publications,Q13443,20,3,88,1.0,0.04623824451410658,0.9537617554858934
two_independent_publications,Q13443,25,3,88,1.0,0.05512016718913271,0.9448798328108673
two_independent_publications,Q13443,30,3,88,1.0,0.06844305120167189,0.9315569487983281
two_independent_publications,Q13492,5,11,121,0.05454545454545454,0.01859504132231405,0.03595041322314049
two_independent_publications,Q13492,10,11,121,0.16363636363636364,0.03691460055096419,0.12672176308539945
two_independent_publications,Q13492,15,11,121,0.18181818181818182,0.05192837465564738,0.12988980716253445
two_independent_publications,Q13492,20,11,121,0.2,0.06776859504132231,0.1322314049586777
two_independent_publications,Q13492,25,11,121,0.21818181818181817,0.08360881542699725,0.13457300275482093
two_independent_publications,Q13492,30,11,121,0.21818181818181817,0.09834710743801653,0.11983471074380164
two_independent_publications,Q13546,5,4,86,0.16666666666666666,0.018604651162790697,0.14806201550387596
two_independent_publications,Q13546,10,4,86,0.3333333333333333,0.03255813953488372,0.3007751937984496
two_independent_publications,Q13546,15,4,86,0.5,0.047606019151846785,0.4523939808481532
two_independent_publications,Q13546,20,4,86,0.5,0.06456908344733242,0.4354309165526676
two_independent_publications,Q13546,25,4,86,0.5,0.08125854993160055,0.41874145006839947
two_independent_publications,Q13546,30,4,86,0.5,0.10013679890560875,0.3998632010943912
two_independent_publications,Q13952,5,5,74,0.2,0.029248426508700482,0.17075157349129952
two_independent_publications,Q13952,10,5,74,0.3,0.04924102184376157,0.25075897815623843
two_independent_publications,Q13952,15,5,74,0.4,0.06775268419104036,0.33224731580895966
two_independent_publications,Q13952,20,5,74,0.4,0.09255831173639392,0.30744168826360607
two_independent_publications,Q13952,25,5,74,0.4,0.11514253980007405,0.28485746019992597
two_independent_publications,Q13952,30,5,74,0.4,0.1358756016290263,0.26412439837097373
two_independent_publications,Q14004,5,7,262,0.6666666666666666,0.009417683015998362,0.6572489836506683
two_independent_publications,Q14004,10,7,262,0.9047619047619048,0.017080518265040506,0.8876813864968642
two_independent_publications,Q14004,15,7,262,1.0,0.024977333216343482,0.9750226667836566
two_independent_publications,Q14004,20,7,262,1.0,0.033517592348863735,0.9664824076511362
two_independent_publications,Q14004,25,7,262,1.0,0.040566230879471206,0.9594337691205288
two_independent_publications,Q14004,30,7,262,1.0,0.04752712702173086,0.9524728729782691
two_independent_publications,Q14119,5,9,116,0.16666666666666666,0.022638680659670164,0.14402798600699648
two_independent_publications,Q14119,10,9,116,0.4722222222222222,0.048875562218890556,0.42334666000333165
two_independent_publications,Q14119,15,9,116,0.6944444444444444,0.07256371814092953,0.6218807263035149
two_independent_publications,Q14119,20,9,116,0.8055555555555556,0.09220389805097451,0.7133516575045811
two_independent_publications,Q14119,25,9,116,0.9166666666666666,0.11529235382308846,0.8013743128435782
two_independent_publications,Q14119,30,9,116,0.9166666666666666,0.1346326836581709,0.7820339830084957
two_independent_publications,Q14157,5,38,283,0.03556187766714083,0.011502894519209082,0.024058983147931746
two_independent_publications,Q14157,10,38,283,0.05405405405405406,0.022554695135704083,0.03149935891834997
two_independent_publications,Q14157,15,38,283,0.07254623044096728,0.03297997644287397,0.03956625399809331
two_independent_publications,Q14157,20,38,283,0.08819345661450925,0.04450793173445606,0.04368552488005319
two_independent_publications,Q14157,25,38,283,0.09957325746799431,0.05508357767586397,0.04448967979213034
two_independent_publications,Q14157,30,38,283,0.11095305832147938,0.06608525674761297,0.04486780157386641
two_independent_publications,Q14161,5,3,131,1.0,0.014327657075748679,0.9856723429242513
two_independent_publications,Q14161,10,3,131,1.0,0.027950675278919555,0.9720493247210804
two_independent_publications,Q14161,15,3,131,1.0,0.042513211978860835,0.9574867880211392
two_independent_publications,Q14161,20,3,131,1.0,0.05613623018203171,0.9438637698179683
two_independent_publications,Q14161,25,3,131,1.0,0.06799765120375807,0.9320023487962419
two_independent_publications,Q14161,30,3,131,1.0,0.08009395184967703,0.919906048150323
two_independent_publications,Q14247,5,5,63,0.3,0.015873015873015872,0.2841269841269841
two_independent_publications,Q14247,10,5,63,0.6,0.037378392217101895,0.562621607782898
two_independent_publications,Q14247,15,5,63,0.7,0.055299539170506916,0.6447004608294931
two_independent_publications,Q14247,20,5,63,0.8,0.07322068612391193,0.7267793138760881
two_independent_publications,Q14247,25,5,63,1.0,0.09165386584741424,0.9083461341525858
two_independent_publications,Q14247,30,5,63,1.0,0.10957501280081926,0.8904249871991807
two_independent_publications,Q14444,5,5,105,0.7,0.017216117216117217,0.6827838827838827
two_independent_publications,Q14444,10,5,105,1.0,0.03315018315018315,0.9668498168498169
two_independent_publications,Q14444,15,5,105,1.0,0.04725274725274725,0.9527472527472527
two_independent_publications,Q14444,20,5,105,1.0,0.06263736263736264,0.9373626373626374
two_independent_publications,Q14444,25,5,105,1.0,0.07509157509157509,0.924908424908425
two_independent_publications,Q14444,30,5,105,1.0,0.08754578754578754,0.9124542124542124
two_independent_publications,Q14671,5,8,164,0.21428571428571427,0.01204548855304504,0.20224022573266923
two_independent_publications,Q14671,10,8,164,0.35714285714285715,0.02364207691156666,0.3335007802312905
two_independent_publications,Q14671,15,8,164,0.4642857142857143,0.03471494837647763,0.42957076590923665
two_independent_publications,Q14671,20,8,164,0.5357142857142857,0.04638635343408649,0.4893279322801992
two_independent_publications,Q14671,25,8,164,0.5357142857142857,0.05798294179260811,0.4777313439216776
two_independent_publications,Q14671,30,8,164,0.5357142857142857,0.0695047134520425,0.4662095722622432
two_independent_publications,Q14676,5,5,399,0.0,0.00516366292615962,-0.00516366292615962
two_independent_publications,Q14676,10,5,399,0.1,0.010692560547096384,0.08930743945290362
two_independent_publications,Q14676,15,5,399,0.1,0.01656150426317049,0.08343849573682952
two_independent_publications,Q14676,20,5,399,0.2,0.022027430385007745,0.17797256961499228
two_independent_publications,Q14676,25,5,399,0.3,0.02722887621062707,0.2727711237893729
two_independent_publications,Q14676,30,5,399,0.3,0.03312300852634098,0.266876991473659
two_independent_publications,Q14684,5,5,105,0.9,0.016483516483516484,0.8835164835164835
two_independent_publications,Q14684,10,5,105,1.0,0.026923076923076925,0.9730769230769231
two_independent_publications,Q14684,15,5,105,1.0,0.03882783882783883,0.9611721611721612
two_independent_publications,Q14684,20,5,105,1.0,0.052564102564102565,0.9474358974358974
two_independent_publications,Q14684,25,5,105,1.0,0.06648351648351648,0.9335164835164835
two_independent_publications,Q14684,30,5,105,1.0,0.07967032967032966,0.9203296703296704
two_independent_publications,Q14686,5,5,350,0.2,0.005550552599263201,0.1944494474007368
two_independent_publications,Q14686,10,5,350,0.2,0.011117478510028653,0.18888252148997137
two_independent_publications,Q14686,15,5,350,0.2,0.01673352435530086,0.18326647564469914
two_independent_publications,Q14686,20,5,350,0.2,0.02238231682357757,0.17761768317642243
two_independent_publications,Q14686,25,5,350,0.2,0.027720016373311503,0.1722799836266885
two_independent_publications,Q14686,30,5,350,0.2,0.03310683585755219,0.16689316414244781
two_independent_publications,Q14687,5,3,174,0.3333333333333333,0.010829845193010432,0.32250348814032287
two_independent_publications,Q14687,10,3,174,0.6666666666666666,0.021526808849910303,0.6451398578167563
two_independent_publications,Q14687,15,3,174,1.0,0.031094279449870442,0.9689057205501296
two_independent_publications,Q14687,20,3,174,1.0,0.03893429008039333,0.9610657099196067
two_independent_publications,Q14687,25,3,174,1.0,0.04770447146369012,0.9522955285363098
two_independent_publications,Q14687,30,3,174,1.0,0.056673975151152745,0.9433260248488473
two_independent_publications,Q14814,5,9,89,0.1388888888888889,0.020684371807967315,0.11820451708092158
two_independent_publications,Q14814,10,9,89,0.25,0.04417773237997957,0.20582226762002043
two_independent_publications,Q14814,15,9,89,0.3055555555555556,0.0658835546475996,0.23967200090795598
two_independent_publications,Q14814,20,9,89,0.3888888888888889,0.08656792645556691,0.30232096243332196
two_independent_publications,Q14814,25,9,89,0.4444444444444444,0.10495403472931562,0.3394904097151288
two_independent_publications,Q14814,30,9,89,0.4444444444444444,0.12512768130745658,0.31931676313698787
two_independent_publications,Q14980,5,8,265,0.17857142857142858,0.005660377358490566,0.172911051212938
two_independent_publications,Q14980,10,8,265,0.21428571428571427,0.011663807890222984,0.2026219063954913
two_independent_publications,Q14980,15,8,265,0.32142857142857145,0.01700971983990852,0.30441885158866294
two_independent_publications,Q14980,20,8,265,0.32142857142857145,0.022355631789594054,0.2990729396389774
two_independent_publications,Q14980,25,8,265,0.32142857142857145,0.027101200686106348,0.2943273707424651
two_independent_publications,Q14980,30,8,265,0.32142857142857145,0.03261863922241281,0.28880993220615864
two_independent_publications,Q15434,5,3,77,0.3333333333333333,0.02734107997265892,0.30599225336067437
two_independent_publications,Q15434,10,3,77,0.6666666666666666,0.054340396445659606,0.612326270221007
two_independent_publications,Q15434,15,3,77,1.0,0.0758714969241285,0.9241285030758715
two_independent_publications,Q15434,20,3,77,1.0,0.09876965140123035,0.9012303485987696
two_independent_publications,Q15434,25,3,77,1.0,0.12406015037593984,0.8759398496240601
two_independent_publications,Q15434,30,3,77,1.0,0.15037593984962405,0.849624060150376
two_independent_publications,Q15637,5,3,78,0.3333333333333333,0.029304029304029304,0.304029304029304
two_independent_publications,Q15637,10,3,78,0.3333333333333333,0.04728604728604729,0.286047286047286
two_independent_publications,Q15637,15,3,78,0.6666666666666666,0.06526806526806526,0.6013986013986014
two_independent_publications,Q15637,20,3,78,1.0,0.08358308358308358,0.9164169164169165
two_independent_publications,Q15637,25,3,78,1.0,0.10056610056610056,0.8994338994338994
two_independent_publications,Q15637,30,3,78,1.0,0.11488511488511488,0.8851148851148851
two_independent_publications,Q15648,5,4,376,0.16666666666666666,0.0077588652482269505,0.15890780141843971
two_independent_publications,Q15648,10,4,376,0.16666666666666666,0.015404255319148937,0.15126241134751772
two_independent_publications,Q15648,15,4,376,0.5,0.02319148936170213,0.4768085106382979
two_independent_publications,Q15648,20,4,376,0.5,0.030283687943262413,0.4697163120567376
two_independent_publications,Q15648,25,4,376,0.5,0.03763120567375886,0.4623687943262411
two_independent_publications,Q15648,30,4,376,0.5,0.044567375886524825,0.4554326241134752
two_independent_publications,Q15652,5,25,431,0.043333333333333335,0.004661954351696973,0.03867137898163636
two_independent_publications,Q15652,10,25,431,0.06666666666666667,0.00877353909242972,0.057893127574236945
two_independent_publications,Q15652,15,25,431,0.09,0.01293908163815896,0.07706091836184104
two_independent_publications,Q15652,20,25,431,0.10666666666666667,0.01747153725786435,0.08919512940880232
two_independent_publications,Q15652,25,25,431,0.11666666666666667,0.02170182916958938,0.09496483749707729
two_independent_publications,Q15652,30,25,431,0.11666666666666667,0.02616953542329898,0.0904971312433677
two_independent_publications,Q15654,5,3,47,1.0,0.027752081406105456,0.9722479185938946
two_independent_publications,Q15654,10,3,47,1.0,0.0425531914893617,0.9574468085106383
two_independent_publications,Q15654,15,3,47,1.0,0.060129509713228495,0.9398704902867715
two_independent_publications,Q15654,20,3,47,1.0,0.07678075855689177,0.9232192414431082
two_independent_publications,Q15654,25,3,47,1.0,0.09620721554116558,0.9037927844588344
two_independent_publications,Q15654,30,3,47,1.0,0.11655874190564293,0.883441258094357
two_independent_publications,Q15723,5,15,113,0.14285714285714285,0.018173198482932997,0.12468394437420985
two_independent_publications,Q15723,10,15,113,0.2,0.03761061946902655,0.16238938053097346
two_independent_publications,Q15723,15,15,113,0.24761904761904763,0.05420353982300885,0.19341550779603878
two_independent_publications,Q15723,20,15,113,0.2571428571428571,0.07142857142857142,0.1857142857142857
two_independent_publications,Q15723,25,15,113,0.34285714285714286,0.0897597977243995,0.25309734513274335
two_independent_publications,Q15723,30,15,113,0.3904761904761905,0.10461441213653604,0.2858617783396544
two_independent_publications,Q15750,5,7,80,0.5238095238095238,0.029430379746835444,0.4943791440626884
two_independent_publications,Q15750,10,7,80,0.7142857142857143,0.05759493670886076,0.6566907775768536
two_independent_publications,Q15750,15,7,80,0.7142857142857143,0.0810126582278481,0.6332730560578662
two_independent_publications,Q15750,20,7,80,0.7142857142857143,0.10443037974683544,0.6098553345388789
two_independent_publications,Q15750,25,7,80,0.7142857142857143,0.1268987341772152,0.5873869801084991
two_independent_publications,Q15750,30,7,80,0.7142857142857143,0.1490506329113924,0.5652350813743219
two_independent_publications,Q15911,5,4,585,0.16666666666666666,0.003424657534246575,0.1632420091324201
two_independent_publications,Q15911,10,4,585,0.5,0.0066385669125395156,0.4933614330874605
two_independent_publications,Q15911,15,4,585,0.5,0.009864184521718769,0.4901358154782812
two_independent_publications,Q15911,20,4,585,0.5,0.013001990399250674,0.48699800960074935
two_independent_publications,Q15911,25,4,585,0.5,0.016075401006907856,0.48392459899309215
two_independent_publications,Q15911,30,4,585,0.5,0.01910197869101979,0.4808980213089802
two_independent_publications,Q15942,5,12,65,0.12121212121212122,0.022115384615384617,0.0990967365967366
two_independent_publications,Q15942,10,12,65,0.24242424242424243,0.04326923076923077,0.19915501165501165
two_independent_publications,Q15942,15,12,65,0.2727272727272727,0.06394230769230769,0.20878496503496502
two_independent_publications,Q15942,20,12,65,0.3333333333333333,0.08798076923076924,0.24535256410256406
two_independent_publications,Q15942,25,12,65,0.3333333333333333,0.10673076923076923,0.22660256410256407
two_independent_publications,Q15942,30,12,65,0.3333333333333333,0.12788461538461537,0.20544871794871794
two_independent_publications,Q16186,5,9,72,0.5833333333333334,0.03951486697965571,0.5438184663536777
two_independent_publications,Q16186,10,9,72,0.8333333333333334,0.07198748043818466,0.7613458528951487
two_independent_publications,Q16186,15,9,72,1.0,0.107981220657277,0.892018779342723
two_independent_publications,Q16186,20,9,72,1.0,0.14514866979655713,0.8548513302034428
two_independent_publications,Q16186,25,9,72,1.0,0.17449139280125195,0.8255086071987481
two_independent_publications,Q16186,30,9,72,1.0,0.2038341158059468,0.7961658841940532
two_independent_publications,Q16594,5,7,53,0.09523809523809523,0.04644412191582003,0.048793973322275204
two_independent_publications,Q16594,10,7,53,0.23809523809523808,0.09288824383164006,0.145206994263598
two_independent_publications,Q16594,15,7,53,0.38095238095238093,0.1386066763425254,0.24234570460985552
two_independent_publications,Q16594,20,7,53,0.42857142857142855,0.1806966618287373,0.24787476674269124
two_independent_publications,Q16594,25,7,53,0.47619047619047616,0.2220609579100145,0.25412951828046165
two_independent_publications,Q16594,30,7,53,0.5238095238095238,0.2641509433962264,0.2596585804132974
two_independent_publications,Q2KHR3,5,22,390,0.05627705627705628,0.006617889394239009,0.04965916688281727
two_independent_publications,Q2KHR3,10,22,390,0.08658008658008658,0.012972117856436623,0.07360796872364996
two_independent_publications,Q2KHR3,15,22,390,0.11255411255411256,0.01970865467009426,0.0928454578840183
two_independent_publications,Q2KHR3,20,22,390,0.11688311688311688,0.025772856107046337,0.09111026077607054
two_independent_publications,Q2KHR3,25,22,390,0.12987012987012986,0.03212708456924395,0.0977430453008859
two_independent_publications,Q2KHR3,30,22,390,0.15151515151515152,0.03849449607804364,0.11302065543710788
two_independent_publications,Q2TAL8,5,3,110,0.3333333333333333,0.015179316096747289,0.31815401723658604
two_independent_publications,Q2TAL8,10,3,110,0.3333333333333333,0.026188490408673895,0.30714484292465943
two_independent_publications,Q2TAL8,15,3,110,0.3333333333333333,0.03953294412010008,0.29380038921323326
two_independent_publications,Q2TAL8,20,3,110,0.3333333333333333,0.05454545454545454,0.27878787878787875
two_independent_publications,Q2TAL8,25,3,110,1.0,0.06505421184320268,0.9349457881567973
two_independent_publications,Q2TAL8,30,3,110,1.0,0.07756463719766472,0.9224353628023353
two_independent_publications,Q53ET0,5,3,144,0.0,0.018162393162393164,-0.018162393162393164
two_independent_publications,Q53ET0,10,3,144,0.0,0.033216783216783216,-0.033216783216783216
two_independent_publications,Q53ET0,15,3,144,0.6666666666666666,0.04904817404817405,0.6176184926184926
two_independent_publications,Q53ET0,20,3,144,0.6666666666666666,0.06332556332556333,0.6033411033411034
two_independent_publications,Q53ET0,25,3,144,0.6666666666666666,0.07556332556332557,0.5911033411033411
two_independent_publications,Q53ET0,30,3,144,1.0,0.09042346542346542,0.9095765345765345
two_independent_publications,Q5BJH7,5,3,30,0.3333333333333333,0.0367816091954023,0.296551724137931
two_independent_publications,Q5BJH7,10,3,30,0.3333333333333333,0.06896551724137931,0.26436781609195403
two_independent_publications,Q5BJH7,15,3,30,0.6666666666666666,0.10114942528735632,0.5655172413793104
two_independent_publications,Q5BJH7,20,3,30,1.0,0.14022988505747128,0.8597701149425288
two_independent_publications,Q5BJH7,25,3,30,1.0,0.18620689655172415,0.8137931034482758
two_independent_publications,Q5BJH7,30,3,30,1.0,0.22298850574712645,0.7770114942528735
two_independent_publications,Q5H9F3,5,4,323,0.0,0.00590350556698652,-0.00590350556698652
two_independent_publications,Q5H9F3,10,4,323,0.16666666666666666,0.011787781474145722,0.15487888519252094
two_independent_publications,Q5H9F3,15,4,323,0.3333333333333333,0.016941330307866855,0.31639200302546644
two_independent_publications,Q5H9F3,20,4,323,0.3333333333333333,0.022844835874853375,0.31048849745847995
two_independent_publications,Q5H9F3,25,4,323,0.3333333333333333,0.02901755667942234,0.30431577665391096
two_independent_publications,Q5H9F3,30,4,323,0.3333333333333333,0.034747995307963,0.2985853380253703
two_independent_publications,Q5HYC2,5,4,410,0.16666666666666666,0.006070725743932256,0.1605959409227344
two_independent_publications,Q5HYC2,10,4,410,0.16666666666666666,0.011831355477368955,0.1548353111892977
two_independent_publications,Q5HYC2,15,4,410,0.16666666666666666,0.017890154451666765,0.14877651221499988
two_independent_publications,Q5HYC2,20,4,410,0.16666666666666666,0.023805832190351244,0.14286083447631542
two_independent_publications,Q5HYC2,25,4,410,0.16666666666666666,0.029626095771960164,0.1370405708947065
two_independent_publications,Q5HYC2,30,4,410,0.16666666666666666,0.03499314210746019,0.13167352455920647
two_independent_publications,Q5JSZ5,5,5,346,0.1,0.005143670939096926,0.09485632906090308
two_independent_publications,Q5JSZ5,10,5,346,0.4,0.010086286336600485,0.38991371366339955
two_independent_publications,Q5JSZ5,15,5,346,0.4,0.01491161933484125,0.38508838066515877
two_independent_publications,Q5JSZ5,20,5,346,0.4,0.01995476250314149,0.38004523749685853
two_independent_publications,Q5JSZ5,25,5,346,0.4,0.024394739046661642,0.3756052609533384
two_independent_publications,Q5JSZ5,30,5,346,0.4,0.02942112758649577,0.37057887241350423
two_independent_publications,Q5T0B9,5,7,83,0.23809523809523808,0.03320599471054952,0.20488924338468856
two_independent_publications,Q5T0B9,10,7,83,0.42857142857142855,0.06582427270055834,0.3627471558708702
two_independent_publications,Q5T0B9,15,7,83,0.5714285714285714,0.0916838084043491,0.4797447630242223
two_independent_publications,Q5T0B9,20,7,83,0.7619047619047619,0.12165736115192477,0.6402474007528371
two_independent_publications,Q5T0B9,25,7,83,0.8095238095238095,0.14751689685571553,0.662006912668094
two_independent_publications,Q5T0B9,30,7,83,0.8571428571428571,0.17660887452248017,0.6805339826203769
two_independent_publications,Q5T1R4,5,5,477,0.1,0.004606874196219368,0.09539312580378063
two_independent_publications,Q5T1R4,10,5,477,0.1,0.009028768740200482,0.09097123125979953
two_independent_publications,Q5T1R4,15,5,477,0.1,0.013389003400102179,0.08661099659989782
two_independent_publications,Q5T1R4,20,5,477,0.1,0.017714003840529922,0.08228599615947008
two_independent_publications,Q5T1R4,25,5,477,0.1,0.021695470641086623,0.07830452935891338
two_independent_publications,Q5T1R4,30,5,477,0.1,0.025976428307171926,0.07402357169282808
two_independent_publications,Q5T3J3,5,3,158,0.0,0.01419011529468677,-0.01419011529468677
two_independent_publications,Q5T3J3,10,3,158,0.0,0.028863984519874222,-0.028863984519874222
two_independent_publications,Q5T3J3,15,3,158,0.0,0.04176408933322583,-0.04176408933322583
two_independent_publications,Q5T3J3,20,3,158,0.0,0.05547045069741192,-0.05547045069741192
two_independent_publications,Q5T3J3,25,3,158,0.0,0.06893493509634765,-0.06893493509634765
two_independent_publications,Q5T3J3,30,3,158,0.0,0.08296379908086753,-0.08296379908086753
two_independent_publications,Q5T6F2,5,33,272,0.05113636363636364,0.01109724332537443,0.04003912031098921
two_independent_publications,Q5T6F2,10,33,272,0.07765151515151515,0.022085956153679184,0.05556555899783597
two_independent_publications,Q5T6F2,15,33,272,0.0946969696969697,0.032911873236379424,0.06178509646059027
two_independent_publications,Q5T6F2,20,33,272,0.11742424242424243,0.04390058606468417,0.07352365635955826
two_independent_publications,Q5T6F2,25,33,272,0.13446969696969696,0.053749728673757324,0.08071996829593964
two_independent_publications,Q5T6F2,30,33,272,0.14583333333333334,0.06425005426524853,0.08158327906808481
two_independent_publications,Q5T8P6,5,3,151,1.0,0.012362030905077263,0.9876379690949227
two_independent_publications,Q5T8P6,10,3,151,1.0,0.022958057395143488,0.9770419426048566
two_independent_publications,Q5T8P6,15,3,151,1.0,0.0330242825607064,0.9669757174392936
two_independent_publications,Q5T8P6,20,3,151,1.0,0.04388520971302428,0.9561147902869758
two_independent_publications,Q5T8P6,25,3,151,1.0,0.05474613686534217,0.9452538631346579
two_independent_publications,Q5T8P6,30,3,151,1.0,0.06516556291390728,0.9348344370860927
two_independent_publications,Q5TGY3,5,5,245,0.0,0.008029441284710606,-0.008029441284710606
two_independent_publications,Q5TGY3,10,5,245,0.0,0.01525593844095015,-0.01525593844095015
two_independent_publications,Q5TGY3,15,5,245,0.1,0.02224824355971897,0.07775175644028104
two_independent_publications,Q5TGY3,20,5,245,0.1,0.02850451656072265,0.07149548343927736
two_independent_publications,Q5TGY3,25,5,245,0.1,0.03459350953496153,0.06540649046503848
two_independent_publications,Q5TGY3,30,5,245,0.1,0.04195383071261291,0.058046169287387095
two_independent_publications,Q5VT52,5,33,329,0.0625,0.007913855734302025,0.054586144265697974
two_independent_publications,Q5VT52,10,33,329,0.11553030303030302,0.015179034769071094,0.10035126826123193
two_independent_publications,Q5VT52,15,33,329,0.14962121212121213,0.022277411223960264,0.12734380089725186
two_independent_publications,Q5VT52,20,33,329,0.17045454545454544,0.029690859218622582,0.14076368623592286
two_independent_publications,Q5VT52,25,33,329,0.18181818181818182,0.03701163911335162,0.1448065427048302
two_independent_publications,Q5VT52,30,33,329,0.19128787878787878,0.04423975090814738,0.1470481278797314
two_independent_publications,Q5VUA4,5,7,400,0.14285714285714285,0.004799498746867168,0.13805764411027568
two_independent_publications,Q5VUA4,10,7,400,0.38095238095238093,0.009385964912280702,0.3715664160401002
two_independent_publications,Q5VUA4,15,7,400,0.47619047619047616,0.014135338345864662,0.4620551378446115
two_independent_publications,Q5VUA4,20,7,400,0.47619047619047616,0.018709273182957394,0.45748120300751877
two_independent_publications,Q5VUA4,25,7,400,0.47619047619047616,0.023283208020050124,0.45290726817042604
two_independent_publications,Q5VUA4,30,7,400,0.47619047619047616,0.027656641604010025,0.4485338345864661
two_independent_publications,Q5VWN6,5,11,422,0.09090909090909091,0.004255271245398566,0.08665381966369234
two_independent_publications,Q5VWN6,10,11,422,0.16363636363636364,0.008521799822134165,0.15511456381422947
two_independent_publications,Q5VWN6,15,11,422,0.18181818181818182,0.012664497754162398,0.16915368406401943
two_independent_publications,Q5VWN6,20,11,422,0.18181818181818182,0.016908511668223932,0.1649096701499579
two_independent_publications,Q5VWN6,25,11,422,0.18181818181818182,0.02120881223897063,0.16060936957921118
two_independent_publications,Q5VWN6,30,11,422,0.18181818181818182,0.025565399466402496,0.15625278235177933
two_independent_publications,Q68CP9,5,6,309,0.06666666666666667,0.0059050981381078465,0.06076156852855882
two_independent_publications,Q68CP9,10,6,309,0.06666666666666667,0.011810196276215693,0.054856470390450975
two_independent_publications,Q68CP9,15,6,309,0.2,0.01756819232547388,0.18243180767452613
two_independent_publications,Q68CP9,20,6,309,0.2,0.023242130038246545,0.17675786996175347
two_independent_publications,Q68CP9,25,6,309,0.2,0.02916824276047577,0.17083175723952423
two_independent_publications,Q68CP9,30,6,309,0.2,0.03463203463203463,0.16536796536796539
two_independent_publications,Q6AI39,5,5,219,0.2,0.009886473126387667,0.19011352687361235
two_independent_publications,Q6AI39,10,5,219,0.5,0.019521595241087514,0.48047840475891246
two_independent_publications,Q6AI39,15,5,219,0.6,0.028821582673536926,0.571178417326463
two_independent_publications,Q6AI39,20,5,219,0.6,0.038498596623518073,0.5615014033764819
two_independent_publications,Q6AI39,25,5,219,0.6,0.04800804323237401,0.5519919567676259
two_independent_publications,Q6AI39,30,5,219,0.6,0.058648569393825144,0.5413514306061749
two_independent_publications,Q6KC79,5,5,448,0.3,0.00362535953978907,0.2963746404602109
two_independent_publications,Q6KC79,10,5,448,0.3,0.00710091083413231,0.29289908916586765
two_independent_publications,Q6KC79,15,5,448,0.4,0.010806168104825823,0.3891938318951742
two_independent_publications,Q6KC79,20,5,448,0.5,0.014341642697347395,0.4856583573026526
two_independent_publications,Q6KC79,25,5,448,0.7,0.017877117289868967,0.682122882710131
two_independent_publications,Q6KC79,30,5,448,0.7,0.021442553531479707,0.6785574464685202
two_independent_publications,Q6MZP7,5,23,148,0.05928853754940711,0.015719801434087147,0.043568736115319966
two_independent_publications,Q6MZP7,10,23,148,0.09881422924901186,0.03033645890788748,0.06847777034112437
two_independent_publications,Q6MZP7,15,23,148,0.13043478260869565,0.044769259054973344,0.08566552355372231
two_independent_publications,Q6MZP7,20,23,148,0.14624505928853754,0.0589262732119875,0.08731878607655004
two_independent_publications,Q6MZP7,25,23,148,0.16205533596837945,0.07354293068578782,0.08851240528259163
two_independent_publications,Q6MZP7,30,23,148,0.17786561264822134,0.08760801617944475,0.0902575964687766
two_independent_publications,Q6NXT4,5,3,71,0.3333333333333333,0.020523138832997986,0.3128101945003353
two_independent_publications,Q6NXT4,10,3,71,1.0,0.04144869215291751,0.9585513078470825
two_independent_publications,Q6NXT4,15,3,71,1.0,0.06398390342052314,0.9360160965794768
two_independent_publications,Q6NXT4,20,3,71,1.0,0.08571428571428572,0.9142857142857143
two_independent_publications,Q6NXT4,25,3,71,1.0,0.103420523138833,0.896579476861167
two_independent_publications,Q6NXT4,30,3,71,1.0,0.1267605633802817,0.8732394366197183
two_independent_publications,Q6P3W7,5,4,137,0.16666666666666666,0.014598540145985401,0.15206812652068125
two_independent_publications,Q6P3W7,10,4,137,0.3333333333333333,0.02715757835981108,0.30617575497352223
two_independent_publications,Q6P3W7,15,4,137,0.6666666666666666,0.037784456848432804,0.6288822098182338
two_independent_publications,Q6P3W7,20,4,137,0.8333333333333334,0.04991412623443538,0.783419207098898
two_independent_publications,Q6P3W7,25,4,137,1.0,0.06086303134392443,0.9391369686560755
two_independent_publications,Q6P3W7,30,4,137,1.0,0.07116788321167883,0.9288321167883211
two_independent_publications,Q6P4R8,5,44,253,0.0412262156448203,0.00894033502729155,0.032285880617528746
two_independent_publications,Q6P4R8,10,44,253,0.06553911205073996,0.017692452475061172,0.047846659575678796
two_independent_publications,Q6P4R8,15,44,253,0.08879492600422834,0.026381830729656816,0.06241309527457152
two_independent_publications,Q6P4R8,20,44,253,0.11416490486257928,0.034882991404730536,0.07928191345784874
two_independent_publications,Q6P4R8,25,44,253,0.1331923890063425,0.04329004329004329,0.08990234571629921
two_independent_publications,Q6P4R8,30,44,253,0.14693446088794926,0.05100696405044231,0.09592749683750695
two_independent_publications,Q6PI47,5,3,63,0.0,0.02457757296466974,-0.02457757296466974
two_independent_publications,Q6PI47,10,3,63,0.3333333333333333,0.048131080389144903,0.28520225294418844
two_independent_publications,Q6PI47,15,3,63,0.3333333333333333,0.07885304659498207,0.2544802867383512
two_independent_publications,Q6PI47,20,3,63,0.3333333333333333,0.10445468509984639,0.22887864823348691
two_independent_publications,Q6PI47,25,3,63,0.3333333333333333,0.13108038914490527,0.20225294418842804
two_independent_publications,Q6PI47,30,3,63,0.3333333333333333,0.15360983102918588,0.17972350230414744
two_independent_publications,Q6PJG2,5,8,129,0.07142857142857142,0.00944767441860465,0.06198089700996677
two_independent_publications,Q6PJG2,10,8,129,0.17857142857142858,0.021681201550387597,0.15689022702104097
two_independent_publications,Q6PJG2,15,8,129,0.2857142857142857,0.03330910852713178,0.25240517718715394
two_independent_publications,Q6PJG2,20,8,129,0.2857142857142857,0.044452519379844964,0.24126176633444074
two_independent_publications,Q6PJG2,25,8,129,0.35714285714285715,0.0559593023255814,0.30118355481727577
two_independent_publications,Q6PJG2,30,8,129,0.35714285714285715,0.06455910852713179,0.29258374861572534
two_independent_publications,Q6PJT7,5,20,117,0.08421052631578947,0.016357206012378427,0.06785332030341104
two_independent_publications,Q6PJT7,10,20,117,0.12631578947368421,0.02976716769820218,0.09654862177548204
two_independent_publications,Q6PJT7,15,20,117,0.1368421052631579,0.0430297671676982,0.0938123380954597
two_independent_publications,Q6PJT7,20,20,117,0.1631578947368421,0.05732390215148836,0.10583399258535375
two_independent_publications,Q6PJT7,25,20,117,0.18947368421052632,0.06822870615974064,0.12124497805078568
two_independent_publications,Q6PJT7,30,20,117,0.20526315789473684,0.0820807544945476,0.12318240340018924
two_independent_publications,Q6UN15,5,8,97,0.35714285714285715,0.021262886597938145,0.335879970544919
two_independent_publications,Q6UN15,10,8,97,0.42857142857142855,0.03994845360824742,0.3886229749631811
two_independent_publications,Q6UN15,15,8,97,0.42857142857142855,0.05584192439862543,0.3727295041728031
two_independent_publications,Q6UN15,20,8,97,0.42857142857142855,0.07130584192439862,0.3572655866470299
two_independent_publications,Q6UN15,25,8,97,0.42857142857142855,0.08784364261168384,0.34072778595974473
two_independent_publications,Q6UN15,30,8,97,0.42857142857142855,0.10330756013745704,0.3252638684339715
two_independent_publications,Q6UUV7,5,9,119,0.1388888888888889,0.01694915254237288,0.12193973634651602
two_independent_publications,Q6UUV7,10,9,119,0.3055555555555556,0.03518017376442102,0.2703753817911346
two_independent_publications,Q6UUV7,15,9,119,0.4722222222222222,0.0524141860133884,0.4198080362088338
two_independent_publications,Q6UUV7,20,9,119,0.5555555555555556,0.06879361914257229,0.48676193641298326
two_independent_publications,Q6UUV7,25,9,119,0.6944444444444444,0.0844609030052699,0.6099835414391745
two_independent_publications,Q6UUV7,30,9,119,0.7222222222222222,0.09955846745477852,0.6226637547674437
two_independent_publications,Q6VMQ6,5,23,250,0.05928853754940711,0.008771084337349397,0.050517453212057715
two_independent_publications,Q6VMQ6,10,23,250,0.09881422924901186,0.017542168674698794,0.08127206057431306
two_independent_publications,Q6VMQ6,15,23,250,0.12648221343873517,0.025477911646586346,0.10100430179214882
two_independent_publications,Q6VMQ6,20,23,250,0.14624505928853754,0.03376706827309237,0.11247799101544517
two_independent_publications,Q6VMQ6,25,23,250,0.15810276679841898,0.04224899598393574,0.11585377081448323
two_independent_publications,Q6VMQ6,30,23,250,0.19367588932806323,0.05127710843373494,0.14239878089432828
two_independent_publications,Q6W2J9,5,7,274,0.14285714285714285,0.005962407422261437,0.1368947354348814
two_independent_publications,Q6W2J9,10,7,274,0.2857142857142857,0.011898077591508249,0.27381620812277746
two_independent_publications,Q6W2J9,15,7,274,0.2857142857142857,0.01756637523060881,0.26814791048367687
two_independent_publications,Q6W2J9,20,7,274,0.2857142857142857,0.02299403759257774,0.26272024812170797
two_independent_publications,Q6W2J9,25,7,274,0.2857142857142857,0.028956445014839176,0.2567578406994465
two_independent_publications,Q6W2J9,30,7,274,0.2857142857142857,0.034624742653939736,0.251089543060346
two_independent_publications,Q6ZRI6,5,4,152,0.16666666666666666,0.009498082955733705,0.15716858371093295
two_independent_publications,Q6ZRI6,10,4,152,0.16666666666666666,0.01812478215406065,0.148541884512606
two_independent_publications,Q6ZRI6,15,4,152,0.16666666666666666,0.028145695364238412,0.13852097130242824
two_independent_publications,Q6ZRI6,20,4,152,0.16666666666666666,0.03886371558034158,0.12780295108632508
two_independent_publications,Q6ZRI6,25,4,152,0.16666666666666666,0.048187521784593935,0.11847914488207273
two_independent_publications,Q6ZRI6,30,4,152,0.16666666666666666,0.056814220982920875,0.10985244568374578
two_independent_publications,Q6ZRS2,5,6,540,0.13333333333333333,0.003930461073318216,0.12940287226001512
two_independent_publications,Q6ZRS2,10,6,540,0.3333333333333333,0.007620421906136192,0.3257129114271971
two_independent_publications,Q6ZRS2,15,6,540,0.4,0.011069882498453927,0.3889301175015461
two_independent_publications,Q6ZRS2,20,6,540,0.4,0.014381914381914381,0.38561808561808564
two_independent_publications,Q6ZRS2,25,6,540,0.4,0.017913832199546485,0.3820861678004535
two_independent_publications,Q6ZRS2,30,6,540,0.4,0.02117776403490689,0.3788222359650931
two_independent_publications,Q6ZU65,5,5,253,0.1,0.00997553171466215,0.09002446828533786
two_independent_publications,Q6ZU65,10,5,253,0.1,0.020013802622498276,0.07998619737750173
two_independent_publications,Q6ZU65,15,5,253,0.1,0.0290168768429638,0.0709831231570362
two_independent_publications,Q6ZU65,20,5,253,0.2,0.03801995106342933,0.1619800489365707
two_independent_publications,Q6ZU65,25,5,253,0.3,0.04755630842587364,0.2524436915741263
two_independent_publications,Q6ZU65,30,5,253,0.3,0.05659075224292615,0.24340924775707384
two_independent_publications,Q70E73,5,3,219,0.0,0.009509446608855934,-0.009509446608855934
two_independent_publications,Q70E73,10,3,219,0.6666666666666666,0.018977001382430563,0.6476896652842361
two_independent_publications,Q70E73,15,3,219,1.0,0.02861212349713041,0.9713878765028696
two_independent_publications,Q70E73,20,3,219,1.0,0.037954002764861126,0.9620459972351388
two_independent_publications,Q70E73,25,3,219,1.0,0.04603912697415274,0.9539608730258473
two_independent_publications,Q70E73,30,3,219,1.0,0.0547107368773826,0.9452892631226174
two_independent_publications,Q76L83,5,4,292,0.3333333333333333,0.0072494468766181805,0.32608388645671516
two_independent_publications,Q76L83,10,4,292,0.3333333333333333,0.014993174222096691,0.31834015911123664
two_independent_publications,Q76L83,15,4,292,0.3333333333333333,0.022360306924633998,0.31097302640869934
two_independent_publications,Q76L83,20,4,292,0.3333333333333333,0.02979805112272278,0.30353528221061055
two_independent_publications,Q76L83,25,4,292,0.3333333333333333,0.03660029186084828,0.296733041472485
two_independent_publications,Q76L83,30,4,292,0.3333333333333333,0.043520218424892905,0.2898131149084404
two_independent_publications,Q7KZ85,5,4,175,0.3333333333333333,0.008078817733990148,0.32525451559934315
two_independent_publications,Q7KZ85,10,4,175,0.6666666666666666,0.014844006568144498,0.6518226600985221
two_independent_publications,Q7KZ85,15,4,175,1.0,0.022068965517241378,0.9779310344827586
two_independent_publications,Q7KZ85,20,4,175,1.0,0.02857142857142857,0.9714285714285714
two_independent_publications,Q7KZ85,25,4,175,1.0,0.034811165845648605,0.9651888341543514
two_independent_publications,Q7KZ85,30,4,175,1.0,0.04111658456486043,0.9588834154351396
two_independent_publications,Q7LBC6,5,17,288,0.10294117647058823,0.006920247773906311,0.09602092869668193
two_independent_publications,Q7LBC6,10,17,288,0.18382352941176472,0.013888888888888888,0.16993464052287582
two_independent_publications,Q7LBC6,15,17,288,0.22058823529411764,0.021075300038714672,0.19951293525540298
two_independent_publications,Q7LBC6,20,17,288,0.27205882352941174,0.027777777777777776,0.24428104575163395
two_independent_publications,Q7LBC6,25,17,288,0.3014705882352941,0.03414150212930701,0.2673290861059871
two_independent_publications,Q7LBC6,30,17,288,0.3161764705882353,0.04081978319783198,0.2753566873904033
two_independent_publications,Q7Z3K3,5,23,230,0.05533596837944664,0.009189291816973609,0.04614667656247303
two_independent_publications,Q7Z3K3,10,23,230,0.1225296442687747,0.01777102715018037,0.10475861711859433
two_independent_publications,Q7Z3K3,15,23,230,0.18181818181818182,0.026618568445035126,0.1551996133731467
two_independent_publications,Q7Z3K3,20,23,230,0.22924901185770752,0.034516802734004176,0.19473220912370334
two_independent_publications,Q7Z3K3,25,23,230,0.2845849802371542,0.04222517562179609,0.24235980461535808
two_independent_publications,Q7Z3K3,30,23,230,0.33201581027667987,0.050427188152648565,0.2815886221240313
two_independent_publications,Q7Z417,5,9,134,0.6111111111111112,0.017955336101447648,0.5931557750096635
two_independent_publications,Q7Z417,10,9,134,0.8888888888888888,0.03557400965099315,0.8533148792378957
two_independent_publications,Q7Z417,15,9,134,1.0,0.05173381214229604,0.948266187857704
two_independent_publications,Q7Z417,20,9,134,1.0,0.06699584782852654,0.9330041521714735
two_independent_publications,Q7Z417,25,9,134,1.0,0.08461452137807204,0.915385478621928
two_independent_publications,Q7Z417,30,9,134,1.0,0.10032544046683874,0.8996745595331612
two_independent_publications,Q7Z434,5,7,108,0.14285714285714285,0.020941502249913466,0.12191564060722938
two_independent_publications,Q7Z434,10,7,108,0.19047619047619047,0.04361370716510903,0.14686248331108143
two_independent_publications,Q7Z434,15,7,108,0.2857142857142857,0.0647282796815507,0.220986006032735
two_independent_publications,Q7Z434,20,7,108,0.38095238095238093,0.08618899273104881,0.29476338822133213
two_independent_publications,Q7Z434,25,7,108,0.42857142857142855,0.10730356524749048,0.3212678633239381
two_independent_publications,Q7Z434,30,7,108,0.42857142857142855,0.12859120803046037,0.2999802205409682
two_independent_publications,Q7Z589,5,47,322,0.05550416281221091,0.008591165031636384,0.04691299778057453
two_independent_publications,Q7Z589,10,47,322,0.09158186864014801,0.01677599117664132,0.0748058774635067
two_independent_publications,Q7Z589,15,47,322,0.12025901942645699,0.02453512896422283,0.09572389046223416
two_independent_publications,Q7Z589,20,47,322,0.1498612395929695,0.03273930458001974,0.11712193501294975
two_independent_publications,Q7Z589,25,47,322,0.17946345975948197,0.04036299607205743,0.13910046368742454
two_independent_publications,Q7Z589,30,47,322,0.20999074930619796,0.04850912327547842,0.16148162603071953
two_independent_publications,Q7Z5J4,5,5,316,0.1,0.0069117942535664055,0.0930882057464336
two_independent_publications,Q7Z5J4,10,5,316,0.2,0.012497488446855536,0.18750251155314449
two_independent_publications,Q7Z5J4,15,5,316,0.4,0.01810327506530038,0.3818967249346996
two_independent_publications,Q7Z5J4,20,5,316,0.4,0.0241711874623267,0.3758288125376733
two_independent_publications,Q7Z5J4,25,5,316,0.4,0.02911392405063291,0.3708860759493671
two_independent_publications,Q7Z5J4,30,5,316,0.4,0.03449869399236488,0.36550130600763514
two_independent_publications,Q7Z5L9,5,9,84,0.1111111111111111,0.019793459552495698,0.0913176515586154
two_independent_publications,Q7Z5L9,10,9,84,0.16666666666666666,0.03815261044176707,0.1285140562248996
two_independent_publications,Q7Z5L9,15,9,84,0.2222222222222222,0.05880665519219736,0.16341556703002486
two_independent_publications,Q7Z5L9,20,9,84,0.2777777777777778,0.07458405048766495,0.20319372729011284
two_independent_publications,Q7Z5L9,25,9,84,0.3333333333333333,0.09122203098106713,0.2421113023522662
two_independent_publications,Q7Z5L9,30,9,84,0.3611111111111111,0.1087205966724039,0.2523905144387072
two_independent_publications,Q7Z6B7,5,3,155,0.3333333333333333,0.011897779639715124,0.3214355536936182
two_independent_publications,Q7Z6B7,10,3,155,1.0,0.021281943862589026,0.9787180561374109
two_independent_publications,Q7Z6B7,15,3,155,1.0,0.030414746543778803,0.9695852534562212
two_independent_publications,Q7Z6B7,20,3,155,1.0,0.04080435693338919,0.9591956430666108
two_independent_publications,Q7Z6B7,25,3,155,1.0,0.049685798072894846,0.9503142019271051
two_independent_publications,Q7Z6B7,30,3,155,1.0,0.05881860075408463,0.9411813992459154
two_independent_publications,Q7Z6J0,5,5,146,0.1,0.013604156825696741,0.08639584317430327
two_independent_publications,Q7Z6J0,10,5,146,0.2,0.027208313651393482,0.17279168634860653
two_independent_publications,Q7Z6J0,15,5,146,0.4,0.041379310344827586,0.35862068965517246
two_independent_publications,Q7Z6J0,20,5,146,0.4,0.05422768068020784,0.3457723193197922
two_independent_publications,Q7Z6J0,25,5,146,0.4,0.06783183750590459,0.3321681624940954
two_independent_publications,Q7Z6J0,30,5,146,0.4,0.08162494095418045,0.3183750590458196
two_independent_publications,Q7Z739,5,11,85,0.07272727272727272,0.024089635854341738,0.04863763687293099
two_independent_publications,Q7Z739,10,11,85,0.21818181818181817,0.04649859943977591,0.17168321874204226
two_independent_publications,Q7Z739,15,11,85,0.2909090909090909,0.06946778711484594,0.22144130379424495
two_independent_publications,Q7Z739,20,11,85,0.36363636363636365,0.08823529411764706,0.27540106951871657
two_independent_publications,Q7Z739,25,11,85,0.45454545454545453,0.10700280112044817,0.34754265342500634
two_independent_publications,Q7Z739,30,11,85,0.4909090909090909,0.12492997198879552,0.3659791189202954
two_independent_publications,Q86TC9,5,9,232,0.1388888888888889,0.008807284669353635,0.13008160421953527
two_independent_publications,Q86TC9,10,9,232,0.16666666666666666,0.01664427526496492,0.15002239140170173
two_independent_publications,Q86TC9,15,9,232,0.2222222222222222,0.024742498880429915,0.19747972334179228
two_independent_publications,Q86TC9,20,9,232,0.3333333333333333,0.03201970443349754,0.30131362889983576
two_independent_publications,Q86TC9,25,9,232,0.4444444444444444,0.04026720406030751,0.40417724038413694
two_independent_publications,Q86TC9,30,9,232,0.5,0.0483654276757725,0.4516345723242275
two_independent_publications,Q86U70,5,3,66,0.6666666666666666,0.02564102564102564,0.641025641025641
two_independent_publications,Q86U70,10,3,66,1.0,0.049883449883449886,0.9501165501165502
two_independent_publications,Q86U70,15,3,66,1.0,0.07692307692307693,0.9230769230769231
two_independent_publications,Q86U70,20,3,66,1.0,0.09557109557109557,0.9044289044289044
two_independent_publications,Q86U70,25,3,66,1.0,0.11748251748251748,0.8825174825174825
two_independent_publications,Q86U70,30,3,66,1.0,0.137995337995338,0.862004662004662
two_independent_publications,Q86UE4,5,3,108,1.0,0.020249221183800622,0.9797507788161994
two_independent_publications,Q86UE4,10,3,108,1.0,0.03824852890273451,0.9617514710972654
two_independent_publications,Q86UE4,15,3,108,1.0,0.057805469020422294,0.9421945309795777
two_independent_publications,Q86UE4,20,3,108,1.0,0.07892004153686397,0.9210799584631361
two_independent_publications,Q86UE4,25,3,108,1.0,0.09899619245413638,0.9010038075458636
two_independent_publications,Q86UE4,30,3,108,1.0,0.11716857043959848,0.8828314295604015
two_independent_publications,Q86UU0,5,3,201,0.0,0.008059701492537314,-0.008059701492537314
two_independent_publications,Q86UU0,10,3,201,0.0,0.015522388059701492,-0.015522388059701492
two_independent_publications,Q86UU0,15,3,201,0.3333333333333333,0.023582089552238807,0.30975124378109453
two_independent_publications,Q86UU0,20,3,201,0.3333333333333333,0.031840796019900496,0.30149253731343284
two_independent_publications,Q86UU0,25,3,201,0.3333333333333333,0.03940298507462687,0.29393034825870645
two_independent_publications,Q86UU0,30,3,201,0.3333333333333333,0.046965174129353235,0.28636815920398007
two_independent_publications,Q86XP3,5,6,120,0.2,0.01134453781512605,0.18865546218487397
two_independent_publications,Q86XP3,10,6,120,0.4666666666666667,0.023809523809523808,0.44285714285714284
two_independent_publications,Q86XP3,15,6,120,0.4666666666666667,0.036414565826330535,0.43025210084033616
two_independent_publications,Q86XP3,20,6,120,0.4666666666666667,0.04873949579831933,0.41792717086834735
two_independent_publications,Q86XP3,25,6,120,0.4666666666666667,0.06050420168067227,0.4061624649859944
two_independent_publications,Q86XP3,30,6,120,0.4666666666666667,0.07156862745098039,0.3950980392156863
two_independent_publications,Q86YP4,5,16,116,0.075,0.015742128935532233,0.05925787106446777
two_independent_publications,Q86YP4,10,16,116,0.15,0.037181409295352325,0.11281859070464767
two_independent_publications,Q86YP4,15,16,116,0.175,0.05217391304347826,0.12282608695652172
two_independent_publications,Q86YP4,20,16,116,0.19166666666666668,0.06971514242878561,0.12195152423788107
two_independent_publications,Q86YP4,25,16,116,0.20833333333333334,0.08770614692653673,0.12062718640679661
two_independent_publications,Q86YP4,30,16,116,0.25833333333333336,0.10269865067466268,0.1556346826586707
two_independent_publications,Q86Z02,5,4,247,0.0,0.00957835489286067,-0.00957835489286067
two_independent_publications,Q86Z02,10,4,247,0.0,0.018893387314439947,-0.018893387314439947
two_independent_publications,Q86Z02,15,4,247,0.0,0.02715512985089365,-0.02715512985089365
two_independent_publications,Q86Z02,20,4,247,0.0,0.03512063460715579,-0.03512063460715579
two_independent_publications,Q86Z02,25,4,247,0.0,0.043645699614890884,-0.043645699614890884
two_independent_publications,Q86Z02,30,4,247,0.0,0.05128205128205128,-0.05128205128205128
two_independent_publications,Q8IVF2,5,6,766,0.13333333333333333,0.0018805781668629158,0.13145275516647043
two_independent_publications,Q8IVF2,10,6,766,0.26666666666666666,0.0037133739483608936,0.26295329271830575
two_independent_publications,Q8IVF2,15,6,766,0.3333333333333333,0.005621256335432345,0.32771207699790095
two_independent_publications,Q8IVF2,20,6,766,0.4,0.007549616887660199,0.3924503831123398
two_independent_publications,Q8IVF2,25,6,766,0.4,0.009365347531527842,0.3906346524684722
two_independent_publications,Q8IVF2,30,6,766,0.4,0.011184491202921552,0.3888155087970785
two_independent_publications,Q8IVW6,5,3,89,0.0,0.031920326864147086,-0.031920326864147086
two_independent_publications,Q8IVW6,10,3,89,0.0,0.05873340143003064,-0.05873340143003064
two_independent_publications,Q8IVW6,15,3,89,0.0,0.08273748723186926,-0.08273748723186926
two_independent_publications,Q8IVW6,20,3,89,0.0,0.09908069458631256,-0.09908069458631256
two_independent_publications,Q8IVW6,25,3,89,0.0,0.118488253319714,-0.118488253319714
two_independent_publications,Q8IVW6,30,3,89,0.0,0.13508682328907048,-0.13508682328907048
two_independent_publications,Q8IWB9,5,3,201,0.6666666666666666,0.011194029850746268,0.6554726368159204
two_independent_publications,Q8IWB9,10,3,201,1.0,0.02293532338308458,0.9770646766169154
two_independent_publications,Q8IWB9,15,3,201,1.0,0.03348258706467662,0.9665174129353233
two_independent_publications,Q8IWB9,20,3,201,1.0,0.04308457711442786,0.9569154228855722
two_independent_publications,Q8IWB9,25,3,201,1.0,0.05238805970149254,0.9476119402985075
two_independent_publications,Q8IWB9,30,3,201,1.0,0.062636815920398,0.937363184079602
two_independent_publications,Q8IWI9,5,11,549,0.21818181818181817,0.0038690120059032347,0.21431280617591494
two_independent_publications,Q8IWI9,10,11,549,0.3090909090909091,0.00754523819020648,0.3015456709007026
two_independent_publications,Q8IWI9,15,11,549,0.3090909090909091,0.010975496257295946,0.29811541283361315
two_independent_publications,Q8IWI9,20,11,549,0.3090909090909091,0.014558653424275059,0.29453225566663405
two_independent_publications,Q8IWI9,25,11,549,0.3090909090909091,0.017975615917461076,0.29111529317344803
two_independent_publications,Q8IWI9,30,11,549,0.3090909090909091,0.021326100541129857,0.2877648085497792
two_independent_publications,Q8IWZ3,5,18,438,0.1111111111111111,0.005015516754960659,0.10609559435615044
two_independent_publications,Q8IWZ3,10,18,438,0.1895424836601307,0.009686216733017774,0.17985626692711293
two_independent_publications,Q8IWZ3,15,18,438,0.2549019607843137,0.014189732819242866,0.24071222796507083
two_independent_publications,Q8IWZ3,20,18,438,0.32679738562091504,0.01876639185814447,0.30803099376277054
two_independent_publications,Q8IWZ3,25,18,438,0.38562091503267976,0.023008683113382025,0.36261223191929776
two_independent_publications,Q8IWZ3,30,18,438,0.43137254901960786,0.027418158260451606,0.40395439075915623
two_independent_publications,Q8IWZ8,5,3,70,0.3333333333333333,0.02360248447204969,0.3097308488612836
two_independent_publications,Q8IWZ8,10,3,70,0.6666666666666666,0.043478260869565216,0.6231884057971014
two_independent_publications,Q8IWZ8,15,3,70,1.0,0.06252587991718427,0.9374741200828157
two_independent_publications,Q8IWZ8,20,3,70,1.0,0.08157349896480331,0.9184265010351966
two_independent_publications,Q8IWZ8,25,3,70,1.0,0.1031055900621118,0.8968944099378882
two_independent_publications,Q8IWZ8,30,3,70,1.0,0.12629399585921325,0.8737060041407867
two_independent_publications,Q8IY33,5,5,140,0.3,0.015621788283658787,0.2843782117163412
two_independent_publications,Q8IY33,10,5,140,0.4,0.027543679342240494,0.3724563206577595
two_independent_publications,Q8IY33,15,5,140,0.6,0.03833504624871532,0.5616649537512847
two_independent_publications,Q8IY33,20,5,140,0.6,0.050873586844809866,0.5491264131551901
two_independent_publications,Q8IY33,25,5,140,0.6,0.06258992805755395,0.537410071942446
two_independent_publications,Q8IY33,30,5,140,0.6,0.0736896197327852,0.5263103802672148
two_independent_publications,Q8IZ21,5,11,124,0.2545454545454545,0.017178075006556517,0.237367379538898
two_independent_publications,Q8IZ21,10,11,124,0.45454545454545453,0.034093889325990036,0.4204515652194645
two_independent_publications,Q8IZ21,15,11,124,0.6181818181818182,0.04956726986624705,0.5686145483155711
two_independent_publications,Q8IZ21,20,11,124,0.6545454545454545,0.06517178075006556,0.589373673795389
two_independent_publications,Q8IZ21,25,11,124,0.7454545454545455,0.08051403094676109,0.6649405145077844
two_independent_publications,Q8IZ21,30,11,124,0.8363636363636363,0.0971675845790716,0.7391960517845647
two_independent_publications,Q8IZH2,5,3,213,0.3333333333333333,0.006156435468154841,0.32717689786517845
two_independent_publications,Q8IZH2,10,3,213,0.3333333333333333,0.012932943573390025,0.3204003897599433
two_independent_publications,Q8IZH2,15,3,213,0.3333333333333333,0.019222251749490656,0.31411108158384266
two_independent_publications,Q8IZH2,20,3,213,0.3333333333333333,0.0264416688812118,0.3068916644521215
two_independent_publications,Q8IZH2,25,3,213,0.3333333333333333,0.032420940738772254,0.30091239259456104
two_independent_publications,Q8IZH2,30,3,213,0.3333333333333333,0.039374612454601825,0.2939587208787315
two_independent_publications,Q8N1F7,5,3,103,1.0,0.013516086046068913,0.9864839139539311
two_independent_publications,Q8N1F7,10,3,103,1.0,0.026270702455739578,0.9737292975442604
two_independent_publications,Q8N1F7,15,3,103,1.0,0.038454216638111556,0.9615457833618885
two_independent_publications,Q8N1F7,20,3,103,1.0,0.051018465638682654,0.9489815343613174
two_independent_publications,Q8N1F7,25,3,103,1.0,0.0633923472301542,0.9366076527698458
two_independent_publications,Q8N1F7,30,3,103,1.0,0.07538549400342662,0.9246145059965734
two_independent_publications,Q8N1G0,5,3,191,0.3333333333333333,0.009093414163681455,0.32423991916965184
two_independent_publications,Q8N1G0,10,3,191,0.3333333333333333,0.016974373105538718,0.3163589602277946
two_independent_publications,Q8N1G0,15,3,191,0.3333333333333333,0.025130890052356022,0.3082024432809773
two_independent_publications,Q8N1G0,20,3,191,0.3333333333333333,0.032956737393221275,0.300376595940112
two_independent_publications,Q8N1G0,25,3,191,0.3333333333333333,0.041333700744006614,0.2919996325893267
two_independent_publications,Q8N1G0,30,3,191,0.3333333333333333,0.04993111049875999,0.28340222283457334
two_independent_publications,Q8N3V7,5,7,174,0.5714285714285714,0.011693575177729055,0.5597349962508423
two_independent_publications,Q8N3V7,10,7,174,0.7142857142857143,0.022124775762407813,0.6921609385233065
two_independent_publications,Q8N3V7,15,7,174,0.7142857142857143,0.03415055478041326,0.680135159505301
two_independent_publications,Q8N3V7,20,7,174,0.7142857142857143,0.045312603813700086,0.6689731104720142
two_independent_publications,Q8N3V7,25,7,174,0.7142857142857143,0.05727194206365026,0.657013772222064
two_independent_publications,Q8N3V7,30,7,174,0.7142857142857143,0.0680353464886054,0.6462503677971089
two_independent_publications,Q8N3X1,5,6,191,0.26666666666666666,0.014108569853954258,0.2525580968127124
two_independent_publications,Q8N3X1,10,6,191,0.4,0.02667401488013227,0.37332598511986775
two_independent_publications,Q8N3X1,15,6,191,0.4,0.03846789749242215,0.3615321025075779
two_independent_publications,Q8N3X1,20,6,191,0.4,0.04805731606503169,0.3519426839349683
two_independent_publications,Q8N3X1,25,6,191,0.4,0.05830807384954533,0.3416919261504547
two_independent_publications,Q8N3X1,30,6,191,0.4,0.06762193441719482,0.3323780655828052
two_independent_publications,Q8NDV7,5,14,416,0.14285714285714285,0.0055491195551436515,0.1373080233019992
two_independent_publications,Q8NDV7,10,14,416,0.26373626373626374,0.011272011121408711,0.25246425261485506
two_independent_publications,Q8NDV7,15,14,416,0.37362637362637363,0.01679796107506951,0.3568284125513041
two_independent_publications,Q8NDV7,20,14,416,0.5164835164835165,0.02234708063021316,0.49413643585330336
two_independent_publications,Q8NDV7,25,14,416,0.6373626373626373,0.02795412418906395,0.6094085131735734
two_independent_publications,Q8NDV7,30,14,416,0.6923076923076923,0.03329471733086191,0.6590129749768304
two_independent_publications,Q8NDX5,5,12,213,0.18181818181818182,0.013995925236956329,0.1678222565812255
two_independent_publications,Q8NDX5,10,12,213,0.24242424242424243,0.027150323323589336,0.2152739191006531
two_independent_publications,Q8NDX5,15,12,213,0.24242424242424243,0.03924173974665604,0.2031825026775864
two_independent_publications,Q8NDX5,20,12,213,0.24242424242424243,0.051687483390911504,0.19073675903333093
two_independent_publications,Q8NDX5,25,12,213,0.24242424242424243,0.06262733634511472,0.1797969060791277
two_independent_publications,Q8NDX5,30,12,213,0.2727272727272727,0.07254849853840022,0.20017877418887248
two_independent_publications,Q8NEM7,5,5,134,0.5,0.016047581640668836,0.48395241835933117
two_independent_publications,Q8NEM7,10,5,134,0.9,0.03029962967119291,0.8697003703288071
two_independent_publications,Q8NEM7,15,5,134,1.0,0.04421501514981484,0.9557849848501851
two_independent_publications,Q8NEM7,20,5,134,1.0,0.05678375042082819,0.9432162495791718
two_independent_publications,Q8NEM7,25,5,134,1.0,0.07047469419818202,0.929525305801818
two_independent_publications,Q8NEM7,30,5,134,1.0,0.08540006733251038,0.9145999326674896
two_independent_publications,Q8NEZ2,5,5,68,0.5,0.03467954345917471,0.46532045654082527
two_independent_publications,Q8NEZ2,10,5,68,0.9,0.061018437225636525,0.8389815627743635
two_independent_publications,Q8NEZ2,15,5,68,1.0,0.08516242317822652,0.9148375768217735
two_independent_publications,Q8NEZ2,20,5,68,1.0,0.1106233538191396,0.8893766461808604
two_independent_publications,Q8NEZ2,25,5,68,1.0,0.13169446883230904,0.8683055311676909
two_independent_publications,Q8NEZ2,30,5,68,1.0,0.15935030728709393,0.8406496927129061
two_independent_publications,Q8NEZ4,5,5,784,0.1,0.00240441003987802,0.09759558996012199
two_independent_publications,Q8NEZ4,10,5,784,0.1,0.004590533531420231,0.09540946646857977
two_independent_publications,Q8NEZ4,15,5,784,0.2,0.006812495112987724,0.19318750488701228
two_independent_publications,Q8NEZ4,20,5,784,0.2,0.008979070555425236,0.19102092944457477
two_independent_publications,Q8NEZ4,25,5,784,0.2,0.011191258112440379,0.18880874188755964
two_independent_publications,Q8NEZ4,30,5,784,0.2,0.013383897620350822,0.18661610237964918
two_independent_publications,Q8NFH5,5,4,65,0.5,0.028365384615384615,0.4716346153846154
two_independent_publications,Q8NFH5,10,4,65,0.5,0.06442307692307692,0.4355769230769231
two_independent_publications,Q8NFH5,15,4,65,0.5,0.09711538461538462,0.4028846153846154
two_independent_publications,Q8NFH5,20,4,65,0.5,0.13173076923076923,0.3682692307692308
two_independent_publications,Q8NFH5,25,4,65,0.5,0.16298076923076923,0.3370192307692308
two_independent_publications,Q8NFH5,30,4,65,0.5,0.19423076923076923,0.3057692307692308
two_independent_publications,Q8NG31,5,4,387,0.3333333333333333,0.004444979984201577,0.32888835334913175
two_independent_publications,Q8NG31,10,4,387,0.5,0.0088497944866182,0.4911502055133818
two_independent_publications,Q8NG31,15,4,387,0.5,0.013321551458676414,0.4866784485413236
two_independent_publications,Q8NG31,20,4,387,0.5,0.017739754455021354,0.48226024554497865
two_independent_publications,Q8NG31,25,4,387,0.5,0.022251676908864523,0.47774832309113546
two_independent_publications,Q8NG31,30,4,387,0.5,0.026643102917352827,0.47335689708264717
two_independent_publications,Q8TCU4,5,8,823,0.03571428571428571,0.00278194132794092,0.03293234438634479
two_independent_publications,Q8TCU4,10,8,823,0.14285714285714285,0.005424933407833781,0.13743220944930906
two_independent_publications,Q8TCU4,15,8,823,0.14285714285714285,0.007515084862514154,0.1353420579946287
two_independent_publications,Q8TCU4,20,8,823,0.14285714285714285,0.010054604098115908,0.13280253875902695
two_independent_publications,Q8TCU4,25,8,823,0.14285714285714285,0.012283704800844338,0.1305734380562985
two_independent_publications,Q8TCU4,30,8,823,0.14285714285714285,0.014840962238324568,0.12801618061881828
two_independent_publications,Q8TDM6,5,3,274,0.6666666666666666,0.00724579556696345,0.6594208710997032
two_independent_publications,Q8TDM6,10,3,274,1.0,0.01403705783267827,0.9859629421673217
two_independent_publications,Q8TDM6,15,3,274,1.0,0.020507473062217587,0.9794925269377824
two_independent_publications,Q8TDM6,20,3,274,1.0,0.026416405978449773,0.9735835940215503
two_independent_publications,Q8TDM6,25,3,274,1.0,0.032352076147696585,0.9676479238523035
two_independent_publications,Q8TDM6,30,3,274,1.0,0.03780647576268014,0.9621935242373199
two_independent_publications,Q8TEQ6,5,3,214,0.3333333333333333,0.00688868412970032,0.326444649203633
two_independent_publications,Q8TEQ6,10,3,214,0.3333333333333333,0.01347022947654776,0.31986310385678557
two_independent_publications,Q8TEQ6,15,3,214,0.3333333333333333,0.020183405730332147,0.31314992760300114
two_independent_publications,Q8TEQ6,20,3,214,0.3333333333333333,0.02773024439471721,0.3056030889386161
two_independent_publications,Q8TEQ6,25,3,214,0.3333333333333333,0.03457505155543855,0.29875828177789476
two_independent_publications,Q8TEQ6,30,3,214,0.3333333333333333,0.04177087446799175,0.29156245886534154
two_independent_publications,Q8TF68,5,4,104,0.3333333333333333,0.018670649738610903,0.31466268359472244
two_independent_publications,Q8TF68,10,4,104,0.5,0.03902165795369679,0.4609783420463032
two_independent_publications,Q8TF68,15,4,104,0.5,0.05825242718446602,0.441747572815534
two_independent_publications,Q8TF68,20,4,104,0.5,0.07692307692307693,0.4230769230769231
two_independent_publications,Q8TF68,25,4,104,0.6666666666666666,0.09260642270351008,0.5740602439631566
two_independent_publications,Q8TF68,30,4,104,0.8333333333333334,0.10978342046303212,0.7235499128703012
two_independent_publications,Q8WUH6,5,3,19,1.0,0.07017543859649122,0.9298245614035088
two_independent_publications,Q8WUH6,10,3,19,1.0,0.16374269005847952,0.8362573099415205
two_independent_publications,Q8WUH6,15,3,19,1.0,0.2222222222222222,0.7777777777777778
two_independent_publications,Q8WUH6,20,3,19,1.0,0.2982456140350877,0.7017543859649122
two_independent_publications,Q8WUH6,25,3,19,1.0,0.38596491228070173,0.6140350877192983
two_independent_publications,Q8WUH6,30,3,19,1.0,0.4619883040935672,0.5380116959064327
two_independent_publications,Q8WW12,5,3,32,1.0,0.07056451612903226,0.9294354838709677
two_independent_publications,Q8WW12,10,3,32,1.0,0.1431451612903226,0.8568548387096774
two_independent_publications,Q8WW12,15,3,32,1.0,0.20967741935483872,0.7903225806451613
two_independent_publications,Q8WW12,20,3,32,1.0,0.2560483870967742,0.7439516129032258
two_independent_publications,Q8WW12,25,3,32,1.0,0.31451612903225806,0.685483870967742
two_independent_publications,Q8WW12,30,3,32,1.0,0.3689516129032258,0.6310483870967742
two_independent_publications,Q8WWI1,5,13,287,0.1794871794871795,0.007431592797446456,0.17205558668973303
two_independent_publications,Q8WWI1,10,13,287,0.358974358974359,0.015155576131185887,0.3438187828431731
two_independent_publications,Q8WWI1,15,13,287,0.47435897435897434,0.022294778392339367,0.452064195966635
two_independent_publications,Q8WWI1,20,13,287,0.5384615384615384,0.029628907677688165,0.5088326307838502
two_independent_publications,Q8WWI1,25,13,287,0.5769230769230769,0.03693867108501255,0.5399844058380643
two_independent_publications,Q8WWI1,30,13,287,0.5769230769230769,0.04334689700543359,0.5335761799176433
two_independent_publications,Q8WWM7,5,7,168,0.3333333333333333,0.011477045908183632,0.32185628742514966
two_independent_publications,Q8WWM7,10,7,168,0.47619047619047616,0.022383803820929568,0.4538066723695466
two_independent_publications,Q8WWM7,15,7,168,0.47619047619047616,0.03200741374394069,0.4441830624465355
two_independent_publications,Q8WWM7,20,7,168,0.47619047619047616,0.04063301967493584,0.43555745651554034
two_independent_publications,Q8WWM7,25,7,168,0.47619047619047616,0.04975762760193898,0.4264328485885372
two_independent_publications,Q8WWM7,30,7,168,0.47619047619047616,0.059808953521528374,0.4163815226689478
two_independent_publications,Q8WX93,5,3,231,0.3333333333333333,0.008507434594391116,0.3248258987389422
two_independent_publications,Q8WX93,10,3,231,0.3333333333333333,0.016412572934312065,0.31692076039902123
two_independent_publications,Q8WX93,15,3,231,0.3333333333333333,0.024054206662902314,0.309279126670431
two_independent_publications,Q8WX93,20,3,231,0.3333333333333333,0.03131940523244871,0.3020139281008846
two_independent_publications,Q8WX93,25,3,231,0.3333333333333333,0.03798230754752494,0.29535102578580835
two_independent_publications,Q8WX93,30,3,231,0.3333333333333333,0.04490871447393187,0.28842461885940146
two_independent_publications,Q8WXI9,5,12,80,0.15151515151515152,0.022151898734177215,0.1293632527809743
two_independent_publications,Q8WXI9,10,12,80,0.22727272727272727,0.043037974683544304,0.18423475258918295
two_independent_publications,Q8WXI9,15,12,80,0.24242424242424243,0.060126582278481014,0.18229766014576143
two_independent_publications,Q8WXI9,20,12,80,0.24242424242424243,0.07626582278481013,0.1661584196394323
two_independent_publications,Q8WXI9,25,12,80,0.25757575757575757,0.0939873417721519,0.16358841580360567
two_independent_publications,Q8WXI9,30,12,80,0.2878787878787879,0.1129746835443038,0.1749041043344841
two_independent_publications,Q8WY36,5,5,150,0.4,0.01261744966442953,0.3873825503355705
two_independent_publications,Q8WY36,10,5,150,0.7,0.024787472035794185,0.6752125279642057
two_independent_publications,Q8WY36,15,5,150,0.9,0.03498881431767338,0.8650111856823266
two_independent_publications,Q8WY36,20,5,150,1.0,0.04733780760626398,0.9526621923937361
two_independent_publications,Q8WY36,25,5,150,1.0,0.058523489932885905,0.9414765100671141
two_independent_publications,Q8WY36,30,5,150,1.0,0.06988814317673378,0.9301118568232662
two_independent_publications,Q92540,5,3,191,0.3333333333333333,0.01025075778451364,0.3230825755488197
two_independent_publications,Q92540,10,3,191,0.3333333333333333,0.020281069165059246,0.3130522641682741
two_independent_publications,Q92540,15,3,191,0.3333333333333333,0.030586938550564893,0.30274639478276844
two_independent_publications,Q92540,20,3,191,0.3333333333333333,0.03995591071920639,0.2933774226141269
two_independent_publications,Q92540,25,3,191,0.3333333333333333,0.04976577569578396,0.2835675576375494
two_independent_publications,Q92540,30,3,191,0.3333333333333333,0.05869385505648939,0.27463947827684393
two_independent_publications,Q92576,5,3,316,0.0,0.005887080570624874,-0.005887080570624874
two_independent_publications,Q92576,10,3,316,0.0,0.010930279284709665,-0.010930279284709665
two_independent_publications,Q92576,15,3,316,0.3333333333333333,0.015913200723327307,0.317420132610006
two_independent_publications,Q92576,20,3,316,0.3333333333333333,0.021076953988346393,0.3122563793449869
two_independent_publications,Q92576,25,3,316,0.3333333333333333,0.026160337552742614,0.3071729957805907
two_independent_publications,Q92576,30,3,316,0.3333333333333333,0.031203536266827404,0.3021297970665059
two_independent_publications,Q92585,5,3,168,0.3333333333333333,0.009908753920729969,0.32342457941260333
two_independent_publications,Q92585,10,3,168,0.3333333333333333,0.020387795836897635,0.31294553749643567
two_independent_publications,Q92585,15,3,168,0.3333333333333333,0.030011405759908755,0.3033219275734246
two_independent_publications,Q92585,20,3,168,0.3333333333333333,0.04006273167949815,0.2932706016538352
two_independent_publications,Q92585,25,3,168,0.3333333333333333,0.0499001996007984,0.2834331337325349
two_independent_publications,Q92585,30,3,168,0.3333333333333333,0.05966638152266895,0.27366695181066436
two_independent_publications,Q92615,5,3,121,0.6666666666666666,0.013223140495867768,0.6534435261707988
two_independent_publications,Q92615,10,3,121,1.0,0.027548209366391185,0.9724517906336088
two_independent_publications,Q92615,15,3,121,1.0,0.04132231404958678,0.9586776859504132
two_independent_publications,Q92615,20,3,121,1.0,0.0546831955922865,0.9453168044077135
two_independent_publications,Q92615,25,3,121,1.0,0.0674931129476584,0.9325068870523416
two_independent_publications,Q92615,30,3,121,1.0,0.08099173553719008,0.9190082644628099
two_independent_publications,Q92750,5,3,170,0.0,0.014410024364775497,-0.014410024364775497
two_independent_publications,Q92750,10,3,170,0.0,0.027218934911242602,-0.027218934911242602
two_independent_publications,Q92750,15,3,170,0.0,0.04142011834319527,-0.04142011834319527
two_independent_publications,Q92750,20,3,170,0.0,0.05395057431256526,-0.05395057431256526
two_independent_publications,Q92750,25,3,170,0.0,0.06731639401322659,-0.06731639401322659
two_independent_publications,Q92750,30,3,170,0.0,0.07873303167420814,-0.07873303167420814
two_independent_publications,Q92766,5,4,257,0.16666666666666666,0.005866974708171206,0.16079969195849544
two_independent_publications,Q92766,10,4,257,0.3333333333333333,0.012159533073929961,0.32117380025940334
two_independent_publications,Q92766,15,4,257,0.5,0.018877675097276263,0.4811223249027237
two_independent_publications,Q92766,20,4,257,0.5,0.02535262645914397,0.474647373540856
two_independent_publications,Q92766,25,4,257,0.5,0.03125,0.46875
two_independent_publications,Q92766,30,4,257,0.5,0.037937743190661476,0.46206225680933855
two_independent_publications,Q92793,5,5,351,0.2,0.004997964997964998,0.195002035002035
two_independent_publications,Q92793,10,5,351,0.3,0.01010989010989011,0.2898901098901099
two_independent_publications,Q92793,15,5,351,0.3,0.014733414733414734,0.28526658526658527
two_independent_publications,Q92793,20,5,351,0.3,0.019177859177859177,0.2808221408221408
two_independent_publications,Q92793,25,5,351,0.3,0.02385022385022385,0.27614977614977615
two_independent_publications,Q92793,30,5,351,0.3,0.028083028083028084,0.2719169719169719
two_independent_publications,Q92841,5,3,88,0.0,0.022204806687565307,-0.022204806687565307
two_independent_publications,Q92841,10,3,88,0.3333333333333333,0.04101358411703239,0.29231974921630094
two_independent_publications,Q92841,15,3,88,0.3333333333333333,0.05851619644723093,0.2748171368861024
two_independent_publications,Q92841,20,3,88,0.3333333333333333,0.07340647857889238,0.25992685475444094
two_independent_publications,Q92841,25,3,88,0.3333333333333333,0.08751306165099268,0.24582027168234064
two_independent_publications,Q92841,30,3,88,0.3333333333333333,0.10318704284221526,0.23014629049111807
two_independent_publications,Q92945,5,4,53,0.5,0.02177068214804064,0.4782293178519594
two_independent_publications,Q92945,10,4,53,0.5,0.03265602322206096,0.46734397677793904
two_independent_publications,Q92945,15,4,53,0.5,0.04644412191582003,0.45355587808417996
two_independent_publications,Q92945,20,4,53,0.5,0.05660377358490566,0.44339622641509435
two_independent_publications,Q92945,25,4,53,0.5,0.06894049346879536,0.4310595065312046
two_independent_publications,Q92945,30,4,53,0.5,0.08200290275761973,0.41799709724238027
two_independent_publications,Q93052,5,6,84,0.26666666666666666,0.022662076878944348,0.24400458978772233
two_independent_publications,Q93052,10,6,84,0.26666666666666666,0.04216867469879518,0.22449799196787149
two_independent_publications,Q93052,15,6,84,0.4666666666666667,0.05966724039013196,0.40699942627653474
two_independent_publications,Q93052,20,6,84,0.4666666666666667,0.07429718875502007,0.3923694779116466
two_independent_publications,Q93052,25,6,84,0.4666666666666667,0.09179575444635686,0.3748709122203098
two_independent_publications,Q93052,30,6,84,0.4666666666666667,0.10929432013769363,0.35737234652897304
two_independent_publications,Q96AY4,5,3,355,0.0,0.005426911753003899,-0.005426911753003899
two_independent_publications,Q96AY4,10,3,355,0.0,0.010535529561550091,-0.010535529561550091
two_independent_publications,Q96AY4,15,3,355,0.3333333333333333,0.01548500039786743,0.3178483329354659
two_independent_publications,Q96AY4,20,3,355,0.3333333333333333,0.019972945014721095,0.31336038831861224
two_independent_publications,Q96AY4,25,3,355,0.3333333333333333,0.024620036603803613,0.3087132967295297
two_independent_publications,Q96AY4,30,3,355,0.3333333333333333,0.029076151826211507,0.30425718150712183
two_independent_publications,Q96BD5,5,9,113,0.3611111111111111,0.018805309734513276,0.34230580137659783
two_independent_publications,Q96BD5,10,9,113,0.5,0.0347661188369153,0.46523388116308473
two_independent_publications,Q96BD5,15,9,113,0.5,0.05151706700379267,0.44848293299620734
two_independent_publications,Q96BD5,20,9,113,0.5,0.06905815423514539,0.4309418457648546
two_independent_publications,Q96BD5,25,9,113,0.5,0.08438685208596713,0.41561314791403287
two_independent_publications,Q96BD5,30,9,113,0.5,0.09987357774968394,0.400126422250316
two_independent_publications,Q96EV2,5,3,133,0.0,0.011050353155616314,-0.011050353155616314
two_independent_publications,Q96EV2,10,3,133,0.0,0.021872863978127138,-0.021872863978127138
two_independent_publications,Q96EV2,15,3,133,0.3333333333333333,0.03110047846889952,0.3022328548644338
two_independent_publications,Q96EV2,20,3,133,0.3333333333333333,0.040100250626566414,0.2932330827067669
two_independent_publications,Q96EV2,25,3,133,0.3333333333333333,0.05080884028252449,0.28252449305080884
two_independent_publications,Q96EV2,30,3,133,0.3333333333333333,0.06015037593984962,0.2731829573934837
two_independent_publications,Q96HA1,5,12,311,0.09090909090909091,0.009874494347059434,0.08103459656203148
two_independent_publications,Q96HA1,10,12,311,0.15151515151515152,0.018732496628980397,0.13278265488617114
two_independent_publications,Q96HA1,15,12,311,0.22727272727272727,0.02734156207862255,0.19993116519410473
two_independent_publications,Q96HA1,20,12,311,0.25757575757575757,0.036531480136915255,0.2210442774388423
two_independent_publications,Q96HA1,25,12,311,0.2727272727272727,0.04493309822632507,0.22779417450094763
two_independent_publications,Q96HA1,30,12,311,0.36363636363636365,0.05426822943678042,0.3093681341995832
two_independent_publications,Q96HC4,5,12,106,0.07575757575757576,0.020844564240790654,0.054913011516785105
two_independent_publications,Q96HC4,10,12,106,0.15151515151515152,0.04061096136567835,0.11090419014947317
two_independent_publications,Q96HC4,15,12,106,0.18181818181818182,0.05893980233602875,0.12287837948215308
two_independent_publications,Q96HC4,20,12,106,0.22727272727272727,0.07816711590296496,0.1491056113697623
two_independent_publications,Q96HC4,25,12,106,0.2727272727272727,0.09883198562443846,0.17389528710283425
two_independent_publications,Q96HC4,30,12,106,0.3181818181818182,0.11680143755615453,0.20138038062566366
two_independent_publications,Q96I24,5,4,61,0.0,0.017486338797814208,-0.017486338797814208
two_independent_publications,Q96I24,10,4,61,0.0,0.034972677595628415,-0.034972677595628415
two_independent_publications,Q96I24,15,4,61,0.3333333333333333,0.053005464480874315,0.280327868852459
two_independent_publications,Q96I24,20,4,61,0.3333333333333333,0.06830601092896176,0.26502732240437155
two_independent_publications,Q96I24,25,4,61,0.3333333333333333,0.08743169398907104,0.2459016393442623
two_independent_publications,Q96I24,30,4,61,0.5,0.1092896174863388,0.3907103825136612
two_independent_publications,Q96JH7,5,4,171,0.5,0.01045751633986928,0.4895424836601307
two_independent_publications,Q96JH7,10,4,171,1.0,0.02091503267973856,0.9790849673202614
two_independent_publications,Q96JH7,15,4,171,1.0,0.03164774681802546,0.9683522531819746
two_independent_publications,Q96JH7,20,4,171,1.0,0.040522875816993466,0.9594771241830066
two_independent_publications,Q96JH7,25,4,171,1.0,0.050498796009631926,0.9495012039903681
two_independent_publications,Q96JH7,30,4,171,1.0,0.05799793601651187,0.9420020639834882
two_independent_publications,Q96JM3,5,6,139,0.6,0.013033051819414034,0.5869669481805859
two_independent_publications,Q96JM3,10,6,139,0.6666666666666666,0.026483161297049317,0.6401835053696173
two_independent_publications,Q96JM3,15,6,139,0.6666666666666666,0.042435616724012096,0.6242310499426545
two_independent_publications,Q96JM3,20,6,139,0.6666666666666666,0.05578146178709206,0.6108852048795745
two_independent_publications,Q96JM3,25,6,139,0.6666666666666666,0.06996142216661454,0.5967052445000521
two_independent_publications,Q96JM3,30,6,139,0.6666666666666666,0.0823688874986967,0.58429777916797
two_independent_publications,Q96KM6,5,12,123,0.07575757575757576,0.01092896174863388,0.06482861400894188
two_independent_publications,Q96KM6,10,12,123,0.22727272727272727,0.024123683859789417,0.20314904341293785
two_independent_publications,Q96KM6,15,12,123,0.3181818181818182,0.03585232573637212,0.28232949244544603
two_independent_publications,Q96KM6,20,12,123,0.4090909090909091,0.04731440757030521,0.3617765015206039
two_independent_publications,Q96KM6,25,12,123,0.5151515151515151,0.05930960948953752,0.45584190566197763
two_independent_publications,Q96KM6,30,12,123,0.6212121212121212,0.06983873117419699,0.5513733900379242
two_independent_publications,Q96KR1,5,36,173,0.03333333333333333,0.014652507057400187,0.018680826275933145
two_independent_publications,Q96KR1,10,36,173,0.06507936507936508,0.026818120715149885,0.0382612443642152
two_independent_publications,Q96KR1,15,36,173,0.09206349206349207,0.039252587713402336,0.052810904350089734
two_independent_publications,Q96KR1,20,36,173,0.10476190476190476,0.05114934803064928,0.053612556731255485
two_independent_publications,Q96KR1,25,36,173,0.12063492063492064,0.06297889501277053,0.05765602562215011
two_independent_publications,Q96KR1,30,36,173,0.13015873015873017,0.0741363086436349,0.056022421515095275
two_independent_publications,Q96L91,5,44,433,0.039112050739957716,0.0037421948507398856,0.03536985588921783
two_independent_publications,Q96L91,10,44,433,0.06659619450317125,0.007099478231117954,0.0594967162720533
two_independent_publications,Q96L91,15,44,433,0.08350951374207188,0.010552989479086478,0.0729565242629854
two_independent_publications,Q96L91,20,44,433,0.10676532769556026,0.01430587631511419,0.09245945138044606
two_independent_publications,Q96L91,25,44,433,0.1226215644820296,0.01753485587203832,0.10508670860999128
two_independent_publications,Q96L91,30,44,433,0.13636363636363635,0.020838679325977248,0.11552495703765911
two_independent_publications,Q96M27,5,3,81,0.3333333333333333,0.025925925925925925,0.3074074074074074
two_independent_publications,Q96M27,10,3,81,0.6666666666666666,0.05030864197530864,0.616358024691358
two_independent_publications,Q96M27,15,3,81,1.0,0.075,0.925
two_independent_publications,Q96M27,20,3,81,1.0,0.10061728395061728,0.8993827160493827
two_independent_publications,Q96M27,25,3,81,1.0,0.12283950617283951,0.8771604938271604
two_independent_publications,Q96M27,30,3,81,1.0,0.14629629629629629,0.8537037037037037
two_independent_publications,Q96PK6,5,12,115,0.10606060606060606,0.013882532418001525,0.09217807364260454
two_independent_publications,Q96PK6,10,12,115,0.16666666666666666,0.029290617848970253,0.1373760488176964
two_independent_publications,Q96PK6,15,12,115,0.24242424242424243,0.04500381388253242,0.19742042854171002
two_independent_publications,Q96PK6,20,12,115,0.2727272727272727,0.06422578184591915,0.20850149088135356
two_independent_publications,Q96PK6,25,12,115,0.3484848484848485,0.07932875667429443,0.2691560918105541
two_independent_publications,Q96PK6,30,12,115,0.3787878787878788,0.09473684210526316,0.2840510366826156
two_independent_publications,Q96QT6,5,5,166,0.0,0.01226725082146769,-0.01226725082146769
two_independent_publications,Q96QT6,10,5,166,0.1,0.02453450164293538,0.07546549835706462
two_independent_publications,Q96QT6,15,5,166,0.2,0.035487404162102956,0.16451259583789707
two_independent_publications,Q96QT6,20,5,166,0.2,0.045418035779481565,0.15458196422051845
two_independent_publications,Q96QT6,25,5,166,0.3,0.05578678349762687,0.24421321650237313
two_independent_publications,Q96QT6,30,5,166,0.3,0.0665206279664111,0.23347937203358887
two_independent_publications,Q96RK0,5,3,429,0.0,0.004651112127747642,-0.004651112127747642
two_independent_publications,Q96RK0,10,3,429,0.0,0.008975448227784677,-0.008975448227784677
two_independent_publications,Q96RK0,15,3,429,0.0,0.013049256039910246,-0.013049256039910246
two_independent_publications,Q96RK0,20,3,429,0.0,0.017101278783521773,-0.017101278783521773
two_independent_publications,Q96RK0,25,3,429,0.0,0.021142408992876283,-0.021142408992876283
two_independent_publications,Q96RK0,30,3,429,0.0,0.02506372132540357,-0.02506372132540357
two_independent_publications,Q96RN5,5,3,105,1.0,0.01391941391941392,0.9860805860805861
two_independent_publications,Q96RN5,10,3,105,1.0,0.031868131868131866,0.9681318681318681
two_independent_publications,Q96RN5,15,3,105,1.0,0.046153846153846156,0.9538461538461538
two_independent_publications,Q96RN5,20,3,105,1.0,0.06153846153846154,0.9384615384615385
two_independent_publications,Q96RN5,25,3,105,1.0,0.07637362637362638,0.9236263736263737
two_independent_publications,Q96RN5,30,3,105,1.0,0.0912087912087912,0.9087912087912088
two_independent_publications,Q96ST3,5,5,154,0.3,0.008827773533655887,0.2911722264663441
two_independent_publications,Q96ST3,10,5,154,0.4,0.0172311348781937,0.3827688651218063
two_independent_publications,Q96ST3,15,5,154,0.4,0.026143790849673203,0.3738562091503268
two_independent_publications,Q96ST3,20,5,154,0.4,0.03403785756726933,0.3659621424327307
two_independent_publications,Q96ST3,25,5,154,0.4,0.04108309990662932,0.3589169000933707
two_independent_publications,Q96ST3,30,5,154,0.4,0.050505050505050504,0.3494949494949495
two_independent_publications,Q96T58,5,43,608,0.042081949058693245,0.003213604439434666,0.03886834461925858
two_independent_publications,Q96T58,10,43,608,0.0664451827242525,0.006329662707014653,0.06011552001723784
two_independent_publications,Q96T58,15,43,608,0.07308970099667775,0.00938069019335819,0.06370901080331956
two_independent_publications,Q96T58,20,43,608,0.08970099667774087,0.01248590999739877,0.0772150866803421
two_independent_publications,Q96T58,25,43,608,0.09634551495016612,0.015499002861354375,0.08084651208881175
two_independent_publications,Q96T58,30,43,608,0.10631229235880399,0.01850125726177057,0.08781103509703342
two_independent_publications,Q99081,5,4,170,0.16666666666666666,0.016428820048729552,0.1502378466179371
two_independent_publications,Q99081,10,4,170,0.16666666666666666,0.033275321963104766,0.1333913447035619
two_independent_publications,Q99081,15,4,170,0.16666666666666666,0.047894187260703096,0.11877247940596355
two_independent_publications,Q99081,20,4,170,0.16666666666666666,0.06362687086668987,0.10303979579997678
two_independent_publications,Q99081,25,4,170,0.16666666666666666,0.07908109989557953,0.08758556677108713
two_independent_publications,Q99081,30,4,170,0.5,0.09474416985729203,0.40525583014270794
two_independent_publications,Q99594,5,3,65,0.3333333333333333,0.03125,0.3020833333333333
two_independent_publications,Q99594,10,3,65,0.3333333333333333,0.05721153846153846,0.27612179487179483
two_independent_publications,Q99594,15,3,65,1.0,0.08221153846153846,0.9177884615384615
two_independent_publications,Q99594,20,3,65,1.0,0.10480769230769231,0.8951923076923077
two_independent_publications,Q99594,25,3,65,1.0,0.12163461538461538,0.8783653846153846
two_independent_publications,Q99594,30,3,65,1.0,0.13942307692307693,0.8605769230769231
two_independent_publications,Q99700,5,9,241,0.3611111111111111,0.00909405255878285,0.35201705855232823
two_independent_publications,Q99700,10,9,241,0.4166666666666667,0.017496542185338866,0.3991701244813278
two_independent_publications,Q99700,15,9,241,0.4166666666666667,0.025276625172890733,0.39139004149377593
two_independent_publications,Q99700,20,9,241,0.4166666666666667,0.03229598893499309,0.3843706777316736
two_independent_publications,Q99700,25,9,241,0.4166666666666667,0.03959197786998617,0.3770746887966805
two_independent_publications,Q99700,30,9,241,0.4166666666666667,0.04688796680497925,0.36977869986168743
two_independent_publications,Q99856,5,3,69,0.0,0.030690537084398978,-0.030690537084398978
two_independent_publications,Q99856,10,3,69,0.3333333333333333,0.05200341005967604,0.28132992327365725
two_independent_publications,Q99856,15,3,69,0.3333333333333333,0.07800511508951406,0.25532821824381924
two_independent_publications,Q99856,20,3,69,0.3333333333333333,0.0988917306052856,0.2344416027280477
two_independent_publications,Q99856,25,3,69,0.3333333333333333,0.11764705882352941,0.2156862745098039
two_independent_publications,Q99856,30,3,69,0.6666666666666666,0.14151747655583974,0.525149190110827
two_independent_publications,Q9BS26,5,3,43,0.3333333333333333,0.02768549280177187,0.30564784053156147
two_independent_publications,Q9BS26,10,3,43,0.3333333333333333,0.04540420819490587,0.28792912513842744
two_independent_publications,Q9BS26,15,3,43,1.0,0.0753045404208195,0.9246954595791805
two_independent_publications,Q9BS26,20,3,43,1.0,0.10077519379844961,0.8992248062015504
two_independent_publications,Q9BS26,25,3,43,1.0,0.1184939091915836,0.8815060908084164
two_independent_publications,Q9BS26,30,3,43,1.0,0.13510520487264674,0.8648947951273532
two_independent_publications,Q9BTA9,5,4,153,0.3333333333333333,0.017543859649122806,0.3157894736842105
two_independent_publications,Q9BTA9,10,4,153,0.3333333333333333,0.034485724114207084,0.29884760921912623
two_independent_publications,Q9BTA9,15,4,153,0.3333333333333333,0.05185758513931889,0.28147574819401444
two_independent_publications,Q9BTA9,20,4,153,0.3333333333333333,0.07017543859649122,0.2631578947368421
two_independent_publications,Q9BTA9,25,4,153,0.3333333333333333,0.08685930512555899,0.2464740282077743
two_independent_publications,Q9BTA9,30,4,153,0.3333333333333333,0.10354317165462676,0.22979016167870656
two_independent_publications,Q9BTC0,5,15,306,0.0761904761904762,0.005121611486124504,0.0710688647043517
two_independent_publications,Q9BTC0,10,15,306,0.12380952380952381,0.01007178827815279,0.11373773553137102
two_independent_publications,Q9BTC0,15,15,306,0.18095238095238095,0.015429122468659595,0.16552325848372135
two_independent_publications,Q9BTC0,20,15,306,0.2,0.02033644058716383,0.17966355941283618
two_independent_publications,Q9BTC0,25,15,306,0.20952380952380953,0.025908068145290904,0.18361574137851863
two_independent_publications,Q9BTC0,30,15,306,0.21904761904761905,0.031136826315225543,0.1879107927323935
two_independent_publications,Q9BVL2,5,6,146,0.5333333333333333,0.02182333490788852,0.5115099984254448
two_independent_publications,Q9BVL2,10,6,146,0.6666666666666666,0.04175720358998583,0.6249094630766808
two_independent_publications,Q9BVL2,15,6,146,0.6666666666666666,0.06112423240434577,0.6055424342623209
two_independent_publications,Q9BVL2,20,6,146,0.6666666666666666,0.08181388757675956,0.5848527790899071
two_independent_publications,Q9BVL2,25,6,146,0.6666666666666666,0.10231459612659424,0.5643520705400724
two_independent_publications,Q9BVL2,30,6,146,0.6666666666666666,0.12120925838450637,0.5454574082821603
two_independent_publications,Q9BWF3,5,5,49,0.2,0.03486394557823129,0.1651360544217687
two_independent_publications,Q9BWF3,10,5,49,0.3,0.06207482993197279,0.23792517006802721
two_independent_publications,Q9BWF3,15,5,49,0.4,0.09438775510204081,0.30561224489795924
two_independent_publications,Q9BWF3,20,5,49,0.6,0.12670068027210885,0.47329931972789113
two_independent_publications,Q9BWF3,25,5,49,0.6,0.14710884353741496,0.45289115646258504
two_independent_publications,Q9BWF3,30,5,49,0.6,0.1717687074829932,0.42823129251700676
two_independent_publications,Q9BYJ9,5,5,92,0.3,0.020305781175346392,0.2796942188246536
two_independent_publications,Q9BYJ9,10,5,92,0.3,0.03989488772097468,0.26010511227902533
two_independent_publications,Q9BYJ9,15,5,92,0.6,0.058767319636884856,0.5412326803631151
two_independent_publications,Q9BYJ9,20,5,92,0.6,0.07835642618251314,0.5216435738174868
two_independent_publications,Q9BYJ9,25,5,92,0.6,0.09722885809842331,0.5027711419015767
two_independent_publications,Q9BYJ9,30,5,92,0.6,0.11347348303870043,0.48652651696129956
two_independent_publications,Q9C0C7,5,3,249,1.0,0.00880943127348102,0.991190568726519
two_independent_publications,Q9C0C7,10,3,249,1.0,0.01648529602280088,0.9835147039771991
two_independent_publications,Q9C0C7,15,3,249,1.0,0.02458219976680917,0.9754178002331908
two_independent_publications,Q9C0C7,20,3,249,1.0,0.033294468195362095,0.9667055318046379
two_independent_publications,Q9C0C7,25,3,249,1.0,0.04142375955434642,0.9585762404456536
two_independent_publications,Q9C0C7,30,3,249,1.0,0.04932633760849851,0.9506736623915015
two_independent_publications,Q9C0D5,5,3,315,0.0,0.007259124456576686,-0.007259124456576686
two_independent_publications,Q9C0D5,10,3,315,0.0,0.014578910120311395,-0.014578910120311395
two_independent_publications,Q9C0D5,15,3,315,0.3333333333333333,0.021251642907693862,0.31208169042563944
two_independent_publications,Q9C0D5,20,3,315,0.3333333333333333,0.02786371448791831,0.305469618845415
two_independent_publications,Q9C0D5,25,3,315,0.3333333333333333,0.03423314123951066,0.29910019209382266
two_independent_publications,Q9C0D5,30,3,315,0.3333333333333333,0.040420584369628955,0.29291274896370434
two_independent_publications,Q9H0E3,5,21,204,0.06666666666666667,0.01004539746933256,0.05662126919733411
two_independent_publications,Q9H0E3,10,21,204,0.12857142857142856,0.020622041920216362,0.1079493866512122
two_independent_publications,Q9H0E3,15,21,204,0.19523809523809524,0.03192311407321549,0.16331498116487975
two_independent_publications,Q9H0E3,20,21,204,0.23333333333333334,0.04211339708297112,0.1912199362503622
two_independent_publications,Q9H0E3,25,21,204,0.2714285714285714,0.0522070897324447,0.2192214816961267
two_independent_publications,Q9H0E3,30,21,204,0.30952380952380953,0.0625422582826234,0.24698155124118615
two_independent_publications,Q9H0E9,5,3,188,0.6666666666666666,0.008647172602116282,0.6580194940645503
two_independent_publications,Q9H0E9,10,3,188,1.0,0.017635680964842415,0.9823643190351576
two_independent_publications,Q9H0E9,15,3,188,1.0,0.025941517806348846,0.9740584821936511
two_independent_publications,Q9H0E9,20,3,188,1.0,0.03345090453976562,0.9665490954602344
two_independent_publications,Q9H0E9,25,3,188,1.0,0.04181363067470702,0.958186369325293
two_independent_publications,Q9H0E9,30,3,188,1.0,0.0497781317556036,0.9502218682443964
two_independent_publications,Q9H1B7,5,3,114,0.3333333333333333,0.018785902810122653,0.31454743052321066
two_independent_publications,Q9H1B7,10,3,114,0.6666666666666666,0.034621953112870675,0.632044713553796
two_independent_publications,Q9H1B7,15,3,114,1.0,0.04611085235211924,0.9538891476478808
two_independent_publications,Q9H1B7,20,3,114,1.0,0.05853128396211768,0.9414687160378823
two_independent_publications,Q9H1B7,25,3,114,1.0,0.072038503337991,0.927961496662009
two_independent_publications,Q9H1B7,30,3,114,1.0,0.08585623350411427,0.9141437664958857
two_independent_publications,Q9H2F5,5,3,137,0.3333333333333333,0.017496779733791327,0.315836553599542
two_independent_publications,Q9H2F5,10,3,137,0.3333333333333333,0.0313439244310863,0.301989408902247
two_independent_publications,Q9H2F5,15,3,137,0.3333333333333333,0.04540575354229283,0.2879275797910405
two_independent_publications,Q9H2F5,20,3,137,0.6666666666666666,0.05850150279089738,0.6081651638757692
two_independent_publications,Q9H2F5,25,3,137,1.0,0.06966509231429799,0.930334907685702
two_independent_publications,Q9H2F5,30,3,137,1.0,0.08243881494203521,0.9175611850579648
two_independent_publications,Q9H334,5,4,102,0.3333333333333333,0.021160939623374102,0.3121723937099592
two_independent_publications,Q9H334,10,4,102,0.3333333333333333,0.0421277421859833,0.29120559114735
two_independent_publications,Q9H334,15,4,102,0.3333333333333333,0.0607649000194137,0.2725684333139196
two_independent_publications,Q9H334,20,4,102,0.3333333333333333,0.07940205785284411,0.2539312754804892
two_independent_publications,Q9H334,25,4,102,0.3333333333333333,0.09765094156474471,0.2356823917685886
two_independent_publications,Q9H334,30,4,102,0.5,0.11376431760823141,0.3862356823917686
two_independent_publications,Q9H4A3,5,28,527,0.047619047619047616,0.00497110410458799,0.04264794351445963
two_independent_publications,Q9H4A3,10,28,527,0.06878306878306878,0.009898918478221658,0.05888415030484712
two_independent_publications,Q9H4A3,15,28,527,0.09259259259259259,0.014458770138743587,0.078133822453849
two_independent_publications,Q9H4A3,20,28,527,0.09523809523809523,0.019025836754424572,0.07621225848367066
two_independent_publications,Q9H4A3,25,28,527,0.10846560846560846,0.0232898752534253,0.08517573321218316
two_independent_publications,Q9H4A3,30,28,527,0.10846560846560846,0.027864156824265338,0.08060145164134312
two_independent_publications,Q9H4I2,5,11,158,0.18181818181818182,0.010400709505764735,0.17141747231241708
two_independent_publications,Q9H4I2,10,11,158,0.32727272727272727,0.02072079335644602,0.30655193391628127
two_independent_publications,Q9H4I2,15,11,158,0.38181818181818183,0.03184713375796178,0.34997104806022006
two_independent_publications,Q9H4I2,20,11,158,0.38181818181818183,0.04224784326372652,0.3395703385544553
two_independent_publications,Q9H4I2,25,11,158,0.38181818181818183,0.05393856325082641,0.3278796185673554
two_independent_publications,Q9H4I2,30,11,158,0.38181818181818183,0.06369426751592357,0.3181239143022583
two_independent_publications,Q9H792,5,4,307,0.3333333333333333,0.007238508867173362,0.32609482446615995
two_independent_publications,Q9H792,10,4,307,0.8333333333333334,0.013497690064082093,0.8198356432692513
two_independent_publications,Q9H792,15,4,307,1.0,0.020097506972387217,0.9799024930276128
two_independent_publications,Q9H792,20,4,307,1.0,0.026122501117710927,0.973877498882289
two_independent_publications,Q9H792,25,4,307,1.0,0.031977177407336445,0.9680228225926636
two_independent_publications,Q9H792,30,4,307,1.0,0.03806604074854698,0.961933959251453
two_independent_publications,Q9H8Y8,5,3,85,0.6666666666666666,0.024369747899159664,0.6422969187675069
two_independent_publications,Q9H8Y8,10,3,85,1.0,0.050980392156862744,0.9490196078431372
two_independent_publications,Q9H8Y8,15,3,85,1.0,0.07787114845938375,0.9221288515406163
two_independent_publications,Q9H8Y8,20,3,85,1.0,0.10168067226890756,0.8983193277310925
two_independent_publications,Q9H8Y8,25,3,85,1.0,0.126890756302521,0.873109243697479
two_independent_publications,Q9H8Y8,30,3,85,1.0,0.14789915966386555,0.8521008403361344
two_independent_publications,Q9HAP2,5,4,152,0.5,0.012199372603694667,0.4878006273963053
two_independent_publications,Q9HAP2,10,4,152,0.5,0.024573021958870688,0.4754269780411293
two_independent_publications,Q9HAP2,15,4,152,0.5,0.035639595677936564,0.46436040432206344
two_independent_publications,Q9HAP2,20,4,152,0.5,0.04627047751829906,0.45372952248170095
two_independent_publications,Q9HAP2,25,4,152,0.5,0.055507145346810734,0.4444928546531893
two_independent_publications,Q9HAP2,30,4,152,0.5,0.0658766120599512,0.4341233879400488
two_independent_publications,Q9HBD1,5,17,192,0.08088235294117647,0.008616928446771378,0.0722654244944051
two_independent_publications,Q9HBD1,10,17,192,0.10294117647058823,0.017724694589877837,0.08521648188071039
two_independent_publications,Q9HBD1,15,17,192,0.13970588235294118,0.027541448516579407,0.11216443383636177
two_independent_publications,Q9HBD1,20,17,192,0.13970588235294118,0.0362674520069808,0.10343843034596037
two_independent_publications,Q9HBD1,25,17,192,0.13970588235294118,0.04608420593368237,0.09362167641925881
two_independent_publications,Q9HBD1,30,17,192,0.14705882352941177,0.05481020942408377,0.092248614105328
two_independent_publications,Q9HBM6,5,4,37,0.6666666666666666,0.05555555555555555,0.611111111111111
two_independent_publications,Q9HBM6,10,4,37,1.0,0.10960960960960961,0.8903903903903904
two_independent_publications,Q9HBM6,15,4,37,1.0,0.15165165165165165,0.8483483483483484
two_independent_publications,Q9HBM6,20,4,37,1.0,0.19369369369369369,0.8063063063063063
two_independent_publications,Q9HBM6,25,4,37,1.0,0.24474474474474475,0.7552552552552553
two_independent_publications,Q9HBM6,30,4,37,1.0,0.2972972972972973,0.7027027027027026
two_independent_publications,Q9HC78,5,4,144,0.0,0.013791763791763792,-0.013791763791763792
two_independent_publications,Q9HC78,10,4,144,0.16666666666666666,0.027389277389277388,0.13927738927738928
two_independent_publications,Q9HC78,15,4,144,0.3333333333333333,0.041666666666666664,0.29166666666666663
two_independent_publications,Q9HC78,20,4,144,0.3333333333333333,0.055264180264180264,0.27806915306915303
two_independent_publications,Q9HC78,25,4,144,0.3333333333333333,0.06963869463869464,0.26369463869463866
two_independent_publications,Q9HC78,30,4,144,0.3333333333333333,0.08255633255633256,0.25077700077700077
two_independent_publications,Q9HCD5,5,7,86,0.09523809523809523,0.01969904240766074,0.0755390528304345
two_independent_publications,Q9HCD5,10,7,86,0.2857142857142857,0.04322845417236662,0.24248583154191908
two_independent_publications,Q9HCD5,15,7,86,0.2857142857142857,0.06265389876880985,0.22306038694547586
two_independent_publications,Q9HCD5,20,7,86,0.2857142857142857,0.0853625170998632,0.2003517686144225
two_independent_publications,Q9HCD5,25,7,86,0.3333333333333333,0.10779753761969904,0.22553579571363427
two_independent_publications,Q9HCD5,30,7,86,0.3333333333333333,0.12859097127222982,0.2047423620611035
two_independent_publications,Q9HCD6,5,4,327,0.0,0.006153730699236412,-0.006153730699236412
two_independent_publications,Q9HCD6,10,4,327,0.16666666666666666,0.011932233916812068,0.1547344327498546
two_independent_publications,Q9HCD6,15,4,327,0.3333333333333333,0.017917112249301138,0.31541622108403217
two_independent_publications,Q9HCD6,20,4,327,0.3333333333333333,0.02401455882628844,0.30931877450704487
two_independent_publications,Q9HCD6,25,4,327,0.3333333333333333,0.029624209677116754,0.30370912365621655
two_independent_publications,Q9HCD6,30,4,327,0.3333333333333333,0.03478358754995216,0.29854974578338117
two_independent_publications,Q9HCE3,5,3,242,0.3333333333333333,0.008916017969205445,0.3244173153641279
two_independent_publications,Q9HCE3,10,3,242,0.3333333333333333,0.016666095127053256,0.31666723820628007
two_independent_publications,Q9HCE3,15,3,242,0.3333333333333333,0.02373032474880834,0.309603008584525
two_independent_publications,Q9HCE3,20,3,242,0.3333333333333333,0.03148040190665615,0.3018529314266772
two_independent_publications,Q9HCE3,25,3,242,0.6666666666666666,0.039916326600596685,0.6267503400660699
two_independent_publications,Q9HCE3,30,3,242,1.0,0.048317958917732585,0.9516820410822674
two_independent_publications,Q9NPG3,5,13,183,0.16666666666666666,0.011769651113913409,0.15489701555275326
two_independent_publications,Q9NPG3,10,13,183,0.2564102564102564,0.023779499189335255,0.23263075722092114
two_independent_publications,Q9NPG3,15,13,183,0.3717948717948718,0.03638983966852819,0.3354050321263436
two_independent_publications,Q9NPG3,20,13,183,0.44871794871794873,0.046418062811505435,0.4022998859064433
two_independent_publications,Q9NPG3,25,13,183,0.5,0.05818771392541884,0.4418122860745812
two_independent_publications,Q9NPG3,30,13,183,0.5256410256410257,0.06971716807782381,0.45592385756320186
two_independent_publications,Q9NPI6,5,4,109,0.5,0.01580020387359837,0.4841997961264016
two_independent_publications,Q9NPI6,10,4,109,0.5,0.03380903839619436,0.46619096160380563
two_independent_publications,Q9NPI6,15,4,109,0.5,0.05368671423717295,0.44631328576282703
two_independent_publications,Q9NPI6,20,4,109,0.5,0.07373428474345906,0.42626571525654094
two_independent_publications,Q9NPI6,25,4,109,0.5,0.08970438328236494,0.41029561671763504
two_independent_publications,Q9NPI6,30,4,109,0.5,0.10601427115188583,0.39398572884811417
two_independent_publications,Q9NR12,5,6,58,0.0,0.023593466424682397,-0.023593466424682397
two_independent_publications,Q9NR12,10,6,58,0.13333333333333333,0.04658197217180883,0.0867513611615245
two_independent_publications,Q9NR12,15,6,58,0.13333333333333333,0.07017543859649122,0.06315789473684211
two_independent_publications,Q9NR12,20,6,58,0.2,0.09497882637628555,0.10502117362371446
two_independent_publications,Q9NR12,25,6,58,0.2,0.11554748941318814,0.08445251058681187
two_independent_publications,Q9NR12,30,6,58,0.2,0.14398064125831822,0.05601935874168179
two_independent_publications,Q9NRA8,5,4,159,0.0,0.013135896823501313,-0.013135896823501313
two_independent_publications,Q9NRA8,10,4,159,0.3333333333333333,0.02539606719210254,0.3079372661412308
two_independent_publications,Q9NRA8,15,4,159,0.5,0.03765623756070376,0.46234376243929626
two_independent_publications,Q9NRA8,20,4,159,0.5,0.04808534352360481,0.45191465647639517
two_independent_publications,Q9NRA8,25,4,159,0.5,0.058434837990605844,0.44156516200939416
two_independent_publications,Q9NRA8,30,4,159,0.5,0.06838627497810684,0.43161372502189316
two_independent_publications,Q9NS91,5,3,85,0.0,0.023809523809523808,-0.023809523809523808
two_independent_publications,Q9NS91,10,3,85,0.0,0.044257703081232495,-0.044257703081232495
two_independent_publications,Q9NS91,15,3,85,0.0,0.06554621848739496,-0.06554621848739496
two_independent_publications,Q9NS91,20,3,85,0.0,0.08571428571428572,-0.08571428571428572
two_independent_publications,Q9NS91,25,3,85,0.0,0.10756302521008404,-0.10756302521008404
two_independent_publications,Q9NS91,30,3,85,0.0,0.12717086834733893,-0.12717086834733893
two_independent_publications,Q9NTZ6,5,9,109,0.3611111111111111,0.01546041454298335,0.34565069656812775
two_independent_publications,Q9NTZ6,10,9,109,0.6388888888888888,0.030411145090044174,0.6084777437988447
two_independent_publications,Q9NTZ6,15,9,109,0.8611111111111112,0.045531770302412504,0.8155793408086986
two_independent_publications,Q9NTZ6,20,9,109,1.0,0.06116207951070336,0.9388379204892966
two_independent_publications,Q9NTZ6,25,9,109,1.0,0.07407407407407407,0.9259259259259259
two_independent_publications,Q9NTZ6,30,9,109,1.0,0.08817533129459736,0.9118246687054027
two_independent_publications,Q9NXV6,5,13,156,0.08974358974358974,0.02423490488006617,0.06550868486352357
two_independent_publications,Q9NXV6,10,13,156,0.1282051282051282,0.04838709677419355,0.07981803143093465
two_independent_publications,Q9NXV6,15,13,156,0.2692307692307692,0.07336641852770885,0.19586435070306035
two_independent_publications,Q9NXV6,20,13,156,0.2692307692307692,0.09727047146401985,0.17196029776674937
two_independent_publications,Q9NXV6,25,13,156,0.3717948717948718,0.1206782464846981,0.2511166253101737
two_independent_publications,Q9NXV6,30,13,156,0.46153846153846156,0.14408602150537633,0.31745244003308526
two_independent_publications,Q9NYJ8,5,6,135,0.13333333333333333,0.017689331122166942,0.11564400221116639
two_independent_publications,Q9NYJ8,10,6,135,0.13333333333333333,0.033720287451630734,0.0996130458817026
two_independent_publications,Q9NYJ8,15,6,135,0.2,0.049640685461580986,0.15035931453841903
two_independent_publications,Q9NYJ8,20,6,135,0.2,0.06434494195688226,0.13565505804311775
two_independent_publications,Q9NYJ8,25,6,135,0.2,0.07882808181315644,0.12117191818684357
two_independent_publications,Q9NYJ8,30,6,135,0.2,0.0937534549474848,0.10624654505251521
two_independent_publications,Q9NYV4,5,9,281,0.2777777777777778,0.00788002033553635,0.2698977574422414
two_independent_publications,Q9NYV4,10,9,281,0.3888888888888889,0.01614133197763091,0.372747556911258
two_independent_publications,Q9NYV4,15,9,281,0.4722222222222222,0.023919674631418402,0.4483025475908038
two_independent_publications,Q9NYV4,20,9,281,0.5,0.03197763091001525,0.46802236908998474
two_independent_publications,Q9NYV4,25,9,281,0.5,0.039501779359430604,0.4604982206405694
two_independent_publications,Q9NYV4,30,9,281,0.5,0.04659379766141332,0.4534062023385867
two_independent_publications,Q9NZM4,5,3,231,0.0,0.007829851308112177,-0.007829851308112177
two_independent_publications,Q9NZM4,10,3,231,0.3333333333333333,0.014492753623188406,0.3188405797101449
two_independent_publications,Q9NZM4,15,3,231,0.3333333333333333,0.021569734613212873,0.31176359872012044
two_independent_publications,Q9NZM4,20,3,231,0.3333333333333333,0.028533785055524185,0.30479954827780914
two_independent_publications,Q9NZM4,25,3,231,0.3333333333333333,0.03489553924336533,0.29843779408996796
two_independent_publications,Q9NZM4,30,3,231,0.3333333333333333,0.04212309429700734,0.291210239036326
two_independent_publications,Q9NZN8,5,9,97,0.25,0.023195876288659795,0.2268041237113402
two_independent_publications,Q9NZN8,10,9,97,0.4444444444444444,0.04381443298969072,0.4006300114547537
two_independent_publications,Q9NZN8,15,9,97,0.5555555555555556,0.06593642611683849,0.4896191294387171
two_independent_publications,Q9NZN8,20,9,97,0.5833333333333334,0.08762886597938144,0.4957044673539519
two_independent_publications,Q9NZN8,25,9,97,0.6111111111111112,0.1052405498281787,0.5058705612829325
two_independent_publications,Q9NZN8,30,9,97,0.6944444444444444,0.12349656357388317,0.5709478808705613
two_independent_publications,Q9P219,5,3,275,0.3333333333333333,0.006927670869276708,0.3264056624640566
two_independent_publications,Q9P219,10,3,275,0.3333333333333333,0.013032514930325149,0.32030081840300817
two_independent_publications,Q9P219,15,3,275,0.3333333333333333,0.01887193098871931,0.314461402344614
two_independent_publications,Q9P219,20,3,275,0.3333333333333333,0.024419376244193762,0.30891395708913955
two_independent_publications,Q9P219,25,3,275,0.3333333333333333,0.029701393497013936,0.30363193983631936
two_independent_publications,Q9P219,30,3,275,0.3333333333333333,0.03477106834771068,0.29856226498562266
two_independent_publications,Q9P2N5,5,17,152,0.051470588235294115,0.0128093412338794,0.03866124700141471
two_independent_publications,Q9P2N5,10,17,152,0.09558823529411764,0.02335308469850122,0.07223515059561642
two_independent_publications,Q9P2N5,15,17,152,0.11764705882352941,0.035291042174973856,0.08235601664855555
two_independent_publications,Q9P2N5,20,17,152,0.16176470588235295,0.04365632624607877,0.11810837963627419
two_independent_publications,Q9P2N5,25,17,152,0.19852941176470587,0.053677239456256534,0.14485217230844932
two_independent_publications,Q9P2N5,30,17,152,0.25,0.06352387591495294,0.18647612408504705
two_independent_publications,Q9P2N6,5,17,178,0.11029411764705882,0.013394274106519393,0.09689984354053943
two_independent_publications,Q9P2N6,10,17,178,0.18382352941176472,0.027296387989589284,0.15652714142217544
two_independent_publications,Q9P2N6,15,17,178,0.23529411764705882,0.040817622040246304,0.19447649560681252
two_independent_publications,Q9P2N6,20,17,178,0.25735294117647056,0.05421189614676569,0.20314104502970487
two_independent_publications,Q9P2N6,25,17,178,0.2647058823529412,0.06544785120294547,0.1992580311499957
two_independent_publications,Q9P2N6,30,17,178,0.2647058823529412,0.07744556592395099,0.1872603164289902
two_independent_publications,Q9P2R6,5,3,230,0.3333333333333333,0.007404594645908487,0.32592873868742483
two_independent_publications,Q9P2R6,10,3,230,1.0,0.014733244731346117,0.9852667552686539
two_independent_publications,Q9P2R6,15,3,230,1.0,0.022289728498196316,0.9777102715018037
two_independent_publications,Q9P2R6,20,3,230,1.0,0.029694323144104803,0.9703056768558952
two_independent_publications,Q9P2R6,25,3,230,1.0,0.037250806910955,0.962749193089045
two_independent_publications,Q9P2R6,30,3,230,1.0,0.04423770647427378,0.9557622935257262
two_independent_publications,Q9UGU0,5,11,341,0.4,0.005709849922373641,0.39429015007762636
two_independent_publications,Q9UGU0,10,11,341,0.509090909090909,0.010884940486458513,0.49820596860445054
two_independent_publications,Q9UGU0,15,11,341,0.509090909090909,0.01621528376746593,0.4928756253234431
two_independent_publications,Q9UGU0,20,11,341,0.5636363636363636,0.021562877350353633,0.5420734862860099
two_independent_publications,Q9UGU0,25,11,341,0.6545454545454545,0.026461963084353977,0.6280834914611005
two_independent_publications,Q9UGU0,30,11,341,0.6727272727272727,0.03163705364843885,0.6410902190788339
two_independent_publications,Q9UHD9,5,8,111,0.4642857142857143,0.02620802620802621,0.4380776880776881
two_independent_publications,Q9UHD9,10,8,111,0.7142857142857143,0.049303849303849304,0.664981864981865
two_independent_publications,Q9UHD9,15,8,111,1.0,0.0683046683046683,0.9316953316953317
two_independent_publications,Q9UHD9,20,8,111,1.0,0.0855036855036855,0.9144963144963145
two_independent_publications,Q9UHD9,25,8,111,1.0,0.10204750204750204,0.897952497952498
two_independent_publications,Q9UHD9,30,8,111,1.0,0.1199017199017199,0.8800982800982801
two_independent_publications,Q9UHR5,5,18,54,0.27450980392156865,0.055904961565338925,0.21860484235622973
two_independent_publications,Q9UHR5,10,18,54,0.45098039215686275,0.10761705101327743,0.34336334114358535
two_independent_publications,Q9UHR5,15,18,54,0.5163398692810458,0.15234102026554858,0.36399884901549723
two_independent_publications,Q9UHR5,20,18,54,0.5424836601307189,0.18867924528301888,0.35380441484770003
two_independent_publications,Q9UHR5,25,18,54,0.6078431372549019,0.22152341020265548,0.38631972705224643
two_independent_publications,Q9UHR5,30,18,54,0.7058823529411765,0.25506638714185886,0.45081596579931765
two_independent_publications,Q9UHY1,5,3,78,1.0,0.023310023310023312,0.9766899766899767
two_independent_publications,Q9UHY1,10,3,78,1.0,0.049617049617049616,0.9503829503829504
two_independent_publications,Q9UHY1,15,3,78,1.0,0.06859806859806859,0.9314019314019314
two_independent_publications,Q9UHY1,20,3,78,1.0,0.08924408924408925,0.9107559107559108
two_independent_publications,Q9UHY1,25,3,78,1.0,0.11022311022311022,0.8897768897768897
two_independent_publications,Q9UHY1,30,3,78,1.0,0.1302031302031302,0.8697968697968698
two_independent_publications,Q9UIF8,5,4,353,0.3333333333333333,0.007033865567859902,0.3262994677654734
two_independent_publications,Q9UIF8,10,4,353,0.5,0.013713623486994592,0.48628637651300544
two_independent_publications,Q9UIF8,15,4,353,0.5,0.01936325006438321,0.4806367499356168
two_independent_publications,Q9UIF8,20,4,353,0.5,0.024932397630697913,0.47506760236930207
two_independent_publications,Q9UIF8,25,4,353,0.8333333333333334,0.03008305433942828,0.8032502789939051
two_independent_publications,Q9UIF8,30,4,353,1.0,0.035684393510172545,0.9643156064898275
two_independent_publications,Q9UIU6,5,6,154,0.06666666666666667,0.01638231049995756,0.05028435616670911
two_independent_publications,Q9UIU6,10,6,154,0.13333333333333333,0.03132161955691368,0.10201171377641965
two_independent_publications,Q9UIU6,15,6,154,0.13333333333333333,0.0451574569221628,0.08817587641117053
two_independent_publications,Q9UIU6,20,6,154,0.2,0.058993294287411936,0.14100670571258808
two_independent_publications,Q9UIU6,25,6,154,0.2,0.07240471946354299,0.12759528053645702
two_independent_publications,Q9UIU6,30,6,154,0.2,0.08759867583396995,0.11240132416603006
two_independent_publications,Q9UJX2,5,3,62,0.3333333333333333,0.01850872554204125,0.31482460779129207
two_independent_publications,Q9UJX2,10,3,62,0.3333333333333333,0.033315705975674244,0.3000176273576591
two_independent_publications,Q9UJX2,15,3,62,1.0,0.04970914859862507,0.9502908514013749
two_independent_publications,Q9UJX2,20,3,62,1.0,0.06768905341089371,0.9323109465891063
two_independent_publications,Q9UJX2,25,3,62,1.0,0.08302485457429931,0.9169751454257007
two_independent_publications,Q9UJX2,30,3,62,1.0,0.09730301427815971,0.9026969857218403
two_independent_publications,Q9UKD1,5,4,85,0.5,0.023529411764705882,0.4764705882352941
two_independent_publications,Q9UKD1,10,4,85,0.5,0.041176470588235294,0.4588235294117647
two_independent_publications,Q9UKD1,15,4,85,0.6666666666666666,0.06638655462184874,0.6002801120448179
two_independent_publications,Q9UKD1,20,4,85,1.0,0.0907563025210084,0.9092436974789916
two_independent_publications,Q9UKD1,25,4,85,1.0,0.10896358543417367,0.8910364145658263
two_independent_publications,Q9UKD1,30,4,85,1.0,0.13137254901960785,0.8686274509803922
two_independent_publications,Q9UKY1,5,9,153,0.2777777777777778,0.012727898176814585,0.2650498796009632
two_independent_publications,Q9UKY1,10,9,153,0.4166666666666667,0.02519779841761266,0.391468868249054
two_independent_publications,Q9UKY1,15,9,153,0.4444444444444444,0.03620571035431717,0.40823873409012723
two_independent_publications,Q9UKY1,20,9,153,0.4444444444444444,0.04678362573099415,0.39766081871345027
two_independent_publications,Q9UKY1,25,9,153,0.4444444444444444,0.057877536979704165,0.38656690746474026
two_independent_publications,Q9UKY1,30,9,153,0.4444444444444444,0.06768145854833162,0.3767629858961128
two_independent_publications,Q9ULH7,5,3,203,0.0,0.010632590352631323,-0.010632590352631323
two_independent_publications,Q9ULH7,10,3,203,0.0,0.020289713700434083,-0.020289713700434083
two_independent_publications,Q9ULH7,15,3,203,0.0,0.030922304053065404,-0.030922304053065404
two_independent_publications,Q9ULH7,20,3,203,0.0,0.041652441106179584,-0.041652441106179584
two_independent_publications,Q9ULH7,25,3,203,0.0,0.0517485246061552,-0.0517485246061552
two_independent_publications,Q9ULH7,30,3,203,0.0,0.06208847485733795,-0.06208847485733795
two_independent_publications,Q9ULJ3,5,3,176,0.0,0.010584415584415585,-0.010584415584415585
two_independent_publications,Q9ULJ3,10,3,176,0.3333333333333333,0.021038961038961038,0.3122943722943723
two_independent_publications,Q9ULJ3,15,3,176,0.3333333333333333,0.029805194805194807,0.30352813852813854
two_independent_publications,Q9ULJ3,20,3,176,0.3333333333333333,0.03922077922077922,0.2941125541125541
two_independent_publications,Q9ULJ3,25,3,176,0.3333333333333333,0.049935064935064936,0.28339826839826837
two_independent_publications,Q9ULJ3,30,3,176,0.3333333333333333,0.05909090909090909,0.27424242424242423
two_independent_publications,Q9ULM3,5,15,276,0.047619047619047616,0.007509881422924901,0.04010916619612272
two_independent_publications,Q9ULM3,10,15,276,0.08571428571428572,0.015098814229249012,0.0706154714850367
two_independent_publications,Q9ULM3,15,15,276,0.10476190476190476,0.02289855072463768,0.08186335403726708
two_independent_publications,Q9ULM3,20,15,276,0.12380952380952381,0.03069828722002635,0.09311123658949746
two_independent_publications,Q9ULM3,25,15,276,0.14285714285714285,0.03844532279314888,0.10441182006399397
two_independent_publications,Q9ULM3,30,15,276,0.14285714285714285,0.04621870882740448,0.09663843402973837
two_independent_publications,Q9ULT8,5,5,433,0.2,0.0050038491147036184,0.1949961508852964
two_independent_publications,Q9ULT8,10,5,433,0.2,0.00986870242066547,0.19013129757933453
two_independent_publications,Q9ULT8,15,5,433,0.2,0.014594559917885552,0.18540544008211446
two_independent_publications,Q9ULT8,20,5,433,0.2,0.019395261312120434,0.18060473868787957
two_independent_publications,Q9ULT8,25,5,433,0.2,0.02392866307415961,0.1760713369258404
two_independent_publications,Q9ULT8,30,5,433,0.2,0.028686596527243178,0.17131340347275684
two_independent_publications,Q9ULU4,5,6,240,0.26666666666666666,0.01206415620641562,0.25460251046025106
two_independent_publications,Q9ULU4,10,6,240,0.4,0.02304741980474198,0.376952580195258
two_independent_publications,Q9ULU4,15,6,240,0.4,0.03368200836820084,0.3663179916317992
two_independent_publications,Q9ULU4,20,6,240,0.4666666666666667,0.04372384937238494,0.42294281729428174
two_independent_publications,Q9ULU4,25,6,240,0.6,0.05411436541143654,0.5458856345885634
two_independent_publications,Q9ULU4,30,6,240,0.8666666666666667,0.06405160390516039,0.8026150627615063
two_independent_publications,Q9UMS4,5,3,85,1.0,0.017366946778711485,0.9826330532212885
two_independent_publications,Q9UMS4,10,3,85,1.0,0.033893557422969185,0.9661064425770308
two_independent_publications,Q9UMS4,15,3,85,1.0,0.052941176470588235,0.9470588235294117
two_independent_publications,Q9UMS4,20,3,85,1.0,0.07366946778711485,0.9263305322128852
two_independent_publications,Q9UMS4,25,3,85,1.0,0.09187675070028012,0.9081232492997199
two_independent_publications,Q9UMS4,30,3,85,1.0,0.11316526610644258,0.8868347338935574
two_independent_publications,Q9UPN6,5,7,170,0.19047619047619047,0.01120779672815872,0.17926839374803175
two_independent_publications,Q9UPN6,10,7,170,0.19047619047619047,0.019909502262443438,0.17056668821374704
two_independent_publications,Q9UPN6,15,7,170,0.23809523809523808,0.029725026105116605,0.20837021199012148
two_independent_publications,Q9UPN6,20,7,170,0.2857142857142857,0.037104072398190045,0.24861021331609565
two_independent_publications,Q9UPN6,25,7,170,0.2857142857142857,0.04497041420118343,0.24074387151310228
two_independent_publications,Q9UPN6,30,7,170,0.3333333333333333,0.05360250609119387,0.27973082724213943
two_independent_publications,Q9UPN9,5,4,158,0.8333333333333334,0.01249697653793437,0.820836356795399
two_independent_publications,Q9UPN9,10,4,158,1.0,0.024429573490284608,0.9755704265097154
two_independent_publications,Q9UPN9,15,4,158,1.0,0.035475288236716924,0.964524711763283
two_independent_publications,Q9UPN9,20,4,158,1.0,0.04555349512214787,0.9544465048778521
two_independent_publications,Q9UPN9,25,4,158,1.0,0.05667983552366363,0.9433201644763364
two_independent_publications,Q9UPN9,30,4,158,1.0,0.06554865758284287,0.9344513424171571
two_independent_publications,Q9UPQ0,5,4,175,0.3333333333333333,0.011428571428571429,0.32190476190476186
two_independent_publications,Q9UPQ0,10,4,175,0.5,0.023119868637110016,0.47688013136289
two_independent_publications,Q9UPQ0,15,4,175,0.5,0.030935960591133006,0.469064039408867
two_independent_publications,Q9UPQ0,20,4,175,0.5,0.04032840722495895,0.45967159277504105
two_independent_publications,Q9UPQ0,25,4,175,0.5,0.05064039408866995,0.44935960591133006
two_independent_publications,Q9UPQ0,30,4,175,0.5,0.05990147783251232,0.4400985221674877
two_independent_publications,Q9UQ35,5,19,814,0.017543859649122806,0.004034561230133186,0.01350929841898962
two_independent_publications,Q9UQ35,10,19,814,0.05847953216374269,0.008162808900816282,0.050316723262926404
two_independent_publications,Q9UQ35,15,19,814,0.09941520467836257,0.01208857297418183,0.08732663170418074
two_independent_publications,Q9UQ35,20,19,814,0.1286549707602339,0.01624704207730038,0.11240792868293353
two_independent_publications,Q9UQ35,25,19,814,0.15789473684210525,0.020051920420924112,0.13784281642118115
two_independent_publications,Q9UQ35,30,19,814,0.19883040935672514,0.02373289089156248,0.17509751846516267
two_independent_publications,Q9UQR0,5,4,117,0.6666666666666666,0.017241379310344827,0.6494252873563218
two_independent_publications,Q9UQR0,10,4,117,1.0,0.03212496315944592,0.9678750368405541
two_independent_publications,Q9UQR0,15,4,117,1.0,0.04715590922487474,0.9528440907751252
two_independent_publications,Q9UQR0,20,4,117,1.0,0.062186855290303565,0.9378131447096965
two_independent_publications,Q9UQR0,25,4,117,1.0,0.07824933687002653,0.9217506631299734
two_independent_publications,Q9UQR0,30,4,117,1.0,0.09490126731506042,0.9050987326849396
two_independent_publications,Q9Y2X9,5,8,182,0.14285714285714285,0.01098901098901099,0.13186813186813187
two_independent_publications,Q9Y2X9,10,8,182,0.14285714285714285,0.02155303260275636,0.12130411025438649
two_independent_publications,Q9Y2X9,15,8,182,0.14285714285714285,0.031509926537550845,0.111347216319592
two_independent_publications,Q9Y2X9,20,8,182,0.14285714285714285,0.04456317163499484,0.098293971222148
two_independent_publications,Q9Y2X9,25,8,182,0.17857142857142858,0.05482362940926477,0.1237477991621638
two_independent_publications,Q9Y2X9,30,8,182,0.25,0.06617691700564629,0.1838230829943537
two_independent_publications,Q9Y4B4,5,5,205,0.3,0.009325681492109038,0.29067431850789094
two_independent_publications,Q9Y4B4,10,5,205,0.3,0.016547106647537065,0.28345289335246293
two_independent_publications,Q9Y4B4,15,5,205,0.3,0.023003347680535628,0.27699665231946435
two_independent_publications,Q9Y4B4,20,5,205,0.4,0.030703012912482067,0.36929698708751796
two_independent_publications,Q9Y4B4,25,5,205,0.6,0.0375896700143472,0.5624103299856528
two_independent_publications,Q9Y4B4,30,5,205,0.6,0.04461979913916786,0.5553802008608322
two_independent_publications,Q9Y4L1,5,6,103,0.13333333333333333,0.010089472682276794,0.12324386065105654
two_independent_publications,Q9Y4L1,10,6,103,0.26666666666666666,0.022844089091947458,0.2438225775747192
two_independent_publications,Q9Y4L1,15,6,103,0.26666666666666666,0.03540833809251856,0.2312583285741481
two_independent_publications,Q9Y4L1,20,6,103,0.26666666666666666,0.045688178183894916,0.22097848848277174
two_independent_publications,Q9Y4L1,25,6,103,0.26666666666666666,0.05691985532076908,0.20974681134589757
two_independent_publications,Q9Y4L1,30,6,103,0.26666666666666666,0.06681896059394632,0.19984770607272034
two_independent_publications,Q9Y520,5,33,479,0.05303030303030303,0.004297656379661254,0.04873264665064178
two_independent_publications,Q9Y520,10,33,479,0.08901515151515152,0.008604047833264909,0.08041110368188661
two_independent_publications,Q9Y520,15,33,479,0.10606060606060606,0.012630916920711733,0.09342968913989433
two_independent_publications,Q9Y520,20,33,479,0.11553030303030302,0.016841222560948978,0.09868908046935404
two_independent_publications,Q9Y520,25,33,479,0.13446969696969696,0.020876826722338204,0.11359287024735876
two_independent_publications,Q9Y520,30,33,479,0.14015151515151514,0.025043456992863443,0.11510805815865169
two_independent_publications,Q9Y618,5,25,384,0.016666666666666666,0.004582789382071366,0.0120838772845953
two_independent_publications,Q9Y618,10,25,384,0.04666666666666667,0.008947998259355962,0.03771866840731071
two_independent_publications,Q9Y618,15,25,384,0.06,0.013313207136640557,0.046686792863359444
two_independent_publications,Q9Y618,20,25,384,0.06333333333333334,0.017651218450826806,0.045682114882506536
two_independent_publications,Q9Y618,25,25,384,0.07,0.02175805047867711,0.048241949521322894
two_independent_publications,Q9Y618,30,25,384,0.07333333333333333,0.025851283724978243,0.04748204960835509
two_independent_publications,Q9Y6Q9,5,7,242,0.14285714285714285,0.008607386577963718,0.13424975627917912
two_independent_publications,Q9Y6Q9,10,7,242,0.23809523809523808,0.0168032646342718,0.2212919734609663
two_independent_publications,Q9Y6Q9,15,7,242,0.23809523809523808,0.02486197318336134,0.21323326491187675
two_independent_publications,Q9Y6Q9,20,7,242,0.23809523809523808,0.03309214361647406,0.20500309447876403
two_independent_publications,Q9Y6Q9,25,7,242,0.23809523809523808,0.04067075889029868,0.19742447920493938
two_independent_publications,Q9Y6Q9,30,7,242,0.23809523809523808,0.04794074277288159,0.1901544953223565
two_independent_publications,Q9Y6Y8,5,11,149,0.12727272727272726,0.01233448213313985,0.1149382451395874
two_independent_publications,Q9Y6Y8,10,11,149,0.2909090909090909,0.023580627607473245,0.26732846330161764
two_independent_publications,Q9Y6Y8,15,11,149,0.43636363636363634,0.0360058044621803,0.400357831901456
two_independent_publications,Q9Y6Y8,20,11,149,0.509090909090909,0.04879376020315618,0.46029714888775286
two_independent_publications,Q9Y6Y8,25,11,149,0.6181818181818182,0.05895156901868311,0.559230249163135
two_independent_publications,Q9Y6Y8,30,11,149,0.6545454545454545,0.06920007255577726,0.5853453819896772
