accession,radius,n_sites,n_exposure_strata,n_variable_sites,n_mapped_peptide_sites,n_tryptic_fallback_sites,observed_close_pairs,possible_pairs,observed_close_pair_fraction,null_mean_close_pair_fraction,null_sd_close_pair_fraction,effect,fold,p_value,simulation_draws
A0A087WXM9,10,3,2,1,3,0,3,3,1.0,0.5616666666666666,0.3164430109841446,0.4383333333333333,1.7804154302670625,0.3428285857071464,2000
A0A087WXM9,15,3,2,1,3,0,3,3,1.0,0.8875,0.1576584221950877,0.1125,1.1267605633802815,0.6626686656671664,2000
A0A087WXM9,20,3,2,1,3,0,3,3,1.0,1.0,0.0,0.0,1.0,1.0,2000
A0A087WXM9,25,3,2,1,3,0,3,3,1.0,1.0,0.0,0.0,1.0,1.0,2000
A0A087WXM9,30,3,2,1,3,0,3,3,1.0,1.0,0.0,0.0,1.0,1.0,2000
A0A087WXM9,5,3,2,1,3,0,1,3,0.3333333333333333,0.3333333333333332,5.552503422540543e-17,0.0,1.0000000000000002,1.0,2000
A0AV96,10,3,2,1,2,1,1,3,0.3333333333333333,0.3333333333333332,5.552503422540543e-17,0.0,1.0000000000000002,1.0,2000
A0AV96,15,3,2,1,2,1,1,3,0.3333333333333333,0.3333333333333332,5.552503422540543e-17,0.0,1.0000000000000002,1.0,2000
A0AV96,20,3,2,1,2,1,1,3,0.3333333333333333,0.3333333333333332,5.552503422540543e-17,0.0,1.0000000000000002,1.0,2000
A0AV96,25,3,2,1,2,1,1,3,0.3333333333333333,0.3333333333333332,5.552503422540543e-17,0.0,1.0000000000000002,1.0,2000
A0AV96,30,3,2,1,2,1,1,3,0.3333333333333333,0.3333333333333332,5.552503422540543e-17,0.0,1.0000000000000002,1.0,2000
A0AV96,5,3,2,1,2,1,1,3,0.3333333333333333,0.3333333333333332,5.552503422540543e-17,0.0,1.0000000000000002,1.0,2000
A0AVK6,10,6,2,6,4,2,10,15,0.6666666666666666,0.5291333333333335,0.101328642282789,0.1375333333333331,1.2599218848431393,0.192903548225887,2000
A0AVK6,15,6,2,6,4,2,15,15,1.0,0.8479000000000001,0.078086667573378,0.1520999999999999,1.179384361363368,0.0624687656171914,2000
A0AVK6,20,6,2,6,4,2,15,15,1.0,0.8893000000000002,0.0675525516110985,0.1106999999999998,1.1244799280332844,0.1334332833583208,2000
A0AVK6,25,6,2,6,4,2,15,15,1.0,1.0,0.0,0.0,1.0,1.0,2000
A0AVK6,30,6,2,6,4,2,15,15,1.0,1.0,0.0,0.0,1.0,1.0,2000
A0AVK6,5,6,2,6,4,2,7,15,0.4666666666666667,0.2786,0.0764959638341012,0.1880666666666666,1.675041876046901,0.0624687656171914,2000
A3KN83,10,14,8,4,13,1,34,91,0.3736263736263736,0.3809065934065934,0.0051975304020358,-0.0072802197802198,0.9808871258564732,1.0,2000
A3KN83,15,14,8,4,13,1,45,91,0.4945054945054945,0.5053296703296704,0.0089282252005652,-0.0108241758241758,0.978579971729912,1.0,2000
A3KN83,20,14,8,4,13,1,56,91,0.6153846153846154,0.6189285714285713,0.0051379126640479,-0.0035439560439558,0.9942740467841452,1.0,2000
A3KN83,25,14,8,4,13,1,64,91,0.7032967032967034,0.703296703296703,3.331502053524325e-16,0.0,1.0000000000000004,1.0,2000
A3KN83,30,14,8,4,13,1,67,91,0.7362637362637363,0.7362637362637365,2.221001369016217e-16,0.0,0.9999999999999996,1.0,2000
A3KN83,5,14,8,4,13,1,19,91,0.2087912087912088,0.2051923076923077,0.0103535356402157,0.003598901098901,1.0175391618690586,0.568215892053973,2000
A4UGR9,10,3,3,2,3,0,0,3,0.0,0.0,0.0,0.0,inf,1.0,2000
A4UGR9,15,3,3,2,3,0,0,3,0.0,0.0,0.0,0.0,inf,1.0,2000
A4UGR9,20,3,3,2,3,0,0,3,0.0,0.0,0.0,0.0,inf,1.0,2000
A4UGR9,25,3,3,2,3,0,0,3,0.0,0.0,0.0,0.0,inf,1.0,2000
A4UGR9,30,3,3,2,3,0,0,3,0.0,0.0,0.0,0.0,inf,1.0,2000
A4UGR9,5,3,3,2,3,0,0,3,0.0,0.0,0.0,0.0,inf,1.0,2000
A5YKK6,10,16,8,1,16,0,61,120,0.5083333333333333,0.5083333333333331,2.221001369016217e-16,0.0,1.0000000000000004,1.0,2000
A5YKK6,15,16,8,1,16,0,77,120,0.6416666666666667,0.6416666666666668,1.1105006845081086e-16,0.0,0.9999999999999998,1.0,2000
A5YKK6,20,16,8,1,16,0,88,120,0.7333333333333333,0.7333333333333332,1.1105006845081086e-16,0.0,1.0000000000000002,1.0,2000
A5YKK6,25,16,8,1,16,0,91,120,0.7583333333333333,0.7583333333333331,2.221001369016217e-16,0.0,1.0000000000000002,1.0,2000
A5YKK6,30,16,8,1,16,0,91,120,0.7583333333333333,0.7583333333333331,2.221001369016217e-16,0.0,1.0000000000000002,1.0,2000
A5YKK6,5,16,8,1,16,0,34,120,0.2833333333333333,0.2833333333333332,5.552503422540543e-17,0.0,1.0000000000000002,1.0,2000
A6H8Y1,10,5,5,3,5,0,1,10,0.1,0.1,1.3881258556351357e-17,0.0,1.0,1.0,2000
A6H8Y1,15,5,5,3,5,0,1,10,0.1,0.1,1.3881258556351357e-17,0.0,1.0,1.0,2000
A6H8Y1,20,5,5,3,5,0,1,10,0.1,0.1,1.3881258556351357e-17,0.0,1.0,1.0,2000
A6H8Y1,25,5,5,3,5,0,1,10,0.1,0.1,1.3881258556351357e-17,0.0,1.0,1.0,2000
A6H8Y1,30,5,5,3,5,0,1,10,0.1,0.1,1.3881258556351357e-17,0.0,1.0,1.0,2000
A6H8Y1,5,5,5,3,5,0,1,10,0.1,0.1,1.3881258556351357e-17,0.0,1.0,1.0,2000
A6NF01,10,10,6,7,10,0,10,45,0.2222222222222222,0.1698777777777778,0.0321198706404393,0.0523444444444444,1.3081300281247954,0.1054472763618191,2000
A6NF01,15,10,6,7,10,0,12,45,0.2666666666666666,0.2369777777777778,0.0262071463225261,0.0296888888888888,1.1252813203300824,0.2223888055972014,2000
A6NF01,20,10,6,7,10,0,14,45,0.3111111111111111,0.3111888888888888,0.0303837388382815,-7.77777777777322e-05,0.999750062484379,0.585207396301849,2000
A6NF01,25,10,6,7,10,0,16,45,0.3555555555555555,0.3727666666666666,0.0392472967044367,-0.017211111111111,0.9538287281290054,0.7556221889055472,2000
A6NF01,30,10,6,7,10,0,19,45,0.4222222222222222,0.4546333333333334,0.0354898909377301,-0.0324111111111111,0.9287093384167948,0.8950524737631185,2000
A6NF01,5,10,6,7,10,0,5,45,0.1111111111111111,0.0706,0.0253793262962154,0.0405111111111111,1.5738117721120557,0.128935532233883,2000
A6NKT7,10,4,3,2,4,0,1,6,0.1666666666666666,0.2296666666666666,0.0808348138710468,-0.063,0.7256894049346879,1.0,2000
A6NKT7,15,4,3,2,4,0,2,6,0.3333333333333333,0.2716666666666666,0.0804875090902916,0.0616666666666666,1.2269938650306749,0.6301849075462269,2000
A6NKT7,20,4,3,2,4,0,2,6,0.3333333333333333,0.2990833333333333,0.0673612618879345,0.03425,1.1145165784341042,0.7946026986506747,2000
A6NKT7,25,4,3,2,4,0,2,6,0.3333333333333333,0.3091666666666666,0.0586981493436393,0.0241666666666666,1.0781671159029649,0.855072463768116,2000
A6NKT7,30,4,3,2,4,0,2,6,0.3333333333333333,0.3363333333333332,0.0819547467354909,-0.0029999999999999,0.9910802775024778,0.888055972013993,2000
A6NKT7,5,4,3,2,4,0,1,6,0.1666666666666666,0.1846666666666666,0.0517430059943821,-0.0179999999999999,0.9025270758122744,1.0,2000
A8CG34,10,48,19,38,18,30,64,1128,0.0567375886524822,0.0446143617021276,0.0034925179638465,0.0121232269503546,1.2717337307501242,0.0029985007496251,2000
A8CG34,15,48,19,38,18,30,85,1128,0.075354609929078,0.0659747340425531,0.0040728143678265,0.0093798758865248,1.1421737582219715,0.0259870064967516,2000
A8CG34,20,48,19,38,18,30,108,1128,0.0957446808510638,0.0860146276595744,0.0045271775842051,0.0097300531914893,1.1131209127591484,0.0299850074962518,2000
A8CG34,25,48,19,38,18,30,127,1128,0.1125886524822695,0.1045097517730496,0.0050839454173804,0.0080789007092198,1.077302840856074,0.0694652673663168,2000
A8CG34,30,48,19,38,18,30,147,1128,0.1303191489361702,0.1247925531914893,0.0056866830726305,0.0055265957446808,1.0442862623076596,0.1739130434782608,2000
A8CG34,5,48,19,38,18,30,36,1128,0.0319148936170212,0.0222145390070922,0.0028883495003494,0.009700354609929,1.4366669327160984,0.0019990004997501,2000
B1AJZ9,10,4,3,3,4,0,1,6,0.1666666666666666,0.1666666666666666,2.776251711270272e-17,0.0,1.0000000000000002,1.0,2000
B1AJZ9,15,4,3,3,4,0,1,6,0.1666666666666666,0.1666666666666666,2.776251711270272e-17,0.0,1.0000000000000002,1.0,2000
B1AJZ9,20,4,3,3,4,0,1,6,0.1666666666666666,0.1666666666666666,2.776251711270272e-17,0.0,1.0000000000000002,1.0,2000
B1AJZ9,25,4,3,3,4,0,1,6,0.1666666666666666,0.1666666666666666,2.776251711270272e-17,0.0,1.0000000000000002,1.0,2000
B1AJZ9,30,4,3,3,4,0,1,6,0.1666666666666666,0.1666666666666666,2.776251711270272e-17,0.0,1.0000000000000002,1.0,2000
B1AJZ9,5,4,3,3,4,0,0,6,0.0,0.0584166666666666,0.0795409803211017,-0.0584166666666666,0.0,1.0,2000
B3KS81,10,3,2,3,3,0,1,3,0.3333333333333333,0.3333333333333332,5.552503422540543e-17,0.0,1.0000000000000002,1.0,2000
B3KS81,15,3,2,3,3,0,1,3,0.3333333333333333,0.3333333333333332,5.552503422540543e-17,0.0,1.0000000000000002,1.0,2000
B3KS81,20,3,2,3,3,0,1,3,0.3333333333333333,0.3333333333333332,5.552503422540543e-17,0.0,1.0000000000000002,1.0,2000
B3KS81,25,3,2,3,3,0,1,3,0.3333333333333333,0.3333333333333332,5.552503422540543e-17,0.0,1.0000000000000002,1.0,2000
B3KS81,30,3,2,3,3,0,1,3,0.3333333333333333,0.3333333333333332,5.552503422540543e-17,0.0,1.0000000000000002,1.0,2000
B3KS81,5,3,2,3,3,0,0,3,0.0,0.1124999999999999,0.1576584221950877,-0.1124999999999999,0.0,1.0,2000
E9PAV3,10,7,6,5,6,1,3,21,0.1428571428571428,0.1428571428571428,5.552503422540543e-17,0.0,1.0000000000000004,1.0,2000
E9PAV3,15,7,6,5,6,1,3,21,0.1428571428571428,0.1428571428571428,5.552503422540543e-17,0.0,1.0000000000000004,1.0,2000
E9PAV3,20,7,6,5,6,1,3,21,0.1428571428571428,0.1428571428571428,5.552503422540543e-17,0.0,1.0000000000000004,1.0,2000
E9PAV3,25,7,6,5,6,1,3,21,0.1428571428571428,0.1428571428571428,5.552503422540543e-17,0.0,1.0000000000000004,1.0,2000
E9PAV3,30,7,6,5,6,1,3,21,0.1428571428571428,0.1428571428571428,5.552503422540543e-17,0.0,1.0000000000000004,1.0,2000
E9PAV3,5,7,6,5,6,1,1,21,0.0476190476190476,0.0788333333333333,0.0226344667423914,-0.0312142857142857,0.6040471156750226,1.0,2000
O00151,10,7,4,2,5,2,9,21,0.4285714285714285,0.3968333333333333,0.0224562534898126,0.0317380952380951,1.0799784004319912,0.3338330834582708,2000
O00151,15,7,4,2,5,2,11,21,0.5238095238095238,0.5238095238095238,0.0,0.0,1.0,1.0,2000
O00151,20,7,4,2,5,2,12,21,0.5714285714285714,0.5396904761904762,0.0224562534898125,0.0317380952380952,1.0588079587064896,0.3338330834582708,2000
O00151,25,7,4,2,5,2,14,21,0.6666666666666666,0.6349285714285713,0.0224562534898125,0.0317380952380953,1.0499868751640606,0.3338330834582708,2000
O00151,30,7,4,2,5,2,15,21,0.7142857142857143,0.7142857142857141,2.221001369016217e-16,0.0,1.0000000000000002,1.0,2000
O00151,5,7,4,2,5,2,6,21,0.2857142857142857,0.270547619047619,0.0221910041407961,0.0151666666666667,1.0560591393118015,0.6816591704147926,2000
O00267,10,3,3,2,2,1,1,3,0.3333333333333333,0.1695,0.1666842578677136,0.1638333333333333,1.9665683382497536,0.5087456271864068,2000
O00267,15,3,3,2,2,1,1,3,0.3333333333333333,0.1695,0.1666842578677136,0.1638333333333333,1.9665683382497536,0.5087456271864068,2000
O00267,20,3,3,2,2,1,1,3,0.3333333333333333,0.3333333333333332,5.552503422540543e-17,0.0,1.0000000000000002,1.0,2000
O00267,25,3,3,2,2,1,1,3,0.3333333333333333,0.3333333333333332,5.552503422540543e-17,0.0,1.0000000000000002,1.0,2000
O00267,30,3,3,2,2,1,1,3,0.3333333333333333,0.3333333333333332,5.552503422540543e-17,0.0,1.0000000000000002,1.0,2000
O00267,5,3,3,2,2,1,0,3,0.0,0.0,0.0,0.0,inf,1.0,2000
O00268,10,21,12,9,19,2,26,210,0.1238095238095238,0.1209095238095238,0.0086985121277007,0.0029,1.0239848765310544,0.4417791104447776,2000
O00268,15,21,12,9,19,2,34,210,0.1619047619047619,0.1666690476190476,0.0134421444339821,-0.0047642857142856,0.9714146940757992,0.6661669165417291,2000
O00268,20,21,12,9,19,2,40,210,0.1904761904761904,0.1881166666666666,0.0128161618052731,0.0023595238095238,1.0125428748623575,0.4572713643178411,2000
O00268,25,21,12,9,19,2,48,210,0.2285714285714285,0.229447619047619,0.0179664979424986,-0.0008761904761905,0.9961813049975096,0.543728135932034,2000
O00268,30,21,12,9,19,2,54,210,0.2571428571428571,0.2649214285714286,0.0174995498582259,-0.0077785714285714,0.970638194612958,0.7051474262868566,2000
O00268,5,21,12,9,19,2,16,210,0.0761904761904762,0.0702761904761904,0.0060781953426876,0.0059142857142857,1.0841577449518909,0.2758620689655172,2000
O00443,10,3,3,1,3,0,1,3,0.3333333333333333,0.3333333333333332,5.552503422540543e-17,0.0,1.0000000000000002,1.0,2000
O00443,15,3,3,1,3,0,1,3,0.3333333333333333,0.3333333333333332,5.552503422540543e-17,0.0,1.0000000000000002,1.0,2000
O00443,20,3,3,1,3,0,1,3,0.3333333333333333,0.3333333333333332,5.552503422540543e-17,0.0,1.0000000000000002,1.0,2000
O00443,25,3,3,1,3,0,1,3,0.3333333333333333,0.3333333333333332,5.552503422540543e-17,0.0,1.0000000000000002,1.0,2000
O00443,30,3,3,1,3,0,1,3,0.3333333333333333,0.3333333333333332,5.552503422540543e-17,0.0,1.0000000000000002,1.0,2000
O00443,5,3,3,1,3,0,1,3,0.3333333333333333,0.3333333333333332,5.552503422540543e-17,0.0,1.0000000000000002,1.0,2000
O00469,10,3,3,2,2,1,0,3,0.0,0.0,0.0,0.0,inf,1.0,2000
O00469,15,3,3,2,2,1,0,3,0.0,0.0,0.0,0.0,inf,1.0,2000
O00469,20,3,3,2,2,1,0,3,0.0,0.0,0.0,0.0,inf,1.0,2000
O00469,25,3,3,2,2,1,0,3,0.0,0.0,0.0,0.0,inf,1.0,2000
O00469,30,3,3,2,2,1,1,3,0.3333333333333333,0.3333333333333332,5.552503422540543e-17,0.0,1.0000000000000002,1.0,2000
O00469,5,3,3,2,2,1,0,3,0.0,0.0,0.0,0.0,inf,1.0,2000
O00566,10,3,1,0,3,0,3,3,1.0,1.0,0.0,0.0,1.0,1.0,2000
O00566,15,3,1,0,3,0,3,3,1.0,1.0,0.0,0.0,1.0,1.0,2000
O00566,20,3,1,0,3,0,3,3,1.0,1.0,0.0,0.0,1.0,1.0,2000
O00566,25,3,1,0,3,0,3,3,1.0,1.0,0.0,0.0,1.0,1.0,2000
O00566,30,3,1,0,3,0,3,3,1.0,1.0,0.0,0.0,1.0,1.0,2000
O00566,5,3,1,0,3,0,3,3,1.0,1.0,0.0,0.0,1.0,1.0,2000
O00571,10,3,3,2,3,0,0,3,0.0,0.0,0.0,0.0,inf,1.0,2000
O00571,15,3,3,2,3,0,0,3,0.0,0.0,0.0,0.0,inf,1.0,2000
O00571,20,3,3,2,3,0,0,3,0.0,0.0,0.0,0.0,inf,1.0,2000
O00571,25,3,3,2,3,0,0,3,0.0,0.0,0.0,0.0,inf,1.0,2000
O00571,30,3,3,2,3,0,0,3,0.0,0.0,0.0,0.0,inf,1.0,2000
O00571,5,3,3,2,3,0,0,3,0.0,0.0,0.0,0.0,inf,1.0,2000
O00592,10,3,3,2,3,0,1,3,0.3333333333333333,0.3333333333333332,5.552503422540543e-17,0.0,1.0000000000000002,1.0,2000
O00592,15,3,3,2,3,0,1,3,0.3333333333333333,0.3333333333333332,5.552503422540543e-17,0.0,1.0000000000000002,1.0,2000
O00592,20,3,3,2,3,0,1,3,0.3333333333333333,0.3333333333333332,5.552503422540543e-17,0.0,1.0000000000000002,1.0,2000
O00592,25,3,3,2,3,0,1,3,0.3333333333333333,0.3333333333333332,5.552503422540543e-17,0.0,1.0000000000000002,1.0,2000
O00592,30,3,3,2,3,0,1,3,0.3333333333333333,0.3333333333333332,5.552503422540543e-17,0.0,1.0000000000000002,1.0,2000
O00592,5,3,3,2,3,0,1,3,0.3333333333333333,0.2533333333333333,0.1423966469731688,0.08,1.3157894736842106,0.760119940029985,2000
O00712,10,6,2,6,6,0,6,15,0.4,0.4601666666666667,0.0197807728064336,-0.0601666666666667,0.8692502716407098,1.0,2000
O00712,15,6,2,6,6,0,7,15,0.4666666666666667,0.4666666666666667,5.552503422540543e-17,0.0,1.0,1.0,2000
O00712,20,6,2,6,6,0,7,15,0.4666666666666667,0.4666666666666667,5.552503422540543e-17,0.0,1.0,1.0,2000
O00712,25,6,2,6,6,0,7,15,0.4666666666666667,0.4666666666666667,5.552503422540543e-17,0.0,1.0,1.0,2000
O00712,30,6,2,6,6,0,7,15,0.4666666666666667,0.4666666666666667,5.552503422540543e-17,0.0,1.0,1.0,2000
O00712,5,6,2,6,6,0,4,15,0.2666666666666666,0.2806,0.062316606594924,-0.0139333333333333,0.9503444998812068,0.7971014492753623,2000
O14497,10,21,9,19,13,8,36,210,0.1714285714285714,0.1831119047619047,0.0133883136378386,-0.0116833333333333,0.9361956648939628,0.879560219890055,2000
O14497,15,21,9,19,13,8,44,210,0.2095238095238095,0.2168642857142857,0.0092252664079957,-0.0073404761904762,0.9661517516989996,0.8500749625187406,2000
O14497,20,21,9,19,13,8,52,210,0.2476190476190476,0.249747619047619,0.0080455313002766,-0.0021285714285714,0.9914771102255612,0.6841579210394803,2000
O14497,25,21,9,19,13,8,58,210,0.2761904761904762,0.2890309523809523,0.0094309147213903,-0.012840476190476,0.9555740446318984,0.9560219890054972,2000
O14497,30,21,9,19,13,8,61,210,0.2904761904761905,0.3090595238095237,0.0142296188172219,-0.0185833333333332,0.9398713454797584,0.8875562218890555,2000
O14497,5,21,9,19,13,8,19,210,0.0904761904761904,0.1063119047619047,0.0132526662368816,-0.0158357142857143,0.8510447694340552,0.9420289855072465,2000
O14519,10,6,2,4,5,1,14,15,0.9333333333333332,0.9478000000000002,0.0491339480420908,-0.0144666666666668,0.984736582964057,0.8135932033983009,2000
O14519,15,6,2,4,5,1,15,15,1.0,1.0,0.0,0.0,1.0,1.0,2000
O14519,20,6,2,4,5,1,15,15,1.0,1.0,0.0,0.0,1.0,1.0,2000
O14519,25,6,2,4,5,1,15,15,1.0,1.0,0.0,0.0,1.0,1.0,2000
O14519,30,6,2,4,5,1,15,15,1.0,1.0,0.0,0.0,1.0,1.0,2000
O14519,5,6,2,4,5,1,9,15,0.6,0.6375666666666666,0.0993552165860694,-0.0375666666666666,0.9410780571966332,0.743128435782109,2000
O14639,10,9,7,4,9,0,9,36,0.25,0.2595,0.0131805065063817,-0.0095,0.9633911368015414,1.0,2000
O14639,15,9,7,4,9,0,13,36,0.3611111111111111,0.3523055555555554,0.0129284387709673,0.0088055555555556,1.0249940865725775,0.6831584207896052,2000
O14639,20,9,7,4,9,0,15,36,0.4166666666666667,0.4261666666666667,0.0131805065063817,-0.0095,0.9777082518576456,1.0,2000
O14639,25,9,7,4,9,0,16,36,0.4444444444444444,0.4444444444444446,1.6657510267621627e-16,0.0,0.9999999999999996,1.0,2000
O14639,30,9,7,4,9,0,16,36,0.4444444444444444,0.4444444444444446,1.6657510267621627e-16,0.0,0.9999999999999996,1.0,2000
O14639,5,9,7,4,9,0,4,36,0.1111111111111111,0.1301388888888889,0.0129064458208842,-0.0190277777777777,0.8537886872998932,1.0,2000
O14686,10,6,5,5,6,0,2,15,0.1333333333333333,0.1333333333333333,2.776251711270272e-17,0.0,1.0000000000000002,1.0,2000
O14686,15,6,5,5,6,0,2,15,0.1333333333333333,0.1333333333333333,2.776251711270272e-17,0.0,1.0000000000000002,1.0,2000
O14686,20,6,5,5,6,0,2,15,0.1333333333333333,0.1333333333333333,2.776251711270272e-17,0.0,1.0000000000000002,1.0,2000
O14686,25,6,5,5,6,0,2,15,0.1333333333333333,0.1333333333333333,2.776251711270272e-17,0.0,1.0000000000000002,1.0,2000
O14686,30,6,5,5,6,0,2,15,0.1333333333333333,0.1333333333333333,2.776251711270272e-17,0.0,1.0000000000000002,1.0,2000
O14686,5,6,5,5,6,0,2,15,0.1333333333333333,0.1106999999999999,0.0315772017592848,0.0226333333333333,1.2044564890093346,0.6606696651674163,2000
O14715,10,3,2,3,3,0,0,3,0.0,0.1316666666666666,0.1629909838248173,-0.1316666666666666,0.0,1.0,2000
O14715,15,3,2,3,3,0,0,3,0.0,0.1546666666666666,0.1662756794560378,-0.1546666666666666,0.0,1.0,2000
O14715,20,3,2,3,3,0,1,3,0.3333333333333333,0.1961666666666666,0.1640761660690355,0.1371666666666666,1.699235344095157,0.5887056471764118,2000
O14715,25,3,2,3,3,0,1,3,0.3333333333333333,0.2455,0.14688046251448,0.0878333333333333,1.357773251866938,0.736631684157921,2000
O14715,30,3,2,3,3,0,1,3,0.3333333333333333,0.3704999999999999,0.1329775769159058,-0.0371666666666666,0.899685110211426,0.970014992503748,2000
O14715,5,3,2,3,3,0,0,3,0.0,0.0645,0.1317134169783247,-0.0645,0.0,1.0,2000
O14795,10,3,2,0,3,0,1,3,0.3333333333333333,0.3333333333333332,5.552503422540543e-17,0.0,1.0000000000000002,1.0,2000
O14795,15,3,2,0,3,0,1,3,0.3333333333333333,0.3333333333333332,5.552503422540543e-17,0.0,1.0000000000000002,1.0,2000
O14795,20,3,2,0,3,0,1,3,0.3333333333333333,0.3333333333333332,5.552503422540543e-17,0.0,1.0000000000000002,1.0,2000
O14795,25,3,2,0,3,0,1,3,0.3333333333333333,0.3333333333333332,5.552503422540543e-17,0.0,1.0000000000000002,1.0,2000
O14795,30,3,2,0,3,0,1,3,0.3333333333333333,0.3333333333333332,5.552503422540543e-17,0.0,1.0000000000000002,1.0,2000
O14795,5,3,2,0,3,0,1,3,0.3333333333333333,0.3333333333333332,5.552503422540543e-17,0.0,1.0000000000000002,1.0,2000
O14964,10,7,1,7,6,1,18,21,0.8571428571428571,0.7515,0.073816577690812,0.1056428571428571,1.140575990875392,0.1419290354822588,2000
O14964,15,7,1,7,6,1,21,21,1.0,0.9168809523809526,0.0454552517906842,0.0831190476190474,1.0906541328001245,0.0889555222388805,2000
O14964,20,7,1,7,6,1,21,21,1.0,1.0,0.0,0.0,1.0,1.0,2000
O14964,25,7,1,7,6,1,21,21,1.0,1.0,0.0,0.0,1.0,1.0,2000
O14964,30,7,1,7,6,1,21,21,1.0,1.0,0.0,0.0,1.0,1.0,2000
O14964,5,7,1,7,6,1,10,21,0.4761904761904761,0.3899285714285714,0.0578861695421866,0.0862619047619047,1.2212248885632289,0.1704147926036981,2000
O14974,10,46,24,22,42,4,151,1035,0.1458937198067632,0.1409753623188405,0.004216462333962,0.0049183574879227,1.0348880641767673,0.1564217891054472,2000
O14974,15,46,24,22,42,4,193,1035,0.1864734299516908,0.1790526570048309,0.0043822262955035,0.0074207729468599,1.0414446402024613,0.063968015992004,2000
O14974,20,46,24,22,42,4,227,1035,0.2193236714975845,0.2096980676328502,0.0030515316026287,0.0096256038647343,1.0459022058400047,0.0019990004997501,2000
O14974,25,46,24,22,42,4,248,1035,0.2396135265700483,0.2333217391304348,0.0021064646943763,0.0062917874396135,1.0269661432452128,0.000999500249875,2000
O14974,30,46,24,22,42,4,258,1035,0.2492753623188406,0.2495628019323671,0.0010765967095204,-0.0002874396135265,0.9988482273347594,0.7476261869065467,2000
O14974,5,46,24,22,42,4,87,1035,0.0840579710144927,0.0811207729468599,0.0026597595021279,0.0029371980676328,1.0362077179609337,0.1794102948525737,2000
O15014,10,9,6,3,6,3,13,36,0.3611111111111111,0.361111111111111,1.1105006845081086e-16,0.0,1.0000000000000002,1.0,2000
O15014,15,9,6,3,6,3,15,36,0.4166666666666667,0.4166666666666667,5.552503422540543e-17,0.0,1.0,1.0,2000
O15014,20,9,6,3,6,3,15,36,0.4166666666666667,0.4351805555555557,0.0314382381132768,-0.0185138888888889,0.9574569942233424,1.0,2000
O15014,25,9,6,3,6,3,15,36,0.4166666666666667,0.4430416666666667,0.0357544150242524,-0.026375,0.9404683532399134,1.0,2000
O15014,30,9,6,3,6,3,15,36,0.4166666666666667,0.4734583333333333,0.0723338357909592,-0.0567916666666666,0.8800492827598345,1.0,2000
O15014,5,9,6,3,6,3,6,36,0.1666666666666666,0.1666666666666666,2.776251711270272e-17,0.0,1.0000000000000002,1.0,2000
O15018,10,3,3,1,3,0,0,3,0.0,0.0,0.0,0.0,inf,1.0,2000
O15018,15,3,3,1,3,0,0,3,0.0,0.0,0.0,0.0,inf,1.0,2000
O15018,20,3,3,1,3,0,0,3,0.0,0.0,0.0,0.0,inf,1.0,2000
O15018,25,3,3,1,3,0,0,3,0.0,0.0,0.0,0.0,inf,1.0,2000
O15018,30,3,3,1,3,0,0,3,0.0,0.0,0.0,0.0,inf,1.0,2000
O15018,5,3,3,1,3,0,0,3,0.0,0.0,0.0,0.0,inf,1.0,2000
O15027,10,17,12,13,15,2,10,136,0.0735294117647058,0.0679338235294117,0.0088590119965732,0.0055955882352941,1.0823682216690118,0.4072963518240879,2000
O15027,15,17,12,13,15,2,12,136,0.088235294117647,0.0935330882352941,0.008309208278213,-0.005297794117647,0.9433591446877088,0.8470764617691154,2000
O15027,20,17,12,13,15,2,14,136,0.1029411764705882,0.1044558823529411,0.00623017166757,-0.0015147058823529,0.9854990848937067,0.8085957021489255,2000
O15027,25,17,12,13,15,2,16,136,0.1176470588235294,0.1214816176470588,0.0048146446040639,-0.0038345588235294,0.9684350694549526,0.936031984007996,2000
O15027,30,17,12,13,15,2,16,136,0.1176470588235294,0.126735294117647,0.0047053581646081,-0.0090882352941176,0.9282896263634254,1.0,2000
O15027,5,17,12,13,15,2,4,136,0.0294117647058823,0.0383125,0.0092716615531909,-0.0089007352941176,0.7676806448517417,0.9465267366316842,2000
O15031,10,3,3,0,3,0,0,3,0.0,0.0,0.0,0.0,inf,1.0,2000
O15031,15,3,3,0,3,0,0,3,0.0,0.0,0.0,0.0,inf,1.0,2000
O15031,20,3,3,0,3,0,0,3,0.0,0.0,0.0,0.0,inf,1.0,2000
O15031,25,3,3,0,3,0,0,3,0.0,0.0,0.0,0.0,inf,1.0,2000
O15031,30,3,3,0,3,0,0,3,0.0,0.0,0.0,0.0,inf,1.0,2000
O15031,5,3,3,0,3,0,0,3,0.0,0.0,0.0,0.0,inf,1.0,2000
O15047,10,15,9,9,13,2,37,105,0.3523809523809524,0.3524,0.019090439968373,-1.904761904758523e-05,0.9999459488676288,0.568215892053973,2000
O15047,15,15,9,9,13,2,58,105,0.5523809523809524,0.5170095238095237,0.0283349416348776,0.0353714285714287,1.0684154293924772,0.1499250374812593,2000
O15047,20,15,9,9,13,2,75,105,0.7142857142857143,0.679447619047619,0.0238631302961768,0.0348380952380953,1.0512741442628468,0.1149425287356321,2000
O15047,25,15,9,9,13,2,85,105,0.8095238095238095,0.7761809523809525,0.0277128662969981,0.033342857142857,1.042957582301623,0.1554222888555722,2000
O15047,30,15,9,9,13,2,92,105,0.8761904761904762,0.8673000000000002,0.0285929832063982,0.008890476190476,1.0102507508249463,0.4817591204397801,2000
O15047,5,15,9,9,13,2,20,105,0.1904761904761904,0.1844904761904761,0.0158532761955032,0.0059857142857143,1.0324445706321144,0.4172913543228386,2000
O15055,10,10,8,6,10,0,4,45,0.0888888888888888,0.0689111111111111,0.0096325822204483,0.0199777777777777,1.2899064817800712,0.1499250374812593,2000
O15055,15,10,8,6,10,0,6,45,0.1333333333333333,0.1152444444444444,0.0203769951649803,0.0180888888888888,1.1569610489780178,0.3513243378310844,2000
O15055,20,10,8,6,10,0,8,45,0.1777777777777777,0.1555444444444444,0.0158504449766339,0.0222333333333333,1.1429387813415246,0.2543728135932034,2000
O15055,25,10,8,6,10,0,8,45,0.1777777777777777,0.174211111111111,0.0081591319308539,0.0035666666666667,1.0204732444671218,0.8395802098950524,2000
O15055,30,10,8,6,10,0,8,45,0.1777777777777777,0.1777777777777777,8.328755133810814e-17,0.0,1.0000000000000004,1.0,2000
O15055,5,10,8,6,10,0,1,45,0.0222222222222222,0.0309222222222222,0.0158773538781101,-0.0086999999999999,0.7186489399928137,0.9565217391304348,2000
O15085,10,3,3,1,1,2,1,3,0.3333333333333333,0.3333333333333332,5.552503422540543e-17,0.0,1.0000000000000002,1.0,2000
O15085,15,3,3,1,1,2,1,3,0.3333333333333333,0.3333333333333332,5.552503422540543e-17,0.0,1.0000000000000002,1.0,2000
O15085,20,3,3,1,1,2,1,3,0.3333333333333333,0.3333333333333332,5.552503422540543e-17,0.0,1.0000000000000002,1.0,2000
O15085,25,3,3,1,1,2,1,3,0.3333333333333333,0.3333333333333332,5.552503422540543e-17,0.0,1.0000000000000002,1.0,2000
O15085,30,3,3,1,1,2,1,3,0.3333333333333333,0.3333333333333332,5.552503422540543e-17,0.0,1.0000000000000002,1.0,2000
O15085,5,3,3,1,1,2,1,3,0.3333333333333333,0.1621666666666666,0.166647572693154,0.1711666666666666,2.055498458376156,0.4867566216891554,2000
O15119,10,3,2,2,3,0,1,3,0.3333333333333333,0.3211666666666666,0.062525854804531,0.0121666666666666,1.0378827192527245,0.9635182408795602,2000
O15119,15,3,2,2,3,0,1,3,0.3333333333333333,0.3333333333333332,5.552503422540543e-17,0.0,1.0000000000000002,1.0,2000
O15119,20,3,2,2,3,0,1,3,0.3333333333333333,0.3333333333333332,5.552503422540543e-17,0.0,1.0000000000000002,1.0,2000
O15119,25,3,2,2,3,0,1,3,0.3333333333333333,0.3333333333333332,5.552503422540543e-17,0.0,1.0000000000000002,1.0,2000
O15119,30,3,2,2,3,0,1,3,0.3333333333333333,0.3333333333333332,5.552503422540543e-17,0.0,1.0000000000000002,1.0,2000
O15119,5,3,2,2,3,0,1,3,0.3333333333333333,0.2295,0.1544074830939799,0.1038333333333333,1.4524328249818443,0.688655672163918,2000
O15164,10,7,2,7,6,1,21,21,1.0,0.6965476190476191,0.1214425365253817,0.3034523809523809,1.4356520252948213,0.015992003998001,2000
O15164,15,7,2,7,6,1,21,21,1.0,0.8950714285714286,0.0804820511814115,0.1049285714285713,1.1172292714069108,0.1864067966016991,2000
O15164,20,7,2,7,6,1,21,21,1.0,0.9673571428571428,0.0428570038985495,0.032642857142857,1.0337443697851287,0.5517241379310345,2000
O15164,25,7,2,7,6,1,21,21,1.0,1.0,0.0,0.0,1.0,1.0,2000
O15164,30,7,2,7,6,1,21,21,1.0,1.0,0.0,0.0,1.0,1.0,2000
O15164,5,7,2,7,6,1,14,21,0.6666666666666666,0.3794523809523809,0.10663918925032,0.2872142857142857,1.7569178640898535,0.0204897551224387,2000
O15178,10,4,2,0,4,0,6,6,1.0,1.0,0.0,0.0,1.0,1.0,2000
O15178,15,4,2,0,4,0,6,6,1.0,1.0,0.0,0.0,1.0,1.0,2000
O15178,20,4,2,0,4,0,6,6,1.0,1.0,0.0,0.0,1.0,1.0,2000
O15178,25,4,2,0,4,0,6,6,1.0,1.0,0.0,0.0,1.0,1.0,2000
O15178,30,4,2,0,4,0,6,6,1.0,1.0,0.0,0.0,1.0,1.0,2000
O15178,5,4,2,0,4,0,5,6,0.8333333333333334,0.8333333333333335,1.1105006845081086e-16,0.0,1.0,1.0,2000
O15230,10,3,3,1,3,0,0,3,0.0,0.0,0.0,0.0,inf,1.0,2000
O15230,15,3,3,1,3,0,0,3,0.0,0.0,0.0,0.0,inf,1.0,2000
O15230,20,3,3,1,3,0,0,3,0.0,0.0,0.0,0.0,inf,1.0,2000
O15230,25,3,3,1,3,0,0,3,0.0,0.0,0.0,0.0,inf,1.0,2000
O15230,30,3,3,1,3,0,0,3,0.0,0.0,0.0,0.0,inf,1.0,2000
O15230,5,3,3,1,3,0,0,3,0.0,0.0,0.0,0.0,inf,1.0,2000
O15231,10,4,4,4,4,0,1,6,0.1666666666666666,0.0839166666666666,0.0833521322801311,0.08275,1.98609731876862,0.5037481259370314,2000
O15231,15,4,4,4,4,0,1,6,0.1666666666666666,0.1666666666666666,2.776251711270272e-17,0.0,1.0000000000000002,1.0,2000
O15231,20,4,4,4,4,0,1,6,0.1666666666666666,0.1666666666666666,2.776251711270272e-17,0.0,1.0000000000000002,1.0,2000
O15231,25,4,4,4,4,0,1,6,0.1666666666666666,0.1666666666666666,2.776251711270272e-17,0.0,1.0000000000000002,1.0,2000
O15231,30,4,4,4,4,0,1,6,0.1666666666666666,0.1666666666666666,2.776251711270272e-17,0.0,1.0000000000000002,1.0,2000
O15231,5,4,4,4,4,0,1,6,0.1666666666666666,0.0839166666666666,0.0833521322801311,0.08275,1.98609731876862,0.5037481259370314,2000
O15294,10,4,3,4,4,0,1,6,0.1666666666666666,0.1666666666666666,2.776251711270272e-17,0.0,1.0000000000000002,1.0,2000
O15294,15,4,3,4,4,0,1,6,0.1666666666666666,0.1666666666666666,2.776251711270272e-17,0.0,1.0000000000000002,1.0,2000
O15294,20,4,3,4,4,0,1,6,0.1666666666666666,0.1666666666666666,2.776251711270272e-17,0.0,1.0000000000000002,1.0,2000
O15294,25,4,3,4,4,0,1,6,0.1666666666666666,0.1666666666666666,2.776251711270272e-17,0.0,1.0000000000000002,1.0,2000
O15294,30,4,3,4,4,0,1,6,0.1666666666666666,0.1666666666666666,2.776251711270272e-17,0.0,1.0000000000000002,1.0,2000
O15294,5,4,3,4,4,0,1,6,0.1666666666666666,0.0543333333333333,0.0781440829064561,0.1123333333333333,3.067484662576687,0.3263368315842079,2000
O15417,10,3,3,1,2,1,0,3,0.0,0.1616666666666666,0.1666333133209921,-0.1616666666666666,0.0,1.0,2000
O15417,15,3,3,1,2,1,1,3,0.3333333333333333,0.3333333333333332,5.552503422540543e-17,0.0,1.0000000000000002,1.0,2000
O15417,20,3,3,1,2,1,1,3,0.3333333333333333,0.3333333333333332,5.552503422540543e-17,0.0,1.0000000000000002,1.0,2000
O15417,25,3,3,1,2,1,2,3,0.6666666666666666,0.505,0.1666333133209921,0.1616666666666666,1.32013201320132,0.5152423788105946,2000
O15417,30,3,3,1,2,1,2,3,0.6666666666666666,0.505,0.1666333133209921,0.1616666666666666,1.32013201320132,0.5152423788105946,2000
O15417,5,3,3,1,2,1,0,3,0.0,0.1616666666666666,0.1666333133209921,-0.1616666666666666,0.0,1.0,2000
O15460,10,3,1,3,3,0,3,3,1.0,0.8373333333333333,0.1666603300446242,0.1626666666666667,1.194267515923567,0.5122438780609695,2000
O15460,15,3,1,3,3,0,3,3,1.0,1.0,0.0,0.0,1.0,1.0,2000
O15460,20,3,1,3,3,0,3,3,1.0,1.0,0.0,0.0,1.0,1.0,2000
O15460,25,3,1,3,3,0,3,3,1.0,1.0,0.0,0.0,1.0,1.0,2000
O15460,30,3,1,3,3,0,3,3,1.0,1.0,0.0,0.0,1.0,1.0,2000
O15460,5,3,1,3,3,0,3,3,1.0,0.5006666666666666,0.2891313016017015,0.4993333333333334,1.997336884154461,0.2513743128435782,2000
O15511,10,4,2,0,4,0,6,6,1.0,1.0,0.0,0.0,1.0,1.0,2000
O15511,15,4,2,0,4,0,6,6,1.0,1.0,0.0,0.0,1.0,1.0,2000
O15511,20,4,2,0,4,0,6,6,1.0,1.0,0.0,0.0,1.0,1.0,2000
O15511,25,4,2,0,4,0,6,6,1.0,1.0,0.0,0.0,1.0,1.0,2000
O15511,30,4,2,0,4,0,6,6,1.0,1.0,0.0,0.0,1.0,1.0,2000
O15511,5,4,2,0,4,0,5,6,0.8333333333333334,0.8333333333333335,1.1105006845081086e-16,0.0,1.0,1.0,2000
O15550,10,8,6,4,5,3,4,28,0.1428571428571428,0.1388571428571428,0.0248900349246827,0.004,1.02880658436214,0.6951524237881059,2000
O15550,15,8,6,4,5,3,5,28,0.1785714285714285,0.1569999999999999,0.0174709544609889,0.0215714285714286,1.137397634212921,0.3963018490754623,2000
O15550,20,8,6,4,5,3,5,28,0.1785714285714285,0.1606785714285714,0.0178615730944087,0.0178928571428571,1.1113580795732387,0.4992503748125937,2000
O15550,25,8,6,4,5,3,5,28,0.1785714285714285,0.1639107142857142,0.0175731272916794,0.0146607142857143,1.0894432944765229,0.5897051474262869,2000
O15550,30,8,6,4,5,3,5,28,0.1785714285714285,0.1785714285714285,5.552503422540543e-17,0.0,1.0000000000000002,1.0,2000
O15550,5,8,6,4,5,3,3,28,0.1071428571428571,0.1316964285714285,0.0226735166649218,-0.0245535714285714,0.8135593220338984,1.0,2000
O43151,10,10,10,8,8,2,1,45,0.0222222222222222,0.0222222222222222,1.0410943917263517e-17,0.0,1.0000000000000004,1.0,2000
O43151,15,10,10,8,8,2,1,45,0.0222222222222222,0.0222222222222222,1.0410943917263517e-17,0.0,1.0000000000000004,1.0,2000
O43151,20,10,10,8,8,2,1,45,0.0222222222222222,0.0259333333333333,0.0082904255440422,-0.0037111111111111,0.8568980291345333,1.0,2000
O43151,25,10,10,8,8,2,1,45,0.0222222222222222,0.0299444444444444,0.0105843392018771,-0.0077222222222222,0.7421150278293137,1.0,2000
O43151,30,10,10,8,8,2,2,45,0.0444444444444444,0.0556333333333333,0.0111136176373508,-0.0111888888888888,0.7988815658078692,1.0,2000
O43151,5,10,10,8,8,2,1,45,0.0222222222222222,0.0222222222222222,1.0410943917263517e-17,0.0,1.0000000000000004,1.0,2000
O43159,10,3,3,3,3,0,0,3,0.0,0.0,0.0,0.0,inf,1.0,2000
O43159,15,3,3,3,3,0,0,3,0.0,0.0,0.0,0.0,inf,1.0,2000
O43159,20,3,3,3,3,0,0,3,0.0,0.0,0.0,0.0,inf,1.0,2000
O43159,25,3,3,3,3,0,0,3,0.0,0.0,0.0,0.0,inf,1.0,2000
O43159,30,3,3,3,3,0,0,3,0.0,0.0,0.0,0.0,inf,1.0,2000
O43159,5,3,3,3,3,0,0,3,0.0,0.0,0.0,0.0,inf,1.0,2000
O43166,10,6,5,6,5,1,1,15,0.0666666666666666,0.0898666666666666,0.0408293762311666,-0.0232,0.7418397626112758,1.0,2000
O43166,15,6,5,6,5,1,2,15,0.1333333333333333,0.1181333333333333,0.0447333393224178,0.0152,1.1286681715575622,0.6351824087956022,2000
O43166,20,6,5,6,5,1,3,15,0.2,0.1769666666666667,0.0368952204941822,0.0230333333333333,1.1301563382934638,0.6946526736631684,2000
O43166,25,6,5,6,5,1,3,15,0.2,0.2,2.776251711270272e-17,0.0,1.0,1.0,2000
O43166,30,6,5,6,5,1,3,15,0.2,0.2,2.776251711270272e-17,0.0,1.0,1.0,2000
O43166,5,6,5,6,5,1,1,15,0.0666666666666666,0.0338,0.0378953269636325,0.0328666666666666,1.9723865877712032,0.4707646176911544,2000
O43175,10,3,3,2,3,0,1,3,0.3333333333333333,0.2243333333333333,0.1564115264810794,0.1089999999999999,1.485884101040119,0.6731634182908546,2000
O43175,15,3,3,2,3,0,1,3,0.3333333333333333,0.2963333333333333,0.1047369000995091,0.037,1.124859392575928,0.889055472263868,2000
O43175,20,3,3,2,3,0,1,3,0.3333333333333333,0.3333333333333332,5.552503422540543e-17,0.0,1.0000000000000002,1.0,2000
O43175,25,3,3,2,3,0,1,3,0.3333333333333333,0.3333333333333332,5.552503422540543e-17,0.0,1.0000000000000002,1.0,2000
O43175,30,3,3,2,3,0,1,3,0.3333333333333333,0.3333333333333332,5.552503422540543e-17,0.0,1.0000000000000002,1.0,2000
O43175,5,3,3,2,3,0,1,3,0.3333333333333333,0.145,0.1652936608902428,0.1883333333333333,2.2988505747126435,0.4352823588205897,2000
O43242,10,3,3,2,3,0,1,3,0.3333333333333333,0.3333333333333332,5.552503422540543e-17,0.0,1.0000000000000002,1.0,2000
O43242,15,3,3,2,3,0,1,3,0.3333333333333333,0.3333333333333332,5.552503422540543e-17,0.0,1.0000000000000002,1.0,2000
O43242,20,3,3,2,3,0,1,3,0.3333333333333333,0.3333333333333332,5.552503422540543e-17,0.0,1.0000000000000002,1.0,2000
O43242,25,3,3,2,3,0,1,3,0.3333333333333333,0.3333333333333332,5.552503422540543e-17,0.0,1.0000000000000002,1.0,2000
O43242,30,3,3,2,3,0,1,3,0.3333333333333333,0.3333333333333332,5.552503422540543e-17,0.0,1.0000000000000002,1.0,2000
O43242,5,3,3,2,3,0,1,3,0.3333333333333333,0.3333333333333332,5.552503422540543e-17,0.0,1.0000000000000002,1.0,2000
O43303,10,3,3,2,2,1,0,3,0.0,0.0,0.0,0.0,inf,1.0,2000
O43303,15,3,3,2,2,1,0,3,0.0,0.0,0.0,0.0,inf,1.0,2000
O43303,20,3,3,2,2,1,0,3,0.0,0.0,0.0,0.0,inf,1.0,2000
O43303,25,3,3,2,2,1,0,3,0.0,0.0,0.0,0.0,inf,1.0,2000
O43303,30,3,3,2,2,1,0,3,0.0,0.0,0.0,0.0,inf,1.0,2000
O43303,5,3,3,2,2,1,0,3,0.0,0.0,0.0,0.0,inf,1.0,2000
O43312,10,4,3,3,4,0,3,6,0.5,0.4654166666666666,0.067603010494788,0.0345833333333333,1.0743061772605194,0.7926036981509246,2000
O43312,15,4,3,3,4,0,3,6,0.5,0.5273333333333332,0.0711405294604306,-0.0273333333333332,0.9481668773704174,1.0,2000
O43312,20,4,3,3,4,0,3,6,0.5,0.5780833333333334,0.1050405150904201,-0.0780833333333334,0.8649272019605015,1.0,2000
O43312,25,4,3,3,4,0,3,6,0.5,0.68025,0.1931125905403412,-0.18025,0.735023888276369,1.0,2000
O43312,30,4,3,3,4,0,5,6,0.8333333333333334,0.8104166666666667,0.2173351209017739,0.0229166666666666,1.0282776349614395,0.6201899050474763,2000
O43312,5,4,3,3,4,0,3,6,0.5,0.2661666666666666,0.1097734920380214,0.2338333333333333,1.878522229179712,0.096951524237881,2000
O43379,10,5,4,5,3,2,3,10,0.3,0.3339499999999999,0.0473658026389273,-0.0339499999999999,0.8983380745620604,1.0,2000
O43379,15,5,4,5,3,2,3,10,0.3,0.3606499999999999,0.0488648276953152,-0.0606499999999999,0.8318314154997921,1.0,2000
O43379,20,5,4,5,3,2,4,10,0.4,0.381,0.0392399016938431,0.0189999999999999,1.0498687664041997,0.8100949525237381,2000
O43379,25,5,4,5,3,2,4,10,0.4,0.3868500000000001,0.0338030889773731,0.0131499999999999,1.0339925035543491,0.8685657171414293,2000
O43379,30,5,4,5,3,2,4,10,0.4,0.39355,0.0245702940494174,0.0064499999999999,1.0163892770931269,0.9355322338830584,2000
O43379,5,5,4,5,3,2,3,10,0.3,0.22,0.0917835067212678,0.0799999999999999,1.3636363636363635,0.4012993503248376,2000
O43395,10,7,5,2,6,1,8,21,0.3809523809523809,0.3562619047619047,0.0237991711454912,0.0246904761904762,1.0693042839002875,0.4817591204397801,2000
O43395,15,7,5,2,6,1,13,21,0.6190476190476191,0.5202857142857142,0.0951966845819648,0.0987619047619048,1.18982244188175,0.4817591204397801,2000
O43395,20,7,5,2,6,1,15,21,0.7142857142857143,0.689595238095238,0.0237991711454912,0.0246904761904762,1.0358043020405343,0.4817591204397801,2000
O43395,25,7,5,2,6,1,15,21,0.7142857142857143,0.7142857142857141,2.221001369016217e-16,0.0,1.0000000000000002,1.0,2000
O43395,30,7,5,2,6,1,15,21,0.7142857142857143,0.7142857142857141,2.221001369016217e-16,0.0,1.0000000000000002,1.0,2000
O43395,5,7,5,2,6,1,7,21,0.3333333333333333,0.3333333333333332,5.552503422540543e-17,0.0,1.0000000000000002,1.0,2000
O43399,10,7,5,2,7,0,3,21,0.1428571428571428,0.1428571428571428,5.552503422540543e-17,0.0,1.0000000000000004,1.0,2000
O43399,15,7,5,2,7,0,4,21,0.1904761904761904,0.1904761904761905,8.328755133810814e-17,0.0,0.9999999999999996,1.0,2000
O43399,20,7,5,2,7,0,6,21,0.2857142857142857,0.2857142857142856,1.1105006845081086e-16,0.0,1.0000000000000004,1.0,2000
O43399,25,7,5,2,7,0,7,21,0.3333333333333333,0.3333333333333332,5.552503422540543e-17,0.0,1.0000000000000002,1.0,2000
O43399,30,7,5,2,7,0,8,21,0.3809523809523809,0.3809523809523811,1.6657510267621627e-16,0.0,0.9999999999999996,1.0,2000
O43399,5,7,5,2,7,0,1,21,0.0476190476190476,0.0476190476190476,2.0821887834527037e-17,0.0,0.9999999999999996,1.0,2000
O43426,10,3,2,1,3,0,1,3,0.3333333333333333,0.3333333333333332,5.552503422540543e-17,0.0,1.0000000000000002,1.0,2000
O43426,15,3,2,1,3,0,1,3,0.3333333333333333,0.3333333333333332,5.552503422540543e-17,0.0,1.0000000000000002,1.0,2000
O43426,20,3,2,1,3,0,1,3,0.3333333333333333,0.3333333333333332,5.552503422540543e-17,0.0,1.0000000000000002,1.0,2000
O43426,25,3,2,1,3,0,1,3,0.3333333333333333,0.3333333333333332,5.552503422540543e-17,0.0,1.0000000000000002,1.0,2000
O43426,30,3,2,1,3,0,1,3,0.3333333333333333,0.3333333333333332,5.552503422540543e-17,0.0,1.0000000000000002,1.0,2000
O43426,5,3,2,1,3,0,0,3,0.0,0.0,0.0,0.0,inf,1.0,2000
O43432,10,12,7,10,9,3,10,66,0.1515151515151515,0.1782348484848484,0.0231958742284824,-0.0267196969696969,0.850087133931228,0.9265367316341828,2000
O43432,15,12,7,10,9,3,13,66,0.1969696969696969,0.2313863636363635,0.0308356922608165,-0.0344166666666665,0.8512588809219791,0.9405297351324338,2000
O43432,20,12,7,10,9,3,17,66,0.2575757575757575,0.2760909090909091,0.0291664454316371,-0.0185151515151515,0.9329382065634946,0.7306346826586707,2000
O43432,25,12,7,10,9,3,18,66,0.2727272727272727,0.292719696969697,0.0369255494127198,-0.0199924242424243,0.9317011309816504,0.7156421789105447,2000
O43432,30,12,7,10,9,3,19,66,0.2878787878787879,0.3079242424242424,0.0294873740797201,-0.0200454545454545,0.9349013433056144,0.775112443778111,2000
O43432,5,12,7,10,9,3,5,66,0.0757575757575757,0.0857727272727272,0.0199571767968744,-0.0100151515151515,0.8832361773538245,0.7936031984007996,2000
O43491,10,5,4,5,4,1,2,10,0.2,0.1963,0.0776487260831184,0.0037,1.0188487009679064,0.7026486756621689,2000
O43491,15,5,4,5,4,1,4,10,0.4,0.2533,0.0595052975811407,0.1467,1.5791551519936833,0.0289855072463768,2000
O43491,20,5,4,5,4,1,5,10,0.5,0.32315,0.0927544025348381,0.1768499999999999,1.5472690700912886,0.0599700149925037,2000
O43491,25,5,4,5,4,1,6,10,0.6,0.3655,0.0923797434966359,0.2345,1.6415868673050615,0.0399800099950025,2000
O43491,30,5,4,5,4,1,6,10,0.6,0.4399,0.0882716599083278,0.1600999999999999,1.3639463514435095,0.1089455272363818,2000
O43491,5,5,4,5,4,1,1,10,0.1,0.10225,0.090686545445079,-0.00225,0.9779951100244498,0.6856571714142928,2000
O43493,10,6,5,0,6,0,2,15,0.1333333333333333,0.1333333333333333,2.776251711270272e-17,0.0,1.0000000000000002,1.0,2000
O43493,15,6,5,0,6,0,3,15,0.2,0.2,2.776251711270272e-17,0.0,1.0,1.0,2000
O43493,20,6,5,0,6,0,4,15,0.2666666666666666,0.2666666666666666,5.552503422540543e-17,0.0,1.0000000000000002,1.0,2000
O43493,25,6,5,0,6,0,4,15,0.2666666666666666,0.2666666666666666,5.552503422540543e-17,0.0,1.0000000000000002,1.0,2000
O43493,30,6,5,0,6,0,4,15,0.2666666666666666,0.2666666666666666,5.552503422540543e-17,0.0,1.0000000000000002,1.0,2000
O43493,5,6,5,0,6,0,1,15,0.0666666666666666,0.0666666666666666,1.3881258556351357e-17,0.0,1.0000000000000002,1.0,2000
O43524,10,10,8,8,9,1,6,45,0.1333333333333333,0.1343999999999999,0.0159312252826498,-0.0010666666666666,0.9920634920634924,0.7661169415292354,2000
O43524,15,10,8,8,9,1,7,45,0.1555555555555555,0.1531333333333332,0.0069270478557606,0.0024222222222222,1.0158177332752871,0.8910544727636182,2000
O43524,20,10,8,8,9,1,7,45,0.1555555555555555,0.1555555555555555,5.552503422540543e-17,0.0,1.0000000000000004,1.0,2000
O43524,25,10,8,8,9,1,7,45,0.1555555555555555,0.1555555555555555,5.552503422540543e-17,0.0,1.0000000000000004,1.0,2000
O43524,30,10,8,8,9,1,7,45,0.1555555555555555,0.1555555555555555,5.552503422540543e-17,0.0,1.0000000000000004,1.0,2000
O43524,5,10,8,8,9,1,2,45,0.0444444444444444,0.0894999999999999,0.0235209798858509,-0.0450555555555555,0.4965859714463068,1.0,2000
O43615,10,4,2,0,4,0,6,6,1.0,1.0,0.0,0.0,1.0,1.0,2000
O43615,15,4,2,0,4,0,6,6,1.0,1.0,0.0,0.0,1.0,1.0,2000
O43615,20,4,2,0,4,0,6,6,1.0,1.0,0.0,0.0,1.0,1.0,2000
O43615,25,4,2,0,4,0,6,6,1.0,1.0,0.0,0.0,1.0,1.0,2000
O43615,30,4,2,0,4,0,6,6,1.0,1.0,0.0,0.0,1.0,1.0,2000
O43615,5,4,2,0,4,0,4,6,0.6666666666666666,0.6666666666666665,1.1105006845081086e-16,0.0,1.0000000000000002,1.0,2000
O43670,10,26,12,15,24,2,73,325,0.2246153846153846,0.2053753846153846,0.0114703381685821,0.01924,1.0936821130537702,0.0714642678660669,2000
O43670,15,26,12,15,24,2,95,325,0.2923076923076923,0.28128,0.0087921570823666,0.0110276923076923,1.039205390741227,0.1494252873563218,2000
O43670,20,26,12,15,24,2,116,325,0.3569230769230769,0.3560246153846154,0.006330429882456,0.0008984615384615,1.0025235938742352,0.5472263868065967,2000
O43670,25,26,12,15,24,2,132,325,0.4061538461538461,0.4082738461538461,0.0070109803566858,-0.00212,0.9948074067933288,0.6771614192903548,2000
O43670,30,26,12,15,24,2,141,325,0.4338461538461538,0.4463338461538461,0.0063172050914389,-0.0124876923076923,0.9720216326516544,0.9835082458770614,2000
O43670,5,26,12,15,24,2,45,325,0.1384615384615384,0.1216,0.0117982854940326,0.0168615384615384,1.138663967611336,0.0999500249875062,2000
O43707,10,3,3,2,3,0,0,3,0.0,0.0,0.0,0.0,inf,1.0,2000
O43707,15,3,3,2,3,0,0,3,0.0,0.0,0.0,0.0,inf,1.0,2000
O43707,20,3,3,2,3,0,0,3,0.0,0.0,0.0,0.0,inf,1.0,2000
O43707,25,3,3,2,3,0,0,3,0.0,0.0,0.0,0.0,inf,1.0,2000
O43707,30,3,3,2,3,0,0,3,0.0,0.0,0.0,0.0,inf,1.0,2000
O43707,5,3,3,2,3,0,0,3,0.0,0.0,0.0,0.0,inf,1.0,2000
O43823,10,4,1,0,4,0,5,6,0.8333333333333334,0.8333333333333335,1.1105006845081086e-16,0.0,1.0,1.0,2000
O43823,15,4,1,0,4,0,6,6,1.0,1.0,0.0,0.0,1.0,1.0,2000
O43823,20,4,1,0,4,0,6,6,1.0,1.0,0.0,0.0,1.0,1.0,2000
O43823,25,4,1,0,4,0,6,6,1.0,1.0,0.0,0.0,1.0,1.0,2000
O43823,30,4,1,0,4,0,6,6,1.0,1.0,0.0,0.0,1.0,1.0,2000
O43823,5,4,1,0,4,0,3,6,0.5,0.5,0.0,0.0,1.0,1.0,2000
O60293,10,4,4,2,4,0,2,6,0.3333333333333333,0.2213333333333333,0.0782670398790728,0.1119999999999999,1.506024096385542,0.328335832083958,2000
O60293,15,4,4,2,4,0,3,6,0.5,0.3339166666666667,0.1346615260032166,0.1660833333333333,1.4973795857249812,0.328335832083958,2000
O60293,20,4,4,2,4,0,3,6,0.5,0.4459166666666666,0.0780508033808662,0.0540833333333333,1.121285740982994,0.6756621689155422,2000
O60293,25,4,4,2,4,0,3,6,0.5,0.5,0.0,0.0,1.0,1.0,2000
O60293,30,4,4,2,4,0,3,6,0.5,0.5,0.0,0.0,1.0,1.0,2000
O60293,5,4,4,2,4,0,1,6,0.1666666666666666,0.1666666666666666,2.776251711270272e-17,0.0,1.0000000000000002,1.0,2000
O60296,10,5,2,0,5,0,8,10,0.8,0.8000000000000002,1.1105006845081086e-16,0.0,1.0,1.0,2000
O60296,15,5,2,0,5,0,9,10,0.9,0.9000000000000002,2.221001369016217e-16,0.0,0.9999999999999998,1.0,2000
O60296,20,5,2,0,5,0,10,10,1.0,1.0,0.0,0.0,1.0,1.0,2000
O60296,25,5,2,0,5,0,10,10,1.0,1.0,0.0,0.0,1.0,1.0,2000
O60296,30,5,2,0,5,0,10,10,1.0,1.0,0.0,0.0,1.0,1.0,2000
O60296,5,5,2,0,5,0,2,10,0.2,0.2,2.776251711270272e-17,0.0,1.0,1.0,2000
O60318,10,15,9,7,10,5,11,105,0.1047619047619047,0.1221285714285714,0.0099106630525078,-0.0173666666666666,0.8578001325691113,1.0,2000
O60318,15,15,9,7,10,5,18,105,0.1714285714285714,0.1719952380952381,0.0159630083497803,-0.0005666666666666,0.996705335142169,0.5662168915542228,2000
O60318,20,15,9,7,10,5,23,105,0.219047619047619,0.1920238095238095,0.0196897267443779,0.0270238095238095,1.1407315561066336,0.1464267866066966,2000
O60318,25,15,9,7,10,5,26,105,0.2476190476190476,0.2274095238095238,0.0251789257980739,0.0202095238095238,1.0888684144400704,0.2868565717141429,2000
O60318,30,15,9,7,10,5,30,105,0.2857142857142857,0.2481666666666666,0.0262984893958051,0.037547619047619,1.1513000095941666,0.1554222888555722,2000
O60318,5,15,9,7,10,5,5,105,0.0476190476190476,0.0582761904761904,0.0082270066085567,-0.0106571428571428,0.8171269815329301,1.0,2000
O60333,10,3,3,1,2,1,0,3,0.0,0.0,0.0,0.0,inf,1.0,2000
O60333,15,3,3,1,2,1,0,3,0.0,0.0,0.0,0.0,inf,1.0,2000
O60333,20,3,3,1,2,1,0,3,0.0,0.0,0.0,0.0,inf,1.0,2000
O60333,25,3,3,1,2,1,0,3,0.0,0.0,0.0,0.0,inf,1.0,2000
O60333,30,3,3,1,2,1,0,3,0.0,0.0,0.0,0.0,inf,1.0,2000
O60333,5,3,3,1,2,1,0,3,0.0,0.0,0.0,0.0,inf,1.0,2000
O60346,10,3,3,0,3,0,0,3,0.0,0.0,0.0,0.0,inf,1.0,2000
O60346,15,3,3,0,3,0,0,3,0.0,0.0,0.0,0.0,inf,1.0,2000
O60346,20,3,3,0,3,0,0,3,0.0,0.0,0.0,0.0,inf,1.0,2000
O60346,25,3,3,0,3,0,0,3,0.0,0.0,0.0,0.0,inf,1.0,2000
O60346,30,3,3,0,3,0,0,3,0.0,0.0,0.0,0.0,inf,1.0,2000
O60346,5,3,3,0,3,0,0,3,0.0,0.0,0.0,0.0,inf,1.0,2000
O60488,10,3,2,0,3,0,3,3,1.0,1.0,0.0,0.0,1.0,1.0,2000
O60488,15,3,2,0,3,0,3,3,1.0,1.0,0.0,0.0,1.0,1.0,2000
O60488,20,3,2,0,3,0,3,3,1.0,1.0,0.0,0.0,1.0,1.0,2000
O60488,25,3,2,0,3,0,3,3,1.0,1.0,0.0,0.0,1.0,1.0,2000
O60488,30,3,2,0,3,0,3,3,1.0,1.0,0.0,0.0,1.0,1.0,2000
O60488,5,3,2,0,3,0,2,3,0.6666666666666666,0.6666666666666665,1.1105006845081086e-16,0.0,1.0000000000000002,1.0,2000
O60502,10,3,3,0,1,2,1,3,0.3333333333333333,0.3333333333333332,5.552503422540543e-17,0.0,1.0000000000000002,1.0,2000
O60502,15,3,3,0,1,2,1,3,0.3333333333333333,0.3333333333333332,5.552503422540543e-17,0.0,1.0000000000000002,1.0,2000
O60502,20,3,3,0,1,2,2,3,0.6666666666666666,0.6666666666666665,1.1105006845081086e-16,0.0,1.0000000000000002,1.0,2000
O60502,25,3,3,0,1,2,2,3,0.6666666666666666,0.6666666666666665,1.1105006845081086e-16,0.0,1.0000000000000002,1.0,2000
O60502,30,3,3,0,1,2,3,3,1.0,1.0,0.0,0.0,1.0,1.0,2000
O60502,5,3,3,0,1,2,0,3,0.0,0.0,0.0,0.0,inf,1.0,2000
O60610,10,4,3,2,3,1,3,6,0.5,0.5,0.0,0.0,1.0,1.0,2000
O60610,15,4,3,2,3,1,3,6,0.5,0.5,0.0,0.0,1.0,1.0,2000
O60610,20,4,3,2,3,1,3,6,0.5,0.5,0.0,0.0,1.0,1.0,2000
O60610,25,4,3,2,3,1,3,6,0.5,0.5,0.0,0.0,1.0,1.0,2000
O60610,30,4,3,2,3,1,3,6,0.5,0.5,0.0,0.0,1.0,1.0,2000
O60610,5,4,3,2,3,1,3,6,0.5,0.4159999999999999,0.0833515071061611,0.084,1.201923076923077,0.4962518740629685,2000
O60641,10,3,2,1,3,0,1,3,0.3333333333333333,0.3333333333333332,5.552503422540543e-17,0.0,1.0000000000000002,1.0,2000
O60641,15,3,2,1,3,0,1,3,0.3333333333333333,0.3333333333333332,5.552503422540543e-17,0.0,1.0000000000000002,1.0,2000
O60641,20,3,2,1,3,0,1,3,0.3333333333333333,0.3333333333333332,5.552503422540543e-17,0.0,1.0000000000000002,1.0,2000
O60641,25,3,2,1,3,0,1,3,0.3333333333333333,0.3333333333333332,5.552503422540543e-17,0.0,1.0000000000000002,1.0,2000
O60641,30,3,2,1,3,0,1,3,0.3333333333333333,0.3333333333333332,5.552503422540543e-17,0.0,1.0000000000000002,1.0,2000
O60641,5,3,2,1,3,0,1,3,0.3333333333333333,0.3333333333333332,5.552503422540543e-17,0.0,1.0000000000000002,1.0,2000
O60664,10,11,7,1,6,5,8,55,0.1454545454545454,0.1489090909090909,0.0071345275806987,-0.0034545454545454,0.9768009768009766,1.0,2000
O60664,15,11,7,1,6,5,13,55,0.2363636363636363,0.2254636363636364,0.0089113143780134,0.0108999999999999,1.0483448248054512,0.4007996001999001,2000
O60664,20,11,7,1,6,5,14,55,0.2545454545454545,0.2510090909090908,0.0136297041358438,0.0035363636363636,1.0140885878816417,0.6031984007996002,2000
O60664,25,11,7,1,6,5,15,55,0.2727272727272727,0.2977545454545454,0.0147270009839569,-0.0250272727272726,0.9159466308429765,1.0,2000
O60664,30,11,7,1,6,5,18,55,0.3272727272727272,0.3163727272727272,0.0089113143780135,0.0109,1.0344530329588233,0.4007996001999001,2000
O60664,5,11,7,1,6,5,5,55,0.0909090909090909,0.0909090909090909,0.0,0.0,1.0,1.0,2000
O60675,10,10,7,2,9,1,25,45,0.5555555555555556,0.5627555555555555,0.0104026009754063,-0.0071999999999998,0.9872058126678253,1.0,2000
O60675,15,10,7,2,9,1,37,45,0.8222222222222222,0.8294222222222223,0.0104026009754064,-0.0072,0.991319258386025,1.0,2000
O60675,20,10,7,2,9,1,42,45,0.9333333333333332,0.9333333333333336,1.1105006845081086e-16,0.0,1.0,1.0,2000
O60675,25,10,7,2,9,1,45,45,1.0,1.0,0.0,0.0,1.0,1.0,2000
O60675,30,10,7,2,9,1,45,45,1.0,1.0,0.0,0.0,1.0,1.0,2000
O60675,5,10,7,2,9,1,14,45,0.3111111111111111,0.311111111111111,1.1105006845081086e-16,0.0,1.0000000000000004,1.0,2000
O60841,10,4,3,0,4,0,3,6,0.5,0.5,0.0,0.0,1.0,1.0,2000
O60841,15,4,3,0,4,0,3,6,0.5,0.5,0.0,0.0,1.0,1.0,2000
O60841,20,4,3,0,4,0,3,6,0.5,0.5,0.0,0.0,1.0,1.0,2000
O60841,25,4,3,0,4,0,3,6,0.5,0.5,0.0,0.0,1.0,1.0,2000
O60841,30,4,3,0,4,0,3,6,0.5,0.5,0.0,0.0,1.0,1.0,2000
O60841,5,4,3,0,4,0,3,6,0.5,0.5,0.0,0.0,1.0,1.0,2000
O60885,10,8,5,4,8,0,7,28,0.25,0.25,0.0,0.0,1.0,1.0,2000
O60885,15,8,5,4,8,0,7,28,0.25,0.25,0.0,0.0,1.0,1.0,2000
O60885,20,8,5,4,8,0,7,28,0.25,0.25,0.0,0.0,1.0,1.0,2000
O60885,25,8,5,4,8,0,7,28,0.25,0.25,0.0,0.0,1.0,1.0,2000
O60885,30,8,5,4,8,0,7,28,0.25,0.25,0.0,0.0,1.0,1.0,2000
O60885,5,8,5,4,8,0,7,28,0.25,0.25,0.0,0.0,1.0,1.0,2000
O75030,10,4,3,4,4,0,3,6,0.5,0.3660833333333333,0.1373587520653126,0.1339166666666666,1.3658092419758705,0.4572713643178411,2000
O75030,15,4,3,4,4,0,3,6,0.5,0.474,0.0604910151575482,0.026,1.0548523206751057,0.8440779610194903,2000
O75030,20,4,3,4,4,0,3,6,0.5,0.5,0.0,0.0,1.0,1.0,2000
O75030,25,4,3,4,4,0,3,6,0.5,0.5,0.0,0.0,1.0,1.0,2000
O75030,30,4,3,4,4,0,3,6,0.5,0.5,0.0,0.0,1.0,1.0,2000
O75030,5,4,3,4,4,0,3,6,0.5,0.2251666666666666,0.1490897473512901,0.2748333333333334,2.220577350111029,0.1754122938530734,2000
O75044,10,5,4,5,5,0,4,10,0.4,0.3335499999999999,0.075513234762604,0.06645,1.1992205066706645,0.5092453773113443,2000
O75044,15,5,4,5,5,0,4,10,0.4,0.4000000000000001,5.552503422540543e-17,0.0,1.0,1.0,2000
O75044,20,5,4,5,5,0,4,10,0.4,0.4000000000000001,5.552503422540543e-17,0.0,1.0,1.0,2000
O75044,25,5,4,5,5,0,4,10,0.4,0.4000000000000001,5.552503422540543e-17,0.0,1.0,1.0,2000
O75044,30,5,4,5,5,0,4,10,0.4,0.4000000000000001,5.552503422540543e-17,0.0,1.0,1.0,2000
O75044,5,5,4,5,5,0,2,10,0.2,0.2346,0.0966825411171967,-0.0346,0.8525149190110827,0.8500749625187406,2000
O75113,10,5,3,5,5,0,3,10,0.3,0.36665,0.0471581323286065,-0.0666499999999999,0.818219009954998,1.0,2000
O75113,15,5,3,5,5,0,4,10,0.4,0.4000000000000001,5.552503422540543e-17,0.0,1.0,1.0,2000
O75113,20,5,3,5,5,0,4,10,0.4,0.4000000000000001,5.552503422540543e-17,0.0,1.0,1.0,2000
O75113,25,5,3,5,5,0,4,10,0.4,0.4000000000000001,5.552503422540543e-17,0.0,1.0,1.0,2000
O75113,30,5,3,5,5,0,4,10,0.4,0.4000000000000001,5.552503422540543e-17,0.0,1.0,1.0,2000
O75113,5,5,3,5,5,0,2,10,0.2,0.20075,0.0876257761068006,-0.00075,0.99626400996264,0.6776611694152923,2000
O75116,10,6,2,0,5,1,8,15,0.5333333333333333,0.5333333333333332,1.1105006845081086e-16,0.0,1.0000000000000002,1.0,2000
O75116,15,6,2,0,5,1,10,15,0.6666666666666666,0.6666666666666665,1.1105006845081086e-16,0.0,1.0000000000000002,1.0,2000
O75116,20,6,2,0,5,1,10,15,0.6666666666666666,0.6666666666666665,1.1105006845081086e-16,0.0,1.0000000000000002,1.0,2000
O75116,25,6,2,0,5,1,10,15,0.6666666666666666,0.6666666666666665,1.1105006845081086e-16,0.0,1.0000000000000002,1.0,2000
O75116,30,6,2,0,5,1,10,15,0.6666666666666666,0.6666666666666665,1.1105006845081086e-16,0.0,1.0000000000000002,1.0,2000
O75116,5,6,2,0,5,1,4,15,0.2666666666666666,0.2666666666666666,5.552503422540543e-17,0.0,1.0000000000000002,1.0,2000
O75152,10,7,6,2,6,1,2,21,0.0952380952380952,0.0952380952380952,4.164377566905407e-17,0.0,0.9999999999999996,1.0,2000
O75152,15,7,6,2,6,1,3,21,0.1428571428571428,0.1428571428571428,5.552503422540543e-17,0.0,1.0000000000000004,1.0,2000
O75152,20,7,6,2,6,1,3,21,0.1428571428571428,0.1428571428571428,5.552503422540543e-17,0.0,1.0000000000000004,1.0,2000
O75152,25,7,6,2,6,1,3,21,0.1428571428571428,0.1428571428571428,5.552503422540543e-17,0.0,1.0000000000000004,1.0,2000
O75152,30,7,6,2,6,1,3,21,0.1428571428571428,0.1428571428571428,5.552503422540543e-17,0.0,1.0000000000000004,1.0,2000
O75152,5,7,6,2,6,1,1,21,0.0476190476190476,0.0476190476190476,2.0821887834527037e-17,0.0,0.9999999999999996,1.0,2000
O75157,10,10,6,6,7,3,10,45,0.2222222222222222,0.2272111111111111,0.040354898577081,-0.0049888888888889,0.978042936084894,0.6561719140429785,2000
O75157,15,10,6,6,7,3,11,45,0.2444444444444444,0.2943666666666666,0.04703020956432,-0.0499222222222222,0.8304080323104216,0.8705647176411794,2000
O75157,20,10,6,6,7,3,14,45,0.3111111111111111,0.3416111111111111,0.0348398291754127,-0.0304999999999999,0.9107171897869571,0.8570714642678661,2000
O75157,25,10,6,6,7,3,18,45,0.4,0.3910333333333333,0.0273292135286006,0.0089666666666666,1.0229306964453158,0.5087456271864068,2000
O75157,30,10,6,6,7,3,21,45,0.4666666666666667,0.4458333333333334,0.0323915556595227,0.0208333333333332,1.0467289719626167,0.3468265867066467,2000
O75157,5,10,6,6,7,3,6,45,0.1333333333333333,0.1205666666666666,0.0344455274061852,0.0127666666666666,1.105888858169754,0.4502748625687156,2000
O75170,10,7,4,6,5,2,3,21,0.1428571428571428,0.2117380952380952,0.0663446013769328,-0.0688809523809524,0.6746879568199706,1.0,2000
O75170,15,7,4,6,5,2,6,21,0.2857142857142857,0.3272857142857142,0.0583915707621173,-0.0415714285714285,0.8729812309035356,0.938030984507746,2000
O75170,20,7,4,6,5,2,11,21,0.5238095238095238,0.4938095238095238,0.0374471420245952,0.03,1.0607521697203472,0.4427786106946527,2000
O75170,25,7,4,6,5,2,11,21,0.5238095238095238,0.5355,0.0343547583569297,-0.0116904761904761,0.9781690453959364,0.8705647176411794,2000
O75170,30,7,4,6,5,2,13,21,0.6190476190476191,0.6066428571428569,0.0312569331116839,0.0124047619047621,1.0204482122532286,0.6206896551724138,2000
O75170,5,7,4,6,5,2,2,21,0.0952380952380952,0.1682857142857143,0.0636874875878182,-0.073047619047619,0.5659309564233164,1.0,2000
O75179,10,58,28,36,55,3,94,1653,0.0568663036902601,0.0523139745916515,0.0025427216299944,0.0045523290986085,1.087019369760046,0.0534732633683158,2000
O75179,15,58,28,36,55,3,127,1653,0.0768300060496067,0.0723024803387779,0.0021905340985478,0.0045275257108288,1.0626192308979552,0.0339830084957521,2000
O75179,20,58,28,36,55,3,151,1653,0.0913490623109497,0.0876185722928009,0.0027251396138705,0.0037304900181488,1.042576475746288,0.1144427786106946,2000
O75179,25,58,28,36,55,3,166,1653,0.1004234724742891,0.0983006654567453,0.0032205898327712,0.0021228070175438,1.021595042186952,0.2863568215892054,2000
O75179,30,58,28,36,55,3,183,1653,0.1107078039927404,0.1084458560193587,0.0029699151534311,0.0022619479733817,1.0208578553059506,0.2528735632183908,2000
O75179,5,58,28,36,55,3,58,1653,0.0350877192982456,0.0274948578342407,0.0020678898510775,0.0075928614640048,1.2761556909943013,0.0014992503748125,2000
O75335,10,3,3,0,1,2,0,3,0.0,0.0,0.0,0.0,inf,1.0,2000
O75335,15,3,3,0,1,2,0,3,0.0,0.0,0.0,0.0,inf,1.0,2000
O75335,20,3,3,0,1,2,1,3,0.3333333333333333,0.3333333333333332,5.552503422540543e-17,0.0,1.0000000000000002,1.0,2000
O75335,25,3,3,0,1,2,1,3,0.3333333333333333,0.3333333333333332,5.552503422540543e-17,0.0,1.0000000000000002,1.0,2000
O75335,30,3,3,0,1,2,1,3,0.3333333333333333,0.3333333333333332,5.552503422540543e-17,0.0,1.0000000000000002,1.0,2000
O75335,5,3,3,0,1,2,0,3,0.0,0.0,0.0,0.0,inf,1.0,2000
O75362,10,5,3,3,2,3,2,10,0.2,0.1328,0.0469602239274437,0.0672,1.5060240963855422,0.328335832083958,2000
O75362,15,5,3,3,2,3,2,10,0.2,0.1437,0.0496139171038247,0.0562999999999999,1.39178844815588,0.4372813593203398,2000
O75362,20,5,3,3,2,3,2,10,0.2,0.1552,0.0497413017375829,0.0448,1.288659793814433,0.552223888055972,2000
O75362,25,5,3,3,2,3,2,10,0.2,0.15895,0.0492047564167023,0.04105,1.2582573136206354,0.5897051474262869,2000
O75362,30,5,3,3,2,3,2,10,0.2,0.1766,0.0423478059447495,0.0233999999999999,1.132502831257078,0.7661169415292354,2000
O75362,5,5,3,3,2,3,2,10,0.2,0.1289,0.045341128227631,0.0711,1.5515903801396431,0.2893553223388306,2000
O75369,10,4,4,3,4,0,1,6,0.1666666666666666,0.2220833333333333,0.0785378142094434,-0.0554166666666666,0.7504690431519699,1.0,2000
O75369,15,4,4,3,4,0,3,6,0.5,0.3386666666666666,0.1170496821517414,0.1613333333333333,1.4763779527559058,0.2043978010994502,2000
O75369,20,4,4,3,4,0,3,6,0.5,0.5629166666666667,0.0808137958610248,-0.0629166666666667,0.8882309400444115,1.0,2000
O75369,25,4,4,3,4,0,4,6,0.6666666666666666,0.6593333333333332,0.1356461079425674,0.0073333333333334,1.0111223458038423,0.736631684157921,2000
O75369,30,4,4,3,4,0,4,6,0.6666666666666666,0.8004166666666668,0.1231267000239837,-0.1337500000000001,0.8328995314940134,1.0,2000
O75369,5,4,4,3,4,0,1,6,0.1666666666666666,0.103,0.0997573622406695,0.0636666666666666,1.6181229773462784,0.5572213893053474,2000
O75376,10,75,42,32,67,8,88,2775,0.0317117117117117,0.0300162162162162,0.0008006525397793,0.0016954954954955,1.0564859835524345,0.0309845077461269,2000
O75376,15,75,42,32,67,8,110,2775,0.0396396396396396,0.0389295495495495,0.0006763255440985,0.00071009009009,1.018240388042155,0.2208895552223888,2000
O75376,20,75,42,32,67,8,121,2775,0.0436036036036036,0.0437522522522522,0.0008543013917072,-0.0001486486486486,0.9966024915062288,0.5907046476761619,2000
O75376,25,75,42,32,67,8,129,2775,0.0464864864864864,0.0472228828828828,0.0007757316289039,-0.0007363963963963,0.9844059415384968,0.8600699650174912,2000
O75376,30,75,42,32,67,8,146,2775,0.0526126126126126,0.0543544144144144,0.0010694984228643,-0.0017418018018018,0.9679547315417332,0.9620189905047476,2000
O75376,5,75,42,32,67,8,52,2775,0.0187387387387387,0.0174073873873873,0.0008629134718398,0.0013313513513513,1.0764819741023277,0.1049475262368815,2000
O75643,10,10,10,1,9,1,3,45,0.0666666666666666,0.0553444444444444,0.0111118836927778,0.0113222222222222,1.2045773940975713,0.4907546226886556,2000
O75643,15,10,10,1,9,1,3,45,0.0666666666666666,0.0666666666666666,1.3881258556351357e-17,0.0,1.0000000000000002,1.0,2000
O75643,20,10,10,1,9,1,3,45,0.0666666666666666,0.0666666666666666,1.3881258556351357e-17,0.0,1.0000000000000002,1.0,2000
O75643,25,10,10,1,9,1,3,45,0.0666666666666666,0.0666666666666666,1.3881258556351357e-17,0.0,1.0000000000000002,1.0,2000
O75643,30,10,10,1,9,1,4,45,0.0888888888888888,0.1002111111111111,0.0111118836927778,-0.0113222222222222,0.8870162989244927,1.0,2000
O75643,5,10,10,1,9,1,3,45,0.0666666666666666,0.0496333333333333,0.0094036316504945,0.0170333333333333,1.343183344526528,0.2338830584707646,2000
O75694,10,4,3,3,4,0,1,6,0.1666666666666666,0.2798333333333334,0.0778295919902022,-0.1131666666666667,0.5955926146515782,1.0,2000
O75694,15,4,3,3,4,0,1,6,0.1666666666666666,0.33475,0.0951009033244626,-0.1680833333333333,0.4978839930296241,1.0,2000
O75694,20,4,3,3,4,0,3,6,0.5,0.5,0.0,0.0,1.0,1.0,2000
O75694,25,4,3,3,4,0,3,6,0.5,0.5,0.0,0.0,1.0,1.0,2000
O75694,30,4,3,3,4,0,3,6,0.5,0.5,0.0,0.0,1.0,1.0,2000
O75694,5,4,3,3,4,0,1,6,0.1666666666666666,0.0535,0.0778295919902022,0.1131666666666666,3.115264797507788,0.3213393303348326,2000
O75717,10,10,7,6,0,10,11,45,0.2444444444444444,0.2378777777777777,0.0363760843273442,0.0065666666666666,1.0276052127609885,0.6141929035482259,2000
O75717,15,10,7,6,0,10,16,45,0.3555555555555555,0.3257111111111111,0.0208793405623848,0.0298444444444444,1.091628573377908,0.1629185407296352,2000
O75717,20,10,7,6,0,10,17,45,0.3777777777777777,0.3848666666666667,0.0103601247391536,-0.0070888888888889,0.9815809226860672,1.0,2000
O75717,25,10,7,6,0,10,20,45,0.4444444444444444,0.4586222222222223,0.0207202494783073,-0.0141777777777779,0.9690861517588912,1.0,2000
O75717,30,10,7,6,0,10,22,45,0.4888888888888889,0.5002555555555556,0.0111109499182348,-0.0113666666666666,0.9772782799902272,1.0,2000
O75717,5,10,7,6,0,10,6,45,0.1333333333333333,0.133,0.0128224623650797,0.0003333333333333,1.0025062656641603,0.8260869565217391,2000
O75718,10,3,2,1,3,0,0,3,0.0,0.0,0.0,0.0,inf,1.0,2000
O75718,15,3,2,1,3,0,1,3,0.3333333333333333,0.3333333333333332,5.552503422540543e-17,0.0,1.0000000000000002,1.0,2000
O75718,20,3,2,1,3,0,1,3,0.3333333333333333,0.3333333333333332,5.552503422540543e-17,0.0,1.0000000000000002,1.0,2000
O75718,25,3,2,1,3,0,1,3,0.3333333333333333,0.3333333333333332,5.552503422540543e-17,0.0,1.0000000000000002,1.0,2000
O75718,30,3,2,1,3,0,1,3,0.3333333333333333,0.3333333333333332,5.552503422540543e-17,0.0,1.0000000000000002,1.0,2000
O75718,5,3,2,1,3,0,0,3,0.0,0.0,0.0,0.0,inf,1.0,2000
O75821,10,5,5,2,5,0,2,10,0.2,0.2,2.776251711270272e-17,0.0,1.0,1.0,2000
O75821,15,5,5,2,5,0,2,10,0.2,0.2,2.776251711270272e-17,0.0,1.0,1.0,2000
O75821,20,5,5,2,5,0,2,10,0.2,0.2,2.776251711270272e-17,0.0,1.0,1.0,2000
O75821,25,5,5,2,5,0,2,10,0.2,0.2,2.776251711270272e-17,0.0,1.0,1.0,2000
O75821,30,5,5,2,5,0,2,10,0.2,0.2,2.776251711270272e-17,0.0,1.0,1.0,2000
O75821,5,5,5,2,5,0,2,10,0.2,0.2,2.776251711270272e-17,0.0,1.0,1.0,2000
O75882,10,4,2,2,4,0,2,6,0.3333333333333333,0.3333333333333332,5.552503422540543e-17,0.0,1.0000000000000002,1.0,2000
O75882,15,4,2,2,4,0,2,6,0.3333333333333333,0.3333333333333332,5.552503422540543e-17,0.0,1.0000000000000002,1.0,2000
O75882,20,4,2,2,4,0,2,6,0.3333333333333333,0.3333333333333332,5.552503422540543e-17,0.0,1.0000000000000002,1.0,2000
O75882,25,4,2,2,4,0,2,6,0.3333333333333333,0.3333333333333332,5.552503422540543e-17,0.0,1.0000000000000002,1.0,2000
O75882,30,4,2,2,4,0,2,6,0.3333333333333333,0.3333333333333332,5.552503422540543e-17,0.0,1.0000000000000002,1.0,2000
O75882,5,4,2,2,4,0,2,6,0.3333333333333333,0.27825,0.0784184715024517,0.0550833333333333,1.1979634621144055,0.6696651674162919,2000
O75909,10,4,3,3,4,0,3,6,0.5,0.34625,0.1436493785606792,0.15375,1.444043321299639,0.4132933533233383,2000
O75909,15,4,3,3,4,0,3,6,0.5,0.4383333333333333,0.1031842534583041,0.0616666666666667,1.140684410646388,0.7051474262868566,2000
O75909,20,4,3,3,4,0,3,6,0.5,0.4879166666666666,0.0432298086118913,0.0120833333333333,1.0247651579846286,0.927536231884058,2000
O75909,25,4,3,3,4,0,3,6,0.5,0.5,0.0,0.0,1.0,1.0,2000
O75909,30,4,3,3,4,0,3,6,0.5,0.5,0.0,0.0,1.0,1.0,2000
O75909,5,4,3,3,4,0,3,6,0.5,0.1759999999999999,0.1398626417491687,0.324,2.840909090909092,0.1004497751124437,2000
O75920,10,3,2,2,3,0,1,3,0.3333333333333333,0.3333333333333332,5.552503422540543e-17,0.0,1.0000000000000002,1.0,2000
O75920,15,3,2,2,3,0,1,3,0.3333333333333333,0.3333333333333332,5.552503422540543e-17,0.0,1.0000000000000002,1.0,2000
O75920,20,3,2,2,3,0,1,3,0.3333333333333333,0.3333333333333332,5.552503422540543e-17,0.0,1.0000000000000002,1.0,2000
O75920,25,3,2,2,3,0,2,3,0.6666666666666666,0.6645,0.1928226192734502,0.0021666666666666,1.0032605969400552,0.8295852073963018,2000
O75920,30,3,2,2,3,0,3,3,1.0,1.0,0.0,0.0,1.0,1.0,2000
O75920,5,3,2,2,3,0,0,3,0.0,0.1695,0.1666842578677136,-0.1695,0.0,1.0,2000
O75923,10,3,2,2,2,1,1,3,0.3333333333333333,0.3333333333333332,5.552503422540543e-17,0.0,1.0000000000000002,1.0,2000
O75923,15,3,2,2,2,1,1,3,0.3333333333333333,0.3333333333333332,5.552503422540543e-17,0.0,1.0000000000000002,1.0,2000
O75923,20,3,2,2,2,1,1,3,0.3333333333333333,0.3333333333333332,5.552503422540543e-17,0.0,1.0000000000000002,1.0,2000
O75923,25,3,2,2,2,1,1,3,0.3333333333333333,0.3333333333333332,5.552503422540543e-17,0.0,1.0000000000000002,1.0,2000
O75923,30,3,2,2,2,1,1,3,0.3333333333333333,0.3333333333333332,5.552503422540543e-17,0.0,1.0000000000000002,1.0,2000
O75923,5,3,2,2,2,1,1,3,0.3333333333333333,0.2243333333333333,0.1564115264810794,0.109,1.485884101040119,0.6731634182908546,2000
O75976,10,3,3,1,3,0,1,3,0.3333333333333333,0.3333333333333332,5.552503422540543e-17,0.0,1.0000000000000002,1.0,2000
O75976,15,3,3,1,3,0,1,3,0.3333333333333333,0.3333333333333332,5.552503422540543e-17,0.0,1.0000000000000002,1.0,2000
O75976,20,3,3,1,3,0,1,3,0.3333333333333333,0.3333333333333332,5.552503422540543e-17,0.0,1.0000000000000002,1.0,2000
O75976,25,3,3,1,3,0,1,3,0.3333333333333333,0.3333333333333332,5.552503422540543e-17,0.0,1.0000000000000002,1.0,2000
O75976,30,3,3,1,3,0,1,3,0.3333333333333333,0.3333333333333332,5.552503422540543e-17,0.0,1.0000000000000002,1.0,2000
O75976,5,3,3,1,3,0,1,3,0.3333333333333333,0.3333333333333332,5.552503422540543e-17,0.0,1.0000000000000002,1.0,2000
O76070,10,8,7,4,8,0,6,28,0.2142857142857142,0.2080535714285714,0.0135583494733182,0.0062321428571428,1.0299545103424597,0.8255872063968016,2000
O76070,15,8,7,4,8,0,9,28,0.3214285714285714,0.3203214285714285,0.0462065562366008,0.0011071428571429,1.0034563496487905,0.6596701649175413,2000
O76070,20,8,7,4,8,0,13,28,0.4642857142857143,0.4765714285714285,0.0339777192578944,-0.0122857142857142,0.9742206235011992,0.8340829585207397,2000
O76070,25,8,7,4,8,0,15,28,0.5357142857142857,0.5713214285714284,0.0250060226944162,-0.0356071428571427,0.9376758142151655,1.0,2000
O76070,30,8,7,4,8,0,17,28,0.6071428571428571,0.6603392857142856,0.0535835136086558,-0.0531964285714284,0.9194407636766816,1.0,2000
O76070,5,8,7,4,8,0,4,28,0.1428571428571428,0.095375,0.0303737642668315,0.0474821428571428,1.4978468451600824,0.1679160419790105,2000
O94763,10,3,2,2,3,0,1,3,0.3333333333333333,0.3333333333333332,5.552503422540543e-17,0.0,1.0000000000000002,1.0,2000
O94763,15,3,2,2,3,0,1,3,0.3333333333333333,0.3333333333333332,5.552503422540543e-17,0.0,1.0000000000000002,1.0,2000
O94763,20,3,2,2,3,0,1,3,0.3333333333333333,0.3333333333333332,5.552503422540543e-17,0.0,1.0000000000000002,1.0,2000
O94763,25,3,2,2,3,0,1,3,0.3333333333333333,0.3333333333333332,5.552503422540543e-17,0.0,1.0000000000000002,1.0,2000
O94763,30,3,2,2,3,0,1,3,0.3333333333333333,0.3333333333333332,5.552503422540543e-17,0.0,1.0000000000000002,1.0,2000
O94763,5,3,2,2,3,0,1,3,0.3333333333333333,0.3333333333333332,5.552503422540543e-17,0.0,1.0000000000000002,1.0,2000
O94811,10,4,4,2,4,0,3,6,0.5,0.44875,0.0769289490261358,0.05125,1.1142061281337048,0.6926536731634183,2000
O94811,15,4,4,2,4,0,3,6,0.5,0.5,0.0,0.0,1.0,1.0,2000
O94811,20,4,4,2,4,0,3,6,0.5,0.5,0.0,0.0,1.0,1.0,2000
O94811,25,4,4,2,4,0,3,6,0.5,0.5,0.0,0.0,1.0,1.0,2000
O94811,30,4,4,2,4,0,3,6,0.5,0.5,0.0,0.0,1.0,1.0,2000
O94811,5,4,4,2,4,0,2,6,0.3333333333333333,0.2820833333333333,0.0769289490261358,0.0512499999999999,1.1816838995568684,0.6926536731634183,2000
O94842,10,15,8,2,14,1,29,105,0.2761904761904762,0.2859523809523809,0.0095232139693253,-0.0097619047619046,0.9658617818484598,1.0,2000
O94842,15,15,8,2,14,1,44,105,0.419047619047619,0.4063857142857143,0.0060693857733005,0.0126619047619047,1.031157356956211,0.0929535232383808,2000
O94842,20,15,8,2,14,1,56,105,0.5333333333333333,0.5169142857142857,0.0059171682915018,0.0164190476190476,1.0317635787456705,0.0934532733633183,2000
O94842,25,15,8,2,14,1,67,105,0.638095238095238,0.604990476190476,0.016873528481734,0.033104761904762,1.0547194761035203,0.1404297851074462,2000
O94842,30,15,8,2,14,1,79,105,0.7523809523809524,0.7196333333333332,0.0188180687882067,0.0327476190476191,1.0455059785737446,0.1834082958520739,2000
O94842,5,15,8,2,14,1,15,105,0.1428571428571428,0.1379761904761904,0.0047616069846626,0.0048809523809523,1.035375323554789,0.4877561219390305,2000
O94855,10,7,4,4,1,6,5,21,0.238095238095238,0.2551666666666666,0.055115783587134,-0.0170714285714285,0.9330969487729776,0.784607696151924,2000
O94855,15,7,4,4,1,6,7,21,0.3333333333333333,0.3006904761904762,0.0524933285616298,0.032642857142857,1.1085596642647872,0.3178410794602698,2000
O94855,20,7,4,4,1,6,7,21,0.3333333333333333,0.3244999999999999,0.055323510158224,0.0088333333333333,1.0272213662044172,0.5962018990504747,2000
O94855,25,7,4,4,1,6,8,21,0.3809523809523809,0.3647380952380952,0.0385651874388362,0.0162142857142857,1.0444545988641556,0.5482258870564718,2000
O94855,30,7,4,4,1,6,9,21,0.4285714285714285,0.4285714285714285,0.0,0.0,1.0,1.0,2000
O94855,5,7,4,4,1,6,2,21,0.0952380952380952,0.1364523809523809,0.0534530919431968,-0.0412142857142857,0.6979584714709474,0.9465267366316842,2000
O94900,10,3,2,1,3,0,3,3,1.0,0.6636666666666666,0.3334031942799725,0.3363333333333334,1.5067805123053744,0.495752123938031,2000
O94900,15,3,2,1,3,0,3,3,1.0,0.6636666666666666,0.3334031942799725,0.3363333333333334,1.5067805123053744,0.495752123938031,2000
O94900,20,3,2,1,3,0,3,3,1.0,1.0,0.0,0.0,1.0,1.0,2000
O94900,25,3,2,1,3,0,3,3,1.0,1.0,0.0,0.0,1.0,1.0,2000
O94900,30,3,2,1,3,0,3,3,1.0,1.0,0.0,0.0,1.0,1.0,2000
O94900,5,3,2,1,3,0,1,3,0.3333333333333333,0.3333333333333332,5.552503422540543e-17,0.0,1.0000000000000002,1.0,2000
O94905,10,3,2,0,3,0,1,3,0.3333333333333333,0.3333333333333332,5.552503422540543e-17,0.0,1.0000000000000002,1.0,2000
O94905,15,3,2,0,3,0,1,3,0.3333333333333333,0.3333333333333332,5.552503422540543e-17,0.0,1.0000000000000002,1.0,2000
O94905,20,3,2,0,3,0,1,3,0.3333333333333333,0.3333333333333332,5.552503422540543e-17,0.0,1.0000000000000002,1.0,2000
O94905,25,3,2,0,3,0,1,3,0.3333333333333333,0.3333333333333332,5.552503422540543e-17,0.0,1.0000000000000002,1.0,2000
O94905,30,3,2,0,3,0,1,3,0.3333333333333333,0.3333333333333332,5.552503422540543e-17,0.0,1.0000000000000002,1.0,2000
O94905,5,3,2,0,3,0,1,3,0.3333333333333333,0.3333333333333332,5.552503422540543e-17,0.0,1.0000000000000002,1.0,2000
O94906,10,4,3,0,4,0,1,6,0.1666666666666666,0.1666666666666666,2.776251711270272e-17,0.0,1.0000000000000002,1.0,2000
O94906,15,4,3,0,4,0,1,6,0.1666666666666666,0.1666666666666666,2.776251711270272e-17,0.0,1.0000000000000002,1.0,2000
O94906,20,4,3,0,4,0,1,6,0.1666666666666666,0.1666666666666666,2.776251711270272e-17,0.0,1.0000000000000002,1.0,2000
O94906,25,4,3,0,4,0,1,6,0.1666666666666666,0.1666666666666666,2.776251711270272e-17,0.0,1.0000000000000002,1.0,2000
O94906,30,4,3,0,4,0,1,6,0.1666666666666666,0.1666666666666666,2.776251711270272e-17,0.0,1.0000000000000002,1.0,2000
O94906,5,4,3,0,4,0,1,6,0.1666666666666666,0.1666666666666666,2.776251711270272e-17,0.0,1.0000000000000002,1.0,2000
O94913,10,6,2,6,6,0,11,15,0.7333333333333333,0.726,0.0954736836976874,0.0073333333333333,1.0101010101010102,0.5247376311844077,2000
O94913,15,6,2,6,6,0,14,15,0.9333333333333332,0.9384333333333336,0.0472298728137029,-0.0051000000000001,0.9945654104358328,0.784607696151924,2000
O94913,20,6,2,6,6,0,15,15,1.0,1.0,0.0,0.0,1.0,1.0,2000
O94913,25,6,2,6,6,0,15,15,1.0,1.0,0.0,0.0,1.0,1.0,2000
O94913,30,6,2,6,6,0,15,15,1.0,1.0,0.0,0.0,1.0,1.0,2000
O94913,5,6,2,6,6,0,8,15,0.5333333333333333,0.4447666666666666,0.0891560926065564,0.0885666666666666,1.1991306302930376,0.2348825587206396,2000
O94979,10,16,12,10,9,7,7,120,0.0583333333333333,0.0479083333333333,0.0098484958971265,0.010425,1.217603061401983,0.2513743128435782,2000
O94979,15,16,12,10,9,7,10,120,0.0833333333333333,0.0639791666666666,0.0105780807165488,0.0193541666666666,1.302507326603712,0.0999500249875062,2000
O94979,20,16,12,10,9,7,11,120,0.0916666666666666,0.0772124999999999,0.0104176371067051,0.0144541666666666,1.1871998273163888,0.1619190404797601,2000
O94979,25,16,12,10,9,7,11,120,0.0916666666666666,0.0883458333333333,0.0075558513216312,0.0033208333333333,1.0375890204216385,0.5232383808095952,2000
O94979,30,16,12,10,9,7,11,120,0.0916666666666666,0.0951916666666666,0.0065848267904949,-0.003525,0.9629694476057078,0.935032483758121,2000
O94979,5,16,12,10,9,7,3,120,0.025,0.0168708333333333,0.0072278199415328,0.0081291666666666,1.481847369720919,0.2628685657171414,2000
O95081,10,11,4,9,11,0,23,55,0.4181818181818181,0.3931454545454545,0.0213321569206959,0.0250363636363636,1.0636821902603708,0.2268865567216391,2000
O95081,15,11,4,9,11,0,28,55,0.509090909090909,0.4888272727272726,0.0161171603154814,0.0202636363636363,1.0414535716278293,0.271864067966017,2000
O95081,20,11,4,9,11,0,30,55,0.5454545454545454,0.5295090909090909,0.0114280868194449,0.0159454545454544,1.0301136558733646,0.2473763118440779,2000
O95081,25,11,4,9,11,0,31,55,0.5636363636363636,0.5619363636363637,0.0052946300591091,0.0016999999999999,1.0030252535874329,0.9065467266366816,2000
O95081,30,11,4,9,11,0,31,55,0.5636363636363636,0.5636363636363635,1.1105006845081086e-16,0.0,1.0000000000000002,1.0,2000
O95081,5,11,4,9,11,0,12,55,0.2181818181818181,0.1820636363636363,0.0261360137555251,0.0361181818181818,1.1983821840515303,0.1999000499750124,2000
O95104,10,3,3,3,1,2,1,3,0.3333333333333333,0.1183333333333333,0.176419656730688,0.2149999999999999,2.816901408450704,0.3298350824587706,2000
O95104,15,3,3,3,1,2,1,3,0.3333333333333333,0.239,0.2606011444300257,0.0943333333333333,1.394700139470014,0.5482258870564718,2000
O95104,20,3,3,3,1,2,1,3,0.3333333333333333,0.2851666666666666,0.2798754159578188,0.0481666666666666,1.168907071887785,0.6281859070464768,2000
O95104,25,3,3,3,1,2,1,3,0.3333333333333333,0.3693333333333332,0.3130099196944655,-0.0359999999999999,0.9025270758122744,0.7226386806596702,2000
O95104,30,3,3,3,1,2,1,3,0.3333333333333333,0.4506666666666666,0.3232759885817501,-0.1173333333333332,0.7396449704142013,0.8425787106446777,2000
O95104,5,3,3,3,1,2,1,3,0.3333333333333333,0.0816666666666666,0.1433982541993851,0.2516666666666666,4.0816326530612255,0.2453773113443278,2000
O95197,10,3,3,2,3,0,1,3,0.3333333333333333,0.3333333333333332,5.552503422540543e-17,0.0,1.0000000000000002,1.0,2000
O95197,15,3,3,2,3,0,1,3,0.3333333333333333,0.3333333333333332,5.552503422540543e-17,0.0,1.0000000000000002,1.0,2000
O95197,20,3,3,2,3,0,1,3,0.3333333333333333,0.3333333333333332,5.552503422540543e-17,0.0,1.0000000000000002,1.0,2000
O95197,25,3,3,2,3,0,1,3,0.3333333333333333,0.3333333333333332,5.552503422540543e-17,0.0,1.0000000000000002,1.0,2000
O95197,30,3,3,2,3,0,1,3,0.3333333333333333,0.3333333333333332,5.552503422540543e-17,0.0,1.0000000000000002,1.0,2000
O95197,5,3,3,2,3,0,0,3,0.0,0.2188333333333333,0.1583317755292278,-0.2188333333333333,0.0,1.0,2000
O95232,10,3,2,3,3,0,1,3,0.3333333333333333,0.3333333333333332,5.552503422540543e-17,0.0,1.0000000000000002,1.0,2000
O95232,15,3,2,3,3,0,1,3,0.3333333333333333,0.3333333333333332,5.552503422540543e-17,0.0,1.0000000000000002,1.0,2000
O95232,20,3,2,3,3,0,1,3,0.3333333333333333,0.3333333333333332,5.552503422540543e-17,0.0,1.0000000000000002,1.0,2000
O95232,25,3,2,3,3,0,1,3,0.3333333333333333,0.3333333333333332,5.552503422540543e-17,0.0,1.0000000000000002,1.0,2000
O95232,30,3,2,3,3,0,1,3,0.3333333333333333,0.3333333333333332,5.552503422540543e-17,0.0,1.0000000000000002,1.0,2000
O95232,5,3,2,3,3,0,1,3,0.3333333333333333,0.2781666666666666,0.1239080480839229,0.0551666666666667,1.1983223487118035,0.8345827086456772,2000
O95255,10,3,2,1,0,3,3,3,1.0,0.784,0.3120780292621928,0.2159999999999999,1.2755102040816326,0.6761619190404797,2000
O95255,15,3,2,1,0,3,3,3,1.0,0.8919999999999999,0.1560390146310964,0.1080000000000001,1.1210762331838566,0.6761619190404797,2000
O95255,20,3,2,1,0,3,3,3,1.0,1.0,0.0,0.0,1.0,1.0,2000
O95255,25,3,2,1,0,3,3,3,1.0,1.0,0.0,0.0,1.0,1.0,2000
O95255,30,3,2,1,0,3,3,3,1.0,1.0,0.0,0.0,1.0,1.0,2000
O95255,5,3,2,1,0,3,1,3,0.3333333333333333,0.3333333333333332,5.552503422540543e-17,0.0,1.0000000000000002,1.0,2000
O95292,10,5,4,2,5,0,4,10,0.4,0.4505,0.0500100040017007,-0.0505,0.8879023307436181,1.0,2000
O95292,15,5,4,2,5,0,6,10,0.6,0.5999999999999998,2.221001369016217e-16,0.0,1.0000000000000004,1.0,2000
O95292,20,5,4,2,5,0,6,10,0.6,0.5999999999999998,2.221001369016217e-16,0.0,1.0000000000000004,1.0,2000
O95292,25,5,4,2,5,0,6,10,0.6,0.5999999999999998,2.221001369016217e-16,0.0,1.0000000000000004,1.0,2000
O95292,30,5,4,2,5,0,6,10,0.6,0.5999999999999998,2.221001369016217e-16,0.0,1.0000000000000004,1.0,2000
O95292,5,5,4,2,5,0,3,10,0.3,0.2999999999999999,1.1105006845081086e-16,0.0,1.0000000000000004,1.0,2000
O95425,10,6,5,5,4,2,3,15,0.2,0.1892,0.0245695305391751,0.0107999999999999,1.0570824524312894,0.8380809595202399,2000
O95425,15,6,5,5,4,2,3,15,0.2,0.2,2.776251711270272e-17,0.0,1.0,1.0,2000
O95425,20,6,5,5,4,2,3,15,0.2,0.2167,0.0288939572179926,-0.0167,0.9229349330872172,1.0,2000
O95425,25,6,5,5,4,2,6,15,0.4,0.3009333333333333,0.059224566948359,0.0990666666666666,1.329198050509526,0.1404297851074462,2000
O95425,30,6,5,5,4,2,6,15,0.4,0.3688,0.0431630290769207,0.0312,1.084598698481562,0.617191404297851,2000
O95425,5,6,5,5,4,2,3,15,0.2,0.1338999999999999,0.0543552156371005,0.0661,1.4936519790888727,0.336831584207896,2000
O95486,10,11,2,7,11,0,34,55,0.6181818181818182,0.5703727272727271,0.0351718369698652,0.047809090909091,1.0838207870451542,0.2473763118440779,2000
O95486,15,11,2,7,11,0,46,55,0.8363636363636363,0.7704272727272726,0.0313259694288886,0.0659363636363636,1.0855841504714032,0.1234382808595702,2000
O95486,20,11,2,7,11,0,53,55,0.9636363636363636,0.9160545454545456,0.0237839211142209,0.0475818181818181,1.051942123335252,0.1234382808595702,2000
O95486,25,11,2,7,11,0,55,55,1.0,0.9728,0.0128079535730704,0.0272,1.0279605263157894,0.1234382808595702,2000
O95486,30,11,2,7,11,0,55,55,1.0,1.0,0.0,0.0,1.0,1.0,2000
O95486,5,11,2,7,11,0,17,55,0.3090909090909091,0.2794545454545454,0.0180869780781525,0.0296363636363636,1.1060507482108002,0.1234382808595702,2000
O95487,10,35,16,20,28,7,65,595,0.1092436974789916,0.1121277310924369,0.0050164050904641,-0.0028840336134453,0.9742790335151988,0.743128435782109,2000
O95487,15,35,16,20,28,7,96,595,0.161344537815126,0.1606882352941176,0.0035138493826172,0.0006563025210084,1.0040843221646385,0.4802598700649675,2000
O95487,20,35,16,20,28,7,127,595,0.2134453781512605,0.2139949579831933,0.0053613601010126,-0.0005495798319328,0.9974318094355475,0.5847076461769115,2000
O95487,25,35,16,20,28,7,154,595,0.2588235294117647,0.2596336134453781,0.0060753942106483,-0.0008100840336133,0.9968798953923436,0.5882058970514743,2000
O95487,30,35,16,20,28,7,181,595,0.3042016806722689,0.3106319327731091,0.0063155684312972,-0.0064302521008402,0.9792994492116912,0.8730634682658671,2000
O95487,5,35,16,20,28,7,32,595,0.053781512605042,0.0571109243697479,0.0041664783688677,-0.0033294117647058,0.941702716223772,0.8440779610194903,2000
O95613,10,4,4,0,4,0,1,6,0.1666666666666666,0.1666666666666666,2.776251711270272e-17,0.0,1.0000000000000002,1.0,2000
O95613,15,4,4,0,4,0,1,6,0.1666666666666666,0.1666666666666666,2.776251711270272e-17,0.0,1.0000000000000002,1.0,2000
O95613,20,4,4,0,4,0,1,6,0.1666666666666666,0.1666666666666666,2.776251711270272e-17,0.0,1.0000000000000002,1.0,2000
O95613,25,4,4,0,4,0,1,6,0.1666666666666666,0.1666666666666666,2.776251711270272e-17,0.0,1.0000000000000002,1.0,2000
O95613,30,4,4,0,4,0,1,6,0.1666666666666666,0.1666666666666666,2.776251711270272e-17,0.0,1.0000000000000002,1.0,2000
O95613,5,4,4,0,4,0,1,6,0.1666666666666666,0.1666666666666666,2.776251711270272e-17,0.0,1.0000000000000002,1.0,2000
O95628,10,14,7,7,13,1,21,91,0.2307692307692307,0.216467032967033,0.0171858458607876,0.0143021978021977,1.0660710206360888,0.2593703148425787,2000
O95628,15,14,7,7,13,1,30,91,0.3296703296703296,0.3099395604395604,0.0182829661062604,0.0197307692307692,1.063660054246663,0.1999000499750124,2000
O95628,20,14,7,7,13,1,34,91,0.3736263736263736,0.3575274725274724,0.0183129933811437,0.0160989010989011,1.045028430920547,0.2753623188405797,2000
O95628,25,14,7,7,13,1,38,91,0.4175824175824176,0.4105824175824177,0.018284787419893,0.0069999999999998,1.0170489521719346,0.408295852073963,2000
O95628,30,14,7,7,13,1,43,91,0.4725274725274725,0.4483846153846155,0.0238477889065372,0.024142857142857,1.0538440800921498,0.2008995502248875,2000
O95628,5,14,7,7,13,1,11,91,0.1208791208791208,0.104543956043956,0.0138112570612872,0.0163351648351648,1.156251642402901,0.1894052973513243,2000
O95677,10,7,4,6,7,0,7,21,0.3333333333333333,0.2768571428571429,0.063304462517684,0.0564761904761904,1.2039903680770552,0.2598700649675162,2000
O95677,15,7,4,6,7,0,9,21,0.4285714285714285,0.3658571428571428,0.0698652297336075,0.0627142857142857,1.1714174150722374,0.2813593203398301,2000
O95677,20,7,4,6,7,0,10,21,0.4761904761904761,0.4531190476190476,0.0579408565447807,0.0230714285714285,1.0509169250170771,0.543728135932034,2000
O95677,25,7,4,6,7,0,11,21,0.5238095238095238,0.4973095238095238,0.0389529142227026,0.0264999999999999,1.0532867333748264,0.6301849075462269,2000
O95677,30,7,4,6,7,0,11,21,0.5238095238095238,0.5178333333333333,0.0157794214510281,0.0059761904761905,1.0115407604947355,0.8745627186406797,2000
O95677,5,7,4,6,7,0,2,21,0.0952380952380952,0.1535238095238095,0.0645364136553595,-0.0582857142857142,0.620347394540943,0.9235382308845578,2000
O95721,10,4,4,4,4,0,0,6,0.0,0.0,0.0,0.0,inf,1.0,2000
O95721,15,4,4,4,4,0,0,6,0.0,0.0833333333333333,0.0833541744824233,-0.0833333333333333,0.0,1.0,2000
O95721,20,4,4,4,4,0,0,6,0.0,0.1091666666666666,0.0792478608232162,-0.1091666666666666,0.0,1.0,2000
O95721,25,4,4,4,4,0,1,6,0.1666666666666666,0.1666666666666666,2.776251711270272e-17,0.0,1.0000000000000002,1.0,2000
O95721,30,4,4,4,4,0,1,6,0.1666666666666666,0.1666666666666666,2.776251711270272e-17,0.0,1.0000000000000002,1.0,2000
O95721,5,4,4,4,4,0,0,6,0.0,0.0,0.0,0.0,inf,1.0,2000
O95789,10,6,4,2,6,0,2,15,0.1333333333333333,0.169,0.0332598823893733,-0.0356666666666666,0.7889546351084812,1.0,2000
O95789,15,6,4,2,6,0,3,15,0.2,0.1864666666666667,0.0268222077116029,0.0135333333333333,1.0725777618877368,0.7971014492753623,2000
O95789,20,6,4,2,6,0,3,15,0.2,0.2,2.776251711270272e-17,0.0,1.0,1.0,2000
O95789,25,6,4,2,6,0,3,15,0.2,0.2,2.776251711270272e-17,0.0,1.0,1.0,2000
O95789,30,6,4,2,6,0,3,15,0.2,0.2,2.776251711270272e-17,0.0,1.0,1.0,2000
O95789,5,6,4,2,6,0,2,15,0.1333333333333333,0.1558666666666666,0.0315431227910112,-0.0225333333333333,0.855431993156544,1.0,2000
O95817,10,10,6,6,8,2,7,45,0.1555555555555555,0.1070666666666666,0.0133713721931605,0.0484888888888888,1.45288501452885,0.0109945027486256,2000
O95817,15,10,6,6,8,2,8,45,0.1777777777777777,0.1282222222222222,0.0175880600156112,0.0495555555555555,1.386481802426343,0.0189905047476261,2000
O95817,20,10,6,6,8,2,10,45,0.2222222222222222,0.2058777777777778,0.0149528664094887,0.0163444444444444,1.0793890657887637,0.3893053473263368,2000
O95817,25,10,6,6,8,2,12,45,0.2666666666666666,0.2615444444444444,0.0093612935488881,0.0051222222222221,1.0195845193083817,0.769615192403798,2000
O95817,30,10,6,6,8,2,16,45,0.3555555555555555,0.2877999999999999,0.02520280330342,0.0677555555555556,1.2354258358427923,0.0364817591204397,2000
O95817,5,10,6,6,8,2,3,45,0.0666666666666666,0.0623777777777777,0.023510550878934,0.0042888888888888,1.0687566797292485,0.5792103948025987,2000
O95835,10,5,2,1,4,1,9,10,0.9,0.85175,0.1115937457120291,0.04825,1.0566480774875258,0.5122438780609695,2000
O95835,15,5,2,1,4,1,10,10,1.0,0.9754,0.0430786244434751,0.0246,1.025220422390814,0.7541229385307346,2000
O95835,20,5,2,1,4,1,10,10,1.0,1.0,0.0,0.0,1.0,1.0,2000
O95835,25,5,2,1,4,1,10,10,1.0,1.0,0.0,0.0,1.0,1.0,2000
O95835,30,5,2,1,4,1,10,10,1.0,1.0,0.0,0.0,1.0,1.0,2000
O95835,5,5,2,1,4,1,6,10,0.6,0.6015,0.1222506548502119,-0.0015,0.997506234413965,0.5122438780609695,2000
O95865,10,4,3,4,4,0,1,6,0.1666666666666666,0.1666666666666666,2.776251711270272e-17,0.0,1.0000000000000002,1.0,2000
O95865,15,4,3,4,4,0,1,6,0.1666666666666666,0.1666666666666666,2.776251711270272e-17,0.0,1.0000000000000002,1.0,2000
O95865,20,4,3,4,4,0,1,6,0.1666666666666666,0.1666666666666666,2.776251711270272e-17,0.0,1.0000000000000002,1.0,2000
O95865,25,4,3,4,4,0,1,6,0.1666666666666666,0.1666666666666666,2.776251711270272e-17,0.0,1.0000000000000002,1.0,2000
O95865,30,4,3,4,4,0,1,6,0.1666666666666666,0.1666666666666666,2.776251711270272e-17,0.0,1.0000000000000002,1.0,2000
O95865,5,4,3,4,4,0,1,6,0.1666666666666666,0.1121666666666666,0.0782057632405397,0.0545,1.485884101040119,0.6731634182908546,2000
O96028,10,3,3,2,3,0,1,3,0.3333333333333333,0.3333333333333332,5.552503422540543e-17,0.0,1.0000000000000002,1.0,2000
O96028,15,3,3,2,3,0,1,3,0.3333333333333333,0.3333333333333332,5.552503422540543e-17,0.0,1.0000000000000002,1.0,2000
O96028,20,3,3,2,3,0,1,3,0.3333333333333333,0.3333333333333332,5.552503422540543e-17,0.0,1.0000000000000002,1.0,2000
O96028,25,3,3,2,3,0,1,3,0.3333333333333333,0.3333333333333332,5.552503422540543e-17,0.0,1.0000000000000002,1.0,2000
O96028,30,3,3,2,3,0,1,3,0.3333333333333333,0.3333333333333332,5.552503422540543e-17,0.0,1.0000000000000002,1.0,2000
O96028,5,3,3,2,3,0,1,3,0.3333333333333333,0.2936666666666666,0.1079564962395405,0.0396666666666666,1.135073779795687,0.8810594702648675,2000
P00533,10,7,6,4,7,0,3,21,0.1428571428571428,0.1469047619047619,0.0413532998745813,-0.004047619047619,0.9724473257698542,0.6621689155422289,2000
P00533,15,7,6,4,7,0,4,21,0.1904761904761904,0.1663571428571428,0.0303105741846606,0.0241190476190476,1.1449835408616005,0.5712143928035982,2000
P00533,20,7,6,4,7,0,6,21,0.2857142857142857,0.273547619047619,0.0207738556393935,0.0121666666666667,1.0444773261380451,0.7446276861569215,2000
P00533,25,7,6,4,7,0,6,21,0.2857142857142857,0.3099523809523809,0.0238116200034875,-0.0242380952380952,0.9218005838070364,1.0,2000
P00533,30,7,6,4,7,0,6,21,0.2857142857142857,0.3577142857142856,0.0354796600023906,-0.0719999999999999,0.7987220447284346,1.0,2000
P00533,5,7,6,4,7,0,2,21,0.0952380952380952,0.0944761904761904,0.0437775914496558,0.0007619047619047,1.0080645161290325,0.6506746626686657,2000
P00966,10,3,1,3,3,0,3,3,1.0,1.0,0.0,0.0,1.0,1.0,2000
P00966,15,3,1,3,3,0,3,3,1.0,1.0,0.0,0.0,1.0,1.0,2000
P00966,20,3,1,3,3,0,3,3,1.0,1.0,0.0,0.0,1.0,1.0,2000
P00966,25,3,1,3,3,0,3,3,1.0,1.0,0.0,0.0,1.0,1.0,2000
P00966,30,3,1,3,3,0,3,3,1.0,1.0,0.0,0.0,1.0,1.0,2000
P00966,5,3,1,3,3,0,3,3,1.0,0.5059999999999999,0.2921301137079176,0.4940000000000001,1.9762845849802373,0.2593703148425787,2000
P01100,10,3,2,3,3,0,1,3,0.3333333333333333,0.0646666666666666,0.1318425917990234,0.2686666666666666,5.154639175257732,0.1944027986006996,2000
P01100,15,3,2,3,3,0,1,3,0.3333333333333333,0.4059999999999999,0.2156863315793293,-0.0726666666666666,0.8210180623973728,0.9110444777611194,2000
P01100,20,3,2,3,3,0,1,3,0.3333333333333333,0.5353333333333332,0.2218571844794587,-0.2019999999999999,0.6226650062266501,1.0,2000
P01100,25,3,2,3,3,0,1,3,0.3333333333333333,0.5353333333333332,0.2218571844794587,-0.2019999999999999,0.6226650062266501,1.0,2000
P01100,30,3,2,3,3,0,3,3,1.0,0.7711666666666668,0.2189453170525987,0.2288333333333332,1.2967365463583314,0.4217891054472764,2000
P01100,5,3,2,3,3,0,1,3,0.3333333333333333,0.0646666666666666,0.1318425917990234,0.2686666666666666,5.154639175257732,0.1944027986006996,2000
P02545,10,27,15,4,27,0,51,351,0.1452991452991453,0.1467307692307692,0.0014248398726278,-0.0014316239316239,0.9902431920780546,1.0,2000
P02545,15,27,15,4,27,0,78,351,0.2222222222222222,0.2222222222222223,8.328755133810814e-17,0.0,0.9999999999999996,1.0,2000
P02545,20,27,15,4,27,0,99,351,0.282051282051282,0.282051282051282,5.552503422540543e-17,0.0,1.0000000000000002,1.0,2000
P02545,25,27,15,4,27,0,112,351,0.3190883190883191,0.319088319088319,5.552503422540543e-17,0.0,1.0000000000000002,1.0,2000
P02545,30,27,15,4,27,0,124,351,0.3532763532763532,0.3532763532763532,0.0,0.0,1.0,1.0,2000
P02545,5,27,15,4,27,0,29,351,0.0826210826210826,0.0868319088319088,0.0021935701390602,-0.0042108262108262,0.9515060043309927,1.0,2000
P02549,10,3,3,2,3,0,0,3,0.0,0.0,0.0,0.0,inf,1.0,2000
P02549,15,3,3,2,3,0,0,3,0.0,0.0,0.0,0.0,inf,1.0,2000
P02549,20,3,3,2,3,0,0,3,0.0,0.0,0.0,0.0,inf,1.0,2000
P02549,25,3,3,2,3,0,0,3,0.0,0.0,0.0,0.0,inf,1.0,2000
P02549,30,3,3,2,3,0,0,3,0.0,0.0,0.0,0.0,inf,1.0,2000
P02549,5,3,3,2,3,0,0,3,0.0,0.0,0.0,0.0,inf,1.0,2000
P02730,10,3,3,0,3,0,0,3,0.0,0.0,0.0,0.0,inf,1.0,2000
P02730,15,3,3,0,3,0,0,3,0.0,0.0,0.0,0.0,inf,1.0,2000
P02730,20,3,3,0,3,0,0,3,0.0,0.0,0.0,0.0,inf,1.0,2000
P02730,25,3,3,0,3,0,0,3,0.0,0.0,0.0,0.0,inf,1.0,2000
P02730,30,3,3,0,3,0,0,3,0.0,0.0,0.0,0.0,inf,1.0,2000
P02730,5,3,3,0,3,0,0,3,0.0,0.0,0.0,0.0,inf,1.0,2000
P02786,10,5,5,1,5,0,1,10,0.1,0.1,1.3881258556351357e-17,0.0,1.0,1.0,2000
P02786,15,5,5,1,5,0,1,10,0.1,0.1,1.3881258556351357e-17,0.0,1.0,1.0,2000
P02786,20,5,5,1,5,0,1,10,0.1,0.1,1.3881258556351357e-17,0.0,1.0,1.0,2000
P02786,25,5,5,1,5,0,1,10,0.1,0.1,1.3881258556351357e-17,0.0,1.0,1.0,2000
P02786,30,5,5,1,5,0,1,10,0.1,0.1,1.3881258556351357e-17,0.0,1.0,1.0,2000
P02786,5,5,5,1,5,0,1,10,0.1,0.1,1.3881258556351357e-17,0.0,1.0,1.0,2000
P04040,10,3,3,2,3,0,0,3,0.0,0.0,0.0,0.0,inf,1.0,2000
P04040,15,3,3,2,3,0,0,3,0.0,0.0,0.0,0.0,inf,1.0,2000
P04040,20,3,3,2,3,0,0,3,0.0,0.0,0.0,0.0,inf,1.0,2000
P04040,25,3,3,2,3,0,0,3,0.0,0.0,0.0,0.0,inf,1.0,2000
P04040,30,3,3,2,3,0,0,3,0.0,0.0,0.0,0.0,inf,1.0,2000
P04040,5,3,3,2,3,0,0,3,0.0,0.0,0.0,0.0,inf,1.0,2000
P04150,10,7,2,6,6,1,15,21,0.7142857142857143,0.7430714285714286,0.0566003241713979,-0.0287857142857143,0.9612611746611556,0.863568215892054,2000
P04150,15,7,2,6,6,1,19,21,0.9047619047619048,0.9191190476190478,0.0218582892919993,-0.014357142857143,0.9843794523741676,1.0,2000
P04150,20,7,2,6,6,1,21,21,1.0,1.0,0.0,0.0,1.0,1.0,2000
P04150,25,7,2,6,6,1,21,21,1.0,1.0,0.0,0.0,1.0,1.0,2000
P04150,30,7,2,6,6,1,21,21,1.0,1.0,0.0,0.0,1.0,1.0,2000
P04150,5,7,2,6,6,1,8,21,0.3809523809523809,0.3821666666666666,0.0361760096136054,-0.0012142857142857,0.9968226278736528,0.7241379310344828,2000
P04792,10,7,6,1,7,0,8,21,0.3809523809523809,0.3809523809523811,1.6657510267621627e-16,0.0,0.9999999999999996,1.0,2000
P04792,15,7,6,1,7,0,12,21,0.5714285714285714,0.5714285714285712,2.221001369016217e-16,0.0,1.0000000000000004,1.0,2000
P04792,20,7,6,1,7,0,13,21,0.6190476190476191,0.6190476190476188,2.221001369016217e-16,0.0,1.0000000000000004,1.0,2000
P04792,25,7,6,1,7,0,15,21,0.7142857142857143,0.7142857142857141,2.221001369016217e-16,0.0,1.0000000000000002,1.0,2000
P04792,30,7,6,1,7,0,15,21,0.7142857142857143,0.7142857142857141,2.221001369016217e-16,0.0,1.0000000000000002,1.0,2000
P04792,5,7,6,1,7,0,4,21,0.1904761904761904,0.1904761904761905,8.328755133810814e-17,0.0,0.9999999999999996,1.0,2000
P04843,10,5,5,3,4,1,0,10,0.0,0.0,0.0,0.0,inf,1.0,2000
P04843,15,5,5,3,4,1,0,10,0.0,0.0,0.0,0.0,inf,1.0,2000
P04843,20,5,5,3,4,1,2,10,0.2,0.08485,0.0711899677324893,0.11515,2.357100766057749,0.1894052973513243,2000
P04843,25,5,5,3,4,1,2,10,0.2,0.1663,0.0472803100017008,0.0336999999999999,1.2026458208057726,0.663168415792104,2000
P04843,30,5,5,3,4,1,2,10,0.2,0.2,2.776251711270272e-17,0.0,1.0,1.0,2000
P04843,5,5,5,3,4,1,0,10,0.0,0.0,0.0,0.0,inf,1.0,2000
P04844,10,5,4,3,5,0,2,10,0.2,0.2,2.776251711270272e-17,0.0,1.0,1.0,2000
P04844,15,5,4,3,5,0,2,10,0.2,0.2,2.776251711270272e-17,0.0,1.0,1.0,2000
P04844,20,5,4,3,5,0,2,10,0.2,0.2,2.776251711270272e-17,0.0,1.0,1.0,2000
P04844,25,5,4,3,5,0,2,10,0.2,0.2,2.776251711270272e-17,0.0,1.0,1.0,2000
P04844,30,5,4,3,5,0,2,10,0.2,0.2,2.776251711270272e-17,0.0,1.0,1.0,2000
P04844,5,5,4,3,5,0,2,10,0.2,0.1733,0.0442502999370881,0.0266999999999999,1.1540680900173108,0.7331334332833583,2000
P04899,10,4,4,1,4,0,2,6,0.3333333333333333,0.2518333333333333,0.0833340003308307,0.0815,1.3236267372600927,0.5112443778110944,2000
P04899,15,4,4,1,4,0,2,6,0.3333333333333333,0.3333333333333332,5.552503422540543e-17,0.0,1.0000000000000002,1.0,2000
P04899,20,4,4,1,4,0,2,6,0.3333333333333333,0.3333333333333332,5.552503422540543e-17,0.0,1.0000000000000002,1.0,2000
P04899,25,4,4,1,4,0,2,6,0.3333333333333333,0.3333333333333332,5.552503422540543e-17,0.0,1.0000000000000002,1.0,2000
P04899,30,4,4,1,4,0,2,6,0.3333333333333333,0.3333333333333332,5.552503422540543e-17,0.0,1.0000000000000002,1.0,2000
P04899,5,4,4,1,4,0,1,6,0.1666666666666666,0.0851666666666666,0.0833340003308307,0.0815,1.9569471624266144,0.5112443778110944,2000
P05067,10,6,6,3,2,4,2,15,0.1333333333333333,0.1258666666666666,0.0210296883134759,0.0074666666666666,1.0593220338983051,0.888055972013993,2000
P05067,15,6,6,3,2,4,2,15,0.1333333333333333,0.1333333333333333,2.776251711270272e-17,0.0,1.0000000000000002,1.0,2000
P05067,20,6,6,3,2,4,2,15,0.1333333333333333,0.1560666666666666,0.0316109274852755,-0.0227333333333333,0.8543357539513029,1.0,2000
P05067,25,6,6,3,2,4,2,15,0.1333333333333333,0.1560666666666666,0.0316109274852755,-0.0227333333333333,0.8543357539513029,1.0,2000
P05067,30,6,6,3,2,4,3,15,0.2,0.2,2.776251711270272e-17,0.0,1.0,1.0,2000
P05067,5,6,6,3,2,4,2,15,0.1333333333333333,0.1008333333333333,0.0333312488926388,0.0325,1.322314049586777,0.512743628185907,2000
P05198,10,3,2,2,3,0,1,3,0.3333333333333333,0.3333333333333332,5.552503422540543e-17,0.0,1.0000000000000002,1.0,2000
P05198,15,3,2,2,3,0,1,3,0.3333333333333333,0.3333333333333332,5.552503422540543e-17,0.0,1.0000000000000002,1.0,2000
P05198,20,3,2,2,3,0,2,3,0.6666666666666666,0.6711666666666666,0.1889969103935071,-0.0044999999999999,0.993295257015148,0.8460769615192404,2000
P05198,25,3,2,2,3,0,3,3,1.0,1.0,0.0,0.0,1.0,1.0,2000
P05198,30,3,2,2,3,0,3,3,1.0,1.0,0.0,0.0,1.0,1.0,2000
P05198,5,3,2,2,3,0,1,3,0.3333333333333333,0.3333333333333332,5.552503422540543e-17,0.0,1.0000000000000002,1.0,2000
P05387,10,4,1,0,4,0,3,6,0.5,0.5,0.0,0.0,1.0,1.0,2000
P05387,15,4,1,0,4,0,5,6,0.8333333333333334,0.8333333333333335,1.1105006845081086e-16,0.0,1.0,1.0,2000
P05387,20,4,1,0,4,0,5,6,0.8333333333333334,0.8333333333333335,1.1105006845081086e-16,0.0,1.0,1.0,2000
P05387,25,4,1,0,4,0,6,6,1.0,1.0,0.0,0.0,1.0,1.0,2000
P05387,30,4,1,0,4,0,6,6,1.0,1.0,0.0,0.0,1.0,1.0,2000
P05387,5,4,1,0,4,0,1,6,0.1666666666666666,0.1666666666666666,2.776251711270272e-17,0.0,1.0000000000000002,1.0,2000
P05388,10,4,3,1,4,0,1,6,0.1666666666666666,0.1666666666666666,2.776251711270272e-17,0.0,1.0000000000000002,1.0,2000
P05388,15,4,3,1,4,0,3,6,0.5,0.5,0.0,0.0,1.0,1.0,2000
P05388,20,4,3,1,4,0,3,6,0.5,0.5,0.0,0.0,1.0,1.0,2000
P05388,25,4,3,1,4,0,3,6,0.5,0.5,0.0,0.0,1.0,1.0,2000
P05388,30,4,3,1,4,0,3,6,0.5,0.5,0.0,0.0,1.0,1.0,2000
P05388,5,4,3,1,4,0,1,6,0.1666666666666666,0.1666666666666666,2.776251711270272e-17,0.0,1.0000000000000002,1.0,2000
P05412,10,3,3,3,3,0,1,3,0.3333333333333333,0.3333333333333332,5.552503422540543e-17,0.0,1.0000000000000002,1.0,2000
P05412,15,3,3,3,3,0,1,3,0.3333333333333333,0.3333333333333332,5.552503422540543e-17,0.0,1.0000000000000002,1.0,2000
P05412,20,3,3,3,3,0,1,3,0.3333333333333333,0.3333333333333332,5.552503422540543e-17,0.0,1.0000000000000002,1.0,2000
P05412,25,3,3,3,3,0,1,3,0.3333333333333333,0.3333333333333332,5.552503422540543e-17,0.0,1.0000000000000002,1.0,2000
P05412,30,3,3,3,3,0,1,3,0.3333333333333333,0.3333333333333332,5.552503422540543e-17,0.0,1.0000000000000002,1.0,2000
P05412,5,3,3,3,3,0,1,3,0.3333333333333333,0.2265,0.1555951635734984,0.1068333333333333,1.471670345842531,0.6796601699150425,2000
P05549,10,3,1,3,3,0,1,3,0.3333333333333333,0.327,0.2086557285361941,0.0063333333333333,1.019367991845056,0.8375812093953023,2000
P05549,15,3,1,3,3,0,1,3,0.3333333333333333,0.4003333333333332,0.2004938042669682,-0.0669999999999999,0.8326394671107411,1.0,2000
P05549,20,3,1,3,3,0,1,3,0.3333333333333333,0.4003333333333332,0.2004938042669682,-0.0669999999999999,0.8326394671107411,1.0,2000
P05549,25,3,1,3,3,0,2,3,0.6666666666666666,0.4639999999999999,0.220996676166293,0.2026666666666667,1.4367816091954024,0.2918540729635182,2000
P05549,30,3,1,3,3,0,3,3,1.0,0.5998333333333332,0.2468859469063283,0.4001666666666668,1.6671297582661857,0.1944027986006996,2000
P05549,5,3,1,3,3,0,1,3,0.3333333333333333,0.1988333333333333,0.1905696651818768,0.1345,1.6764459346186087,0.5537231384307846,2000
P05556,10,7,6,1,4,3,4,21,0.1904761904761904,0.1904761904761905,8.328755133810814e-17,0.0,0.9999999999999996,1.0,2000
P05556,15,7,6,1,4,3,4,21,0.1904761904761904,0.1904761904761905,8.328755133810814e-17,0.0,0.9999999999999996,1.0,2000
P05556,20,7,6,1,4,3,4,21,0.1904761904761904,0.1904761904761905,8.328755133810814e-17,0.0,0.9999999999999996,1.0,2000
P05556,25,7,6,1,4,3,4,21,0.1904761904761904,0.1904761904761905,8.328755133810814e-17,0.0,0.9999999999999996,1.0,2000
P05556,30,7,6,1,4,3,4,21,0.1904761904761904,0.1904761904761905,8.328755133810814e-17,0.0,0.9999999999999996,1.0,2000
P05556,5,7,6,1,4,3,3,21,0.1428571428571428,0.1428571428571428,5.552503422540543e-17,0.0,1.0000000000000004,1.0,2000
P05783,10,12,11,3,11,1,17,66,0.2575757575757575,0.2573409090909091,0.0106006967199508,0.0002348484848484,1.0009125967794164,0.7476261869065467,2000
P05783,15,12,11,3,11,1,27,66,0.4090909090909091,0.4166742424242424,0.0075776484368477,-0.0075833333333332,0.9818003309030746,1.0,2000
P05783,20,12,11,3,11,1,36,66,0.5454545454545454,0.545219696969697,0.0106006967199508,0.0002348484848484,1.0004307410134918,0.7476261869065467,2000
P05783,25,12,11,3,11,1,41,66,0.6212121212121212,0.6365303030303031,0.010725834144063,-0.0153181818181818,0.9759348741996142,1.0,2000
P05783,30,12,11,3,11,1,47,66,0.7121212121212122,0.7198560606060608,0.0075759811691047,-0.0077348484848486,0.989255006787973,1.0,2000
P05783,5,12,11,3,11,1,8,66,0.1212121212121212,0.1326060606060605,0.0099321718891748,-0.0113939393939393,0.914076782449726,1.0,2000
P05787,10,23,10,9,19,4,31,253,0.1225296442687747,0.1244407114624505,0.0059510272853444,-0.0019110671936758,0.984642749376658,0.7426286856571714,2000
P05787,15,23,10,9,19,4,43,253,0.1699604743083003,0.1686462450592885,0.0060218066521197,0.0013142292490118,1.007792816546552,0.4907546226886556,2000
P05787,20,23,10,9,19,4,52,253,0.2055335968379446,0.1954288537549407,0.0080460559424894,0.0101047430830039,1.051705482014825,0.1654172913543228,2000
P05787,25,23,10,9,19,4,63,253,0.2490118577075099,0.2482747035573121,0.0069606397084402,0.0007371541501977,1.0029691069594917,0.6036981509245377,2000
P05787,30,23,10,9,19,4,72,253,0.2845849802371542,0.2894624505928854,0.0064362219123487,-0.0048774703557312,0.9831499030504957,0.8700649675162418,2000
P05787,5,23,10,9,19,4,19,253,0.075098814229249,0.0689703557312253,0.0041095130722875,0.0061284584980236,1.088856414223903,0.169415292353823,2000
P06401,10,11,7,5,11,0,8,55,0.1454545454545454,0.1454545454545454,2.776251711270272e-17,0.0,0.9999999999999998,1.0,2000
P06401,15,11,7,5,11,0,10,55,0.1818181818181818,0.1581818181818181,0.0173486868306614,0.0236363636363636,1.149425287356322,0.3503248375812094,2000
P06401,20,11,7,5,11,0,10,55,0.1818181818181818,0.1701,0.0135377885381579,0.0117181818181818,1.0688899577788469,0.5182408795602199,2000
P06401,25,11,7,5,11,0,10,55,0.1818181818181818,0.1818181818181818,0.0,0.0,1.0,1.0,2000
P06401,30,11,7,5,11,0,10,55,0.1818181818181818,0.1818181818181818,0.0,0.0,1.0,1.0,2000
P06401,5,11,7,5,11,0,8,55,0.1454545454545454,0.1454545454545454,2.776251711270272e-17,0.0,0.9999999999999998,1.0,2000
P06748,10,5,3,1,4,1,6,10,0.6,0.6952,0.0999097141197378,-0.0952,0.863060989643268,1.0,2000
P06748,15,5,3,1,4,1,9,10,0.9,0.9000000000000002,2.221001369016217e-16,0.0,0.9999999999999998,1.0,2000
P06748,20,5,3,1,4,1,10,10,1.0,1.0,0.0,0.0,1.0,1.0,2000
P06748,25,5,3,1,4,1,10,10,1.0,1.0,0.0,0.0,1.0,1.0,2000
P06748,30,5,3,1,4,1,10,10,1.0,1.0,0.0,0.0,1.0,1.0,2000
P06748,5,5,3,1,4,1,2,10,0.2,0.2476,0.0499548570598689,-0.0476,0.8077544426494345,1.0,2000
P07196,10,12,6,7,12,0,17,66,0.2575757575757575,0.2287575757575757,0.0175788204914554,0.0288181818181818,1.1259769505894823,0.104447776111944,2000
P07196,15,12,6,7,12,0,17,66,0.2575757575757575,0.2884545454545455,0.0216384420310098,-0.0308787878787879,0.8929509402248134,1.0,2000
P07196,20,12,6,7,12,0,20,66,0.303030303030303,0.3206742424242425,0.0264695093437801,-0.0176439393939394,0.9449786198587256,0.8185907046476761,2000
P07196,25,12,6,7,12,0,22,66,0.3333333333333333,0.3535909090909091,0.0190344288982807,-0.0202575757575758,0.9427090028709773,0.927536231884058,2000
P07196,30,12,6,7,12,0,24,66,0.3636363636363636,0.3709090909090909,0.0117548902594911,-0.0072727272727273,0.980392156862745,0.824087956021989,2000
P07196,5,12,6,7,12,0,10,66,0.1515151515151515,0.1136893939393939,0.0238087264425563,0.0378257575757575,1.3327114013460388,0.1094452773613193,2000
P07197,10,5,3,4,5,0,6,10,0.6,0.5999999999999998,2.221001369016217e-16,0.0,1.0000000000000004,1.0,2000
P07197,15,5,3,4,5,0,6,10,0.6,0.7285499999999999,0.1081931161173741,-0.1285499999999999,0.8235536339304098,1.0,2000
P07197,20,5,3,4,5,0,8,10,0.8,0.9434,0.0808065891646604,-0.1434,0.8479966080135679,0.9810094952523738,2000
P07197,25,5,3,4,5,0,10,10,1.0,1.0,0.0,0.0,1.0,1.0,2000
P07197,30,5,3,4,5,0,10,10,1.0,1.0,0.0,0.0,1.0,1.0,2000
P07197,5,5,3,4,5,0,5,10,0.5,0.5390499999999999,0.0669502701214466,-0.0390499999999999,0.9275577404693444,0.8950524737631185,2000
P07339,10,3,2,0,2,1,3,3,1.0,1.0,0.0,0.0,1.0,1.0,2000
P07339,15,3,2,0,2,1,3,3,1.0,1.0,0.0,0.0,1.0,1.0,2000
P07339,20,3,2,0,2,1,3,3,1.0,1.0,0.0,0.0,1.0,1.0,2000
P07339,25,3,2,0,2,1,3,3,1.0,1.0,0.0,0.0,1.0,1.0,2000
P07339,30,3,2,0,2,1,3,3,1.0,1.0,0.0,0.0,1.0,1.0,2000
P07339,5,3,2,0,2,1,2,3,0.6666666666666666,0.6666666666666665,1.1105006845081086e-16,0.0,1.0000000000000002,1.0,2000
P07437,10,9,7,2,9,0,4,36,0.1111111111111111,0.1248333333333333,0.0138913621276318,-0.0137222222222222,0.8900756564307967,1.0,2000
P07437,15,9,7,2,9,0,6,36,0.1666666666666666,0.1803888888888889,0.0138913621276318,-0.0137222222222222,0.9239297813366184,1.0,2000
P07437,20,9,7,2,9,0,8,36,0.2222222222222222,0.2222222222222223,8.328755133810814e-17,0.0,0.9999999999999996,1.0,2000
P07437,25,9,7,2,9,0,8,36,0.2222222222222222,0.2222222222222223,8.328755133810814e-17,0.0,0.9999999999999996,1.0,2000
P07437,30,9,7,2,9,0,8,36,0.2222222222222222,0.2222222222222223,8.328755133810814e-17,0.0,0.9999999999999996,1.0,2000
P07437,5,9,7,2,9,0,3,36,0.0833333333333333,0.0833333333333333,1.3881258556351357e-17,0.0,1.0000000000000002,1.0,2000
P07602,10,8,7,1,6,2,2,28,0.0714285714285714,0.0714285714285714,2.776251711270272e-17,0.0,1.0000000000000004,1.0,2000
P07602,15,8,7,1,6,2,4,28,0.1428571428571428,0.1428571428571428,5.552503422540543e-17,0.0,1.0000000000000004,1.0,2000
P07602,20,8,7,1,6,2,4,28,0.1428571428571428,0.1428571428571428,5.552503422540543e-17,0.0,1.0000000000000004,1.0,2000
P07602,25,8,7,1,6,2,6,28,0.2142857142857142,0.2142857142857142,0.0,0.0,1.0,1.0,2000
P07602,30,8,7,1,6,2,6,28,0.2142857142857142,0.2142857142857142,0.0,0.0,1.0,1.0,2000
P07602,5,8,7,1,6,2,1,28,0.0357142857142857,0.0357142857142857,1.3881258556351357e-17,0.0,1.0000000000000004,1.0,2000
P07814,10,6,4,4,6,0,1,15,0.0666666666666666,0.1387666666666666,0.0447254732983191,-0.0721,0.4804227720393946,1.0,2000
P07814,15,6,4,4,6,0,1,15,0.0666666666666666,0.1525999999999999,0.0444572879002526,-0.0859333333333333,0.436871996505024,1.0,2000
P07814,20,6,4,4,6,0,4,15,0.2666666666666666,0.2605,0.019320195866437,0.0061666666666666,1.0236724248240563,0.9075462268865568,2000
P07814,25,6,4,4,6,0,4,15,0.2666666666666666,0.2666666666666666,5.552503422540543e-17,0.0,1.0000000000000002,1.0,2000
P07814,30,6,4,4,6,0,4,15,0.2666666666666666,0.2666666666666666,5.552503422540543e-17,0.0,1.0000000000000002,1.0,2000
P07814,5,6,4,4,6,0,1,15,0.0666666666666666,0.0340666666666666,0.041099826142766,0.0326,1.9569471624266148,0.4462768615692153,2000
P07858,10,3,2,1,1,2,1,3,0.3333333333333333,0.3333333333333332,5.552503422540543e-17,0.0,1.0000000000000002,1.0,2000
P07858,15,3,2,1,1,2,2,3,0.6666666666666666,0.6666666666666665,1.1105006845081086e-16,0.0,1.0000000000000002,1.0,2000
P07858,20,3,2,1,1,2,2,3,0.6666666666666666,0.8366666666666666,0.1666750039602196,-0.1699999999999999,0.7968127490039841,1.0,2000
P07858,25,3,2,1,1,2,3,3,1.0,1.0,0.0,0.0,1.0,1.0,2000
P07858,30,3,2,1,1,2,3,3,1.0,1.0,0.0,0.0,1.0,1.0,2000
P07858,5,3,2,1,1,2,0,3,0.0,0.17,0.1666750039602196,-0.17,0.0,1.0,2000
P08047,10,14,12,6,10,4,5,91,0.0549450549450549,0.0580494505494505,0.0078627101221661,-0.0031043956043956,0.9465215333648836,1.0,2000
P08047,15,14,12,6,10,4,5,91,0.0549450549450549,0.0636153846153846,0.0103139900846369,-0.0086703296703296,0.8637070305752289,1.0,2000
P08047,20,14,12,6,10,4,6,91,0.0659340659340659,0.0693901098901099,0.0134422958182391,-0.0034560439560439,0.9501939979412464,0.7551224387806097,2000
P08047,25,14,12,6,10,4,6,91,0.0659340659340659,0.0847362637362637,0.0180695930743458,-0.0188021978021978,0.7781091946569836,0.944527736131934,2000
P08047,30,14,12,6,10,4,8,91,0.0879120879120879,0.0992637362637362,0.015641203925273,-0.0113516483516483,0.8856415365880663,0.9665167416291854,2000
P08047,5,14,12,6,10,4,5,91,0.0549450549450549,0.0440824175824175,0.0115928816719144,0.0108626373626373,1.2464165524118158,0.487256371814093,2000
P08235,10,4,2,4,4,0,3,6,0.5,0.5825,0.141159254708351,-0.0825,0.8583690987124464,0.8930534732633684,2000
P08235,15,4,2,4,4,0,5,6,0.8333333333333334,0.8663333333333335,0.1011022570902842,-0.0330000000000001,0.9619084263178144,0.895552223888056,2000
P08235,20,4,2,4,4,0,6,6,1.0,0.9669166666666668,0.0664950580179824,0.0330833333333332,1.034215289149358,0.8015992003998001,2000
P08235,25,4,2,4,4,0,6,6,1.0,1.0,0.0,0.0,1.0,1.0,2000
P08235,30,4,2,4,4,0,6,6,1.0,1.0,0.0,0.0,1.0,1.0,2000
P08235,5,4,2,4,4,0,3,6,0.5,0.2991666666666666,0.1631677925662173,0.2008333333333333,1.6713091922005572,0.3978010994502748,2000
P08240,10,3,2,1,3,0,1,3,0.3333333333333333,0.3333333333333332,5.552503422540543e-17,0.0,1.0000000000000002,1.0,2000
P08240,15,3,2,1,3,0,1,3,0.3333333333333333,0.3333333333333332,5.552503422540543e-17,0.0,1.0000000000000002,1.0,2000
P08240,20,3,2,1,3,0,1,3,0.3333333333333333,0.3333333333333332,5.552503422540543e-17,0.0,1.0000000000000002,1.0,2000
P08240,25,3,2,1,3,0,1,3,0.3333333333333333,0.3333333333333332,5.552503422540543e-17,0.0,1.0000000000000002,1.0,2000
P08240,30,3,2,1,3,0,1,3,0.3333333333333333,0.3333333333333332,5.552503422540543e-17,0.0,1.0000000000000002,1.0,2000
P08240,5,3,2,1,3,0,1,3,0.3333333333333333,0.3333333333333332,5.552503422540543e-17,0.0,1.0000000000000002,1.0,2000
P08651,10,9,5,8,9,0,9,36,0.25,0.2741388888888889,0.0438509421267343,-0.0241388888888889,0.9119464991387172,0.8000999500249875,2000
P08651,15,9,5,8,9,0,13,36,0.3611111111111111,0.3325138888888888,0.0305206033259357,0.0285972222222223,1.0860030909318743,0.4282858570714642,2000
P08651,20,9,5,8,9,0,13,36,0.3611111111111111,0.361111111111111,1.1105006845081086e-16,0.0,1.0000000000000002,1.0,2000
P08651,25,9,5,8,9,0,13,36,0.3611111111111111,0.361111111111111,1.1105006845081086e-16,0.0,1.0000000000000002,1.0,2000
P08651,30,9,5,8,9,0,13,36,0.3611111111111111,0.361111111111111,1.1105006845081086e-16,0.0,1.0000000000000002,1.0,2000
P08651,5,9,5,8,9,0,6,36,0.1666666666666666,0.163625,0.0444165550001378,0.0030416666666666,1.0185892538833716,0.5692153923038481,2000
P08670,10,25,21,3,22,3,76,300,0.2533333333333333,0.2541766666666667,0.0014494655826329,-0.0008433333333333,0.9966820977535308,1.0,2000
P08670,15,25,21,3,22,3,111,300,0.37,0.3708433333333333,0.001449465582633,-0.0008433333333333,0.9977259040205656,1.0,2000
P08670,20,25,21,3,22,3,137,300,0.4566666666666666,0.4567049999999999,0.0023912457528132,-3.833333333330691e-05,0.9999160654397624,0.7486256871564217,2000
P08670,25,25,21,3,22,3,160,300,0.5333333333333333,0.5384333333333333,0.003724877868514,-0.0050999999999999,0.9905280752801338,1.0,2000
P08670,30,25,21,3,22,3,183,300,0.61,0.6100383333333335,0.0023912457528132,-3.833333333347344e-05,0.9999371624187549,0.7486256871564217,2000
P08670,5,25,21,3,22,3,39,300,0.13,0.1299999999999999,5.552503422540543e-17,0.0,1.0000000000000004,1.0,2000
P08727,10,4,2,4,2,2,2,6,0.3333333333333333,0.3011666666666667,0.0657919520697268,0.0321666666666666,1.1068068622025455,0.8070964517741129,2000
P08727,15,4,2,4,2,2,2,6,0.3333333333333333,0.3333333333333332,5.552503422540543e-17,0.0,1.0000000000000002,1.0,2000
P08727,20,4,2,4,2,2,2,6,0.3333333333333333,0.3333333333333332,5.552503422540543e-17,0.0,1.0000000000000002,1.0,2000
P08727,25,4,2,4,2,2,2,6,0.3333333333333333,0.3784999999999999,0.0740978761343657,-0.0451666666666666,0.8806693086745928,1.0,2000
P08727,30,4,2,4,2,2,2,6,0.3333333333333333,0.4644999999999999,0.1628827589843841,-0.1311666666666666,0.7176175098672408,1.0,2000
P08727,5,4,2,4,2,2,2,6,0.3333333333333333,0.26775,0.081441379492192,0.0655833333333333,1.2449424214130096,0.6066966516741629,2000
P09429,10,3,2,0,1,2,1,3,0.3333333333333333,0.3333333333333332,5.552503422540543e-17,0.0,1.0000000000000002,1.0,2000
P09429,15,3,2,0,1,2,1,3,0.3333333333333333,0.3333333333333332,5.552503422540543e-17,0.0,1.0000000000000002,1.0,2000
P09429,20,3,2,0,1,2,1,3,0.3333333333333333,0.3333333333333332,5.552503422540543e-17,0.0,1.0000000000000002,1.0,2000
P09429,25,3,2,0,1,2,1,3,0.3333333333333333,0.3333333333333332,5.552503422540543e-17,0.0,1.0000000000000002,1.0,2000
P09429,30,3,2,0,1,2,1,3,0.3333333333333333,0.3333333333333332,5.552503422540543e-17,0.0,1.0000000000000002,1.0,2000
P09429,5,3,2,0,1,2,0,3,0.0,0.0,0.0,0.0,inf,1.0,2000
P09651,10,6,3,6,6,0,6,15,0.4,0.4000000000000001,5.552503422540543e-17,0.0,1.0,1.0,2000
P09651,15,6,3,6,6,0,6,15,0.4,0.4000000000000001,5.552503422540543e-17,0.0,1.0,1.0,2000
P09651,20,6,3,6,6,0,6,15,0.4,0.4000000000000001,5.552503422540543e-17,0.0,1.0,1.0,2000
P09651,25,6,3,6,6,0,8,15,0.5333333333333333,0.5335,0.0497000619636505,-0.0001666666666666,0.999687597625742,0.7646176911544228,2000
P09651,30,6,3,6,6,0,9,15,0.6,0.6478999999999998,0.0299895485101602,-0.0478999999999998,0.9260688377836088,1.0,2000
P09651,5,6,3,6,6,0,4,15,0.2666666666666666,0.3441,0.0591725032173977,-0.0774333333333333,0.7749685169040007,0.975512243878061,2000
P0C7T5,10,12,6,8,11,1,16,66,0.2424242424242424,0.2707348484848485,0.0218846361456645,-0.028310606060606,0.895430506198058,0.9570214892553724,2000
P0C7T5,15,12,6,8,11,1,26,66,0.3939393939393939,0.3863030303030302,0.009751163613404,0.0076363636363636,1.0197678067147788,0.5782108945527237,2000
P0C7T5,20,12,6,8,11,1,29,66,0.4393939393939394,0.4320151515151514,0.0146217745874239,0.0073787878787879,1.017079928453688,0.5027486256871564,2000
P0C7T5,25,12,6,8,11,1,30,66,0.4545454545454545,0.4545454545454543,1.6657510267621627e-16,0.0,1.0000000000000004,1.0,2000
P0C7T5,30,12,6,8,11,1,30,66,0.4545454545454545,0.4545454545454543,1.6657510267621627e-16,0.0,1.0000000000000004,1.0,2000
P0C7T5,5,12,6,8,11,1,9,66,0.1363636363636363,0.1438333333333333,0.0158729730698433,-0.0074696969696969,0.948066996734436,0.8315842078960519,2000
P0CG12,10,4,2,4,4,0,2,6,0.3333333333333333,0.4333333333333332,0.0964894328975251,-0.0999999999999999,0.7692307692307694,0.9525237381309344,2000
P0CG12,15,4,2,4,4,0,3,6,0.5,0.5,0.0,0.0,1.0,1.0,2000
P0CG12,20,4,2,4,4,0,3,6,0.5,0.5,0.0,0.0,1.0,1.0,2000
P0CG12,25,4,2,4,4,0,3,6,0.5,0.5,0.0,0.0,1.0,1.0,2000
P0CG12,30,4,2,4,4,0,3,6,0.5,0.5,0.0,0.0,1.0,1.0,2000
P0CG12,5,4,2,4,4,0,1,6,0.1666666666666666,0.263,0.1333579266963566,-0.0963333333333333,0.6337135614702154,0.942528735632184,2000
P0CG13,10,3,1,0,3,0,3,3,1.0,1.0,0.0,0.0,1.0,1.0,2000
P0CG13,15,3,1,0,3,0,3,3,1.0,1.0,0.0,0.0,1.0,1.0,2000
P0CG13,20,3,1,0,3,0,3,3,1.0,1.0,0.0,0.0,1.0,1.0,2000
P0CG13,25,3,1,0,3,0,3,3,1.0,1.0,0.0,0.0,1.0,1.0,2000
P0CG13,30,3,1,0,3,0,3,3,1.0,1.0,0.0,0.0,1.0,1.0,2000
P0CG13,5,3,1,0,3,0,2,3,0.6666666666666666,0.6666666666666665,1.1105006845081086e-16,0.0,1.0000000000000002,1.0,2000
P0DN25,10,3,2,2,3,0,3,3,1.0,1.0,0.0,0.0,1.0,1.0,2000
P0DN25,15,3,2,2,3,0,3,3,1.0,1.0,0.0,0.0,1.0,1.0,2000
P0DN25,20,3,2,2,3,0,3,3,1.0,1.0,0.0,0.0,1.0,1.0,2000
P0DN25,25,3,2,2,3,0,3,3,1.0,1.0,0.0,0.0,1.0,1.0,2000
P0DN25,30,3,2,2,3,0,3,3,1.0,1.0,0.0,0.0,1.0,1.0,2000
P0DN25,5,3,2,2,3,0,3,3,1.0,1.0,0.0,0.0,1.0,1.0,2000
P10070,10,3,2,3,3,0,3,3,1.0,0.9568333333333332,0.1119454942130994,0.0431666666666668,1.0451140916216688,0.8705647176411794,2000
P10070,15,3,2,3,3,0,3,3,1.0,1.0,0.0,0.0,1.0,1.0,2000
P10070,20,3,2,3,3,0,3,3,1.0,1.0,0.0,0.0,1.0,1.0,2000
P10070,25,3,2,3,3,0,3,3,1.0,1.0,0.0,0.0,1.0,1.0,2000
P10070,30,3,2,3,3,0,3,3,1.0,1.0,0.0,0.0,1.0,1.0,2000
P10070,5,3,2,3,3,0,3,3,1.0,0.6636666666666666,0.2875743663380901,0.3363333333333334,1.5067805123053744,0.367816091954023,2000
P10253,10,4,4,2,3,1,0,6,0.0,0.0,0.0,0.0,inf,1.0,2000
P10253,15,4,4,2,3,1,0,6,0.0,0.0,0.0,0.0,inf,1.0,2000
P10253,20,4,4,2,3,1,0,6,0.0,0.0,0.0,0.0,inf,1.0,2000
P10253,25,4,4,2,3,1,0,6,0.0,0.0,0.0,0.0,inf,1.0,2000
P10253,30,4,4,2,3,1,0,6,0.0,0.0,0.0,0.0,inf,1.0,2000
P10253,5,4,4,2,3,1,0,6,0.0,0.0,0.0,0.0,inf,1.0,2000
P10636,10,5,5,4,2,3,0,10,0.0,0.0,0.0,0.0,inf,1.0,2000
P10636,15,5,5,4,2,3,0,10,0.0,0.0,0.0,0.0,inf,1.0,2000
P10636,20,5,5,4,2,3,0,10,0.0,0.0,0.0,0.0,inf,1.0,2000
P10636,25,5,5,4,2,3,0,10,0.0,0.0,0.0,0.0,inf,1.0,2000
P10636,30,5,5,4,2,3,0,10,0.0,0.0,0.0,0.0,inf,1.0,2000
P10636,5,5,5,4,2,3,0,10,0.0,0.0,0.0,0.0,inf,1.0,2000
P10809,10,4,3,1,4,0,0,6,0.0,0.0,0.0,0.0,inf,1.0,2000
P10809,15,4,3,1,4,0,1,6,0.1666666666666666,0.1666666666666666,2.776251711270272e-17,0.0,1.0000000000000002,1.0,2000
P10809,20,4,3,1,4,0,1,6,0.1666666666666666,0.1666666666666666,2.776251711270272e-17,0.0,1.0000000000000002,1.0,2000
P10809,25,4,3,1,4,0,1,6,0.1666666666666666,0.1666666666666666,2.776251711270272e-17,0.0,1.0000000000000002,1.0,2000
P10809,30,4,3,1,4,0,1,6,0.1666666666666666,0.1666666666666666,2.776251711270272e-17,0.0,1.0000000000000002,1.0,2000
P10809,5,4,3,1,4,0,0,6,0.0,0.0,0.0,0.0,inf,1.0,2000
P11021,10,3,2,0,3,0,2,3,0.6666666666666666,0.6666666666666665,1.1105006845081086e-16,0.0,1.0000000000000002,1.0,2000
P11021,15,3,2,0,3,0,3,3,1.0,1.0,0.0,0.0,1.0,1.0,2000
P11021,20,3,2,0,3,0,3,3,1.0,1.0,0.0,0.0,1.0,1.0,2000
P11021,25,3,2,0,3,0,3,3,1.0,1.0,0.0,0.0,1.0,1.0,2000
P11021,30,3,2,0,3,0,3,3,1.0,1.0,0.0,0.0,1.0,1.0,2000
P11021,5,3,2,0,3,0,1,3,0.3333333333333333,0.3333333333333332,5.552503422540543e-17,0.0,1.0000000000000002,1.0,2000
P11047,10,5,4,1,4,1,1,10,0.1,0.134,0.0473827242914613,-0.034,0.7462686567164177,1.0,2000
P11047,15,5,4,1,4,1,2,10,0.2,0.2,2.776251711270272e-17,0.0,1.0,1.0,2000
P11047,20,5,4,1,4,1,3,10,0.3,0.3685499999999999,0.0464432555705777,-0.0685499999999999,0.8140008140008141,1.0,2000
P11047,25,5,4,1,4,1,5,10,0.5,0.5,0.0,0.0,1.0,1.0,2000
P11047,30,5,4,1,4,1,5,10,0.5,0.5,0.0,0.0,1.0,1.0,2000
P11047,5,5,4,1,4,1,0,10,0.0,0.0,0.0,0.0,inf,1.0,2000
P11117,10,5,4,3,5,0,4,10,0.4,0.34935,0.0500082784542417,0.0506499999999999,1.1449835408616,0.4937531234382808,2000
P11117,15,5,4,3,5,0,4,10,0.4,0.4000000000000001,5.552503422540543e-17,0.0,1.0,1.0,2000
P11117,20,5,4,3,5,0,4,10,0.4,0.4000000000000001,5.552503422540543e-17,0.0,1.0,1.0,2000
P11117,25,5,4,3,5,0,4,10,0.4,0.4000000000000001,5.552503422540543e-17,0.0,1.0,1.0,2000
P11117,30,5,4,3,5,0,4,10,0.4,0.4000000000000001,5.552503422540543e-17,0.0,1.0,1.0,2000
P11117,5,5,4,3,5,0,2,10,0.2,0.2319,0.0466205613261915,-0.0319,0.8624407072013799,1.0,2000
P11137,10,4,4,2,4,0,0,6,0.0,0.0,0.0,0.0,inf,1.0,2000
P11137,15,4,4,2,4,0,0,6,0.0,0.0,0.0,0.0,inf,1.0,2000
P11137,20,4,4,2,4,0,0,6,0.0,0.0,0.0,0.0,inf,1.0,2000
P11137,25,4,4,2,4,0,0,6,0.0,0.0,0.0,0.0,inf,1.0,2000
P11137,30,4,4,2,4,0,0,6,0.0,0.0,0.0,0.0,inf,1.0,2000
P11137,5,4,4,2,4,0,0,6,0.0,0.0,0.0,0.0,inf,1.0,2000
P11171,10,3,3,2,3,0,0,3,0.0,0.0,0.0,0.0,inf,1.0,2000
P11171,15,3,3,2,3,0,0,3,0.0,0.0,0.0,0.0,inf,1.0,2000
P11171,20,3,3,2,3,0,0,3,0.0,0.0,0.0,0.0,inf,1.0,2000
P11171,25,3,3,2,3,0,0,3,0.0,0.0,0.0,0.0,inf,1.0,2000
P11171,30,3,3,2,3,0,0,3,0.0,0.0563333333333333,0.1249485470225038,-0.0563333333333333,0.0,1.0,2000
P11171,5,3,3,2,3,0,0,3,0.0,0.0,0.0,0.0,inf,1.0,2000
P11277,10,6,6,2,6,0,1,15,0.0666666666666666,0.0666666666666666,1.3881258556351357e-17,0.0,1.0000000000000002,1.0,2000
P11277,15,6,6,2,6,0,1,15,0.0666666666666666,0.0666666666666666,1.3881258556351357e-17,0.0,1.0000000000000002,1.0,2000
P11277,20,6,6,2,6,0,1,15,0.0666666666666666,0.0666666666666666,1.3881258556351357e-17,0.0,1.0000000000000002,1.0,2000
P11277,25,6,6,2,6,0,1,15,0.0666666666666666,0.0666666666666666,1.3881258556351357e-17,0.0,1.0000000000000002,1.0,2000
P11277,30,6,6,2,6,0,1,15,0.0666666666666666,0.0666666666666666,1.3881258556351357e-17,0.0,1.0000000000000002,1.0,2000
P11277,5,6,6,2,6,0,0,15,0.0,0.0,0.0,0.0,inf,1.0,2000
P11279,10,8,5,4,8,0,6,28,0.2142857142857142,0.1784464285714285,0.0248908488457055,0.0358392857142857,1.2008405884118882,0.2413793103448276,2000
P11279,15,8,5,4,8,0,6,28,0.2142857142857142,0.2142857142857142,0.0,0.0,1.0,1.0,2000
P11279,20,8,5,4,8,0,6,28,0.2142857142857142,0.2142857142857142,0.0,0.0,1.0,1.0,2000
P11279,25,8,5,4,8,0,6,28,0.2142857142857142,0.2142857142857142,0.0,0.0,1.0,1.0,2000
P11279,30,8,5,4,8,0,6,28,0.2142857142857142,0.249375,0.0290479132750154,-0.0350892857142857,0.8592910848549945,1.0,2000
P11279,5,8,5,4,8,0,5,28,0.1785714285714285,0.1243571428571428,0.0305569479433964,0.0542142857142857,1.435956346927053,0.2413793103448276,2000
P11388,10,8,7,6,8,0,1,28,0.0357142857142857,0.0594464285714285,0.016867251646592,-0.0237321428571428,0.600781015319916,1.0,2000
P11388,15,8,7,6,8,0,2,28,0.0714285714285714,0.1077857142857142,0.0357174300052313,-0.0363571428571428,0.6626905235255138,1.0,2000
P11388,20,8,7,6,8,0,4,28,0.1428571428571428,0.1428571428571428,5.552503422540543e-17,0.0,1.0000000000000004,1.0,2000
P11388,25,8,7,6,8,0,4,28,0.1428571428571428,0.1428571428571428,5.552503422540543e-17,0.0,1.0000000000000004,1.0,2000
P11388,30,8,7,6,8,0,4,28,0.1428571428571428,0.1428571428571428,5.552503422540543e-17,0.0,1.0000000000000004,1.0,2000
P11388,5,8,7,6,8,0,1,28,0.0357142857142857,0.0481249999999999,0.0170105451458739,-0.0124107142857142,0.7421150278293137,1.0,2000
P11717,10,6,4,5,6,0,4,15,0.2666666666666666,0.2438333333333333,0.0316443010984144,0.0228333333333333,1.0936431989063566,0.657671164417791,2000
P11717,15,6,4,5,6,0,4,15,0.2666666666666666,0.2666666666666666,5.552503422540543e-17,0.0,1.0000000000000002,1.0,2000
P11717,20,6,4,5,6,0,4,15,0.2666666666666666,0.2666666666666666,5.552503422540543e-17,0.0,1.0000000000000002,1.0,2000
P11717,25,6,4,5,6,0,4,15,0.2666666666666666,0.2666666666666666,5.552503422540543e-17,0.0,1.0000000000000002,1.0,2000
P11717,30,6,4,5,6,0,4,15,0.2666666666666666,0.2666666666666666,5.552503422540543e-17,0.0,1.0000000000000002,1.0,2000
P11717,5,6,4,5,6,0,2,15,0.1333333333333333,0.1325,0.0441493944347929,0.0008333333333333,1.0062893081761006,0.7746126936531734,2000
P11831,10,6,4,5,4,2,4,15,0.2666666666666666,0.2666666666666666,5.552503422540543e-17,0.0,1.0000000000000002,1.0,2000
P11831,15,6,4,5,4,2,4,15,0.2666666666666666,0.2666666666666666,5.552503422540543e-17,0.0,1.0000000000000002,1.0,2000
P11831,20,6,4,5,4,2,4,15,0.2666666666666666,0.2666666666666666,5.552503422540543e-17,0.0,1.0000000000000002,1.0,2000
P11831,25,6,4,5,4,2,4,15,0.2666666666666666,0.2666666666666666,5.552503422540543e-17,0.0,1.0000000000000002,1.0,2000
P11831,30,6,4,5,4,2,5,15,0.3333333333333333,0.2890666666666667,0.031497132695173,0.0442666666666666,1.1531365313653137,0.3363318340829585,2000
P11831,5,6,4,5,4,2,2,15,0.1333333333333333,0.1564,0.0547568893952706,-0.0230666666666666,0.8525149190110827,0.8505747126436781,2000
P11940,10,5,4,3,5,0,3,10,0.3,0.2999999999999999,1.1105006845081086e-16,0.0,1.0000000000000004,1.0,2000
P11940,15,5,4,3,5,0,3,10,0.3,0.2999999999999999,1.1105006845081086e-16,0.0,1.0000000000000004,1.0,2000
P11940,20,5,4,3,5,0,3,10,0.3,0.2999999999999999,1.1105006845081086e-16,0.0,1.0000000000000004,1.0,2000
P11940,25,5,4,3,5,0,3,10,0.3,0.2999999999999999,1.1105006845081086e-16,0.0,1.0000000000000004,1.0,2000
P11940,30,5,4,3,5,0,3,10,0.3,0.2999999999999999,1.1105006845081086e-16,0.0,1.0000000000000004,1.0,2000
P11940,5,5,4,3,5,0,2,10,0.2,0.2508,0.0500061026790988,-0.0508,0.7974481658692185,1.0,2000
P12036,10,7,6,5,7,0,2,21,0.0952380952380952,0.0710238095238095,0.0238120368382448,0.0242142857142857,1.340931947703654,0.4917541229385307,2000
P12036,15,7,6,5,7,0,2,21,0.0952380952380952,0.0952380952380952,4.164377566905407e-17,0.0,0.9999999999999996,1.0,2000
P12036,20,7,6,5,7,0,2,21,0.0952380952380952,0.0952380952380952,4.164377566905407e-17,0.0,0.9999999999999996,1.0,2000
P12036,25,7,6,5,7,0,2,21,0.0952380952380952,0.0952380952380952,4.164377566905407e-17,0.0,0.9999999999999996,1.0,2000
P12036,30,7,6,5,7,0,2,21,0.0952380952380952,0.0952380952380952,4.164377566905407e-17,0.0,0.9999999999999996,1.0,2000
P12036,5,7,6,5,7,0,1,21,0.0476190476190476,0.0164047619047619,0.0226344667423914,0.0312142857142857,2.902757619738752,0.3448275862068966,2000
P12270,10,21,15,8,20,1,23,210,0.1095238095238095,0.1085071428571428,0.0046153334201037,0.0010166666666666,1.009369582867048,0.4992503748125937,2000
P12270,15,21,15,8,20,1,34,210,0.1619047619047619,0.1571333333333333,0.004763086158509,0.0047714285714285,1.0303654766955574,0.4992503748125937,2000
P12270,20,21,15,8,20,1,43,210,0.2047619047619047,0.2008928571428572,0.0041940774996107,0.0038690476190475,1.0192592592592589,0.4992503748125937,2000
P12270,25,21,15,8,20,1,46,210,0.219047619047619,0.2151785714285714,0.0041940774996107,0.0038690476190475,1.0179806362378974,0.4992503748125937,2000
P12270,30,21,15,8,20,1,48,210,0.2285714285714285,0.2285714285714286,5.552503422540543e-17,0.0,0.9999999999999998,1.0,2000
P12270,5,21,15,8,20,1,13,210,0.0619047619047619,0.0643809523809523,0.0051047409987437,-0.0024761904761904,0.9615384615384616,0.8760619690154923,2000
P12757,10,3,2,3,3,0,3,3,1.0,0.7738333333333334,0.2488677601166072,0.2261666666666666,1.2922679302175315,0.4912543728135932,2000
P12757,15,3,2,3,3,0,3,3,1.0,1.0,0.0,0.0,1.0,1.0,2000
P12757,20,3,2,3,3,0,3,3,1.0,1.0,0.0,0.0,1.0,1.0,2000
P12757,25,3,2,3,3,0,3,3,1.0,1.0,0.0,0.0,1.0,1.0,2000
P12757,30,3,2,3,3,0,3,3,1.0,1.0,0.0,0.0,1.0,1.0,2000
P12757,5,3,2,3,3,0,3,3,1.0,0.55,0.3703027377894508,0.4499999999999999,1.818181818181818,0.3313343328335832,2000
P13473,10,3,3,1,3,0,0,3,0.0,0.0,0.0,0.0,inf,1.0,2000
P13473,15,3,3,1,3,0,0,3,0.0,0.0,0.0,0.0,inf,1.0,2000
P13473,20,3,3,1,3,0,0,3,0.0,0.0,0.0,0.0,inf,1.0,2000
P13473,25,3,3,1,3,0,0,3,0.0,0.0,0.0,0.0,inf,1.0,2000
P13473,30,3,3,1,3,0,0,3,0.0,0.0,0.0,0.0,inf,1.0,2000
P13473,5,3,3,1,3,0,0,3,0.0,0.0,0.0,0.0,inf,1.0,2000
P13667,10,5,5,3,5,0,2,10,0.2,0.16485,0.0477558143989237,0.0351499999999999,1.213224143160449,0.6486756621689156,2000
P13667,15,5,5,3,5,0,2,10,0.2,0.2,2.776251711270272e-17,0.0,1.0,1.0,2000
P13667,20,5,5,3,5,0,2,10,0.2,0.2,2.776251711270272e-17,0.0,1.0,1.0,2000
P13667,25,5,5,3,5,0,2,10,0.2,0.2,2.776251711270272e-17,0.0,1.0,1.0,2000
P13667,30,5,5,3,5,0,2,10,0.2,0.2,2.776251711270272e-17,0.0,1.0,1.0,2000
P13667,5,5,5,3,5,0,2,10,0.2,0.1384,0.0486479528002548,0.0615999999999999,1.445086705202312,0.3843078460769615,2000
P13796,10,4,2,2,4,0,6,6,1.0,0.8505833333333334,0.1170273314626363,0.1494166666666666,1.175663760164593,0.303848075962019,2000
P13796,15,4,2,2,4,0,6,6,1.0,1.0,0.0,0.0,1.0,1.0,2000
P13796,20,4,2,2,4,0,6,6,1.0,1.0,0.0,0.0,1.0,1.0,2000
P13796,25,4,2,2,4,0,6,6,1.0,1.0,0.0,0.0,1.0,1.0,2000
P13796,30,4,2,2,4,0,6,6,1.0,1.0,0.0,0.0,1.0,1.0,2000
P13796,5,4,2,2,4,0,4,6,0.6666666666666666,0.5353333333333332,0.1438004224714716,0.1313333333333334,1.2453300124533002,0.303848075962019,2000
P14314,10,3,3,2,3,0,1,3,0.3333333333333333,0.2519999999999999,0.143200045832965,0.0813333333333333,1.322751322751323,0.7561219390304847,2000
P14314,15,3,3,2,3,0,1,3,0.3333333333333333,0.2519999999999999,0.143200045832965,0.0813333333333333,1.322751322751323,0.7561219390304847,2000
P14314,20,3,3,2,3,0,1,3,0.3333333333333333,0.3333333333333332,5.552503422540543e-17,0.0,1.0000000000000002,1.0,2000
P14314,25,3,3,2,3,0,1,3,0.3333333333333333,0.3333333333333332,5.552503422540543e-17,0.0,1.0000000000000002,1.0,2000
P14314,30,3,3,2,3,0,1,3,0.3333333333333333,0.3333333333333332,5.552503422540543e-17,0.0,1.0000000000000002,1.0,2000
P14314,5,3,3,2,3,0,0,3,0.0,0.1715,0.1666382333592,-0.1715,0.0,1.0,2000
P14618,10,5,5,4,5,0,2,10,0.2,0.1185,0.0684111836253584,0.0815,1.6877637130801688,0.3438280859570214,2000
P14618,15,5,5,4,5,0,2,10,0.2,0.151,0.0500025011880659,0.0489999999999999,1.324503311258278,0.5102448775612194,2000
P14618,20,5,5,4,5,0,2,10,0.2,0.2,2.776251711270272e-17,0.0,1.0,1.0,2000
P14618,25,5,5,4,5,0,2,10,0.2,0.2,2.776251711270272e-17,0.0,1.0,1.0,2000
P14618,30,5,5,4,5,0,2,10,0.2,0.2,2.776251711270272e-17,0.0,1.0,1.0,2000
P14618,5,5,5,4,5,0,2,10,0.2,0.08525,0.0682624888477694,0.11475,2.346041055718475,0.1704147926036981,2000
P14625,10,4,4,1,4,0,0,6,0.0,0.0,0.0,0.0,inf,1.0,2000
P14625,15,4,4,1,4,0,0,6,0.0,0.0,0.0,0.0,inf,1.0,2000
P14625,20,4,4,1,4,0,0,6,0.0,0.0,0.0,0.0,inf,1.0,2000
P14625,25,4,4,1,4,0,0,6,0.0,0.0,0.0,0.0,inf,1.0,2000
P14625,30,4,4,1,4,0,0,6,0.0,0.0,0.0,0.0,inf,1.0,2000
P14625,5,4,4,1,4,0,0,6,0.0,0.0,0.0,0.0,inf,1.0,2000
P14859,10,10,6,10,8,2,8,45,0.1777777777777777,0.2130222222222222,0.0265954619732462,-0.0352444444444444,0.8345503859795534,0.952023988005997,2000
P14859,15,10,6,10,8,2,12,45,0.2666666666666666,0.2666666666666666,5.552503422540543e-17,0.0,1.0000000000000002,1.0,2000
P14859,20,10,6,10,8,2,12,45,0.2666666666666666,0.2666666666666666,5.552503422540543e-17,0.0,1.0000000000000002,1.0,2000
P14859,25,10,6,10,8,2,12,45,0.2666666666666666,0.2666666666666666,5.552503422540543e-17,0.0,1.0000000000000002,1.0,2000
P14859,30,10,6,10,8,2,12,45,0.2666666666666666,0.2666666666666666,5.552503422540543e-17,0.0,1.0000000000000002,1.0,2000
P14859,5,10,6,10,8,2,4,45,0.0888888888888888,0.1175444444444444,0.0263911222210385,-0.0286555555555555,0.7562151432082429,0.96151924037981,2000
P15291,10,4,2,4,3,1,3,6,0.5,0.39975,0.1101660625429794,0.10025,1.250781738586617,0.4972513743128435,2000
P15291,15,4,2,4,3,1,3,6,0.5,0.39975,0.1101660625429794,0.10025,1.250781738586617,0.4972513743128435,2000
P15291,20,4,2,4,3,1,3,6,0.5,0.5388333333333333,0.0897304494280233,-0.0388333333333332,0.9279307145066504,1.0,2000
P15291,25,4,2,4,3,1,3,6,0.5,0.5474166666666667,0.1065577741136538,-0.0474166666666666,0.9133810321205664,1.0,2000
P15291,30,4,2,4,3,1,3,6,0.5,0.62475,0.1687173943862135,-0.12475,0.8003201280512204,1.0,2000
P15291,5,4,2,4,3,1,1,6,0.1666666666666666,0.09925,0.0818196271829861,0.0674166666666666,1.6792611251049536,0.5957021489255372,2000
P15311,10,3,2,2,3,0,1,3,0.3333333333333333,0.1076666666666666,0.1559132202345257,0.2256666666666666,3.095975232198142,0.3233383308345827,2000
P15311,15,3,2,2,3,0,1,3,0.3333333333333333,0.3333333333333332,5.552503422540543e-17,0.0,1.0000000000000002,1.0,2000
P15311,20,3,2,2,3,0,1,3,0.3333333333333333,0.3333333333333332,5.552503422540543e-17,0.0,1.0000000000000002,1.0,2000
P15311,25,3,2,2,3,0,1,3,0.3333333333333333,0.3333333333333332,5.552503422540543e-17,0.0,1.0000000000000002,1.0,2000
P15311,30,3,2,2,3,0,1,3,0.3333333333333333,0.3333333333333332,5.552503422540543e-17,0.0,1.0000000000000002,1.0,2000
P15311,5,3,2,2,3,0,1,3,0.3333333333333333,0.1076666666666666,0.1559132202345257,0.2256666666666666,3.095975232198142,0.3233383308345827,2000
P15328,10,4,3,0,1,3,3,6,0.5,0.5,0.0,0.0,1.0,1.0,2000
P15328,15,4,3,0,1,3,3,6,0.5,0.5,0.0,0.0,1.0,1.0,2000
P15328,20,4,3,0,1,3,3,6,0.5,0.5,0.0,0.0,1.0,1.0,2000
P15328,25,4,3,0,1,3,3,6,0.5,0.5,0.0,0.0,1.0,1.0,2000
P15328,30,4,3,0,1,3,3,6,0.5,0.5,0.0,0.0,1.0,1.0,2000
P15328,5,4,3,0,1,3,2,6,0.3333333333333333,0.3333333333333332,5.552503422540543e-17,0.0,1.0000000000000002,1.0,2000
P15336,10,11,5,8,10,1,9,55,0.1636363636363636,0.1291545454545454,0.0303161187190618,0.0344818181818181,1.266981065671852,0.1904047976011994,2000
P15336,15,11,5,8,10,1,12,55,0.2181818181818181,0.2007636363636363,0.0271168160085581,0.0174181818181818,1.0867596449918493,0.3713143428285857,2000
P15336,20,11,5,8,10,1,14,55,0.2545454545454545,0.2515818181818181,0.0170935485047829,0.0029636363636363,1.0117800101178005,0.6906546726636682,2000
P15336,25,11,5,8,10,1,16,55,0.2909090909090909,0.2762818181818181,0.0230133327536053,0.0146272727272727,1.0529433055838902,0.3813093453273363,2000
P15336,30,11,5,8,10,1,20,55,0.3636363636363636,0.3236818181818182,0.0344558138154517,0.0399545454545454,1.1234377194214296,0.1899050474762618,2000
P15336,5,11,5,8,10,1,4,55,0.0727272727272727,0.0653545454545454,0.0226277396649001,0.0073727272727272,1.1128112393935174,0.4757621189405297,2000
P15408,10,4,3,1,2,2,3,6,0.5,0.4659166666666666,0.0672394416670922,0.0340833333333333,1.0731532820604543,0.7956021989005497,2000
P15408,15,4,3,1,2,2,3,6,0.5,0.5,0.0,0.0,1.0,1.0,2000
P15408,20,4,3,1,2,2,3,6,0.5,0.5,0.0,0.0,1.0,1.0,2000
P15408,25,4,3,1,2,2,3,6,0.5,0.5,0.0,0.0,1.0,1.0,2000
P15408,30,4,3,1,2,2,3,6,0.5,0.5,0.0,0.0,1.0,1.0,2000
P15408,5,4,3,1,2,2,1,6,0.1666666666666666,0.1645833333333333,0.1049526375999226,0.0020833333333333,1.0126582278481011,0.7956021989005497,2000
P15586,10,5,4,1,4,1,4,10,0.4,0.4000000000000001,5.552503422540543e-17,0.0,1.0,1.0,2000
P15586,15,5,4,1,4,1,4,10,0.4,0.4000000000000001,5.552503422540543e-17,0.0,1.0,1.0,2000
P15586,20,5,4,1,4,1,4,10,0.4,0.4000000000000001,5.552503422540543e-17,0.0,1.0,1.0,2000
P15586,25,5,4,1,4,1,4,10,0.4,0.4000000000000001,5.552503422540543e-17,0.0,1.0,1.0,2000
P15586,30,5,4,1,4,1,4,10,0.4,0.4000000000000001,5.552503422540543e-17,0.0,1.0,1.0,2000
P15586,5,5,4,1,4,1,4,10,0.4,0.34845,0.0499884679047251,0.0515499999999999,1.147940881044626,0.4847576211894053,2000
P15822,10,56,43,36,49,7,37,1540,0.024025974025974,0.0244837662337662,0.0010320872694858,-0.0004577922077922,0.9813022145604032,0.7831084457771115,2000
P15822,15,56,43,36,49,7,46,1540,0.0298701298701298,0.0301685064935064,0.0008399486437524,-0.0002983766233766,0.9901096654075056,0.7721139430284858,2000
P15822,20,56,43,36,49,7,54,1540,0.035064935064935,0.0344032467532467,0.0010933523444316,0.0006616883116883,1.019233310054548,0.3583208395802099,2000
P15822,25,56,43,36,49,7,62,1540,0.0402597402597402,0.0396792207792207,0.0012002403614827,0.0005805194805194,1.0146303145353974,0.3843078460769615,2000
P15822,30,56,43,36,49,7,64,1540,0.0415584415584415,0.0413376623376623,0.0013166704482378,0.0002207792207792,1.0053408733898836,0.5122438780609695,2000
P15822,5,56,43,36,49,7,21,1540,0.0136363636363636,0.0141662337662337,0.0010089728941143,-0.0005298701298701,0.9625962596259624,0.8020989505247377,2000
P15880,10,3,1,0,3,0,3,3,1.0,1.0,0.0,0.0,1.0,1.0,2000
P15880,15,3,1,0,3,0,3,3,1.0,1.0,0.0,0.0,1.0,1.0,2000
P15880,20,3,1,0,3,0,3,3,1.0,1.0,0.0,0.0,1.0,1.0,2000
P15880,25,3,1,0,3,0,3,3,1.0,1.0,0.0,0.0,1.0,1.0,2000
P15880,30,3,1,0,3,0,3,3,1.0,1.0,0.0,0.0,1.0,1.0,2000
P15880,5,3,1,0,3,0,1,3,0.3333333333333333,0.3333333333333332,5.552503422540543e-17,0.0,1.0000000000000002,1.0,2000
P15923,10,4,2,4,3,1,1,6,0.1666666666666666,0.1989166666666666,0.1287068080695187,-0.0322499999999999,0.8378718056137412,0.889055472263868,2000
P15923,15,4,2,4,3,1,1,6,0.1666666666666666,0.31025,0.1400070023340744,-0.1435833333333333,0.5372011818426,1.0,2000
P15923,20,4,2,4,3,1,1,6,0.1666666666666666,0.3648333333333334,0.1344334100081477,-0.1981666666666667,0.4568296025582457,1.0,2000
P15923,25,4,2,4,3,1,2,6,0.3333333333333333,0.4446666666666666,0.0983121410761963,-0.1113333333333333,0.7496251874062968,0.9370314842578712,2000
P15923,30,4,2,4,3,1,3,6,0.5,0.4883333333333334,0.042535137854596,0.0116666666666666,1.023890784982935,0.9300349825087456,2000
P15923,5,4,2,4,3,1,1,6,0.1666666666666666,0.1334166666666666,0.129421925266131,0.0332499999999999,1.2492192379762646,0.6436781609195402,2000
P15924,10,4,4,0,3,1,0,6,0.0,0.0,0.0,0.0,inf,1.0,2000
P15924,15,4,4,0,3,1,0,6,0.0,0.0,0.0,0.0,inf,1.0,2000
P15924,20,4,4,0,3,1,0,6,0.0,0.0,0.0,0.0,inf,1.0,2000
P15924,25,4,4,0,3,1,0,6,0.0,0.0,0.0,0.0,inf,1.0,2000
P15924,30,4,4,0,3,1,0,6,0.0,0.0,0.0,0.0,inf,1.0,2000
P15924,5,4,4,0,3,1,0,6,0.0,0.0,0.0,0.0,inf,1.0,2000
P15941,10,5,4,5,5,0,3,10,0.3,0.23375,0.074085638560523,0.0662499999999999,1.283422459893048,0.5002498750624688,2000
P15941,15,5,4,5,5,0,3,10,0.3,0.2999999999999999,1.1105006845081086e-16,0.0,1.0000000000000004,1.0,2000
P15941,20,5,4,5,5,0,3,10,0.3,0.2999999999999999,1.1105006845081086e-16,0.0,1.0000000000000004,1.0,2000
P15941,25,5,4,5,5,0,3,10,0.3,0.2999999999999999,1.1105006845081086e-16,0.0,1.0000000000000004,1.0,2000
P15941,30,5,4,5,5,0,3,10,0.3,0.3105499999999999,0.0307273426249716,-0.0105499999999999,0.9660280148124296,1.0,2000
P15941,5,5,4,5,5,0,1,10,0.1,0.1338,0.0749691282135022,-0.0338,0.7473841554559043,1.0,2000
P16157,10,4,4,3,4,0,0,6,0.0,0.0,0.0,0.0,inf,1.0,2000
P16157,15,4,4,3,4,0,0,6,0.0,0.0,0.0,0.0,inf,1.0,2000
P16157,20,4,4,3,4,0,0,6,0.0,0.0,0.0,0.0,inf,1.0,2000
P16157,25,4,4,3,4,0,0,6,0.0,0.0,0.0,0.0,inf,1.0,2000
P16157,30,4,4,3,4,0,0,6,0.0,0.0,0.0,0.0,inf,1.0,2000
P16157,5,4,4,3,4,0,0,6,0.0,0.0,0.0,0.0,inf,1.0,2000
P16671,10,3,3,2,3,0,1,3,0.3333333333333333,0.2216666666666666,0.1573695026298194,0.1116666666666666,1.5037593984962403,0.665167416291854,2000
P16671,15,3,3,2,3,0,1,3,0.3333333333333333,0.2216666666666666,0.1573695026298194,0.1116666666666666,1.5037593984962403,0.665167416291854,2000
P16671,20,3,3,2,3,0,1,3,0.3333333333333333,0.3333333333333332,5.552503422540543e-17,0.0,1.0000000000000002,1.0,2000
P16671,25,3,3,2,3,0,1,3,0.3333333333333333,0.3333333333333332,5.552503422540543e-17,0.0,1.0000000000000002,1.0,2000
P16671,30,3,3,2,3,0,1,3,0.3333333333333333,0.3333333333333332,5.552503422540543e-17,0.0,1.0000000000000002,1.0,2000
P16671,5,3,3,2,3,0,1,3,0.3333333333333333,0.111,0.1571348009603106,0.2223333333333333,3.003003003003003,0.3333333333333333,2000
P17030,10,3,2,0,3,0,1,3,0.3333333333333333,0.3333333333333332,5.552503422540543e-17,0.0,1.0000000000000002,1.0,2000
P17030,15,3,2,0,3,0,1,3,0.3333333333333333,0.3333333333333332,5.552503422540543e-17,0.0,1.0000000000000002,1.0,2000
P17030,20,3,2,0,3,0,1,3,0.3333333333333333,0.3333333333333332,5.552503422540543e-17,0.0,1.0000000000000002,1.0,2000
P17030,25,3,2,0,3,0,1,3,0.3333333333333333,0.3333333333333332,5.552503422540543e-17,0.0,1.0000000000000002,1.0,2000
P17030,30,3,2,0,3,0,1,3,0.3333333333333333,0.3333333333333332,5.552503422540543e-17,0.0,1.0000000000000002,1.0,2000
P17030,5,3,2,0,3,0,0,3,0.0,0.0,0.0,0.0,inf,1.0,2000
P17066,10,3,2,1,0,3,1,3,0.3333333333333333,0.6803333333333332,0.2682541956616492,-0.3469999999999999,0.4899559039686428,1.0,2000
P17066,15,3,2,1,0,3,2,3,0.6666666666666666,0.8986666666666665,0.1533658823867729,-0.2319999999999998,0.741839762611276,1.0,2000
P17066,20,3,2,1,0,3,3,3,1.0,1.0,0.0,0.0,1.0,1.0,2000
P17066,25,3,2,1,0,3,3,3,1.0,1.0,0.0,0.0,1.0,1.0,2000
P17066,30,3,2,1,0,3,3,3,1.0,1.0,0.0,0.0,1.0,1.0,2000
P17066,5,3,2,1,0,3,1,3,0.3333333333333333,0.3333333333333332,5.552503422540543e-17,0.0,1.0000000000000002,1.0,2000
P17275,10,22,14,3,22,0,41,231,0.1774891774891775,0.1752575757575757,0.0021640029395984,0.0022316017316017,1.0127332682878634,0.4847576211894053,2000
P17275,15,22,14,3,22,0,52,231,0.2251082251082251,0.226,0.0046244112678982,-0.0008917748917748,0.996054093399226,0.743128435782109,2000
P17275,20,22,14,3,22,0,70,231,0.303030303030303,0.3038051948051948,0.0069375493730694,-0.0007748917748917,0.9974493794439931,0.4847576211894053,2000
P17275,25,22,14,3,22,0,77,231,0.3333333333333333,0.3333333333333332,5.552503422540543e-17,0.0,1.0000000000000002,1.0,2000
P17275,30,22,14,3,22,0,82,231,0.354978354978355,0.3572099567099567,0.0021640029395984,-0.0022316017316016,0.9937526888887545,1.0,2000
P17275,5,22,14,3,22,0,26,231,0.1125541125541125,0.1146688311688311,0.0021644707632925,-0.0021147186147185,0.9815580346187972,1.0,2000
P17535,10,3,2,3,3,0,3,3,1.0,1.0,0.0,0.0,1.0,1.0,2000
P17535,15,3,2,3,3,0,3,3,1.0,1.0,0.0,0.0,1.0,1.0,2000
P17535,20,3,2,3,3,0,3,3,1.0,1.0,0.0,0.0,1.0,1.0,2000
P17535,25,3,2,3,3,0,3,3,1.0,1.0,0.0,0.0,1.0,1.0,2000
P17535,30,3,2,3,3,0,3,3,1.0,1.0,0.0,0.0,1.0,1.0,2000
P17535,5,3,2,3,3,0,3,3,1.0,0.779,0.2473653063737894,0.2209999999999999,1.2836970474967908,0.5007496251874063,2000
P17544,10,8,4,8,6,2,4,28,0.1428571428571428,0.1775357142857142,0.062205180549063,-0.0346785714285714,0.8046670690002012,0.7781109445277361,2000
P17544,15,8,4,8,6,2,6,28,0.2142857142857142,0.221875,0.0530022738789053,-0.0075892857142857,0.96579476861167,0.6071964017991005,2000
P17544,20,8,4,8,6,2,8,28,0.2857142857142857,0.2762321428571428,0.0370387883378089,0.0094821428571428,1.034326717952033,0.6166916541729135,2000
P17544,25,8,4,8,6,2,8,28,0.2857142857142857,0.2983928571428571,0.0236415109955715,-0.0126785714285714,0.957510472770796,0.895552223888056,2000
P17544,30,8,4,8,6,2,9,28,0.3214285714285714,0.3092142857142856,0.0169463655082051,0.0122142857142857,1.0395010395010398,0.6581709145427287,2000
P17544,5,8,4,8,6,2,1,28,0.0357142857142857,0.0918749999999999,0.0517770269477254,-0.0561607142857142,0.3887269193391642,0.952023988005997,2000
P17844,10,4,2,3,4,0,1,6,0.1666666666666666,0.3046666666666666,0.1266781631215074,-0.1379999999999999,0.5470459518599563,1.0,2000
P17844,15,4,2,3,4,0,2,6,0.3333333333333333,0.4505833333333333,0.0761380500669715,-0.1172499999999999,0.739781764379508,1.0,2000
P17844,20,4,2,3,4,0,2,6,0.3333333333333333,0.4505833333333333,0.0761380500669715,-0.1172499999999999,0.739781764379508,1.0,2000
P17844,25,4,2,3,4,0,3,6,0.5,0.5,0.0,0.0,1.0,1.0,2000
P17844,30,4,2,3,4,0,3,6,0.5,0.5,0.0,0.0,1.0,1.0,2000
P17844,5,4,2,3,4,0,0,6,0.0,0.1031666666666666,0.1120596359727288,-0.1031666666666666,0.0,1.0,2000
P17931,10,4,3,4,0,4,1,6,0.1666666666666666,0.1285,0.1286529492325328,0.0381666666666666,1.2970168612191957,0.607696151924038,2000
P17931,15,4,3,4,0,4,3,6,0.5,0.1955,0.1476165482683473,0.3045,2.557544757033248,0.1474262868565717,2000
P17931,20,4,3,4,0,4,3,6,0.5,0.2156666666666666,0.1506442171920981,0.2843333333333334,2.318392581143741,0.1999000499750124,2000
P17931,25,4,3,4,0,4,3,6,0.5,0.2156666666666666,0.1506442171920981,0.2843333333333334,2.318392581143741,0.1999000499750124,2000
P17931,30,4,3,4,0,4,3,6,0.5,0.2275833333333332,0.1392698100251331,0.2724166666666667,2.196997436836324,0.1999000499750124,2000
P17931,5,4,3,4,0,4,1,6,0.1666666666666666,0.0408333333333333,0.0818358023683683,0.1258333333333333,4.0816326530612255,0.217391304347826,2000
P18031,10,3,3,1,3,0,0,3,0.0,0.0,0.0,0.0,inf,1.0,2000
P18031,15,3,3,1,3,0,0,3,0.0,0.0,0.0,0.0,inf,1.0,2000
P18031,20,3,3,1,3,0,0,3,0.0,0.0,0.0,0.0,inf,1.0,2000
P18031,25,3,3,1,3,0,0,3,0.0,0.0,0.0,0.0,inf,1.0,2000
P18031,30,3,3,1,3,0,0,3,0.0,0.0,0.0,0.0,inf,1.0,2000
P18031,5,3,3,1,3,0,0,3,0.0,0.0,0.0,0.0,inf,1.0,2000
P18146,10,9,4,7,3,6,9,36,0.25,0.1106666666666666,0.039779187830885,0.1393333333333333,2.2590361445783134,0.0064967516241879,2000
P18146,15,9,4,7,3,6,14,36,0.3888888888888889,0.1840972222222222,0.0440958880102266,0.2047916666666666,2.112410411165598,0.0014992503748125,2000
P18146,20,9,4,7,3,6,16,36,0.4444444444444444,0.2207916666666667,0.0498334957455024,0.2236527777777777,2.01295841982764,0.0019990004997501,2000
P18146,25,9,4,7,3,6,18,36,0.5,0.250875,0.0544715810010464,0.2491249999999999,1.993024414549078,0.0029985007496251,2000
P18146,30,9,4,7,3,6,18,36,0.5,0.2753888888888889,0.0570135783262457,0.2246111111111111,1.8156142828323585,0.0044977511244377,2000
P18146,5,9,4,7,3,6,6,36,0.1666666666666666,0.0627638888888889,0.0272256243627322,0.1039027777777777,2.655454746625359,0.0049975012493753,2000
P18583,10,15,11,9,14,1,9,105,0.0857142857142857,0.083695238095238,0.0068698041711225,0.0020190476190476,1.024123805188894,0.6116941529235382,2000
P18583,15,15,11,9,14,1,13,105,0.1238095238095238,0.1227714285714285,0.0029687347953259,0.0010380952380952,1.0084555115972385,0.8910544727636182,2000
P18583,20,15,11,9,14,1,15,105,0.1428571428571428,0.1303666666666666,0.0062646406628441,0.0124904761904761,1.095810351755123,0.1094452773613193,2000
P18583,25,15,11,9,14,1,16,105,0.1523809523809524,0.1523809523809523,5.552503422540543e-17,0.0,1.0000000000000004,1.0,2000
P18583,30,15,11,9,14,1,16,105,0.1523809523809524,0.1523809523809523,5.552503422540543e-17,0.0,1.0000000000000004,1.0,2000
P18583,5,15,11,9,14,1,5,105,0.0476190476190476,0.0472571428571428,0.0042341322018067,0.0003619047619047,1.0076582023377667,0.881559220389805,2000
P18846,10,11,2,7,11,0,31,55,0.5636363636363636,0.5634636363636364,0.0310950140091479,0.0001727272727272,1.0003065455542826,0.5812093953023488,2000
P18846,15,11,2,7,11,0,41,55,0.7454545454545455,0.7625363636363636,0.0426036317177798,-0.017081818181818,0.9775986838183576,0.8075962018990505,2000
P18846,20,11,2,7,11,0,49,55,0.8909090909090909,0.9286454545454548,0.0276277153161686,-0.0377363636363637,0.9593640786678544,1.0,2000
P18846,25,11,2,7,11,0,55,55,1.0,1.0,0.0,0.0,1.0,1.0,2000
P18846,30,11,2,7,11,0,55,55,1.0,1.0,0.0,0.0,1.0,1.0,2000
P18846,5,11,2,7,11,0,17,55,0.3090909090909091,0.3320727272727272,0.0199827028836903,-0.0229818181818181,0.9307928164695576,0.9400299850074962,2000
P19022,10,3,3,3,1,2,1,3,0.3333333333333333,0.3333333333333332,5.552503422540543e-17,0.0,1.0000000000000002,1.0,2000
P19022,15,3,3,3,1,2,1,3,0.3333333333333333,0.3333333333333332,5.552503422540543e-17,0.0,1.0000000000000002,1.0,2000
P19022,20,3,3,3,1,2,1,3,0.3333333333333333,0.3333333333333332,5.552503422540543e-17,0.0,1.0000000000000002,1.0,2000
P19022,25,3,3,3,1,2,1,3,0.3333333333333333,0.3333333333333332,5.552503422540543e-17,0.0,1.0000000000000002,1.0,2000
P19022,30,3,3,3,1,2,1,3,0.3333333333333333,0.3333333333333332,5.552503422540543e-17,0.0,1.0000000000000002,1.0,2000
P19022,5,3,3,3,1,2,1,3,0.3333333333333333,0.2784999999999999,0.123607130436236,0.0548333333333333,1.196888090963495,0.8355822088955522,2000
P19338,10,4,4,3,3,1,0,6,0.0,0.0,0.0,0.0,inf,1.0,2000
P19338,15,4,4,3,3,1,0,6,0.0,0.0,0.0,0.0,inf,1.0,2000
P19338,20,4,4,3,3,1,0,6,0.0,0.0,0.0,0.0,inf,1.0,2000
P19338,25,4,4,3,3,1,0,6,0.0,0.0,0.0,0.0,inf,1.0,2000
P19338,30,4,4,3,3,1,0,6,0.0,0.0,0.0,0.0,inf,1.0,2000
P19338,5,4,4,3,3,1,0,6,0.0,0.0,0.0,0.0,inf,1.0,2000
P19838,10,3,2,3,3,0,1,3,0.3333333333333333,0.1325,0.1631677925662173,0.2008333333333333,2.5157232704402515,0.3978010994502748,2000
P19838,15,3,2,3,3,0,1,3,0.3333333333333333,0.1806666666666666,0.1661191607418017,0.1526666666666666,1.8450184501845015,0.5422288855572214,2000
P19838,20,3,2,3,3,0,1,3,0.3333333333333333,0.2255,0.1559762192039069,0.1078333333333333,1.4781966001478195,0.6766616691654173,2000
P19838,25,3,2,3,3,0,1,3,0.3333333333333333,0.289,0.1132198865247871,0.0443333333333333,1.1534025374855823,0.8670664667666167,2000
P19838,30,3,2,3,3,0,1,3,0.3333333333333333,0.3333333333333332,5.552503422540543e-17,0.0,1.0000000000000002,1.0,2000
P19838,5,3,2,3,3,0,1,3,0.3333333333333333,0.0856666666666666,0.1456962301280116,0.2476666666666666,3.891050583657588,0.2573713143428285,2000
P20823,10,14,9,12,9,5,13,91,0.1428571428571428,0.104032967032967,0.0143942155375756,0.0388241758241758,1.373191084820957,0.0179910044977511,2000
P20823,15,14,9,12,9,5,13,91,0.1428571428571428,0.126054945054945,0.0145538488837115,0.0168021978021978,1.13329265103304,0.224887556221889,2000
P20823,20,14,9,12,9,5,15,91,0.1648351648351648,0.1491373626373626,0.0131391195725438,0.0156978021978022,1.105257340750838,0.1994002998500749,2000
P20823,25,14,9,12,9,5,19,91,0.2087912087912088,0.1722802197802197,0.0230708982161376,0.036510989010989,1.2119279221814705,0.1079460269865067,2000
P20823,30,14,9,12,9,5,24,91,0.2637362637362637,0.2072692307692307,0.0281983461936243,0.0564670329670329,1.2724332635262308,0.0369815092453773,2000
P20823,5,14,9,12,9,5,11,91,0.1208791208791208,0.0702802197802197,0.014390726539617,0.0505989010989011,1.7199593464154483,0.0039980009995002,2000
P21333,10,6,5,4,5,1,1,15,0.0666666666666666,0.0221333333333333,0.0314032513158703,0.0445333333333333,3.0120481927710845,0.3323338330834582,2000
P21333,15,6,5,4,5,1,1,15,0.0666666666666666,0.0666666666666666,1.3881258556351357e-17,0.0,1.0000000000000002,1.0,2000
P21333,20,6,5,4,5,1,1,15,0.0666666666666666,0.0666666666666666,1.3881258556351357e-17,0.0,1.0000000000000002,1.0,2000
P21333,25,6,5,4,5,1,1,15,0.0666666666666666,0.0666666666666666,1.3881258556351357e-17,0.0,1.0000000000000002,1.0,2000
P21333,30,6,5,4,5,1,1,15,0.0666666666666666,0.0666666666666666,1.3881258556351357e-17,0.0,1.0000000000000002,1.0,2000
P21333,5,6,5,4,5,1,1,15,0.0666666666666666,0.0221333333333333,0.0314032513158703,0.0445333333333333,3.0120481927710845,0.3323338330834582,2000
P21917,10,3,2,0,3,0,3,3,1.0,1.0,0.0,0.0,1.0,1.0,2000
P21917,15,3,2,0,3,0,3,3,1.0,1.0,0.0,0.0,1.0,1.0,2000
P21917,20,3,2,0,3,0,3,3,1.0,1.0,0.0,0.0,1.0,1.0,2000
P21917,25,3,2,0,3,0,3,3,1.0,1.0,0.0,0.0,1.0,1.0,2000
P21917,30,3,2,0,3,0,3,3,1.0,1.0,0.0,0.0,1.0,1.0,2000
P21917,5,3,2,0,3,0,1,3,0.3333333333333333,0.3333333333333332,5.552503422540543e-17,0.0,1.0000000000000002,1.0,2000
P22314,10,5,4,4,5,0,1,10,0.1,0.1555,0.0745152753677497,-0.0555,0.6430868167202571,1.0,2000
P22314,15,5,4,4,5,0,2,10,0.2,0.2072,0.0900678416975449,-0.0072,0.9652509652509652,0.7411294352823589,2000
P22314,20,5,4,4,5,0,2,10,0.2,0.2815500000000001,0.0927302375089929,-0.08155,0.7103534008169062,1.0,2000
P22314,25,5,4,4,5,0,2,10,0.2,0.33075,0.085691942763175,-0.13075,0.6046863189720332,1.0,2000
P22314,30,5,4,4,5,0,3,10,0.3,0.3721500000000001,0.0622198775037229,-0.0721500000000001,0.8061265618702134,0.9070464767616192,2000
P22314,5,5,4,4,5,0,1,10,0.1,0.1314,0.0464232437339248,-0.0314,0.7610350076103498,1.0,2000
P22670,10,4,4,3,3,1,1,6,0.1666666666666666,0.1381666666666666,0.111925631590073,0.0284999999999999,1.20627261761158,0.6746626686656672,2000
P22670,15,4,4,3,3,1,1,6,0.1666666666666666,0.23375,0.1071992693150043,-0.0670833333333333,0.71301247771836,0.9135432283858071,2000
P22670,20,4,4,3,3,1,2,6,0.3333333333333333,0.3197499999999999,0.0456116449552327,0.0135833333333333,1.0424811050299716,0.9185407296351824,2000
P22670,25,4,4,3,3,1,2,6,0.3333333333333333,0.3197499999999999,0.0456116449552327,0.0135833333333333,1.0424811050299716,0.9185407296351824,2000
P22670,30,4,4,3,3,1,2,6,0.3333333333333333,0.3333333333333332,5.552503422540543e-17,0.0,1.0000000000000002,1.0,2000
P22670,5,4,4,3,3,1,1,6,0.1666666666666666,0.0826666666666666,0.1030338519807624,0.084,2.016129032258065,0.4302848575712144,2000
P22681,10,11,6,5,8,3,13,55,0.2363636363636363,0.2425454545454545,0.0086150407802656,-0.0061818181818181,0.974512743628186,1.0,2000
P22681,15,11,6,5,8,3,16,55,0.2909090909090909,0.3036363636363636,0.0309168210807533,-0.0127272727272727,0.9580838323353292,0.68015992003998,2000
P22681,20,11,6,5,8,3,21,55,0.3818181818181818,0.3763636363636364,0.0224952915748709,0.0054545454545453,1.0144927536231882,0.68015992003998,2000
P22681,25,11,6,5,8,3,23,55,0.4181818181818181,0.418181818181818,1.1105006845081086e-16,0.0,1.0000000000000002,1.0,2000
P22681,30,11,6,5,8,3,23,55,0.4181818181818181,0.4243636363636363,0.0086150407802657,-0.0061818181818181,0.985432733504713,1.0,2000
P22681,5,11,6,5,8,3,11,55,0.2,0.1735999999999999,0.0162225640942761,0.0264,1.152073732718894,0.2743628185907046,2000
P23246,10,5,3,0,4,1,6,10,0.6,0.5999999999999998,2.221001369016217e-16,0.0,1.0000000000000004,1.0,2000
P23246,15,5,3,0,4,1,6,10,0.6,0.5999999999999998,2.221001369016217e-16,0.0,1.0000000000000004,1.0,2000
P23246,20,5,3,0,4,1,6,10,0.6,0.5999999999999998,2.221001369016217e-16,0.0,1.0000000000000004,1.0,2000
P23246,25,5,3,0,4,1,6,10,0.6,0.5999999999999998,2.221001369016217e-16,0.0,1.0000000000000004,1.0,2000
P23246,30,5,3,0,4,1,6,10,0.6,0.5999999999999998,2.221001369016217e-16,0.0,1.0000000000000004,1.0,2000
P23246,5,5,3,0,4,1,4,10,0.4,0.4000000000000001,5.552503422540543e-17,0.0,1.0,1.0,2000
P23511,10,4,4,2,3,1,2,6,0.3333333333333333,0.2914166666666666,0.0723306299342125,0.0419166666666667,1.143837575064341,0.7486256871564217,2000
P23511,15,4,4,2,3,1,2,6,0.3333333333333333,0.3333333333333332,5.552503422540543e-17,0.0,1.0000000000000002,1.0,2000
P23511,20,4,4,2,3,1,2,6,0.3333333333333333,0.3333333333333332,5.552503422540543e-17,0.0,1.0000000000000002,1.0,2000
P23511,25,4,4,2,3,1,2,6,0.3333333333333333,0.3333333333333332,5.552503422540543e-17,0.0,1.0000000000000002,1.0,2000
P23511,30,4,4,2,3,1,2,6,0.3333333333333333,0.3333333333333332,5.552503422540543e-17,0.0,1.0000000000000002,1.0,2000
P23511,5,4,4,2,3,1,2,6,0.3333333333333333,0.2914166666666666,0.0723306299342125,0.0419166666666667,1.143837575064341,0.7486256871564217,2000
P23527,10,3,2,2,3,0,2,3,0.6666666666666666,0.7794999999999999,0.1577726088332478,-0.1128333333333332,0.8552490912978407,1.0,2000
P23527,15,3,2,2,3,0,3,3,1.0,1.0,0.0,0.0,1.0,1.0,2000
P23527,20,3,2,2,3,0,3,3,1.0,1.0,0.0,0.0,1.0,1.0,2000
P23527,25,3,2,2,3,0,3,3,1.0,1.0,0.0,0.0,1.0,1.0,2000
P23527,30,3,2,2,3,0,3,3,1.0,1.0,0.0,0.0,1.0,1.0,2000
P23527,5,3,2,2,3,0,1,3,0.3333333333333333,0.559,0.3155452176664956,-0.2256666666666667,0.5963029218843171,1.0,2000
P23528,10,4,4,2,4,0,0,6,0.0,0.0,0.0,0.0,inf,1.0,2000
P23528,15,4,4,2,4,0,0,6,0.0,0.0,0.0,0.0,inf,1.0,2000
P23528,20,4,4,2,4,0,0,6,0.0,0.0,0.0,0.0,inf,1.0,2000
P23528,25,4,4,2,4,0,1,6,0.1666666666666666,0.1666666666666666,2.776251711270272e-17,0.0,1.0000000000000002,1.0,2000
P23528,30,4,4,2,4,0,2,6,0.3333333333333333,0.2509166666666666,0.0833491314023093,0.0824166666666667,1.3284623048820992,0.5057471264367817,2000
P23528,5,4,4,2,4,0,0,6,0.0,0.0,0.0,0.0,inf,1.0,2000
P23588,10,10,6,7,8,2,12,45,0.2666666666666666,0.2642888888888888,0.0165227477119879,0.0023777777777778,1.0089968889262593,0.7166416791604198,2000
P23588,15,10,6,7,8,2,13,45,0.2888888888888888,0.2888888888888888,5.552503422540543e-17,0.0,1.0000000000000002,1.0,2000
P23588,20,10,6,7,8,2,13,45,0.2888888888888888,0.2888888888888888,5.552503422540543e-17,0.0,1.0000000000000002,1.0,2000
P23588,25,10,6,7,8,2,13,45,0.2888888888888888,0.2888888888888888,5.552503422540543e-17,0.0,1.0000000000000002,1.0,2000
P23588,30,10,6,7,8,2,13,45,0.2888888888888888,0.2888888888888888,5.552503422540543e-17,0.0,1.0000000000000002,1.0,2000
P23588,5,10,6,7,8,2,7,45,0.1555555555555555,0.1684111111111111,0.0236789790896708,-0.0128555555555555,0.9236656330408394,0.9150424787606196,2000
P23769,10,4,2,3,4,0,1,6,0.1666666666666666,0.3608333333333333,0.1313483010476117,-0.1941666666666666,0.4618937644341801,1.0,2000
P23769,15,4,2,3,4,0,3,6,0.5,0.4773333333333333,0.0571457156435038,0.0226666666666666,1.047486033519553,0.8640679660169915,2000
P23769,20,4,2,3,4,0,3,6,0.5,0.5695833333333333,0.0822116860616968,-0.0695833333333333,0.8778346744696416,1.0,2000
P23769,25,4,2,3,4,0,5,6,0.8333333333333334,0.7830833333333334,0.114847140870883,0.05025,1.064169415770991,0.6166916541729135,2000
P23769,30,4,2,3,4,0,5,6,0.8333333333333334,0.8577500000000001,0.1070103670907076,-0.0244166666666667,0.971534052268532,0.8565717141429285,2000
P23769,5,4,2,3,4,0,1,6,0.1666666666666666,0.2163333333333333,0.1433300176836897,-0.0496666666666666,0.7704160246533128,0.8850574712643678,2000
P25054,10,4,3,4,4,0,1,6,0.1666666666666666,0.1229166666666666,0.0733504895268162,0.04375,1.3559322033898304,0.7376311844077961,2000
P25054,15,4,3,4,4,0,1,6,0.1666666666666666,0.1552499999999999,0.0421108556322599,0.0114166666666666,1.0735373054213635,0.9315342328835582,2000
P25054,20,4,3,4,4,0,1,6,0.1666666666666666,0.1666666666666666,2.776251711270272e-17,0.0,1.0000000000000002,1.0,2000
P25054,25,4,3,4,4,0,1,6,0.1666666666666666,0.1666666666666666,2.776251711270272e-17,0.0,1.0000000000000002,1.0,2000
P25054,30,4,3,4,4,0,1,6,0.1666666666666666,0.1666666666666666,2.776251711270272e-17,0.0,1.0000000000000002,1.0,2000
P25054,5,4,3,4,4,0,1,6,0.1666666666666666,0.0540833333333333,0.0780508033808662,0.1125833333333333,3.0816640986132517,0.3248375812093953,2000
P25440,10,5,3,5,5,0,3,10,0.3,0.1943,0.1133310723763919,0.1056999999999999,1.5440041173443126,0.2648675662168915,2000
P25440,15,5,3,5,5,0,3,10,0.3,0.32985,0.1195036319909546,-0.02985,0.9095043201455204,0.743128435782109,2000
P25440,20,5,3,5,5,0,4,10,0.4,0.4382,0.112459252806387,-0.0381999999999999,0.9128251939753538,0.7641179410294853,2000
P25440,25,5,3,5,5,0,5,10,0.5,0.5006499999999999,0.0956512000763085,-0.0006499999999999,0.9987016878058526,0.7001499250374813,2000
P25440,30,5,3,5,5,0,6,10,0.6,0.5478999999999999,0.0706971643315505,0.0521,1.0950903449534588,0.6041979010494752,2000
P25440,5,5,3,5,5,0,1,10,0.1,0.09475,0.0847999588237415,0.00525,1.0554089709762533,0.7026486756621689,2000
P26006,10,3,2,1,3,0,1,3,0.3333333333333333,0.3333333333333332,5.552503422540543e-17,0.0,1.0000000000000002,1.0,2000
P26006,15,3,2,1,3,0,1,3,0.3333333333333333,0.3333333333333332,5.552503422540543e-17,0.0,1.0000000000000002,1.0,2000
P26006,20,3,2,1,3,0,1,3,0.3333333333333333,0.3333333333333332,5.552503422540543e-17,0.0,1.0000000000000002,1.0,2000
P26006,25,3,2,1,3,0,1,3,0.3333333333333333,0.3333333333333332,5.552503422540543e-17,0.0,1.0000000000000002,1.0,2000
P26006,30,3,2,1,3,0,1,3,0.3333333333333333,0.3333333333333332,5.552503422540543e-17,0.0,1.0000000000000002,1.0,2000
P26006,5,3,2,1,3,0,1,3,0.3333333333333333,0.3333333333333332,5.552503422540543e-17,0.0,1.0000000000000002,1.0,2000
P26599,10,6,4,6,6,0,4,15,0.2666666666666666,0.1569666666666666,0.0565759998162731,0.1097,1.6988744956466344,0.08095952023988,2000
P26599,15,6,4,6,6,0,4,15,0.2666666666666666,0.2430666666666666,0.0318885837600299,0.0236,1.097092704333516,0.6461769115442278,2000
P26599,20,6,4,6,6,0,6,15,0.4,0.2943666666666666,0.0518185651379656,0.1056333333333333,1.3588495074170537,0.1069465267366316,2000
P26599,25,6,4,6,6,0,6,15,0.4,0.3482333333333333,0.0459364364008105,0.0517666666666667,1.1486551163013308,0.3743128435782109,2000
P26599,30,6,4,6,6,0,7,15,0.4666666666666667,0.3784666666666667,0.048070825778578,0.0882,1.2330456226880395,0.1154422788605697,2000
P26599,5,6,4,6,6,0,1,15,0.0666666666666666,0.0506999999999999,0.0455764772037486,0.0159666666666666,1.314924391847469,0.624687656171914,2000
P26640,10,4,4,2,3,1,0,6,0.0,0.0,0.0,0.0,inf,1.0,2000
P26640,15,4,4,2,3,1,0,6,0.0,0.0,0.0,0.0,inf,1.0,2000
P26640,20,4,4,2,3,1,0,6,0.0,0.0,0.0,0.0,inf,1.0,2000
P26640,25,4,4,2,3,1,0,6,0.0,0.0,0.0,0.0,inf,1.0,2000
P26640,30,4,4,2,3,1,0,6,0.0,0.0,0.0,0.0,inf,1.0,2000
P26640,5,4,4,2,3,1,0,6,0.0,0.0,0.0,0.0,inf,1.0,2000
P27348,10,5,4,4,5,0,4,10,0.4,0.4699,0.0953862635269608,-0.0699,0.8512449457331347,1.0,2000
P27348,15,5,4,4,5,0,6,10,0.6,0.5999999999999998,2.221001369016217e-16,0.0,1.0000000000000004,1.0,2000
P27348,20,5,4,4,5,0,6,10,0.6,0.5999999999999998,2.221001369016217e-16,0.0,1.0000000000000004,1.0,2000
P27348,25,5,4,4,5,0,6,10,0.6,0.5999999999999998,2.221001369016217e-16,0.0,1.0000000000000004,1.0,2000
P27348,30,5,4,4,5,0,6,10,0.6,0.5999999999999998,2.221001369016217e-16,0.0,1.0000000000000004,1.0,2000
P27348,5,5,4,4,5,0,1,10,0.1,0.16865,0.0756639942113156,-0.06865,0.5929439667951378,1.0,2000
P27540,10,14,7,12,14,0,20,91,0.2197802197802197,0.156043956043956,0.0286123749173625,0.0637362637362637,1.4084507042253522,0.031984007996002,2000
P27540,15,14,7,12,14,0,25,91,0.2747252747252747,0.2331263736263736,0.0307209146726525,0.041598901098901,1.178439275024158,0.1374312843578211,2000
P27540,20,14,7,12,14,0,30,91,0.3296703296703296,0.2965824175824176,0.0296998861039761,0.033087912087912,1.1115639705065026,0.1779110444777611,2000
P27540,25,14,7,12,14,0,31,91,0.3406593406593406,0.3488681318681318,0.0236284247801829,-0.0082087912087912,0.9764702176583614,0.703648175912044,2000
P27540,30,14,7,12,14,0,36,91,0.3956043956043956,0.3993351648351649,0.0183112276576464,-0.0037307692307693,0.990657548948114,0.6896551724137931,2000
P27540,5,14,7,12,14,0,11,91,0.1208791208791208,0.0748791208791208,0.0228813581204792,0.046,1.614323451717053,0.0549725137431284,2000
P27816,10,25,20,15,25,0,18,300,0.06,0.063305,0.0037029189272881,-0.003305,0.9477924334570728,0.929535232383808,2000
P27816,15,25,20,15,25,0,25,300,0.0833333333333333,0.0875266666666666,0.0042846782986532,-0.0041933333333333,0.952090791377866,0.9475262368815592,2000
P27816,20,25,20,15,25,0,31,300,0.1033333333333333,0.1056533333333333,0.0037789278510454,-0.00232,0.9780413932357396,0.9095452273863068,2000
P27816,25,25,20,15,25,0,36,300,0.12,0.126755,0.0053240265533223,-0.006755,0.9467082166383968,0.9400299850074962,2000
P27816,30,25,20,15,25,0,39,300,0.13,0.1332983333333333,0.0050591408150224,-0.0032983333333333,0.975256004701234,0.8555722138930535,2000
P27816,5,25,20,15,25,0,5,300,0.0166666666666666,0.0262566666666666,0.0042579166050777,-0.00959,0.6347594261774787,1.0,2000
P27824,10,3,3,0,3,0,2,3,0.6666666666666666,0.6666666666666665,1.1105006845081086e-16,0.0,1.0000000000000002,1.0,2000
P27824,15,3,3,0,3,0,3,3,1.0,1.0,0.0,0.0,1.0,1.0,2000
P27824,20,3,3,0,3,0,3,3,1.0,1.0,0.0,0.0,1.0,1.0,2000
P27824,25,3,3,0,3,0,3,3,1.0,1.0,0.0,0.0,1.0,1.0,2000
P27824,30,3,3,0,3,0,3,3,1.0,1.0,0.0,0.0,1.0,1.0,2000
P27824,5,3,3,0,3,0,0,3,0.0,0.0,0.0,0.0,inf,1.0,2000
P28066,10,3,2,3,3,0,1,3,0.3333333333333333,0.3333333333333332,5.552503422540543e-17,0.0,1.0000000000000002,1.0,2000
P28066,15,3,2,3,3,0,1,3,0.3333333333333333,0.3333333333333332,5.552503422540543e-17,0.0,1.0000000000000002,1.0,2000
P28066,20,3,2,3,3,0,1,3,0.3333333333333333,0.3333333333333332,5.552503422540543e-17,0.0,1.0000000000000002,1.0,2000
P28066,25,3,2,3,3,0,1,3,0.3333333333333333,0.3333333333333332,5.552503422540543e-17,0.0,1.0000000000000002,1.0,2000
P28066,30,3,2,3,3,0,1,3,0.3333333333333333,0.3333333333333332,5.552503422540543e-17,0.0,1.0000000000000002,1.0,2000
P28066,5,3,2,3,3,0,1,3,0.3333333333333333,0.1116666666666666,0.1573695026298194,0.2216666666666666,2.985074626865672,0.3353323338330835,2000
P28347,10,4,2,0,4,0,6,6,1.0,1.0,0.0,0.0,1.0,1.0,2000
P28347,15,4,2,0,4,0,6,6,1.0,1.0,0.0,0.0,1.0,1.0,2000
P28347,20,4,2,0,4,0,6,6,1.0,1.0,0.0,0.0,1.0,1.0,2000
P28347,25,4,2,0,4,0,6,6,1.0,1.0,0.0,0.0,1.0,1.0,2000
P28347,30,4,2,0,4,0,6,6,1.0,1.0,0.0,0.0,1.0,1.0,2000
P28347,5,4,2,0,4,0,3,6,0.5,0.5,0.0,0.0,1.0,1.0,2000
P28356,10,4,2,4,4,0,6,6,1.0,0.85625,0.1535703113605517,0.14375,1.1678832116788322,0.4372813593203398,2000
P28356,15,4,2,4,4,0,6,6,1.0,0.9846666666666668,0.0481830389978462,0.0153333333333333,1.015572105619499,0.9080459770114944,2000
P28356,20,4,2,4,4,0,6,6,1.0,1.0,0.0,0.0,1.0,1.0,2000
P28356,25,4,2,4,4,0,6,6,1.0,1.0,0.0,0.0,1.0,1.0,2000
P28356,30,4,2,4,4,0,6,6,1.0,1.0,0.0,0.0,1.0,1.0,2000
P28356,5,4,2,4,4,0,5,6,0.8333333333333334,0.5245,0.1960784311273283,0.3088333333333334,1.5888147442008262,0.1409295352323838,2000
P29372,10,5,1,0,5,0,4,10,0.4,0.4000000000000001,5.552503422540543e-17,0.0,1.0,1.0,2000
P29372,15,5,1,0,5,0,10,10,1.0,1.0,0.0,0.0,1.0,1.0,2000
P29372,20,5,1,0,5,0,10,10,1.0,1.0,0.0,0.0,1.0,1.0,2000
P29372,25,5,1,0,5,0,10,10,1.0,1.0,0.0,0.0,1.0,1.0,2000
P29372,30,5,1,0,5,0,10,10,1.0,1.0,0.0,0.0,1.0,1.0,2000
P29372,5,5,1,0,5,0,4,10,0.4,0.4000000000000001,5.552503422540543e-17,0.0,1.0,1.0,2000
P30260,10,4,4,3,2,2,1,6,0.1666666666666666,0.0525,0.0774386749253052,0.1141666666666666,3.1746031746031744,0.3153423288355822,2000
P30260,15,4,4,3,2,2,1,6,0.1666666666666666,0.0914166666666666,0.0894103594890981,0.07525,1.823154056517776,0.5287356321839081,2000
P30260,20,4,4,3,2,2,1,6,0.1666666666666666,0.1286666666666666,0.108554660330001,0.038,1.295336787564767,0.664167916041979,2000
P30260,25,4,4,3,2,2,1,6,0.1666666666666666,0.1880833333333333,0.1146521747360116,-0.0214166666666666,0.8861320336730173,0.8645677161419291,2000
P30260,30,4,4,3,2,2,1,6,0.1666666666666666,0.2403333333333333,0.1183084415101271,-0.0736666666666666,0.6934812760055479,0.9685157421289357,2000
P30260,5,4,4,3,2,2,1,6,0.1666666666666666,0.0228333333333333,0.0573222239897058,0.1438333333333333,7.299270072992702,0.1374312843578211,2000
P30414,10,4,4,3,4,0,0,6,0.0,0.0,0.0,0.0,inf,1.0,2000
P30414,15,4,4,3,4,0,0,6,0.0,0.0,0.0,0.0,inf,1.0,2000
P30414,20,4,4,3,4,0,0,6,0.0,0.0,0.0,0.0,inf,1.0,2000
P30414,25,4,4,3,4,0,0,6,0.0,0.0,0.0,0.0,inf,1.0,2000
P30414,30,4,4,3,4,0,0,6,0.0,0.0,0.0,0.0,inf,1.0,2000
P30414,5,4,4,3,4,0,0,6,0.0,0.0,0.0,0.0,inf,1.0,2000
P30533,10,4,3,4,4,0,3,6,0.5,0.5,0.0,0.0,1.0,1.0,2000
P30533,15,4,3,4,4,0,3,6,0.5,0.5,0.0,0.0,1.0,1.0,2000
P30533,20,4,3,4,4,0,3,6,0.5,0.5,0.0,0.0,1.0,1.0,2000
P30533,25,4,3,4,4,0,3,6,0.5,0.5,0.0,0.0,1.0,1.0,2000
P30533,30,4,3,4,4,0,3,6,0.5,0.5,0.0,0.0,1.0,1.0,2000
P30533,5,4,3,4,4,0,3,6,0.5,0.4450833333333333,0.0783581999777424,0.0549166666666667,1.123385133870062,0.670664667666167,2000
P30622,10,11,9,4,11,0,6,55,0.109090909090909,0.1212636363636363,0.008554742345722,-0.0121727272727272,0.8996176624934404,1.0,2000
P30622,15,11,9,4,11,0,6,55,0.109090909090909,0.1393727272727273,0.0198023527396375,-0.0302818181818182,0.7827278064053225,1.0,2000
P30622,20,11,9,4,11,0,8,55,0.1454545454545454,0.1635636363636363,0.0181862198501149,-0.0181090909090909,0.8892841262783457,1.0,2000
P30622,25,11,9,4,11,0,10,55,0.1818181818181818,0.1818181818181818,0.0,0.0,1.0,1.0,2000
P30622,30,11,9,4,11,0,10,55,0.1818181818181818,0.1818181818181818,0.0,0.0,1.0,1.0,2000
P30622,5,11,9,4,11,0,6,55,0.109090909090909,0.1148181818181818,0.0084478554463969,-0.0057272727272727,0.9501187648456056,1.0,2000
P31153,10,4,4,3,4,0,1,6,0.1666666666666666,0.0830833333333333,0.0833537993877941,0.0835833333333333,2.0060180541624875,0.4987506246876562,2000
P31153,15,4,4,3,4,0,1,6,0.1666666666666666,0.1666666666666666,2.776251711270272e-17,0.0,1.0000000000000002,1.0,2000
P31153,20,4,4,3,4,0,1,6,0.1666666666666666,0.1666666666666666,2.776251711270272e-17,0.0,1.0000000000000002,1.0,2000
P31153,25,4,4,3,4,0,1,6,0.1666666666666666,0.1666666666666666,2.776251711270272e-17,0.0,1.0000000000000002,1.0,2000
P31153,30,4,4,3,4,0,1,6,0.1666666666666666,0.1666666666666666,2.776251711270272e-17,0.0,1.0000000000000002,1.0,2000
P31153,5,4,4,3,4,0,1,6,0.1666666666666666,0.0830833333333333,0.0833537993877941,0.0835833333333333,2.0060180541624875,0.4987506246876562,2000
P31270,10,9,7,6,9,0,12,36,0.3333333333333333,0.2933472222222222,0.0313283060617923,0.0399861111111111,1.1363098338146869,0.2823588205897051,2000
P31270,15,9,7,6,9,0,14,36,0.3888888888888889,0.3516805555555555,0.0309053048821857,0.0372083333333333,1.105801508629201,0.3293353323338331,2000
P31270,20,9,7,6,9,0,16,36,0.4444444444444444,0.4430277777777779,0.0061125763146163,0.0014166666666664,1.0031976926453063,0.9490254872563718,2000
P31270,25,9,7,6,9,0,16,36,0.4444444444444444,0.4444444444444446,1.6657510267621627e-16,0.0,0.9999999999999996,1.0,2000
P31270,30,9,7,6,9,0,16,36,0.4444444444444444,0.4444444444444446,1.6657510267621627e-16,0.0,0.9999999999999996,1.0,2000
P31270,5,9,7,6,9,0,7,36,0.1944444444444444,0.1685972222222222,0.0385063583542477,0.0258472222222222,1.1533075212126205,0.5092453773113443,2000
P31274,10,5,3,5,4,1,4,10,0.4,0.29945,0.1481744759993057,0.10055,1.3357822674903992,0.3908045977011494,2000
P31274,15,5,3,5,4,1,4,10,0.4,0.44735,0.1852029361640411,-0.04735,0.8941544651838605,0.6266866566716641,2000
P31274,20,5,3,5,4,1,6,10,0.6,0.63465,0.1631186112639215,-0.03465,0.9454029780193808,0.697151424287856,2000
P31274,25,5,3,5,4,1,8,10,0.8,0.80025,0.1436149369845022,-0.0002499999999999,0.999687597625742,0.5827086456771614,2000
P31274,30,5,3,5,4,1,9,10,0.9,0.8599000000000001,0.1141424734799717,0.0400999999999999,1.0466333294569137,0.4682658670664668,2000
P31274,5,5,3,5,4,1,1,10,0.1,0.111,0.0825978886267851,-0.011,0.9009009009009008,0.7886056971514243,2000
P31629,10,31,23,22,27,4,18,465,0.0387096774193548,0.0366548387096774,0.0036074758987834,0.0020548387096774,1.0560591393118015,0.3708145927036482,2000
P31629,15,31,23,22,27,4,24,465,0.0516129032258064,0.0478505376344086,0.0039498746631057,0.0037623655913978,1.0786274465742345,0.2528735632183908,2000
P31629,20,31,23,22,27,4,28,465,0.0602150537634408,0.0579698924731182,0.0040484040428376,0.0022451612903225,1.038729781866746,0.4187906046976511,2000
P31629,25,31,23,22,27,4,35,465,0.075268817204301,0.0743935483870967,0.0042915713121078,0.0008752688172043,1.0117653860607638,0.5172413793103449,2000
P31629,30,31,23,22,27,4,38,465,0.0817204301075268,0.0846795698924731,0.0047194536996914,-0.0029591397849462,0.9650548557496952,0.7936031984007996,2000
P31629,5,31,23,22,27,4,12,465,0.0258064516129032,0.0233,0.0028416266711828,0.0025064516129032,1.1075730305967046,0.3033483258370814,2000
P31749,10,5,3,3,3,2,2,10,0.2,0.2,2.776251711270272e-17,0.0,1.0,1.0,2000
P31749,15,5,3,3,3,2,2,10,0.2,0.2,2.776251711270272e-17,0.0,1.0,1.0,2000
P31749,20,5,3,3,3,2,2,10,0.2,0.2,2.776251711270272e-17,0.0,1.0,1.0,2000
P31749,25,5,3,3,3,2,2,10,0.2,0.2,2.776251711270272e-17,0.0,1.0,1.0,2000
P31749,30,5,3,3,3,2,2,10,0.2,0.2,2.776251711270272e-17,0.0,1.0,1.0,2000
P31749,5,5,3,3,3,2,2,10,0.2,0.18305,0.0375286783786803,0.0169499999999999,1.0925976509150503,0.8305847076461769,2000
P31943,10,3,3,2,3,0,0,3,0.0,0.0,0.0,0.0,inf,1.0,2000
P31943,15,3,3,2,3,0,0,3,0.0,0.0,0.0,0.0,inf,1.0,2000
P31943,20,3,3,2,3,0,0,3,0.0,0.0,0.0,0.0,inf,1.0,2000
P31943,25,3,3,2,3,0,0,3,0.0,0.0,0.0,0.0,inf,1.0,2000
P31943,30,3,3,2,3,0,0,3,0.0,0.0,0.0,0.0,inf,1.0,2000
P31943,5,3,3,2,3,0,0,3,0.0,0.0,0.0,0.0,inf,1.0,2000
P32243,10,3,2,3,3,0,3,3,1.0,0.7706666666666666,0.2697701679714034,0.2293333333333334,1.2975778546712804,0.5322338830584707,2000
P32243,15,3,2,3,3,0,3,3,1.0,0.9653333333333332,0.1017789627398805,0.0346666666666667,1.0359116022099448,0.8960519740129935,2000
P32243,20,3,2,3,3,0,3,3,1.0,1.0,0.0,0.0,1.0,1.0,2000
P32243,25,3,2,3,3,0,3,3,1.0,1.0,0.0,0.0,1.0,1.0,2000
P32243,30,3,2,3,3,0,3,3,1.0,1.0,0.0,0.0,1.0,1.0,2000
P32243,5,3,2,3,3,0,3,3,1.0,0.4434999999999999,0.2723567007061568,0.5565,2.2547914317925595,0.1224387806096951,2000
P32322,10,3,2,3,3,0,2,3,0.6666666666666666,0.8883333333333333,0.1573695026298194,-0.2216666666666666,0.7504690431519699,1.0,2000
P32322,15,3,2,3,3,0,3,3,1.0,1.0,0.0,0.0,1.0,1.0,2000
P32322,20,3,2,3,3,0,3,3,1.0,1.0,0.0,0.0,1.0,1.0,2000
P32322,25,3,2,3,3,0,3,3,1.0,1.0,0.0,0.0,1.0,1.0,2000
P32322,30,3,2,3,3,0,3,3,1.0,1.0,0.0,0.0,1.0,1.0,2000
P32322,5,3,2,3,3,0,1,3,0.3333333333333333,0.6595,0.2684030822321538,-0.3261666666666666,0.5054334091483447,1.0,2000
P32519,10,7,4,4,7,0,8,21,0.3809523809523809,0.3712142857142856,0.0456780565742843,0.0097380952380952,1.0262330831890194,0.6571714142928535,2000
P32519,15,7,4,4,7,0,9,21,0.4285714285714285,0.4285714285714285,0.0,0.0,1.0,1.0,2000
P32519,20,7,4,4,7,0,9,21,0.4285714285714285,0.4285714285714285,0.0,0.0,1.0,1.0,2000
P32519,25,7,4,4,7,0,9,21,0.4285714285714285,0.4285714285714285,0.0,0.0,1.0,1.0,2000
P32519,30,7,4,4,7,0,9,21,0.4285714285714285,0.4285714285714285,0.0,0.0,1.0,1.0,2000
P32519,5,7,4,4,7,0,5,21,0.238095238095238,0.2606666666666666,0.032561046064857,-0.0225714285714285,0.9134088417975889,0.9430284857571214,2000
P33076,10,5,4,1,2,3,3,10,0.3,0.25135,0.0499942718079461,0.0486499999999999,1.193554804058086,0.5137431284357821,2000
P33076,15,5,4,1,2,3,3,10,0.3,0.2999999999999999,1.1105006845081086e-16,0.0,1.0000000000000004,1.0,2000
P33076,20,5,4,1,2,3,3,10,0.3,0.2999999999999999,1.1105006845081086e-16,0.0,1.0000000000000004,1.0,2000
P33076,25,5,4,1,2,3,3,10,0.3,0.2999999999999999,1.1105006845081086e-16,0.0,1.0000000000000004,1.0,2000
P33076,30,5,4,1,2,3,3,10,0.3,0.2999999999999999,1.1105006845081086e-16,0.0,1.0000000000000004,1.0,2000
P33076,5,5,4,1,2,3,3,10,0.3,0.2027,0.0999885436158923,0.0973,1.480019733596448,0.5137431284357821,2000
P33240,10,3,2,3,0,3,0,3,0.0,0.0758333333333333,0.1397742886199494,-0.0758333333333333,0.0,1.0,2000
P33240,15,3,2,3,0,3,1,3,0.3333333333333333,0.0888333333333333,0.1474130771256533,0.2445,3.7523452157598505,0.2668665667166416,2000
P33240,20,3,2,3,0,3,1,3,0.3333333333333333,0.2633333333333333,0.2406381747423908,0.07,1.2658227848101269,0.6256871564217891,2000
P33240,25,3,2,3,0,3,1,3,0.3333333333333333,0.3889999999999999,0.2686252486393408,-0.0556666666666666,0.8568980291345331,0.8465767116441779,2000
P33240,30,3,2,3,0,3,1,3,0.3333333333333333,0.4266666666666666,0.2718113042848162,-0.0933333333333333,0.78125,0.8900549725137431,2000
P33240,5,3,2,3,0,3,0,3,0.0,0.0494999999999999,0.1185612853725641,-0.0494999999999999,0.0,1.0,2000
P33993,10,3,2,0,0,3,3,3,1.0,1.0,0.0,0.0,1.0,1.0,2000
P33993,15,3,2,0,0,3,3,3,1.0,1.0,0.0,0.0,1.0,1.0,2000
P33993,20,3,2,0,0,3,3,3,1.0,1.0,0.0,0.0,1.0,1.0,2000
P33993,25,3,2,0,0,3,3,3,1.0,1.0,0.0,0.0,1.0,1.0,2000
P33993,30,3,2,0,0,3,3,3,1.0,1.0,0.0,0.0,1.0,1.0,2000
P33993,5,3,2,0,0,3,1,3,0.3333333333333333,0.3333333333333332,5.552503422540543e-17,0.0,1.0000000000000002,1.0,2000
P34932,10,3,3,1,2,1,1,3,0.3333333333333333,0.3333333333333332,5.552503422540543e-17,0.0,1.0000000000000002,1.0,2000
P34932,15,3,3,1,2,1,1,3,0.3333333333333333,0.3333333333333332,5.552503422540543e-17,0.0,1.0000000000000002,1.0,2000
P34932,20,3,3,1,2,1,1,3,0.3333333333333333,0.3333333333333332,5.552503422540543e-17,0.0,1.0000000000000002,1.0,2000
P34932,25,3,3,1,2,1,1,3,0.3333333333333333,0.3333333333333332,5.552503422540543e-17,0.0,1.0000000000000002,1.0,2000
P34932,30,3,3,1,2,1,1,3,0.3333333333333333,0.3333333333333332,5.552503422540543e-17,0.0,1.0000000000000002,1.0,2000
P34932,5,3,3,1,2,1,1,3,0.3333333333333333,0.3333333333333332,5.552503422540543e-17,0.0,1.0000000000000002,1.0,2000
P35030,10,4,4,0,1,3,3,6,0.5,0.5,0.0,0.0,1.0,1.0,2000
P35030,15,4,4,0,1,3,3,6,0.5,0.5,0.0,0.0,1.0,1.0,2000
P35030,20,4,4,0,1,3,3,6,0.5,0.5,0.0,0.0,1.0,1.0,2000
P35030,25,4,4,0,1,3,3,6,0.5,0.5,0.0,0.0,1.0,1.0,2000
P35030,30,4,4,0,1,3,3,6,0.5,0.5,0.0,0.0,1.0,1.0,2000
P35030,5,4,4,0,1,3,1,6,0.1666666666666666,0.1666666666666666,2.776251711270272e-17,0.0,1.0000000000000002,1.0,2000
P35222,10,4,3,4,4,0,1,6,0.1666666666666666,0.3861666666666666,0.1581104554567123,-0.2195,0.4315925766076823,1.0,2000
P35222,15,4,3,4,4,0,1,6,0.1666666666666666,0.4433333333333333,0.1252422476166561,-0.2766666666666666,0.3759398496240601,1.0,2000
P35222,20,4,3,4,4,0,3,6,0.5,0.5,0.0,0.0,1.0,1.0,2000
P35222,25,4,3,4,4,0,3,6,0.5,0.5,0.0,0.0,1.0,1.0,2000
P35222,30,4,3,4,4,0,3,6,0.5,0.5,0.0,0.0,1.0,1.0,2000
P35222,5,4,3,4,4,0,1,6,0.1666666666666666,0.2953333333333333,0.1532462360748289,-0.1286666666666666,0.564334085778781,1.0,2000
P35527,10,3,1,3,3,0,2,3,0.6666666666666666,0.3606666666666666,0.2655378810909249,0.306,1.8484288354898335,0.1699150424787606,2000
P35527,15,3,1,3,3,0,3,3,1.0,0.4499999999999999,0.2766555062429939,0.55,2.2222222222222228,0.1469265367316342,2000
P35527,20,3,1,3,3,0,3,3,1.0,0.5641666666666666,0.2817210796456162,0.4358333333333334,1.772525849335303,0.2378810594702648,2000
P35527,25,3,1,3,3,0,3,3,1.0,0.6533333333333332,0.2839723933062509,0.3466666666666668,1.5306122448979596,0.3438280859570214,2000
P35527,30,3,1,3,3,0,3,3,1.0,0.765,0.261891334933851,0.235,1.30718954248366,0.4997501249375312,2000
P35527,5,3,1,3,3,0,1,3,0.3333333333333333,0.1726666666666667,0.2105219539142492,0.1606666666666666,1.9305019305019304,0.4642678660669665,2000
P35579,10,5,5,3,5,0,0,10,0.0,0.0,0.0,0.0,inf,1.0,2000
P35579,15,5,5,3,5,0,0,10,0.0,0.0,0.0,0.0,inf,1.0,2000
P35579,20,5,5,3,5,0,0,10,0.0,0.0,0.0,0.0,inf,1.0,2000
P35579,25,5,5,3,5,0,0,10,0.0,0.0,0.0,0.0,inf,1.0,2000
P35579,30,5,5,3,5,0,0,10,0.0,0.0,0.0,0.0,inf,1.0,2000
P35579,5,5,5,3,5,0,0,10,0.0,0.0,0.0,0.0,inf,1.0,2000
P35611,10,6,5,3,6,0,4,15,0.2666666666666666,0.2397,0.0327278508731944,0.0269666666666666,1.112501738283966,0.5957021489255372,2000
P35611,15,6,5,3,6,0,5,15,0.3333333333333333,0.3333333333333332,5.552503422540543e-17,0.0,1.0000000000000002,1.0,2000
P35611,20,6,5,3,6,0,11,15,0.7333333333333333,0.5489666666666667,0.0694438950564672,0.1843666666666665,1.3358430991559898,0.0559720139930035,2000
P35611,25,6,5,3,6,0,12,15,0.8,0.6660999999999999,0.0756621668527774,0.1339000000000001,1.201020867737577,0.1484257871064467,2000
P35611,30,6,5,3,6,0,12,15,0.8,0.7598999999999999,0.0488519865678884,0.0401000000000001,1.0527701013291224,0.5472263868065967,2000
P35611,5,6,5,3,6,0,4,15,0.2666666666666666,0.1137999999999999,0.0532695549954321,0.1528666666666666,2.3432923257176337,0.0559720139930035,2000
P35613,10,4,3,2,4,0,3,6,0.5,0.5,0.0,0.0,1.0,1.0,2000
P35613,15,4,3,2,4,0,3,6,0.5,0.5,0.0,0.0,1.0,1.0,2000
P35613,20,4,3,2,4,0,3,6,0.5,0.5,0.0,0.0,1.0,1.0,2000
P35613,25,4,3,2,4,0,3,6,0.5,0.5,0.0,0.0,1.0,1.0,2000
P35613,30,4,3,2,4,0,3,6,0.5,0.5,0.0,0.0,1.0,1.0,2000
P35613,5,4,3,2,4,0,2,6,0.3333333333333333,0.3333333333333332,5.552503422540543e-17,0.0,1.0000000000000002,1.0,2000
P35658,10,212,84,75,170,42,488,22366,0.021818832155951,0.0199508629169274,0.000246616701583,0.0018679692390235,1.0936284935043397,0.0004997501249375,2000
P35658,15,212,84,75,170,42,686,22366,0.0306715550388983,0.028961817043727,0.0002964708048499,0.0017097379951712,1.059034210201309,0.0004997501249375,2000
P35658,20,212,84,75,170,42,862,22366,0.0385406420459626,0.0372382187248502,0.0003442950530817,0.0013024233211124,1.0349754463481695,0.0019990004997501,2000
P35658,25,212,84,75,170,42,1035,22366,0.0462755968881337,0.0451692300813735,0.0004026113425346,0.0011063668067602,1.0244938159177637,0.0064967516241879,2000
P35658,30,212,84,75,170,42,1202,22366,0.0537422874005186,0.0528618215147992,0.0004703522819782,0.0008804658857193,1.016655988395574,0.0434782608695652,2000
P35658,5,212,84,75,170,42,261,22366,0.0116694983457033,0.0104470625055888,0.0001804833244355,0.0012224358401144,1.1170123984096485,0.0004997501249375,2000
P36507,10,5,2,2,5,0,4,10,0.4,0.36675,0.0471226885256661,0.03325,1.0906612133606,0.6676661669165417,2000
P36507,15,5,2,2,5,0,4,10,0.4,0.4000000000000001,5.552503422540543e-17,0.0,1.0,1.0,2000
P36507,20,5,2,2,5,0,4,10,0.4,0.4000000000000001,5.552503422540543e-17,0.0,1.0,1.0,2000
P36507,25,5,2,2,5,0,4,10,0.4,0.4000000000000001,5.552503422540543e-17,0.0,1.0,1.0,2000
P36507,30,5,2,2,5,0,4,10,0.4,0.4000000000000001,5.552503422540543e-17,0.0,1.0,1.0,2000
P36507,5,5,2,2,5,0,4,10,0.4,0.3335499999999999,0.0472283046104578,0.06645,1.1992205066706645,0.335832083958021,2000
P37108,10,3,1,3,3,0,2,3,0.6666666666666666,0.9366666666666666,0.1307996723128103,-0.27,0.7117437722419928,1.0,2000
P37108,15,3,1,3,3,0,3,3,1.0,1.0,0.0,0.0,1.0,1.0,2000
P37108,20,3,1,3,3,0,3,3,1.0,1.0,0.0,0.0,1.0,1.0,2000
P37108,25,3,1,3,3,0,3,3,1.0,1.0,0.0,0.0,1.0,1.0,2000
P37108,30,3,1,3,3,0,3,3,1.0,1.0,0.0,0.0,1.0,1.0,2000
P37108,5,3,1,3,3,0,1,3,0.3333333333333333,0.6793333333333332,0.2607386795168004,-0.3459999999999999,0.4906771344455349,1.0,2000
P37198,10,97,54,10,93,4,291,4656,0.0625,0.0621404639175257,0.0003731946313835,0.0003595360824742,1.0057858609319592,0.2608695652173913,2000
P37198,15,97,54,10,93,4,414,4656,0.0889175257731958,0.0889910867697594,0.0003886704165185,-7.356099656354032e-05,0.9991733891647614,0.6951524237881059,2000
P37198,20,97,54,10,93,4,547,4656,0.1174828178694158,0.1179240764604811,0.0004641792200612,-0.0004412585910652,0.9962581128102947,0.8770614692653673,2000
P37198,25,97,54,10,93,4,674,4656,0.1447594501718213,0.1444250429553264,0.0002640535887311,0.0003344072164948,1.002315437888416,0.1954022988505747,2000
P37198,30,97,54,10,93,4,808,4656,0.1735395189003436,0.1732955326460481,0.0002716142135583,0.0002439862542955,1.001407920046005,0.312343828085957,2000
P37198,5,97,54,10,93,4,157,4656,0.0337199312714776,0.0332008161512027,0.0004356402952953,0.0005191151202749,1.015635613230433,0.2103948025987006,2000
P37802,10,4,4,1,4,0,1,6,0.1666666666666666,0.1666666666666666,2.776251711270272e-17,0.0,1.0000000000000002,1.0,2000
P37802,15,4,4,1,4,0,1,6,0.1666666666666666,0.1666666666666666,2.776251711270272e-17,0.0,1.0000000000000002,1.0,2000
P37802,20,4,4,1,4,0,1,6,0.1666666666666666,0.1666666666666666,2.776251711270272e-17,0.0,1.0000000000000002,1.0,2000
P37802,25,4,4,1,4,0,2,6,0.3333333333333333,0.3333333333333332,5.552503422540543e-17,0.0,1.0000000000000002,1.0,2000
P37802,30,4,4,1,4,0,2,6,0.3333333333333333,0.3333333333333332,5.552503422540543e-17,0.0,1.0000000000000002,1.0,2000
P37802,5,4,4,1,4,0,1,6,0.1666666666666666,0.0814166666666666,0.0833321243867617,0.0852499999999999,2.047082906857728,0.4887556221889055,2000
P37840,10,3,3,1,3,0,1,3,0.3333333333333333,0.105,0.1548773498506104,0.2283333333333333,3.1746031746031744,0.3153423288355822,2000
P37840,15,3,3,1,3,0,1,3,0.3333333333333333,0.3333333333333332,5.552503422540543e-17,0.0,1.0000000000000002,1.0,2000
P37840,20,3,3,1,3,0,1,3,0.3333333333333333,0.4469999999999999,0.1580546374263779,-0.1136666666666666,0.7457121551081283,1.0,2000
P37840,25,3,3,1,3,0,2,3,0.6666666666666666,0.6666666666666665,1.1105006845081086e-16,0.0,1.0000000000000002,1.0,2000
P37840,30,3,3,1,3,0,2,3,0.6666666666666666,0.6666666666666665,1.1105006845081086e-16,0.0,1.0000000000000002,1.0,2000
P37840,5,3,3,1,3,0,0,3,0.0,0.0,0.0,0.0,inf,1.0,2000
P38606,10,5,4,2,2,3,4,10,0.4,0.2836,0.0986707046391024,0.1164,1.4104372355430184,0.4182908545727136,2000
P38606,15,5,4,2,2,3,4,10,0.4,0.32,0.0980040937981704,0.0799999999999999,1.2499999999999998,0.600199900049975,2000
P38606,20,5,4,2,2,3,4,10,0.4,0.37935,0.0404894702188025,0.02065,1.0544352181362855,0.7936031984007996,2000
P38606,25,5,4,2,2,3,4,10,0.4,0.4000000000000001,5.552503422540543e-17,0.0,1.0,1.0,2000
P38606,30,5,4,2,2,3,4,10,0.4,0.4000000000000001,5.552503422540543e-17,0.0,1.0,1.0,2000
P38606,5,5,4,2,2,3,4,10,0.4,0.22765,0.091786109215515,0.1723499999999999,1.7570832418185809,0.1304347826086956,2000
P39880,10,8,5,3,8,0,14,28,0.5,0.4758571428571428,0.0167184658533317,0.0241428571428571,1.0507355148604025,0.3243378310844578,2000
P39880,15,8,5,3,8,0,20,28,0.7142857142857143,0.678,0.0291038788270455,0.0362857142857142,1.0535187526337968,0.3243378310844578,2000
P39880,20,8,5,3,8,0,26,28,0.9285714285714286,0.8561428571428571,0.0501553975599953,0.0724285714285715,1.084598698481562,0.3243378310844578,2000
P39880,25,8,5,3,8,0,28,28,1.0,0.9517142857142856,0.0334369317066635,0.0482857142857142,1.0507355148604025,0.3243378310844578,2000
P39880,30,8,5,3,8,0,28,28,1.0,1.0,0.0,0.0,1.0,1.0,2000
P39880,5,8,5,3,8,0,8,28,0.2857142857142857,0.2374285714285714,0.0334369317066635,0.0482857142857142,1.2033694344163657,0.3243378310844578,2000
P40222,10,3,2,3,3,0,2,3,0.6666666666666666,0.5611666666666667,0.2899628526115267,0.1054999999999999,1.1880011880011878,0.5087456271864068,2000
P40222,15,3,2,3,3,0,3,3,1.0,0.8375,0.2260957975169538,0.1624999999999999,1.1940298507462686,0.6176911544227887,2000
P40222,20,3,2,3,3,0,3,3,1.0,0.8926666666666667,0.1916249927506877,0.1073333333333332,1.1202389843166545,0.7341329335332334,2000
P40222,25,3,2,3,3,0,3,3,1.0,1.0,0.0,0.0,1.0,1.0,2000
P40222,30,3,2,3,3,0,3,3,1.0,1.0,0.0,0.0,1.0,1.0,2000
P40222,5,3,2,3,3,0,1,3,0.3333333333333333,0.2265,0.191759462351291,0.1068333333333333,1.471670345842531,0.6231884057971014,2000
P40425,10,4,2,0,4,0,6,6,1.0,1.0,0.0,0.0,1.0,1.0,2000
P40425,15,4,2,0,4,0,6,6,1.0,1.0,0.0,0.0,1.0,1.0,2000
P40425,20,4,2,0,4,0,6,6,1.0,1.0,0.0,0.0,1.0,1.0,2000
P40425,25,4,2,0,4,0,6,6,1.0,1.0,0.0,0.0,1.0,1.0,2000
P40425,30,4,2,0,4,0,6,6,1.0,1.0,0.0,0.0,1.0,1.0,2000
P40425,5,4,2,0,4,0,4,6,0.6666666666666666,0.6666666666666665,1.1105006845081086e-16,0.0,1.0000000000000002,1.0,2000
P40763,10,6,2,0,6,0,13,15,0.8666666666666667,0.8666666666666669,2.221001369016217e-16,0.0,0.9999999999999998,1.0,2000
P40763,15,6,2,0,6,0,15,15,1.0,1.0,0.0,0.0,1.0,1.0,2000
P40763,20,6,2,0,6,0,15,15,1.0,1.0,0.0,0.0,1.0,1.0,2000
P40763,25,6,2,0,6,0,15,15,1.0,1.0,0.0,0.0,1.0,1.0,2000
P40763,30,6,2,0,6,0,15,15,1.0,1.0,0.0,0.0,1.0,1.0,2000
P40763,5,6,2,0,6,0,9,15,0.6,0.5999999999999998,2.221001369016217e-16,0.0,1.0000000000000004,1.0,2000
P40855,10,3,3,2,3,0,1,3,0.3333333333333333,0.3333333333333332,5.552503422540543e-17,0.0,1.0000000000000002,1.0,2000
P40855,15,3,3,2,3,0,1,3,0.3333333333333333,0.3333333333333332,5.552503422540543e-17,0.0,1.0000000000000002,1.0,2000
P40855,20,3,3,2,3,0,1,3,0.3333333333333333,0.3333333333333332,5.552503422540543e-17,0.0,1.0000000000000002,1.0,2000
P40855,25,3,3,2,3,0,1,3,0.3333333333333333,0.3333333333333332,5.552503422540543e-17,0.0,1.0000000000000002,1.0,2000
P40855,30,3,3,2,3,0,1,3,0.3333333333333333,0.3333333333333332,5.552503422540543e-17,0.0,1.0000000000000002,1.0,2000
P40855,5,3,3,2,3,0,1,3,0.3333333333333333,0.2228333333333333,0.1569566852155404,0.1104999999999999,1.4958863126402393,0.6686656671664168,2000
P41236,10,5,3,5,5,0,6,10,0.6,0.5999999999999998,2.221001369016217e-16,0.0,1.0000000000000004,1.0,2000
P41236,15,5,3,5,5,0,7,10,0.7,0.75585,0.1044089465230687,-0.05585,0.9261096778461334,0.8210894552723638,2000
P41236,20,5,3,5,5,0,10,10,1.0,0.9498000000000002,0.050012104587816,0.0501999999999998,1.0528532322594228,0.4982508745627186,2000
P41236,25,5,3,5,5,0,10,10,1.0,1.0,0.0,0.0,1.0,1.0,2000
P41236,30,5,3,5,5,0,10,10,1.0,1.0,0.0,0.0,1.0,1.0,2000
P41236,5,5,3,5,5,0,6,10,0.6,0.4838499999999999,0.1202971870269762,0.11615,1.2400537356618788,0.4982508745627186,2000
P41594,10,3,2,3,3,0,1,3,0.3333333333333333,0.2493333333333333,0.1447566137992296,0.0839999999999999,1.3368983957219251,0.7481259370314842,2000
P41594,15,3,2,3,3,0,1,3,0.3333333333333333,0.3333333333333332,5.552503422540543e-17,0.0,1.0000000000000002,1.0,2000
P41594,20,3,2,3,3,0,1,3,0.3333333333333333,0.3333333333333332,5.552503422540543e-17,0.0,1.0000000000000002,1.0,2000
P41594,25,3,2,3,3,0,1,3,0.3333333333333333,0.3333333333333332,5.552503422540543e-17,0.0,1.0000000000000002,1.0,2000
P41594,30,3,2,3,3,0,1,3,0.3333333333333333,0.3333333333333332,5.552503422540543e-17,0.0,1.0000000000000002,1.0,2000
P41594,5,3,2,3,3,0,1,3,0.3333333333333333,0.155,0.1662994119468664,0.1783333333333333,2.150537634408602,0.4652673663168415,2000
P41970,10,3,1,3,3,0,2,3,0.6666666666666666,0.5165,0.2538240138002263,0.1501666666666666,1.2907389480477574,0.383808095952024,2000
P41970,15,3,1,3,3,0,3,3,1.0,0.8111666666666666,0.2287194197114518,0.1888333333333334,1.2327922745017466,0.5462268865567217,2000
P41970,20,3,1,3,3,0,3,3,1.0,1.0,0.0,0.0,1.0,1.0,2000
P41970,25,3,1,3,3,0,3,3,1.0,1.0,0.0,0.0,1.0,1.0,2000
P41970,30,3,1,3,3,0,3,3,1.0,1.0,0.0,0.0,1.0,1.0,2000
P41970,5,3,1,3,3,0,1,3,0.3333333333333333,0.3368333333333332,0.2177161892428261,-0.0034999999999999,0.9896091044037608,0.8470764617691154,2000
P42166,10,6,2,6,6,0,7,15,0.4666666666666667,0.3966666666666666,0.1055725948643548,0.07,1.1764705882352944,0.2903548225887056,2000
P42166,15,6,2,6,6,0,10,15,0.6666666666666666,0.5162333333333333,0.1025213299236916,0.1504333333333333,1.2914056950991153,0.2128935532233883,2000
P42166,20,6,2,6,6,0,10,15,0.6666666666666666,0.6521333333333332,0.0275327102948329,0.0145333333333333,1.022285831118381,0.7821089455272364,2000
P42166,25,6,2,6,6,0,10,15,0.6666666666666666,0.6666666666666665,1.1105006845081086e-16,0.0,1.0000000000000002,1.0,2000
P42166,30,6,2,6,6,0,10,15,0.6666666666666666,0.6666666666666665,1.1105006845081086e-16,0.0,1.0000000000000002,1.0,2000
P42166,5,6,2,6,6,0,4,15,0.2666666666666666,0.2792,0.107785032592981,-0.0125333333333333,0.9551098376313274,0.5977011494252874,2000
P42694,10,5,4,2,3,2,1,10,0.1,0.1,1.3881258556351357e-17,0.0,1.0,1.0,2000
P42694,15,5,4,2,3,2,1,10,0.1,0.1,1.3881258556351357e-17,0.0,1.0,1.0,2000
P42694,20,5,4,2,3,2,1,10,0.1,0.1,1.3881258556351357e-17,0.0,1.0,1.0,2000
P42694,25,5,4,2,3,2,1,10,0.1,0.1,1.3881258556351357e-17,0.0,1.0,1.0,2000
P42694,30,5,4,2,3,2,1,10,0.1,0.1,1.3881258556351357e-17,0.0,1.0,1.0,2000
P42694,5,5,4,2,3,2,0,10,0.0,0.06845,0.0464830919681496,-0.06845,0.0,1.0,2000
P42785,10,5,5,4,4,1,1,10,0.1,0.09835,0.0715180740614477,0.0016499999999999,1.0167768174885612,0.7361319340329835,2000
P42785,15,5,5,4,4,1,1,10,0.1,0.12225,0.0676921606562174,-0.02225,0.8179959100204499,0.8575712143928036,2000
P42785,20,5,5,4,4,1,2,10,0.2,0.1863,0.0343933343938235,0.0136999999999999,1.0735373054213633,0.8630684657671165,2000
P42785,25,5,5,4,4,1,2,10,0.2,0.2,2.776251711270272e-17,0.0,1.0,1.0,2000
P42785,30,5,5,4,4,1,2,10,0.2,0.2,2.776251711270272e-17,0.0,1.0,1.0,2000
P42785,5,5,5,4,4,1,1,10,0.1,0.0482999999999999,0.0499835891027224,0.0517,2.0703933747412013,0.4832583708145927,2000
P42858,10,5,5,4,5,0,2,10,0.2,0.0843,0.0691078718307436,0.1157,2.372479240806643,0.1729135432283858,2000
P42858,15,5,5,4,5,0,2,10,0.2,0.1688,0.0463425702449535,0.0311999999999999,1.1848341232227486,0.6881559220389805,2000
P42858,20,5,5,4,5,0,3,10,0.3,0.21775,0.0686461480843857,0.0822499999999999,1.377726750861079,0.3403298350824588,2000
P42858,25,5,5,4,5,0,3,10,0.3,0.2688,0.0463425702449535,0.0311999999999999,1.1160714285714284,0.6881559220389805,2000
P42858,30,5,5,4,5,0,3,10,0.3,0.2999999999999999,1.1105006845081086e-16,0.0,1.0000000000000004,1.0,2000
P42858,5,5,5,4,5,0,0,10,0.0,0.01675,0.0373515068977647,-0.01675,0.0,1.0,2000
P43155,10,3,2,0,0,3,3,3,1.0,1.0,0.0,0.0,1.0,1.0,2000
P43155,15,3,2,0,0,3,3,3,1.0,1.0,0.0,0.0,1.0,1.0,2000
P43155,20,3,2,0,0,3,3,3,1.0,1.0,0.0,0.0,1.0,1.0,2000
P43155,25,3,2,0,0,3,3,3,1.0,1.0,0.0,0.0,1.0,1.0,2000
P43155,30,3,2,0,0,3,3,3,1.0,1.0,0.0,0.0,1.0,1.0,2000
P43155,5,3,2,0,0,3,3,3,1.0,1.0,0.0,0.0,1.0,1.0,2000
P43243,10,10,6,6,10,0,13,45,0.2888888888888888,0.1760777777777777,0.039803541476148,0.112811111111111,1.6406890894175552,0.0284857571214392,2000
P43243,15,10,6,6,10,0,16,45,0.3555555555555555,0.2743888888888889,0.0341016723141241,0.0811666666666666,1.2958088681919415,0.0239880059970015,2000
P43243,20,10,6,6,10,0,16,45,0.3555555555555555,0.3437111111111111,0.020945021242736,0.0118444444444444,1.0344604642141335,0.5212393803098451,2000
P43243,25,10,6,6,10,0,16,45,0.3555555555555555,0.3905555555555555,0.0335512488581288,-0.0349999999999999,0.9103840682788052,0.9810094952523738,2000
P43243,30,10,6,6,10,0,16,45,0.3555555555555555,0.4453888888888889,0.052523889889594,-0.0898333333333333,0.7983036048397156,1.0,2000
P43243,5,10,6,6,10,0,11,45,0.2444444444444444,0.1108666666666666,0.0426685321419768,0.1335777777777778,2.2048506714772502,0.0099950024987506,2000
P43308,10,6,4,3,6,0,4,15,0.2666666666666666,0.2881333333333333,0.0490163824381002,-0.0214666666666666,0.925497454881999,1.0,2000
P43308,15,6,4,3,6,0,6,15,0.4,0.3892666666666667,0.0658471895423773,0.0107333333333333,1.0275732145915395,0.6101949025487257,2000
P43308,20,6,4,3,6,0,12,15,0.8,0.6655333333333333,0.1267283667075097,0.1344666666666667,1.2020434739056396,0.2178910544727636,2000
P43308,25,6,4,3,6,0,12,15,0.8,0.7669,0.1356967088709199,0.0331,1.043160777154779,0.6736631684157921,2000
P43308,30,6,4,3,6,0,12,15,0.8,0.7669,0.1356967088709199,0.0331,1.043160777154779,0.6736631684157921,2000
P43308,5,6,4,3,6,0,4,15,0.2666666666666666,0.2881333333333333,0.0490163824381002,-0.0214666666666666,0.925497454881999,1.0,2000
P43694,10,3,2,3,0,3,1,3,0.3333333333333333,0.2016666666666666,0.1629909838248173,0.1316666666666666,1.6528925619834711,0.6051974012993503,2000
P43694,15,3,2,3,0,3,1,3,0.3333333333333333,0.2768333333333333,0.1250955945956009,0.0564999999999999,1.2040939193257074,0.8305847076461769,2000
P43694,20,3,2,3,0,3,1,3,0.3333333333333333,0.3109999999999999,0.0833615093270587,0.0223333333333333,1.071811361200429,0.9330334832583708,2000
P43694,25,3,2,3,0,3,1,3,0.3333333333333333,0.3333333333333332,5.552503422540543e-17,0.0,1.0000000000000002,1.0,2000
P43694,30,3,2,3,0,3,1,3,0.3333333333333333,0.3333333333333332,5.552503422540543e-17,0.0,1.0000000000000002,1.0,2000
P43694,5,3,2,3,0,3,1,3,0.3333333333333333,0.1026666666666666,0.1539273354218568,0.2306666666666666,3.2467532467532467,0.3083458270864567,2000
P46013,10,19,16,10,17,2,13,171,0.0760233918128654,0.0736871345029239,0.0067329284524006,0.0023362573099415,1.031705091067815,0.5867066466766616,2000
P46013,15,19,16,10,17,2,17,171,0.0994152046783625,0.0994152046783625,4.164377566905407e-17,0.0,1.0000000000000004,1.0,2000
P46013,20,19,16,10,17,2,18,171,0.1052631578947368,0.1052631578947368,1.3881258556351357e-17,0.0,1.0000000000000002,1.0,2000
P46013,25,19,16,10,17,2,18,171,0.1052631578947368,0.1052631578947368,1.3881258556351357e-17,0.0,1.0000000000000002,1.0,2000
P46013,30,19,16,10,17,2,18,171,0.1052631578947368,0.1052631578947368,1.3881258556351357e-17,0.0,1.0000000000000002,1.0,2000
P46013,5,19,16,10,17,2,7,171,0.0409356725146198,0.0447280701754386,0.0055675492281027,-0.0037923976608187,0.9152121330979928,0.8780609695152424,2000
P46087,10,4,3,1,2,2,1,6,0.1666666666666666,0.1666666666666666,2.776251711270272e-17,0.0,1.0000000000000002,1.0,2000
P46087,15,4,3,1,2,2,1,6,0.1666666666666666,0.1666666666666666,2.776251711270272e-17,0.0,1.0000000000000002,1.0,2000
P46087,20,4,3,1,2,2,1,6,0.1666666666666666,0.1666666666666666,2.776251711270272e-17,0.0,1.0000000000000002,1.0,2000
P46087,25,4,3,1,2,2,1,6,0.1666666666666666,0.1666666666666666,2.776251711270272e-17,0.0,1.0000000000000002,1.0,2000
P46087,30,4,3,1,2,2,1,6,0.1666666666666666,0.1666666666666666,2.776251711270272e-17,0.0,1.0000000000000002,1.0,2000
P46087,5,4,3,1,2,2,1,6,0.1666666666666666,0.1666666666666666,2.776251711270272e-17,0.0,1.0000000000000002,1.0,2000
P46100,10,18,13,10,16,2,11,153,0.0718954248366013,0.0734803921568627,0.0036674248956094,-0.0015849673202614,0.978430064487436,0.9345327336331836,2000
P46100,15,18,13,10,16,2,16,153,0.1045751633986928,0.0979934640522876,0.0043313690738934,0.0065816993464052,1.0671646768491962,0.216391804097951,2000
P46100,20,18,13,10,16,2,17,153,0.1111111111111111,0.1111111111111111,4.164377566905407e-17,0.0,0.9999999999999996,1.0,2000
P46100,25,18,13,10,16,2,17,153,0.1111111111111111,0.1111111111111111,4.164377566905407e-17,0.0,0.9999999999999996,1.0,2000
P46100,30,18,13,10,16,2,17,153,0.1111111111111111,0.1111111111111111,4.164377566905407e-17,0.0,0.9999999999999996,1.0,2000
P46100,5,18,13,10,16,2,9,153,0.0588235294117647,0.0566176470588235,0.0055918068694576,0.0022058823529411,1.0389610389610389,0.5867066466766616,2000
P46527,10,5,4,3,2,3,1,10,0.1,0.0482999999999999,0.0499835891027224,0.0517,2.0703933747412013,0.4832583708145927,2000
P46527,15,5,4,3,2,3,1,10,0.1,0.0829,0.0376603126590152,0.0171,1.2062726176115803,0.8290854572713643,2000
P46527,20,5,4,3,2,3,1,10,0.1,0.1,1.3881258556351357e-17,0.0,1.0,1.0,2000
P46527,25,5,4,3,2,3,1,10,0.1,0.1,1.3881258556351357e-17,0.0,1.0,1.0,2000
P46527,30,5,4,3,2,3,1,10,0.1,0.1,1.3881258556351357e-17,0.0,1.0,1.0,2000
P46527,5,5,4,3,2,3,1,10,0.1,0.0316,0.0465029166894971,0.0684,3.1645569620253164,0.3163418290854572,2000
P46531,10,6,6,6,6,0,1,15,0.0666666666666666,0.0515999999999999,0.027889584336401,0.0150666666666666,1.2919896640826876,0.7741129435282359,2000
P46531,15,6,6,6,6,0,1,15,0.0666666666666666,0.0666666666666666,1.3881258556351357e-17,0.0,1.0000000000000002,1.0,2000
P46531,20,6,6,6,6,0,1,15,0.0666666666666666,0.0666666666666666,1.3881258556351357e-17,0.0,1.0000000000000002,1.0,2000
P46531,25,6,6,6,6,0,1,15,0.0666666666666666,0.0666666666666666,1.3881258556351357e-17,0.0,1.0000000000000002,1.0,2000
P46531,30,6,6,6,6,0,1,15,0.0666666666666666,0.0666666666666666,1.3881258556351357e-17,0.0,1.0000000000000002,1.0,2000
P46531,5,6,6,6,6,0,1,15,0.0666666666666666,0.0301999999999999,0.0331940394568221,0.0364666666666666,2.207505518763797,0.4532733633183408,2000
P46937,10,6,6,5,6,0,0,15,0.0,0.0116,0.0252802863862975,-0.0116,0.0,1.0,2000
P46937,15,6,6,5,6,0,1,15,0.0666666666666666,0.0364,0.0332002680044069,0.0302666666666666,1.8315018315018317,0.5462268865567217,2000
P46937,20,6,6,5,6,0,1,15,0.0666666666666666,0.0449666666666666,0.0312452364219923,0.0216999999999999,1.4825796886582654,0.6746626686656672,2000
P46937,25,6,6,5,6,0,1,15,0.0666666666666666,0.0577333333333333,0.0227158340297895,0.0089333333333333,1.1547344110854505,0.8660669665167416,2000
P46937,30,6,6,5,6,0,2,15,0.1333333333333333,0.1247666666666666,0.0464868375843082,0.0085666666666666,1.0686615014694096,0.6846576711644178,2000
P46937,5,6,6,5,6,0,0,15,0.0,0.0,0.0,0.0,inf,1.0,2000
P46939,10,3,2,2,3,0,1,3,0.3333333333333333,0.3333333333333332,5.552503422540543e-17,0.0,1.0000000000000002,1.0,2000
P46939,15,3,2,2,3,0,1,3,0.3333333333333333,0.3333333333333332,5.552503422540543e-17,0.0,1.0000000000000002,1.0,2000
P46939,20,3,2,2,3,0,1,3,0.3333333333333333,0.3333333333333332,5.552503422540543e-17,0.0,1.0000000000000002,1.0,2000
P46939,25,3,2,2,3,0,1,3,0.3333333333333333,0.3333333333333332,5.552503422540543e-17,0.0,1.0000000000000002,1.0,2000
P46939,30,3,2,2,3,0,1,3,0.3333333333333333,0.3333333333333332,5.552503422540543e-17,0.0,1.0000000000000002,1.0,2000
P46939,5,3,2,2,3,0,1,3,0.3333333333333333,0.1675,0.1667062650974602,0.1658333333333333,1.990049751243781,0.5027486256871564,2000
P46977,10,4,2,0,4,0,4,6,0.6666666666666666,0.6666666666666665,1.1105006845081086e-16,0.0,1.0000000000000002,1.0,2000
P46977,15,4,2,0,4,0,6,6,1.0,1.0,0.0,0.0,1.0,1.0,2000
P46977,20,4,2,0,4,0,6,6,1.0,1.0,0.0,0.0,1.0,1.0,2000
P46977,25,4,2,0,4,0,6,6,1.0,1.0,0.0,0.0,1.0,1.0,2000
P46977,30,4,2,0,4,0,6,6,1.0,1.0,0.0,0.0,1.0,1.0,2000
P46977,5,4,2,0,4,0,2,6,0.3333333333333333,0.3333333333333332,5.552503422540543e-17,0.0,1.0000000000000002,1.0,2000
P47914,10,4,3,1,4,0,2,6,0.3333333333333333,0.2509166666666667,0.0833491314023093,0.0824166666666666,1.328462304882099,0.5057471264367817,2000
P47914,15,4,3,1,4,0,2,6,0.3333333333333333,0.3333333333333332,5.552503422540543e-17,0.0,1.0000000000000002,1.0,2000
P47914,20,4,3,1,4,0,2,6,0.3333333333333333,0.3333333333333332,5.552503422540543e-17,0.0,1.0000000000000002,1.0,2000
P47914,25,4,3,1,4,0,2,6,0.3333333333333333,0.3333333333333332,5.552503422540543e-17,0.0,1.0000000000000002,1.0,2000
P47914,30,4,3,1,4,0,2,6,0.3333333333333333,0.3333333333333332,5.552503422540543e-17,0.0,1.0000000000000002,1.0,2000
P47914,5,4,3,1,4,0,0,6,0.0,0.0,0.0,0.0,inf,1.0,2000
P47985,10,3,2,0,3,0,3,3,1.0,1.0,0.0,0.0,1.0,1.0,2000
P47985,15,3,2,0,3,0,3,3,1.0,1.0,0.0,0.0,1.0,1.0,2000
P47985,20,3,2,0,3,0,3,3,1.0,1.0,0.0,0.0,1.0,1.0,2000
P47985,25,3,2,0,3,0,3,3,1.0,1.0,0.0,0.0,1.0,1.0,2000
P47985,30,3,2,0,3,0,3,3,1.0,1.0,0.0,0.0,1.0,1.0,2000
P47985,5,3,2,0,3,0,3,3,1.0,1.0,0.0,0.0,1.0,1.0,2000
P48382,10,3,2,0,3,0,3,3,1.0,1.0,0.0,0.0,1.0,1.0,2000
P48382,15,3,2,0,3,0,3,3,1.0,1.0,0.0,0.0,1.0,1.0,2000
P48382,20,3,2,0,3,0,3,3,1.0,1.0,0.0,0.0,1.0,1.0,2000
P48382,25,3,2,0,3,0,3,3,1.0,1.0,0.0,0.0,1.0,1.0,2000
P48382,30,3,2,0,3,0,3,3,1.0,1.0,0.0,0.0,1.0,1.0,2000
P48382,5,3,2,0,3,0,1,3,0.3333333333333333,0.3333333333333332,5.552503422540543e-17,0.0,1.0000000000000002,1.0,2000
P48431,10,7,2,6,7,0,19,21,0.9047619047619048,0.8452380952380955,0.0650559364515839,0.0595238095238093,1.0704225352112673,0.3468265867066467,2000
P48431,15,7,2,6,7,0,21,21,1.0,1.0,0.0,0.0,1.0,1.0,2000
P48431,20,7,2,6,7,0,21,21,1.0,1.0,0.0,0.0,1.0,1.0,2000
P48431,25,7,2,6,7,0,21,21,1.0,1.0,0.0,0.0,1.0,1.0,2000
P48431,30,7,2,6,7,0,21,21,1.0,1.0,0.0,0.0,1.0,1.0,2000
P48431,5,7,2,6,7,0,10,21,0.4761904761904761,0.4848095238095238,0.0379627690386525,-0.0086190476190476,0.9822217856792064,0.8570714642678661,2000
P48634,10,8,6,2,7,1,8,28,0.2857142857142857,0.2857142857142856,1.1105006845081086e-16,0.0,1.0000000000000004,1.0,2000
P48634,15,8,6,2,7,1,9,28,0.3214285714285714,0.3214285714285714,0.0,0.0,1.0,1.0,2000
P48634,20,8,6,2,7,1,10,28,0.3571428571428571,0.357142857142857,1.1105006845081086e-16,0.0,1.0000000000000002,1.0,2000
P48634,25,8,6,2,7,1,10,28,0.3571428571428571,0.357142857142857,1.1105006845081086e-16,0.0,1.0000000000000002,1.0,2000
P48634,30,8,6,2,7,1,10,28,0.3571428571428571,0.357142857142857,1.1105006845081086e-16,0.0,1.0000000000000002,1.0,2000
P48634,5,8,6,2,7,1,3,28,0.1071428571428571,0.1071428571428571,0.0,0.0,1.0,1.0,2000
P49023,10,4,2,4,2,2,5,6,0.8333333333333334,0.5975,0.1103018581739445,0.2358333333333333,1.394700139470014,0.0979510244877561,2000
P49023,15,4,2,4,2,2,5,6,0.8333333333333334,0.7981666666666667,0.0982701529250993,0.0351666666666666,1.044059302568386,0.6986506746626686,2000
P49023,20,4,2,4,2,2,6,6,1.0,1.0,0.0,0.0,1.0,1.0,2000
P49023,25,4,2,4,2,2,6,6,1.0,1.0,0.0,0.0,1.0,1.0,2000
P49023,30,4,2,4,2,2,6,6,1.0,1.0,0.0,0.0,1.0,1.0,2000
P49023,5,4,2,4,2,2,1,6,0.1666666666666666,0.2496666666666666,0.1094445072225724,-0.0829999999999999,0.6675567423230975,1.0,2000
P49257,10,5,3,2,5,0,2,10,0.2,0.2,2.776251711270272e-17,0.0,1.0,1.0,2000
P49257,15,5,3,2,5,0,2,10,0.2,0.2,2.776251711270272e-17,0.0,1.0,1.0,2000
P49257,20,5,3,2,5,0,2,10,0.2,0.2,2.776251711270272e-17,0.0,1.0,1.0,2000
P49257,25,5,3,2,5,0,2,10,0.2,0.2,2.776251711270272e-17,0.0,1.0,1.0,2000
P49257,30,5,3,2,5,0,2,10,0.2,0.2,2.776251711270272e-17,0.0,1.0,1.0,2000
P49257,5,5,3,2,5,0,2,10,0.2,0.13255,0.0468678546329885,0.06745,1.5088645794039983,0.3258370814592704,2000
P49321,10,14,7,7,14,0,23,91,0.2527472527472527,0.2521868131868132,0.0179081329936811,0.0005604395604395,1.0022223190552966,0.6241879060469765,2000
P49321,15,14,7,7,14,0,28,91,0.3076923076923077,0.3337032967032967,0.0218410184311389,-0.0260109890109889,0.9220535449665755,0.8995502248875562,2000
P49321,20,14,7,7,14,0,35,91,0.3846153846153846,0.4061978021978022,0.0198543670350267,-0.0215824175824176,0.9468672221621036,0.8900549725137431,2000
P49321,25,14,7,7,14,0,37,91,0.4065934065934066,0.4522857142857143,0.0275738441472815,-0.0456923076923077,0.8989746829291996,0.95952023988006,2000
P49321,30,14,7,7,14,0,43,91,0.4725274725274725,0.488989010989011,0.0253144678572564,-0.0164615384615385,0.9663355656433996,0.8790604697651174,2000
P49321,5,14,7,7,14,0,14,91,0.1538461538461538,0.1351758241758242,0.0185607792235179,0.0186703296703296,1.1381188521258434,0.271864067966017,2000
P49336,10,9,5,8,9,0,11,36,0.3055555555555556,0.3032083333333333,0.0377029578780092,0.0023472222222222,1.0077412853282033,0.5827086456771614,2000
P49336,15,9,5,8,9,0,17,36,0.4722222222222222,0.4506111111111112,0.0355570232730249,0.021611111111111,1.0479595610898778,0.3433283358320839,2000
P49336,20,9,5,8,9,0,19,36,0.5277777777777778,0.5317638888888889,0.0554575573195434,-0.0039861111111111,0.9925039830751952,0.5797101449275363,2000
P49336,25,9,5,8,9,0,22,36,0.6111111111111112,0.613625,0.0651272394175501,-0.0025138888888888,0.9959032163147056,0.5792103948025987,2000
P49336,30,9,5,8,9,0,25,36,0.6944444444444444,0.724111111111111,0.0928291606715257,-0.0296666666666666,0.9590302286328064,0.6581709145427287,2000
P49336,5,9,5,8,9,0,7,36,0.1944444444444444,0.1486944444444444,0.0413366397378685,0.0457499999999999,1.307677937605081,0.2083958020989505,2000
P49407,10,7,7,3,5,2,2,21,0.0952380952380952,0.0952380952380952,4.164377566905407e-17,0.0,0.9999999999999996,1.0,2000
P49407,15,7,7,3,5,2,2,21,0.0952380952380952,0.0952380952380952,4.164377566905407e-17,0.0,0.9999999999999996,1.0,2000
P49407,20,7,7,3,5,2,3,21,0.1428571428571428,0.1197380952380952,0.0238054619084571,0.0231190476190476,1.1930801352157487,0.5147426286856571,2000
P49407,25,7,7,3,5,2,3,21,0.1428571428571428,0.1428571428571428,5.552503422540543e-17,0.0,1.0000000000000004,1.0,2000
P49407,30,7,7,3,5,2,4,21,0.1904761904761904,0.1673571428571428,0.0238054619084571,0.0231190476190476,1.1381419832124058,0.5147426286856571,2000
P49407,5,7,7,3,5,2,1,21,0.0476190476190476,0.0476190476190476,2.0821887834527037e-17,0.0,0.9999999999999996,1.0,2000
P49454,10,3,3,2,2,1,0,3,0.0,0.0,0.0,0.0,inf,1.0,2000
P49454,15,3,3,2,2,1,0,3,0.0,0.0,0.0,0.0,inf,1.0,2000
P49454,20,3,3,2,2,1,0,3,0.0,0.0,0.0,0.0,inf,1.0,2000
P49454,25,3,3,2,2,1,0,3,0.0,0.0,0.0,0.0,inf,1.0,2000
P49454,30,3,3,2,2,1,0,3,0.0,0.0,0.0,0.0,inf,1.0,2000
P49454,5,3,3,2,2,1,0,3,0.0,0.0,0.0,0.0,inf,1.0,2000
P49748,10,3,3,2,3,0,1,3,0.3333333333333333,0.3333333333333332,5.552503422540543e-17,0.0,1.0000000000000002,1.0,2000
P49748,15,3,3,2,3,0,1,3,0.3333333333333333,0.3333333333333332,5.552503422540543e-17,0.0,1.0000000000000002,1.0,2000
P49748,20,3,3,2,3,0,1,3,0.3333333333333333,0.3333333333333332,5.552503422540543e-17,0.0,1.0000000000000002,1.0,2000
P49748,25,3,3,2,3,0,1,3,0.3333333333333333,0.3333333333333332,5.552503422540543e-17,0.0,1.0000000000000002,1.0,2000
P49748,30,3,3,2,3,0,1,3,0.3333333333333333,0.3726666666666666,0.1075629345659843,-0.0393333333333333,0.8944543828264758,1.0,2000
P49748,5,3,3,2,3,0,0,3,0.0,0.1131666666666666,0.1578860087964244,-0.1131666666666666,0.0,1.0,2000
P49750,10,16,7,13,15,1,16,120,0.1333333333333333,0.1288125,0.0169686534598066,0.0045208333333333,1.035096231602782,0.4607696151924038,2000
P49750,15,16,7,13,15,1,22,120,0.1833333333333333,0.1700541666666666,0.0201645752060653,0.0132791666666666,1.0780878641609293,0.3058470764617691,2000
P49750,20,16,7,13,15,1,26,120,0.2166666666666666,0.2075416666666666,0.0171230960884494,0.0091249999999999,1.0439670748845613,0.3663168415792104,2000
P49750,25,16,7,13,15,1,30,120,0.25,0.2279208333333333,0.0153372807910416,0.0220791666666666,1.0968720864335202,0.2298850574712643,2000
P49750,30,16,7,13,15,1,31,120,0.2583333333333333,0.2439333333333333,0.0113251792656123,0.0144,1.0590325225471442,0.2593703148425787,2000
P49750,5,16,7,13,15,1,9,120,0.075,0.0601041666666666,0.0106528583488684,0.0148958333333333,1.2478336221837087,0.1439280359820089,2000
P49756,10,5,3,1,5,0,4,10,0.4,0.4000000000000001,5.552503422540543e-17,0.0,1.0,1.0,2000
P49756,15,5,3,1,5,0,6,10,0.6,0.5999999999999998,2.221001369016217e-16,0.0,1.0000000000000004,1.0,2000
P49756,20,5,3,1,5,0,6,10,0.6,0.5999999999999998,2.221001369016217e-16,0.0,1.0000000000000004,1.0,2000
P49756,25,5,3,1,5,0,6,10,0.6,0.5999999999999998,2.221001369016217e-16,0.0,1.0000000000000004,1.0,2000
P49756,30,5,3,1,5,0,8,10,0.8,0.7657,0.0474830213724793,0.0343,1.0447956118584305,0.6571714142928535,2000
P49756,5,5,3,1,5,0,2,10,0.2,0.2,2.776251711270272e-17,0.0,1.0,1.0,2000
P49790,10,141,70,32,124,17,336,9870,0.0340425531914893,0.0335489361702127,0.0003002819370574,0.0004936170212766,1.014713343480467,0.0739630184907546,2000
P49790,15,141,70,32,124,17,466,9870,0.0472137791286727,0.0462220871327254,0.0004279611390781,0.0009916919959473,1.021454937616722,0.015992003998001,2000
P49790,20,141,70,32,124,17,603,9870,0.0610942249240121,0.0608733029381965,0.0006411135867451,0.0002209219858156,1.0036292097709878,0.3698150924537731,2000
P49790,25,141,70,32,124,17,744,9870,0.0753799392097264,0.0745954407294832,0.0007596220913733,0.0007844984802431,1.0105167081603297,0.1729135432283858,2000
P49790,30,141,70,32,124,17,886,9870,0.0897669706180344,0.0873898176291793,0.0007318342807093,0.0023771529888551,1.027201715867426,0.0019990004997501,2000
P49790,5,141,70,32,124,17,190,9870,0.0192502532928064,0.0186110435663627,0.0002534882493068,0.0006392097264437,1.034345721891655,0.0194902548725637,2000
P49792,10,55,35,24,52,3,59,1485,0.0397306397306397,0.0399195286195286,0.0019477470169538,-0.0001888888888888,0.9952682585335818,0.6046976511744128,2000
P49792,15,55,35,24,52,3,77,1485,0.0518518518518518,0.0517511784511784,0.0021064681620191,0.0001006734006733,1.0019453354239725,0.5432283858070964,2000
P49792,20,55,35,24,52,3,93,1485,0.0626262626262626,0.0618791245791245,0.0022103444117902,0.000747138047138,1.0120741534761484,0.4152923538230884,2000
P49792,25,55,35,24,52,3,104,1485,0.07003367003367,0.0695319865319865,0.0018942716016293,0.0005016835016835,1.0072151469662487,0.4587706146926537,2000
P49792,30,55,35,24,52,3,110,1485,0.074074074074074,0.0737717171717171,0.0013336666216255,0.0003023569023569,1.0040985477083733,0.544727636181909,2000
P49792,5,55,35,24,52,3,33,1485,0.0222222222222222,0.0218333333333333,0.001234855099497,0.0003888888888888,1.0178117048346056,0.4732633683158421,2000
P49840,10,3,3,2,2,1,0,3,0.0,0.0,0.0,0.0,inf,1.0,2000
P49840,15,3,3,2,2,1,0,3,0.0,0.0,0.0,0.0,inf,1.0,2000
P49840,20,3,3,2,2,1,0,3,0.0,0.0,0.0,0.0,inf,1.0,2000
P49840,25,3,3,2,2,1,0,3,0.0,0.0,0.0,0.0,inf,1.0,2000
P49840,30,3,3,2,2,1,0,3,0.0,0.0,0.0,0.0,inf,1.0,2000
P49840,5,3,3,2,2,1,0,3,0.0,0.0,0.0,0.0,inf,1.0,2000
P49848,10,16,6,0,15,1,36,120,0.3,0.2999999999999999,1.1105006845081086e-16,0.0,1.0000000000000004,1.0,2000
P49848,15,16,6,0,15,1,43,120,0.3583333333333333,0.3583333333333334,5.552503422540543e-17,0.0,1.0,1.0,2000
P49848,20,16,6,0,15,1,45,120,0.375,0.375,0.0,0.0,1.0,1.0,2000
P49848,25,16,6,0,15,1,46,120,0.3833333333333333,0.3833333333333334,5.552503422540543e-17,0.0,1.0,1.0,2000
P49848,30,16,6,0,15,1,49,120,0.4083333333333333,0.4083333333333332,5.552503422540543e-17,0.0,1.0000000000000002,1.0,2000
P49848,5,16,6,0,15,1,21,120,0.175,0.1749999999999999,2.776251711270272e-17,0.0,1.0000000000000002,1.0,2000
P49916,10,5,2,3,5,0,3,10,0.3,0.2999999999999999,1.1105006845081086e-16,0.0,1.0000000000000004,1.0,2000
P49916,15,5,2,3,5,0,4,10,0.4,0.4000000000000001,5.552503422540543e-17,0.0,1.0,1.0,2000
P49916,20,5,2,3,5,0,4,10,0.4,0.4000000000000001,5.552503422540543e-17,0.0,1.0,1.0,2000
P49916,25,5,2,3,5,0,4,10,0.4,0.4000000000000001,5.552503422540543e-17,0.0,1.0,1.0,2000
P49916,30,5,2,3,5,0,4,10,0.4,0.4000000000000001,5.552503422540543e-17,0.0,1.0,1.0,2000
P49916,5,5,2,3,5,0,3,10,0.3,0.2999999999999999,1.1105006845081086e-16,0.0,1.0000000000000004,1.0,2000
P49959,10,3,2,3,3,0,1,3,0.3333333333333333,0.3333333333333332,5.552503422540543e-17,0.0,1.0000000000000002,1.0,2000
P49959,15,3,2,3,3,0,1,3,0.3333333333333333,0.3333333333333332,5.552503422540543e-17,0.0,1.0000000000000002,1.0,2000
P49959,20,3,2,3,3,0,1,3,0.3333333333333333,0.3333333333333332,5.552503422540543e-17,0.0,1.0000000000000002,1.0,2000
P49959,25,3,2,3,3,0,1,3,0.3333333333333333,0.3333333333333332,5.552503422540543e-17,0.0,1.0000000000000002,1.0,2000
P49959,30,3,2,3,3,0,1,3,0.3333333333333333,0.3333333333333332,5.552503422540543e-17,0.0,1.0000000000000002,1.0,2000
P49959,5,3,2,3,3,0,1,3,0.3333333333333333,0.3333333333333332,5.552503422540543e-17,0.0,1.0000000000000002,1.0,2000
P50402,10,9,4,8,9,0,9,36,0.25,0.2014444444444444,0.0285182285692808,0.0485555555555555,1.2410369553226694,0.0694652673663168,2000
P50402,15,9,4,8,9,0,10,36,0.2777777777777778,0.2405277777777778,0.0252935476874402,0.0372499999999999,1.154867767640605,0.1474262868565717,2000
P50402,20,9,4,8,9,0,12,36,0.3333333333333333,0.2586388888888889,0.0316584841308464,0.0746944444444444,1.2887981956825258,0.0519740129935032,2000
P50402,25,9,4,8,9,0,12,36,0.3333333333333333,0.3010972222222222,0.0348001848327729,0.032236111111111,1.1070621338622628,0.3088455772113943,2000
P50402,30,9,4,8,9,0,12,36,0.3333333333333333,0.3627916666666666,0.0332818761245152,-0.0294583333333333,0.918800964741013,0.9110444777611194,2000
P50402,5,9,4,8,9,0,9,36,0.25,0.1276805555555555,0.0365734771931753,0.1223194444444444,1.9580115305123464,0.0034982508745627,2000
P50416,10,3,3,1,3,0,1,3,0.3333333333333333,0.3333333333333332,5.552503422540543e-17,0.0,1.0000000000000002,1.0,2000
P50416,15,3,3,1,3,0,1,3,0.3333333333333333,0.3333333333333332,5.552503422540543e-17,0.0,1.0000000000000002,1.0,2000
P50416,20,3,3,1,3,0,1,3,0.3333333333333333,0.3333333333333332,5.552503422540543e-17,0.0,1.0000000000000002,1.0,2000
P50416,25,3,3,1,3,0,1,3,0.3333333333333333,0.3333333333333332,5.552503422540543e-17,0.0,1.0000000000000002,1.0,2000
P50416,30,3,3,1,3,0,1,3,0.3333333333333333,0.3333333333333332,5.552503422540543e-17,0.0,1.0000000000000002,1.0,2000
P50416,5,3,3,1,3,0,1,3,0.3333333333333333,0.3333333333333332,5.552503422540543e-17,0.0,1.0000000000000002,1.0,2000
P50502,10,3,3,0,2,1,0,3,0.0,0.0,0.0,0.0,inf,1.0,2000
P50502,15,3,3,0,2,1,0,3,0.0,0.0,0.0,0.0,inf,1.0,2000
P50502,20,3,3,0,2,1,0,3,0.0,0.0,0.0,0.0,inf,1.0,2000
P50502,25,3,3,0,2,1,0,3,0.0,0.0,0.0,0.0,inf,1.0,2000
P50502,30,3,3,0,2,1,1,3,0.3333333333333333,0.3333333333333332,5.552503422540543e-17,0.0,1.0000000000000002,1.0,2000
P50502,5,3,3,0,2,1,0,3,0.0,0.0,0.0,0.0,inf,1.0,2000
P51003,10,6,4,5,6,0,2,15,0.1333333333333333,0.1279666666666666,0.0181422500612605,0.0053666666666666,1.0419380046887212,0.9195402298850576,2000
P51003,15,6,4,5,6,0,2,15,0.1333333333333333,0.1333333333333333,2.776251711270272e-17,0.0,1.0000000000000002,1.0,2000
P51003,20,6,4,5,6,0,2,15,0.1333333333333333,0.1558333333333333,0.0315316844390175,-0.0224999999999999,0.8556149732620322,1.0,2000
P51003,25,6,4,5,6,0,3,15,0.2,0.2,2.776251711270272e-17,0.0,1.0,1.0,2000
P51003,30,6,4,5,6,0,3,15,0.2,0.2,2.776251711270272e-17,0.0,1.0,1.0,2000
P51003,5,6,4,5,6,0,2,15,0.1333333333333333,0.0622666666666666,0.0446152905511593,0.0710666666666666,2.1413276231263385,0.1934032983508246,2000
P51532,10,5,4,4,4,1,2,10,0.2,0.2645,0.0935100104856721,-0.0645,0.7561436672967864,1.0,2000
P51532,15,5,4,4,4,1,2,10,0.2,0.2645,0.0935100104856721,-0.0645,0.7561436672967864,1.0,2000
P51532,20,5,4,4,4,1,2,10,0.2,0.2645,0.0935100104856721,-0.0645,0.7561436672967864,1.0,2000
P51532,25,5,4,4,4,1,3,10,0.3,0.33325,0.0737709873818267,-0.03325,0.900225056264066,0.8390804597701149,2000
P51532,30,5,4,4,4,1,3,10,0.3,0.3654,0.0475812146334348,-0.0654,0.8210180623973726,1.0,2000
P51532,5,5,4,4,4,1,1,10,0.1,0.22915,0.094072856612179,-0.12915,0.4363953742090333,1.0,2000
P51608,10,7,5,6,7,0,2,21,0.0952380952380952,0.0952380952380952,4.164377566905407e-17,0.0,0.9999999999999996,1.0,2000
P51608,15,7,5,6,7,0,2,21,0.0952380952380952,0.0952380952380952,4.164377566905407e-17,0.0,0.9999999999999996,1.0,2000
P51608,20,7,5,6,7,0,4,21,0.1904761904761904,0.1581904761904762,0.0450941162979868,0.0322857142857142,1.2040939193257072,0.6611694152923538,2000
P51608,25,7,5,6,7,0,4,21,0.1904761904761904,0.2209523809523809,0.0444374108929418,-0.0304761904761904,0.8620689655172413,1.0,2000
P51608,30,7,5,6,7,0,6,21,0.2857142857142857,0.2857142857142856,1.1105006845081086e-16,0.0,1.0000000000000004,1.0,2000
P51608,5,7,5,6,7,0,1,21,0.0476190476190476,0.0628571428571428,0.0222187054464709,-0.0152380952380952,0.7575757575757575,1.0,2000
P51610,10,174,100,36,149,25,397,15051,0.0263769849179456,0.0246201249086439,0.0003351237991104,0.0017568600093017,1.0713586960188364,0.0004997501249375,2000
P51610,15,174,100,36,149,25,575,15051,0.0382034416317852,0.0359132615773038,0.0003961443790215,0.0022901800544814,1.063769759523283,0.0004997501249375,2000
P51610,20,174,100,36,149,25,740,15051,0.0491661683609062,0.0466698226031492,0.0004107998795603,0.0024963457577569,1.0534895060344305,0.0004997501249375,2000
P51610,25,174,100,36,149,25,912,15051,0.0605939804664141,0.0578733306757026,0.0004612393738038,0.0027206497907115,1.0470104236087074,0.0004997501249375,2000
P51610,30,174,100,36,149,25,1082,15051,0.0718889110358115,0.0684402033087502,0.0005073130460602,0.0034487077270613,1.0503900859485085,0.0004997501249375,2000
P51610,5,174,100,36,149,25,209,15051,0.0138861205235532,0.0128746927114477,0.0002845840768868,0.0010114278121055,1.0785593749516198,0.0004997501249375,2000
P51659,10,4,4,1,3,1,1,6,0.1666666666666666,0.1666666666666666,2.776251711270272e-17,0.0,1.0000000000000002,1.0,2000
P51659,15,4,4,1,3,1,1,6,0.1666666666666666,0.1666666666666666,2.776251711270272e-17,0.0,1.0000000000000002,1.0,2000
P51659,20,4,4,1,3,1,1,6,0.1666666666666666,0.1666666666666666,2.776251711270272e-17,0.0,1.0000000000000002,1.0,2000
P51659,25,4,4,1,3,1,1,6,0.1666666666666666,0.1666666666666666,2.776251711270272e-17,0.0,1.0000000000000002,1.0,2000
P51659,30,4,4,1,3,1,1,6,0.1666666666666666,0.1666666666666666,2.776251711270272e-17,0.0,1.0000000000000002,1.0,2000
P51659,5,4,4,1,3,1,1,6,0.1666666666666666,0.1666666666666666,2.776251711270272e-17,0.0,1.0000000000000002,1.0,2000
P51812,10,3,2,0,3,0,1,3,0.3333333333333333,0.3333333333333332,5.552503422540543e-17,0.0,1.0000000000000002,1.0,2000
P51812,15,3,2,0,3,0,1,3,0.3333333333333333,0.3333333333333332,5.552503422540543e-17,0.0,1.0000000000000002,1.0,2000
P51812,20,3,2,0,3,0,1,3,0.3333333333333333,0.3333333333333332,5.552503422540543e-17,0.0,1.0000000000000002,1.0,2000
P51812,25,3,2,0,3,0,1,3,0.3333333333333333,0.3333333333333332,5.552503422540543e-17,0.0,1.0000000000000002,1.0,2000
P51812,30,3,2,0,3,0,1,3,0.3333333333333333,0.3333333333333332,5.552503422540543e-17,0.0,1.0000000000000002,1.0,2000
P51812,5,3,2,0,3,0,0,3,0.0,0.0,0.0,0.0,inf,1.0,2000
P51826,10,5,3,1,5,0,6,10,0.6,0.5999999999999998,2.221001369016217e-16,0.0,1.0000000000000004,1.0,2000
P51826,15,5,3,1,5,0,6,10,0.6,0.5999999999999998,2.221001369016217e-16,0.0,1.0000000000000004,1.0,2000
P51826,20,5,3,1,5,0,6,10,0.6,0.5999999999999998,2.221001369016217e-16,0.0,1.0000000000000004,1.0,2000
P51826,25,5,3,1,5,0,6,10,0.6,0.5999999999999998,2.221001369016217e-16,0.0,1.0000000000000004,1.0,2000
P51826,30,5,3,1,5,0,6,10,0.6,0.5999999999999998,2.221001369016217e-16,0.0,1.0000000000000004,1.0,2000
P51826,5,5,3,1,5,0,6,10,0.6,0.5999999999999998,2.221001369016217e-16,0.0,1.0000000000000004,1.0,2000
P51991,10,4,2,3,3,1,3,6,0.5,0.2605833333333333,0.1200957215078688,0.2394166666666666,1.918771985929005,0.1369315342328835,2000
P51991,15,4,2,3,3,1,3,6,0.5,0.3958333333333333,0.1212939290307679,0.1041666666666666,1.2631578947368425,0.5227386306846576,2000
P51991,20,4,2,3,3,1,3,6,0.5,0.5,0.0,0.0,1.0,1.0,2000
P51991,25,4,2,3,3,1,3,6,0.5,0.5,0.0,0.0,1.0,1.0,2000
P51991,30,4,2,3,3,1,3,6,0.5,0.5,0.0,0.0,1.0,1.0,2000
P51991,5,4,2,3,3,1,3,6,0.5,0.163,0.1035091051318693,0.3369999999999999,3.067484662576687,0.0469765117441279,2000
P52179,10,3,2,1,1,2,1,3,0.3333333333333333,0.3333333333333332,5.552503422540543e-17,0.0,1.0000000000000002,1.0,2000
P52179,15,3,2,1,1,2,1,3,0.3333333333333333,0.3333333333333332,5.552503422540543e-17,0.0,1.0000000000000002,1.0,2000
P52179,20,3,2,1,1,2,1,3,0.3333333333333333,0.3333333333333332,5.552503422540543e-17,0.0,1.0000000000000002,1.0,2000
P52179,25,3,2,1,1,2,1,3,0.3333333333333333,0.3333333333333332,5.552503422540543e-17,0.0,1.0000000000000002,1.0,2000
P52179,30,3,2,1,1,2,1,3,0.3333333333333333,0.3333333333333332,5.552503422540543e-17,0.0,1.0000000000000002,1.0,2000
P52179,5,3,2,1,1,2,1,3,0.3333333333333333,0.3333333333333332,5.552503422540543e-17,0.0,1.0000000000000002,1.0,2000
P52594,10,18,5,4,18,0,42,153,0.2745098039215686,0.2685718954248366,0.0052183166710488,0.005937908496732,1.022109195332368,0.3303348325837081,2000
P52594,15,18,5,4,18,0,49,153,0.3202614379084967,0.3202614379084966,5.552503422540543e-17,0.0,1.0000000000000002,1.0,2000
P52594,20,18,5,4,18,0,52,153,0.3398692810457516,0.3366013071895424,0.0032687911561734,0.0032679738562091,1.009708737864078,0.5002498750624688,2000
P52594,25,18,5,4,18,0,52,153,0.3398692810457516,0.3398692810457515,1.1105006845081086e-16,0.0,1.0000000000000002,1.0,2000
P52594,30,18,5,4,18,0,52,153,0.3398692810457516,0.3398692810457515,1.1105006845081086e-16,0.0,1.0000000000000002,1.0,2000
P52594,5,18,5,4,18,0,24,153,0.1568627450980392,0.1509607843137254,0.0065525721476627,0.0059019607843137,1.0390959864917522,0.3323338330834582,2000
P52597,10,3,3,3,2,1,0,3,0.0,0.0,0.0,0.0,inf,1.0,2000
P52597,15,3,3,3,2,1,0,3,0.0,0.0541666666666666,0.1230003752999955,-0.0541666666666666,0.0,1.0,2000
P52597,20,3,3,3,2,1,1,3,0.3333333333333333,0.1631666666666666,0.1666715857203052,0.1701666666666666,2.042900919305413,0.4897551224387806,2000
P52597,25,3,3,3,2,1,1,3,0.3333333333333333,0.2133333333333333,0.1600400150062527,0.12,1.5625,0.6401799100449775,2000
P52597,30,3,3,3,2,1,1,3,0.3333333333333333,0.274,0.1275361363158164,0.0593333333333332,1.21654501216545,0.8220889555222389,2000
P52597,5,3,3,3,2,1,0,3,0.0,0.0,0.0,0.0,inf,1.0,2000
P52655,10,4,2,4,4,0,1,6,0.1666666666666666,0.2005833333333333,0.1421512765935045,-0.0339166666666666,0.8309098462816785,0.8260869565217391,2000
P52655,15,4,2,4,4,0,3,6,0.5,0.3435833333333333,0.1384500292314378,0.1564166666666667,1.4552510308028137,0.3778110944527736,2000
P52655,20,4,2,4,4,0,3,6,0.5,0.3743333333333333,0.1368109919291765,0.1256666666666666,1.335707925200356,0.4902548725637181,2000
P52655,25,4,2,4,4,0,3,6,0.5,0.4279166666666666,0.1138562798424536,0.0720833333333333,1.168451801363194,0.6781609195402298,2000
P52655,30,4,2,4,4,0,3,6,0.5,0.463,0.0777861942292654,0.0369999999999999,1.079913606911447,0.800599700149925,2000
P52655,5,4,2,4,4,0,1,6,0.1666666666666666,0.0905,0.1004618040093357,0.0761666666666666,1.8416206261510129,0.4857571214392803,2000
P52746,10,3,2,2,1,2,1,3,0.3333333333333333,0.3333333333333332,5.552503422540543e-17,0.0,1.0000000000000002,1.0,2000
P52746,15,3,2,2,1,2,1,3,0.3333333333333333,0.3333333333333332,5.552503422540543e-17,0.0,1.0000000000000002,1.0,2000
P52746,20,3,2,2,1,2,1,3,0.3333333333333333,0.3333333333333332,5.552503422540543e-17,0.0,1.0000000000000002,1.0,2000
P52746,25,3,2,2,1,2,1,3,0.3333333333333333,0.3333333333333332,5.552503422540543e-17,0.0,1.0000000000000002,1.0,2000
P52746,30,3,2,2,1,2,1,3,0.3333333333333333,0.3333333333333332,5.552503422540543e-17,0.0,1.0000000000000002,1.0,2000
P52746,5,3,2,2,1,2,1,3,0.3333333333333333,0.228,0.1550097222983239,0.1053333333333333,1.461988304093567,0.6841579210394803,2000
P52948,10,102,40,58,61,41,202,5151,0.0392156862745098,0.0332907202484954,0.000997698766396,0.0059249660260143,1.177976504617143,0.0004997501249375,2000
P52948,15,102,40,58,61,41,289,5151,0.0561056105610561,0.0496232770335857,0.0011947862180866,0.0064823335274703,1.1306309037809628,0.0004997501249375,2000
P52948,20,102,40,58,61,41,376,5151,0.0729955348476024,0.0665773636187148,0.0014184777229924,0.0064181712288875,1.0964017029217938,0.000999500249875,2000
P52948,25,102,40,58,61,41,444,5151,0.0861968549796156,0.0804200155309648,0.0015098753448901,0.0057768394486507,1.0718333540538354,0.0019990004997501,2000
P52948,30,102,40,58,61,41,502,5151,0.0974568045039798,0.0926413317802368,0.0017594575350728,0.0048154727237429,1.0519797441509822,0.0104947526236881,2000
P52948,5,102,40,58,61,41,107,5151,0.0207726655018443,0.0186323044069112,0.0007196502845306,0.002140361094933,1.1148736650169313,0.0039980009995002,2000
P53396,10,3,2,1,3,0,1,3,0.3333333333333333,0.3333333333333332,5.552503422540543e-17,0.0,1.0000000000000002,1.0,2000
P53396,15,3,2,1,3,0,1,3,0.3333333333333333,0.3333333333333332,5.552503422540543e-17,0.0,1.0000000000000002,1.0,2000
P53396,20,3,2,1,3,0,1,3,0.3333333333333333,0.3333333333333332,5.552503422540543e-17,0.0,1.0000000000000002,1.0,2000
P53396,25,3,2,1,3,0,1,3,0.3333333333333333,0.3333333333333332,5.552503422540543e-17,0.0,1.0000000000000002,1.0,2000
P53396,30,3,2,1,3,0,1,3,0.3333333333333333,0.3333333333333332,5.552503422540543e-17,0.0,1.0000000000000002,1.0,2000
P53396,5,3,2,1,3,0,1,3,0.3333333333333333,0.3333333333333332,5.552503422540543e-17,0.0,1.0000000000000002,1.0,2000
P53814,10,6,5,4,2,4,3,15,0.2,0.1677666666666666,0.0443194827668465,0.0322333333333333,1.192131929266839,0.6126936531734133,2000
P53814,15,6,5,4,2,4,3,15,0.2,0.2,2.776251711270272e-17,0.0,1.0,1.0,2000
P53814,20,6,5,4,2,4,3,15,0.2,0.2,2.776251711270272e-17,0.0,1.0,1.0,2000
P53814,25,6,5,4,2,4,3,15,0.2,0.2,2.776251711270272e-17,0.0,1.0,1.0,2000
P53814,30,6,5,4,2,4,3,15,0.2,0.2,2.776251711270272e-17,0.0,1.0,1.0,2000
P53814,5,6,5,4,2,4,2,15,0.1333333333333333,0.0897333333333333,0.0439950376431725,0.0436,1.4858841010401191,0.3078460769615192,2000
P53992,10,12,8,9,8,4,7,66,0.106060606060606,0.0841060606060606,0.0191665115549465,0.0219545454545454,1.261034047919294,0.2223888055972014,2000
P53992,15,12,8,9,8,4,8,66,0.1212121212121212,0.099810606060606,0.0209304781864678,0.0214015151515151,1.214421252371917,0.217391304347826,2000
P53992,20,12,8,9,8,4,9,66,0.1363636363636363,0.1103181818181818,0.02121763732258,0.0260454545454545,1.236093943139679,0.1569215392303848,2000
P53992,25,12,8,9,8,4,10,66,0.1515151515151515,0.1310227272727272,0.0210448401538756,0.0204924242424242,1.1564035848511132,0.2423788105947026,2000
P53992,30,12,8,9,8,4,12,66,0.1818181818181818,0.1459772727272726,0.020685240425236,0.0358409090909091,1.2455238984898027,0.088455772113943,2000
P53992,5,12,8,9,8,4,4,66,0.0606060606060606,0.0634621212121212,0.0137985509914247,-0.0028560606060605,0.9549958218932794,0.7986006996501749,2000
P54253,10,9,7,3,7,2,8,36,0.2222222222222222,0.1998888888888889,0.0110296608879078,0.0223333333333332,1.111728738187882,0.1964017991004497,2000
P54253,15,9,7,3,7,2,9,36,0.25,0.2053333333333333,0.0220593217758156,0.0446666666666666,1.2175324675324672,0.1964017991004497,2000
P54253,20,9,7,3,7,2,11,36,0.3055555555555556,0.2215277777777778,0.0445195487792364,0.0840277777777777,1.379310344827586,0.1964017991004497,2000
P54253,25,9,7,3,7,2,11,36,0.3055555555555556,0.2303194444444445,0.0462390561510193,0.075236111111111,1.326659832358439,0.1964017991004497,2000
P54253,30,9,7,3,7,2,11,36,0.3055555555555556,0.2360416666666666,0.0513528597519874,0.0695138888888889,1.2944983818770226,0.2918540729635182,2000
P54253,5,9,7,3,7,2,4,36,0.1111111111111111,0.1111111111111111,4.164377566905407e-17,0.0,0.9999999999999996,1.0,2000
P54259,10,7,5,5,6,1,2,21,0.0952380952380952,0.1031904761904761,0.0323087840946059,-0.0079523809523809,0.9229349330872174,0.8395802098950524,2000
P54259,15,7,5,5,6,1,3,21,0.1428571428571428,0.1274761904761904,0.0222733171763608,0.0153809523809523,1.1206574523720585,0.6771614192903548,2000
P54259,20,7,5,5,6,1,3,21,0.1428571428571428,0.1428571428571428,5.552503422540543e-17,0.0,1.0000000000000004,1.0,2000
P54259,25,7,5,5,6,1,3,21,0.1428571428571428,0.1428571428571428,5.552503422540543e-17,0.0,1.0000000000000004,1.0,2000
P54259,30,7,5,5,6,1,3,21,0.1428571428571428,0.1428571428571428,5.552503422540543e-17,0.0,1.0000000000000004,1.0,2000
P54259,5,7,5,5,6,1,2,21,0.0952380952380952,0.0560714285714285,0.039936043617819,0.0391666666666666,1.6985138004246283,0.3523238380809595,2000
P54577,10,3,2,3,2,1,1,3,0.3333333333333333,0.3333333333333332,5.552503422540543e-17,0.0,1.0000000000000002,1.0,2000
P54577,15,3,2,3,2,1,1,3,0.3333333333333333,0.3333333333333332,5.552503422540543e-17,0.0,1.0000000000000002,1.0,2000
P54577,20,3,2,3,2,1,1,3,0.3333333333333333,0.3333333333333332,5.552503422540543e-17,0.0,1.0000000000000002,1.0,2000
P54577,25,3,2,3,2,1,1,3,0.3333333333333333,0.3333333333333332,5.552503422540543e-17,0.0,1.0000000000000002,1.0,2000
P54577,30,3,2,3,2,1,1,3,0.3333333333333333,0.3333333333333332,5.552503422540543e-17,0.0,1.0000000000000002,1.0,2000
P54577,5,3,2,3,2,1,1,3,0.3333333333333333,0.3333333333333332,5.552503422540543e-17,0.0,1.0000000000000002,1.0,2000
P54578,10,6,5,4,6,0,5,15,0.3333333333333333,0.3913666666666667,0.0544901125339245,-0.0580333333333333,0.8517162081594412,1.0,2000
P54578,15,6,5,4,6,0,7,15,0.4666666666666667,0.4666666666666667,5.552503422540543e-17,0.0,1.0,1.0,2000
P54578,20,6,5,4,6,0,7,15,0.4666666666666667,0.4666666666666667,5.552503422540543e-17,0.0,1.0,1.0,2000
P54578,25,6,5,4,6,0,7,15,0.4666666666666667,0.4666666666666667,5.552503422540543e-17,0.0,1.0,1.0,2000
P54578,30,6,5,4,6,0,7,15,0.4666666666666667,0.4666666666666667,5.552503422540543e-17,0.0,1.0,1.0,2000
P54578,5,6,5,4,6,0,2,15,0.1333333333333333,0.2245666666666667,0.0607773097885799,-0.0912333333333333,0.5937360843105239,1.0,2000
P54727,10,17,3,17,15,2,31,136,0.2279411764705882,0.2645220588235294,0.0329165440971968,-0.0365808823529411,0.8617095205003474,0.9005497251374313,2000
P54727,15,17,3,17,15,2,44,136,0.3235294117647059,0.3256691176470588,0.0296984882122081,-0.0021397058823529,0.9934298164412634,0.5362318840579711,2000
P54727,20,17,3,17,15,2,54,136,0.3970588235294117,0.4046691176470588,0.0303573170445192,-0.007610294117647,0.98119378577269,0.6196901549225388,2000
P54727,25,17,3,17,15,2,59,136,0.4338235294117647,0.4529485294117648,0.0297034784256276,-0.019125,0.9577766594698136,0.728135932033983,2000
P54727,30,17,3,17,15,2,64,136,0.4705882352941176,0.4766691176470587,0.0198184659155407,-0.0060808823529411,0.9872429697502584,0.6596701649175413,2000
P54727,5,17,3,17,15,2,17,136,0.125,0.1595514705882352,0.0264387711475841,-0.0345514705882352,0.7834462417622933,0.942528735632184,2000
P55196,10,4,4,2,4,0,0,6,0.0,0.0,0.0,0.0,inf,1.0,2000
P55196,15,4,4,2,4,0,0,6,0.0,0.0,0.0,0.0,inf,1.0,2000
P55196,20,4,4,2,4,0,0,6,0.0,0.0,0.0,0.0,inf,1.0,2000
P55196,25,4,4,2,4,0,0,6,0.0,0.0,0.0,0.0,inf,1.0,2000
P55196,30,4,4,2,4,0,0,6,0.0,0.0,0.0,0.0,inf,1.0,2000
P55196,5,4,4,2,4,0,0,6,0.0,0.0,0.0,0.0,inf,1.0,2000
P55197,10,9,6,9,9,0,8,36,0.2222222222222222,0.1825833333333333,0.0299079171321857,0.0396388888888888,1.2171002586338049,0.2108945527236382,2000
P55197,15,9,6,9,9,0,9,36,0.25,0.2310555555555556,0.0216270843843947,0.0189444444444444,1.0819908631882662,0.512743628185907,2000
P55197,20,9,6,9,9,0,9,36,0.25,0.25,0.0,0.0,1.0,1.0,2000
P55197,25,9,6,9,9,0,9,36,0.25,0.25,0.0,0.0,1.0,1.0,2000
P55197,30,9,6,9,9,0,9,36,0.25,0.25,0.0,0.0,1.0,1.0,2000
P55197,5,9,6,9,9,0,6,36,0.1666666666666666,0.111625,0.0359719138567227,0.0550416666666666,1.4930944382232174,0.1304347826086956,2000
P55198,10,18,10,14,18,0,21,153,0.1372549019607843,0.1366045751633987,0.009495486105377,0.0006503267973856,1.0047606516590513,0.6151924037981009,2000
P55198,15,18,10,14,18,0,32,153,0.2091503267973856,0.1982614379084967,0.0083682177237456,0.0108888888888888,1.054921869849014,0.1614192903548225,2000
P55198,20,18,10,14,18,0,38,153,0.2483660130718954,0.240062091503268,0.0112615994227803,0.0083039215686274,1.0345907240773764,0.3298350824587706,2000
P55198,25,18,10,14,18,0,44,153,0.2875816993464052,0.2844934640522875,0.0177688116802901,0.0030882352941176,1.010855206478663,0.4857571214392803,2000
P55198,30,18,10,14,18,0,48,153,0.3137254901960784,0.3120980392156862,0.0159321283346686,0.0016274509803922,1.0052145504806185,0.5252373813093453,2000
P55198,5,18,10,14,18,0,16,153,0.1045751633986928,0.0875849673202614,0.0126347971062483,0.0169901960784313,1.1939852990560056,0.1284357821089455,2000
P55265,10,11,7,6,11,0,10,55,0.1818181818181818,0.1820181818181818,0.0128323978425993,-0.0001999999999999,0.9989012086704626,0.7566216891554223,2000
P55265,15,11,7,6,11,0,11,55,0.2,0.2,2.776251711270272e-17,0.0,1.0,1.0,2000
P55265,20,11,7,6,11,0,11,55,0.2,0.2,2.776251711270272e-17,0.0,1.0,1.0,2000
P55265,25,11,7,6,11,0,11,55,0.2,0.2,2.776251711270272e-17,0.0,1.0,1.0,2000
P55265,30,11,7,6,11,0,12,55,0.2181818181818181,0.2181818181818182,8.328755133810814e-17,0.0,0.9999999999999996,1.0,2000
P55265,5,11,7,6,11,0,6,55,0.109090909090909,0.095590909090909,0.0149769300996345,0.0134999999999999,1.1412268188302426,0.5012493753123438,2000
P55317,10,11,5,8,11,0,7,55,0.1272727272727272,0.1736,0.0362483779821589,-0.0463272727272727,0.7331378299120234,0.9565217391304348,2000
P55317,15,11,5,8,11,0,11,55,0.2,0.2265545454545454,0.0307314046930919,-0.0265545454545454,0.8827896151839815,0.8910544727636182,2000
P55317,20,11,5,8,11,0,13,55,0.2363636363636363,0.2545090909090909,0.0279147141938946,-0.0181454545454545,0.928704100585798,0.8115942028985508,2000
P55317,25,11,5,8,11,0,14,55,0.2545454545454545,0.2697636363636363,0.0199340401250003,-0.0152181818181818,0.9435869784996964,0.8840579710144928,2000
P55317,30,11,5,8,11,0,15,55,0.2727272727272727,0.2857727272727272,0.008187778588006,-0.0130454545454545,0.9543502465404804,1.0,2000
P55317,5,11,5,8,11,0,6,55,0.109090909090909,0.1201636363636363,0.0231554571329424,-0.0110727272727272,0.9078529278256922,0.7841079460269865,2000
P55884,10,3,2,1,1,2,1,3,0.3333333333333333,0.3333333333333332,5.552503422540543e-17,0.0,1.0000000000000002,1.0,2000
P55884,15,3,2,1,1,2,1,3,0.3333333333333333,0.3333333333333332,5.552503422540543e-17,0.0,1.0000000000000002,1.0,2000
P55884,20,3,2,1,1,2,1,3,0.3333333333333333,0.3333333333333332,5.552503422540543e-17,0.0,1.0000000000000002,1.0,2000
P55884,25,3,2,1,1,2,1,3,0.3333333333333333,0.3333333333333332,5.552503422540543e-17,0.0,1.0000000000000002,1.0,2000
P55884,30,3,2,1,1,2,1,3,0.3333333333333333,0.3333333333333332,5.552503422540543e-17,0.0,1.0000000000000002,1.0,2000
P55884,5,3,2,1,1,2,1,3,0.3333333333333333,0.3333333333333332,5.552503422540543e-17,0.0,1.0000000000000002,1.0,2000
P56524,10,4,3,4,3,1,1,6,0.1666666666666666,0.1666666666666666,2.776251711270272e-17,0.0,1.0000000000000002,1.0,2000
P56524,15,4,3,4,3,1,1,6,0.1666666666666666,0.1959999999999999,0.0634859013819728,-0.0293333333333333,0.8503401360544218,1.0,2000
P56524,20,4,3,4,3,1,2,6,0.3333333333333333,0.2508333333333333,0.0833500066695012,0.0825,1.32890365448505,0.5052473763118441,2000
P56524,25,4,3,4,3,1,2,6,0.3333333333333333,0.3071666666666666,0.0606486256609657,0.0261666666666666,1.0851871947911016,0.8430784607696152,2000
P56524,30,4,3,4,3,1,2,6,0.3333333333333333,0.3333333333333332,5.552503422540543e-17,0.0,1.0000000000000002,1.0,2000
P56524,5,4,3,4,3,1,1,6,0.1666666666666666,0.0831666666666666,0.0833540077739076,0.0835,2.0040080160320644,0.4992503748125937,2000
P56545,10,3,2,3,3,0,2,3,0.6666666666666666,0.669,0.18888901967319,-0.0023333333333334,0.996512207274539,0.8430784607696152,2000
P56545,15,3,2,3,3,0,3,3,1.0,0.8906666666666665,0.1565340797581458,0.1093333333333335,1.1227544910179643,0.6721639180409795,2000
P56545,20,3,2,3,3,0,3,3,1.0,1.0,0.0,0.0,1.0,1.0,2000
P56545,25,3,2,3,3,0,3,3,1.0,1.0,0.0,0.0,1.0,1.0,2000
P56545,30,3,2,3,3,0,3,3,1.0,1.0,0.0,0.0,1.0,1.0,2000
P56545,5,3,2,3,3,0,1,3,0.3333333333333333,0.3309999999999999,0.1929647518991889,0.0023333333333333,1.0070493454179257,0.8290854572713643,2000
P56715,10,6,3,0,6,0,4,15,0.2666666666666666,0.2666666666666666,5.552503422540543e-17,0.0,1.0000000000000002,1.0,2000
P56715,15,6,3,0,6,0,4,15,0.2666666666666666,0.2666666666666666,5.552503422540543e-17,0.0,1.0000000000000002,1.0,2000
P56715,20,6,3,0,6,0,4,15,0.2666666666666666,0.2666666666666666,5.552503422540543e-17,0.0,1.0000000000000002,1.0,2000
P56715,25,6,3,0,6,0,4,15,0.2666666666666666,0.2666666666666666,5.552503422540543e-17,0.0,1.0000000000000002,1.0,2000
P56715,30,6,3,0,6,0,4,15,0.2666666666666666,0.2666666666666666,5.552503422540543e-17,0.0,1.0000000000000002,1.0,2000
P56715,5,6,3,0,6,0,4,15,0.2666666666666666,0.2666666666666666,5.552503422540543e-17,0.0,1.0000000000000002,1.0,2000
P57740,10,7,6,1,7,0,4,21,0.1904761904761904,0.2065952380952381,0.0225389441190354,-0.0161190476190476,0.9219776420421802,1.0,2000
P57740,15,7,6,1,7,0,7,21,0.3333333333333333,0.3333333333333332,5.552503422540543e-17,0.0,1.0000000000000002,1.0,2000
P57740,20,7,6,1,7,0,7,21,0.3333333333333333,0.3333333333333332,5.552503422540543e-17,0.0,1.0000000000000002,1.0,2000
P57740,25,7,6,1,7,0,7,21,0.3333333333333333,0.3333333333333332,5.552503422540543e-17,0.0,1.0000000000000002,1.0,2000
P57740,30,7,6,1,7,0,7,21,0.3333333333333333,0.3333333333333332,5.552503422540543e-17,0.0,1.0000000000000002,1.0,2000
P57740,5,7,6,1,7,0,3,21,0.1428571428571428,0.1428571428571428,5.552503422540543e-17,0.0,1.0000000000000004,1.0,2000
P58876,10,3,2,2,3,0,2,3,0.6666666666666666,0.7766666666666665,0.1567767717002076,-0.1099999999999998,0.8583690987124465,1.0,2000
P58876,15,3,2,2,3,0,3,3,1.0,1.0,0.0,0.0,1.0,1.0,2000
P58876,20,3,2,2,3,0,3,3,1.0,1.0,0.0,0.0,1.0,1.0,2000
P58876,25,3,2,2,3,0,3,3,1.0,1.0,0.0,0.0,1.0,1.0,2000
P58876,30,3,2,2,3,0,3,3,1.0,1.0,0.0,0.0,1.0,1.0,2000
P58876,5,3,2,2,3,0,1,3,0.3333333333333333,0.5533333333333332,0.3135535434004153,-0.2199999999999999,0.6024096385542169,1.0,2000
P61769,10,3,1,0,3,0,3,3,1.0,1.0,0.0,0.0,1.0,1.0,2000
P61769,15,3,1,0,3,0,3,3,1.0,1.0,0.0,0.0,1.0,1.0,2000
P61769,20,3,1,0,3,0,3,3,1.0,1.0,0.0,0.0,1.0,1.0,2000
P61769,25,3,1,0,3,0,3,3,1.0,1.0,0.0,0.0,1.0,1.0,2000
P61769,30,3,1,0,3,0,3,3,1.0,1.0,0.0,0.0,1.0,1.0,2000
P61769,5,3,1,0,3,0,3,3,1.0,1.0,0.0,0.0,1.0,1.0,2000
P61927,10,3,1,3,3,0,3,3,1.0,1.0,0.0,0.0,1.0,1.0,2000
P61927,15,3,1,3,3,0,3,3,1.0,1.0,0.0,0.0,1.0,1.0,2000
P61927,20,3,1,3,3,0,3,3,1.0,1.0,0.0,0.0,1.0,1.0,2000
P61927,25,3,1,3,3,0,3,3,1.0,1.0,0.0,0.0,1.0,1.0,2000
P61927,30,3,1,3,3,0,3,3,1.0,1.0,0.0,0.0,1.0,1.0,2000
P61927,5,3,1,3,3,0,3,3,1.0,1.0,0.0,0.0,1.0,1.0,2000
P63261,10,4,3,2,4,0,3,6,0.5,0.5,0.0,0.0,1.0,1.0,2000
P63261,15,4,3,2,4,0,3,6,0.5,0.5,0.0,0.0,1.0,1.0,2000
P63261,20,4,3,2,4,0,3,6,0.5,0.5,0.0,0.0,1.0,1.0,2000
P63261,25,4,3,2,4,0,3,6,0.5,0.5,0.0,0.0,1.0,1.0,2000
P63261,30,4,3,2,4,0,3,6,0.5,0.5,0.0,0.0,1.0,1.0,2000
P63261,5,4,3,2,4,0,2,6,0.3333333333333333,0.3889166666666666,0.0785968872143441,-0.0555833333333333,0.8570816370259268,1.0,2000
P67809,10,7,7,3,7,0,1,21,0.0476190476190476,0.0229047619047619,0.023798277436328,0.0247142857142857,2.079002079002079,0.4812593703148425,2000
P67809,15,7,7,3,7,0,1,21,0.0476190476190476,0.0557142857142857,0.0178917496595223,-0.0080952380952381,0.8547008547008546,1.0,2000
P67809,20,7,7,3,7,0,1,21,0.0476190476190476,0.0636190476190476,0.0224979519251236,-0.016,0.7485029940119761,1.0,2000
P67809,25,7,7,3,7,0,2,21,0.0952380952380952,0.0797142857142857,0.022326880830416,0.0155238095238095,1.194743130227001,0.6741629185407296,2000
P67809,30,7,7,3,7,0,2,21,0.0952380952380952,0.0952380952380952,4.164377566905407e-17,0.0,0.9999999999999996,1.0,2000
P67809,5,7,7,3,7,0,0,21,0.0,0.0,0.0,0.0,inf,1.0,2000
P68104,10,5,4,3,5,0,1,10,0.1,0.0595999999999999,0.0644198335722682,0.0404,1.6778523489932888,0.5092453773113443,2000
P68104,15,5,4,3,5,0,1,10,0.1,0.0595999999999999,0.0644198335722682,0.0404,1.6778523489932888,0.5092453773113443,2000
P68104,20,5,4,3,5,0,2,10,0.2,0.151,0.0500025011880659,0.0489999999999999,1.324503311258278,0.5102448775612194,2000
P68104,25,5,4,3,5,0,2,10,0.2,0.1752,0.04319598299001,0.0247999999999999,1.141552511415525,0.7521239380309845,2000
P68104,30,5,4,3,5,0,2,10,0.2,0.2,2.776251711270272e-17,0.0,1.0,1.0,2000
P68104,5,5,4,3,5,0,1,10,0.1,0.03335,0.0471581323286065,0.06665,2.998500749625188,0.3338330834582708,2000
P68363,10,3,3,2,3,0,1,3,0.3333333333333333,0.278,0.1240578971593121,0.0553333333333332,1.199040767386091,0.8340829585207397,2000
P68363,15,3,3,2,3,0,1,3,0.3333333333333333,0.3333333333333332,5.552503422540543e-17,0.0,1.0000000000000002,1.0,2000
P68363,20,3,3,2,3,0,1,3,0.3333333333333333,0.3333333333333332,5.552503422540543e-17,0.0,1.0000000000000002,1.0,2000
P68363,25,3,3,2,3,0,1,3,0.3333333333333333,0.3333333333333332,5.552503422540543e-17,0.0,1.0000000000000002,1.0,2000
P68363,30,3,3,2,3,0,1,3,0.3333333333333333,0.3333333333333332,5.552503422540543e-17,0.0,1.0000000000000002,1.0,2000
P68363,5,3,3,2,3,0,1,3,0.3333333333333333,0.162,0.1666429864784931,0.1713333333333333,2.05761316872428,0.4862568715642179,2000
P68400,10,5,3,1,1,4,6,10,0.6,0.5999999999999998,2.221001369016217e-16,0.0,1.0000000000000004,1.0,2000
P68400,15,5,3,1,1,4,6,10,0.6,0.5999999999999998,2.221001369016217e-16,0.0,1.0000000000000004,1.0,2000
P68400,20,5,3,1,1,4,6,10,0.6,0.5999999999999998,2.221001369016217e-16,0.0,1.0000000000000004,1.0,2000
P68400,25,5,3,1,1,4,6,10,0.6,0.5999999999999998,2.221001369016217e-16,0.0,1.0000000000000004,1.0,2000
P68400,30,5,3,1,1,4,6,10,0.6,0.5999999999999998,2.221001369016217e-16,0.0,1.0000000000000004,1.0,2000
P68400,5,5,3,1,1,4,6,10,0.6,0.5999999999999998,2.221001369016217e-16,0.0,1.0000000000000004,1.0,2000
P68431,10,3,3,0,1,2,1,3,0.3333333333333333,0.3333333333333332,5.552503422540543e-17,0.0,1.0000000000000002,1.0,2000
P68431,15,3,3,0,1,2,1,3,0.3333333333333333,0.3333333333333332,5.552503422540543e-17,0.0,1.0000000000000002,1.0,2000
P68431,20,3,3,0,1,2,2,3,0.6666666666666666,0.6666666666666665,1.1105006845081086e-16,0.0,1.0000000000000002,1.0,2000
P68431,25,3,3,0,1,2,3,3,1.0,1.0,0.0,0.0,1.0,1.0,2000
P68431,30,3,3,0,1,2,3,3,1.0,1.0,0.0,0.0,1.0,1.0,2000
P68431,5,3,3,0,1,2,1,3,0.3333333333333333,0.3333333333333332,5.552503422540543e-17,0.0,1.0000000000000002,1.0,2000
P68871,10,3,3,2,3,0,0,3,0.0,0.0,0.0,0.0,inf,1.0,2000
P68871,15,3,3,2,3,0,1,3,0.3333333333333333,0.3333333333333332,5.552503422540543e-17,0.0,1.0000000000000002,1.0,2000
P68871,20,3,3,2,3,0,1,3,0.3333333333333333,0.3333333333333332,5.552503422540543e-17,0.0,1.0000000000000002,1.0,2000
P68871,25,3,3,2,3,0,2,3,0.6666666666666666,0.4928333333333333,0.1665541557874546,0.1738333333333332,1.3527223537368953,0.4787606196901549,2000
P68871,30,3,3,2,3,0,2,3,0.6666666666666666,0.6666666666666665,1.1105006845081086e-16,0.0,1.0000000000000002,1.0,2000
P68871,5,3,3,2,3,0,0,3,0.0,0.0,0.0,0.0,inf,1.0,2000
P69905,10,3,3,1,3,0,0,3,0.0,0.0,0.0,0.0,inf,1.0,2000
P69905,15,3,3,1,3,0,0,3,0.0,0.0,0.0,0.0,inf,1.0,2000
P69905,20,3,3,1,3,0,0,3,0.0,0.0,0.0,0.0,inf,1.0,2000
P69905,25,3,3,1,3,0,0,3,0.0,0.0,0.0,0.0,inf,1.0,2000
P69905,30,3,3,1,3,0,0,3,0.0,0.0,0.0,0.0,inf,1.0,2000
P69905,5,3,3,1,3,0,0,3,0.0,0.0,0.0,0.0,inf,1.0,2000
P78316,10,3,3,2,3,0,1,3,0.3333333333333333,0.3333333333333332,5.552503422540543e-17,0.0,1.0000000000000002,1.0,2000
P78316,15,3,3,2,3,0,1,3,0.3333333333333333,0.3333333333333332,5.552503422540543e-17,0.0,1.0000000000000002,1.0,2000
P78316,20,3,3,2,3,0,1,3,0.3333333333333333,0.3333333333333332,5.552503422540543e-17,0.0,1.0000000000000002,1.0,2000
P78316,25,3,3,2,3,0,1,3,0.3333333333333333,0.3333333333333332,5.552503422540543e-17,0.0,1.0000000000000002,1.0,2000
P78316,30,3,3,2,3,0,1,3,0.3333333333333333,0.3333333333333332,5.552503422540543e-17,0.0,1.0000000000000002,1.0,2000
P78316,5,3,3,2,3,0,1,3,0.3333333333333333,0.1646666666666666,0.1666963455315819,0.1686666666666666,2.0242914979757085,0.4942528735632184,2000
P78332,10,3,3,2,3,0,1,3,0.3333333333333333,0.3333333333333332,5.552503422540543e-17,0.0,1.0000000000000002,1.0,2000
P78332,15,3,3,2,3,0,1,3,0.3333333333333333,0.3333333333333332,5.552503422540543e-17,0.0,1.0000000000000002,1.0,2000
P78332,20,3,3,2,3,0,1,3,0.3333333333333333,0.3333333333333332,5.552503422540543e-17,0.0,1.0000000000000002,1.0,2000
P78332,25,3,3,2,3,0,1,3,0.3333333333333333,0.3333333333333332,5.552503422540543e-17,0.0,1.0000000000000002,1.0,2000
P78332,30,3,3,2,3,0,1,3,0.3333333333333333,0.3333333333333332,5.552503422540543e-17,0.0,1.0000000000000002,1.0,2000
P78332,5,3,3,2,3,0,1,3,0.3333333333333333,0.1691666666666667,0.166689593220518,0.1641666666666666,1.9704433497536944,0.5077461269365318,2000
P78347,10,4,4,2,3,1,1,6,0.1666666666666666,0.1666666666666666,2.776251711270272e-17,0.0,1.0000000000000002,1.0,2000
P78347,15,4,4,2,3,1,1,6,0.1666666666666666,0.1666666666666666,2.776251711270272e-17,0.0,1.0000000000000002,1.0,2000
P78347,20,4,4,2,3,1,1,6,0.1666666666666666,0.1666666666666666,2.776251711270272e-17,0.0,1.0000000000000002,1.0,2000
P78347,25,4,4,2,3,1,1,6,0.1666666666666666,0.1666666666666666,2.776251711270272e-17,0.0,1.0000000000000002,1.0,2000
P78347,30,4,4,2,3,1,1,6,0.1666666666666666,0.1666666666666666,2.776251711270272e-17,0.0,1.0000000000000002,1.0,2000
P78347,5,4,4,2,3,1,0,6,0.0,0.08275,0.0833521322801311,-0.08275,0.0,1.0,2000
P78362,10,4,3,0,4,0,3,6,0.5,0.5,0.0,0.0,1.0,1.0,2000
P78362,15,4,3,0,4,0,3,6,0.5,0.5,0.0,0.0,1.0,1.0,2000
P78362,20,4,3,0,4,0,3,6,0.5,0.5,0.0,0.0,1.0,1.0,2000
P78362,25,4,3,0,4,0,3,6,0.5,0.5,0.0,0.0,1.0,1.0,2000
P78362,30,4,3,0,4,0,3,6,0.5,0.5,0.0,0.0,1.0,1.0,2000
P78362,5,4,3,0,4,0,1,6,0.1666666666666666,0.1666666666666666,2.776251711270272e-17,0.0,1.0000000000000002,1.0,2000
P78364,10,10,7,7,7,3,5,45,0.1111111111111111,0.0806333333333333,0.0282781370743325,0.0304777777777777,1.3779798814937303,0.280359820089955,2000
P78364,15,10,7,7,7,3,6,45,0.1333333333333333,0.1164666666666666,0.0186358294931459,0.0168666666666666,1.1448196908986834,0.4622688655672164,2000
P78364,20,10,7,7,7,3,8,45,0.1777777777777777,0.1735333333333333,0.0090157968540634,0.0042444444444444,1.024458957613011,0.8140929535232384,2000
P78364,25,10,7,7,7,3,8,45,0.1777777777777777,0.1777777777777777,8.328755133810814e-17,0.0,1.0000000000000004,1.0,2000
P78364,30,10,7,7,7,3,8,45,0.1777777777777777,0.1777777777777777,8.328755133810814e-17,0.0,1.0000000000000004,1.0,2000
P78364,5,10,7,7,7,3,4,45,0.0888888888888888,0.0622222222222222,0.0220156032812722,0.0266666666666666,1.4285714285714288,0.2278860569715142,2000
P78406,10,7,2,7,6,1,15,21,0.7142857142857143,0.7165952380952381,0.1012776594142752,-0.0023095238095237,0.9967770874173506,0.6061969015492253,2000
P78406,15,7,2,7,6,1,19,21,0.9047619047619048,0.8917380952380953,0.0698357830260231,0.0130238095238094,1.0146049715643606,0.5797101449275363,2000
P78406,20,7,2,7,6,1,21,21,1.0,0.981547619047619,0.0232048201088176,0.0184523809523809,1.0187992722862342,0.6126936531734133,2000
P78406,25,7,2,7,6,1,21,21,1.0,1.0,0.0,0.0,1.0,1.0,2000
P78406,30,7,2,7,6,1,21,21,1.0,1.0,0.0,0.0,1.0,1.0,2000
P78406,5,7,2,7,6,1,7,21,0.3333333333333333,0.3502380952380952,0.0674777025319501,-0.0169047619047619,0.9517335146159076,0.736631684157921,2000
P78536,10,3,3,0,3,0,1,3,0.3333333333333333,0.3333333333333332,5.552503422540543e-17,0.0,1.0000000000000002,1.0,2000
P78536,15,3,3,0,3,0,1,3,0.3333333333333333,0.3333333333333332,5.552503422540543e-17,0.0,1.0000000000000002,1.0,2000
P78536,20,3,3,0,3,0,1,3,0.3333333333333333,0.3333333333333332,5.552503422540543e-17,0.0,1.0000000000000002,1.0,2000
P78536,25,3,3,0,3,0,1,3,0.3333333333333333,0.3333333333333332,5.552503422540543e-17,0.0,1.0000000000000002,1.0,2000
P78536,30,3,3,0,3,0,1,3,0.3333333333333333,0.3333333333333332,5.552503422540543e-17,0.0,1.0000000000000002,1.0,2000
P78536,5,3,3,0,3,0,1,3,0.3333333333333333,0.3333333333333332,5.552503422540543e-17,0.0,1.0000000000000002,1.0,2000
P78559,10,3,2,3,3,0,3,3,1.0,0.8623333333333333,0.1641653218686269,0.1376666666666667,1.159644375724778,0.5872063968015993,2000
P78559,15,3,2,3,3,0,3,3,1.0,1.0,0.0,0.0,1.0,1.0,2000
P78559,20,3,2,3,3,0,3,3,1.0,1.0,0.0,0.0,1.0,1.0,2000
P78559,25,3,2,3,3,0,3,3,1.0,1.0,0.0,0.0,1.0,1.0,2000
P78559,30,3,2,3,3,0,3,3,1.0,1.0,0.0,0.0,1.0,1.0,2000
P78559,5,3,2,3,3,0,3,3,1.0,0.4666666666666666,0.2827169137415493,0.5333333333333334,2.1428571428571432,0.1434282858570714,2000
P80303,10,3,3,0,3,0,0,3,0.0,0.0,0.0,0.0,inf,1.0,2000
P80303,15,3,3,0,3,0,0,3,0.0,0.0,0.0,0.0,inf,1.0,2000
P80303,20,3,3,0,3,0,0,3,0.0,0.0,0.0,0.0,inf,1.0,2000
P80303,25,3,3,0,3,0,1,3,0.3333333333333333,0.3333333333333332,5.552503422540543e-17,0.0,1.0000000000000002,1.0,2000
P80303,30,3,3,0,3,0,1,3,0.3333333333333333,0.3333333333333332,5.552503422540543e-17,0.0,1.0000000000000002,1.0,2000
P80303,5,3,3,0,3,0,0,3,0.0,0.0,0.0,0.0,inf,1.0,2000
P80723,10,3,2,3,3,0,1,3,0.3333333333333333,0.3333333333333332,5.552503422540543e-17,0.0,1.0000000000000002,1.0,2000
P80723,15,3,2,3,3,0,1,3,0.3333333333333333,0.3333333333333332,5.552503422540543e-17,0.0,1.0000000000000002,1.0,2000
P80723,20,3,2,3,3,0,1,3,0.3333333333333333,0.3333333333333332,5.552503422540543e-17,0.0,1.0000000000000002,1.0,2000
P80723,25,3,2,3,3,0,1,3,0.3333333333333333,0.4426666666666667,0.1565340797581457,-0.1093333333333334,0.753012048192771,1.0,2000
P80723,30,3,2,3,3,0,1,3,0.3333333333333333,0.5588333333333333,0.2543267407205203,-0.2254999999999999,0.5964807634953773,1.0,2000
P80723,5,3,2,3,3,0,1,3,0.3333333333333333,0.1163333333333333,0.1589243902434124,0.217,2.865329512893983,0.3493253373313343,2000
P82979,10,7,3,5,6,1,11,21,0.5238095238095238,0.4955714285714285,0.0233998922351499,0.0282380952380952,1.0569808782550207,0.4072963518240879,2000
P82979,15,7,3,5,6,1,11,21,0.5238095238095238,0.5238095238095238,0.0,0.0,1.0,1.0,2000
P82979,20,7,3,5,6,1,11,21,0.5238095238095238,0.5238095238095238,0.0,0.0,1.0,1.0,2000
P82979,25,7,3,5,6,1,11,21,0.5238095238095238,0.5238095238095238,0.0,0.0,1.0,1.0,2000
P82979,30,7,3,5,6,1,11,21,0.5238095238095238,0.5238095238095238,0.0,0.0,1.0,1.0,2000
P82979,5,7,3,5,6,1,7,21,0.3333333333333333,0.3147857142857142,0.0443451562589424,0.018547619047619,1.058921412903714,0.4982508745627186,2000
P85037,10,30,12,13,26,4,42,435,0.096551724137931,0.0933793103448275,0.004469174670424,0.0031724137931034,1.03397341211226,0.3033483258370814,2000
P85037,15,30,12,13,26,4,54,435,0.1241379310344827,0.1292344827586206,0.0035435862948298,-0.0050965517241379,0.9605635306046214,0.970014992503748,2000
P85037,20,30,12,13,26,4,75,435,0.1724137931034483,0.1773045977011494,0.0029974171264666,-0.0048908045977011,0.9724158049982172,0.9920039980009996,2000
P85037,25,30,12,13,26,4,90,435,0.2068965517241379,0.2010379310344828,0.0027349129042942,0.0058586206896551,1.029141867206394,0.0419790104947526,2000
P85037,30,30,12,13,26,4,108,435,0.2482758620689655,0.2461103448275862,0.0045830936407793,0.0021655172413792,1.0087989687832764,0.448775612193903,2000
P85037,5,30,12,13,26,4,25,435,0.057471264367816,0.0463540229885057,0.0043092632699562,0.0111172413793103,1.2398333663955563,0.0109945027486256,2000
P98082,10,13,11,8,12,1,9,78,0.1153846153846153,0.1056923076923077,0.0087395692329238,0.0096923076923076,1.0917030567685588,0.3758120939530235,2000
P98082,15,13,11,8,12,1,9,78,0.1153846153846153,0.1114294871794872,0.0059229446543342,0.0039551282051281,1.035494448599206,0.6916541729135433,2000
P98082,20,13,11,8,12,1,14,78,0.1794871794871795,0.1362628205128205,0.0205279176607714,0.043224358974359,1.3172131533142026,0.0659670164917541,2000
P98082,25,13,11,8,12,1,16,78,0.2051282051282051,0.1687820512820512,0.0250137317290211,0.0363461538461538,1.2153437143942272,0.1479260369815092,2000
P98082,30,13,11,8,12,1,17,78,0.2179487179487179,0.2068269230769231,0.0131087250508649,0.0111217948717948,1.053773438710677,0.4322838580709645,2000
P98082,5,13,11,8,12,1,6,78,0.0769230769230769,0.0671217948717948,0.0104420022127002,0.009801282051282,1.1460223474357754,0.376311844077961,2000
P98095,10,3,2,1,3,0,1,3,0.3333333333333333,0.3333333333333332,5.552503422540543e-17,0.0,1.0000000000000002,1.0,2000
P98095,15,3,2,1,3,0,1,3,0.3333333333333333,0.3333333333333332,5.552503422540543e-17,0.0,1.0000000000000002,1.0,2000
P98095,20,3,2,1,3,0,1,3,0.3333333333333333,0.3333333333333332,5.552503422540543e-17,0.0,1.0000000000000002,1.0,2000
P98095,25,3,2,1,3,0,1,3,0.3333333333333333,0.3333333333333332,5.552503422540543e-17,0.0,1.0000000000000002,1.0,2000
P98095,30,3,2,1,3,0,1,3,0.3333333333333333,0.3333333333333332,5.552503422540543e-17,0.0,1.0000000000000002,1.0,2000
P98095,5,3,2,1,3,0,1,3,0.3333333333333333,0.3333333333333332,5.552503422540543e-17,0.0,1.0000000000000002,1.0,2000
P98171,10,5,3,3,5,0,6,10,0.6,0.5999999999999998,2.221001369016217e-16,0.0,1.0000000000000004,1.0,2000
P98171,15,5,3,3,5,0,6,10,0.6,0.5999999999999998,2.221001369016217e-16,0.0,1.0000000000000004,1.0,2000
P98171,20,5,3,3,5,0,6,10,0.6,0.5999999999999998,2.221001369016217e-16,0.0,1.0000000000000004,1.0,2000
P98171,25,5,3,3,5,0,6,10,0.6,0.5999999999999998,2.221001369016217e-16,0.0,1.0000000000000004,1.0,2000
P98171,30,5,3,3,5,0,6,10,0.6,0.5999999999999998,2.221001369016217e-16,0.0,1.0000000000000004,1.0,2000
P98171,5,5,3,3,5,0,4,10,0.4,0.47575,0.0827669177953406,-0.0757499999999999,0.8407777193904362,1.0,2000
P98175,10,4,4,4,4,0,0,6,0.0,0.0,0.0,0.0,inf,1.0,2000
P98175,15,4,4,4,4,0,0,6,0.0,0.0,0.0,0.0,inf,1.0,2000
P98175,20,4,4,4,4,0,0,6,0.0,0.0,0.0,0.0,inf,1.0,2000
P98175,25,4,4,4,4,0,0,6,0.0,0.0,0.0,0.0,inf,1.0,2000
P98175,30,4,4,4,4,0,0,6,0.0,0.0,0.0,0.0,inf,1.0,2000
P98175,5,4,4,4,4,0,0,6,0.0,0.0,0.0,0.0,inf,1.0,2000
Q00535,10,4,3,1,0,4,3,6,0.5,0.5,0.0,0.0,1.0,1.0,2000
Q00535,15,4,3,1,0,4,3,6,0.5,0.5,0.0,0.0,1.0,1.0,2000
Q00535,20,4,3,1,0,4,3,6,0.5,0.5,0.0,0.0,1.0,1.0,2000
Q00535,25,4,3,1,0,4,3,6,0.5,0.5,0.0,0.0,1.0,1.0,2000
Q00535,30,4,3,1,0,4,3,6,0.5,0.5,0.0,0.0,1.0,1.0,2000
Q00535,5,4,3,1,0,4,3,6,0.5,0.5,0.0,0.0,1.0,1.0,2000
Q00839,10,6,4,2,6,0,6,15,0.4,0.4000000000000001,5.552503422540543e-17,0.0,1.0,1.0,2000
Q00839,15,6,4,2,6,0,6,15,0.4,0.4000000000000001,5.552503422540543e-17,0.0,1.0,1.0,2000
Q00839,20,6,4,2,6,0,6,15,0.4,0.4000000000000001,5.552503422540543e-17,0.0,1.0,1.0,2000
Q00839,25,6,4,2,6,0,6,15,0.4,0.4000000000000001,5.552503422540543e-17,0.0,1.0,1.0,2000
Q00839,30,6,4,2,6,0,6,15,0.4,0.4000000000000001,5.552503422540543e-17,0.0,1.0,1.0,2000
Q00839,5,6,4,2,6,0,4,15,0.2666666666666666,0.3308666666666667,0.0666376792073754,-0.0642,0.8059641345960104,1.0,2000
Q01082,10,22,16,10,21,1,24,231,0.1038961038961039,0.1043008658008658,0.0044407311532733,-0.0004047619047619,0.9961192852844128,0.703648175912044,2000
Q01082,15,22,16,10,21,1,28,231,0.1212121212121212,0.1280714285714285,0.0045287405621421,-0.0068593073593073,0.9464415487839918,1.0,2000
Q01082,20,22,16,10,21,1,33,231,0.1428571428571428,0.1486082251082251,0.0036909712014255,-0.0057510822510822,0.961300377237572,1.0,2000
Q01082,25,22,16,10,21,1,39,231,0.1688311688311688,0.1666320346320346,0.0021647663497445,0.0021991341991342,1.0131975475423465,0.4922538730634682,2000
Q01082,30,22,16,10,21,1,41,231,0.1774891774891775,0.1774891774891775,5.552503422540543e-17,0.0,0.9999999999999996,1.0,2000
Q01082,5,22,16,10,21,1,15,231,0.0649350649350649,0.0607922077922077,0.0057136658640027,0.0041428571428571,1.0681478316599016,0.4577711144427786,2000
Q01167,10,7,3,2,7,0,10,21,0.4761904761904761,0.4761904761904762,5.552503422540543e-17,0.0,1.0,1.0,2000
Q01167,15,7,3,2,7,0,11,21,0.5238095238095238,0.5238095238095238,0.0,0.0,1.0,1.0,2000
Q01167,20,7,3,2,7,0,11,21,0.5238095238095238,0.5238095238095238,0.0,0.0,1.0,1.0,2000
Q01167,25,7,3,2,7,0,11,21,0.5238095238095238,0.5238095238095238,0.0,0.0,1.0,1.0,2000
Q01167,30,7,3,2,7,0,11,21,0.5238095238095238,0.5238095238095238,0.0,0.0,1.0,1.0,2000
Q01167,5,7,3,2,7,0,4,21,0.1904761904761904,0.2197142857142857,0.023188205681392,-0.0292380952380952,0.8669267446900735,1.0,2000
Q01196,10,8,7,6,8,0,5,28,0.1785714285714285,0.1392321428571428,0.0227677086963014,0.0393392857142857,1.282544568423753,0.1579210394802598,2000
Q01196,15,8,7,6,8,0,6,28,0.2142857142857142,0.190625,0.0224685621021325,0.0236607142857142,1.1241217798594847,0.4237881059470265,2000
Q01196,20,8,7,6,8,0,7,28,0.25,0.25,0.0,0.0,1.0,1.0,2000
Q01196,25,8,7,6,8,0,7,28,0.25,0.25,0.0,0.0,1.0,1.0,2000
Q01196,30,8,7,6,8,0,7,28,0.25,0.25,0.0,0.0,1.0,1.0,2000
Q01196,5,8,7,6,8,0,2,28,0.0714285714285714,0.0890357142857142,0.0178598582942181,-0.0176071428571428,0.8022462896109106,1.0,2000
Q01484,10,3,3,2,3,0,0,3,0.0,0.0,0.0,0.0,inf,1.0,2000
Q01484,15,3,3,2,3,0,0,3,0.0,0.0,0.0,0.0,inf,1.0,2000
Q01484,20,3,3,2,3,0,0,3,0.0,0.0,0.0,0.0,inf,1.0,2000
Q01484,25,3,3,2,3,0,0,3,0.0,0.0,0.0,0.0,inf,1.0,2000
Q01484,30,3,3,2,3,0,0,3,0.0,0.0,0.0,0.0,inf,1.0,2000
Q01484,5,3,3,2,3,0,0,3,0.0,0.0,0.0,0.0,inf,1.0,2000
Q01543,10,3,2,3,3,0,1,3,0.3333333333333333,0.4514999999999999,0.2121404844104403,-0.1181666666666666,0.7382798080472499,1.0,2000
Q01543,15,3,2,3,3,0,3,3,1.0,0.753,0.2541236804747731,0.247,1.3280212483399734,0.4537731134432783,2000
Q01543,20,3,2,3,3,0,3,3,1.0,0.9681666666666666,0.0979926082704089,0.0318333333333333,1.0328800137717336,0.9045477261369316,2000
Q01543,25,3,2,3,3,0,3,3,1.0,1.0,0.0,0.0,1.0,1.0,2000
Q01543,30,3,2,3,3,0,3,3,1.0,1.0,0.0,0.0,1.0,1.0,2000
Q01543,5,3,2,3,3,0,1,3,0.3333333333333333,0.3628333333333332,0.1699011636950574,-0.0294999999999999,0.9186954524575104,0.9555222388805598,2000
Q01664,10,7,3,6,7,0,6,21,0.2857142857142857,0.3150238095238095,0.1071501727203337,-0.0293095238095238,0.9069609251001436,0.7406296851574213,2000
Q01664,15,7,3,6,7,0,7,21,0.3333333333333333,0.4117380952380952,0.097875969397869,-0.0784047619047618,0.8095761290695658,0.8905547226386806,2000
Q01664,20,7,3,6,7,0,10,21,0.4761904761904761,0.4847380952380953,0.0992768978212777,-0.0085476190476191,0.982366520948966,0.6896551724137931,2000
Q01664,25,7,3,6,7,0,11,21,0.5238095238095238,0.5275,0.0900400690684871,-0.0036904761904761,0.9930038366057324,0.6231884057971014,2000
Q01664,30,7,3,6,7,0,11,21,0.5238095238095238,0.5843571428571429,0.0876045535371431,-0.060547619047619,0.8963859348897852,0.8210894552723638,2000
Q01664,5,7,3,6,7,0,4,21,0.1904761904761904,0.1847619047619047,0.079024336624223,0.0057142857142856,1.0309278350515465,0.543728135932034,2000
Q01804,10,4,3,3,1,3,2,6,0.3333333333333333,0.0811666666666666,0.1047521564690686,0.2521666666666666,4.106776180698152,0.048975512243878,2000
Q01804,15,4,3,3,1,3,3,6,0.5,0.1272499999999999,0.1286538943187216,0.37275,3.929273084479372,0.0459770114942528,2000
Q01804,20,4,3,3,1,3,3,6,0.5,0.15675,0.1404669699662252,0.34325,3.189792663476874,0.0824587706146926,2000
Q01804,25,4,3,3,1,3,3,6,0.5,0.2049999999999999,0.1464853275854654,0.295,2.439024390243903,0.1304347826086956,2000
Q01804,30,4,3,3,1,3,3,6,0.5,0.235,0.1518693844484271,0.265,2.127659574468085,0.1819090454772613,2000
Q01804,5,4,3,3,1,3,1,6,0.1666666666666666,0.0346666666666666,0.0706764759222689,0.132,4.807692307692308,0.2008995502248875,2000
Q01844,10,13,10,10,12,1,6,78,0.0769230769230769,0.0690961538461538,0.0113747888816616,0.007826923076923,1.1132758140829393,0.4422788605697151,2000
Q01844,15,13,10,10,12,1,7,78,0.0897435897435897,0.0950064102564102,0.0110313039271058,-0.0052628205128205,0.9446056271506648,0.862568715642179,2000
Q01844,20,13,10,10,12,1,7,78,0.0897435897435897,0.1084679487179487,0.0136042662567264,-0.0187243589743589,0.8273742686602447,1.0,2000
Q01844,25,13,10,10,12,1,8,78,0.1025641025641025,0.1138910256410256,0.013625331343335,-0.011326923076923,0.9005459559858162,1.0,2000
Q01844,30,13,10,10,12,1,9,78,0.1153846153846153,0.138051282051282,0.0190732120103206,-0.0226666666666666,0.835809806835067,0.9750124937531236,2000
Q01844,5,13,10,10,12,1,1,78,0.0128205128205128,0.0297371794871794,0.0121752400512745,-0.0169166666666666,0.4311273981461521,1.0,2000
Q01860,10,5,5,4,5,0,0,10,0.0,0.05295,0.0499253820404605,-0.05295,0.0,1.0,2000
Q01860,15,5,5,4,5,0,2,10,0.2,0.11115,0.0314829014949904,0.0888499999999999,1.7993702204228514,0.111944027986007,2000
Q01860,20,5,5,4,5,0,2,10,0.2,0.1218,0.0412990654422494,0.0782,1.6420361247947457,0.2183908045977011,2000
Q01860,25,5,5,4,5,0,2,10,0.2,0.1383,0.0486239873526743,0.0617,1.4461315979754157,0.3833083458270864,2000
Q01860,30,5,5,4,5,0,2,10,0.2,0.14365,0.0496075392856467,0.0563499999999999,1.392272885485555,0.4367816091954023,2000
Q01860,5,5,5,4,5,0,0,10,0.0,0.05295,0.0499253820404605,-0.05295,0.0,1.0,2000
Q01995,10,3,3,0,3,0,1,3,0.3333333333333333,0.3333333333333332,5.552503422540543e-17,0.0,1.0000000000000002,1.0,2000
Q01995,15,3,3,0,3,0,1,3,0.3333333333333333,0.3333333333333332,5.552503422540543e-17,0.0,1.0000000000000002,1.0,2000
Q01995,20,3,3,0,3,0,1,3,0.3333333333333333,0.3333333333333332,5.552503422540543e-17,0.0,1.0000000000000002,1.0,2000
Q01995,25,3,3,0,3,0,2,3,0.6666666666666666,0.6666666666666665,1.1105006845081086e-16,0.0,1.0000000000000002,1.0,2000
Q01995,30,3,3,0,3,0,3,3,1.0,1.0,0.0,0.0,1.0,1.0,2000
Q01995,5,3,3,0,3,0,1,3,0.3333333333333333,0.3333333333333332,5.552503422540543e-17,0.0,1.0000000000000002,1.0,2000
Q02086,10,4,3,4,3,1,2,6,0.3333333333333333,0.2566666666666667,0.0830870129795441,0.0766666666666666,1.2987012987012985,0.5402298850574713,2000
Q02086,15,4,3,4,3,1,2,6,0.3333333333333333,0.288,0.0741835294554369,0.0453333333333333,1.1574074074074074,0.728135932033983,2000
Q02086,20,4,3,4,3,1,2,6,0.3333333333333333,0.29825,0.0679609541581744,0.0350833333333333,1.1176306230790722,0.7896051974012993,2000
Q02086,25,4,3,4,3,1,2,6,0.3333333333333333,0.31975,0.0456116449552327,0.0135833333333333,1.0424811050299714,0.9185407296351824,2000
Q02086,30,4,3,4,3,1,2,6,0.3333333333333333,0.3294166666666666,0.0252538388802394,0.0039166666666666,1.0118897040222616,0.976511744127936,2000
Q02086,5,4,3,4,3,1,1,6,0.1666666666666666,0.1049166666666666,0.1076824639126302,0.06175,1.5885623510722795,0.5377311344327836,2000
Q02446,10,3,3,3,1,2,0,3,0.0,0.0,0.0,0.0,inf,1.0,2000
Q02446,15,3,3,3,1,2,0,3,0.0,0.0,0.0,0.0,inf,1.0,2000
Q02446,20,3,3,3,1,2,0,3,0.0,0.0046666666666666,0.0391732695891334,-0.0046666666666666,0.0,1.0,2000
Q02446,25,3,3,3,1,2,0,3,0.0,0.0111666666666666,0.0599943950840287,-0.0111666666666666,0.0,1.0,2000
Q02446,30,3,3,3,1,2,0,3,0.0,0.0111666666666666,0.0599943950840287,-0.0111666666666666,0.0,1.0,2000
Q02446,5,3,3,3,1,2,0,3,0.0,0.0,0.0,0.0,inf,1.0,2000
Q02447,10,7,7,7,5,2,2,21,0.0952380952380952,0.0596666666666666,0.0366786512208189,0.0355714285714285,1.596169193934557,0.3533233383308345,2000
Q02447,15,7,7,7,5,2,3,21,0.1428571428571428,0.1084047619047618,0.0381061869375345,0.0344523809523809,1.317812431363936,0.3348325837081459,2000
Q02447,20,7,7,7,5,2,7,21,0.3333333333333333,0.1484523809523809,0.0528616451311282,0.1848809523809523,2.2453889334402564,0.008495752123938,2000
Q02447,25,7,7,7,5,2,7,21,0.3333333333333333,0.1771428571428571,0.0639675061205842,0.1561904761904761,1.881720430107527,0.0304847576211894,2000
Q02447,30,7,7,7,5,2,7,21,0.3333333333333333,0.2359285714285714,0.0731632234639513,0.0974047619047618,1.4128569986880612,0.1519240379810095,2000
Q02447,5,7,7,7,5,2,2,21,0.0952380952380952,0.0269285714285714,0.0304133916549582,0.0683095238095238,3.536693191865606,0.0734632683658171,2000
Q02505,10,21,5,21,0,21,53,210,0.2523809523809524,0.0491119047619047,0.0142696001210459,0.2032690476190476,5.138895622242693,0.0004997501249375,2000
Q02505,15,21,5,21,0,21,67,210,0.319047619047619,0.0708761904761904,0.0163919320445593,0.2481714285714285,4.501478097285676,0.0004997501249375,2000
Q02505,20,21,5,21,0,21,76,210,0.3619047619047619,0.0920714285714285,0.0177285563055051,0.2698333333333333,3.930695629687096,0.0004997501249375,2000
Q02505,25,21,5,21,0,21,83,210,0.3952380952380952,0.1114595238095238,0.018808654759393,0.2837785714285714,3.5460235404695277,0.0004997501249375,2000
Q02505,30,21,5,21,0,21,84,210,0.4,0.129897619047619,0.0201304550284051,0.270102380952381,3.0793482046300205,0.0004997501249375,2000
Q02505,5,21,5,21,0,21,30,210,0.1428571428571428,0.0238142857142857,0.0102267990312593,0.1190428571428571,5.998800239952009,0.0004997501249375,2000
Q02790,10,3,2,0,3,0,1,3,0.3333333333333333,0.3333333333333332,5.552503422540543e-17,0.0,1.0000000000000002,1.0,2000
Q02790,15,3,2,0,3,0,1,3,0.3333333333333333,0.3333333333333332,5.552503422540543e-17,0.0,1.0000000000000002,1.0,2000
Q02790,20,3,2,0,3,0,1,3,0.3333333333333333,0.3333333333333332,5.552503422540543e-17,0.0,1.0000000000000002,1.0,2000
Q02790,25,3,2,0,3,0,1,3,0.3333333333333333,0.3333333333333332,5.552503422540543e-17,0.0,1.0000000000000002,1.0,2000
Q02790,30,3,2,0,3,0,1,3,0.3333333333333333,0.3333333333333332,5.552503422540543e-17,0.0,1.0000000000000002,1.0,2000
Q02790,5,3,2,0,3,0,1,3,0.3333333333333333,0.3333333333333332,5.552503422540543e-17,0.0,1.0000000000000002,1.0,2000
Q02818,10,5,3,0,5,0,6,10,0.6,0.5999999999999998,2.221001369016217e-16,0.0,1.0000000000000004,1.0,2000
Q02818,15,5,3,0,5,0,6,10,0.6,0.5999999999999998,2.221001369016217e-16,0.0,1.0000000000000004,1.0,2000
Q02818,20,5,3,0,5,0,6,10,0.6,0.5999999999999998,2.221001369016217e-16,0.0,1.0000000000000004,1.0,2000
Q02818,25,5,3,0,5,0,6,10,0.6,0.5999999999999998,2.221001369016217e-16,0.0,1.0000000000000004,1.0,2000
Q02818,30,5,3,0,5,0,6,10,0.6,0.5999999999999998,2.221001369016217e-16,0.0,1.0000000000000004,1.0,2000
Q02818,5,5,3,0,5,0,5,10,0.5,0.5,0.0,0.0,1.0,1.0,2000
Q02880,10,3,3,2,2,1,1,3,0.3333333333333333,0.3333333333333332,5.552503422540543e-17,0.0,1.0000000000000002,1.0,2000
Q02880,15,3,3,2,2,1,1,3,0.3333333333333333,0.3333333333333332,5.552503422540543e-17,0.0,1.0000000000000002,1.0,2000
Q02880,20,3,3,2,2,1,1,3,0.3333333333333333,0.3333333333333332,5.552503422540543e-17,0.0,1.0000000000000002,1.0,2000
Q02880,25,3,3,2,2,1,1,3,0.3333333333333333,0.3333333333333332,5.552503422540543e-17,0.0,1.0000000000000002,1.0,2000
Q02880,30,3,3,2,2,1,1,3,0.3333333333333333,0.3333333333333332,5.552503422540543e-17,0.0,1.0000000000000002,1.0,2000
Q02880,5,3,3,2,2,1,1,3,0.3333333333333333,0.16,0.1665749288962829,0.1733333333333333,2.083333333333333,0.4802598700649675,2000
Q03001,10,8,6,2,5,3,2,28,0.0714285714285714,0.0714285714285714,2.776251711270272e-17,0.0,1.0000000000000004,1.0,2000
Q03001,15,8,6,2,5,3,2,28,0.0714285714285714,0.0714285714285714,2.776251711270272e-17,0.0,1.0000000000000004,1.0,2000
Q03001,20,8,6,2,5,3,3,28,0.1071428571428571,0.1071428571428571,0.0,0.0,1.0,1.0,2000
Q03001,25,8,6,2,5,3,4,28,0.1428571428571428,0.1428571428571428,5.552503422540543e-17,0.0,1.0000000000000004,1.0,2000
Q03001,30,8,6,2,5,3,4,28,0.1428571428571428,0.1428571428571428,5.552503422540543e-17,0.0,1.0000000000000004,1.0,2000
Q03001,5,8,6,2,5,3,2,28,0.0714285714285714,0.0714285714285714,2.776251711270272e-17,0.0,1.0000000000000004,1.0,2000
Q03164,10,23,15,21,14,9,22,253,0.0869565217391304,0.0383577075098814,0.0083261396815678,0.048598814229249,2.266989540934618,0.0004997501249375,2000
Q03164,15,23,15,21,14,9,28,253,0.1106719367588932,0.0546264822134387,0.0092265226501206,0.0560454545454545,2.025975905357983,0.0004997501249375,2000
Q03164,20,23,15,21,14,9,28,253,0.1106719367588932,0.0719229249011857,0.0095221564010434,0.0387490118577075,1.5387574533564146,0.000999500249875,2000
Q03164,25,23,15,21,14,9,28,253,0.1106719367588932,0.0842233201581027,0.0097391845191537,0.0264486166007905,1.3140296125959126,0.009495252373813,2000
Q03164,30,23,15,21,14,9,30,253,0.1185770750988142,0.0975237154150197,0.0087022265936441,0.0210533596837944,1.215879384765031,0.0139930034982508,2000
Q03164,5,23,15,21,14,9,11,253,0.0434782608695652,0.0191660079051383,0.0068468485401821,0.0243122529644268,2.268508970921839,0.0019990004997501,2000
Q03252,10,3,3,1,3,0,1,3,0.3333333333333333,0.3333333333333332,5.552503422540543e-17,0.0,1.0000000000000002,1.0,2000
Q03252,15,3,3,1,3,0,1,3,0.3333333333333333,0.3333333333333332,5.552503422540543e-17,0.0,1.0000000000000002,1.0,2000
Q03252,20,3,3,1,3,0,1,3,0.3333333333333333,0.3333333333333332,5.552503422540543e-17,0.0,1.0000000000000002,1.0,2000
Q03252,25,3,3,1,3,0,1,3,0.3333333333333333,0.3333333333333332,5.552503422540543e-17,0.0,1.0000000000000002,1.0,2000
Q03252,30,3,3,1,3,0,1,3,0.3333333333333333,0.3333333333333332,5.552503422540543e-17,0.0,1.0000000000000002,1.0,2000
Q03252,5,3,3,1,3,0,0,3,0.0,0.0,0.0,0.0,inf,1.0,2000
Q04206,10,9,7,7,9,0,3,36,0.0833333333333333,0.0697916666666666,0.0138880203719328,0.0135416666666666,1.1940298507462686,0.512743628185907,2000
Q04206,15,9,7,7,9,0,6,36,0.1666666666666666,0.1523055555555555,0.0246910860893874,0.0143611111111111,1.094291446288528,0.5107446276861569,2000
Q04206,20,9,7,7,9,0,8,36,0.2222222222222222,0.2477083333333333,0.0256718490800565,-0.0254861111111111,0.897112419400056,0.9225387306346826,2000
Q04206,25,9,7,7,9,0,10,36,0.2777777777777778,0.2777777777777778,0.0,0.0,1.0,1.0,2000
Q04206,30,9,7,7,9,0,11,36,0.3055555555555556,0.3065833333333333,0.0195212360421223,-0.0010277777777777,0.9966476397571804,0.7711144427786107,2000
Q04206,5,9,7,7,9,0,3,36,0.0833333333333333,0.0530972222222222,0.0173441624234285,0.030236111111111,1.5694480774261048,0.1549225387306347,2000
Q04323,10,3,3,1,3,0,0,3,0.0,0.1099999999999999,0.1567767717002076,-0.1099999999999999,0.0,1.0,2000
Q04323,15,3,3,1,3,0,0,3,0.0,0.1099999999999999,0.1567767717002076,-0.1099999999999999,0.0,1.0,2000
Q04323,20,3,3,1,3,0,1,3,0.3333333333333333,0.3333333333333332,5.552503422540543e-17,0.0,1.0000000000000002,1.0,2000
Q04323,25,3,3,1,3,0,1,3,0.3333333333333333,0.3333333333333332,5.552503422540543e-17,0.0,1.0000000000000002,1.0,2000
Q04323,30,3,3,1,3,0,1,3,0.3333333333333333,0.3333333333333332,5.552503422540543e-17,0.0,1.0000000000000002,1.0,2000
Q04323,5,3,3,1,3,0,0,3,0.0,0.0,0.0,0.0,inf,1.0,2000
Q04637,10,16,11,2,14,2,13,120,0.1083333333333333,0.1083333333333333,2.776251711270272e-17,0.0,0.9999999999999998,1.0,2000
Q04637,15,16,11,2,14,2,16,120,0.1333333333333333,0.1333333333333333,2.776251711270272e-17,0.0,1.0000000000000002,1.0,2000
Q04637,20,16,11,2,14,2,19,120,0.1583333333333333,0.1615416666666666,0.0065727026141665,-0.0032083333333333,0.9801392829507352,1.0,2000
Q04637,25,16,11,2,14,2,23,120,0.1916666666666666,0.2046458333333334,0.01338527316232,-0.0129791666666667,0.936577420340018,1.0,2000
Q04637,30,16,11,2,14,2,25,120,0.2083333333333333,0.2265416666666667,0.0151621564152414,-0.0182083333333333,0.9196247930844216,1.0,2000
Q04637,5,16,11,2,14,2,8,120,0.0666666666666666,0.0666666666666666,1.3881258556351357e-17,0.0,1.0000000000000002,1.0,2000
Q04695,10,4,4,4,4,0,1,6,0.1666666666666666,0.11175,0.0783581999777424,0.0549166666666666,1.4914243102162563,0.670664667666167,2000
Q04695,15,4,4,4,4,0,1,6,0.1666666666666666,0.1478333333333333,0.0527786627157554,0.0188333333333333,1.1273957158962795,0.887056471764118,2000
Q04695,20,4,4,4,4,0,1,6,0.1666666666666666,0.1555833333333333,0.0447566900348278,0.0110833333333333,1.0712372790573113,0.928535732133933,2000
Q04695,25,4,4,4,4,0,1,6,0.1666666666666666,0.1684999999999999,0.017388088372592,-0.0018333333333332,0.9891196834817017,1.0,2000
Q04695,30,4,4,4,4,0,1,6,0.1666666666666666,0.1744166666666666,0.0351029952682825,-0.0077499999999999,0.9555661729574774,1.0,2000
Q04695,5,4,4,4,4,0,1,6,0.1666666666666666,0.05175,0.0771356756386311,0.1149166666666666,3.2206119162640903,0.3108445777111444,2000
Q04721,10,7,5,3,7,0,3,21,0.1428571428571428,0.1352857142857142,0.0174175018806001,0.0075714285714286,1.0559662090813098,0.841079460269865,2000
Q04721,15,7,5,3,7,0,3,21,0.1428571428571428,0.1428571428571428,5.552503422540543e-17,0.0,1.0000000000000004,1.0,2000
Q04721,20,7,5,3,7,0,3,21,0.1428571428571428,0.1428571428571428,5.552503422540543e-17,0.0,1.0000000000000004,1.0,2000
Q04721,25,7,5,3,7,0,3,21,0.1428571428571428,0.1428571428571428,5.552503422540543e-17,0.0,1.0000000000000004,1.0,2000
Q04721,30,7,5,3,7,0,3,21,0.1428571428571428,0.1428571428571428,5.552503422540543e-17,0.0,1.0000000000000004,1.0,2000
Q04721,5,7,5,3,7,0,2,21,0.0952380952380952,0.0964523809523809,0.0333705675595881,-0.0012142857142857,0.9874105159219944,0.7671164417791104,2000
Q04726,10,11,6,4,10,1,12,55,0.2181818181818181,0.2167545454545455,0.0048913462788207,0.0014272727272726,1.0065847418529543,0.9215392303848076,2000
Q04726,15,11,6,4,10,1,12,55,0.2181818181818181,0.2207454545454546,0.0063292470742765,-0.0025636363636364,0.98838645910551,1.0,2000
Q04726,20,11,6,4,10,1,13,55,0.2363636363636363,0.2355,0.015272689916341,0.0008636363636363,1.0036672457054625,0.7171414292853573,2000
Q04726,25,11,6,4,10,1,14,55,0.2545454545454545,0.2536818181818181,0.015272689916341,0.0008636363636363,1.0034044078122202,0.7171414292853573,2000
Q04726,30,11,6,4,10,1,17,55,0.3090909090909091,0.2787181818181817,0.0229388379222936,0.0303727272727273,1.108972895397763,0.2128935532233883,2000
Q04726,5,11,6,4,10,1,11,55,0.2,0.1923090909090909,0.0089847087094947,0.0076909090909091,1.0399924364186444,0.5772113943028486,2000
Q04727,10,12,7,7,12,0,11,66,0.1666666666666666,0.1583409090909091,0.0085402493859076,0.0083257575757575,1.0525812162097508,0.4857571214392803,2000
Q04727,15,12,7,7,12,0,14,66,0.2121212121212121,0.2028181818181817,0.0137404713423441,0.0093030303030303,1.0458688181682358,0.4602698650674662,2000
Q04727,20,12,7,7,12,0,21,66,0.3181818181818182,0.3202045454545455,0.0204550451371192,-0.0020227272727273,0.9936830151181772,0.6956521739130435,2000
Q04727,25,12,7,7,12,0,28,66,0.4242424242424242,0.4224696969696969,0.0127458813493594,0.0017727272727273,1.004196105153678,0.744127936031984,2000
Q04727,30,12,7,7,12,0,32,66,0.4848484848484848,0.4774469696969696,0.0167455330258186,0.0074015151515152,1.0155022769465116,0.4947526236881559,2000
Q04727,5,12,7,7,12,0,6,66,0.0909090909090909,0.0953863636363636,0.0101798051392763,-0.0044772727272727,0.9530617107457712,0.8785607196401799,2000
Q04864,10,3,3,2,3,0,0,3,0.0,0.2068333333333333,0.1617946396497002,-0.2068333333333333,0.0,1.0,2000
Q04864,15,3,3,2,3,0,2,3,0.6666666666666666,0.3126666666666666,0.1423013717282916,0.354,2.1321961620469083,0.0624687656171914,2000
Q04864,20,3,3,2,3,0,2,3,0.6666666666666666,0.5133333333333333,0.1661740259590881,0.1533333333333333,1.2987012987012987,0.5402298850574713,2000
Q04864,25,3,3,2,3,0,3,3,1.0,0.6706666666666667,0.251250222782658,0.3293333333333332,1.4910536779324053,0.2903548225887056,2000
Q04864,30,3,3,2,3,0,3,3,1.0,0.7339999999999999,0.1936103424525004,0.2660000000000001,1.362397820163488,0.2903548225887056,2000
Q04864,5,3,3,2,3,0,0,3,0.0,0.1305,0.1627359563702744,-0.1305,0.0,1.0,2000
Q05209,10,6,3,6,6,0,8,15,0.5333333333333333,0.4641666666666666,0.1011103659250286,0.0691666666666666,1.1490125673249552,0.3473263368315842,2000
Q05209,15,6,3,6,6,0,10,15,0.6666666666666666,0.6029999999999998,0.0666157884895351,0.0636666666666668,1.1055831951354342,0.4027986006996502,2000
Q05209,20,6,3,6,6,0,10,15,0.6666666666666666,0.6666666666666665,1.1105006845081086e-16,0.0,1.0000000000000002,1.0,2000
Q05209,25,6,3,6,6,0,10,15,0.6666666666666666,0.6666666666666665,1.1105006845081086e-16,0.0,1.0000000000000002,1.0,2000
Q05209,30,6,3,6,6,0,10,15,0.6666666666666666,0.6666666666666665,1.1105006845081086e-16,0.0,1.0000000000000002,1.0,2000
Q05209,5,6,3,6,6,0,5,15,0.3333333333333333,0.2583999999999999,0.0865246588645638,0.0749333333333333,1.2899896800825594,0.2583708145927036,2000
Q05519,10,5,4,5,5,0,1,10,0.1,0.1,1.3881258556351357e-17,0.0,1.0,1.0,2000
Q05519,15,5,4,5,5,0,1,10,0.1,0.1,1.3881258556351357e-17,0.0,1.0,1.0,2000
Q05519,20,5,4,5,5,0,1,10,0.1,0.1,1.3881258556351357e-17,0.0,1.0,1.0,2000
Q05519,25,5,4,5,5,0,1,10,0.1,0.1,1.3881258556351357e-17,0.0,1.0,1.0,2000
Q05519,30,5,4,5,5,0,1,10,0.1,0.1,1.3881258556351357e-17,0.0,1.0,1.0,2000
Q05519,5,5,4,5,5,0,1,10,0.1,0.1,1.3881258556351357e-17,0.0,1.0,1.0,2000
Q05682,10,3,3,2,3,0,0,3,0.0,0.0,0.0,0.0,inf,1.0,2000
Q05682,15,3,3,2,3,0,0,3,0.0,0.0,0.0,0.0,inf,1.0,2000
Q05682,20,3,3,2,3,0,0,3,0.0,0.0,0.0,0.0,inf,1.0,2000
Q05682,25,3,3,2,3,0,0,3,0.0,0.0,0.0,0.0,inf,1.0,2000
Q05682,30,3,3,2,3,0,0,3,0.0,0.0,0.0,0.0,inf,1.0,2000
Q05682,5,3,3,2,3,0,0,3,0.0,0.0,0.0,0.0,inf,1.0,2000
Q06413,10,3,2,3,3,0,1,3,0.3333333333333333,0.3333333333333332,5.552503422540543e-17,0.0,1.0000000000000002,1.0,2000
Q06413,15,3,2,3,3,0,1,3,0.3333333333333333,0.3333333333333332,5.552503422540543e-17,0.0,1.0000000000000002,1.0,2000
Q06413,20,3,2,3,3,0,1,3,0.3333333333333333,0.3333333333333332,5.552503422540543e-17,0.0,1.0000000000000002,1.0,2000
Q06413,25,3,2,3,3,0,1,3,0.3333333333333333,0.3333333333333332,5.552503422540543e-17,0.0,1.0000000000000002,1.0,2000
Q06413,30,3,2,3,3,0,1,3,0.3333333333333333,0.3333333333333332,5.552503422540543e-17,0.0,1.0000000000000002,1.0,2000
Q06413,5,3,2,3,3,0,1,3,0.3333333333333333,0.3333333333333332,5.552503422540543e-17,0.0,1.0000000000000002,1.0,2000
Q06546,10,4,3,3,4,0,1,6,0.1666666666666666,0.2791666666666666,0.1576584221950877,-0.1124999999999999,0.5970149253731344,1.0,2000
Q06546,15,4,3,3,4,0,2,6,0.3333333333333333,0.3364166666666666,0.1350397053746804,-0.0030833333333333,0.9908347783007184,0.6811594202898551,2000
Q06546,20,4,3,3,4,0,3,6,0.5,0.4205833333333333,0.1252475454469544,0.0794166666666666,1.1888250445809392,0.6811594202898551,2000
Q06546,25,4,3,3,4,0,3,6,0.5,0.4205833333333333,0.1252475454469544,0.0794166666666666,1.1888250445809392,0.6811594202898551,2000
Q06546,30,4,3,3,4,0,3,6,0.5,0.5,0.0,0.0,1.0,1.0,2000
Q06546,5,4,3,3,4,0,1,6,0.1666666666666666,0.1984166666666666,0.1726224302296079,-0.03175,0.8399832003359933,0.7231384307846077,2000
Q07020,10,3,2,1,3,0,3,3,1.0,0.6563333333333332,0.3332564526981673,0.3436666666666668,1.5236160487557138,0.4847576211894053,2000
Q07020,15,3,2,1,3,0,3,3,1.0,1.0,0.0,0.0,1.0,1.0,2000
Q07020,20,3,2,1,3,0,3,3,1.0,1.0,0.0,0.0,1.0,1.0,2000
Q07020,25,3,2,1,3,0,3,3,1.0,1.0,0.0,0.0,1.0,1.0,2000
Q07020,30,3,2,1,3,0,3,3,1.0,1.0,0.0,0.0,1.0,1.0,2000
Q07020,5,3,2,1,3,0,3,3,1.0,0.6563333333333332,0.3332564526981673,0.3436666666666668,1.5236160487557138,0.4847576211894053,2000
Q07065,10,3,3,1,2,1,0,3,0.0,0.0,0.0,0.0,inf,1.0,2000
Q07065,15,3,3,1,2,1,0,3,0.0,0.0,0.0,0.0,inf,1.0,2000
Q07065,20,3,3,1,2,1,0,3,0.0,0.0,0.0,0.0,inf,1.0,2000
Q07065,25,3,3,1,2,1,0,3,0.0,0.0,0.0,0.0,inf,1.0,2000
Q07065,30,3,3,1,2,1,0,3,0.0,0.0,0.0,0.0,inf,1.0,2000
Q07065,5,3,3,1,2,1,0,3,0.0,0.0,0.0,0.0,inf,1.0,2000
Q07157,10,9,7,2,9,0,4,36,0.1111111111111111,0.1111111111111111,4.164377566905407e-17,0.0,0.9999999999999996,1.0,2000
Q07157,15,9,7,2,9,0,4,36,0.1111111111111111,0.1111111111111111,4.164377566905407e-17,0.0,0.9999999999999996,1.0,2000
Q07157,20,9,7,2,9,0,5,36,0.1388888888888889,0.1388888888888889,0.0,0.0,1.0,1.0,2000
Q07157,25,9,7,2,9,0,5,36,0.1388888888888889,0.1388888888888889,0.0,0.0,1.0,1.0,2000
Q07157,30,9,7,2,9,0,5,36,0.1388888888888889,0.1388888888888889,0.0,0.0,1.0,1.0,2000
Q07157,5,9,7,2,9,0,4,36,0.1111111111111111,0.1111111111111111,4.164377566905407e-17,0.0,0.9999999999999996,1.0,2000
Q07666,10,11,8,6,10,1,11,55,0.2,0.1662,0.0259442317895871,0.0338,1.2033694344163657,0.2533733133433283,2000
Q07666,15,11,8,6,10,1,13,55,0.2363636363636363,0.2276454545454545,0.0153734473097251,0.0087181818181817,1.0382971926041291,0.5102448775612194,2000
Q07666,20,11,8,6,10,1,14,55,0.2545454545454545,0.2484454545454544,0.0085869644746286,0.0061,1.0245526729847416,0.6646676661669165,2000
Q07666,25,11,8,6,10,1,14,55,0.2545454545454545,0.2545454545454544,5.552503422540543e-17,0.0,1.0000000000000002,1.0,2000
Q07666,30,11,8,6,10,1,14,55,0.2545454545454545,0.2545454545454544,5.552503422540543e-17,0.0,1.0000000000000002,1.0,2000
Q07666,5,11,8,6,10,1,5,55,0.0909090909090909,0.0817272727272727,0.0218764286857162,0.0091818181818181,1.1123470522803114,0.4522738630684658,2000
Q07912,10,5,2,0,5,0,10,10,1.0,1.0,0.0,0.0,1.0,1.0,2000
Q07912,15,5,2,0,5,0,10,10,1.0,1.0,0.0,0.0,1.0,1.0,2000
Q07912,20,5,2,0,5,0,10,10,1.0,1.0,0.0,0.0,1.0,1.0,2000
Q07912,25,5,2,0,5,0,10,10,1.0,1.0,0.0,0.0,1.0,1.0,2000
Q07912,30,5,2,0,5,0,10,10,1.0,1.0,0.0,0.0,1.0,1.0,2000
Q07912,5,5,2,0,5,0,7,10,0.7,0.6999999999999998,1.1105006845081086e-16,0.0,1.0000000000000002,1.0,2000
Q07954,10,3,3,3,3,0,0,3,0.0,0.0,0.0,0.0,inf,1.0,2000
Q07954,15,3,3,3,3,0,0,3,0.0,0.0,0.0,0.0,inf,1.0,2000
Q07954,20,3,3,3,3,0,0,3,0.0,0.0,0.0,0.0,inf,1.0,2000
Q07954,25,3,3,3,3,0,0,3,0.0,0.0,0.0,0.0,inf,1.0,2000
Q07954,30,3,3,3,3,0,0,3,0.0,0.0,0.0,0.0,inf,1.0,2000
Q07954,5,3,3,3,3,0,0,3,0.0,0.0,0.0,0.0,inf,1.0,2000
Q08378,10,3,3,2,2,1,0,3,0.0,0.0,0.0,0.0,inf,1.0,2000
Q08378,15,3,3,2,2,1,0,3,0.0,0.0,0.0,0.0,inf,1.0,2000
Q08378,20,3,3,2,2,1,0,3,0.0,0.0,0.0,0.0,inf,1.0,2000
Q08378,25,3,3,2,2,1,0,3,0.0,0.0,0.0,0.0,inf,1.0,2000
Q08378,30,3,3,2,2,1,0,3,0.0,0.0,0.0,0.0,inf,1.0,2000
Q08378,5,3,3,2,2,1,0,3,0.0,0.0,0.0,0.0,inf,1.0,2000
Q08495,10,3,3,3,3,0,0,3,0.0,0.0,0.0,0.0,inf,1.0,2000
Q08495,15,3,3,3,3,0,0,3,0.0,0.0,0.0,0.0,inf,1.0,2000
Q08495,20,3,3,3,3,0,0,3,0.0,0.0,0.0,0.0,inf,1.0,2000
Q08495,25,3,3,3,3,0,0,3,0.0,0.0,0.0,0.0,inf,1.0,2000
Q08495,30,3,3,3,3,0,0,3,0.0,0.0,0.0,0.0,inf,1.0,2000
Q08495,5,3,3,3,3,0,0,3,0.0,0.0,0.0,0.0,inf,1.0,2000
Q09472,10,7,7,6,4,3,0,21,0.0,0.0,0.0,0.0,inf,1.0,2000
Q09472,15,7,7,6,4,3,0,21,0.0,0.0042619047619047,0.0135969280292041,-0.0042619047619047,0.0,1.0,2000
Q09472,20,7,7,6,4,3,0,21,0.0,0.0086666666666666,0.0183781440759707,-0.0086666666666666,0.0,1.0,2000
Q09472,25,7,7,6,4,3,0,21,0.0,0.0171190476190476,0.0228558996422188,-0.0171190476190476,0.0,1.0,2000
Q09472,30,7,7,6,4,3,0,21,0.0,0.0216190476190476,0.0237144771460049,-0.0216190476190476,0.0,1.0,2000
Q09472,5,7,7,6,4,3,0,21,0.0,0.0,0.0,0.0,inf,1.0,2000
Q09666,10,96,86,20,84,12,21,4560,0.0046052631578947,0.0042998903508771,0.0001805428851161,0.0003053728070175,1.0710187428279998,0.1294352823588206,2000
Q09666,15,96,86,20,84,12,25,4560,0.0054824561403508,0.0053691885964912,0.0001584403257186,0.0001132675438596,1.0210958400555474,0.5257371314342829,2000
Q09666,20,96,86,20,84,12,31,4560,0.006798245614035,0.0065543859649122,0.0001980815493833,0.0002438596491228,1.03720556745182,0.248375812093953,2000
Q09666,25,96,86,20,84,12,37,4560,0.0081140350877192,0.0079112938596491,0.0001774998582522,0.0002027412280701,1.025626810439218,0.3373313343328336,2000
Q09666,30,96,86,20,84,12,43,4560,0.0094298245614035,0.0093616228070175,0.0003308000973791,6.820175438596379e-05,1.0072852491274098,0.4962518740629685,2000
Q09666,5,96,86,20,84,12,13,4560,0.0028508771929824,0.0023052631578947,0.0001995819026327,0.0005456140350877,1.2366818873668186,0.0134932533733133,2000
Q0JRZ9,10,4,3,4,4,0,1,6,0.1666666666666666,0.2816666666666666,0.0771014849802501,-0.1149999999999999,0.591715976331361,1.0,2000
Q0JRZ9,15,4,3,4,4,0,2,6,0.3333333333333333,0.3333333333333332,5.552503422540543e-17,0.0,1.0000000000000002,1.0,2000
Q0JRZ9,20,4,3,4,4,0,2,6,0.3333333333333333,0.3333333333333332,5.552503422540543e-17,0.0,1.0000000000000002,1.0,2000
Q0JRZ9,25,4,3,4,4,0,2,6,0.3333333333333333,0.3333333333333332,5.552503422540543e-17,0.0,1.0000000000000002,1.0,2000
Q0JRZ9,30,4,3,4,4,0,2,6,0.3333333333333333,0.3333333333333332,5.552503422540543e-17,0.0,1.0000000000000002,1.0,2000
Q0JRZ9,5,4,3,4,4,0,1,6,0.1666666666666666,0.19475,0.1005940542405014,-0.0280833333333333,0.8557980316645271,0.888055972013993,2000
Q10471,10,4,4,0,4,0,2,6,0.3333333333333333,0.3333333333333332,5.552503422540543e-17,0.0,1.0000000000000002,1.0,2000
Q10471,15,4,4,0,4,0,3,6,0.5,0.5,0.0,0.0,1.0,1.0,2000
Q10471,20,4,4,0,4,0,3,6,0.5,0.5,0.0,0.0,1.0,1.0,2000
Q10471,25,4,4,0,4,0,3,6,0.5,0.5,0.0,0.0,1.0,1.0,2000
Q10471,30,4,4,0,4,0,3,6,0.5,0.5,0.0,0.0,1.0,1.0,2000
Q10471,5,4,4,0,4,0,1,6,0.1666666666666666,0.1666666666666666,2.776251711270272e-17,0.0,1.0000000000000002,1.0,2000
Q10713,10,3,2,0,3,0,1,3,0.3333333333333333,0.3333333333333332,5.552503422540543e-17,0.0,1.0000000000000002,1.0,2000
Q10713,15,3,2,0,3,0,1,3,0.3333333333333333,0.3333333333333332,5.552503422540543e-17,0.0,1.0000000000000002,1.0,2000
Q10713,20,3,2,0,3,0,1,3,0.3333333333333333,0.3333333333333332,5.552503422540543e-17,0.0,1.0000000000000002,1.0,2000
Q10713,25,3,2,0,3,0,1,3,0.3333333333333333,0.3333333333333332,5.552503422540543e-17,0.0,1.0000000000000002,1.0,2000
Q10713,30,3,2,0,3,0,1,3,0.3333333333333333,0.3333333333333332,5.552503422540543e-17,0.0,1.0000000000000002,1.0,2000
Q10713,5,3,2,0,3,0,1,3,0.3333333333333333,0.3333333333333332,5.552503422540543e-17,0.0,1.0000000000000002,1.0,2000
Q12768,10,3,3,2,0,3,1,3,0.3333333333333333,0.289,0.202071150113487,0.0443333333333333,1.1534025374855823,0.7411294352823589,2000
Q12768,15,3,3,2,0,3,1,3,0.3333333333333333,0.6201666666666668,0.3088453378656713,-0.2868333333333334,0.5374899220639612,1.0,2000
Q12768,20,3,3,2,0,3,1,3,0.3333333333333333,0.7065,0.2591700452095973,-0.3731666666666667,0.4718093890068412,1.0,2000
Q12768,25,3,3,2,0,3,2,3,0.6666666666666666,0.8305,0.1666842578677136,-0.1638333333333334,0.8027292795504716,1.0,2000
Q12768,30,3,3,2,0,3,3,3,1.0,1.0,0.0,0.0,1.0,1.0,2000
Q12768,5,3,3,2,0,3,0,3,0.0,0.0809999999999999,0.1430007853555572,-0.0809999999999999,0.0,1.0,2000
Q12772,10,3,3,2,3,0,1,3,0.3333333333333333,0.288,0.1142914312870077,0.0453333333333333,1.1574074074074074,0.8640679660169915,2000
Q12772,15,3,3,2,3,0,1,3,0.3333333333333333,0.3333333333333332,5.552503422540543e-17,0.0,1.0000000000000002,1.0,2000
Q12772,20,3,3,2,3,0,1,3,0.3333333333333333,0.3333333333333332,5.552503422540543e-17,0.0,1.0000000000000002,1.0,2000
Q12772,25,3,3,2,3,0,1,3,0.3333333333333333,0.3333333333333332,5.552503422540543e-17,0.0,1.0000000000000002,1.0,2000
Q12772,30,3,3,2,3,0,1,3,0.3333333333333333,0.3333333333333332,5.552503422540543e-17,0.0,1.0000000000000002,1.0,2000
Q12772,5,3,3,2,3,0,0,3,0.0,0.2341666666666667,0.1524242249445696,-0.2341666666666667,0.0,1.0,2000
Q12778,10,5,4,5,5,0,3,10,0.3,0.2999999999999999,1.1105006845081086e-16,0.0,1.0000000000000004,1.0,2000
Q12778,15,5,4,5,5,0,3,10,0.3,0.2999999999999999,1.1105006845081086e-16,0.0,1.0000000000000004,1.0,2000
Q12778,20,5,4,5,5,0,3,10,0.3,0.2999999999999999,1.1105006845081086e-16,0.0,1.0000000000000004,1.0,2000
Q12778,25,5,4,5,5,0,3,10,0.3,0.2999999999999999,1.1105006845081086e-16,0.0,1.0000000000000004,1.0,2000
Q12778,30,5,4,5,5,0,3,10,0.3,0.2999999999999999,1.1105006845081086e-16,0.0,1.0000000000000004,1.0,2000
Q12778,5,5,4,5,5,0,2,10,0.2,0.2298,0.0754639477081728,-0.0297999999999999,0.8703220191470844,0.8200899550224887,2000
Q12789,10,3,3,3,3,0,0,3,0.0,0.0,0.0,0.0,inf,1.0,2000
Q12789,15,3,3,3,3,0,0,3,0.0,0.0,0.0,0.0,inf,1.0,2000
Q12789,20,3,3,3,3,0,0,3,0.0,0.0,0.0,0.0,inf,1.0,2000
Q12789,25,3,3,3,3,0,0,3,0.0,0.0,0.0,0.0,inf,1.0,2000
Q12789,30,3,3,3,3,0,0,3,0.0,0.0,0.0,0.0,inf,1.0,2000
Q12789,5,3,3,3,3,0,0,3,0.0,0.0,0.0,0.0,inf,1.0,2000
Q12815,10,5,4,3,4,1,3,10,0.3,0.2991499999999999,0.0813485481932319,0.00085,1.00284138392111,0.665167416291854,2000
Q12815,15,5,4,3,4,1,4,10,0.4,0.3395500000000001,0.0781271362889512,0.0604499999999999,1.1780297452510673,0.5812093953023488,2000
Q12815,20,5,4,3,4,1,4,10,0.4,0.4000000000000001,5.552503422540543e-17,0.0,1.0,1.0,2000
Q12815,25,5,4,3,4,1,4,10,0.4,0.4000000000000001,5.552503422540543e-17,0.0,1.0,1.0,2000
Q12815,30,5,4,3,4,1,4,10,0.4,0.4000000000000001,5.552503422540543e-17,0.0,1.0,1.0,2000
Q12815,5,5,4,3,4,1,2,10,0.2,0.2002,0.0898554227551084,-0.0002,0.9990009990009988,0.6766616691654173,2000
Q12830,10,80,34,26,75,5,255,3160,0.0806962025316455,0.0799542721518987,0.0010759772916157,0.0007419303797468,1.009279433853607,0.2993503248375812,2000
Q12830,15,80,34,26,75,5,322,3160,0.1018987341772151,0.1011412974683544,0.0011293534472204,0.0007574367088607,1.0074888965024176,0.3338330834582708,2000
Q12830,20,80,34,26,75,5,367,3160,0.1161392405063291,0.1174699367088607,0.0011801264051029,-0.0013306962025316,0.9886720275858356,0.8860569715142429,2000
Q12830,25,80,34,26,75,5,416,3160,0.1316455696202531,0.1321617088607595,0.0012127803854568,-0.0005161392405063,0.996094638568497,0.7041479260369815,2000
Q12830,30,80,34,26,75,5,463,3160,0.1465189873417721,0.1458857594936708,0.0011966523739878,0.0006332278481012,1.0043405734068838,0.3538230884557721,2000
Q12830,5,80,34,26,75,5,150,3160,0.0474683544303797,0.0463604430379746,0.0009082398423975,0.001107911392405,1.0238977740462392,0.1539230384807596,2000
Q12857,10,27,7,21,26,1,65,351,0.1851851851851851,0.1823205128205128,0.0080033228714702,0.0028646723646723,1.0157122877747309,0.3993003498250874,2000
Q12857,15,27,7,21,26,1,84,351,0.2393162393162393,0.2264643874643874,0.0080672009421432,0.0128518518518518,1.0567499905647322,0.0859570214892553,2000
Q12857,20,27,7,21,26,1,94,351,0.2678062678062678,0.2641125356125356,0.004951939290724,0.0036937321937322,1.01398544823011,0.3438280859570214,2000
Q12857,25,27,7,21,26,1,101,351,0.2877492877492877,0.2916723646723647,0.0052351613682236,-0.0039230769230769,0.986549713314514,0.8075962018990505,2000
Q12857,30,27,7,21,26,1,112,351,0.3190883190883191,0.3218789173789173,0.0065021486297096,-0.0027905982905982,0.9913302855827828,0.7136431784107946,2000
Q12857,5,27,7,21,26,1,37,351,0.1054131054131054,0.101019943019943,0.0071981328188247,0.0043931623931623,1.0434880703931413,0.3103448275862069,2000
Q12882,10,4,3,1,4,0,1,6,0.1666666666666666,0.1666666666666666,2.776251711270272e-17,0.0,1.0000000000000002,1.0,2000
Q12882,15,4,3,1,4,0,1,6,0.1666666666666666,0.1666666666666666,2.776251711270272e-17,0.0,1.0000000000000002,1.0,2000
Q12882,20,4,3,1,4,0,1,6,0.1666666666666666,0.1666666666666666,2.776251711270272e-17,0.0,1.0000000000000002,1.0,2000
Q12882,25,4,3,1,4,0,1,6,0.1666666666666666,0.1666666666666666,2.776251711270272e-17,0.0,1.0000000000000002,1.0,2000
Q12882,30,4,3,1,4,0,1,6,0.1666666666666666,0.1666666666666666,2.776251711270272e-17,0.0,1.0000000000000002,1.0,2000
Q12882,5,4,3,1,4,0,1,6,0.1666666666666666,0.1666666666666666,2.776251711270272e-17,0.0,1.0000000000000002,1.0,2000
Q12888,10,6,2,6,5,1,6,15,0.4,0.4785,0.0910171098165718,-0.0785,0.8359456635318704,0.9335332333833084,2000
Q12888,15,6,2,6,5,1,10,15,0.6666666666666666,0.6666666666666665,1.1105006845081086e-16,0.0,1.0000000000000002,1.0,2000
Q12888,20,6,2,6,5,1,10,15,0.6666666666666666,0.6666666666666665,1.1105006845081086e-16,0.0,1.0000000000000002,1.0,2000
Q12888,25,6,2,6,5,1,10,15,0.6666666666666666,0.6666666666666665,1.1105006845081086e-16,0.0,1.0000000000000002,1.0,2000
Q12888,30,6,2,6,5,1,10,15,0.6666666666666666,0.6666666666666665,1.1105006845081086e-16,0.0,1.0000000000000002,1.0,2000
Q12888,5,6,2,6,5,1,4,15,0.2666666666666666,0.3083333333333333,0.0729070332377167,-0.0416666666666666,0.8648648648648649,1.0,2000
Q12906,10,3,2,0,3,0,1,3,0.3333333333333333,0.3333333333333332,5.552503422540543e-17,0.0,1.0000000000000002,1.0,2000
Q12906,15,3,2,0,3,0,1,3,0.3333333333333333,0.3333333333333332,5.552503422540543e-17,0.0,1.0000000000000002,1.0,2000
Q12906,20,3,2,0,3,0,1,3,0.3333333333333333,0.3333333333333332,5.552503422540543e-17,0.0,1.0000000000000002,1.0,2000
Q12906,25,3,2,0,3,0,1,3,0.3333333333333333,0.3333333333333332,5.552503422540543e-17,0.0,1.0000000000000002,1.0,2000
Q12906,30,3,2,0,3,0,1,3,0.3333333333333333,0.3333333333333332,5.552503422540543e-17,0.0,1.0000000000000002,1.0,2000
Q12906,5,3,2,0,3,0,1,3,0.3333333333333333,0.3333333333333332,5.552503422540543e-17,0.0,1.0000000000000002,1.0,2000
Q12948,10,6,2,6,6,0,4,15,0.2666666666666666,0.3141,0.0785694945358865,-0.0474333333333333,0.8489865223389578,0.8735632183908046,2000
Q12948,15,6,2,6,6,0,6,15,0.4,0.4536,0.0976765030010193,-0.0535999999999999,0.8818342151675486,0.8430784607696152,2000
Q12948,20,6,2,6,6,0,8,15,0.5333333333333333,0.5763666666666667,0.1043083841711349,-0.0430333333333333,0.9253368804580416,0.7106446776611695,2000
Q12948,25,6,2,6,6,0,9,15,0.6,0.6749333333333334,0.1269897322027704,-0.0749333333333334,0.8889766890557091,0.808095952023988,2000
Q12948,30,6,2,6,6,0,10,15,0.6666666666666666,0.7302666666666666,0.135678623183016,-0.0635999999999999,0.912908526565638,0.7886056971514243,2000
Q12948,5,6,2,6,6,0,3,15,0.2,0.1316999999999999,0.058700270440295,0.0683,1.5186028853454825,0.2628685657171414,2000
Q12955,10,24,20,19,24,0,9,276,0.0326086956521739,0.0314800724637681,0.0044628892344555,0.0011286231884057,1.035851988260344,0.519240379810095,2000
Q12955,15,24,20,19,24,0,17,276,0.0615942028985507,0.0531829710144927,0.005103592135415,0.0084112318840579,1.1581564873795005,0.1074462768615692,2000
Q12955,20,24,20,19,24,0,21,276,0.0760869565217391,0.0754710144927536,0.0052444292037466,0.0006159420289855,1.0081613058089296,0.6021989005497251,2000
Q12955,25,24,20,19,24,0,26,276,0.0942028985507246,0.0957065217391304,0.0042877418990139,-0.0015036231884058,0.9842892296043914,0.7786106946526736,2000
Q12955,30,24,20,19,24,0,30,276,0.108695652173913,0.1093351449275362,0.0043145720723462,-0.0006394927536232,0.99415107782546,0.6981509245377311,2000
Q12955,5,24,20,19,24,0,6,276,0.0217391304347826,0.0186050724637681,0.0034281233436126,0.0031340579710144,1.1684518013631937,0.352823588205897,2000
Q13206,10,3,3,1,3,0,1,3,0.3333333333333333,0.3333333333333332,5.552503422540543e-17,0.0,1.0000000000000002,1.0,2000
Q13206,15,3,3,1,3,0,1,3,0.3333333333333333,0.3333333333333332,5.552503422540543e-17,0.0,1.0000000000000002,1.0,2000
Q13206,20,3,3,1,3,0,1,3,0.3333333333333333,0.3333333333333332,5.552503422540543e-17,0.0,1.0000000000000002,1.0,2000
Q13206,25,3,3,1,3,0,1,3,0.3333333333333333,0.3333333333333332,5.552503422540543e-17,0.0,1.0000000000000002,1.0,2000
Q13206,30,3,3,1,3,0,1,3,0.3333333333333333,0.3333333333333332,5.552503422540543e-17,0.0,1.0000000000000002,1.0,2000
Q13206,5,3,3,1,3,0,1,3,0.3333333333333333,0.2275,0.1552067263274436,0.1058333333333333,1.465201465201465,0.6826586706646677,2000
Q13233,10,4,3,4,1,3,2,6,0.3333333333333333,0.3615833333333333,0.1560990029665191,-0.02825,0.9218713989398476,0.6931534232883558,2000
Q13233,15,4,3,4,1,3,2,6,0.3333333333333333,0.44975,0.0883078766871163,-0.1164166666666666,0.7411524921252548,0.9650174912543728,2000
Q13233,20,4,3,4,1,3,3,6,0.5,0.4846666666666666,0.0481830389978463,0.0153333333333333,1.031636863823934,0.9080459770114944,2000
Q13233,25,4,3,4,1,3,3,6,0.5,0.5,0.0,0.0,1.0,1.0,2000
Q13233,30,4,3,4,1,3,4,6,0.6666666666666666,0.50925,0.0381684762986177,0.1574166666666666,1.3091147111765669,0.0559720139930035,2000
Q13233,5,4,3,4,1,3,0,6,0.0,0.2016666666666666,0.1441714004105813,-0.2016666666666666,0.0,1.0,2000
Q13243,10,3,1,3,3,0,3,3,1.0,1.0,0.0,0.0,1.0,1.0,2000
Q13243,15,3,1,3,3,0,3,3,1.0,1.0,0.0,0.0,1.0,1.0,2000
Q13243,20,3,1,3,3,0,3,3,1.0,1.0,0.0,0.0,1.0,1.0,2000
Q13243,25,3,1,3,3,0,3,3,1.0,1.0,0.0,0.0,1.0,1.0,2000
Q13243,30,3,1,3,3,0,3,3,1.0,1.0,0.0,0.0,1.0,1.0,2000
Q13243,5,3,1,3,3,0,2,3,0.6666666666666666,0.8334999999999999,0.1667082656106513,-0.1668333333333332,0.7998400319936013,1.0,2000
Q13247,10,3,2,1,3,0,1,3,0.3333333333333333,0.3333333333333332,5.552503422540543e-17,0.0,1.0000000000000002,1.0,2000
Q13247,15,3,2,1,3,0,1,3,0.3333333333333333,0.3333333333333332,5.552503422540543e-17,0.0,1.0000000000000002,1.0,2000
Q13247,20,3,2,1,3,0,1,3,0.3333333333333333,0.3333333333333332,5.552503422540543e-17,0.0,1.0000000000000002,1.0,2000
Q13247,25,3,2,1,3,0,1,3,0.3333333333333333,0.3333333333333332,5.552503422540543e-17,0.0,1.0000000000000002,1.0,2000
Q13247,30,3,2,1,3,0,1,3,0.3333333333333333,0.3333333333333332,5.552503422540543e-17,0.0,1.0000000000000002,1.0,2000
Q13247,5,3,2,1,3,0,1,3,0.3333333333333333,0.3333333333333332,5.552503422540543e-17,0.0,1.0000000000000002,1.0,2000
Q13283,10,6,6,2,6,0,2,15,0.1333333333333333,0.1333333333333333,2.776251711270272e-17,0.0,1.0000000000000002,1.0,2000
Q13283,15,6,6,2,6,0,4,15,0.2666666666666666,0.2659666666666667,0.044252309671173,0.0006999999999999,1.0026319087604962,0.7746126936531734,2000
Q13283,20,6,6,2,6,0,6,15,0.4,0.3323333333333333,0.0537938678981634,0.0676666666666666,1.2036108324974923,0.3183408295852074,2000
Q13283,25,6,6,2,6,0,7,15,0.4666666666666667,0.4521333333333334,0.042199333231651,0.0145333333333332,1.032143910350929,0.6671664167916042,2000
Q13283,30,6,6,2,6,0,9,15,0.6,0.5626333333333332,0.0330966921133782,0.0373666666666667,1.0664138870786186,0.4397801099450275,2000
Q13283,5,6,6,2,6,0,0,15,0.0,0.0,0.0,0.0,inf,1.0,2000
Q13310,10,5,5,1,2,3,2,10,0.2,0.2,2.776251711270272e-17,0.0,1.0,1.0,2000
Q13310,15,5,5,1,2,3,2,10,0.2,0.2,2.776251711270272e-17,0.0,1.0,1.0,2000
Q13310,20,5,5,1,2,3,4,10,0.4,0.2669,0.0943866750246617,0.1331,1.4986886474334955,0.3348325837081459,2000
Q13310,25,5,5,1,2,3,4,10,0.4,0.3001999999999999,0.0816902481837591,0.0998,1.332445036642239,0.3348325837081459,2000
Q13310,30,5,5,1,2,3,4,10,0.4,0.4000000000000001,5.552503422540543e-17,0.0,1.0,1.0,2000
Q13310,5,5,5,1,2,3,2,10,0.2,0.2,2.776251711270272e-17,0.0,1.0,1.0,2000
Q13315,10,6,6,2,5,1,1,15,0.0666666666666666,0.0666666666666666,1.3881258556351357e-17,0.0,1.0000000000000002,1.0,2000
Q13315,15,6,6,2,5,1,1,15,0.0666666666666666,0.0666666666666666,1.3881258556351357e-17,0.0,1.0000000000000002,1.0,2000
Q13315,20,6,6,2,5,1,1,15,0.0666666666666666,0.0666666666666666,1.3881258556351357e-17,0.0,1.0000000000000002,1.0,2000
Q13315,25,6,6,2,5,1,1,15,0.0666666666666666,0.0666666666666666,1.3881258556351357e-17,0.0,1.0000000000000002,1.0,2000
Q13315,30,6,6,2,5,1,2,15,0.1333333333333333,0.1333333333333333,2.776251711270272e-17,0.0,1.0000000000000002,1.0,2000
Q13315,5,6,6,2,5,1,0,15,0.0,0.0440999999999999,0.0315545217666495,-0.0440999999999999,0.0,1.0,2000
Q13330,10,4,2,1,1,3,3,6,0.5,0.5,0.0,0.0,1.0,1.0,2000
Q13330,15,4,2,1,1,3,3,6,0.5,0.5,0.0,0.0,1.0,1.0,2000
Q13330,20,4,2,1,1,3,3,6,0.5,0.5,0.0,0.0,1.0,1.0,2000
Q13330,25,4,2,1,1,3,3,6,0.5,0.5,0.0,0.0,1.0,1.0,2000
Q13330,30,4,2,1,1,3,3,6,0.5,0.5,0.0,0.0,1.0,1.0,2000
Q13330,5,4,2,1,1,3,2,6,0.3333333333333333,0.3333333333333332,5.552503422540543e-17,0.0,1.0000000000000002,1.0,2000
Q13416,10,3,3,2,3,0,0,3,0.0,0.0,0.0,0.0,inf,1.0,2000
Q13416,15,3,3,2,3,0,0,3,0.0,0.0,0.0,0.0,inf,1.0,2000
Q13416,20,3,3,2,3,0,0,3,0.0,0.0,0.0,0.0,inf,1.0,2000
Q13416,25,3,3,2,3,0,0,3,0.0,0.1655,0.1667042645602623,-0.1655,0.0,1.0,2000
Q13416,30,3,3,2,3,0,1,3,0.3333333333333333,0.3333333333333332,5.552503422540543e-17,0.0,1.0000000000000002,1.0,2000
Q13416,5,3,3,2,3,0,0,3,0.0,0.0,0.0,0.0,inf,1.0,2000
Q13427,10,3,3,2,3,0,0,3,0.0,0.0,0.0,0.0,inf,1.0,2000
Q13427,15,3,3,2,3,0,0,3,0.0,0.0,0.0,0.0,inf,1.0,2000
Q13427,20,3,3,2,3,0,0,3,0.0,0.0,0.0,0.0,inf,1.0,2000
Q13427,25,3,3,2,3,0,0,3,0.0,0.0,0.0,0.0,inf,1.0,2000
Q13427,30,3,3,2,3,0,0,3,0.0,0.0,0.0,0.0,inf,1.0,2000
Q13427,5,3,3,2,3,0,0,3,0.0,0.0,0.0,0.0,inf,1.0,2000
Q13428,10,9,8,4,9,0,3,36,0.0833333333333333,0.0833333333333333,1.3881258556351357e-17,0.0,1.0000000000000002,1.0,2000
Q13428,15,9,8,4,9,0,3,36,0.0833333333333333,0.0833333333333333,1.3881258556351357e-17,0.0,1.0000000000000002,1.0,2000
Q13428,20,9,8,4,9,0,3,36,0.0833333333333333,0.0833333333333333,1.3881258556351357e-17,0.0,1.0000000000000002,1.0,2000
Q13428,25,9,8,4,9,0,3,36,0.0833333333333333,0.0833333333333333,1.3881258556351357e-17,0.0,1.0000000000000002,1.0,2000
Q13428,30,9,8,4,9,0,3,36,0.0833333333333333,0.0833333333333333,1.3881258556351357e-17,0.0,1.0000000000000002,1.0,2000
Q13428,5,9,8,4,9,0,2,36,0.0555555555555555,0.0555555555555555,2.0821887834527037e-17,0.0,0.9999999999999996,1.0,2000
Q13443,10,5,3,2,5,0,3,10,0.3,0.2999999999999999,1.1105006845081086e-16,0.0,1.0000000000000004,1.0,2000
Q13443,15,5,3,2,5,0,3,10,0.3,0.2999999999999999,1.1105006845081086e-16,0.0,1.0000000000000004,1.0,2000
Q13443,20,5,3,2,5,0,3,10,0.3,0.2999999999999999,1.1105006845081086e-16,0.0,1.0000000000000004,1.0,2000
Q13443,25,5,3,2,5,0,3,10,0.3,0.2999999999999999,1.1105006845081086e-16,0.0,1.0000000000000004,1.0,2000
Q13443,30,5,3,2,5,0,3,10,0.3,0.2999999999999999,1.1105006845081086e-16,0.0,1.0000000000000004,1.0,2000
Q13443,5,5,3,2,5,0,3,10,0.3,0.2999999999999999,1.1105006845081086e-16,0.0,1.0000000000000004,1.0,2000
Q13469,10,3,3,0,3,0,0,3,0.0,0.0,0.0,0.0,inf,1.0,2000
Q13469,15,3,3,0,3,0,0,3,0.0,0.0,0.0,0.0,inf,1.0,2000
Q13469,20,3,3,0,3,0,0,3,0.0,0.0,0.0,0.0,inf,1.0,2000
Q13469,25,3,3,0,3,0,0,3,0.0,0.0,0.0,0.0,inf,1.0,2000
Q13469,30,3,3,0,3,0,0,3,0.0,0.0,0.0,0.0,inf,1.0,2000
Q13469,5,3,3,0,3,0,0,3,0.0,0.0,0.0,0.0,inf,1.0,2000
Q13474,10,4,2,0,4,0,4,6,0.6666666666666666,0.6666666666666665,1.1105006845081086e-16,0.0,1.0000000000000002,1.0,2000
Q13474,15,4,2,0,4,0,6,6,1.0,1.0,0.0,0.0,1.0,1.0,2000
Q13474,20,4,2,0,4,0,6,6,1.0,1.0,0.0,0.0,1.0,1.0,2000
Q13474,25,4,2,0,4,0,6,6,1.0,1.0,0.0,0.0,1.0,1.0,2000
Q13474,30,4,2,0,4,0,6,6,1.0,1.0,0.0,0.0,1.0,1.0,2000
Q13474,5,4,2,0,4,0,3,6,0.5,0.5,0.0,0.0,1.0,1.0,2000
Q13485,10,5,3,4,4,1,6,10,0.6,0.45995,0.1002797363017891,0.1400499999999999,1.3044896184367865,0.2488755622188905,2000
Q13485,15,5,3,4,4,1,6,10,0.6,0.6118499999999998,0.0323280072077604,-0.0118499999999998,0.9806325079676396,1.0,2000
Q13485,20,5,3,4,4,1,8,10,0.8,0.8016000000000001,0.0699277122639604,-0.0016,0.998003992015968,0.7636181909045477,2000
Q13485,25,5,3,4,4,1,9,10,0.9,0.8765000000000003,0.0645742589385176,0.0234999999999997,1.0268111808328575,0.6466766616691654,2000
Q13485,30,5,3,4,4,1,10,10,1.0,0.9248500000000002,0.0432251281762463,0.0751499999999998,1.0812564199599932,0.2488755622188905,2000
Q13485,5,5,3,4,4,1,3,10,0.3,0.22355,0.0824851465398458,0.0764499999999999,1.3419816595839855,0.2488755622188905,2000
Q13492,10,27,15,19,23,4,41,351,0.1168091168091168,0.0876381766381766,0.0078348408854262,0.0291709401709401,1.3328565391242155,0.0029985007496251,2000
Q13492,15,27,15,19,23,4,48,351,0.1367521367521367,0.1074544159544159,0.0067014543922077,0.0292977207977208,1.272652552596344,0.0024987506246876,2000
Q13492,20,27,15,19,23,4,54,351,0.1538461538461538,0.1303675213675213,0.00924684071574,0.0234786324786324,1.1800957188749754,0.0129935032483758,2000
Q13492,25,27,15,19,23,4,57,351,0.1623931623931624,0.1664985754985755,0.0119145774767785,-0.004105413105413,0.9753426532742424,0.6856571714142928,2000
Q13492,30,27,15,19,23,4,61,351,0.1737891737891738,0.2076951566951567,0.0111073844650623,-0.0339059829059829,0.8367512105458087,1.0,2000
Q13492,5,27,15,19,23,4,22,351,0.0626780626780626,0.0505754985754985,0.0071171582811171,0.0121025641025641,1.239296980621902,0.0694652673663168,2000
Q13495,10,12,8,9,8,4,6,66,0.0909090909090909,0.1014924242424242,0.009592215300426,-0.0105833333333333,0.8957229230424725,1.0,2000
Q13495,15,12,8,9,8,4,8,66,0.1212121212121212,0.1319999999999999,0.0117886059538477,-0.0107878787878787,0.918273645546373,0.9500249875062468,2000
Q13495,20,12,8,9,8,4,9,66,0.1363636363636363,0.1454848484848485,0.0074183009300598,-0.0091212121212121,0.9373047281816288,1.0,2000
Q13495,25,12,8,9,8,4,10,66,0.1515151515151515,0.1515151515151515,0.0,0.0,1.0,1.0,2000
Q13495,30,12,8,9,8,4,10,66,0.1515151515151515,0.1515151515151515,0.0,0.0,1.0,1.0,2000
Q13495,5,12,8,9,8,4,5,66,0.0757575757575757,0.0802424242424242,0.0069182595351635,-0.0044848484848484,0.944108761329305,1.0,2000
Q13506,10,3,2,2,3,0,1,3,0.3333333333333333,0.3333333333333332,5.552503422540543e-17,0.0,1.0000000000000002,1.0,2000
Q13506,15,3,2,2,3,0,1,3,0.3333333333333333,0.3333333333333332,5.552503422540543e-17,0.0,1.0000000000000002,1.0,2000
Q13506,20,3,2,2,3,0,1,3,0.3333333333333333,0.3333333333333332,5.552503422540543e-17,0.0,1.0000000000000002,1.0,2000
Q13506,25,3,2,2,3,0,1,3,0.3333333333333333,0.3333333333333332,5.552503422540543e-17,0.0,1.0000000000000002,1.0,2000
Q13506,30,3,2,2,3,0,1,3,0.3333333333333333,0.3333333333333332,5.552503422540543e-17,0.0,1.0000000000000002,1.0,2000
Q13506,5,3,2,2,3,0,1,3,0.3333333333333333,0.1675,0.1667062650974602,0.1658333333333333,1.990049751243781,0.5027486256871564,2000
Q13523,10,3,2,0,3,0,1,3,0.3333333333333333,0.3333333333333332,5.552503422540543e-17,0.0,1.0000000000000002,1.0,2000
Q13523,15,3,2,0,3,0,1,3,0.3333333333333333,0.3333333333333332,5.552503422540543e-17,0.0,1.0000000000000002,1.0,2000
Q13523,20,3,2,0,3,0,1,3,0.3333333333333333,0.3333333333333332,5.552503422540543e-17,0.0,1.0000000000000002,1.0,2000
Q13523,25,3,2,0,3,0,1,3,0.3333333333333333,0.3333333333333332,5.552503422540543e-17,0.0,1.0000000000000002,1.0,2000
Q13523,30,3,2,0,3,0,1,3,0.3333333333333333,0.3333333333333332,5.552503422540543e-17,0.0,1.0000000000000002,1.0,2000
Q13523,5,3,2,0,3,0,1,3,0.3333333333333333,0.3333333333333332,5.552503422540543e-17,0.0,1.0000000000000002,1.0,2000
Q13541,10,3,2,3,3,0,1,3,0.3333333333333333,0.3333333333333332,5.552503422540543e-17,0.0,1.0000000000000002,1.0,2000
Q13541,15,3,2,3,3,0,1,3,0.3333333333333333,0.3333333333333332,5.552503422540543e-17,0.0,1.0000000000000002,1.0,2000
Q13541,20,3,2,3,3,0,1,3,0.3333333333333333,0.3333333333333332,5.552503422540543e-17,0.0,1.0000000000000002,1.0,2000
Q13541,25,3,2,3,3,0,1,3,0.3333333333333333,0.3333333333333332,5.552503422540543e-17,0.0,1.0000000000000002,1.0,2000
Q13541,30,3,2,3,3,0,1,3,0.3333333333333333,0.3333333333333332,5.552503422540543e-17,0.0,1.0000000000000002,1.0,2000
Q13541,5,3,2,3,3,0,1,3,0.3333333333333333,0.2026666666666667,0.1627729255448306,0.1306666666666666,1.6447368421052628,0.6081959020489756,2000
Q13546,10,6,3,3,3,3,2,15,0.1333333333333333,0.1518333333333333,0.0298584845208572,-0.0184999999999999,0.8781558726673985,1.0,2000
Q13546,15,6,3,3,3,3,4,15,0.2666666666666666,0.2340333333333333,0.033334317144061,0.0326333333333333,1.1394388263780089,0.5107446276861569,2000
Q13546,20,6,3,3,3,3,4,15,0.2666666666666666,0.2477,0.0300859199841162,0.0189666666666666,1.0765711209796798,0.7156421789105447,2000
Q13546,25,6,3,3,3,3,4,15,0.2666666666666666,0.2477,0.0300859199841162,0.0189666666666666,1.0765711209796798,0.7156421789105447,2000
Q13546,30,6,3,3,3,3,4,15,0.2666666666666666,0.2632666666666666,0.0146701831550791,0.0034,1.0129146619397318,0.9490254872563718,2000
Q13546,5,6,3,3,3,3,1,15,0.0666666666666666,0.0819333333333333,0.0280196219866507,-0.0152666666666666,0.8136696501220506,1.0,2000
Q13547,10,3,3,2,3,0,0,3,0.0,0.0,0.0,0.0,inf,1.0,2000
Q13547,15,3,3,2,3,0,0,3,0.0,0.0,0.0,0.0,inf,1.0,2000
Q13547,20,3,3,2,3,0,0,3,0.0,0.0,0.0,0.0,inf,1.0,2000
Q13547,25,3,3,2,3,0,0,3,0.0,0.0,0.0,0.0,inf,1.0,2000
Q13547,30,3,3,2,3,0,0,3,0.0,0.0,0.0,0.0,inf,1.0,2000
Q13547,5,3,3,2,3,0,0,3,0.0,0.0,0.0,0.0,inf,1.0,2000
Q13554,10,5,1,5,5,0,8,10,0.8,0.7325,0.0945950533170526,0.0675,1.0921501706484642,0.6626686656671664,2000
Q13554,15,5,1,5,5,0,10,10,1.0,1.0,0.0,0.0,1.0,1.0,2000
Q13554,20,5,1,5,5,0,10,10,1.0,1.0,0.0,0.0,1.0,1.0,2000
Q13554,25,5,1,5,5,0,10,10,1.0,1.0,0.0,0.0,1.0,1.0,2000
Q13554,30,5,1,5,5,0,10,10,1.0,1.0,0.0,0.0,1.0,1.0,2000
Q13554,5,5,1,5,5,0,5,10,0.5,0.4003,0.057459209709064,0.0996999999999999,1.2490632025980513,0.1669165417291354,2000
Q13557,10,3,3,2,2,1,1,3,0.3333333333333333,0.1683333333333333,0.1667000133390025,0.165,1.9801980198019804,0.5052473763118441,2000
Q13557,15,3,3,2,2,1,1,3,0.3333333333333333,0.3333333333333332,5.552503422540543e-17,0.0,1.0000000000000002,1.0,2000
Q13557,20,3,3,2,2,1,2,3,0.6666666666666666,0.5531666666666667,0.1579986237784724,0.1134999999999999,1.2051822838204278,0.6596701649175413,2000
Q13557,25,3,3,2,2,1,2,3,0.6666666666666666,0.6666666666666665,1.1105006845081086e-16,0.0,1.0000000000000002,1.0,2000
Q13557,30,3,3,2,2,1,3,3,1.0,0.8345,0.1667042645602624,0.1654999999999999,1.1983223487118035,0.5037481259370314,2000
Q13557,5,3,3,2,2,1,0,3,0.0,0.0,0.0,0.0,inf,1.0,2000
Q13576,10,4,2,3,4,0,3,6,0.5,0.5,0.0,0.0,1.0,1.0,2000
Q13576,15,4,2,3,4,0,3,6,0.5,0.5,0.0,0.0,1.0,1.0,2000
Q13576,20,4,2,3,4,0,3,6,0.5,0.5,0.0,0.0,1.0,1.0,2000
Q13576,25,4,2,3,4,0,3,6,0.5,0.5,0.0,0.0,1.0,1.0,2000
Q13576,30,4,2,3,4,0,3,6,0.5,0.5,0.0,0.0,1.0,1.0,2000
Q13576,5,4,2,3,4,0,3,6,0.5,0.4165833333333333,0.0833541328053256,0.0834166666666667,1.200240048009602,0.4997501249375312,2000
Q13586,10,4,3,3,1,3,2,6,0.3333333333333333,0.3333333333333332,5.552503422540543e-17,0.0,1.0000000000000002,1.0,2000
Q13586,15,4,3,3,1,3,2,6,0.3333333333333333,0.3333333333333332,5.552503422540543e-17,0.0,1.0000000000000002,1.0,2000
Q13586,20,4,3,3,1,3,2,6,0.3333333333333333,0.3333333333333332,5.552503422540543e-17,0.0,1.0000000000000002,1.0,2000
Q13586,25,4,3,3,1,3,2,6,0.3333333333333333,0.3333333333333332,5.552503422540543e-17,0.0,1.0000000000000002,1.0,2000
Q13586,30,4,3,3,1,3,2,6,0.3333333333333333,0.3333333333333332,5.552503422540543e-17,0.0,1.0000000000000002,1.0,2000
Q13586,5,4,3,3,1,3,2,6,0.3333333333333333,0.2025833333333333,0.0937220860561018,0.13075,1.6454134101192923,0.2893553223388306,2000
Q13613,10,3,2,2,3,0,0,3,0.0,0.29,0.1121291806053994,-0.29,0.0,1.0,2000
Q13613,15,3,2,2,3,0,1,3,0.3333333333333333,0.3333333333333332,5.552503422540543e-17,0.0,1.0000000000000002,1.0,2000
Q13613,20,3,2,2,3,0,1,3,0.3333333333333333,0.3333333333333332,5.552503422540543e-17,0.0,1.0000000000000002,1.0,2000
Q13613,25,3,2,2,3,0,1,3,0.3333333333333333,0.3333333333333332,5.552503422540543e-17,0.0,1.0000000000000002,1.0,2000
Q13613,30,3,2,2,3,0,1,3,0.3333333333333333,0.3333333333333332,5.552503422540543e-17,0.0,1.0000000000000002,1.0,2000
Q13613,5,3,2,2,3,0,0,3,0.0,0.201,0.1631327868733828,-0.201,0.0,1.0,2000
Q13620,10,5,2,3,3,2,8,10,0.8,0.8835500000000002,0.0914799529454155,-0.0835500000000001,0.9054382887216342,0.944527736131934,2000
Q13620,15,5,2,3,3,2,10,10,1.0,1.0,0.0,0.0,1.0,1.0,2000
Q13620,20,5,2,3,3,2,10,10,1.0,1.0,0.0,0.0,1.0,1.0,2000
Q13620,25,5,2,3,3,2,10,10,1.0,1.0,0.0,0.0,1.0,1.0,2000
Q13620,30,5,2,3,3,2,10,10,1.0,1.0,0.0,0.0,1.0,1.0,2000
Q13620,5,5,2,3,3,2,5,10,0.5,0.5093,0.1025610519870596,-0.0092999999999999,0.9817396426467702,0.6826586706646677,2000
Q13625,10,6,3,1,6,0,3,15,0.2,0.2,2.776251711270272e-17,0.0,1.0,1.0,2000
Q13625,15,6,3,1,6,0,6,15,0.4,0.4000000000000001,5.552503422540543e-17,0.0,1.0,1.0,2000
Q13625,20,6,3,1,6,0,6,15,0.4,0.4000000000000001,5.552503422540543e-17,0.0,1.0,1.0,2000
Q13625,25,6,3,1,6,0,6,15,0.4,0.4000000000000001,5.552503422540543e-17,0.0,1.0,1.0,2000
Q13625,30,6,3,1,6,0,6,15,0.4,0.4000000000000001,5.552503422540543e-17,0.0,1.0,1.0,2000
Q13625,5,6,3,1,6,0,2,15,0.1333333333333333,0.1333333333333333,2.776251711270272e-17,0.0,1.0000000000000002,1.0,2000
Q13769,10,5,4,1,2,3,3,10,0.3,0.2999999999999999,1.1105006845081086e-16,0.0,1.0000000000000004,1.0,2000
Q13769,15,5,4,1,2,3,3,10,0.3,0.2999999999999999,1.1105006845081086e-16,0.0,1.0000000000000004,1.0,2000
Q13769,20,5,4,1,2,3,3,10,0.3,0.2999999999999999,1.1105006845081086e-16,0.0,1.0000000000000004,1.0,2000
Q13769,25,5,4,1,2,3,3,10,0.3,0.2999999999999999,1.1105006845081086e-16,0.0,1.0000000000000004,1.0,2000
Q13769,30,5,4,1,2,3,3,10,0.3,0.2999999999999999,1.1105006845081086e-16,0.0,1.0000000000000004,1.0,2000
Q13769,5,5,4,1,2,3,1,10,0.1,0.1,1.3881258556351357e-17,0.0,1.0,1.0,2000
Q13885,10,6,4,1,1,5,2,15,0.1333333333333333,0.1656333333333333,0.0333256452698167,-0.0322999999999999,0.8049909438518816,1.0,2000
Q13885,15,6,4,1,1,5,2,15,0.1333333333333333,0.1656333333333333,0.0333256452698167,-0.0322999999999999,0.8049909438518816,1.0,2000
Q13885,20,6,4,1,1,5,3,15,0.2,0.2,2.776251711270272e-17,0.0,1.0,1.0,2000
Q13885,25,6,4,1,1,5,3,15,0.2,0.2,2.776251711270272e-17,0.0,1.0,1.0,2000
Q13885,30,6,4,1,1,5,3,15,0.2,0.2,2.776251711270272e-17,0.0,1.0,1.0,2000
Q13885,5,6,4,1,1,5,2,15,0.1333333333333333,0.1333333333333333,2.776251711270272e-17,0.0,1.0000000000000002,1.0,2000
Q13887,10,3,3,0,3,0,3,3,1.0,1.0,0.0,0.0,1.0,1.0,2000
Q13887,15,3,3,0,3,0,3,3,1.0,1.0,0.0,0.0,1.0,1.0,2000
Q13887,20,3,3,0,3,0,3,3,1.0,1.0,0.0,0.0,1.0,1.0,2000
Q13887,25,3,3,0,3,0,3,3,1.0,1.0,0.0,0.0,1.0,1.0,2000
Q13887,30,3,3,0,3,0,3,3,1.0,1.0,0.0,0.0,1.0,1.0,2000
Q13887,5,3,3,0,3,0,1,3,0.3333333333333333,0.3333333333333332,5.552503422540543e-17,0.0,1.0000000000000002,1.0,2000
Q13950,10,4,3,4,4,0,1,6,0.1666666666666666,0.1666666666666666,2.776251711270272e-17,0.0,1.0000000000000002,1.0,2000
Q13950,15,4,3,4,4,0,1,6,0.1666666666666666,0.1666666666666666,2.776251711270272e-17,0.0,1.0000000000000002,1.0,2000
Q13950,20,4,3,4,4,0,1,6,0.1666666666666666,0.1666666666666666,2.776251711270272e-17,0.0,1.0000000000000002,1.0,2000
Q13950,25,4,3,4,4,0,1,6,0.1666666666666666,0.1666666666666666,2.776251711270272e-17,0.0,1.0000000000000002,1.0,2000
Q13950,30,4,3,4,4,0,1,6,0.1666666666666666,0.1962499999999999,0.0636978072602921,-0.0295833333333333,0.8492569002123143,1.0,2000
Q13950,5,4,3,4,4,0,1,6,0.1666666666666666,0.1666666666666666,2.776251711270272e-17,0.0,1.0000000000000002,1.0,2000
Q13952,10,6,3,3,6,0,5,15,0.3333333333333333,0.2926333333333333,0.0446723507392592,0.0407,1.1390818999886092,0.4952523738130934,2000
Q13952,15,6,3,3,6,0,6,15,0.4,0.4000000000000001,5.552503422540543e-17,0.0,1.0,1.0,2000
Q13952,20,6,3,3,6,0,6,15,0.4,0.4000000000000001,5.552503422540543e-17,0.0,1.0,1.0,2000
Q13952,25,6,3,3,6,0,6,15,0.4,0.4000000000000001,5.552503422540543e-17,0.0,1.0,1.0,2000
Q13952,30,6,3,3,6,0,6,15,0.4,0.4000000000000001,5.552503422540543e-17,0.0,1.0,1.0,2000
Q13952,5,6,3,3,6,0,3,15,0.2,0.1460333333333333,0.0395185156447152,0.0539666666666666,1.3695503309746635,0.2893553223388306,2000
Q14004,10,10,6,3,9,1,19,45,0.4222222222222222,0.4222222222222223,5.552503422540543e-17,0.0,1.0,1.0,2000
Q14004,15,10,6,3,9,1,21,45,0.4666666666666667,0.4666666666666667,5.552503422540543e-17,0.0,1.0,1.0,2000
Q14004,20,10,6,3,9,1,21,45,0.4666666666666667,0.4666666666666667,5.552503422540543e-17,0.0,1.0,1.0,2000
Q14004,25,10,6,3,9,1,21,45,0.4666666666666667,0.4666666666666667,5.552503422540543e-17,0.0,1.0,1.0,2000
Q14004,30,10,6,3,9,1,21,45,0.4666666666666667,0.4666666666666667,5.552503422540543e-17,0.0,1.0,1.0,2000
Q14004,5,10,6,3,9,1,14,45,0.3111111111111111,0.311111111111111,1.1105006845081086e-16,0.0,1.0000000000000004,1.0,2000
Q14008,10,3,2,3,1,2,3,3,1.0,0.4841666666666666,0.2915716632239412,0.5158333333333334,2.0654044750430294,0.1834082958520739,2000
Q14008,15,3,2,3,1,2,3,3,1.0,0.6625,0.285523029875321,0.3375,1.509433962264151,0.3533233383308345,2000
Q14008,20,3,2,3,1,2,3,3,1.0,0.8566666666666666,0.2155894128964409,0.1433333333333334,1.1673151750972763,0.656671664167916,2000
Q14008,25,3,2,3,1,2,3,3,1.0,0.9436666666666668,0.1439646044974892,0.0563333333333333,1.059696220416814,0.8540729635182409,2000
Q14008,30,3,2,3,1,2,3,3,1.0,0.972,0.1016478098619738,0.028,1.02880658436214,0.9240379810094952,2000
Q14008,5,3,2,3,1,2,1,3,0.3333333333333333,0.2863333333333333,0.2597910937134933,0.0469999999999999,1.1641443538998837,0.6761619190404797,2000
Q14114,10,4,3,0,4,0,2,6,0.3333333333333333,0.3333333333333332,5.552503422540543e-17,0.0,1.0000000000000002,1.0,2000
Q14114,15,4,3,0,4,0,2,6,0.3333333333333333,0.3333333333333332,5.552503422540543e-17,0.0,1.0000000000000002,1.0,2000
Q14114,20,4,3,0,4,0,2,6,0.3333333333333333,0.3333333333333332,5.552503422540543e-17,0.0,1.0000000000000002,1.0,2000
Q14114,25,4,3,0,4,0,2,6,0.3333333333333333,0.3333333333333332,5.552503422540543e-17,0.0,1.0000000000000002,1.0,2000
Q14114,30,4,3,0,4,0,2,6,0.3333333333333333,0.3333333333333332,5.552503422540543e-17,0.0,1.0000000000000002,1.0,2000
Q14114,5,4,3,0,4,0,2,6,0.3333333333333333,0.3333333333333332,5.552503422540543e-17,0.0,1.0000000000000002,1.0,2000
Q14118,10,4,3,2,4,0,1,6,0.1666666666666666,0.1666666666666666,2.776251711270272e-17,0.0,1.0000000000000002,1.0,2000
Q14118,15,4,3,2,4,0,1,6,0.1666666666666666,0.1666666666666666,2.776251711270272e-17,0.0,1.0000000000000002,1.0,2000
Q14118,20,4,3,2,4,0,1,6,0.1666666666666666,0.1666666666666666,2.776251711270272e-17,0.0,1.0000000000000002,1.0,2000
Q14118,25,4,3,2,4,0,1,6,0.1666666666666666,0.1666666666666666,2.776251711270272e-17,0.0,1.0000000000000002,1.0,2000
Q14118,30,4,3,2,4,0,1,6,0.1666666666666666,0.1666666666666666,2.776251711270272e-17,0.0,1.0000000000000002,1.0,2000
Q14118,5,4,3,2,4,0,1,6,0.1666666666666666,0.11225,0.0781749735950171,0.0544166666666666,1.4847809948032664,0.6736631684157921,2000
Q14119,10,24,11,17,14,10,48,276,0.1739130434782608,0.142,0.0106020319962069,0.0319130434782608,1.224739742804654,0.0069965017491254,2000
Q14119,15,24,11,17,14,10,68,276,0.2463768115942029,0.2068786231884057,0.013352611174087,0.0394981884057971,1.190924455108278,0.0079960019990005,2000
Q14119,20,24,11,17,14,10,85,276,0.3079710144927536,0.2647608695652174,0.0172818488916796,0.0432101449275362,1.1632044229137586,0.0144927536231884,2000
Q14119,25,24,11,17,14,10,95,276,0.3442028985507246,0.3071503623188406,0.0195123746608895,0.037052536231884,1.1206332167481583,0.0344827586206896,2000
Q14119,30,24,11,17,14,10,105,276,0.3804347826086957,0.3499891304347826,0.0223055853232558,0.030445652173913,1.0869902792012174,0.104447776111944,2000
Q14119,5,24,11,17,14,10,23,276,0.0833333333333333,0.0634836956521739,0.0098349524614914,0.0198496376811594,1.3126730017407184,0.0394802598700649,2000
Q14134,10,4,3,2,4,0,2,6,0.3333333333333333,0.2786666666666666,0.0782670398790728,0.0546666666666667,1.196172248803828,0.6721639180409795,2000
Q14134,15,4,3,2,4,0,3,6,0.5,0.5,0.0,0.0,1.0,1.0,2000
Q14134,20,4,3,2,4,0,3,6,0.5,0.5,0.0,0.0,1.0,1.0,2000
Q14134,25,4,3,2,4,0,3,6,0.5,0.5,0.0,0.0,1.0,1.0,2000
Q14134,30,4,3,2,4,0,3,6,0.5,0.5,0.0,0.0,1.0,1.0,2000
Q14134,5,4,3,2,4,0,1,6,0.1666666666666666,0.1666666666666666,2.776251711270272e-17,0.0,1.0000000000000002,1.0,2000
Q14145,10,10,6,2,10,0,9,45,0.2,0.2,2.776251711270272e-17,0.0,1.0,1.0,2000
Q14145,15,10,6,2,10,0,12,45,0.2666666666666666,0.2666666666666666,5.552503422540543e-17,0.0,1.0000000000000002,1.0,2000
Q14145,20,10,6,2,10,0,15,45,0.3333333333333333,0.3333333333333332,5.552503422540543e-17,0.0,1.0000000000000002,1.0,2000
Q14145,25,10,6,2,10,0,16,45,0.3555555555555555,0.3555555555555554,1.6657510267621627e-16,0.0,1.0000000000000004,1.0,2000
Q14145,30,10,6,2,10,0,16,45,0.3555555555555555,0.3555555555555554,1.6657510267621627e-16,0.0,1.0000000000000004,1.0,2000
Q14145,5,10,6,2,10,0,5,45,0.1111111111111111,0.1111111111111111,4.164377566905407e-17,0.0,0.9999999999999996,1.0,2000
Q14152,10,5,4,1,5,0,1,10,0.1,0.1,1.3881258556351357e-17,0.0,1.0,1.0,2000
Q14152,15,5,4,1,5,0,1,10,0.1,0.1,1.3881258556351357e-17,0.0,1.0,1.0,2000
Q14152,20,5,4,1,5,0,1,10,0.1,0.1,1.3881258556351357e-17,0.0,1.0,1.0,2000
Q14152,25,5,4,1,5,0,1,10,0.1,0.1,1.3881258556351357e-17,0.0,1.0,1.0,2000
Q14152,30,5,4,1,5,0,1,10,0.1,0.1,1.3881258556351357e-17,0.0,1.0,1.0,2000
Q14152,5,5,4,1,5,0,1,10,0.1,0.1,1.3881258556351357e-17,0.0,1.0,1.0,2000
Q14157,10,91,47,47,74,17,162,4095,0.0395604395604395,0.0344432234432234,0.0012366469482179,0.0051172161172161,1.148569605445071,0.0004997501249375,2000
Q14157,15,91,47,47,74,17,219,4095,0.0534798534798534,0.0497460317460317,0.0009880936381718,0.0037338217338217,1.075057680035344,0.000999500249875,2000
Q14157,20,91,47,47,74,17,255,4095,0.0622710622710622,0.0611533577533577,0.0010492458331626,0.0011177045177045,1.0182770751887806,0.1794102948525737,2000
Q14157,25,91,47,47,74,17,289,4095,0.0705738705738705,0.0699702075702075,0.0011776389081564,0.000603663003663,1.0086274290819746,0.3403298350824588,2000
Q14157,30,91,47,47,74,17,341,4095,0.0832722832722832,0.0842992673992674,0.0012384378733383,-0.0010269841269841,0.9878174015188056,0.8130934532733634,2000
Q14157,5,91,47,47,74,17,98,4095,0.0239316239316239,0.0199330891330891,0.0008890952234034,0.0039985347985348,1.2005978487246711,0.000999500249875,2000
Q14160,10,3,3,0,3,0,0,3,0.0,0.0,0.0,0.0,inf,1.0,2000
Q14160,15,3,3,0,3,0,0,3,0.0,0.0,0.0,0.0,inf,1.0,2000
Q14160,20,3,3,0,3,0,0,3,0.0,0.0,0.0,0.0,inf,1.0,2000
Q14160,25,3,3,0,3,0,0,3,0.0,0.0,0.0,0.0,inf,1.0,2000
Q14160,30,3,3,0,3,0,0,3,0.0,0.0,0.0,0.0,inf,1.0,2000
Q14160,5,3,3,0,3,0,0,3,0.0,0.0,0.0,0.0,inf,1.0,2000
Q14161,10,5,2,5,5,0,6,10,0.6,0.7706000000000001,0.153092647371909,-0.1706,0.7786140669608097,0.953023488255872,2000
Q14161,15,5,2,5,5,0,9,10,0.9,0.96675,0.0550540913692001,-0.0667499999999999,0.930954228083786,0.95952023988006,2000
Q14161,20,5,2,5,5,0,10,10,1.0,1.0,0.0,0.0,1.0,1.0,2000
Q14161,25,5,2,5,5,0,10,10,1.0,1.0,0.0,0.0,1.0,1.0,2000
Q14161,30,5,2,5,5,0,10,10,1.0,1.0,0.0,0.0,1.0,1.0,2000
Q14161,5,5,2,5,5,0,5,10,0.5,0.434,0.1396916492795443,0.066,1.152073732718894,0.3303348325837081,2000
Q14207,10,4,4,2,1,3,0,6,0.0,0.0424166666666666,0.0726147869719165,-0.0424166666666666,0.0,1.0,2000
Q14207,15,4,4,2,1,3,1,6,0.1666666666666666,0.12475,0.0723306299342125,0.0419166666666666,1.336005344021376,0.7486256871564217,2000
Q14207,20,4,4,2,1,3,1,6,0.1666666666666666,0.1666666666666666,2.776251711270272e-17,0.0,1.0000000000000002,1.0,2000
Q14207,25,4,4,2,1,3,2,6,0.3333333333333333,0.2909166666666666,0.0726147869719165,0.0424166666666667,1.145803494700659,0.7456271864067966,2000
Q14207,30,4,4,2,1,3,2,6,0.3333333333333333,0.2909166666666666,0.0726147869719165,0.0424166666666667,1.145803494700659,0.7456271864067966,2000
Q14207,5,4,4,2,1,3,0,6,0.0,0.0,0.0,0.0,inf,1.0,2000
Q14247,10,11,9,3,10,1,14,55,0.2545454545454545,0.2269727272727273,0.0272778975498466,0.0275727272727272,1.1214803540673688,0.4947526236881559,2000
Q14247,15,11,9,3,10,1,18,55,0.3272727272727272,0.2996999999999999,0.0272778975498467,0.0275727272727273,1.0920010920010923,0.4947526236881559,2000
Q14247,20,11,9,3,10,1,19,55,0.3454545454545454,0.3270727272727272,0.0181852650332311,0.0183818181818182,1.0562010117293903,0.4947526236881559,2000
Q14247,25,11,9,3,10,1,21,55,0.3818181818181818,0.3818181818181818,0.0,0.0,1.0,1.0,2000
Q14247,30,11,9,3,10,1,21,55,0.3818181818181818,0.3818181818181818,0.0,0.0,1.0,1.0,2000
Q14247,5,11,9,3,10,1,6,55,0.109090909090909,0.1090909090909091,4.164377566905407e-17,0.0,0.9999999999999996,1.0,2000
Q14444,10,18,7,11,17,1,34,153,0.2222222222222222,0.214281045751634,0.0156189053253075,0.0079411764705881,1.037059630928778,0.3193403298350825,2000
Q14444,15,18,7,11,17,1,43,153,0.2810457516339869,0.2690196078431372,0.015878924796903,0.0120261437908497,1.044703595724004,0.2133933033483258,2000
Q14444,20,18,7,11,17,1,55,153,0.3594771241830065,0.3391470588235294,0.0128946080126072,0.0203300653594771,1.0599446901588954,0.0704647676161919,2000
Q14444,25,18,7,11,17,1,63,153,0.4117647058823529,0.3804934640522876,0.0187493709147815,0.0312712418300653,1.0821860157518186,0.0444777611194402,2000
Q14444,30,18,7,11,17,1,71,153,0.4640522875816993,0.4325947712418301,0.0310683293646388,0.0314575163398692,1.0727182075029835,0.2168915542228885,2000
Q14444,5,18,7,11,17,1,18,153,0.1176470588235294,0.1113300653594771,0.0142308883092158,0.0063169934640522,1.0567411277776146,0.4202898550724637,2000
Q14517,10,3,3,1,2,1,0,3,0.0,0.0,0.0,0.0,inf,1.0,2000
Q14517,15,3,3,1,2,1,0,3,0.0,0.0,0.0,0.0,inf,1.0,2000
Q14517,20,3,3,1,2,1,0,3,0.0,0.0,0.0,0.0,inf,1.0,2000
Q14517,25,3,3,1,2,1,0,3,0.0,0.0,0.0,0.0,inf,1.0,2000
Q14517,30,3,3,1,2,1,0,3,0.0,0.0,0.0,0.0,inf,1.0,2000
Q14517,5,3,3,1,2,1,0,3,0.0,0.0,0.0,0.0,inf,1.0,2000
Q14667,10,3,2,3,0,3,3,3,1.0,0.4889999999999999,0.282108949514837,0.5110000000000001,2.044989775051125,0.2338830584707646,2000
Q14667,15,3,2,3,0,3,3,3,1.0,0.8068333333333333,0.2325996110644027,0.1931666666666667,1.239413344350341,0.5422288855572214,2000
Q14667,20,3,2,3,0,3,3,3,1.0,1.0,0.0,0.0,1.0,1.0,2000
Q14667,25,3,2,3,0,3,3,3,1.0,1.0,0.0,0.0,1.0,1.0,2000
Q14667,30,3,2,3,0,3,3,3,1.0,1.0,0.0,0.0,1.0,1.0,2000
Q14667,5,3,2,3,0,3,3,3,1.0,0.4594999999999999,0.2694777938215015,0.5405000000000001,2.1762785636561484,0.1774112943528236,2000
Q14671,10,15,8,5,15,0,36,105,0.3428571428571428,0.3473809523809523,0.0056468302298849,-0.0045238095238094,0.9869773817683348,1.0,2000
Q14671,15,15,8,5,15,0,46,105,0.4380952380952381,0.4471380952380954,0.0061290492906843,-0.0090428571428572,0.979776142450931,1.0,2000
Q14671,20,15,8,5,15,0,52,105,0.4952380952380952,0.4938952380952381,0.0091625868021327,0.001342857142857,1.002718910892998,0.6581709145427287,2000
Q14671,25,15,8,5,15,0,55,105,0.5238095238095238,0.5264285714285714,0.0149514931603342,-0.0026190476190475,0.9950248756218908,0.8730634682658671,2000
Q14671,30,15,8,5,15,0,57,105,0.5428571428571428,0.5474476190476188,0.0223970382327062,-0.004590476190476,0.991614766361644,0.5122438780609695,2000
Q14671,5,15,8,5,15,0,19,105,0.1809523809523809,0.1911809523809523,0.008136527445028,-0.0102285714285714,0.946497957557039,1.0,2000
Q14676,10,11,6,11,8,3,9,55,0.1636363636363636,0.1946818181818181,0.0254280492672753,-0.0310454545454545,0.8405323371468597,0.952023988005997,2000
Q14676,15,11,6,11,8,3,14,55,0.2545454545454545,0.2696,0.0222395974905681,-0.0150545454545454,0.9441596978688964,0.8540729635182409,2000
Q14676,20,11,6,11,8,3,17,55,0.3090909090909091,0.3165,0.0089362208860536,-0.0074090909090909,0.9765905500502656,1.0,2000
Q14676,25,11,6,11,8,3,18,55,0.3272727272727272,0.3272727272727272,0.0,0.0,1.0,1.0,2000
Q14676,30,11,6,11,8,3,18,55,0.3272727272727272,0.3272727272727272,0.0,0.0,1.0,1.0,2000
Q14676,5,11,6,11,8,3,6,55,0.109090909090909,0.1115818181818182,0.0267421891358562,-0.0024909090909091,0.9776763891152028,0.617191404297851,2000
Q14677,10,4,3,3,4,0,3,6,0.5,0.3368333333333333,0.1666715857203052,0.1631666666666666,1.4844136566056407,0.5107446276861569,2000
Q14677,15,4,3,3,4,0,3,6,0.5,0.422,0.1411593531491652,0.078,1.1848341232227488,0.7661169415292354,2000
Q14677,20,4,3,3,4,0,3,6,0.5,0.47325,0.0611934894814047,0.0267499999999999,1.056524035921817,0.8395802098950524,2000
Q14677,25,4,3,3,4,0,3,6,0.5,0.5,0.0,0.0,1.0,1.0,2000
Q14677,30,4,3,3,4,0,3,6,0.5,0.5,0.0,0.0,1.0,1.0,2000
Q14677,5,4,3,3,4,0,2,6,0.3333333333333333,0.2233333333333333,0.0789712071524355,0.1099999999999999,1.4925373134328357,0.3403298350824588,2000
Q14678,10,3,3,1,3,0,1,3,0.3333333333333333,0.3333333333333332,5.552503422540543e-17,0.0,1.0000000000000002,1.0,2000
Q14678,15,3,3,1,3,0,1,3,0.3333333333333333,0.3333333333333332,5.552503422540543e-17,0.0,1.0000000000000002,1.0,2000
Q14678,20,3,3,1,3,0,1,3,0.3333333333333333,0.3333333333333332,5.552503422540543e-17,0.0,1.0000000000000002,1.0,2000
Q14678,25,3,3,1,3,0,1,3,0.3333333333333333,0.3333333333333332,5.552503422540543e-17,0.0,1.0000000000000002,1.0,2000
Q14678,30,3,3,1,3,0,1,3,0.3333333333333333,0.3333333333333332,5.552503422540543e-17,0.0,1.0000000000000002,1.0,2000
Q14678,5,3,3,1,3,0,0,3,0.0,0.0,0.0,0.0,inf,1.0,2000
Q14683,10,3,3,1,3,0,0,3,0.0,0.0,0.0,0.0,inf,1.0,2000
Q14683,15,3,3,1,3,0,0,3,0.0,0.0,0.0,0.0,inf,1.0,2000
Q14683,20,3,3,1,3,0,0,3,0.0,0.0,0.0,0.0,inf,1.0,2000
Q14683,25,3,3,1,3,0,0,3,0.0,0.0,0.0,0.0,inf,1.0,2000
Q14683,30,3,3,1,3,0,0,3,0.0,0.0,0.0,0.0,inf,1.0,2000
Q14683,5,3,3,1,3,0,0,3,0.0,0.0,0.0,0.0,inf,1.0,2000
Q14684,10,9,5,2,9,0,15,36,0.4166666666666667,0.4166666666666667,5.552503422540543e-17,0.0,1.0,1.0,2000
Q14684,15,9,5,2,9,0,15,36,0.4166666666666667,0.4166666666666667,5.552503422540543e-17,0.0,1.0,1.0,2000
Q14684,20,9,5,2,9,0,15,36,0.4166666666666667,0.4192916666666667,0.0081276731727024,-0.002625,0.9937394415184336,1.0,2000
Q14684,25,9,5,2,9,0,15,36,0.4166666666666667,0.4215,0.0105334526609572,-0.0048333333333333,0.988533017002768,1.0,2000
Q14684,30,9,5,2,9,0,15,36,0.4166666666666667,0.4239722222222223,0.0122325702400379,-0.0073055555555556,0.9827687872633164,1.0,2000
Q14684,5,9,5,2,9,0,12,36,0.3333333333333333,0.3333333333333332,5.552503422540543e-17,0.0,1.0000000000000002,1.0,2000
Q14686,10,25,15,20,18,7,26,300,0.0866666666666666,0.06241,0.0063131824447527,0.0242566666666666,1.3886663462052018,0.0019990004997501,2000
Q14686,15,25,15,20,18,7,31,300,0.1033333333333333,0.0865366666666666,0.0066336341888346,0.0167966666666666,1.194098840568545,0.0179910044977511,2000
Q14686,20,25,15,20,18,7,35,300,0.1166666666666666,0.1043816666666666,0.0069751775282623,0.0122849999999999,1.1176930814798256,0.0744627686156921,2000
Q14686,25,25,15,20,18,7,39,300,0.13,0.113705,0.0073858141138985,0.0162949999999999,1.143309441097577,0.0324837581209395,2000
Q14686,30,25,15,20,18,7,44,300,0.1466666666666666,0.1336733333333333,0.0085848137598566,0.0129933333333333,1.09720213455688,0.1064467766116941,2000
Q14686,5,25,15,20,18,7,15,300,0.05,0.0331866666666666,0.0059885797230315,0.0168133333333333,1.506629168340699,0.0109945027486256,2000
Q14687,10,11,8,8,10,1,6,55,0.109090909090909,0.1269181818181818,0.019452778985631,-0.0178272727272727,0.8595372824296253,0.9185407296351824,2000
Q14687,15,11,8,8,10,1,9,55,0.1636363636363636,0.1566090909090909,0.0104174343845079,0.0070272727272727,1.0448714227665874,0.6591704147926037,2000
Q14687,20,11,8,8,10,1,9,55,0.1636363636363636,0.1734090909090908,0.0099043712039497,-0.0097727272727272,0.943643512450852,1.0,2000
Q14687,25,11,8,8,10,1,10,55,0.1818181818181818,0.1981454545454545,0.0171241409968295,-0.0163272727272726,0.9175995595522116,0.9645177411294352,2000
Q14687,30,11,8,8,10,1,12,55,0.2181818181818181,0.2125363636363636,0.0211391738723495,0.0056454545454545,1.0265622994995507,0.4787606196901549,2000
Q14687,5,11,8,8,10,1,3,55,0.0545454545454545,0.0609454545454545,0.0155713524985238,-0.0064,0.8949880668257754,0.8370814592703648,2000
Q14814,10,13,8,3,13,0,24,78,0.3076923076923077,0.2423461538461538,0.0240682829606233,0.0653461538461538,1.2696397397238532,0.0164917541229385,2000
Q14814,15,13,8,3,13,0,29,78,0.3717948717948718,0.2975641025641025,0.030824710653149,0.0742307692307692,1.2494614390348988,0.0059970014992503,2000
Q14814,20,13,8,3,13,0,34,78,0.4358974358974359,0.4054807692307692,0.0172227071771813,0.0304166666666666,1.075013832898585,0.0749625187406296,2000
Q14814,25,13,8,3,13,0,36,78,0.4615384615384615,0.4507500000000001,0.0114654215215676,0.0107884615384614,1.0239344681940354,0.4917541229385307,2000
Q14814,30,13,8,3,13,0,36,78,0.4615384615384615,0.4552115384615385,0.0093618222061681,0.006326923076923,1.013898863588357,0.6481759120439781,2000
Q14814,5,13,8,3,13,0,12,78,0.1538461538461538,0.1225384615384615,0.013719797408993,0.0313076923076923,1.2554927809165095,0.0324837581209395,2000
Q14847,10,4,3,0,3,1,1,6,0.1666666666666666,0.1666666666666666,2.776251711270272e-17,0.0,1.0000000000000002,1.0,2000
Q14847,15,4,3,0,3,1,3,6,0.5,0.5,0.0,0.0,1.0,1.0,2000
Q14847,20,4,3,0,3,1,4,6,0.6666666666666666,0.6666666666666665,1.1105006845081086e-16,0.0,1.0000000000000002,1.0,2000
Q14847,25,4,3,0,3,1,4,6,0.6666666666666666,0.6666666666666665,1.1105006845081086e-16,0.0,1.0000000000000002,1.0,2000
Q14847,30,4,3,0,3,1,6,6,1.0,1.0,0.0,0.0,1.0,1.0,2000
Q14847,5,4,3,0,3,1,1,6,0.1666666666666666,0.1666666666666666,2.776251711270272e-17,0.0,1.0000000000000002,1.0,2000
Q14865,10,3,1,3,2,1,3,3,1.0,0.7116666666666668,0.2951773635445063,0.2883333333333332,1.4051522248243558,0.4687656171914043,2000
Q14865,15,3,1,3,2,1,3,3,1.0,0.9276666666666666,0.1501896971807197,0.0723333333333333,1.0779734099892202,0.7996001999000499,2000
Q14865,20,3,1,3,2,1,3,3,1.0,0.9625,0.105353213761256,0.0374999999999999,1.0389610389610389,0.8875562218890555,2000
Q14865,25,3,1,3,2,1,3,3,1.0,1.0,0.0,0.0,1.0,1.0,2000
Q14865,30,3,1,3,2,1,3,3,1.0,1.0,0.0,0.0,1.0,1.0,2000
Q14865,5,3,1,3,2,1,1,3,0.3333333333333333,0.3591666666666666,0.2947474799338453,-0.0258333333333333,0.9280742459396752,0.7346326836581709,2000
Q14966,10,9,3,7,8,1,15,36,0.4166666666666667,0.3383888888888888,0.0458395418253754,0.0782777777777778,1.231324905598424,0.0989505247376311,2000
Q14966,15,9,3,7,8,1,20,36,0.5555555555555556,0.4451944444444445,0.062656069998071,0.110361111111111,1.2478941785736568,0.0864567716141929,2000
Q14966,20,9,3,7,8,1,21,36,0.5833333333333334,0.5594166666666667,0.0696653370861295,0.0239166666666666,1.042752867570386,0.4557721139430284,2000
Q14966,25,9,3,7,8,1,24,36,0.6666666666666666,0.6810555555555555,0.0495135646110322,-0.0143888888888888,0.9788726649808304,0.7131434282858571,2000
Q14966,30,9,3,7,8,1,26,36,0.7222222222222222,0.7480555555555556,0.027716568657811,-0.0258333333333333,0.9654660230226512,0.9045477261369316,2000
Q14966,5,9,3,7,8,1,7,36,0.1944444444444444,0.1873611111111111,0.0374833856479197,0.0070833333333333,1.0378057820607856,0.5717141429285357,2000
Q14980,10,19,13,9,19,0,14,171,0.0818713450292397,0.0881403508771929,0.0059099829042604,-0.0062690058479532,0.9288747346072186,0.9770114942528736,2000
Q14980,15,19,13,9,19,0,19,171,0.1111111111111111,0.1111111111111111,4.164377566905407e-17,0.0,0.9999999999999996,1.0,2000
Q14980,20,19,13,9,19,0,19,171,0.1111111111111111,0.1111111111111111,4.164377566905407e-17,0.0,0.9999999999999996,1.0,2000
Q14980,25,19,13,9,19,0,19,171,0.1111111111111111,0.1111111111111111,4.164377566905407e-17,0.0,0.9999999999999996,1.0,2000
Q14980,30,19,13,9,19,0,19,171,0.1111111111111111,0.1111111111111111,4.164377566905407e-17,0.0,0.9999999999999996,1.0,2000
Q14980,5,19,13,9,19,0,10,171,0.0584795321637426,0.0523771929824561,0.0065727439751269,0.0061023391812865,1.1165075643387483,0.3043478260869565,2000
Q15021,10,3,3,1,1,2,1,3,0.3333333333333333,0.0835,0.1444697860899633,0.2498333333333333,3.992015968063872,0.2508745627186406,2000
Q15021,15,3,3,1,1,2,1,3,0.3333333333333333,0.0835,0.1444697860899633,0.2498333333333333,3.992015968063872,0.2508745627186406,2000
Q15021,20,3,3,1,1,2,1,3,0.3333333333333333,0.0835,0.1444697860899633,0.2498333333333333,3.992015968063872,0.2508745627186406,2000
Q15021,25,3,3,1,1,2,1,3,0.3333333333333333,0.3333333333333332,5.552503422540543e-17,0.0,1.0000000000000002,1.0,2000
Q15021,30,3,3,1,1,2,1,3,0.3333333333333333,0.3333333333333332,5.552503422540543e-17,0.0,1.0000000000000002,1.0,2000
Q15021,5,3,3,1,1,2,1,3,0.3333333333333333,0.0835,0.1444697860899633,0.2498333333333333,3.992015968063872,0.2508745627186406,2000
Q15042,10,3,2,2,0,3,3,3,1.0,1.0,0.0,0.0,1.0,1.0,2000
Q15042,15,3,2,2,0,3,3,3,1.0,1.0,0.0,0.0,1.0,1.0,2000
Q15042,20,3,2,2,0,3,3,3,1.0,1.0,0.0,0.0,1.0,1.0,2000
Q15042,25,3,2,2,0,3,3,3,1.0,1.0,0.0,0.0,1.0,1.0,2000
Q15042,30,3,2,2,0,3,3,3,1.0,1.0,0.0,0.0,1.0,1.0,2000
Q15042,5,3,2,2,0,3,3,3,1.0,0.7778333333333333,0.1571937744286883,0.2221666666666667,1.2856224555388902,0.3338330834582708,2000
Q15056,10,4,3,1,3,1,1,6,0.1666666666666666,0.1666666666666666,2.776251711270272e-17,0.0,1.0000000000000002,1.0,2000
Q15056,15,4,3,1,3,1,1,6,0.1666666666666666,0.1666666666666666,2.776251711270272e-17,0.0,1.0000000000000002,1.0,2000
Q15056,20,4,3,1,3,1,1,6,0.1666666666666666,0.1666666666666666,2.776251711270272e-17,0.0,1.0000000000000002,1.0,2000
Q15056,25,4,3,1,3,1,2,6,0.3333333333333333,0.2480833333333333,0.0833321243867617,0.0852499999999999,1.3436345314074571,0.4887556221889055,2000
Q15056,30,4,3,1,3,1,2,6,0.3333333333333333,0.3333333333333332,5.552503422540543e-17,0.0,1.0000000000000002,1.0,2000
Q15056,5,4,3,1,3,1,1,6,0.1666666666666666,0.1666666666666666,2.776251711270272e-17,0.0,1.0000000000000002,1.0,2000
Q15058,10,6,5,5,5,1,3,15,0.2,0.139,0.0423202860862059,0.061,1.4388489208633093,0.2228885557221389,2000
Q15058,15,6,5,5,5,1,3,15,0.2,0.2106,0.0243845026328402,-0.0105999999999999,0.949667616334283,1.0,2000
Q15058,20,6,5,5,5,1,3,15,0.2,0.2246,0.0321769743580626,-0.0246,0.8904719501335707,1.0,2000
Q15058,25,6,5,5,5,1,3,15,0.2,0.2445999999999999,0.0313793828200367,-0.0445999999999999,0.8176614881439085,1.0,2000
Q15058,30,6,5,5,5,1,4,15,0.2666666666666666,0.2496666666666666,0.0290646815084722,0.017,1.068090787716956,0.7451274362818591,2000
Q15058,5,6,5,5,5,1,3,15,0.2,0.0888666666666666,0.0496829366794933,0.1111333333333333,2.2505626406601653,0.1669165417291354,2000
Q15067,10,3,3,2,1,2,1,3,0.3333333333333333,0.3333333333333332,5.552503422540543e-17,0.0,1.0000000000000002,1.0,2000
Q15067,15,3,3,2,1,2,1,3,0.3333333333333333,0.3333333333333332,5.552503422540543e-17,0.0,1.0000000000000002,1.0,2000
Q15067,20,3,3,2,1,2,1,3,0.3333333333333333,0.3333333333333332,5.552503422540543e-17,0.0,1.0000000000000002,1.0,2000
Q15067,25,3,3,2,1,2,1,3,0.3333333333333333,0.3333333333333332,5.552503422540543e-17,0.0,1.0000000000000002,1.0,2000
Q15067,30,3,3,2,1,2,1,3,0.3333333333333333,0.3333333333333332,5.552503422540543e-17,0.0,1.0000000000000002,1.0,2000
Q15067,5,3,3,2,1,2,1,3,0.3333333333333333,0.1718333333333333,0.1666282263490836,0.1615,1.939864209505335,0.5157421289355323,2000
Q15075,10,3,3,0,3,0,0,3,0.0,0.0,0.0,0.0,inf,1.0,2000
Q15075,15,3,3,0,3,0,0,3,0.0,0.0,0.0,0.0,inf,1.0,2000
Q15075,20,3,3,0,3,0,0,3,0.0,0.0,0.0,0.0,inf,1.0,2000
Q15075,25,3,3,0,3,0,0,3,0.0,0.0,0.0,0.0,inf,1.0,2000
Q15075,30,3,3,0,3,0,0,3,0.0,0.0,0.0,0.0,inf,1.0,2000
Q15075,5,3,3,0,3,0,0,3,0.0,0.0,0.0,0.0,inf,1.0,2000
Q15111,10,3,2,2,3,0,1,3,0.3333333333333333,0.3333333333333332,5.552503422540543e-17,0.0,1.0000000000000002,1.0,2000
Q15111,15,3,2,2,3,0,1,3,0.3333333333333333,0.3333333333333332,5.552503422540543e-17,0.0,1.0000000000000002,1.0,2000
Q15111,20,3,2,2,3,0,1,3,0.3333333333333333,0.3333333333333332,5.552503422540543e-17,0.0,1.0000000000000002,1.0,2000
Q15111,25,3,2,2,3,0,1,3,0.3333333333333333,0.3333333333333332,5.552503422540543e-17,0.0,1.0000000000000002,1.0,2000
Q15111,30,3,2,2,3,0,1,3,0.3333333333333333,0.3333333333333332,5.552503422540543e-17,0.0,1.0000000000000002,1.0,2000
Q15111,5,3,2,2,3,0,1,3,0.3333333333333333,0.2753333333333333,0.1264014319314876,0.0579999999999999,1.2106537530266344,0.8260869565217391,2000
Q15149,10,11,8,2,9,2,3,55,0.0545454545454545,0.0545454545454545,2.0821887834527037e-17,0.0,0.9999999999999996,1.0,2000
Q15149,15,11,8,2,9,2,3,55,0.0545454545454545,0.0545454545454545,2.0821887834527037e-17,0.0,0.9999999999999996,1.0,2000
Q15149,20,11,8,2,9,2,3,55,0.0545454545454545,0.0545454545454545,2.0821887834527037e-17,0.0,0.9999999999999996,1.0,2000
Q15149,25,11,8,2,9,2,3,55,0.0545454545454545,0.0545454545454545,2.0821887834527037e-17,0.0,0.9999999999999996,1.0,2000
Q15149,30,11,8,2,9,2,3,55,0.0545454545454545,0.0545454545454545,2.0821887834527037e-17,0.0,0.9999999999999996,1.0,2000
Q15149,5,11,8,2,9,2,2,55,0.0363636363636363,0.0363636363636363,6.94062927817568e-18,0.0,0.9999999999999998,1.0,2000
Q15154,10,4,2,1,4,0,3,6,0.5,0.5,0.0,0.0,1.0,1.0,2000
Q15154,15,4,2,1,4,0,3,6,0.5,0.5,0.0,0.0,1.0,1.0,2000
Q15154,20,4,2,1,4,0,3,6,0.5,0.5,0.0,0.0,1.0,1.0,2000
Q15154,25,4,2,1,4,0,3,6,0.5,0.5,0.0,0.0,1.0,1.0,2000
Q15154,30,4,2,1,4,0,3,6,0.5,0.5,0.0,0.0,1.0,1.0,2000
Q15154,5,4,2,1,4,0,3,6,0.5,0.5,0.0,0.0,1.0,1.0,2000
Q15233,10,3,3,3,2,1,1,3,0.3333333333333333,0.0516666666666666,0.1206650645658515,0.2816666666666667,6.451612903225807,0.1554222888555722,2000
Q15233,15,3,3,3,2,1,1,3,0.3333333333333333,0.079,0.1417828781115552,0.2543333333333333,4.219409282700422,0.2373813093453273,2000
Q15233,20,3,3,3,2,1,1,3,0.3333333333333333,0.1645,0.1666942615141391,0.1688333333333333,2.0263424518743665,0.4937531234382808,2000
Q15233,25,3,3,3,2,1,1,3,0.3333333333333333,0.2218333333333333,0.1573111250411029,0.1114999999999999,1.5026296018031555,0.6656671664167916,2000
Q15233,30,3,3,3,2,1,1,3,0.3333333333333333,0.2751666666666666,0.1265445950843033,0.0581666666666667,1.2113870381586918,0.8255872063968016,2000
Q15233,5,3,3,3,2,1,0,3,0.0,0.0,0.0,0.0,inf,1.0,2000
Q15365,10,3,2,0,2,1,1,3,0.3333333333333333,0.3333333333333332,5.552503422540543e-17,0.0,1.0000000000000002,1.0,2000
Q15365,15,3,2,0,2,1,1,3,0.3333333333333333,0.3333333333333332,5.552503422540543e-17,0.0,1.0000000000000002,1.0,2000
Q15365,20,3,2,0,2,1,1,3,0.3333333333333333,0.3333333333333332,5.552503422540543e-17,0.0,1.0000000000000002,1.0,2000
Q15365,25,3,2,0,2,1,1,3,0.3333333333333333,0.3333333333333332,5.552503422540543e-17,0.0,1.0000000000000002,1.0,2000
Q15365,30,3,2,0,2,1,1,3,0.3333333333333333,0.3333333333333332,5.552503422540543e-17,0.0,1.0000000000000002,1.0,2000
Q15365,5,3,2,0,2,1,1,3,0.3333333333333333,0.3333333333333332,5.552503422540543e-17,0.0,1.0000000000000002,1.0,2000
Q15413,10,3,2,0,3,0,1,3,0.3333333333333333,0.3333333333333332,5.552503422540543e-17,0.0,1.0000000000000002,1.0,2000
Q15413,15,3,2,0,3,0,1,3,0.3333333333333333,0.3333333333333332,5.552503422540543e-17,0.0,1.0000000000000002,1.0,2000
Q15413,20,3,2,0,3,0,1,3,0.3333333333333333,0.3333333333333332,5.552503422540543e-17,0.0,1.0000000000000002,1.0,2000
Q15413,25,3,2,0,3,0,1,3,0.3333333333333333,0.3333333333333332,5.552503422540543e-17,0.0,1.0000000000000002,1.0,2000
Q15413,30,3,2,0,3,0,1,3,0.3333333333333333,0.3333333333333332,5.552503422540543e-17,0.0,1.0000000000000002,1.0,2000
Q15413,5,3,2,0,3,0,0,3,0.0,0.0,0.0,0.0,inf,1.0,2000
Q15418,10,4,4,3,2,2,1,6,0.1666666666666666,0.1666666666666666,2.776251711270272e-17,0.0,1.0000000000000002,1.0,2000
Q15418,15,4,4,3,2,2,2,6,0.3333333333333333,0.2870833333333333,0.1374200441098403,0.04625,1.161103047895501,0.4832583708145927,2000
Q15418,20,4,4,3,2,2,3,6,0.5,0.4566666666666666,0.0731239906148876,0.0433333333333333,1.094890510948905,0.7401299350324838,2000
Q15418,25,4,4,3,2,2,3,6,0.5,0.5,0.0,0.0,1.0,1.0,2000
Q15418,30,4,4,3,2,2,3,6,0.5,0.5,0.0,0.0,1.0,1.0,2000
Q15418,5,4,4,3,2,2,1,6,0.1666666666666666,0.1666666666666666,2.776251711270272e-17,0.0,1.0000000000000002,1.0,2000
Q15434,10,3,1,3,3,0,2,3,0.6666666666666666,0.8595,0.2024906749925826,-0.1928333333333334,0.7756447547023463,0.9375312343828086,2000
Q15434,15,3,1,3,3,0,3,3,1.0,1.0,0.0,0.0,1.0,1.0,2000
Q15434,20,3,1,3,3,0,3,3,1.0,1.0,0.0,0.0,1.0,1.0,2000
Q15434,25,3,1,3,3,0,3,3,1.0,1.0,0.0,0.0,1.0,1.0,2000
Q15434,30,3,1,3,3,0,3,3,1.0,1.0,0.0,0.0,1.0,1.0,2000
Q15434,5,3,1,3,3,0,1,3,0.3333333333333333,0.5973333333333334,0.2726557730643029,-0.264,0.5580357142857142,1.0,2000
Q15436,10,6,6,0,6,0,1,15,0.0666666666666666,0.0666666666666666,1.3881258556351357e-17,0.0,1.0000000000000002,1.0,2000
Q15436,15,6,6,0,6,0,2,15,0.1333333333333333,0.1333333333333333,2.776251711270272e-17,0.0,1.0000000000000002,1.0,2000
Q15436,20,6,6,0,6,0,2,15,0.1333333333333333,0.1333333333333333,2.776251711270272e-17,0.0,1.0000000000000002,1.0,2000
Q15436,25,6,6,0,6,0,2,15,0.1333333333333333,0.1333333333333333,2.776251711270272e-17,0.0,1.0000000000000002,1.0,2000
Q15436,30,6,6,0,6,0,2,15,0.1333333333333333,0.1333333333333333,2.776251711270272e-17,0.0,1.0000000000000002,1.0,2000
Q15436,5,6,6,0,6,0,0,15,0.0,0.0,0.0,0.0,inf,1.0,2000
Q15437,10,8,4,1,8,0,4,28,0.1428571428571428,0.1428571428571428,5.552503422540543e-17,0.0,1.0000000000000004,1.0,2000
Q15437,15,8,4,1,8,0,9,28,0.3214285714285714,0.3214285714285714,0.0,0.0,1.0,1.0,2000
Q15437,20,8,4,1,8,0,10,28,0.3571428571428571,0.357142857142857,1.1105006845081086e-16,0.0,1.0000000000000002,1.0,2000
Q15437,25,8,4,1,8,0,10,28,0.3571428571428571,0.357142857142857,1.1105006845081086e-16,0.0,1.0000000000000002,1.0,2000
Q15437,30,8,4,1,8,0,10,28,0.3571428571428571,0.357142857142857,1.1105006845081086e-16,0.0,1.0000000000000002,1.0,2000
Q15437,5,8,4,1,8,0,4,28,0.1428571428571428,0.1428571428571428,5.552503422540543e-17,0.0,1.0000000000000004,1.0,2000
Q15459,10,5,4,3,1,4,3,10,0.3,0.1988999999999999,0.1000189576827711,0.1011,1.508295625942685,0.4947526236881559,2000
Q15459,15,5,4,3,1,4,3,10,0.3,0.28335,0.0918803488198081,0.0166499999999999,1.058761249338274,0.5727136431784108,2000
Q15459,20,5,4,3,1,4,3,10,0.3,0.3943499999999999,0.1053025251876964,-0.0943499999999999,0.7607455306200077,1.0,2000
Q15459,25,5,4,3,1,4,3,10,0.3,0.4274499999999999,0.1305374180407839,-0.1274499999999999,0.7018364721020003,1.0,2000
Q15459,30,5,4,3,1,4,6,10,0.6,0.50845,0.1039182226488658,0.09155,1.1800570360900775,0.4187906046976511,2000
Q15459,5,5,4,3,1,4,3,10,0.3,0.1988999999999999,0.1000189576827711,0.1011,1.508295625942685,0.4947526236881559,2000
Q15561,10,4,3,3,4,0,1,6,0.1666666666666666,0.0870833333333333,0.0832697356119189,0.0795833333333333,1.9138755980861244,0.5227386306846576,2000
Q15561,15,4,3,3,4,0,1,6,0.1666666666666666,0.1435833333333333,0.0575850671999838,0.0230833333333333,1.1607661056297156,0.8615692153923038,2000
Q15561,20,4,3,3,4,0,1,6,0.1666666666666666,0.1666666666666666,2.776251711270272e-17,0.0,1.0000000000000002,1.0,2000
Q15561,25,4,3,3,4,0,1,6,0.1666666666666666,0.1666666666666666,2.776251711270272e-17,0.0,1.0000000000000002,1.0,2000
Q15561,30,4,3,3,4,0,2,6,0.3333333333333333,0.3036666666666666,0.1142062918323793,0.0296666666666666,1.0976948408342482,0.6606696651674163,2000
Q15561,5,4,3,3,4,0,0,6,0.0,0.0443333333333333,0.0736624566737089,-0.0443333333333333,0.0,1.0,2000
Q15572,10,3,3,2,3,0,1,3,0.3333333333333333,0.2615,0.1370905305754317,0.0718333333333333,1.274697259400892,0.784607696151924,2000
Q15572,15,3,3,2,3,0,1,3,0.3333333333333333,0.3333333333333332,5.552503422540543e-17,0.0,1.0000000000000002,1.0,2000
Q15572,20,3,3,2,3,0,1,3,0.3333333333333333,0.3333333333333332,5.552503422540543e-17,0.0,1.0000000000000002,1.0,2000
Q15572,25,3,3,2,3,0,1,3,0.3333333333333333,0.3333333333333332,5.552503422540543e-17,0.0,1.0000000000000002,1.0,2000
Q15572,30,3,3,2,3,0,1,3,0.3333333333333333,0.3333333333333332,5.552503422540543e-17,0.0,1.0000000000000002,1.0,2000
Q15572,5,3,3,2,3,0,0,3,0.0,0.0733333333333333,0.138116634657275,-0.0733333333333333,0.0,1.0,2000
Q15637,10,9,4,3,5,4,13,36,0.3611111111111111,0.361111111111111,1.1105006845081086e-16,0.0,1.0000000000000002,1.0,2000
Q15637,15,9,4,3,5,4,16,36,0.4444444444444444,0.4444444444444446,1.6657510267621627e-16,0.0,0.9999999999999996,1.0,2000
Q15637,20,9,4,3,5,4,18,36,0.5,0.5189166666666666,0.012950155923942,-0.0189166666666665,0.963545848723302,1.0,2000
Q15637,25,9,4,3,5,4,20,36,0.5555555555555556,0.5555555555555556,0.0,0.0,1.0,1.0,2000
Q15637,30,9,4,3,5,4,21,36,0.5833333333333334,0.5833333333333334,0.0,0.0,1.0,1.0,2000
Q15637,5,9,4,3,5,4,8,36,0.2222222222222222,0.2313333333333333,0.0130445066465121,-0.0091111111111111,0.9606147934678192,1.0,2000
Q15648,10,18,9,15,17,1,21,153,0.1372549019607843,0.1272254901960784,0.0149406424650118,0.0100294117647058,1.0788317793018418,0.3118440779610195,2000
Q15648,15,18,9,15,17,1,30,153,0.196078431372549,0.1873235294117647,0.0130116608300597,0.0087549019607843,1.046736798032135,0.3303348325837081,2000
Q15648,20,18,9,15,17,1,35,153,0.2287581699346405,0.2147222222222223,0.0098341053612398,0.0140359477124182,1.0653679324252336,0.1329335332333833,2000
Q15648,25,18,9,15,17,1,36,153,0.2352941176470588,0.2270980392156863,0.0114873413852096,0.0081960784313725,1.0360904852357105,0.3288355822088955,2000
Q15648,30,18,9,15,17,1,37,153,0.2418300653594771,0.2360359477124183,0.0093732100500626,0.0057941176470587,1.0245476068506236,0.4297851074462768,2000
Q15648,5,18,9,15,17,1,13,153,0.0849673202614379,0.0766274509803921,0.0095072362298901,0.0083398692810457,1.108836574547936,0.2623688155922039,2000
Q15652,10,46,33,25,38,8,53,1035,0.051207729468599,0.0512826086956521,0.0020080943294098,-7.48792270531401e-05,0.9985398709434318,0.6046976511744128,2000
Q15652,15,46,33,25,38,8,67,1035,0.0647342995169082,0.0650173913043478,0.0018448728222064,-0.0002830917874396,0.9956459067064926,0.663168415792104,2000
Q15652,20,46,33,25,38,8,76,1035,0.0734299516908212,0.0747415458937198,0.0010966664183043,-0.0013115942028985,0.9824516045632292,0.9545227386306848,2000
Q15652,25,46,33,25,38,8,87,1035,0.0840579710144927,0.0825048309178744,0.0011292891562273,0.0015531400966183,1.0188248382469185,0.1664167916041979,2000
Q15652,30,46,33,25,38,8,90,1035,0.0869565217391304,0.0857690821256038,0.000803098187698,0.0011874396135265,1.0138446114158903,0.1964017991004497,2000
Q15652,5,46,33,25,38,8,32,1035,0.0309178743961352,0.0308589371980676,0.0014426236069527,5.89371980676337e-05,1.0019098907292026,0.5877061469265368,2000
Q15654,10,3,2,3,3,0,3,3,1.0,0.5006666666666666,0.3095565311155807,0.4993333333333334,1.997336884154461,0.2488755622188905,2000
Q15654,15,3,2,3,3,0,3,3,1.0,0.6318333333333334,0.304046003075181,0.3681666666666666,1.5826958586125033,0.3693153423288355,2000
Q15654,20,3,2,3,3,0,3,3,1.0,0.7775,0.2714724024635218,0.2225,1.2861736334405145,0.553223388305847,2000
Q15654,25,3,2,3,3,0,3,3,1.0,0.8856666666666665,0.1933676003051111,0.1143333333333335,1.129092961987204,0.7126436781609196,2000
Q15654,30,3,2,3,3,0,3,3,1.0,1.0,0.0,0.0,1.0,1.0,2000
Q15654,5,3,2,3,3,0,3,3,1.0,0.3166666666666667,0.2973770425597943,0.6833333333333333,3.157894736842105,0.0954522738630684,2000
Q15691,10,5,3,0,5,0,9,10,0.9,0.9000000000000002,2.221001369016217e-16,0.0,0.9999999999999998,1.0,2000
Q15691,15,5,3,0,5,0,10,10,1.0,1.0,0.0,0.0,1.0,1.0,2000
Q15691,20,5,3,0,5,0,10,10,1.0,1.0,0.0,0.0,1.0,1.0,2000
Q15691,25,5,3,0,5,0,10,10,1.0,1.0,0.0,0.0,1.0,1.0,2000
Q15691,30,5,3,0,5,0,10,10,1.0,1.0,0.0,0.0,1.0,1.0,2000
Q15691,5,5,3,0,5,0,6,10,0.6,0.5999999999999998,2.221001369016217e-16,0.0,1.0000000000000004,1.0,2000
Q15714,10,3,3,1,2,1,0,3,0.0,0.0,0.0,0.0,inf,1.0,2000
Q15714,15,3,3,1,2,1,0,3,0.0,0.0,0.0,0.0,inf,1.0,2000
Q15714,20,3,3,1,2,1,1,3,0.3333333333333333,0.3333333333333332,5.552503422540543e-17,0.0,1.0000000000000002,1.0,2000
Q15714,25,3,3,1,2,1,1,3,0.3333333333333333,0.3333333333333332,5.552503422540543e-17,0.0,1.0000000000000002,1.0,2000
Q15714,30,3,3,1,2,1,1,3,0.3333333333333333,0.3333333333333332,5.552503422540543e-17,0.0,1.0000000000000002,1.0,2000
Q15714,5,3,3,1,2,1,0,3,0.0,0.0,0.0,0.0,inf,1.0,2000
Q15723,10,23,15,6,23,0,47,253,0.1857707509881423,0.1744090909090908,0.0091281386314475,0.0113616600790514,1.0651437377480144,0.272863568215892,2000
Q15723,15,23,15,6,23,0,58,253,0.2292490118577075,0.2207411067193676,0.005518356142357,0.0085079051383399,1.038542459375979,0.1244377811094452,2000
Q15723,20,23,15,6,23,0,68,253,0.2687747035573122,0.2654071146245059,0.0035008435166,0.0033675889328063,1.0126883898254602,0.3668165917041479,2000
Q15723,25,23,15,6,23,0,81,253,0.3201581027667984,0.3125592885375494,0.0079105677977539,0.007598814229249,1.0243115930574436,0.2863568215892054,2000
Q15723,30,23,15,6,23,0,96,253,0.3794466403162055,0.3646897233201581,0.0077700010041998,0.0147569169960473,1.0404643071970865,0.0759620189905047,2000
Q15723,5,23,15,6,23,0,25,253,0.0988142292490118,0.0914387351778655,0.0051775668244593,0.0073754940711462,1.0806604996974154,0.2733633183408296,2000
Q15750,10,9,5,2,9,0,15,36,0.4166666666666667,0.4279583333333334,0.0136472999415321,-0.0112916666666667,0.9736150326161036,1.0,2000
Q15750,15,9,5,2,9,0,15,36,0.4166666666666667,0.4402361111111112,0.0236667759738065,-0.0235694444444445,0.9464618102659555,1.0,2000
Q15750,20,9,5,2,9,0,15,36,0.4166666666666667,0.4490833333333334,0.0386008833203192,-0.0324166666666667,0.9278159213212096,1.0,2000
Q15750,25,9,5,2,9,0,18,36,0.5,0.4722222222222222,0.049297337244609,0.0277777777777777,1.0588235294117647,0.2818590704647676,2000
Q15750,30,9,5,2,9,0,21,36,0.5833333333333334,0.5007777777777779,0.074379121944344,0.0825555555555555,1.164854670512536,0.2818590704647676,2000
Q15750,5,9,5,2,9,0,11,36,0.3055555555555556,0.3105416666666666,0.0106629560499548,-0.004986111111111,0.9839438257524936,1.0,2000
Q15751,10,3,2,1,2,1,1,3,0.3333333333333333,0.3333333333333332,5.552503422540543e-17,0.0,1.0000000000000002,1.0,2000
Q15751,15,3,2,1,2,1,1,3,0.3333333333333333,0.3333333333333332,5.552503422540543e-17,0.0,1.0000000000000002,1.0,2000
Q15751,20,3,2,1,2,1,1,3,0.3333333333333333,0.3333333333333332,5.552503422540543e-17,0.0,1.0000000000000002,1.0,2000
Q15751,25,3,2,1,2,1,1,3,0.3333333333333333,0.3333333333333332,5.552503422540543e-17,0.0,1.0000000000000002,1.0,2000
Q15751,30,3,2,1,2,1,1,3,0.3333333333333333,0.3333333333333332,5.552503422540543e-17,0.0,1.0000000000000002,1.0,2000
Q15751,5,3,2,1,2,1,0,3,0.0,0.0,0.0,0.0,inf,1.0,2000
Q15788,10,4,2,1,4,0,3,6,0.5,0.5,0.0,0.0,1.0,1.0,2000
Q15788,15,4,2,1,4,0,3,6,0.5,0.5,0.0,0.0,1.0,1.0,2000
Q15788,20,4,2,1,4,0,3,6,0.5,0.5,0.0,0.0,1.0,1.0,2000
Q15788,25,4,2,1,4,0,3,6,0.5,0.5,0.0,0.0,1.0,1.0,2000
Q15788,30,4,2,1,4,0,3,6,0.5,0.5,0.0,0.0,1.0,1.0,2000
Q15788,5,4,2,1,4,0,3,6,0.5,0.5,0.0,0.0,1.0,1.0,2000
Q15910,10,6,4,2,6,0,3,15,0.2,0.2231,0.0317315843714643,-0.0231,0.8964589870013446,1.0,2000
Q15910,15,6,4,2,6,0,6,15,0.4,0.4000000000000001,5.552503422540543e-17,0.0,1.0,1.0,2000
Q15910,20,6,4,2,6,0,6,15,0.4,0.4000000000000001,5.552503422540543e-17,0.0,1.0,1.0,2000
Q15910,25,6,4,2,6,0,6,15,0.4,0.4000000000000001,5.552503422540543e-17,0.0,1.0,1.0,2000
Q15910,30,6,4,2,6,0,6,15,0.4,0.4000000000000001,5.552503422540543e-17,0.0,1.0,1.0,2000
Q15910,5,6,4,2,6,0,2,15,0.1333333333333333,0.1333333333333333,2.776251711270272e-17,0.0,1.0000000000000002,1.0,2000
Q15911,10,6,5,2,5,1,4,15,0.2666666666666666,0.2454,0.031080374217461,0.0212666666666666,1.0866612333605,0.6811594202898551,2000
Q15911,15,6,5,2,5,1,4,15,0.2666666666666666,0.2666666666666666,5.552503422540543e-17,0.0,1.0000000000000002,1.0,2000
Q15911,20,6,5,2,5,1,4,15,0.2666666666666666,0.2666666666666666,5.552503422540543e-17,0.0,1.0000000000000002,1.0,2000
Q15911,25,6,5,2,5,1,4,15,0.2666666666666666,0.2666666666666666,5.552503422540543e-17,0.0,1.0000000000000002,1.0,2000
Q15911,30,6,5,2,5,1,4,15,0.2666666666666666,0.2666666666666666,5.552503422540543e-17,0.0,1.0000000000000002,1.0,2000
Q15911,5,6,5,2,5,1,2,15,0.1333333333333333,0.0894,0.0316109274852755,0.0439333333333333,1.4914243102162563,0.3413293353323338,2000
Q15942,10,16,10,4,16,0,19,120,0.1583333333333333,0.1583333333333332,5.552503422540543e-17,0.0,1.0000000000000004,1.0,2000
Q15942,15,16,10,4,16,0,23,120,0.1916666666666666,0.1916666666666667,2.776251711270272e-17,0.0,1.0,1.0,2000
Q15942,20,16,10,4,16,0,29,120,0.2416666666666666,0.2441666666666667,0.0053242377000728,-0.0025,0.9897610921501704,1.0,2000
Q15942,25,16,10,4,16,0,31,120,0.2583333333333333,0.2583499999999999,0.0053176827647109,-1.666666666660932e-05,0.9999354880330305,0.7976011994002998,2000
Q15942,30,16,10,4,16,0,33,120,0.275,0.2715916666666666,0.0040981018638035,0.0034083333333334,1.0125494768494372,0.5912043978010995,2000
Q15942,5,16,10,4,16,0,10,120,0.0833333333333333,0.0874291666666666,0.0041671064466928,-0.0040958333333333,0.9531525520659584,1.0,2000
Q16186,10,11,3,1,11,0,43,55,0.7818181818181819,0.7634909090909091,0.0129868477085173,0.0183272727272727,1.0240045722994855,0.2513743128435782,2000
Q16186,15,11,3,1,11,0,54,55,0.9818181818181818,0.9543,0.0204935222701573,0.0275181818181818,1.028835986396502,0.2513743128435782,2000
Q16186,20,11,3,1,11,0,55,55,1.0,1.0,0.0,0.0,1.0,1.0,2000
Q16186,25,11,3,1,11,0,55,55,1.0,1.0,0.0,0.0,1.0,1.0,2000
Q16186,30,11,3,1,11,0,55,55,1.0,1.0,0.0,0.0,1.0,1.0,2000
Q16186,5,11,3,1,11,0,28,55,0.509090909090909,0.4998999999999999,0.0090926325166155,0.009190909090909,1.0183854952808744,0.4947526236881559,2000
Q16204,10,7,3,3,7,0,14,21,0.6666666666666666,0.6915714285714284,0.0527709516595112,-0.0249047619047617,0.963988156716932,0.7571214392803598,2000
Q16204,15,7,3,3,7,0,18,21,0.8571428571428571,0.8819047619047622,0.0237964184137547,-0.024761904761905,0.971922246220302,1.0,2000
Q16204,20,7,3,3,7,0,21,21,1.0,1.0,0.0,0.0,1.0,1.0,2000
Q16204,25,7,3,3,7,0,21,21,1.0,1.0,0.0,0.0,1.0,1.0,2000
Q16204,30,7,3,3,7,0,21,21,1.0,1.0,0.0,0.0,1.0,1.0,2000
Q16204,5,7,3,3,7,0,7,21,0.3333333333333333,0.345047619047619,0.0205136306873691,-0.0117142857142857,0.9660502346121996,1.0,2000
Q16352,10,4,4,4,4,0,0,6,0.0,0.0,0.0,0.0,inf,1.0,2000
Q16352,15,4,4,4,4,0,0,6,0.0,0.0248333333333333,0.059362921277981,-0.0248333333333333,0.0,1.0,2000
Q16352,20,4,4,4,4,0,1,6,0.1666666666666666,0.07575,0.0830083290480278,0.0909166666666666,2.2002200220022003,0.4547726136931534,2000
Q16352,25,4,4,4,4,0,1,6,0.1666666666666666,0.1224166666666666,0.0736182540112289,0.04425,1.3614703880190606,0.7346326836581709,2000
Q16352,30,4,4,4,4,0,1,6,0.1666666666666666,0.1552499999999999,0.0421108556322599,0.0114166666666666,1.0735373054213635,0.9315342328835582,2000
Q16352,5,4,4,4,4,0,0,6,0.0,0.0,0.0,0.0,inf,1.0,2000
Q16555,10,6,6,3,6,0,3,15,0.2,0.1677,0.0333256452698167,0.0323,1.1926058437686349,0.5157421289355323,2000
Q16555,15,6,6,3,6,0,3,15,0.2,0.2,2.776251711270272e-17,0.0,1.0,1.0,2000
Q16555,20,6,6,3,6,0,3,15,0.2,0.2,2.776251711270272e-17,0.0,1.0,1.0,2000
Q16555,25,6,6,3,6,0,3,15,0.2,0.2,2.776251711270272e-17,0.0,1.0,1.0,2000
Q16555,30,6,6,3,6,0,3,15,0.2,0.2,2.776251711270272e-17,0.0,1.0,1.0,2000
Q16555,5,6,6,3,6,0,2,15,0.1333333333333333,0.0831666666666666,0.0287778401211943,0.0501666666666666,1.6032064128256516,0.2478760619690155,2000
Q16566,10,3,3,1,3,0,0,3,0.0,0.0,0.0,0.0,inf,1.0,2000
Q16566,15,3,3,1,3,0,0,3,0.0,0.0,0.0,0.0,inf,1.0,2000
Q16566,20,3,3,1,3,0,0,3,0.0,0.0,0.0,0.0,inf,1.0,2000
Q16566,25,3,3,1,3,0,0,3,0.0,0.0,0.0,0.0,inf,1.0,2000
Q16566,30,3,3,1,3,0,0,3,0.0,0.0,0.0,0.0,inf,1.0,2000
Q16566,5,3,3,1,3,0,0,3,0.0,0.0,0.0,0.0,inf,1.0,2000
Q16594,10,13,9,4,12,1,12,78,0.1538461538461538,0.1671794871794872,0.0201516086285605,-0.0133333333333333,0.9202453987730062,0.7501249375312344,2000
Q16594,15,13,9,4,12,1,21,78,0.2692307692307692,0.2663910256410256,0.0152296863643202,0.0028397435897435,1.0106600572707365,0.5862068965517241,2000
Q16594,20,13,9,4,12,1,24,78,0.3076923076923077,0.3143333333333333,0.0064077033435102,-0.0066410256410255,0.9788726649808306,1.0,2000
Q16594,25,13,9,4,12,1,27,78,0.3461538461538461,0.3628910256410256,0.0131101425490283,-0.0167371794871795,0.9538782215470492,1.0,2000
Q16594,30,13,9,4,12,1,33,78,0.4230769230769231,0.4131153846153847,0.0128766424349188,0.0099615384615383,1.0241132110604223,0.4927536231884058,2000
Q16594,5,13,9,4,12,1,6,78,0.0769230769230769,0.0857499999999999,0.0082258710842224,-0.008826923076923,0.8970621215519178,1.0,2000
Q16629,10,5,3,5,5,0,4,10,0.4,0.37705,0.0420616463187726,0.0229499999999999,1.0608672589842194,0.7706146926536732,2000
Q16629,15,5,3,5,5,0,4,10,0.4,0.4000000000000001,5.552503422540543e-17,0.0,1.0,1.0,2000
Q16629,20,5,3,5,5,0,4,10,0.4,0.4000000000000001,5.552503422540543e-17,0.0,1.0,1.0,2000
Q16629,25,5,3,5,5,0,4,10,0.4,0.4000000000000001,5.552503422540543e-17,0.0,1.0,1.0,2000
Q16629,30,5,3,5,5,0,4,10,0.4,0.4000000000000001,5.552503422540543e-17,0.0,1.0,1.0,2000
Q16629,5,5,3,5,5,0,2,10,0.2,0.2048,0.0561118014960628,-0.0047999999999999,0.9765625,0.8655672163918041,2000
Q16643,10,3,2,0,2,1,1,3,0.3333333333333333,0.3333333333333332,5.552503422540543e-17,0.0,1.0000000000000002,1.0,2000
Q16643,15,3,2,0,2,1,1,3,0.3333333333333333,0.3333333333333332,5.552503422540543e-17,0.0,1.0000000000000002,1.0,2000
Q16643,20,3,2,0,2,1,1,3,0.3333333333333333,0.3333333333333332,5.552503422540543e-17,0.0,1.0000000000000002,1.0,2000
Q16643,25,3,2,0,2,1,1,3,0.3333333333333333,0.3333333333333332,5.552503422540543e-17,0.0,1.0000000000000002,1.0,2000
Q16643,30,3,2,0,2,1,1,3,0.3333333333333333,0.3333333333333332,5.552503422540543e-17,0.0,1.0000000000000002,1.0,2000
Q16643,5,3,2,0,2,1,1,3,0.3333333333333333,0.3333333333333332,5.552503422540543e-17,0.0,1.0000000000000002,1.0,2000
Q16760,10,3,2,1,3,0,1,3,0.3333333333333333,0.3333333333333332,5.552503422540543e-17,0.0,1.0000000000000002,1.0,2000
Q16760,15,3,2,1,3,0,1,3,0.3333333333333333,0.3333333333333332,5.552503422540543e-17,0.0,1.0000000000000002,1.0,2000
Q16760,20,3,2,1,3,0,1,3,0.3333333333333333,0.3333333333333332,5.552503422540543e-17,0.0,1.0000000000000002,1.0,2000
Q16760,25,3,2,1,3,0,1,3,0.3333333333333333,0.3333333333333332,5.552503422540543e-17,0.0,1.0000000000000002,1.0,2000
Q16760,30,3,2,1,3,0,1,3,0.3333333333333333,0.3333333333333332,5.552503422540543e-17,0.0,1.0000000000000002,1.0,2000
Q16760,5,3,2,1,3,0,0,3,0.0,0.0,0.0,0.0,inf,1.0,2000
Q17RS7,10,5,3,1,4,1,6,10,0.6,0.5999999999999998,2.221001369016217e-16,0.0,1.0000000000000004,1.0,2000
Q17RS7,15,5,3,1,4,1,6,10,0.6,0.5999999999999998,2.221001369016217e-16,0.0,1.0000000000000004,1.0,2000
Q17RS7,20,5,3,1,4,1,6,10,0.6,0.5999999999999998,2.221001369016217e-16,0.0,1.0000000000000004,1.0,2000
Q17RS7,25,5,3,1,4,1,6,10,0.6,0.5999999999999998,2.221001369016217e-16,0.0,1.0000000000000004,1.0,2000
Q17RS7,30,5,3,1,4,1,6,10,0.6,0.5999999999999998,2.221001369016217e-16,0.0,1.0000000000000004,1.0,2000
Q17RS7,5,5,3,1,4,1,4,10,0.4,0.4000000000000001,5.552503422540543e-17,0.0,1.0,1.0,2000
Q29RF7,10,4,4,2,3,1,0,6,0.0,0.0,0.0,0.0,inf,1.0,2000
Q29RF7,15,4,4,2,3,1,0,6,0.0,0.0,0.0,0.0,inf,1.0,2000
Q29RF7,20,4,4,2,3,1,0,6,0.0,0.0,0.0,0.0,inf,1.0,2000
Q29RF7,25,4,4,2,3,1,0,6,0.0,0.0,0.0,0.0,inf,1.0,2000
Q29RF7,30,4,4,2,3,1,0,6,0.0,0.0,0.0,0.0,inf,1.0,2000
Q29RF7,5,4,4,2,3,1,0,6,0.0,0.0,0.0,0.0,inf,1.0,2000
Q2KHR2,10,3,3,2,2,1,1,3,0.3333333333333333,0.3333333333333332,5.552503422540543e-17,0.0,1.0000000000000002,1.0,2000
Q2KHR2,15,3,3,2,2,1,1,3,0.3333333333333333,0.3333333333333332,5.552503422540543e-17,0.0,1.0000000000000002,1.0,2000
Q2KHR2,20,3,3,2,2,1,1,3,0.3333333333333333,0.3333333333333332,5.552503422540543e-17,0.0,1.0000000000000002,1.0,2000
Q2KHR2,25,3,3,2,2,1,1,3,0.3333333333333333,0.3333333333333332,5.552503422540543e-17,0.0,1.0000000000000002,1.0,2000
Q2KHR2,30,3,3,2,2,1,1,3,0.3333333333333333,0.3333333333333332,5.552503422540543e-17,0.0,1.0000000000000002,1.0,2000
Q2KHR2,5,3,3,2,2,1,1,3,0.3333333333333333,0.3333333333333332,5.552503422540543e-17,0.0,1.0000000000000002,1.0,2000
Q2KHR3,10,52,28,29,37,15,70,1326,0.0527903469079939,0.0520033936651583,0.0028274646009658,0.0007869532428355,1.0151327286042648,0.4332833583208396,2000
Q2KHR3,15,52,28,29,37,15,91,1326,0.0686274509803921,0.0706764705882352,0.0021721629046427,-0.0020490196078431,0.9710084616451662,0.8690654672663668,2000
Q2KHR3,20,52,28,29,37,15,109,1326,0.0822021116138763,0.0844125188536953,0.0029370957218302,-0.0022104072398189,0.9738142248349432,0.8130934532733634,2000
Q2KHR3,25,52,28,29,37,15,127,1326,0.0957767722473604,0.0987677224736048,0.0026411303505265,-0.0029909502262443,0.9697173312157352,0.9020489755122438,2000
Q2KHR3,30,52,28,29,37,15,142,1326,0.1070889894419306,0.1086749622926094,0.0021220049324848,-0.0015859728506787,0.9854062719027358,0.8130934532733634,2000
Q2KHR3,5,52,28,29,37,15,40,1326,0.0301659125188536,0.0286210407239819,0.0021346718119923,0.0015448717948717,1.0539767861612848,0.2783608195902049,2000
Q2M2I8,10,6,3,5,4,2,7,15,0.4666666666666667,0.3207666666666667,0.0888658459099143,0.1458999999999999,1.4548477605736256,0.2708645677161419,2000
Q2M2I8,15,6,3,5,4,2,7,15,0.4666666666666667,0.4338333333333334,0.0333379186441036,0.0328333333333332,1.075681905493661,0.5077461269365318,2000
Q2M2I8,20,6,3,5,4,2,7,15,0.4666666666666667,0.4666666666666667,5.552503422540543e-17,0.0,1.0,1.0,2000
Q2M2I8,25,6,3,5,4,2,7,15,0.4666666666666667,0.4666666666666667,5.552503422540543e-17,0.0,1.0,1.0,2000
Q2M2I8,30,6,3,5,4,2,7,15,0.4666666666666667,0.4666666666666667,5.552503422540543e-17,0.0,1.0,1.0,2000
Q2M2I8,5,6,3,5,4,2,4,15,0.2666666666666666,0.2134333333333333,0.0816400657027035,0.0532333333333333,1.2494143370295174,0.4232883558220889,2000
Q2NL68,10,3,2,3,2,1,3,3,1.0,0.8893333333333333,0.1570162565793519,0.1106666666666666,1.1244377811094453,0.6681659170414792,2000
Q2NL68,15,3,2,3,2,1,3,3,1.0,1.0,0.0,0.0,1.0,1.0,2000
Q2NL68,20,3,2,3,2,1,3,3,1.0,1.0,0.0,0.0,1.0,1.0,2000
Q2NL68,25,3,2,3,2,1,3,3,1.0,1.0,0.0,0.0,1.0,1.0,2000
Q2NL68,30,3,2,3,2,1,3,3,1.0,1.0,0.0,0.0,1.0,1.0,2000
Q2NL68,5,3,2,3,2,1,2,3,0.6666666666666666,0.4401666666666666,0.1555951635734984,0.2264999999999999,1.5145778114350623,0.320839580209895,2000
Q2TAL8,10,6,5,1,6,0,4,15,0.2666666666666666,0.2666666666666666,5.552503422540543e-17,0.0,1.0000000000000002,1.0,2000
Q2TAL8,15,6,5,1,6,0,4,15,0.2666666666666666,0.2666666666666666,5.552503422540543e-17,0.0,1.0000000000000002,1.0,2000
Q2TAL8,20,6,5,1,6,0,4,15,0.2666666666666666,0.3098666666666667,0.0624156058524385,-0.0432,0.8605851979345954,1.0,2000
Q2TAL8,25,6,5,1,6,0,7,15,0.4666666666666667,0.4030666666666667,0.0931631884911896,0.0635999999999999,1.1577902745616937,0.6821589205397302,2000
Q2TAL8,30,6,5,1,6,0,7,15,0.4666666666666667,0.4030666666666667,0.0931631884911896,0.0635999999999999,1.1577902745616937,0.6821589205397302,2000
Q2TAL8,5,6,5,1,6,0,4,15,0.2666666666666666,0.2666666666666666,5.552503422540543e-17,0.0,1.0000000000000002,1.0,2000
Q2Y0W8,10,3,2,0,0,3,1,3,0.3333333333333333,0.3333333333333332,5.552503422540543e-17,0.0,1.0000000000000002,1.0,2000
Q2Y0W8,15,3,2,0,0,3,3,3,1.0,1.0,0.0,0.0,1.0,1.0,2000
Q2Y0W8,20,3,2,0,0,3,3,3,1.0,1.0,0.0,0.0,1.0,1.0,2000
Q2Y0W8,25,3,2,0,0,3,3,3,1.0,1.0,0.0,0.0,1.0,1.0,2000
Q2Y0W8,30,3,2,0,0,3,3,3,1.0,1.0,0.0,0.0,1.0,1.0,2000
Q2Y0W8,5,3,2,0,0,3,1,3,0.3333333333333333,0.3333333333333332,5.552503422540543e-17,0.0,1.0000000000000002,1.0,2000
Q3KQU3,10,3,3,2,3,0,0,3,0.0,0.0,0.0,0.0,inf,1.0,2000
Q3KQU3,15,3,3,2,3,0,0,3,0.0,0.0,0.0,0.0,inf,1.0,2000
Q3KQU3,20,3,3,2,3,0,0,3,0.0,0.0,0.0,0.0,inf,1.0,2000
Q3KQU3,25,3,3,2,3,0,0,3,0.0,0.0,0.0,0.0,inf,1.0,2000
Q3KQU3,30,3,3,2,3,0,0,3,0.0,0.0,0.0,0.0,inf,1.0,2000
Q3KQU3,5,3,3,2,3,0,0,3,0.0,0.0,0.0,0.0,inf,1.0,2000
Q3YBR2,10,3,1,0,3,0,3,3,1.0,1.0,0.0,0.0,1.0,1.0,2000
Q3YBR2,15,3,1,0,3,0,3,3,1.0,1.0,0.0,0.0,1.0,1.0,2000
Q3YBR2,20,3,1,0,3,0,3,3,1.0,1.0,0.0,0.0,1.0,1.0,2000
Q3YBR2,25,3,1,0,3,0,3,3,1.0,1.0,0.0,0.0,1.0,1.0,2000
Q3YBR2,30,3,1,0,3,0,3,3,1.0,1.0,0.0,0.0,1.0,1.0,2000
Q3YBR2,5,3,1,0,3,0,1,3,0.3333333333333333,0.3333333333333332,5.552503422540543e-17,0.0,1.0000000000000002,1.0,2000
Q49AA0,10,3,3,1,3,0,1,3,0.3333333333333333,0.3333333333333332,5.552503422540543e-17,0.0,1.0000000000000002,1.0,2000
Q49AA0,15,3,3,1,3,0,1,3,0.3333333333333333,0.3333333333333332,5.552503422540543e-17,0.0,1.0000000000000002,1.0,2000
Q49AA0,20,3,3,1,3,0,1,3,0.3333333333333333,0.3333333333333332,5.552503422540543e-17,0.0,1.0000000000000002,1.0,2000
Q49AA0,25,3,3,1,3,0,1,3,0.3333333333333333,0.3333333333333332,5.552503422540543e-17,0.0,1.0000000000000002,1.0,2000
Q49AA0,30,3,3,1,3,0,1,3,0.3333333333333333,0.3333333333333332,5.552503422540543e-17,0.0,1.0000000000000002,1.0,2000
Q49AA0,5,3,3,1,3,0,1,3,0.3333333333333333,0.3333333333333332,5.552503422540543e-17,0.0,1.0000000000000002,1.0,2000
Q4KMP7,10,7,5,5,6,1,6,21,0.2857142857142857,0.2857142857142856,1.1105006845081086e-16,0.0,1.0000000000000004,1.0,2000
Q4KMP7,15,7,5,5,6,1,6,21,0.2857142857142857,0.341595238095238,0.0576786648612507,-0.0558809523809523,0.836411793406287,1.0,2000
Q4KMP7,20,7,5,5,6,1,8,21,0.3809523809523809,0.3889523809523809,0.0429148313073111,-0.008,0.9794319294809012,0.664167916041979,2000
Q4KMP7,25,7,5,5,6,1,9,21,0.4285714285714285,0.4285714285714285,0.0,0.0,1.0,1.0,2000
Q4KMP7,30,7,5,5,6,1,9,21,0.4285714285714285,0.4285714285714285,0.0,0.0,1.0,1.0,2000
Q4KMP7,5,7,5,5,6,1,6,21,0.2857142857142857,0.237547619047619,0.0315361450301079,0.0481666666666666,1.2027663626340583,0.2138930534732633,2000
Q4KWH8,10,3,3,1,3,0,2,3,0.6666666666666666,0.8339999999999999,0.1667070152927201,-0.1673333333333332,0.7993605115907275,1.0,2000
Q4KWH8,15,3,3,1,3,0,3,3,1.0,1.0,0.0,0.0,1.0,1.0,2000
Q4KWH8,20,3,3,1,3,0,3,3,1.0,1.0,0.0,0.0,1.0,1.0,2000
Q4KWH8,25,3,3,1,3,0,3,3,1.0,1.0,0.0,0.0,1.0,1.0,2000
Q4KWH8,30,3,3,1,3,0,3,3,1.0,1.0,0.0,0.0,1.0,1.0,2000
Q4KWH8,5,3,3,1,3,0,1,3,0.3333333333333333,0.3333333333333332,5.552503422540543e-17,0.0,1.0000000000000002,1.0,2000
Q4L180,10,3,2,3,2,1,1,3,0.3333333333333333,0.3333333333333332,5.552503422540543e-17,0.0,1.0000000000000002,1.0,2000
Q4L180,15,3,2,3,2,1,1,3,0.3333333333333333,0.3333333333333332,5.552503422540543e-17,0.0,1.0000000000000002,1.0,2000
Q4L180,20,3,2,3,2,1,1,3,0.3333333333333333,0.3333333333333332,5.552503422540543e-17,0.0,1.0000000000000002,1.0,2000
Q4L180,25,3,2,3,2,1,1,3,0.3333333333333333,0.3333333333333332,5.552503422540543e-17,0.0,1.0000000000000002,1.0,2000
Q4L180,30,3,2,3,2,1,1,3,0.3333333333333333,0.3333333333333332,5.552503422540543e-17,0.0,1.0000000000000002,1.0,2000
Q4L180,5,3,2,3,2,1,0,3,0.0,0.1993333333333333,0.1634748564183714,-0.1993333333333333,0.0,1.0,2000
Q4LDE5,10,5,3,3,5,0,3,10,0.3,0.2999999999999999,1.1105006845081086e-16,0.0,1.0000000000000004,1.0,2000
Q4LDE5,15,5,3,3,5,0,3,10,0.3,0.2999999999999999,1.1105006845081086e-16,0.0,1.0000000000000004,1.0,2000
Q4LDE5,20,5,3,3,5,0,3,10,0.3,0.2999999999999999,1.1105006845081086e-16,0.0,1.0000000000000004,1.0,2000
Q4LDE5,25,5,3,3,5,0,3,10,0.3,0.2999999999999999,1.1105006845081086e-16,0.0,1.0000000000000004,1.0,2000
Q4LDE5,30,5,3,3,5,0,3,10,0.3,0.2999999999999999,1.1105006845081086e-16,0.0,1.0000000000000004,1.0,2000
Q4LDE5,5,5,3,3,5,0,3,10,0.3,0.14935,0.0675415311435461,0.1506499999999999,2.008704385671242,0.1034482758620689,2000
Q4VCS5,10,6,6,3,6,0,2,15,0.1333333333333333,0.1333333333333333,2.776251711270272e-17,0.0,1.0000000000000002,1.0,2000
Q4VCS5,15,6,6,3,6,0,3,15,0.2,0.1669666666666667,0.0333403194279972,0.0330333333333333,1.1978438810141745,0.5047476261869065,2000
Q4VCS5,20,6,6,3,6,0,4,15,0.2666666666666666,0.2666666666666666,5.552503422540543e-17,0.0,1.0000000000000002,1.0,2000
Q4VCS5,25,6,6,3,6,0,4,15,0.2666666666666666,0.2666666666666666,5.552503422540543e-17,0.0,1.0000000000000002,1.0,2000
Q4VCS5,30,6,6,3,6,0,4,15,0.2666666666666666,0.2666666666666666,5.552503422540543e-17,0.0,1.0000000000000002,1.0,2000
Q4VCS5,5,6,6,3,6,0,2,15,0.1333333333333333,0.1333333333333333,2.776251711270272e-17,0.0,1.0000000000000002,1.0,2000
Q4ZG55,10,3,3,2,0,3,1,3,0.3333333333333333,0.106,0.1552719808186493,0.2273333333333333,3.144654088050314,0.3183408295852074,2000
Q4ZG55,15,3,3,2,0,3,1,3,0.3333333333333333,0.106,0.1552719808186493,0.2273333333333333,3.144654088050314,0.3183408295852074,2000
Q4ZG55,20,3,3,2,0,3,1,3,0.3333333333333333,0.3333333333333332,5.552503422540543e-17,0.0,1.0000000000000002,1.0,2000
Q4ZG55,25,3,3,2,0,3,1,3,0.3333333333333333,0.3333333333333332,5.552503422540543e-17,0.0,1.0000000000000002,1.0,2000
Q4ZG55,30,3,3,2,0,3,1,3,0.3333333333333333,0.3333333333333332,5.552503422540543e-17,0.0,1.0000000000000002,1.0,2000
Q4ZG55,5,3,3,2,0,3,1,3,0.3333333333333333,0.106,0.1552719808186493,0.2273333333333333,3.144654088050314,0.3183408295852074,2000
Q53ET0,10,8,4,5,5,3,4,28,0.1428571428571428,0.1507499999999999,0.0219678619065142,-0.0078928571428571,0.9476427386875148,0.8970514742628686,2000
Q53ET0,15,8,4,5,5,3,8,28,0.2857142857142857,0.2048392857142856,0.0552907218923016,0.080875,1.394821724348357,0.2213893053473263,2000
Q53ET0,20,8,4,5,5,3,8,28,0.2857142857142857,0.2227857142857142,0.053517576973499,0.0629285714285714,1.2824623276691247,0.2978510744627686,2000
Q53ET0,25,8,4,5,5,3,9,28,0.3214285714285714,0.3160535714285714,0.0564025346622428,0.005375,1.0170066105429685,0.5487256371814093,2000
Q53ET0,30,8,4,5,5,3,11,28,0.3928571428571428,0.3928571428571429,1.1105006845081086e-16,0.0,0.9999999999999996,1.0,2000
Q53ET0,5,8,4,5,5,3,4,28,0.1428571428571428,0.1349464285714285,0.0241874873712399,0.0079107142857142,1.0586211459573909,0.6356821589205397,2000
Q58A45,10,3,3,3,3,0,0,3,0.0,0.0,0.0,0.0,inf,1.0,2000
Q58A45,15,3,3,3,3,0,0,3,0.0,0.0,0.0,0.0,inf,1.0,2000
Q58A45,20,3,3,3,3,0,0,3,0.0,0.0,0.0,0.0,inf,1.0,2000
Q58A45,25,3,3,3,3,0,0,3,0.0,0.0,0.0,0.0,inf,1.0,2000
Q58A45,30,3,3,3,3,0,0,3,0.0,0.0,0.0,0.0,inf,1.0,2000
Q58A45,5,3,3,3,3,0,0,3,0.0,0.0,0.0,0.0,inf,1.0,2000
Q5BJH7,10,5,2,0,5,0,6,10,0.6,0.5999999999999998,2.221001369016217e-16,0.0,1.0000000000000004,1.0,2000
Q5BJH7,15,5,2,0,5,0,8,10,0.8,0.8000000000000002,1.1105006845081086e-16,0.0,1.0,1.0,2000
Q5BJH7,20,5,2,0,5,0,10,10,1.0,1.0,0.0,0.0,1.0,1.0,2000
Q5BJH7,25,5,2,0,5,0,10,10,1.0,1.0,0.0,0.0,1.0,1.0,2000
Q5BJH7,30,5,2,0,5,0,10,10,1.0,1.0,0.0,0.0,1.0,1.0,2000
Q5BJH7,5,5,2,0,5,0,6,10,0.6,0.5999999999999998,2.221001369016217e-16,0.0,1.0000000000000004,1.0,2000
Q5CZC0,10,7,6,4,7,0,2,21,0.0952380952380952,0.0952380952380952,4.164377566905407e-17,0.0,0.9999999999999996,1.0,2000
Q5CZC0,15,7,6,4,7,0,2,21,0.0952380952380952,0.0952380952380952,4.164377566905407e-17,0.0,0.9999999999999996,1.0,2000
Q5CZC0,20,7,6,4,7,0,2,21,0.0952380952380952,0.0952380952380952,4.164377566905407e-17,0.0,0.9999999999999996,1.0,2000
Q5CZC0,25,7,6,4,7,0,2,21,0.0952380952380952,0.0952380952380952,4.164377566905407e-17,0.0,0.9999999999999996,1.0,2000
Q5CZC0,30,7,6,4,7,0,2,21,0.0952380952380952,0.0952380952380952,4.164377566905407e-17,0.0,0.9999999999999996,1.0,2000
Q5CZC0,5,7,6,4,7,0,2,21,0.0952380952380952,0.0799523809523809,0.0222370262829149,0.0152857142857142,1.1911852293031566,0.679160419790105,2000
Q5FWF5,10,4,3,4,3,1,1,6,0.1666666666666666,0.1666666666666666,2.776251711270272e-17,0.0,1.0000000000000002,1.0,2000
Q5FWF5,15,4,3,4,3,1,1,6,0.1666666666666666,0.1666666666666666,2.776251711270272e-17,0.0,1.0000000000000002,1.0,2000
Q5FWF5,20,4,3,4,3,1,1,6,0.1666666666666666,0.1666666666666666,2.776251711270272e-17,0.0,1.0000000000000002,1.0,2000
Q5FWF5,25,4,3,4,3,1,1,6,0.1666666666666666,0.1666666666666666,2.776251711270272e-17,0.0,1.0000000000000002,1.0,2000
Q5FWF5,30,4,3,4,3,1,1,6,0.1666666666666666,0.1666666666666666,2.776251711270272e-17,0.0,1.0000000000000002,1.0,2000
Q5FWF5,5,4,3,4,3,1,1,6,0.1666666666666666,0.1666666666666666,2.776251711270272e-17,0.0,1.0000000000000002,1.0,2000
Q5H9F3,10,19,12,9,8,11,14,171,0.0818713450292397,0.0902251461988304,0.0107967091636846,-0.0083538011695906,0.907411608387076,0.8465767116441779,2000
Q5H9F3,15,19,12,9,8,11,22,171,0.1286549707602339,0.1265994152046783,0.0067152407435979,0.0020555555555555,1.016236690763794,0.5482258870564718,2000
Q5H9F3,20,19,12,9,8,11,23,171,0.1345029239766081,0.1438859649122806,0.0086248236883646,-0.0093830409356724,0.9347883517242782,1.0,2000
Q5H9F3,25,19,12,9,8,11,26,171,0.1520467836257309,0.1539824561403508,0.0042682261271282,-0.0019356725146198,0.9874292658843188,0.8445777111444278,2000
Q5H9F3,30,19,12,9,8,11,29,171,0.1695906432748538,0.1638479532163743,0.0023447038477859,0.0057426900584794,1.0350488971375542,0.0899550224887556,2000
Q5H9F3,5,19,12,9,8,11,8,171,0.0467836257309941,0.0518947368421052,0.0097986426488252,-0.0051111111111111,0.901510029299076,0.7691154422788605,2000
Q5HYC2,10,12,11,8,12,0,3,66,0.0454545454545454,0.0404848484848484,0.007115185443552,0.0049696969696969,1.1227544910179643,0.6721639180409795,2000
Q5HYC2,15,12,11,8,12,0,3,66,0.0454545454545454,0.0454545454545454,0.0,0.0,1.0,1.0,2000
Q5HYC2,20,12,11,8,12,0,3,66,0.0454545454545454,0.0472651515151515,0.0049160161168597,-0.001810606060606,0.9616925789389328,1.0,2000
Q5HYC2,25,12,11,8,12,0,3,66,0.0454545454545454,0.0489090909090909,0.0063582959558637,-0.0034545454545454,0.929368029739777,1.0,2000
Q5HYC2,30,12,11,8,12,0,3,66,0.0454545454545454,0.0520530303030302,0.0075143378617099,-0.0065984848484848,0.8732353369233011,1.0,2000
Q5HYC2,5,12,11,8,12,0,3,66,0.0454545454545454,0.0277499999999999,0.0105556205919815,0.0177045454545454,1.6380016380016382,0.1729135432283858,2000
Q5JPB2,10,3,3,1,3,0,0,3,0.0,0.0,0.0,0.0,inf,1.0,2000
Q5JPB2,15,3,3,1,3,0,0,3,0.0,0.0,0.0,0.0,inf,1.0,2000
Q5JPB2,20,3,3,1,3,0,0,3,0.0,0.0,0.0,0.0,inf,1.0,2000
Q5JPB2,25,3,3,1,3,0,0,3,0.0,0.0,0.0,0.0,inf,1.0,2000
Q5JPB2,30,3,3,1,3,0,0,3,0.0,0.0,0.0,0.0,inf,1.0,2000
Q5JPB2,5,3,3,1,3,0,0,3,0.0,0.0,0.0,0.0,inf,1.0,2000
Q5JRA6,10,4,4,3,3,1,1,6,0.1666666666666666,0.1666666666666666,2.776251711270272e-17,0.0,1.0000000000000002,1.0,2000
Q5JRA6,15,4,4,3,3,1,1,6,0.1666666666666666,0.1666666666666666,2.776251711270272e-17,0.0,1.0000000000000002,1.0,2000
Q5JRA6,20,4,4,3,3,1,1,6,0.1666666666666666,0.1666666666666666,2.776251711270272e-17,0.0,1.0000000000000002,1.0,2000
Q5JRA6,25,4,4,3,3,1,1,6,0.1666666666666666,0.1666666666666666,2.776251711270272e-17,0.0,1.0000000000000002,1.0,2000
Q5JRA6,30,4,4,3,3,1,1,6,0.1666666666666666,0.1666666666666666,2.776251711270272e-17,0.0,1.0000000000000002,1.0,2000
Q5JRA6,5,4,4,3,3,1,0,6,0.0,0.08675,0.0832840858316265,-0.08675,0.0,1.0,2000
Q5JRX3,10,4,2,0,1,3,3,6,0.5,0.5,0.0,0.0,1.0,1.0,2000
Q5JRX3,15,4,2,0,1,3,3,6,0.5,0.5,0.0,0.0,1.0,1.0,2000
Q5JRX3,20,4,2,0,1,3,3,6,0.5,0.5,0.0,0.0,1.0,1.0,2000
Q5JRX3,25,4,2,0,1,3,3,6,0.5,0.5,0.0,0.0,1.0,1.0,2000
Q5JRX3,30,4,2,0,1,3,3,6,0.5,0.5,0.0,0.0,1.0,1.0,2000
Q5JRX3,5,4,2,0,1,3,1,6,0.1666666666666666,0.1666666666666666,2.776251711270272e-17,0.0,1.0000000000000002,1.0,2000
Q5JSZ5,10,9,4,5,8,1,9,36,0.25,0.2331388888888889,0.0183158246401025,0.016861111111111,1.0723221732396042,0.4912543728135932,2000
Q5JSZ5,15,9,4,5,8,1,9,36,0.25,0.25,0.0,0.0,1.0,1.0,2000
Q5JSZ5,20,9,4,5,8,1,10,36,0.2777777777777778,0.2914999999999998,0.0138913621276318,-0.013722222222222,0.9529254812273684,1.0,2000
Q5JSZ5,25,9,4,5,8,1,11,36,0.3055555555555556,0.3329999999999999,0.0277827242552636,-0.0274444444444443,0.9175842509175844,1.0,2000
Q5JSZ5,30,9,4,5,8,1,13,36,0.3611111111111111,0.361111111111111,1.1105006845081086e-16,0.0,1.0000000000000002,1.0,2000
Q5JSZ5,5,9,4,5,8,1,5,36,0.1388888888888889,0.1162638888888888,0.0166729128328601,0.022625,1.1946004061641382,0.2903548225887056,2000
Q5JTV8,10,4,4,4,4,0,0,6,0.0,0.0,0.0,0.0,inf,1.0,2000
Q5JTV8,15,4,4,4,4,0,0,6,0.0,0.0,0.0,0.0,inf,1.0,2000
Q5JTV8,20,4,4,4,4,0,0,6,0.0,0.0,0.0,0.0,inf,1.0,2000
Q5JTV8,25,4,4,4,4,0,0,6,0.0,0.0,0.0,0.0,inf,1.0,2000
Q5JTV8,30,4,4,4,4,0,0,6,0.0,0.0,0.0,0.0,inf,1.0,2000
Q5JTV8,5,4,4,4,4,0,0,6,0.0,0.0,0.0,0.0,inf,1.0,2000
Q5SSJ5,10,4,3,3,4,0,2,6,0.3333333333333333,0.3333333333333332,5.552503422540543e-17,0.0,1.0000000000000002,1.0,2000
Q5SSJ5,15,4,3,3,4,0,2,6,0.3333333333333333,0.3333333333333332,5.552503422540543e-17,0.0,1.0000000000000002,1.0,2000
Q5SSJ5,20,4,3,3,4,0,2,6,0.3333333333333333,0.3333333333333332,5.552503422540543e-17,0.0,1.0000000000000002,1.0,2000
Q5SSJ5,25,4,3,3,4,0,2,6,0.3333333333333333,0.3333333333333332,5.552503422540543e-17,0.0,1.0000000000000002,1.0,2000
Q5SSJ5,30,4,3,3,4,0,2,6,0.3333333333333333,0.3333333333333332,5.552503422540543e-17,0.0,1.0000000000000002,1.0,2000
Q5SSJ5,5,4,3,3,4,0,1,6,0.1666666666666666,0.2475,0.083316656660496,-0.0808333333333333,0.6734006734006733,1.0,2000
Q5SW79,10,8,5,8,6,2,7,28,0.25,0.1733214285714285,0.0442361196816491,0.0766785714285714,1.4424067587059552,0.1374312843578211,2000
Q5SW79,15,8,5,8,6,2,7,28,0.25,0.2128571428571428,0.0377957720206943,0.0371428571428571,1.174496644295302,0.3988005997001499,2000
Q5SW79,20,8,5,8,6,2,7,28,0.25,0.2360892857142857,0.0244068215004246,0.0139107142857142,1.0589214129037137,0.7066466766616691,2000
Q5SW79,25,8,5,8,6,2,7,28,0.25,0.25,0.0,0.0,1.0,1.0,2000
Q5SW79,30,8,5,8,6,2,7,28,0.25,0.25,0.0,0.0,1.0,1.0,2000
Q5SW79,5,8,5,8,6,2,4,28,0.1428571428571428,0.0975,0.0382938896758145,0.0453571428571428,1.465201465201465,0.2153923038480759,2000
Q5T0B9,10,10,6,3,10,0,26,45,0.5777777777777777,0.5525777777777778,0.042762019883946,0.0251999999999998,1.0456044397973134,0.3473263368315842,2000
Q5T0B9,15,10,6,3,10,0,32,45,0.7111111111111111,0.6930777777777777,0.0605802542568544,0.0180333333333334,1.0260192057970088,0.4417791104447776,2000
Q5T0B9,20,10,6,3,10,0,37,45,0.8222222222222222,0.776911111111111,0.0952233497402841,0.0453111111111111,1.0583221303738453,0.3918040979510245,2000
Q5T0B9,25,10,6,3,10,0,38,45,0.8444444444444444,0.8329666666666667,0.0889881268895703,0.0114777777777776,1.013779396267691,0.5347326336831584,2000
Q5T0B9,30,10,6,3,10,0,41,45,0.9111111111111112,0.9065666666666669,0.0668745198812421,0.0045444444444442,1.005012807785172,0.5827086456771614,2000
Q5T0B9,5,10,6,3,10,0,12,45,0.2666666666666666,0.2852222222222221,0.026504006155339,-0.0185555555555554,0.934943513829373,0.8850574712643678,2000
Q5T1M5,10,3,1,3,3,0,1,3,0.3333333333333333,0.493,0.2195388823936743,-0.1596666666666666,0.676132521974307,1.0,2000
Q5T1M5,15,3,1,3,3,0,1,3,0.3333333333333333,0.6948333333333333,0.2308437542232329,-0.3615,0.4797313504437515,1.0,2000
Q5T1M5,20,3,1,3,3,0,2,3,0.6666666666666666,0.8983333333333332,0.1535075244338423,-0.2316666666666665,0.7421150278293136,1.0,2000
Q5T1M5,25,3,1,3,3,0,3,3,1.0,1.0,0.0,0.0,1.0,1.0,2000
Q5T1M5,30,3,1,3,3,0,3,3,1.0,1.0,0.0,0.0,1.0,1.0,2000
Q5T1M5,5,3,1,3,3,0,1,3,0.3333333333333333,0.2041666666666666,0.1624337407617232,0.1291666666666666,1.6326530612244898,0.6126936531734133,2000
Q5T1R4,10,19,16,15,19,0,6,171,0.0350877192982456,0.0272543859649122,0.0077584507042727,0.0078333333333333,1.2874155133569358,0.2513743128435782,2000
Q5T1R4,15,19,16,15,19,0,10,171,0.0584795321637426,0.0442748538011695,0.0079645740265776,0.014204678362573,1.320829480914014,0.0729635182408795,2000
Q5T1R4,20,19,16,15,19,0,12,171,0.0701754385964912,0.0555146198830409,0.0071830039488713,0.0146608187134502,1.264089328979248,0.0594702648675662,2000
Q5T1R4,25,19,16,15,19,0,12,171,0.0701754385964912,0.0645906432748538,0.0059966497445596,0.0055847953216374,1.0864644635581708,0.3168415792103948,2000
Q5T1R4,30,19,16,15,19,0,12,171,0.0701754385964912,0.0666637426900584,0.005610256799879,0.0035116959064327,1.05267774902408,0.4737631184407796,2000
Q5T1R4,5,19,16,15,19,0,3,171,0.0175438596491228,0.0108333333333333,0.0060527852332245,0.0067105263157894,1.619433198380567,0.2598700649675162,2000
Q5T200,10,4,2,4,2,2,2,6,0.3333333333333333,0.2094166666666666,0.0728017001434162,0.1239166666666666,1.591723040191007,0.256871564217891,2000
Q5T200,15,4,2,4,2,2,2,6,0.3333333333333333,0.22275,0.0787717235857053,0.1105833333333333,1.4964459408903852,0.336831584207896,2000
Q5T200,20,4,2,4,2,2,2,6,0.3333333333333333,0.2334166666666666,0.0816870484651237,0.0999166666666666,1.4280614066404858,0.4007996001999001,2000
Q5T200,25,4,2,4,2,2,2,6,0.3333333333333333,0.2510833333333333,0.0833471307570695,0.0822499999999999,1.3275804845668768,0.5067466266866567,2000
Q5T200,30,4,2,4,2,2,2,6,0.3333333333333333,0.2651666666666666,0.08196203727607,0.0681666666666666,1.2570710245128849,0.5912043978010995,2000
Q5T200,5,4,2,4,2,2,2,6,0.3333333333333333,0.1619166666666666,0.085605629979367,0.1714166666666667,2.0586721564590844,0.1184407796101949,2000
Q5T3F8,10,3,1,0,0,3,3,3,1.0,1.0,0.0,0.0,1.0,1.0,2000
Q5T3F8,15,3,1,0,0,3,3,3,1.0,1.0,0.0,0.0,1.0,1.0,2000
Q5T3F8,20,3,1,0,0,3,3,3,1.0,1.0,0.0,0.0,1.0,1.0,2000
Q5T3F8,25,3,1,0,0,3,3,3,1.0,1.0,0.0,0.0,1.0,1.0,2000
Q5T3F8,30,3,1,0,0,3,3,3,1.0,1.0,0.0,0.0,1.0,1.0,2000
Q5T3F8,5,3,1,0,0,3,3,3,1.0,1.0,0.0,0.0,1.0,1.0,2000
Q5T3J3,10,9,5,9,9,0,8,36,0.2222222222222222,0.1665138888888888,0.0361678764167057,0.0557083333333333,1.3345566769538744,0.1514242878560719,2000
Q5T3J3,15,9,5,9,9,0,9,36,0.25,0.2157083333333333,0.0248127043380611,0.0342916666666666,1.158972377824995,0.2663668165917041,2000
Q5T3J3,20,9,5,9,9,0,9,36,0.25,0.2448888888888888,0.014252886804703,0.0051111111111111,1.0208711433756803,0.7596201899050474,2000
Q5T3J3,25,9,5,9,9,0,10,36,0.2777777777777778,0.2695555555555555,0.0231695952374398,0.0082222222222222,1.030502885408079,0.4822588705647176,2000
Q5T3J3,30,9,5,9,9,0,10,36,0.2777777777777778,0.2825138888888888,0.0262036582025731,-0.004736111111111,0.9832358291136132,0.679160419790105,2000
Q5T3J3,5,9,5,9,9,0,3,36,0.0833333333333333,0.0824166666666666,0.0292850340650363,0.0009166666666666,1.0111223458038423,0.6031984007996002,2000
Q5T4S7,10,4,4,2,3,1,0,6,0.0,0.0,0.0,0.0,inf,1.0,2000
Q5T4S7,15,4,4,2,3,1,0,6,0.0,0.0,0.0,0.0,inf,1.0,2000
Q5T4S7,20,4,4,2,3,1,0,6,0.0,0.0,0.0,0.0,inf,1.0,2000
Q5T4S7,25,4,4,2,3,1,0,6,0.0,0.0,0.0,0.0,inf,1.0,2000
Q5T4S7,30,4,4,2,3,1,0,6,0.0,0.0,0.0,0.0,inf,1.0,2000
Q5T4S7,5,4,4,2,3,1,0,6,0.0,0.0,0.0,0.0,inf,1.0,2000
Q5T5J6,10,6,4,0,6,0,4,15,0.2666666666666666,0.2666666666666666,5.552503422540543e-17,0.0,1.0000000000000002,1.0,2000
Q5T5J6,15,6,4,0,6,0,4,15,0.2666666666666666,0.2666666666666666,5.552503422540543e-17,0.0,1.0000000000000002,1.0,2000
Q5T5J6,20,6,4,0,6,0,4,15,0.2666666666666666,0.2666666666666666,5.552503422540543e-17,0.0,1.0000000000000002,1.0,2000
Q5T5J6,25,6,4,0,6,0,4,15,0.2666666666666666,0.2666666666666666,5.552503422540543e-17,0.0,1.0000000000000002,1.0,2000
Q5T5J6,30,6,4,0,6,0,4,15,0.2666666666666666,0.2666666666666666,5.552503422540543e-17,0.0,1.0000000000000002,1.0,2000
Q5T5J6,5,6,4,0,6,0,4,15,0.2666666666666666,0.2666666666666666,5.552503422540543e-17,0.0,1.0000000000000002,1.0,2000
Q5T5P2,10,4,4,3,3,1,0,6,0.0,0.0,0.0,0.0,inf,1.0,2000
Q5T5P2,15,4,4,3,3,1,0,6,0.0,0.0,0.0,0.0,inf,1.0,2000
Q5T5P2,20,4,4,3,3,1,0,6,0.0,0.0,0.0,0.0,inf,1.0,2000
Q5T5P2,25,4,4,3,3,1,0,6,0.0,0.0,0.0,0.0,inf,1.0,2000
Q5T5P2,30,4,4,3,3,1,0,6,0.0,0.0,0.0,0.0,inf,1.0,2000
Q5T5P2,5,4,4,3,3,1,0,6,0.0,0.0,0.0,0.0,inf,1.0,2000
Q5T6F2,10,69,33,35,49,20,128,2346,0.0545609548167092,0.0509384057971014,0.001417299675822,0.0036225490196078,1.071116262138969,0.0069965017491254,2000
Q5T6F2,15,69,33,35,49,20,170,2346,0.072463768115942,0.0685722506393862,0.0015872961908033,0.0038915174765558,1.0567506161788518,0.0104947526236881,2000
Q5T6F2,20,69,33,35,49,20,205,2346,0.0873827791986359,0.0840520034100596,0.0016767768451877,0.0033307757885762,1.0396275597659062,0.0344827586206896,2000
Q5T6F2,25,69,33,35,49,20,235,2346,0.1001705029838022,0.0976638959931798,0.0019013743431492,0.0025066069906223,1.0256656460929778,0.1159420289855072,2000
Q5T6F2,30,69,33,35,49,20,266,2346,0.113384484228474,0.1116408780903665,0.0022780097573613,0.0017436061381074,1.015617990183632,0.2423788105947026,2000
Q5T6F2,5,69,33,35,49,20,74,2346,0.03154305200341,0.0299970161977834,0.0008757471166403,0.0015460358056266,1.0515396529919143,0.0644677661169415,2000
Q5T8A7,10,3,2,2,3,0,1,3,0.3333333333333333,0.3333333333333332,5.552503422540543e-17,0.0,1.0000000000000002,1.0,2000
Q5T8A7,15,3,2,2,3,0,1,3,0.3333333333333333,0.3333333333333332,5.552503422540543e-17,0.0,1.0000000000000002,1.0,2000
Q5T8A7,20,3,2,2,3,0,1,3,0.3333333333333333,0.3333333333333332,5.552503422540543e-17,0.0,1.0000000000000002,1.0,2000
Q5T8A7,25,3,2,2,3,0,1,3,0.3333333333333333,0.3333333333333332,5.552503422540543e-17,0.0,1.0000000000000002,1.0,2000
Q5T8A7,30,3,2,2,3,0,1,3,0.3333333333333333,0.3333333333333332,5.552503422540543e-17,0.0,1.0000000000000002,1.0,2000
Q5T8A7,5,3,2,2,3,0,1,3,0.3333333333333333,0.3333333333333332,5.552503422540543e-17,0.0,1.0000000000000002,1.0,2000
Q5T8P6,10,12,8,8,11,1,16,66,0.2424242424242424,0.252840909090909,0.0253816003572166,-0.0104166666666666,0.958801498127341,0.7856071964017991,2000
Q5T8P6,15,12,8,8,11,1,21,66,0.3181818181818182,0.3267121212121212,0.0075172601672461,-0.008530303030303,0.9738904605110604,1.0,2000
Q5T8P6,20,12,8,8,11,1,23,66,0.3484848484848485,0.337090909090909,0.0065448459075772,0.0113939393939394,1.0338007910823446,0.248375812093953,2000
Q5T8P6,25,12,8,8,11,1,24,66,0.3636363636363636,0.3491666666666666,0.0140133307691239,0.014469696969697,1.0414406595790846,0.4512743628185907,2000
Q5T8P6,30,12,8,8,11,1,25,66,0.3787878787878788,0.3603333333333333,0.0223276059681028,0.0184545454545454,1.0512152047767218,0.5942028985507246,2000
Q5T8P6,5,12,8,8,11,1,9,66,0.1363636363636363,0.1439621212121211,0.0116508491425913,-0.0075984848484848,0.9472188601799716,0.92103948025987,2000
Q5TB30,10,4,3,3,4,0,2,6,0.3333333333333333,0.3333333333333332,5.552503422540543e-17,0.0,1.0000000000000002,1.0,2000
Q5TB30,15,4,3,3,4,0,2,6,0.3333333333333333,0.3333333333333332,5.552503422540543e-17,0.0,1.0000000000000002,1.0,2000
Q5TB30,20,4,3,3,4,0,2,6,0.3333333333333333,0.3333333333333332,5.552503422540543e-17,0.0,1.0000000000000002,1.0,2000
Q5TB30,25,4,3,3,4,0,2,6,0.3333333333333333,0.3333333333333332,5.552503422540543e-17,0.0,1.0000000000000002,1.0,2000
Q5TB30,30,4,3,3,4,0,2,6,0.3333333333333333,0.3333333333333332,5.552503422540543e-17,0.0,1.0000000000000002,1.0,2000
Q5TB30,5,4,3,3,4,0,2,6,0.3333333333333333,0.2515833333333333,0.0833391276958341,0.0817499999999999,1.3249420337860218,0.5097451274362819,2000
Q5TGY3,10,11,8,10,10,1,4,55,0.0727272727272727,0.0779,0.017571829101645,-0.0051727272727272,0.9335978527249386,0.8060969515242379,2000
Q5TGY3,15,11,8,10,10,1,6,55,0.109090909090909,0.1010454545454545,0.0109676562484775,0.0080454545454545,1.079622132253711,0.616191904047976,2000
Q5TGY3,20,11,8,10,10,1,6,55,0.109090909090909,0.1097909090909091,0.0071372563980938,-0.0007,0.993624244431564,0.9415292353823088,2000
Q5TGY3,25,11,8,10,10,1,6,55,0.109090909090909,0.1155363636363636,0.0099083108803838,-0.0064454545454545,0.9442127626091744,1.0,2000
Q5TGY3,30,11,8,10,10,1,8,55,0.1454545454545454,0.1349363636363636,0.0183838675636843,0.0105181818181818,1.0779492016438723,0.4352823588205897,2000
Q5TGY3,5,11,8,10,10,1,1,55,0.0181818181818181,0.0417090909090909,0.0179443678911373,-0.0235272727272727,0.4359197907585004,1.0,2000
Q5THJ4,10,3,2,2,3,0,1,3,0.3333333333333333,0.3333333333333332,5.552503422540543e-17,0.0,1.0000000000000002,1.0,2000
Q5THJ4,15,3,2,2,3,0,1,3,0.3333333333333333,0.3333333333333332,5.552503422540543e-17,0.0,1.0000000000000002,1.0,2000
Q5THJ4,20,3,2,2,3,0,1,3,0.3333333333333333,0.3333333333333332,5.552503422540543e-17,0.0,1.0000000000000002,1.0,2000
Q5THJ4,25,3,2,2,3,0,1,3,0.3333333333333333,0.3333333333333332,5.552503422540543e-17,0.0,1.0000000000000002,1.0,2000
Q5THJ4,30,3,2,2,3,0,1,3,0.3333333333333333,0.3333333333333332,5.552503422540543e-17,0.0,1.0000000000000002,1.0,2000
Q5THJ4,5,3,2,2,3,0,1,3,0.3333333333333333,0.1105,0.1569566852155404,0.2228333333333333,3.016591251885369,0.3318340829585207,2000
Q5UIP0,10,6,5,4,2,4,3,15,0.2,0.0888333333333333,0.0624813907040678,0.1111666666666666,2.25140712945591,0.1674162918540729,2000
Q5UIP0,15,6,5,4,2,4,3,15,0.2,0.1000666666666666,0.0634718564444311,0.0999333333333333,1.998667554963358,0.1674162918540729,2000
Q5UIP0,20,6,5,4,2,4,3,15,0.2,0.1434,0.0602442179300894,0.0566,1.394700139470014,0.4952523738130934,2000
Q5UIP0,25,6,5,4,2,4,3,15,0.2,0.1434,0.0602442179300894,0.0566,1.394700139470014,0.4952523738130934,2000
Q5UIP0,30,6,5,4,2,4,3,15,0.2,0.1540666666666666,0.0508841946708436,0.0459333333333333,1.298139333621809,0.4952523738130934,2000
Q5UIP0,5,6,5,4,2,4,1,15,0.0666666666666666,0.0111333333333333,0.0248712766321266,0.0555333333333333,5.9880239520958085,0.1674162918540729,2000
Q5VST9,10,6,4,3,6,0,2,15,0.1333333333333333,0.1333333333333333,2.776251711270272e-17,0.0,1.0000000000000002,1.0,2000
Q5VST9,15,6,4,3,6,0,2,15,0.1333333333333333,0.1333333333333333,2.776251711270272e-17,0.0,1.0000000000000002,1.0,2000
Q5VST9,20,6,4,3,6,0,2,15,0.1333333333333333,0.1333333333333333,2.776251711270272e-17,0.0,1.0000000000000002,1.0,2000
Q5VST9,25,6,4,3,6,0,2,15,0.1333333333333333,0.1333333333333333,2.776251711270272e-17,0.0,1.0000000000000002,1.0,2000
Q5VST9,30,6,4,3,6,0,2,15,0.1333333333333333,0.1333333333333333,2.776251711270272e-17,0.0,1.0000000000000002,1.0,2000
Q5VST9,5,6,4,3,6,0,2,15,0.1333333333333333,0.1333333333333333,2.776251711270272e-17,0.0,1.0000000000000002,1.0,2000
Q5VT06,10,5,5,2,5,0,0,10,0.0,0.0,0.0,0.0,inf,1.0,2000
Q5VT06,15,5,5,2,5,0,0,10,0.0,0.0,0.0,0.0,inf,1.0,2000
Q5VT06,20,5,5,2,5,0,0,10,0.0,0.0,0.0,0.0,inf,1.0,2000
Q5VT06,25,5,5,2,5,0,0,10,0.0,0.0,0.0,0.0,inf,1.0,2000
Q5VT06,30,5,5,2,5,0,1,10,0.1,0.1,1.3881258556351357e-17,0.0,1.0,1.0,2000
Q5VT06,5,5,5,2,5,0,0,10,0.0,0.0,0.0,0.0,inf,1.0,2000
Q5VT52,10,67,36,34,66,1,132,2211,0.0597014925373134,0.0569054726368159,0.0014948885834627,0.0027960199004975,1.0491344640671447,0.0429785107446276,2000
Q5VT52,15,67,36,34,66,1,195,2211,0.0881953867028493,0.0835599276345545,0.0012529031809626,0.0046354590682948,1.0554746659016732,0.0004997501249375,2000
Q5VT52,20,67,36,34,66,1,233,2211,0.1053821800090456,0.1026056083220262,0.0014626972277024,0.0027765716870194,1.0270606230246715,0.0354822588705647,2000
Q5VT52,25,67,36,34,66,1,270,2211,0.1221166892808683,0.1195334690185436,0.0016134963401747,0.0025832202623247,1.021610853291006,0.0849575212393803,2000
Q5VT52,30,67,36,34,66,1,303,2211,0.1370420624151967,0.1375732700135685,0.002050265159055,-0.0005312075983718,0.996138729577923,0.5982008995502249,2000
Q5VT52,5,67,36,34,66,1,69,2211,0.0312075983717774,0.030759158751696,0.0011030911774848,0.0004484396200814,1.014579059970445,0.4122938530734633,2000
Q5VTE0,10,4,3,2,4,0,1,6,0.1666666666666666,0.0562499999999999,0.0788292110975438,0.1104166666666666,2.9629629629629632,0.3378310844577711,2000
Q5VTE0,15,4,3,2,4,0,2,6,0.3333333333333333,0.2229166666666666,0.0788292110975438,0.1104166666666666,1.4953271028037385,0.3378310844577711,2000
Q5VTE0,20,4,3,2,4,0,2,6,0.3333333333333333,0.3333333333333332,5.552503422540543e-17,0.0,1.0000000000000002,1.0,2000
Q5VTE0,25,4,3,2,4,0,2,6,0.3333333333333333,0.3333333333333332,5.552503422540543e-17,0.0,1.0000000000000002,1.0,2000
Q5VTE0,30,4,3,2,4,0,2,6,0.3333333333333333,0.3333333333333332,5.552503422540543e-17,0.0,1.0000000000000002,1.0,2000
Q5VTE0,5,4,3,2,4,0,1,6,0.1666666666666666,0.0562499999999999,0.0788292110975438,0.1104166666666666,2.9629629629629632,0.3378310844577711,2000
Q5VUA4,10,18,10,11,14,4,22,153,0.1437908496732026,0.128313725490196,0.0119292086888231,0.0154771241830065,1.1206193969030156,0.1754122938530734,2000
Q5VUA4,15,18,10,11,14,4,25,153,0.1633986928104575,0.1569934640522875,0.0054720774604342,0.0064052287581699,1.0407993338884265,0.3293353323338331,2000
Q5VUA4,20,18,10,11,14,4,25,153,0.1633986928104575,0.1656209150326797,0.0030969100844092,-0.0022222222222222,0.9865824782951854,1.0,2000
Q5VUA4,25,18,10,11,14,4,28,153,0.1830065359477124,0.1755751633986928,0.0123233530634098,0.0074313725490195,1.0423258757398652,0.5067466266866567,2000
Q5VUA4,30,18,10,11,14,4,28,153,0.1830065359477124,0.1777614379084967,0.010397620813694,0.0052450980392156,1.029506388454821,0.5067466266866567,2000
Q5VUA4,5,18,10,11,14,4,11,153,0.0718954248366013,0.0720294117647058,0.0095392259243781,-0.0001339869281045,0.998139830316229,0.6021989005497251,2000
Q5VWN6,10,16,10,5,15,1,19,120,0.1583333333333333,0.1583333333333332,5.552503422540543e-17,0.0,1.0000000000000004,1.0,2000
Q5VWN6,15,16,10,5,15,1,20,120,0.1666666666666666,0.1666666666666666,2.776251711270272e-17,0.0,1.0000000000000002,1.0,2000
Q5VWN6,20,16,10,5,15,1,22,120,0.1833333333333333,0.1778249999999999,0.0039457351760738,0.0055083333333333,1.0309761469609635,0.3393303348325837,2000
Q5VWN6,25,16,10,5,15,1,22,120,0.1833333333333333,0.1833333333333333,2.776251711270272e-17,0.0,1.0000000000000002,1.0,2000
Q5VWN6,30,16,10,5,15,1,22,120,0.1833333333333333,0.1833333333333333,2.776251711270272e-17,0.0,1.0000000000000002,1.0,2000
Q5VWN6,5,16,10,5,15,1,13,120,0.1083333333333333,0.1083333333333333,2.776251711270272e-17,0.0,0.9999999999999998,1.0,2000
Q5VYK3,10,5,4,1,5,0,3,10,0.3,0.2999999999999999,1.1105006845081086e-16,0.0,1.0000000000000004,1.0,2000
Q5VYK3,15,5,4,1,5,0,3,10,0.3,0.2999999999999999,1.1105006845081086e-16,0.0,1.0000000000000004,1.0,2000
Q5VYK3,20,5,4,1,5,0,3,10,0.3,0.2999999999999999,1.1105006845081086e-16,0.0,1.0000000000000004,1.0,2000
Q5VYK3,25,5,4,1,5,0,3,10,0.3,0.2999999999999999,1.1105006845081086e-16,0.0,1.0000000000000004,1.0,2000
Q5VYK3,30,5,4,1,5,0,3,10,0.3,0.2999999999999999,1.1105006845081086e-16,0.0,1.0000000000000004,1.0,2000
Q5VYK3,5,5,4,1,5,0,2,10,0.2,0.2,2.776251711270272e-17,0.0,1.0,1.0,2000
Q5VZL5,10,3,2,3,2,1,1,3,0.3333333333333333,0.1348333333333333,0.1636392543659723,0.1985,2.472187886279358,0.4047976011994003,2000
Q5VZL5,15,3,2,3,2,1,1,3,0.3333333333333333,0.2693333333333333,0.1313238604043038,0.064,1.2376237623762376,0.808095952023988,2000
Q5VZL5,20,3,2,3,2,1,1,3,0.3333333333333333,0.2693333333333333,0.1313238604043038,0.064,1.2376237623762376,0.808095952023988,2000
Q5VZL5,25,3,2,3,2,1,1,3,0.3333333333333333,0.3333333333333332,5.552503422540543e-17,0.0,1.0000000000000002,1.0,2000
Q5VZL5,30,3,2,3,2,1,1,3,0.3333333333333333,0.3333333333333332,5.552503422540543e-17,0.0,1.0000000000000002,1.0,2000
Q5VZL5,5,3,2,3,2,1,1,3,0.3333333333333333,0.0685,0.134722523775869,0.2648333333333333,4.8661800486618,0.2058970514742628,2000
Q5XPI4,10,6,6,1,2,4,3,15,0.2,0.2,2.776251711270272e-17,0.0,1.0,1.0,2000
Q5XPI4,15,6,6,1,2,4,5,15,0.3333333333333333,0.3333333333333332,5.552503422540543e-17,0.0,1.0000000000000002,1.0,2000
Q5XPI4,20,6,6,1,2,4,6,15,0.4,0.4000000000000001,5.552503422540543e-17,0.0,1.0,1.0,2000
Q5XPI4,25,6,6,1,2,4,6,15,0.4,0.4000000000000001,5.552503422540543e-17,0.0,1.0,1.0,2000
Q5XPI4,30,6,6,1,2,4,6,15,0.4,0.4000000000000001,5.552503422540543e-17,0.0,1.0,1.0,2000
Q5XPI4,5,6,6,1,2,4,1,15,0.0666666666666666,0.0666666666666666,1.3881258556351357e-17,0.0,1.0000000000000002,1.0,2000
Q63HK5,10,4,4,4,4,0,2,6,0.3333333333333333,0.1943333333333333,0.114586253316744,0.139,1.7152658662092626,0.3333333333333333,2000
Q63HK5,15,4,4,4,4,0,2,6,0.3333333333333333,0.29375,0.074757821436509,0.0395833333333333,1.1347517730496453,0.7726136931534233,2000
Q63HK5,20,4,4,4,4,0,2,6,0.3333333333333333,0.3105,0.0594639590479584,0.0228333333333333,1.0735373054213633,0.8675662168915542,2000
Q63HK5,25,4,4,4,4,0,2,6,0.3333333333333333,0.3333333333333332,5.552503422540543e-17,0.0,1.0000000000000002,1.0,2000
Q63HK5,30,4,4,4,4,0,2,6,0.3333333333333333,0.3333333333333332,5.552503422540543e-17,0.0,1.0000000000000002,1.0,2000
Q63HK5,5,4,4,4,4,0,2,6,0.3333333333333333,0.152,0.1176748406776431,0.1813333333333333,2.1929824561403506,0.2093953023488255,2000
Q63HN8,10,3,2,0,1,2,1,3,0.3333333333333333,0.3333333333333332,5.552503422540543e-17,0.0,1.0000000000000002,1.0,2000
Q63HN8,15,3,2,0,1,2,1,3,0.3333333333333333,0.3333333333333332,5.552503422540543e-17,0.0,1.0000000000000002,1.0,2000
Q63HN8,20,3,2,0,1,2,1,3,0.3333333333333333,0.3333333333333332,5.552503422540543e-17,0.0,1.0000000000000002,1.0,2000
Q63HN8,25,3,2,0,1,2,1,3,0.3333333333333333,0.3333333333333332,5.552503422540543e-17,0.0,1.0000000000000002,1.0,2000
Q63HN8,30,3,2,0,1,2,1,3,0.3333333333333333,0.3333333333333332,5.552503422540543e-17,0.0,1.0000000000000002,1.0,2000
Q63HN8,5,3,2,0,1,2,1,3,0.3333333333333333,0.3333333333333332,5.552503422540543e-17,0.0,1.0000000000000002,1.0,2000
Q63HR2,10,4,4,4,2,2,1,6,0.1666666666666666,0.0986666666666666,0.0819310055972244,0.068,1.6891891891891893,0.5922038980509745,2000
Q63HR2,15,4,4,4,2,2,1,6,0.1666666666666666,0.1120833333333333,0.0782364519623191,0.0545833333333333,1.486988847583643,0.672663668165917,2000
Q63HR2,20,4,4,4,2,2,1,6,0.1666666666666666,0.13925,0.061803565218118,0.0274166666666666,1.196888090963495,0.8355822088955522,2000
Q63HR2,25,4,4,4,2,2,1,6,0.1666666666666666,0.1666666666666666,2.776251711270272e-17,0.0,1.0000000000000002,1.0,2000
Q63HR2,30,4,4,4,2,2,1,6,0.1666666666666666,0.1666666666666666,2.776251711270272e-17,0.0,1.0000000000000002,1.0,2000
Q63HR2,5,4,4,4,2,2,1,6,0.1666666666666666,0.0413333333333333,0.07199330498335,0.1253333333333333,4.03225806451613,0.248375812093953,2000
Q66GS9,10,3,2,3,3,0,1,3,0.3333333333333333,0.3333333333333332,5.552503422540543e-17,0.0,1.0000000000000002,1.0,2000
Q66GS9,15,3,2,3,3,0,1,3,0.3333333333333333,0.3333333333333332,5.552503422540543e-17,0.0,1.0000000000000002,1.0,2000
Q66GS9,20,3,2,3,3,0,1,3,0.3333333333333333,0.3333333333333332,5.552503422540543e-17,0.0,1.0000000000000002,1.0,2000
Q66GS9,25,3,2,3,3,0,1,3,0.3333333333333333,0.3333333333333332,5.552503422540543e-17,0.0,1.0000000000000002,1.0,2000
Q66GS9,30,3,2,3,3,0,1,3,0.3333333333333333,0.3333333333333332,5.552503422540543e-17,0.0,1.0000000000000002,1.0,2000
Q66GS9,5,3,2,3,3,0,1,3,0.3333333333333333,0.3333333333333332,5.552503422540543e-17,0.0,1.0000000000000002,1.0,2000
Q66K74,10,3,3,0,0,3,1,3,0.3333333333333333,0.3333333333333332,5.552503422540543e-17,0.0,1.0000000000000002,1.0,2000
Q66K74,15,3,3,0,0,3,1,3,0.3333333333333333,0.3333333333333332,5.552503422540543e-17,0.0,1.0000000000000002,1.0,2000
Q66K74,20,3,3,0,0,3,1,3,0.3333333333333333,0.3333333333333332,5.552503422540543e-17,0.0,1.0000000000000002,1.0,2000
Q66K74,25,3,3,0,0,3,1,3,0.3333333333333333,0.3333333333333332,5.552503422540543e-17,0.0,1.0000000000000002,1.0,2000
Q66K74,30,3,3,0,0,3,3,3,1.0,1.0,0.0,0.0,1.0,1.0,2000
Q66K74,5,3,3,0,0,3,1,3,0.3333333333333333,0.3333333333333332,5.552503422540543e-17,0.0,1.0000000000000002,1.0,2000
Q68CP9,10,20,12,14,19,1,20,190,0.1052631578947368,0.1137526315789473,0.0096560143831043,-0.0084894736842105,0.9253689908851156,0.8810594702648675,2000
Q68CP9,15,20,12,14,19,1,31,190,0.1631578947368421,0.150578947368421,0.0098586327977894,0.012578947368421,1.0835372247465922,0.1514242878560719,2000
Q68CP9,20,20,12,14,19,1,34,190,0.1789473684210526,0.1819842105263158,0.0083455964205358,-0.0030368421052631,0.9833126066460364,0.7631184407796102,2000
Q68CP9,25,20,12,14,19,1,44,190,0.231578947368421,0.21725,0.0082359897138478,0.014328947368421,1.0659560293137909,0.0889555222388805,2000
Q68CP9,30,20,12,14,19,1,45,190,0.2368421052631578,0.2416631578947368,0.0103710729212549,-0.0048210526315789,0.9800505270493944,0.7491254372813593,2000
Q68CP9,5,20,12,14,19,1,14,190,0.0736842105263157,0.0701947368421052,0.0096390653304125,0.0034894736842105,1.0497113293844194,0.4382808595702149,2000
Q68CZ2,10,3,3,2,1,2,0,3,0.0,0.1675,0.1667062650974602,-0.1675,0.0,1.0,2000
Q68CZ2,15,3,3,2,1,2,1,3,0.3333333333333333,0.2793333333333332,0.1228476526958754,0.054,1.1933174224343677,0.8380809595202399,2000
Q68CZ2,20,3,3,2,1,2,1,3,0.3333333333333333,0.3333333333333332,5.552503422540543e-17,0.0,1.0000000000000002,1.0,2000
Q68CZ2,25,3,3,2,1,2,1,3,0.3333333333333333,0.3333333333333332,5.552503422540543e-17,0.0,1.0000000000000002,1.0,2000
Q68CZ2,30,3,3,2,1,2,1,3,0.3333333333333333,0.3333333333333332,5.552503422540543e-17,0.0,1.0000000000000002,1.0,2000
Q68CZ2,5,3,3,2,1,2,0,3,0.0,0.0826666666666666,0.1439866099667001,-0.0826666666666666,0.0,1.0,2000
Q68DE3,10,5,4,4,3,2,1,10,0.1,0.0648499999999999,0.0477558143989237,0.03515,1.5420200462606015,0.6486756621689156,2000
Q68DE3,15,5,4,4,3,2,1,10,0.1,0.1,1.3881258556351357e-17,0.0,1.0,1.0,2000
Q68DE3,20,5,4,4,3,2,1,10,0.1,0.1,1.3881258556351357e-17,0.0,1.0,1.0,2000
Q68DE3,25,5,4,4,3,2,1,10,0.1,0.1,1.3881258556351357e-17,0.0,1.0,1.0,2000
Q68DE3,30,5,4,4,3,2,1,10,0.1,0.1,1.3881258556351357e-17,0.0,1.0,1.0,2000
Q68DE3,5,5,4,4,3,2,0,10,0.0,0.03145,0.0464432555705777,-0.03145,0.0,1.0,2000
Q6AI12,10,4,2,2,2,2,2,6,0.3333333333333333,0.4434166666666666,0.0789430043982122,-0.1100833333333333,0.7517383950385266,1.0,2000
Q6AI12,15,4,2,2,2,2,5,6,0.8333333333333334,0.8875833333333335,0.0781130910549809,-0.0542500000000001,0.9388789784996712,1.0,2000
Q6AI12,20,4,2,2,2,2,6,6,1.0,1.0,0.0,0.0,1.0,1.0,2000
Q6AI12,25,4,2,2,2,2,6,6,1.0,1.0,0.0,0.0,1.0,1.0,2000
Q6AI12,30,4,2,2,2,2,6,6,1.0,1.0,0.0,0.0,1.0,1.0,2000
Q6AI12,5,4,2,2,2,2,2,6,0.3333333333333333,0.4434166666666666,0.0789430043982122,-0.1100833333333333,0.7517383950385266,1.0,2000
Q6AI39,10,9,4,3,7,2,13,36,0.3611111111111111,0.3845694444444444,0.022984530510284,-0.0234583333333333,0.939001047347322,1.0,2000
Q6AI39,15,9,4,3,7,2,17,36,0.4722222222222222,0.5028750000000001,0.0220497263742558,-0.0306527777777778,0.9390449360620872,0.9885057471264368,2000
Q6AI39,20,9,4,3,7,2,22,36,0.6111111111111112,0.5648194444444444,0.0428486739691199,0.0462916666666667,1.0819583446037329,0.223888055972014,2000
Q6AI39,25,9,4,3,7,2,24,36,0.6666666666666666,0.630875,0.0562410308947038,0.0357916666666666,1.0567333729608348,0.4132933533233383,2000
Q6AI39,30,9,4,3,7,2,29,36,0.8055555555555556,0.7427638888888889,0.0939626638587532,0.0627916666666666,1.0845378559808525,0.3188405797101449,2000
Q6AI39,5,9,4,3,7,2,6,36,0.1666666666666666,0.1666944444444444,0.0202656952695419,-2.7777777777793226e-05,0.999833361106482,0.7966016991504248,2000
Q6H8Q1,10,4,2,4,4,0,3,6,0.5,0.5,0.0,0.0,1.0,1.0,2000
Q6H8Q1,15,4,2,4,4,0,3,6,0.5,0.5,0.0,0.0,1.0,1.0,2000
Q6H8Q1,20,4,2,4,4,0,3,6,0.5,0.5,0.0,0.0,1.0,1.0,2000
Q6H8Q1,25,4,2,4,4,0,3,6,0.5,0.5,0.0,0.0,1.0,1.0,2000
Q6H8Q1,30,4,2,4,4,0,3,6,0.5,0.5,0.0,0.0,1.0,1.0,2000
Q6H8Q1,5,4,2,4,4,0,1,6,0.1666666666666666,0.3309166666666666,0.1273208480757685,-0.1642499999999999,0.503651473180559,1.0,2000
Q6KC79,10,15,11,7,14,1,15,105,0.1428571428571428,0.1377238095238095,0.0101822420015444,0.0051333333333333,1.0372726644077177,0.551224387806097,2000
Q6KC79,15,15,11,7,14,1,19,105,0.1809523809523809,0.1809523809523808,8.328755133810814e-17,0.0,1.0000000000000004,1.0,2000
Q6KC79,20,15,11,7,14,1,22,105,0.2095238095238095,0.2071571428571429,0.0058082255915474,0.0023666666666666,1.0114244994598072,0.6591704147926037,2000
Q6KC79,25,15,11,7,14,1,26,105,0.2476190476190476,0.2553190476190476,0.0168799911049417,-0.0076999999999999,0.9698416546990694,0.7346326836581709,2000
Q6KC79,30,15,11,7,14,1,33,105,0.3142857142857143,0.2942714285714284,0.013090102269636,0.0200142857142858,1.0680130103403085,0.2998500749625187,2000
Q6KC79,5,15,11,7,14,1,9,105,0.0857142857142857,0.0843619047619047,0.0104347066888993,0.0013523809523809,1.0160307067058028,0.5337331334332833,2000
Q6MZP7,10,41,26,17,40,1,64,820,0.0780487804878048,0.0729536585365853,0.0036444406071341,0.0050951219512195,1.0698405268964597,0.1049475262368815,2000
Q6MZP7,15,41,26,17,40,1,84,820,0.1024390243902439,0.0995853658536585,0.0022257569389242,0.0028536585365853,1.028655400440852,0.153423288355822,2000
Q6MZP7,20,41,26,17,40,1,103,820,0.1256097560975609,0.127195731707317,0.0025908410955039,-0.001585975609756,0.987531219888687,0.7856071964017991,2000
Q6MZP7,25,41,26,17,40,1,127,820,0.1548780487804878,0.1594097560975609,0.003091302679804,-0.0045317073170731,0.9715719575262404,0.9630184907546226,2000
Q6MZP7,30,41,26,17,40,1,150,820,0.1829268292682926,0.1856859756097561,0.0036666807334409,-0.0027591463414634,0.9851407930383383,0.8220889555222389,2000
Q6MZP7,5,41,26,17,40,1,37,820,0.0451219512195121,0.0432896341463414,0.0022515438880043,0.0018323170731707,1.0423269244312978,0.2748625687156422,2000
Q6N021,10,9,5,4,9,0,6,36,0.1666666666666666,0.1666666666666666,2.776251711270272e-17,0.0,1.0000000000000002,1.0,2000
Q6N021,15,9,5,4,9,0,6,36,0.1666666666666666,0.1666666666666666,2.776251711270272e-17,0.0,1.0000000000000002,1.0,2000
Q6N021,20,9,5,4,9,0,6,36,0.1666666666666666,0.1666666666666666,2.776251711270272e-17,0.0,1.0000000000000002,1.0,2000
Q6N021,25,9,5,4,9,0,6,36,0.1666666666666666,0.1666666666666666,2.776251711270272e-17,0.0,1.0000000000000002,1.0,2000
Q6N021,30,9,5,4,9,0,6,36,0.1666666666666666,0.1666666666666666,2.776251711270272e-17,0.0,1.0000000000000002,1.0,2000
Q6N021,5,9,5,4,9,0,3,36,0.0833333333333333,0.0975277777777777,0.0138890000551384,-0.0141944444444444,0.854457419538593,1.0,2000
Q6N043,10,5,3,4,5,0,6,10,0.6,0.4145999999999999,0.119808251003444,0.1854,1.4471780028943562,0.2098950524737631,2000
Q6N043,15,5,3,4,5,0,6,10,0.6,0.5158499999999999,0.095647016032064,0.08415,1.1631288165164293,0.4952523738130934,2000
Q6N043,20,5,3,4,5,0,6,10,0.6,0.55055,0.0686443990924487,0.0494499999999999,1.0898192716374535,0.616191904047976,2000
Q6N043,25,5,3,4,5,0,6,10,0.6,0.5999999999999998,2.221001369016217e-16,0.0,1.0000000000000004,1.0,2000
Q6N043,30,5,3,4,5,0,6,10,0.6,0.5999999999999998,2.221001369016217e-16,0.0,1.0000000000000004,1.0,2000
Q6N043,5,5,3,4,5,0,4,10,0.4,0.1993,0.1079598891664604,0.2007,2.007024586051179,0.1054472763618191,2000
Q6NXT4,10,4,2,0,4,0,6,6,1.0,1.0,0.0,0.0,1.0,1.0,2000
Q6NXT4,15,4,2,0,4,0,6,6,1.0,1.0,0.0,0.0,1.0,1.0,2000
Q6NXT4,20,4,2,0,4,0,6,6,1.0,1.0,0.0,0.0,1.0,1.0,2000
Q6NXT4,25,4,2,0,4,0,6,6,1.0,1.0,0.0,0.0,1.0,1.0,2000
Q6NXT4,30,4,2,0,4,0,6,6,1.0,1.0,0.0,0.0,1.0,1.0,2000
Q6NXT4,5,4,2,0,4,0,3,6,0.5,0.5,0.0,0.0,1.0,1.0,2000
Q6P3W7,10,10,5,10,7,3,20,45,0.4444444444444444,0.3682999999999999,0.0513245056500097,0.0761444444444444,1.2067457085105742,0.1089455272363818,2000
Q6P3W7,15,10,5,10,7,3,25,45,0.5555555555555556,0.5373111111111112,0.0543375298276561,0.0182444444444443,1.033955084991108,0.4192903548225887,2000
Q6P3W7,20,10,5,10,7,3,33,45,0.7333333333333333,0.652411111111111,0.0529514879695296,0.0809222222222222,1.1240356285232556,0.0849575212393803,2000
Q6P3W7,25,10,5,10,7,3,34,45,0.7555555555555555,0.7254666666666666,0.0342818667611087,0.0300888888888889,1.0414752190161125,0.3448275862068966,2000
Q6P3W7,30,10,5,10,7,3,36,45,0.8,0.7730333333333335,0.0232375226813442,0.0269666666666665,1.034884222327627,0.2733633183408296,2000
Q6P3W7,5,10,5,10,7,3,8,45,0.1777777777777777,0.1732444444444444,0.0427928580579766,0.0045333333333333,1.0261672652642382,0.5342328835582209,2000
Q6P4R8,10,69,31,24,66,3,132,2346,0.0562659846547314,0.0560752344416027,0.0007098985670026,0.0001907502131287,1.0034016837384316,0.4937531234382808,2000
Q6P4R8,15,69,31,24,66,3,189,2346,0.0805626598465473,0.0783256606990622,0.0011716478268388,0.002236999147485,1.0285602333580044,0.0514742628685657,2000
Q6P4R8,20,69,31,24,66,3,238,2346,0.1014492753623188,0.1004656862745098,0.0015660360626105,0.000983589087809,1.0097902988003438,0.320839580209895,2000
Q6P4R8,25,69,31,24,66,3,277,2346,0.1180733162830349,0.1177679028132992,0.0016987345839137,0.0003054134697357,1.0025933506705973,0.4812593703148425,2000
Q6P4R8,30,69,31,24,66,3,308,2346,0.1312872975277067,0.1304948849104859,0.0016466221545713,0.0007924126172208,1.0060723653479935,0.3558220889555222,2000
Q6P4R8,5,69,31,24,66,3,74,2346,0.03154305200341,0.0305174765558397,0.0007323246834794,0.0010255754475703,1.0336061681146465,0.1409295352323838,2000
Q6PCB5,10,8,3,8,7,1,5,28,0.1785714285714285,0.2544642857142857,0.069411370148468,-0.0758928571428571,0.7017543859649124,0.9740129935032484,2000
Q6PCB5,15,8,3,8,7,1,11,28,0.3928571428571428,0.3740892857142857,0.0856191686654352,0.0187678571428571,1.0501694591627286,0.4157921039480259,2000
Q6PCB5,20,8,3,8,7,1,15,28,0.5357142857142857,0.5036428571428572,0.0906877063842078,0.0320714285714285,1.0636789107927953,0.408295852073963,2000
Q6PCB5,25,8,3,8,7,1,15,28,0.5357142857142857,0.5899107142857142,0.0877708171045958,-0.0541964285714284,0.908127743302558,0.7776111944027986,2000
Q6PCB5,30,8,3,8,7,1,17,28,0.6071428571428571,0.64825,0.0700776178826077,-0.0411071428571429,0.9365875158393476,0.8085957021489255,2000
Q6PCB5,5,8,3,8,7,1,5,28,0.1785714285714285,0.1476071428571428,0.055598813044571,0.0309642857142857,1.2097749818533756,0.3458270864567716,2000
Q6PI47,10,3,2,2,3,0,1,3,0.3333333333333333,0.266,0.133864209107239,0.0673333333333333,1.2531328320802004,0.7981009495252374,2000
Q6PI47,15,3,2,2,3,0,1,3,0.3333333333333333,0.3333333333333332,5.552503422540543e-17,0.0,1.0000000000000002,1.0,2000
Q6PI47,20,3,2,2,3,0,1,3,0.3333333333333333,0.3333333333333332,5.552503422540543e-17,0.0,1.0000000000000002,1.0,2000
Q6PI47,25,3,2,2,3,0,1,3,0.3333333333333333,0.3333333333333332,5.552503422540543e-17,0.0,1.0000000000000002,1.0,2000
Q6PI47,30,3,2,2,3,0,1,3,0.3333333333333333,0.3333333333333332,5.552503422540543e-17,0.0,1.0000000000000002,1.0,2000
Q6PI47,5,3,2,2,3,0,0,3,0.0,0.1323333333333333,0.1631327868733828,-0.1323333333333333,0.0,1.0,2000
Q6PJG2,10,13,8,3,12,1,13,78,0.1666666666666666,0.1606217948717948,0.006401435035469,0.0060448717948717,1.0376341940375942,0.5287356321839081,2000
Q6PJG2,15,13,8,3,12,1,20,78,0.2564102564102564,0.253,0.0056663428210545,0.0034102564102563,1.0134792743488394,0.7341329335332334,2000
Q6PJG2,20,13,8,3,12,1,22,78,0.282051282051282,0.2795641025641024,0.005070868915347,0.0024871794871795,1.008896633953958,0.8060969515242379,2000
Q6PJG2,25,13,8,3,12,1,27,78,0.3461538461538461,0.3479487179487179,0.0044496642405052,-0.0017948717948717,0.9948415622697128,1.0,2000
Q6PJG2,30,13,8,3,12,1,32,78,0.4102564102564102,0.4188461538461539,0.0111285945988886,-0.0085897435897436,0.9794918885827976,1.0,2000
Q6PJG2,5,13,8,3,12,1,8,78,0.1025641025641025,0.0934166666666666,0.0057979344358192,0.0091474358974358,1.0979208124614013,0.2868565717141429,2000
Q6PJT7,10,33,22,8,31,2,52,528,0.0984848484848484,0.0984848484848484,1.3881258556351357e-17,0.0,1.0000000000000002,1.0,2000
Q6PJT7,15,33,22,8,31,2,60,528,0.1136363636363636,0.1136363636363635,4.164377566905407e-17,0.0,1.0000000000000004,1.0,2000
Q6PJT7,20,33,22,8,31,2,70,528,0.1325757575757575,0.1325757575757575,0.0,0.0,1.0,1.0,2000
Q6PJT7,25,33,22,8,31,2,75,528,0.1420454545454545,0.1420454545454545,0.0,0.0,1.0,1.0,2000
Q6PJT7,30,33,22,8,31,2,81,528,0.1534090909090909,0.154936553030303,0.00111602918451,-0.0015274621212121,0.9901413701845208,1.0,2000
Q6PJT7,5,33,22,8,31,2,38,528,0.0719696969696969,0.0690946969696969,0.0020063578339661,0.002875,1.041609560879338,0.1664167916041979,2000
Q6PKG0,10,6,5,2,6,0,3,15,0.2,0.2,2.776251711270272e-17,0.0,1.0,1.0,2000
Q6PKG0,15,6,5,2,6,0,3,15,0.2,0.2,2.776251711270272e-17,0.0,1.0,1.0,2000
Q6PKG0,20,6,5,2,6,0,3,15,0.2,0.2,2.776251711270272e-17,0.0,1.0,1.0,2000
Q6PKG0,25,6,5,2,6,0,3,15,0.2,0.2,2.776251711270272e-17,0.0,1.0,1.0,2000
Q6PKG0,30,6,5,2,6,0,3,15,0.2,0.2,2.776251711270272e-17,0.0,1.0,1.0,2000
Q6PKG0,5,6,5,2,6,0,3,15,0.2,0.2,2.776251711270272e-17,0.0,1.0,1.0,2000
Q6Q0C0,10,6,2,4,0,6,15,15,1.0,1.0,0.0,0.0,1.0,1.0,2000
Q6Q0C0,15,6,2,4,0,6,15,15,1.0,1.0,0.0,0.0,1.0,1.0,2000
Q6Q0C0,20,6,2,4,0,6,15,15,1.0,1.0,0.0,0.0,1.0,1.0,2000
Q6Q0C0,25,6,2,4,0,6,15,15,1.0,1.0,0.0,0.0,1.0,1.0,2000
Q6Q0C0,30,6,2,4,0,6,15,15,1.0,1.0,0.0,0.0,1.0,1.0,2000
Q6Q0C0,5,6,2,4,0,6,14,15,0.9333333333333332,0.7583999999999997,0.0898772685730242,0.1749333333333336,1.2306610407876235,0.1949025487256371,2000
Q6R327,10,3,3,3,3,0,0,3,0.0,0.0,0.0,0.0,inf,1.0,2000
Q6R327,15,3,3,3,3,0,0,3,0.0,0.0,0.0,0.0,inf,1.0,2000
Q6R327,20,3,3,3,3,0,0,3,0.0,0.0,0.0,0.0,inf,1.0,2000
Q6R327,25,3,3,3,3,0,0,3,0.0,0.0,0.0,0.0,inf,1.0,2000
Q6R327,30,3,3,3,3,0,0,3,0.0,0.0,0.0,0.0,inf,1.0,2000
Q6R327,5,3,3,3,3,0,0,3,0.0,0.0,0.0,0.0,inf,1.0,2000
Q6UB99,10,5,5,1,4,1,1,10,0.1,0.1,1.3881258556351357e-17,0.0,1.0,1.0,2000
Q6UB99,15,5,5,1,4,1,1,10,0.1,0.1,1.3881258556351357e-17,0.0,1.0,1.0,2000
Q6UB99,20,5,5,1,4,1,1,10,0.1,0.1,1.3881258556351357e-17,0.0,1.0,1.0,2000
Q6UB99,25,5,5,1,4,1,1,10,0.1,0.1,1.3881258556351357e-17,0.0,1.0,1.0,2000
Q6UB99,30,5,5,1,4,1,1,10,0.1,0.1,1.3881258556351357e-17,0.0,1.0,1.0,2000
Q6UB99,5,5,5,1,4,1,1,10,0.1,0.1,1.3881258556351357e-17,0.0,1.0,1.0,2000
Q6UN15,10,11,8,1,11,0,20,55,0.3636363636363636,0.3636363636363636,0.0,0.0,1.0,1.0,2000
Q6UN15,15,11,8,1,11,0,25,55,0.4545454545454545,0.4454545454545454,0.0090931826708098,0.0090909090909091,1.0204081632653064,0.5002498750624688,2000
Q6UN15,20,11,8,1,11,0,27,55,0.4909090909090909,0.4818181818181818,0.0090931826708098,0.009090909090909,1.018867924528302,0.5002498750624688,2000
Q6UN15,25,11,8,1,11,0,27,55,0.4909090909090909,0.4909090909090911,1.6657510267621627e-16,0.0,0.9999999999999996,1.0,2000
Q6UN15,30,11,8,1,11,0,27,55,0.4909090909090909,0.4909090909090911,1.6657510267621627e-16,0.0,0.9999999999999996,1.0,2000
Q6UN15,5,11,8,1,11,0,13,55,0.2363636363636363,0.2363636363636364,2.776251711270272e-17,0.0,1.0,1.0,2000
Q6UUV7,10,17,10,10,16,1,26,136,0.1911764705882352,0.1902794117647059,0.0135876770712818,0.0008970588235293,1.0047144292449184,0.5577211394302849,2000
Q6UUV7,15,17,10,10,16,1,38,136,0.2794117647058823,0.2749816176470588,0.0133109202040316,0.0044301470588235,1.0161107025870717,0.375312343828086,2000
Q6UUV7,20,17,10,10,16,1,47,136,0.3455882352941176,0.3576433823529412,0.0148950907941889,-0.0120551470588236,0.9662928278456808,0.8545727136431784,2000
Q6UUV7,25,17,10,10,16,1,55,136,0.4044117647058823,0.4284816176470588,0.0154164642900773,-0.0240698529411764,0.9438252378868612,0.9495252373813092,2000
Q6UUV7,30,17,10,10,16,1,59,136,0.4338235294117647,0.4545588235294118,0.0150756846574784,-0.020735294117647,0.9543836945972176,0.9025487256371814,2000
Q6UUV7,5,17,10,10,16,1,13,136,0.0955882352941176,0.1019117647058823,0.0087685513164376,-0.0063235294117647,0.9379509379509378,0.8770614692653673,2000
Q6UVJ0,10,8,4,8,7,1,10,28,0.3571428571428571,0.3620357142857143,0.0247041224746353,-0.0048928571428571,0.9864851533984412,0.8200899550224887,2000
Q6UVJ0,15,8,4,8,7,1,11,28,0.3928571428571428,0.3874821428571429,0.0127732234903117,0.0053749999999999,1.013871606986497,0.8495752123938031,2000
Q6UVJ0,20,8,4,8,7,1,11,28,0.3928571428571428,0.3902142857142858,0.0093512985524363,0.002642857142857,1.0067728354384036,0.9260369815092454,2000
Q6UVJ0,25,8,4,8,7,1,11,28,0.3928571428571428,0.3928571428571429,1.1105006845081086e-16,0.0,0.9999999999999996,1.0,2000
Q6UVJ0,30,8,4,8,7,1,11,28,0.3928571428571428,0.3928571428571429,1.1105006845081086e-16,0.0,0.9999999999999996,1.0,2000
Q6UVJ0,5,8,4,8,7,1,5,28,0.1785714285714285,0.1810892857142856,0.0351021242666794,-0.002517857142857,0.9860960457548568,0.6846576711644178,2000
Q6VMQ6,10,34,17,19,28,6,51,561,0.0909090909090909,0.0921131907308377,0.0036217699723124,-0.0012040998217468,0.9869280413348686,0.704647676161919,2000
Q6VMQ6,15,34,17,19,28,6,70,561,0.124777183600713,0.1235525846702317,0.0039684882561944,0.0012245989304812,1.0099115606019071,0.4702648675662169,2000
Q6VMQ6,20,34,17,19,28,6,87,561,0.1550802139037433,0.1532201426024955,0.0042990114575654,0.0018600713012477,1.012139861441543,0.4212893553223388,2000
Q6VMQ6,25,34,17,19,28,6,101,561,0.1800356506238859,0.175229055258467,0.0057679754263107,0.0048065953654188,1.0274303559893594,0.2553723138430784,2000
Q6VMQ6,30,34,17,19,28,6,116,561,0.2067736185383244,0.201934046345811,0.0052438244579469,0.0048395721925133,1.0239661031910667,0.2298850574712643,2000
Q6VMQ6,5,34,17,19,28,6,30,561,0.053475935828877,0.0494634581105169,0.0032813554214211,0.00401247771836,1.0811200403618146,0.1634182908545727,2000
Q6W2J9,10,12,8,5,11,1,13,66,0.1969696969696969,0.1969696969696969,2.776251711270272e-17,0.0,1.0000000000000002,1.0,2000
Q6W2J9,15,12,8,5,11,1,16,66,0.2424242424242424,0.2424242424242423,1.1105006845081086e-16,0.0,1.0000000000000004,1.0,2000
Q6W2J9,20,12,8,5,11,1,16,66,0.2424242424242424,0.2424242424242423,1.1105006845081086e-16,0.0,1.0000000000000004,1.0,2000
Q6W2J9,25,12,8,5,11,1,18,66,0.2727272727272727,0.252560606060606,0.011305074949922,0.0201666666666667,1.0798488211650372,0.1679160419790105,2000
Q6W2J9,30,12,8,5,11,1,18,66,0.2727272727272727,0.265219696969697,0.0075773453245448,0.0075075757575757,1.0283070067696876,0.5047476261869065,2000
Q6W2J9,5,12,8,5,11,1,9,66,0.1363636363636363,0.1261363636363635,0.0070983634472847,0.0102272727272727,1.0810810810810816,0.3253373313343328,2000
Q6WCQ1,10,4,3,1,4,0,2,6,0.3333333333333333,0.3056666666666666,0.062028948579656,0.0276666666666666,1.0905125408942202,0.8340829585207397,2000
Q6WCQ1,15,4,3,1,4,0,2,6,0.3333333333333333,0.3333333333333332,5.552503422540543e-17,0.0,1.0000000000000002,1.0,2000
Q6WCQ1,20,4,3,1,4,0,2,6,0.3333333333333333,0.3333333333333332,5.552503422540543e-17,0.0,1.0000000000000002,1.0,2000
Q6WCQ1,25,4,3,1,4,0,2,6,0.3333333333333333,0.3333333333333332,5.552503422540543e-17,0.0,1.0000000000000002,1.0,2000
Q6WCQ1,30,4,3,1,4,0,2,6,0.3333333333333333,0.3333333333333332,5.552503422540543e-17,0.0,1.0000000000000002,1.0,2000
Q6WCQ1,5,4,3,1,4,0,2,6,0.3333333333333333,0.2359166666666666,0.0821552122882031,0.0974166666666666,1.412928293889085,0.4157921039480259,2000
Q6Y7W6,10,8,7,6,6,2,3,28,0.1071428571428571,0.09525,0.0168358715314618,0.0118928571428571,1.124859392575928,0.6671664167916042,2000
Q6Y7W6,15,8,7,6,6,2,4,28,0.1428571428571428,0.1193928571428571,0.0169582219187426,0.0234642857142857,1.1965300628178284,0.3433283358320839,2000
Q6Y7W6,20,8,7,6,6,2,4,28,0.1428571428571428,0.1428571428571428,5.552503422540543e-17,0.0,1.0000000000000004,1.0,2000
Q6Y7W6,25,8,7,6,6,2,5,28,0.1785714285714285,0.1551071428571428,0.0169582219187426,0.0234642857142857,1.1512779184895237,0.3433283358320839,2000
Q6Y7W6,30,8,7,6,6,2,5,28,0.1785714285714285,0.1785714285714285,5.552503422540543e-17,0.0,1.0000000000000002,1.0,2000
Q6Y7W6,5,8,7,6,6,2,2,28,0.0714285714285714,0.0290892857142857,0.0246228545555307,0.0423392857142857,2.455494168201351,0.1624187906046976,2000
Q6ZN30,10,6,4,2,5,1,5,15,0.3333333333333333,0.3333333333333332,5.552503422540543e-17,0.0,1.0000000000000002,1.0,2000
Q6ZN30,15,6,4,2,5,1,6,15,0.4,0.4000000000000001,5.552503422540543e-17,0.0,1.0,1.0,2000
Q6ZN30,20,6,4,2,5,1,6,15,0.4,0.4000000000000001,5.552503422540543e-17,0.0,1.0,1.0,2000
Q6ZN30,25,6,4,2,5,1,8,15,0.5333333333333333,0.4991,0.0333295145386307,0.0342333333333332,1.068590128898684,0.4867566216891554,2000
Q6ZN30,30,6,4,2,5,1,9,15,0.6,0.5657666666666666,0.0333295145386307,0.0342333333333333,1.0605078654333353,0.4867566216891554,2000
Q6ZN30,5,6,4,2,5,1,3,15,0.2,0.2,2.776251711270272e-17,0.0,1.0,1.0,2000
Q6ZRI6,10,11,6,9,10,1,8,55,0.1454545454545454,0.1357545454545454,0.0275502591842224,0.0096999999999999,1.071452487778745,0.5067466266866567,2000
Q6ZRI6,15,11,6,9,10,1,13,55,0.2363636363636363,0.2094,0.0189147904527667,0.0269636363636363,1.1287661717461142,0.1744127936031984,2000
Q6ZRI6,20,11,6,9,10,1,14,55,0.2545454545454545,0.2545454545454544,5.552503422540543e-17,0.0,1.0000000000000002,1.0,2000
Q6ZRI6,25,11,6,9,10,1,14,55,0.2545454545454545,0.2545454545454544,5.552503422540543e-17,0.0,1.0000000000000002,1.0,2000
Q6ZRI6,30,11,6,9,10,1,14,55,0.2545454545454545,0.2545454545454544,5.552503422540543e-17,0.0,1.0000000000000002,1.0,2000
Q6ZRI6,5,11,6,9,10,1,4,55,0.0727272727272727,0.0854090909090909,0.022546646825627,-0.0126818181818181,0.8515167642362959,0.8705647176411794,2000
Q6ZRP7,10,3,3,0,3,0,0,3,0.0,0.0,0.0,0.0,inf,1.0,2000
Q6ZRP7,15,3,3,0,3,0,0,3,0.0,0.0,0.0,0.0,inf,1.0,2000
Q6ZRP7,20,3,3,0,3,0,0,3,0.0,0.0,0.0,0.0,inf,1.0,2000
Q6ZRP7,25,3,3,0,3,0,0,3,0.0,0.0,0.0,0.0,inf,1.0,2000
Q6ZRP7,30,3,3,0,3,0,0,3,0.0,0.0,0.0,0.0,inf,1.0,2000
Q6ZRP7,5,3,3,0,3,0,0,3,0.0,0.0,0.0,0.0,inf,1.0,2000
Q6ZRS2,10,27,10,21,12,15,19,351,0.0541310541310541,0.0363290598290598,0.0056405274779328,0.0178019943019943,1.4900207818687996,0.0104947526236881,2000
Q6ZRS2,15,27,10,21,12,15,20,351,0.0569800569800569,0.0457136752136752,0.006553992062616,0.0112663817663817,1.2464553924776416,0.0779610194902548,2000
Q6ZRS2,20,27,10,21,12,15,23,351,0.0655270655270655,0.0518148148148148,0.0076210739965348,0.0137122507122507,1.26463957772035,0.0659670164917541,2000
Q6ZRS2,25,27,10,21,12,15,27,351,0.0769230769230769,0.0584686609686609,0.0085175002161114,0.0184544159544159,1.3156291874771593,0.0409795102448775,2000
Q6ZRS2,30,27,10,21,12,15,28,351,0.0797720797720797,0.0637108262108262,0.0092002537634762,0.0160612535612535,1.252096143096702,0.0694652673663168,2000
Q6ZRS2,5,27,10,21,12,15,12,351,0.0341880341880341,0.0164358974358974,0.0048341446300775,0.0177521367521367,2.0800832033281336,0.0054972513743128,2000
Q6ZSR9,10,5,5,2,5,0,3,10,0.3,0.18335,0.0896760748427338,0.1166499999999999,1.6362148895554949,0.3328335832083958,2000
Q6ZSR9,15,5,5,2,5,0,3,10,0.3,0.2514999999999999,0.0754360344772233,0.0485,1.1928429423459246,0.6746626686656672,2000
Q6ZSR9,20,5,5,2,5,0,3,10,0.3,0.2999999999999999,1.1105006845081086e-16,0.0,1.0000000000000004,1.0,2000
Q6ZSR9,25,5,5,2,5,0,3,10,0.3,0.2999999999999999,1.1105006845081086e-16,0.0,1.0000000000000004,1.0,2000
Q6ZSR9,30,5,5,2,5,0,3,10,0.3,0.2999999999999999,1.1105006845081086e-16,0.0,1.0000000000000004,1.0,2000
Q6ZSR9,5,5,5,2,5,0,2,10,0.2,0.1174,0.0379204295794462,0.0825999999999999,1.7035775127768311,0.1744127936031984,2000
Q6ZU65,10,15,9,10,15,0,22,105,0.2095238095238095,0.2022571428571429,0.0070315360361226,0.0072666666666666,1.0359278617507175,0.4102948525737131,2000
Q6ZU65,15,15,9,10,15,0,28,105,0.2666666666666666,0.2546619047619047,0.0118892049189003,0.0120047619047619,1.0471399988780643,0.3948025987006496,2000
Q6ZU65,20,15,9,10,15,0,33,105,0.3142857142857143,0.3016571428571428,0.0080592029394972,0.0126285714285714,1.0418639893919306,0.1664167916041979,2000
Q6ZU65,25,15,9,10,15,0,38,105,0.3619047619047619,0.3554333333333332,0.0044455761020999,0.0064714285714286,1.0182071515654938,0.320839580209895,2000
Q6ZU65,30,15,9,10,15,0,38,105,0.3619047619047619,0.3619047619047617,1.6657510267621627e-16,0.0,1.0000000000000004,1.0,2000
Q6ZU65,5,15,9,10,15,0,14,105,0.1333333333333333,0.126147619047619,0.0107152917256411,0.0071857142857142,1.0569627420633425,0.4667666166916541,2000
Q70E73,10,5,4,4,5,0,5,10,0.5,0.35595,0.1192548043232518,0.14405,1.4046916701783958,0.184407796101949,2000
Q70E73,15,5,4,4,5,0,6,10,0.6,0.4747,0.1003241868705429,0.1252999999999999,1.2639561828523278,0.3073463268365817,2000
Q70E73,20,5,4,4,5,0,6,10,0.6,0.5682499999999999,0.0557538496058607,0.03175,1.0558732952045755,0.7296351824087957,2000
Q70E73,25,5,4,4,5,0,7,10,0.7,0.6164499999999998,0.0370821391308708,0.0835500000000001,1.1355341065779871,0.1649175412293853,2000
Q70E73,30,5,4,4,5,0,8,10,0.8,0.7185999999999999,0.0893758021894545,0.0814000000000001,1.1132758140829393,0.5097451274362819,2000
Q70E73,5,5,4,4,5,0,1,10,0.1,0.16635,0.1053481210715533,-0.0663499999999999,0.6011421701232342,0.889055472263868,2000
Q71DI3,10,3,1,0,0,3,3,3,1.0,1.0,0.0,0.0,1.0,1.0,2000
Q71DI3,15,3,1,0,0,3,3,3,1.0,1.0,0.0,0.0,1.0,1.0,2000
Q71DI3,20,3,1,0,0,3,3,3,1.0,1.0,0.0,0.0,1.0,1.0,2000
Q71DI3,25,3,1,0,0,3,3,3,1.0,1.0,0.0,0.0,1.0,1.0,2000
Q71DI3,30,3,1,0,0,3,3,3,1.0,1.0,0.0,0.0,1.0,1.0,2000
Q71DI3,5,3,1,0,0,3,1,3,0.3333333333333333,0.3333333333333332,5.552503422540543e-17,0.0,1.0000000000000002,1.0,2000
Q71RG4,10,3,1,0,0,3,3,3,1.0,1.0,0.0,0.0,1.0,1.0,2000
Q71RG4,15,3,1,0,0,3,3,3,1.0,1.0,0.0,0.0,1.0,1.0,2000
Q71RG4,20,3,1,0,0,3,3,3,1.0,1.0,0.0,0.0,1.0,1.0,2000
Q71RG4,25,3,1,0,0,3,3,3,1.0,1.0,0.0,0.0,1.0,1.0,2000
Q71RG4,30,3,1,0,0,3,3,3,1.0,1.0,0.0,0.0,1.0,1.0,2000
Q71RG4,5,3,1,0,0,3,3,3,1.0,1.0,0.0,0.0,1.0,1.0,2000
Q71U36,10,17,13,11,17,0,4,136,0.0294117647058823,0.0331580882352941,0.0074094062056669,-0.0037463235294117,0.8870162989244929,0.8455772113943029,2000
Q71U36,15,17,13,11,17,0,8,136,0.0588235294117647,0.054422794117647,0.0078709815822044,0.0044007352941176,1.0808619874349794,0.4502748625687156,2000
Q71U36,20,17,13,11,17,0,9,136,0.0661764705882353,0.064922794117647,0.0091991505297014,0.0012536764705882,1.0193102667195195,0.5827086456771614,2000
Q71U36,25,17,13,11,17,0,10,136,0.0735294117647058,0.0760036764705882,0.0090414981915643,-0.0024742647058823,0.9674454602621778,0.6851574212893553,2000
Q71U36,30,17,13,11,17,0,11,136,0.0808823529411764,0.0980330882352941,0.010657946190244,-0.0171507352941176,0.8250515657228576,0.9875062468765616,2000
Q71U36,5,17,13,11,17,0,2,136,0.0147058823529411,0.0197720588235294,0.0069668016207806,-0.0050661764705882,0.7437709185570843,0.9025487256371814,2000
Q75N03,10,3,2,1,2,1,1,3,0.3333333333333333,0.3333333333333332,5.552503422540543e-17,0.0,1.0000000000000002,1.0,2000
Q75N03,15,3,2,1,2,1,1,3,0.3333333333333333,0.3333333333333332,5.552503422540543e-17,0.0,1.0000000000000002,1.0,2000
Q75N03,20,3,2,1,2,1,1,3,0.3333333333333333,0.3333333333333332,5.552503422540543e-17,0.0,1.0000000000000002,1.0,2000
Q75N03,25,3,2,1,2,1,1,3,0.3333333333333333,0.3333333333333332,5.552503422540543e-17,0.0,1.0000000000000002,1.0,2000
Q75N03,30,3,2,1,2,1,1,3,0.3333333333333333,0.3333333333333332,5.552503422540543e-17,0.0,1.0000000000000002,1.0,2000
Q75N03,5,3,2,1,2,1,1,3,0.3333333333333333,0.3333333333333332,5.552503422540543e-17,0.0,1.0000000000000002,1.0,2000
Q76L83,10,5,4,4,5,0,2,10,0.2,0.16555,0.047532380159022,0.03445,1.2080942313500451,0.655672163918041,2000
Q76L83,15,5,4,4,5,0,2,10,0.2,0.1771,0.0420294329799761,0.0228999999999999,1.1293054771315638,0.7711144427786107,2000
Q76L83,20,5,4,4,5,0,2,10,0.2,0.2,2.776251711270272e-17,0.0,1.0,1.0,2000
Q76L83,25,5,4,4,5,0,2,10,0.2,0.2,2.776251711270272e-17,0.0,1.0,1.0,2000
Q76L83,30,5,4,4,5,0,2,10,0.2,0.2,2.776251711270272e-17,0.0,1.0,1.0,2000
Q76L83,5,5,4,4,5,0,2,10,0.2,0.0977,0.0668351963544349,0.1022999999999999,2.047082906857727,0.2123938030984507,2000
Q7KZ85,10,7,5,4,6,1,10,21,0.4761904761904761,0.5754285714285714,0.0951778556003382,-0.0992380952380952,0.8275405494869249,1.0,2000
Q7KZ85,15,7,5,4,6,1,14,21,0.6666666666666666,0.6914761904761904,0.0237944639000845,-0.0248095238095237,0.9641209283107224,1.0,2000
Q7KZ85,20,7,5,4,6,1,15,21,0.7142857142857143,0.7142857142857141,2.221001369016217e-16,0.0,1.0000000000000002,1.0,2000
Q7KZ85,25,7,5,4,6,1,15,21,0.7142857142857143,0.7142857142857141,2.221001369016217e-16,0.0,1.0000000000000002,1.0,2000
Q7KZ85,30,7,5,4,6,1,15,21,0.7142857142857143,0.7142857142857141,2.221001369016217e-16,0.0,1.0000000000000002,1.0,2000
Q7KZ85,5,7,5,4,6,1,7,21,0.3333333333333333,0.3706190476190475,0.0396772160288705,-0.0372857142857142,0.8993961197481691,1.0,2000
Q7L2H7,10,3,3,1,2,1,1,3,0.3333333333333333,0.3333333333333332,5.552503422540543e-17,0.0,1.0000000000000002,1.0,2000
Q7L2H7,15,3,3,1,2,1,1,3,0.3333333333333333,0.3333333333333332,5.552503422540543e-17,0.0,1.0000000000000002,1.0,2000
Q7L2H7,20,3,3,1,2,1,1,3,0.3333333333333333,0.3333333333333332,5.552503422540543e-17,0.0,1.0000000000000002,1.0,2000
Q7L2H7,25,3,3,1,2,1,1,3,0.3333333333333333,0.3333333333333332,5.552503422540543e-17,0.0,1.0000000000000002,1.0,2000
Q7L2H7,30,3,3,1,2,1,1,3,0.3333333333333333,0.557,0.1566558275389994,-0.2236666666666667,0.5984440454817473,1.0,2000
Q7L2H7,5,3,3,1,2,1,1,3,0.3333333333333333,0.2168333333333333,0.158977105878268,0.1164999999999999,1.5372790161414296,0.6506746626686657,2000
Q7L3V2,10,3,2,2,2,1,2,3,0.6666666666666666,0.8663333333333333,0.1634078604051802,-0.1996666666666666,0.7695267410542517,1.0,2000
Q7L3V2,15,3,2,2,2,1,3,3,1.0,0.968,0.098221639224117,0.032,1.0330578512396695,0.904047976011994,2000
Q7L3V2,20,3,2,2,2,1,3,3,1.0,1.0,0.0,0.0,1.0,1.0,2000
Q7L3V2,25,3,2,2,2,1,3,3,1.0,1.0,0.0,0.0,1.0,1.0,2000
Q7L3V2,30,3,2,2,2,1,3,3,1.0,1.0,0.0,0.0,1.0,1.0,2000
Q7L3V2,5,3,2,2,2,1,1,3,0.3333333333333333,0.2955,0.2330622666181115,0.0378333333333333,1.1280315848843767,0.6926536731634183,2000
Q7L592,10,3,2,3,0,3,3,3,1.0,0.4456666666666665,0.2496022070054312,0.5543333333333336,2.24382946896036,0.1689155422288855,2000
Q7L592,15,3,2,3,0,3,3,3,1.0,0.561,0.2480564214374028,0.4389999999999999,1.7825311942959,0.1689155422288855,2000
Q7L592,20,3,2,3,0,3,3,3,1.0,0.893,0.1556591839804044,0.1069999999999999,1.1198208286674132,0.679160419790105,2000
Q7L592,25,3,2,3,0,3,3,3,1.0,1.0,0.0,0.0,1.0,1.0,2000
Q7L592,30,3,2,3,0,3,3,3,1.0,1.0,0.0,0.0,1.0,1.0,2000
Q7L592,5,3,2,3,0,3,3,3,1.0,0.4456666666666665,0.2496022070054312,0.5543333333333336,2.24382946896036,0.1689155422288855,2000
Q7LBC6,10,26,9,25,24,2,55,325,0.1692307692307692,0.1717,0.0094015795379012,-0.0024692307692307,0.9856189238833388,0.6296851574212894,2000
Q7LBC6,15,26,9,25,24,2,71,325,0.2184615384615384,0.222176923076923,0.0081430673155265,-0.0037153846153845,0.9832773603850016,0.7326336831584208,2000
Q7LBC6,20,26,9,25,24,2,84,325,0.2584615384615384,0.2582692307692307,0.0045811056271758,0.0001923076923077,1.0007446016381236,0.5677161419290355,2000
Q7LBC6,25,26,9,25,24,2,89,325,0.2738461538461538,0.2725723076923077,0.0024843747727886,0.0012738461538461,1.004673424694647,0.5417291354322838,2000
Q7LBC6,30,26,9,25,24,2,95,325,0.2923076923076923,0.2906938461538461,0.002902510111127,0.0016138461538461,1.0055517038809003,0.504247876061969,2000
Q7LBC6,5,26,9,25,24,2,27,325,0.083076923076923,0.0904938461538461,0.0088640697878502,-0.007416923076923,0.9180394756974548,0.8435782108945528,2000
Q7RTP6,10,4,4,1,4,0,1,6,0.1666666666666666,0.1666666666666666,2.776251711270272e-17,0.0,1.0000000000000002,1.0,2000
Q7RTP6,15,4,4,1,4,0,1,6,0.1666666666666666,0.1666666666666666,2.776251711270272e-17,0.0,1.0000000000000002,1.0,2000
Q7RTP6,20,4,4,1,4,0,1,6,0.1666666666666666,0.1666666666666666,2.776251711270272e-17,0.0,1.0000000000000002,1.0,2000
Q7RTP6,25,4,4,1,4,0,1,6,0.1666666666666666,0.1666666666666666,2.776251711270272e-17,0.0,1.0000000000000002,1.0,2000
Q7RTP6,30,4,4,1,4,0,1,6,0.1666666666666666,0.1666666666666666,2.776251711270272e-17,0.0,1.0000000000000002,1.0,2000
Q7RTP6,5,4,4,1,4,0,1,6,0.1666666666666666,0.1666666666666666,2.776251711270272e-17,0.0,1.0000000000000002,1.0,2000
Q7Z2W4,10,4,3,4,3,1,3,6,0.5,0.4439999999999999,0.0787428317379327,0.056,1.1261261261261262,0.664167916041979,2000
Q7Z2W4,15,4,3,4,3,1,3,6,0.5,0.5,0.0,0.0,1.0,1.0,2000
Q7Z2W4,20,4,3,4,3,1,3,6,0.5,0.5,0.0,0.0,1.0,1.0,2000
Q7Z2W4,25,4,3,4,3,1,3,6,0.5,0.5,0.0,0.0,1.0,1.0,2000
Q7Z2W4,30,4,3,4,3,1,3,6,0.5,0.5,0.0,0.0,1.0,1.0,2000
Q7Z2W4,5,4,3,4,3,1,2,6,0.3333333333333333,0.28025,0.1235282711914906,0.0530833333333333,1.189414213499851,0.5157421289355323,2000
Q7Z2Y5,10,3,2,2,3,0,1,3,0.3333333333333333,0.2228333333333333,0.1569566852155404,0.1104999999999999,1.4958863126402393,0.6686656671664168,2000
Q7Z2Y5,15,3,2,2,3,0,1,3,0.3333333333333333,0.3333333333333332,5.552503422540543e-17,0.0,1.0000000000000002,1.0,2000
Q7Z2Y5,20,3,2,2,3,0,1,3,0.3333333333333333,0.3333333333333332,5.552503422540543e-17,0.0,1.0000000000000002,1.0,2000
Q7Z2Y5,25,3,2,2,3,0,1,3,0.3333333333333333,0.3333333333333332,5.552503422540543e-17,0.0,1.0000000000000002,1.0,2000
Q7Z2Y5,30,3,2,2,3,0,1,3,0.3333333333333333,0.3333333333333332,5.552503422540543e-17,0.0,1.0000000000000002,1.0,2000
Q7Z2Y5,5,3,2,2,3,0,1,3,0.3333333333333333,0.1143333333333333,0.1582767379082644,0.219,2.915451895043732,0.3433283358320839,2000
Q7Z2Y8,10,3,3,2,3,0,0,3,0.0,0.0,0.0,0.0,inf,1.0,2000
Q7Z2Y8,15,3,3,2,3,0,0,3,0.0,0.0,0.0,0.0,inf,1.0,2000
Q7Z2Y8,20,3,3,2,3,0,0,3,0.0,0.0,0.0,0.0,inf,1.0,2000
Q7Z2Y8,25,3,3,2,3,0,0,3,0.0,0.0,0.0,0.0,inf,1.0,2000
Q7Z2Y8,30,3,3,2,3,0,0,3,0.0,0.0,0.0,0.0,inf,1.0,2000
Q7Z2Y8,5,3,3,2,3,0,0,3,0.0,0.0,0.0,0.0,inf,1.0,2000
Q7Z3B4,10,7,3,5,3,4,15,21,0.7142857142857143,0.4857142857142857,0.1094061409277286,0.2285714285714285,1.4705882352941175,0.031984007996002,2000
Q7Z3B4,15,7,3,5,3,4,17,21,0.8095238095238095,0.5571190476190476,0.1183435167980642,0.2524047619047619,1.4530535492969785,0.0444777611194402,2000
Q7Z3B4,20,7,3,5,3,4,19,21,0.9047619047619048,0.6515238095238094,0.111896016055493,0.2532380952380954,1.388685864639673,0.0444777611194402,2000
Q7Z3B4,25,7,3,5,3,4,21,21,1.0,0.8038333333333334,0.0874676059679694,0.1961666666666666,1.2440389798880365,0.0444777611194402,2000
Q7Z3B4,30,7,3,5,3,4,21,21,1.0,0.9305238095238096,0.0525090849170389,0.0694761904761903,1.0746635279668388,0.2663668165917041,2000
Q7Z3B4,5,7,3,5,3,4,9,21,0.4285714285714285,0.2675714285714285,0.0762666518121802,0.1609999999999999,1.601708489054992,0.031984007996002,2000
Q7Z3H0,10,3,1,0,3,0,2,3,0.6666666666666666,0.6666666666666665,1.1105006845081086e-16,0.0,1.0000000000000002,1.0,2000
Q7Z3H0,15,3,1,0,3,0,3,3,1.0,1.0,0.0,0.0,1.0,1.0,2000
Q7Z3H0,20,3,1,0,3,0,3,3,1.0,1.0,0.0,0.0,1.0,1.0,2000
Q7Z3H0,25,3,1,0,3,0,3,3,1.0,1.0,0.0,0.0,1.0,1.0,2000
Q7Z3H0,30,3,1,0,3,0,3,3,1.0,1.0,0.0,0.0,1.0,1.0,2000
Q7Z3H0,5,3,1,0,3,0,1,3,0.3333333333333333,0.3333333333333332,5.552503422540543e-17,0.0,1.0000000000000002,1.0,2000
Q7Z3J3,10,5,4,3,3,2,1,10,0.1,0.1705,0.0456156814615061,-0.0705,0.5865102639296186,1.0,2000
Q7Z3J3,15,5,4,3,3,2,2,10,0.2,0.1857,0.0350160400606745,0.0142999999999999,1.0770059235325793,0.8570714642678661,2000
Q7Z3J3,20,5,4,3,3,2,2,10,0.2,0.195,0.0217999453854683,0.0049999999999999,1.0256410256410255,0.9500249875062468,2000
Q7Z3J3,25,5,4,3,3,2,2,10,0.2,0.2,2.776251711270272e-17,0.0,1.0,1.0,2000
Q7Z3J3,30,5,4,3,3,2,2,10,0.2,0.2,2.776251711270272e-17,0.0,1.0,1.0,2000
Q7Z3J3,5,5,4,3,3,2,1,10,0.1,0.147,0.0499224010145899,-0.047,0.6802721088435374,1.0,2000
Q7Z3K3,10,38,23,22,35,3,69,703,0.0981507823613086,0.0890412517780938,0.0031655297505303,0.0091095305832148,1.1023068566681578,0.0074962518740629,2000
Q7Z3K3,15,38,23,22,35,3,97,703,0.1379800853485064,0.1346948790896159,0.0042470273123683,0.0032852062588904,1.0243899863238657,0.2653673163418291,2000
Q7Z3K3,20,38,23,22,35,3,127,703,0.1806543385490754,0.1771379800853484,0.0037299385453222,0.0035163584637269,1.019850957214442,0.2268865567216391,2000
Q7Z3K3,25,38,23,22,35,3,151,703,0.2147937411095306,0.2114032716927453,0.0027536198753357,0.0033904694167852,1.0160379231108256,0.1719140429785107,2000
Q7Z3K3,30,38,23,22,35,3,173,703,0.2460881934566145,0.2455391180654338,0.002693251573539,0.0005490753911806,1.002236203320704,0.512743628185907,2000
Q7Z3K3,5,38,23,22,35,3,34,703,0.0483641536273115,0.0463805120910384,0.0027997138475173,0.0019836415362731,1.042768858014752,0.3158420789605197,2000
Q7Z3T8,10,4,3,2,2,2,2,6,0.3333333333333333,0.3333333333333332,5.552503422540543e-17,0.0,1.0000000000000002,1.0,2000
Q7Z3T8,15,4,3,2,2,2,2,6,0.3333333333333333,0.3333333333333332,5.552503422540543e-17,0.0,1.0000000000000002,1.0,2000
Q7Z3T8,20,4,3,2,2,2,2,6,0.3333333333333333,0.3333333333333332,5.552503422540543e-17,0.0,1.0000000000000002,1.0,2000
Q7Z3T8,25,4,3,2,2,2,2,6,0.3333333333333333,0.3333333333333332,5.552503422540543e-17,0.0,1.0000000000000002,1.0,2000
Q7Z3T8,30,4,3,2,2,2,4,6,0.6666666666666666,0.5043333333333333,0.1151765289301956,0.1623333333333333,1.3218770654329148,0.2523738130934532,2000
Q7Z3T8,5,4,3,2,2,2,2,6,0.3333333333333333,0.2463333333333333,0.0832734485512447,0.087,1.3531799729364005,0.4782608695652174,2000
Q7Z417,10,17,5,17,15,2,75,136,0.5514705882352942,0.4513308823529411,0.0328470103232933,0.1001397058823529,1.2218764764340757,0.0044977511244377,2000
Q7Z417,15,17,5,17,15,2,93,136,0.6838235294117647,0.6069154411764706,0.0290121229414311,0.0769080882352941,1.1267196103730897,0.0069965017491254,2000
Q7Z417,20,17,5,17,15,2,101,136,0.7426470588235294,0.7020992647058824,0.024197997487793,0.040547794117647,1.0577522241596893,0.0784607696151924,2000
Q7Z417,25,17,5,17,15,2,104,136,0.7647058823529411,0.7545661764705883,0.0131100043562653,0.0101397058823528,1.0134377953830112,0.2733633183408296,2000
Q7Z417,30,17,5,17,15,2,106,136,0.7794117647058824,0.7745441176470588,0.005978472695745,0.0048676470588235,1.0062845316979627,0.5567216391804098,2000
Q7Z417,5,17,5,17,15,2,47,136,0.3455882352941176,0.2497904411764706,0.0265054762352919,0.095797794117647,1.3835126503098183,0.000999500249875,2000
Q7Z434,10,12,9,3,10,2,10,66,0.1515151515151515,0.1436439393939393,0.0133643643240983,0.0078712121212121,1.0547966879384,0.4907546226886556,2000
Q7Z434,15,12,9,3,10,2,17,66,0.2575757575757575,0.2512651515151515,0.0096331930286672,0.006310606060606,1.025115325474116,0.5032483758120939,2000
Q7Z434,20,12,9,3,10,2,24,66,0.3636363636363636,0.3276136363636364,0.0239338379181931,0.0360227272727272,1.109954908081859,0.1649175412293853,2000
Q7Z434,25,12,9,3,10,2,28,66,0.4242424242424242,0.4069166666666666,0.0191575742210448,0.0173257575757576,1.042578146817344,0.3328335832083958,2000
Q7Z434,30,12,9,3,10,2,30,66,0.4545454545454545,0.4478787878787877,0.0114960751469246,0.0066666666666667,1.0148849797023007,0.5517241379310345,2000
Q7Z434,5,12,9,3,10,2,5,66,0.0757575757575757,0.0757575757575757,0.0,0.0,1.0,1.0,2000
Q7Z460,10,4,4,3,4,0,2,6,0.3333333333333333,0.2058333333333333,0.0867484318186171,0.1275,1.619433198380567,0.1899050474762618,2000
Q7Z460,15,4,4,3,4,0,3,6,0.5,0.3539166666666667,0.129158389413499,0.1460833333333333,1.4127619496114905,0.3698150924537731,2000
Q7Z460,20,4,4,3,4,0,3,6,0.5,0.4835833333333333,0.0496773397607955,0.0164166666666666,1.033947957952783,0.9015492253873064,2000
Q7Z460,25,4,4,3,4,0,3,6,0.5,0.5,0.0,0.0,1.0,1.0,2000
Q7Z460,30,4,4,3,4,0,3,6,0.5,0.5,0.0,0.0,1.0,1.0,2000
Q7Z460,5,4,4,3,4,0,1,6,0.1666666666666666,0.1498333333333333,0.0502340140993202,0.0168333333333333,1.1123470522803116,0.8990504747626187,2000
Q7Z4H8,10,3,3,1,3,0,0,3,0.0,0.172,0.1666229724281851,-0.172,0.0,1.0,2000
Q7Z4H8,15,3,3,1,3,0,1,3,0.3333333333333333,0.3333333333333332,5.552503422540543e-17,0.0,1.0000000000000002,1.0,2000
Q7Z4H8,20,3,3,1,3,0,1,3,0.3333333333333333,0.3333333333333332,5.552503422540543e-17,0.0,1.0000000000000002,1.0,2000
Q7Z4H8,25,3,3,1,3,0,1,3,0.3333333333333333,0.3333333333333332,5.552503422540543e-17,0.0,1.0000000000000002,1.0,2000
Q7Z4H8,30,3,3,1,3,0,1,3,0.3333333333333333,0.3333333333333332,5.552503422540543e-17,0.0,1.0000000000000002,1.0,2000
Q7Z4H8,5,3,3,1,3,0,0,3,0.0,0.0848333333333333,0.1452295739438331,-0.0848333333333333,0.0,1.0,2000
Q7Z589,10,75,45,21,72,3,183,2775,0.0659459459459459,0.0646927927927928,0.0005437301767656,0.0012531531531531,1.0193708309543372,0.0384807596201899,2000
Q7Z589,15,75,45,21,72,3,248,2775,0.0893693693693693,0.0878018018018017,0.0009371365997043,0.0015675675675675,1.0178534783500923,0.1114442778610694,2000
Q7Z589,20,75,45,21,72,3,304,2775,0.1095495495495495,0.1084895495495495,0.0014987580439007,0.00106,1.0097705263262788,0.3268365817091454,2000
Q7Z589,25,75,45,21,72,3,358,2775,0.129009009009009,0.1275731531531531,0.0014921195877112,0.0014358558558558,1.0112551569069712,0.2263868065967016,2000
Q7Z589,30,75,45,21,72,3,414,2775,0.1491891891891892,0.1488906306306306,0.0014104666372869,0.0002985585585585,1.0020052205924177,0.4832583708145927,2000
Q7Z589,5,75,45,21,72,3,102,2775,0.0367567567567567,0.0357854054054054,0.0006277201200413,0.0009713513513513,1.027143785024848,0.0994502748625687,2000
Q7Z5J4,10,16,5,14,14,2,33,120,0.275,0.2718083333333332,0.0311395745063915,0.0031916666666667,1.0117423429499957,0.5037481259370314,2000
Q7Z5J4,15,16,5,14,14,2,40,120,0.3333333333333333,0.3465583333333334,0.0243836691933008,-0.013225,0.9618390362372854,0.711144427786107,2000
Q7Z5J4,20,16,5,14,14,2,46,120,0.3833333333333333,0.3873416666666667,0.0167573798635092,-0.0040083333333333,0.9896516856349906,0.6026986506746627,2000
Q7Z5J4,25,16,5,14,14,2,49,120,0.4083333333333333,0.411025,0.0083298767218295,-0.0026916666666667,0.9934513310220384,0.7276361819090454,2000
Q7Z5J4,30,16,5,14,14,2,50,120,0.4166666666666667,0.420175,0.0041153586018163,-0.0035083333333333,0.9916503044366436,1.0,2000
Q7Z5J4,5,16,5,14,14,2,20,120,0.1666666666666666,0.1695999999999999,0.0303391974204448,-0.0029333333333333,0.9827044025157232,0.553223388305847,2000
Q7Z5L9,10,16,10,7,15,1,18,120,0.15,0.1388999999999999,0.0069827518827731,0.0111,1.0799136069114472,0.152423788105947,2000
Q7Z5L9,15,16,10,7,15,1,28,120,0.2333333333333333,0.2285666666666667,0.0070915544891466,0.0047666666666666,1.0208546011375237,0.4657671164417791,2000
Q7Z5L9,20,16,10,7,15,1,35,120,0.2916666666666667,0.2790708333333333,0.0125637381980346,0.0125958333333333,1.0451348970542127,0.3338330834582708,2000
Q7Z5L9,25,16,10,7,15,1,39,120,0.325,0.327675,0.0115738074191579,-0.002675,0.9918364232852672,0.6536731634182908,2000
Q7Z5L9,30,16,10,7,15,1,44,120,0.3666666666666666,0.358325,0.0049873317922381,0.0083416666666666,1.0232796111537477,0.1789105447276361,2000
Q7Z5L9,5,16,10,7,15,1,10,120,0.0833333333333333,0.0833333333333333,1.3881258556351357e-17,0.0,1.0000000000000002,1.0,2000
Q7Z6B7,10,6,3,2,6,0,10,15,0.6666666666666666,0.6559999999999999,0.0244465160996007,0.0106666666666667,1.016260162601626,0.84007996001999,2000
Q7Z6B7,15,6,3,2,6,0,10,15,0.6666666666666666,0.6666666666666665,1.1105006845081086e-16,0.0,1.0000000000000002,1.0,2000
Q7Z6B7,20,6,3,2,6,0,10,15,0.6666666666666666,0.6666666666666665,1.1105006845081086e-16,0.0,1.0000000000000002,1.0,2000
Q7Z6B7,25,6,3,2,6,0,10,15,0.6666666666666666,0.6666666666666665,1.1105006845081086e-16,0.0,1.0000000000000002,1.0,2000
Q7Z6B7,30,6,3,2,6,0,10,15,0.6666666666666666,0.6666666666666665,1.1105006845081086e-16,0.0,1.0000000000000002,1.0,2000
Q7Z6B7,5,6,3,2,6,0,8,15,0.5333333333333333,0.5006,0.063258523697682,0.0327333333333332,1.0653882008256756,0.504247876061969,2000
Q7Z6E9,10,7,5,5,5,2,3,21,0.1428571428571428,0.0795714285714285,0.0319432600705767,0.0632857142857142,1.795332136445242,0.1149425287356321,2000
Q7Z6E9,15,7,5,5,5,2,3,21,0.1428571428571428,0.0885,0.0329817378453971,0.0543571428571428,1.6142050040355125,0.1794102948525737,2000
Q7Z6E9,20,7,5,5,5,2,3,21,0.1428571428571428,0.1226666666666666,0.0235387543180341,0.0201904761904761,1.1645962732919255,0.5762118940529735,2000
Q7Z6E9,25,7,5,5,5,2,3,21,0.1428571428571428,0.1270714285714285,0.02242238360222,0.0157857142857142,1.1242270938729624,0.6686656671664168,2000
Q7Z6E9,30,7,5,5,5,2,3,21,0.1428571428571428,0.1338333333333333,0.0186668235714764,0.0090238095238095,1.0674257249599717,0.8105947026486756,2000
Q7Z6E9,5,7,5,5,5,2,3,21,0.1428571428571428,0.0749523809523809,0.0302193553734475,0.0679047619047619,1.9059720457433291,0.0794602698650674,2000
Q7Z6J0,10,10,8,4,6,4,13,45,0.2888888888888888,0.2674444444444444,0.0154922204133415,0.0214444444444444,1.0801828001661822,0.2613693153423288,2000
Q7Z6J0,15,10,8,4,6,4,18,45,0.4,0.3888222222222222,0.0111136898791705,0.0111777777777777,1.0287477853346287,0.4972513743128435,2000
Q7Z6J0,20,10,8,4,6,4,22,45,0.4888888888888889,0.4917888888888889,0.0130836448943467,-0.0029,0.9941031607961862,0.8835582208895553,2000
Q7Z6J0,25,10,8,4,6,4,27,45,0.6,0.5771999999999998,0.0222202656022615,0.0228000000000001,1.0395010395010398,0.487256371814093,2000
Q7Z6J0,30,10,8,4,6,4,31,45,0.6888888888888889,0.6496666666666665,0.0292172730888013,0.0392222222222223,1.0603728407730462,0.2613693153423288,2000
Q7Z6J0,5,10,8,4,6,4,6,45,0.1333333333333333,0.1219333333333333,0.0111101328011308,0.0113999999999999,1.0934937124111537,0.487256371814093,2000
Q7Z6Z7,10,8,7,4,7,1,3,28,0.1071428571428571,0.1071428571428571,0.0,0.0,1.0,1.0,2000
Q7Z6Z7,15,8,7,4,7,1,3,28,0.1071428571428571,0.1071428571428571,0.0,0.0,1.0,1.0,2000
Q7Z6Z7,20,8,7,4,7,1,3,28,0.1071428571428571,0.1071428571428571,0.0,0.0,1.0,1.0,2000
Q7Z6Z7,25,8,7,4,7,1,3,28,0.1071428571428571,0.1071428571428571,0.0,0.0,1.0,1.0,2000
Q7Z6Z7,30,8,7,4,7,1,3,28,0.1071428571428571,0.1071428571428571,0.0,0.0,1.0,1.0,2000
Q7Z6Z7,5,8,7,4,7,1,3,28,0.1071428571428571,0.1010892857142857,0.0134030994209572,0.0060535714285714,1.059883412824589,0.8305847076461769,2000
Q7Z739,10,15,9,3,13,2,33,105,0.3142857142857143,0.3096333333333332,0.0047618356792435,0.004652380952381,1.0150254525321811,0.511744127936032,2000
Q7Z739,15,15,9,3,13,2,46,105,0.4380952380952381,0.4334428571428572,0.0047618356792435,0.0046523809523808,1.010733550860771,0.511744127936032,2000
Q7Z739,20,15,9,3,13,2,55,105,0.5238095238095238,0.5145047619047618,0.009523671358487,0.009304761904762,1.0180848897691726,0.511744127936032,2000
Q7Z739,25,15,9,3,13,2,62,105,0.5904761904761905,0.5904761904761904,1.1105006845081086e-16,0.0,1.0000000000000002,1.0,2000
Q7Z739,30,15,9,3,13,2,65,105,0.6190476190476191,0.6190476190476188,2.221001369016217e-16,0.0,1.0000000000000004,1.0,2000
Q7Z739,5,15,9,3,13,2,15,105,0.1428571428571428,0.1289,0.0142855070377305,0.0139571428571428,1.108278842956888,0.511744127936032,2000
Q86SQ0,10,3,3,2,3,0,0,3,0.0,0.0,0.0,0.0,inf,1.0,2000
Q86SQ0,15,3,3,2,3,0,0,3,0.0,0.0,0.0,0.0,inf,1.0,2000
Q86SQ0,20,3,3,2,3,0,0,3,0.0,0.0,0.0,0.0,inf,1.0,2000
Q86SQ0,25,3,3,2,3,0,0,3,0.0,0.0,0.0,0.0,inf,1.0,2000
Q86SQ0,30,3,3,2,3,0,0,3,0.0,0.0,0.0,0.0,inf,1.0,2000
Q86SQ0,5,3,3,2,3,0,0,3,0.0,0.0,0.0,0.0,inf,1.0,2000
Q86T24,10,3,2,3,3,0,1,3,0.3333333333333333,0.3333333333333332,5.552503422540543e-17,0.0,1.0000000000000002,1.0,2000
Q86T24,15,3,2,3,3,0,1,3,0.3333333333333333,0.3333333333333332,5.552503422540543e-17,0.0,1.0000000000000002,1.0,2000
Q86T24,20,3,2,3,3,0,1,3,0.3333333333333333,0.3333333333333332,5.552503422540543e-17,0.0,1.0000000000000002,1.0,2000
Q86T24,25,3,2,3,3,0,1,3,0.3333333333333333,0.3333333333333332,5.552503422540543e-17,0.0,1.0000000000000002,1.0,2000
Q86T24,30,3,2,3,3,0,1,3,0.3333333333333333,0.3333333333333332,5.552503422540543e-17,0.0,1.0000000000000002,1.0,2000
Q86T24,5,3,2,3,3,0,0,3,0.0,0.1111666666666666,0.1571937744286883,-0.1111666666666666,0.0,1.0,2000
Q86TC9,10,16,8,11,8,8,23,120,0.1916666666666666,0.1641708333333333,0.019693117886331,0.0274958333333333,1.1674830588056144,0.1264367816091954,2000
Q86TC9,15,16,8,11,8,8,30,120,0.25,0.2529958333333333,0.0183403047177131,-0.0029958333333333,0.9881585665113064,0.6496751624187906,2000
Q86TC9,20,16,8,11,8,8,36,120,0.3,0.2941041666666666,0.0171736783488768,0.0058958333333333,1.0200467521428067,0.47976011994003,2000
Q86TC9,25,16,8,11,8,8,46,120,0.3833333333333333,0.3581875,0.0256443744025278,0.0251458333333333,1.070202989588786,0.2038980509745127,2000
Q86TC9,30,16,8,11,8,8,56,120,0.4666666666666667,0.4152083333333333,0.0322240975066633,0.0514583333333333,1.1239337681886603,0.0854572713643178,2000
Q86TC9,5,16,8,11,8,8,14,120,0.1166666666666666,0.0956916666666666,0.0118225225225912,0.020975,1.219193590525124,0.1024487756121939,2000
Q86U42,10,6,5,3,5,1,7,15,0.4666666666666667,0.5,0.0333416697929693,-0.0333333333333333,0.9333333333333332,1.0,2000
Q86U42,15,6,5,3,5,1,10,15,0.6666666666666666,0.6773333333333332,0.0454426288440504,-0.0106666666666666,0.9842519685039371,0.8350824587706147,2000
Q86U42,20,6,5,3,5,1,12,15,0.8,0.7569333333333335,0.0623652880938103,0.0430666666666665,1.0568962480183195,0.6771614192903548,2000
Q86U42,25,6,5,3,5,1,14,15,0.9333333333333332,0.8468666666666667,0.0830947995134859,0.0864666666666666,1.1021018657010155,0.3493253373313343,2000
Q86U42,30,6,5,3,5,1,15,15,1.0,0.9569333333333336,0.0623652880938102,0.0430666666666664,1.0450048766894244,0.6771614192903548,2000
Q86U42,5,6,5,3,5,1,4,15,0.2666666666666666,0.2494666666666666,0.0291762282143026,0.0172,1.0689470871191875,0.7421289355322339,2000
Q86U70,10,4,2,0,3,1,6,6,1.0,1.0,0.0,0.0,1.0,1.0,2000
Q86U70,15,4,2,0,3,1,6,6,1.0,1.0,0.0,0.0,1.0,1.0,2000
Q86U70,20,4,2,0,3,1,6,6,1.0,1.0,0.0,0.0,1.0,1.0,2000
Q86U70,25,4,2,0,3,1,6,6,1.0,1.0,0.0,0.0,1.0,1.0,2000
Q86U70,30,4,2,0,3,1,6,6,1.0,1.0,0.0,0.0,1.0,1.0,2000
Q86U70,5,4,2,0,3,1,5,6,0.8333333333333334,0.8333333333333335,1.1105006845081086e-16,0.0,1.0,1.0,2000
Q86U86,10,3,2,0,3,0,1,3,0.3333333333333333,0.3333333333333332,5.552503422540543e-17,0.0,1.0000000000000002,1.0,2000
Q86U86,15,3,2,0,3,0,1,3,0.3333333333333333,0.3333333333333332,5.552503422540543e-17,0.0,1.0000000000000002,1.0,2000
Q86U86,20,3,2,0,3,0,1,3,0.3333333333333333,0.3333333333333332,5.552503422540543e-17,0.0,1.0000000000000002,1.0,2000
Q86U86,25,3,2,0,3,0,1,3,0.3333333333333333,0.3333333333333332,5.552503422540543e-17,0.0,1.0000000000000002,1.0,2000
Q86U86,30,3,2,0,3,0,1,3,0.3333333333333333,0.3333333333333332,5.552503422540543e-17,0.0,1.0000000000000002,1.0,2000
Q86U86,5,3,2,0,3,0,1,3,0.3333333333333333,0.3333333333333332,5.552503422540543e-17,0.0,1.0000000000000002,1.0,2000
Q86UE4,10,5,3,1,5,0,6,10,0.6,0.5999999999999998,2.221001369016217e-16,0.0,1.0000000000000004,1.0,2000
Q86UE4,15,5,3,1,5,0,7,10,0.7,0.6334499999999998,0.0471933375123308,0.0665500000000001,1.1050595942852637,0.3348325837081459,2000
Q86UE4,20,5,3,1,5,0,10,10,1.0,0.7658999999999999,0.1709438530642451,0.2341,1.3056534795665231,0.3348325837081459,2000
Q86UE4,25,5,3,1,5,0,10,10,1.0,0.96555,0.047532380159022,0.0344499999999999,1.0356791466003832,0.655672163918041,2000
Q86UE4,30,5,3,1,5,0,10,10,1.0,1.0,0.0,0.0,1.0,1.0,2000
Q86UE4,5,5,3,1,5,0,6,10,0.6,0.5999999999999998,2.221001369016217e-16,0.0,1.0000000000000004,1.0,2000
Q86UP2,10,4,4,0,4,0,1,6,0.1666666666666666,0.1666666666666666,2.776251711270272e-17,0.0,1.0000000000000002,1.0,2000
Q86UP2,15,4,4,0,4,0,1,6,0.1666666666666666,0.1666666666666666,2.776251711270272e-17,0.0,1.0000000000000002,1.0,2000
Q86UP2,20,4,4,0,4,0,1,6,0.1666666666666666,0.1666666666666666,2.776251711270272e-17,0.0,1.0000000000000002,1.0,2000
Q86UP2,25,4,4,0,4,0,1,6,0.1666666666666666,0.1666666666666666,2.776251711270272e-17,0.0,1.0000000000000002,1.0,2000
Q86UP2,30,4,4,0,4,0,1,6,0.1666666666666666,0.1666666666666666,2.776251711270272e-17,0.0,1.0000000000000002,1.0,2000
Q86UP2,5,4,4,0,4,0,1,6,0.1666666666666666,0.1666666666666666,2.776251711270272e-17,0.0,1.0000000000000002,1.0,2000
Q86UR5,10,3,3,1,3,0,0,3,0.0,0.0,0.0,0.0,inf,1.0,2000
Q86UR5,15,3,3,1,3,0,0,3,0.0,0.0,0.0,0.0,inf,1.0,2000
Q86UR5,20,3,3,1,3,0,0,3,0.0,0.0,0.0,0.0,inf,1.0,2000
Q86UR5,25,3,3,1,3,0,0,3,0.0,0.0,0.0,0.0,inf,1.0,2000
Q86UR5,30,3,3,1,3,0,0,3,0.0,0.0,0.0,0.0,inf,1.0,2000
Q86UR5,5,3,3,1,3,0,0,3,0.0,0.0,0.0,0.0,inf,1.0,2000
Q86UU0,10,8,5,5,7,1,6,28,0.2142857142857142,0.2218214285714285,0.0393033165480009,-0.0075357142857142,0.9660280148124296,0.7471264367816092,2000
Q86UU0,15,8,5,5,7,1,9,28,0.3214285714285714,0.3214285714285714,0.0,0.0,1.0,1.0,2000
Q86UU0,20,8,5,5,7,1,9,28,0.3214285714285714,0.3214285714285714,0.0,0.0,1.0,1.0,2000
Q86UU0,25,8,5,5,7,1,9,28,0.3214285714285714,0.3214285714285714,0.0,0.0,1.0,1.0,2000
Q86UU0,30,8,5,5,7,1,9,28,0.3214285714285714,0.3214285714285714,0.0,0.0,1.0,1.0,2000
Q86UU0,5,8,5,5,7,1,3,28,0.1071428571428571,0.1331785714285714,0.0330233856000265,-0.0260357142857142,0.8045052292839904,0.9535232383808095,2000
Q86V15,10,11,6,8,9,2,17,55,0.3090909090909091,0.2741727272727273,0.028409057164926,0.0349181818181817,1.1273583341622733,0.1409295352323838,2000
Q86V15,15,11,6,8,9,2,18,55,0.3272727272727272,0.3272727272727272,0.0,0.0,1.0,1.0,2000
Q86V15,20,11,6,8,9,2,18,55,0.3272727272727272,0.3272727272727272,0.0,0.0,1.0,1.0,2000
Q86V15,25,11,6,8,9,2,18,55,0.3272727272727272,0.3272727272727272,0.0,0.0,1.0,1.0,2000
Q86V15,30,11,6,8,9,2,18,55,0.3272727272727272,0.3272727272727272,0.0,0.0,1.0,1.0,2000
Q86V15,5,11,6,8,9,2,10,55,0.1818181818181818,0.1656636363636363,0.0298226878883404,0.0161545454545454,1.09751413049443,0.4187906046976511,2000
Q86V40,10,3,2,3,3,0,3,3,1.0,1.0,0.0,0.0,1.0,1.0,2000
Q86V40,15,3,2,3,3,0,3,3,1.0,1.0,0.0,0.0,1.0,1.0,2000
Q86V40,20,3,2,3,3,0,3,3,1.0,1.0,0.0,0.0,1.0,1.0,2000
Q86V40,25,3,2,3,3,0,3,3,1.0,1.0,0.0,0.0,1.0,1.0,2000
Q86V40,30,3,2,3,3,0,3,3,1.0,1.0,0.0,0.0,1.0,1.0,2000
Q86V40,5,3,2,3,3,0,3,3,1.0,0.7275,0.2684353861845636,0.2724999999999999,1.3745704467353952,0.4322838580709645,2000
Q86VF7,10,3,3,2,3,0,0,3,0.0,0.0,0.0,0.0,inf,1.0,2000
Q86VF7,15,3,3,2,3,0,0,3,0.0,0.0,0.0,0.0,inf,1.0,2000
Q86VF7,20,3,3,2,3,0,0,3,0.0,0.0,0.0,0.0,inf,1.0,2000
Q86VF7,25,3,3,2,3,0,0,3,0.0,0.0,0.0,0.0,inf,1.0,2000
Q86VF7,30,3,3,2,3,0,0,3,0.0,0.0,0.0,0.0,inf,1.0,2000
Q86VF7,5,3,3,2,3,0,0,3,0.0,0.0,0.0,0.0,inf,1.0,2000
Q86VY4,10,3,2,1,3,0,3,3,1.0,1.0,0.0,0.0,1.0,1.0,2000
Q86VY4,15,3,2,1,3,0,3,3,1.0,1.0,0.0,0.0,1.0,1.0,2000
Q86VY4,20,3,2,1,3,0,3,3,1.0,1.0,0.0,0.0,1.0,1.0,2000
Q86VY4,25,3,2,1,3,0,3,3,1.0,1.0,0.0,0.0,1.0,1.0,2000
Q86VY4,30,3,2,1,3,0,3,3,1.0,1.0,0.0,0.0,1.0,1.0,2000
Q86VY4,5,3,2,1,3,0,2,3,0.6666666666666666,0.5008333333333334,0.1667062650974602,0.1658333333333332,1.3311148086522462,0.5027486256871564,2000
Q86X95,10,3,1,3,0,3,3,3,1.0,0.6253333333333333,0.2966516868886626,0.3746666666666667,1.5991471215351811,0.3323338330834582,2000
Q86X95,15,3,1,3,0,3,3,3,1.0,0.8155,0.2466241980846035,0.1845,1.226241569589209,0.5967016491754122,2000
Q86X95,20,3,1,3,0,3,3,3,1.0,0.9526666666666668,0.1303467410955674,0.0473333333333333,1.0496850944716585,0.8735632183908046,2000
Q86X95,25,3,1,3,0,3,3,3,1.0,1.0,0.0,0.0,1.0,1.0,2000
Q86X95,30,3,1,3,0,3,3,3,1.0,1.0,0.0,0.0,1.0,1.0,2000
Q86X95,5,3,1,3,0,3,3,3,1.0,0.3574999999999999,0.2713290412270597,0.6425000000000001,2.797202797202798,0.0889555222388805,2000
Q86XE5,10,3,1,3,0,3,3,3,1.0,1.0,0.0,0.0,1.0,1.0,2000
Q86XE5,15,3,1,3,0,3,3,3,1.0,1.0,0.0,0.0,1.0,1.0,2000
Q86XE5,20,3,1,3,0,3,3,3,1.0,1.0,0.0,0.0,1.0,1.0,2000
Q86XE5,25,3,1,3,0,3,3,3,1.0,1.0,0.0,0.0,1.0,1.0,2000
Q86XE5,30,3,1,3,0,3,3,3,1.0,1.0,0.0,0.0,1.0,1.0,2000
Q86XE5,5,3,1,3,0,3,3,3,1.0,0.8438333333333332,0.166377187324491,0.1561666666666668,1.1850681414181317,0.5317341329335332,2000
Q86XN7,10,10,7,10,7,3,6,45,0.1333333333333333,0.1096666666666666,0.0278670678744848,0.0236666666666666,1.21580547112462,0.3433283358320839,2000
Q86XN7,15,10,7,10,7,3,7,45,0.1555555555555555,0.1509666666666666,0.01655720077819,0.0045888888888889,1.0303967027305514,0.6371814092953523,2000
Q86XN7,20,10,7,10,7,3,8,45,0.1777777777777777,0.1565444444444444,0.0192693154381845,0.0212333333333333,1.1356377315636312,0.1849075462268865,2000
Q86XN7,25,10,7,10,7,3,10,45,0.2222222222222222,0.1850555555555555,0.0303980127653744,0.0371666666666666,1.2008405884118882,0.1689155422288855,2000
Q86XN7,30,10,7,10,7,3,14,45,0.3111111111111111,0.2329777777777777,0.0427082597926605,0.0781333333333333,1.3353681800839374,0.0689655172413793,2000
Q86XN7,5,10,7,10,7,3,3,45,0.0666666666666666,0.054,0.0218816659531903,0.0126666666666666,1.2345679012345678,0.4482758620689655,2000
Q86XP3,10,13,7,3,12,1,24,78,0.3076923076923077,0.3012692307692307,0.006411846751839,0.0064230769230769,1.0213200561726032,0.4992503748125937,2000
Q86XP3,15,13,7,3,12,1,25,78,0.3205128205128205,0.3179807692307692,0.0072936840296254,0.0025320512820513,1.0079629069650238,0.7306346826586707,2000
Q86XP3,20,13,7,3,12,1,26,78,0.3333333333333333,0.3272435897435897,0.0101329698600194,0.0060897435897435,1.018609206660137,0.4227886056971514,2000
Q86XP3,25,13,7,3,12,1,27,78,0.3461538461538461,0.337826923076923,0.01285989353269,0.0083269230769231,1.0246484886434797,0.4977511244377811,2000
Q86XP3,30,13,7,3,12,1,27,78,0.3461538461538461,0.3490320512820513,0.0134196391514492,-0.0028782051282051,0.9917537512167348,0.729135432283858,2000
Q86XP3,5,13,7,3,12,1,14,78,0.1794871794871795,0.1710576923076923,0.0060854425189258,0.0084294871794871,1.049278620948098,0.3428285857071464,2000
Q86Y37,10,4,2,4,3,1,6,6,1.0,0.8855,0.1117108902248601,0.1145,1.129305477131564,0.4302848575712144,2000
Q86Y37,15,4,2,4,3,1,6,6,1.0,1.0,0.0,0.0,1.0,1.0,2000
Q86Y37,20,4,2,4,3,1,6,6,1.0,1.0,0.0,0.0,1.0,1.0,2000
Q86Y37,25,4,2,4,3,1,6,6,1.0,1.0,0.0,0.0,1.0,1.0,2000
Q86Y37,30,4,2,4,3,1,6,6,1.0,1.0,0.0,0.0,1.0,1.0,2000
Q86Y37,5,4,2,4,3,1,3,6,0.5,0.4984166666666666,0.1157884895855092,0.0015833333333333,1.00317672629995,0.7541229385307346,2000
Q86YP4,10,34,17,12,32,2,73,561,0.1301247771836007,0.1269643493761141,0.0044636682161512,0.0031604278074866,1.0248922459179806,0.2918540729635182,2000
Q86YP4,15,34,17,12,32,2,94,561,0.1675579322638146,0.1656212121212121,0.0055736265089437,0.0019367201426025,1.0116936720713352,0.4152923538230884,2000
Q86YP4,20,34,17,12,32,2,109,561,0.1942959001782531,0.1942219251336898,0.0053277243388207,7.397504456327364e-05,1.0003808789585025,0.5017491254372813,2000
Q86YP4,25,34,17,12,32,2,125,561,0.2228163992869875,0.2238636363636363,0.0031656472842441,-0.0010472370766488,0.9953219866626856,0.696151924037981,2000
Q86YP4,30,34,17,12,32,2,137,561,0.2442067736185383,0.2431880570409982,0.0023198495518753,0.0010187165775401,1.0041890074287996,0.545727136431784,2000
Q86YP4,5,34,17,12,32,2,39,561,0.0695187165775401,0.0675793226381461,0.0018281001457713,0.0019393939393939,1.028698037560667,0.2598700649675162,2000
Q86YZ3,10,4,4,4,0,4,0,6,0.0,0.0,0.0,0.0,inf,1.0,2000
Q86YZ3,15,4,4,4,0,4,0,6,0.0,0.0,0.0,0.0,inf,1.0,2000
Q86YZ3,20,4,4,4,0,4,0,6,0.0,0.0,0.0,0.0,inf,1.0,2000
Q86YZ3,25,4,4,4,0,4,0,6,0.0,0.0,0.0,0.0,inf,1.0,2000
Q86YZ3,30,4,4,4,0,4,0,6,0.0,0.0,0.0,0.0,inf,1.0,2000
Q86YZ3,5,4,4,4,0,4,0,6,0.0,0.0,0.0,0.0,inf,1.0,2000
Q86Z02,10,7,5,2,6,1,2,21,0.0952380952380952,0.0952380952380952,4.164377566905407e-17,0.0,0.9999999999999996,1.0,2000
Q86Z02,15,7,5,2,6,1,2,21,0.0952380952380952,0.0952380952380952,4.164377566905407e-17,0.0,0.9999999999999996,1.0,2000
Q86Z02,20,7,5,2,6,1,2,21,0.0952380952380952,0.0952380952380952,4.164377566905407e-17,0.0,0.9999999999999996,1.0,2000
Q86Z02,25,7,5,2,6,1,2,21,0.0952380952380952,0.0952380952380952,4.164377566905407e-17,0.0,0.9999999999999996,1.0,2000
Q86Z02,30,7,5,2,6,1,2,21,0.0952380952380952,0.0952380952380952,4.164377566905407e-17,0.0,0.9999999999999996,1.0,2000
Q86Z02,5,7,5,2,6,1,2,21,0.0952380952380952,0.0952380952380952,4.164377566905407e-17,0.0,0.9999999999999996,1.0,2000
Q8IU81,10,3,2,3,3,0,3,3,1.0,0.8906666666666666,0.1565340797581457,0.1093333333333334,1.122754491017964,0.6721639180409795,2000
Q8IU81,15,3,2,3,3,0,3,3,1.0,1.0,0.0,0.0,1.0,1.0,2000
Q8IU81,20,3,2,3,3,0,3,3,1.0,1.0,0.0,0.0,1.0,1.0,2000
Q8IU81,25,3,2,3,3,0,3,3,1.0,1.0,0.0,0.0,1.0,1.0,2000
Q8IU81,30,3,2,3,3,0,3,3,1.0,1.0,0.0,0.0,1.0,1.0,2000
Q8IU81,5,3,2,3,3,0,1,3,0.3333333333333333,0.556,0.2467680028358859,-0.2226666666666667,0.5995203836930455,1.0,2000
Q8IUD2,10,4,3,3,4,0,1,6,0.1666666666666666,0.1927499999999999,0.1337836058463939,-0.0260833333333333,0.8646779074794639,0.8435782108945528,2000
Q8IUD2,15,4,3,3,4,0,2,6,0.3333333333333333,0.2865833333333333,0.1468377651551159,0.04675,1.1631288165164293,0.432783608195902,2000
Q8IUD2,20,4,3,3,4,0,3,6,0.5,0.33225,0.1438392394579739,0.16775,1.5048908954100828,0.3693153423288355,2000
Q8IUD2,25,4,3,3,4,0,3,6,0.5,0.3954166666666667,0.1246130969609106,0.1045833333333333,1.2644889357218123,0.5352323838080959,2000
Q8IUD2,30,4,3,3,4,0,3,6,0.5,0.4608333333333332,0.0848044240568512,0.0391666666666667,1.08499095840868,0.8045977011494253,2000
Q8IUD2,5,4,3,3,4,0,0,6,0.0,0.1252499999999999,0.1159489524738791,-0.1252499999999999,0.0,1.0,2000
Q8IVF2,10,23,16,18,15,8,11,253,0.0434782608695652,0.0432233201581027,0.0043853131103899,0.0002549407114624,1.0058982213890542,0.656671664167916,2000
Q8IVF2,15,23,16,18,15,8,14,253,0.0553359683794466,0.055699604743083,0.0043480795300462,-0.0003636363636363,0.9934714731762702,0.697151424287856,2000
Q8IVF2,20,23,16,18,15,8,17,253,0.067193675889328,0.061998023715415,0.0031840004474861,0.005195652173913,1.083803512798445,0.136431784107946,2000
Q8IVF2,25,23,16,18,15,8,17,253,0.067193675889328,0.0661086956521739,0.0019454948795622,0.0010849802371541,1.0164120654091058,0.7471264367816092,2000
Q8IVF2,30,23,16,18,15,8,17,253,0.067193675889328,0.0666482213438735,0.0013635819875386,0.0005454545454545,1.0081840825524844,0.8620689655172413,2000
Q8IVF2,5,23,16,18,15,8,7,253,0.0276679841897233,0.019893280632411,0.0042377103914716,0.0077747035573122,1.3908205841446457,0.0889555222388805,2000
Q8IVH2,10,4,2,4,4,0,3,6,0.5,0.4995833333333333,0.2017442249745943,0.0004166666666666,1.000834028356964,0.6381809095452274,2000
Q8IVH2,15,4,2,4,4,0,3,6,0.5,0.6639166666666667,0.2030989246591669,-0.1639166666666667,0.7531065645788879,1.0,2000
Q8IVH2,20,4,2,4,4,0,3,6,0.5,0.7023333333333334,0.2154478230054192,-0.2023333333333333,0.7119126720455624,1.0,2000
Q8IVH2,25,4,2,4,4,0,3,6,0.5,0.7833333333333333,0.2338675130784595,-0.2833333333333333,0.6382978723404256,1.0,2000
Q8IVH2,30,4,2,4,4,0,3,6,0.5,0.7833333333333333,0.2338675130784595,-0.2833333333333333,0.6382978723404256,1.0,2000
Q8IVH2,5,4,2,4,4,0,3,6,0.5,0.3165833333333333,0.1758279010309399,0.1834166666666666,1.579362990260595,0.391304347826087,2000
Q8IVL0,10,5,2,5,5,0,4,10,0.4,0.4000000000000001,5.552503422540543e-17,0.0,1.0,1.0,2000
Q8IVL0,15,5,2,5,5,0,4,10,0.4,0.4000000000000001,5.552503422540543e-17,0.0,1.0,1.0,2000
Q8IVL0,20,5,2,5,5,0,4,10,0.4,0.4000000000000001,5.552503422540543e-17,0.0,1.0,1.0,2000
Q8IVL0,25,5,2,5,5,0,4,10,0.4,0.4000000000000001,5.552503422540543e-17,0.0,1.0,1.0,2000
Q8IVL0,30,5,2,5,5,0,4,10,0.4,0.4000000000000001,5.552503422540543e-17,0.0,1.0,1.0,2000
Q8IVL0,5,5,2,5,5,0,3,10,0.3,0.2605499999999999,0.0865010908564723,0.03945,1.1514104778353484,0.5542228885557221,2000
Q8IVL1,10,3,2,3,3,0,3,3,1.0,0.7138333333333332,0.2880685056617598,0.2861666666666668,1.4008872285780998,0.4287856071964018,2000
Q8IVL1,15,3,2,3,3,0,3,3,1.0,0.8751666666666668,0.2138159846791601,0.1248333333333332,1.1426394972386211,0.7141429285357321,2000
Q8IVL1,20,3,2,3,3,0,3,3,1.0,0.9513333333333333,0.1353047519866812,0.0486666666666667,1.051156271899089,0.8740629685157422,2000
Q8IVL1,25,3,2,3,3,0,3,3,1.0,1.0,0.0,0.0,1.0,1.0,2000
Q8IVL1,30,3,2,3,3,0,3,3,1.0,1.0,0.0,0.0,1.0,1.0,2000
Q8IVL1,5,3,2,3,3,0,2,3,0.6666666666666666,0.3535,0.2826854061545443,0.3131666666666666,1.8859028760018857,0.2308845577211394,2000
Q8IVM0,10,3,3,0,3,0,3,3,1.0,1.0,0.0,0.0,1.0,1.0,2000
Q8IVM0,15,3,3,0,3,0,3,3,1.0,1.0,0.0,0.0,1.0,1.0,2000
Q8IVM0,20,3,3,0,3,0,3,3,1.0,1.0,0.0,0.0,1.0,1.0,2000
Q8IVM0,25,3,3,0,3,0,3,3,1.0,1.0,0.0,0.0,1.0,1.0,2000
Q8IVM0,30,3,3,0,3,0,3,3,1.0,1.0,0.0,0.0,1.0,1.0,2000
Q8IVM0,5,3,3,0,3,0,1,3,0.3333333333333333,0.3333333333333332,5.552503422540543e-17,0.0,1.0000000000000002,1.0,2000
Q8IVT2,10,3,3,1,3,0,0,3,0.0,0.0,0.0,0.0,inf,1.0,2000
Q8IVT2,15,3,3,1,3,0,0,3,0.0,0.0,0.0,0.0,inf,1.0,2000
Q8IVT2,20,3,3,1,3,0,0,3,0.0,0.0,0.0,0.0,inf,1.0,2000
Q8IVT2,25,3,3,1,3,0,0,3,0.0,0.0,0.0,0.0,inf,1.0,2000
Q8IVT2,30,3,3,1,3,0,0,3,0.0,0.0,0.0,0.0,inf,1.0,2000
Q8IVT2,5,3,3,1,3,0,0,3,0.0,0.0,0.0,0.0,inf,1.0,2000
Q8IVW6,10,5,4,2,5,0,3,10,0.3,0.2999999999999999,1.1105006845081086e-16,0.0,1.0000000000000004,1.0,2000
Q8IVW6,15,5,4,2,5,0,3,10,0.3,0.2999999999999999,1.1105006845081086e-16,0.0,1.0000000000000004,1.0,2000
Q8IVW6,20,5,4,2,5,0,3,10,0.3,0.2999999999999999,1.1105006845081086e-16,0.0,1.0000000000000004,1.0,2000
Q8IVW6,25,5,4,2,5,0,3,10,0.3,0.2999999999999999,1.1105006845081086e-16,0.0,1.0000000000000004,1.0,2000
Q8IVW6,30,5,4,2,5,0,3,10,0.3,0.2999999999999999,1.1105006845081086e-16,0.0,1.0000000000000004,1.0,2000
Q8IVW6,5,5,4,2,5,0,2,10,0.2,0.2,2.776251711270272e-17,0.0,1.0,1.0,2000
Q8IWA6,10,3,2,3,3,0,1,3,0.3333333333333333,0.3333333333333332,5.552503422540543e-17,0.0,1.0000000000000002,1.0,2000
Q8IWA6,15,3,2,3,3,0,1,3,0.3333333333333333,0.3333333333333332,5.552503422540543e-17,0.0,1.0000000000000002,1.0,2000
Q8IWA6,20,3,2,3,3,0,1,3,0.3333333333333333,0.3333333333333332,5.552503422540543e-17,0.0,1.0000000000000002,1.0,2000
Q8IWA6,25,3,2,3,3,0,1,3,0.3333333333333333,0.3333333333333332,5.552503422540543e-17,0.0,1.0000000000000002,1.0,2000
Q8IWA6,30,3,2,3,3,0,1,3,0.3333333333333333,0.3333333333333332,5.552503422540543e-17,0.0,1.0000000000000002,1.0,2000
Q8IWA6,5,3,2,3,3,0,1,3,0.3333333333333333,0.3333333333333332,5.552503422540543e-17,0.0,1.0000000000000002,1.0,2000
Q8IWB9,10,9,3,7,8,1,27,36,0.75,0.7282638888888889,0.0325353522095406,0.021736111111111,1.029846476590064,0.2993503248375812,2000
Q8IWB9,15,9,3,7,8,1,28,36,0.7777777777777778,0.777777777777778,2.221001369016217e-16,0.0,0.9999999999999996,1.0,2000
Q8IWB9,20,9,3,7,8,1,28,36,0.7777777777777778,0.777777777777778,2.221001369016217e-16,0.0,0.9999999999999996,1.0,2000
Q8IWB9,25,9,3,7,8,1,28,36,0.7777777777777778,0.777777777777778,2.221001369016217e-16,0.0,0.9999999999999996,1.0,2000
Q8IWB9,30,9,3,7,8,1,28,36,0.7777777777777778,0.777777777777778,2.221001369016217e-16,0.0,0.9999999999999996,1.0,2000
Q8IWB9,5,9,3,7,8,1,20,36,0.5555555555555556,0.5018888888888889,0.0518047367937143,0.0536666666666666,1.1069293779056897,0.2213893053473263,2000
Q8IWI9,10,17,11,8,14,3,17,136,0.125,0.1253088235294117,0.0014752889588526,-0.0003088235294117,0.9975355005281068,1.0,2000
Q8IWI9,15,17,11,8,14,3,17,136,0.125,0.125625,0.0020511135435851,-0.0006249999999999,0.9950248756218908,1.0,2000
Q8IWI9,20,17,11,8,14,3,17,136,0.125,0.1276874999999999,0.0047942208981324,-0.0026874999999999,0.9789525208027412,1.0,2000
Q8IWI9,25,17,11,8,14,3,17,136,0.125,0.1288970588235294,0.0061318756156007,-0.0038970588235293,0.9697661152310326,1.0,2000
Q8IWI9,30,17,11,8,14,3,18,136,0.1323529411764706,0.1301360294117647,0.0068506045857309,0.0022169117647058,1.017035341978134,0.3703148425787106,2000
Q8IWI9,5,17,11,8,14,3,12,136,0.088235294117647,0.0905955882352941,0.0034336584701559,-0.002360294117647,0.973946919892866,1.0,2000
Q8IWP9,10,3,2,0,3,0,3,3,1.0,1.0,0.0,0.0,1.0,1.0,2000
Q8IWP9,15,3,2,0,3,0,3,3,1.0,1.0,0.0,0.0,1.0,1.0,2000
Q8IWP9,20,3,2,0,3,0,3,3,1.0,1.0,0.0,0.0,1.0,1.0,2000
Q8IWP9,25,3,2,0,3,0,3,3,1.0,1.0,0.0,0.0,1.0,1.0,2000
Q8IWP9,30,3,2,0,3,0,3,3,1.0,1.0,0.0,0.0,1.0,1.0,2000
Q8IWP9,5,3,2,0,3,0,3,3,1.0,1.0,0.0,0.0,1.0,1.0,2000
Q8IWR0,10,3,3,3,2,1,0,3,0.0,0.0,0.0,0.0,inf,1.0,2000
Q8IWR0,15,3,3,3,2,1,0,3,0.0,0.0,0.0,0.0,inf,1.0,2000
Q8IWR0,20,3,3,3,2,1,0,3,0.0,0.0,0.0,0.0,inf,1.0,2000
Q8IWR0,25,3,3,3,2,1,0,3,0.0,0.0,0.0,0.0,inf,1.0,2000
Q8IWR0,30,3,3,3,2,1,0,3,0.0,0.0,0.0,0.0,inf,1.0,2000
Q8IWR0,5,3,3,3,2,1,0,3,0.0,0.0,0.0,0.0,inf,1.0,2000
Q8IWZ3,10,23,18,10,22,1,35,253,0.1383399209486166,0.1357055335968379,0.0018639577995496,0.0026343873517786,1.0194125271236545,0.3338330834582708,2000
Q8IWZ3,15,23,18,10,22,1,45,253,0.1778656126482213,0.1791739130434782,0.0018604377166029,-0.0013083003952568,0.9926981535814344,1.0,2000
Q8IWZ3,20,23,18,10,22,1,58,253,0.2292490118577075,0.2282865612648221,0.0052467862715868,0.0009624505928853,1.0042159756910476,0.6681659170414792,2000
Q8IWZ3,25,23,18,10,22,1,71,253,0.2806324110671936,0.2847687747035574,0.0048764177174949,-0.0041363636363637,0.9854746587273494,0.8730634682658671,2000
Q8IWZ3,30,23,18,10,22,1,83,253,0.3280632411067193,0.3281739130434782,0.0027282871090399,-0.0001106719367588,0.9996627643686468,0.782608695652174,2000
Q8IWZ3,5,23,18,10,22,1,21,253,0.0830039525691699,0.0770869565217391,0.0039515626097255,0.0059169960474308,1.076757421935087,0.2723638180909545,2000
Q8IWZ8,10,8,2,3,7,1,20,28,0.7142857142857143,0.6889107142857143,0.0322042330321674,0.025375,1.036833510459058,0.3963018490754623,2000
Q8IWZ8,15,8,2,3,7,1,25,28,0.8928571428571429,0.8886964285714287,0.0337566024762271,0.0041607142857141,1.004681817268471,0.6976511744127936,2000
Q8IWZ8,20,8,2,3,7,1,28,28,1.0,1.0,0.0,0.0,1.0,1.0,2000
Q8IWZ8,25,8,2,3,7,1,28,28,1.0,1.0,0.0,0.0,1.0,1.0,2000
Q8IWZ8,30,8,2,3,7,1,28,28,1.0,1.0,0.0,0.0,1.0,1.0,2000
Q8IWZ8,5,8,2,3,7,1,11,28,0.3928571428571428,0.373875,0.0365008039995232,0.0189821428571428,1.05077136170416,0.4932533733133433,2000
Q8IX12,10,14,11,10,10,4,7,91,0.0769230769230769,0.0454175824175824,0.011732440318837,0.0315054945054945,1.6936849745947258,0.0174912543728135,2000
Q8IX12,15,14,11,10,10,4,7,91,0.0769230769230769,0.0736098901098901,0.0125305947234089,0.0033131868131868,1.0450100768828845,0.5392303848075962,2000
Q8IX12,20,14,11,10,10,4,10,91,0.1098901098901098,0.1016428571428571,0.0135704820425723,0.0082472527472527,1.0811395210551922,0.3973013493253373,2000
Q8IX12,25,14,11,10,10,4,13,91,0.1428571428571428,0.1333461538461538,0.0123842047397533,0.009510989010989,1.0713255593555564,0.3858070964517741,2000
Q8IX12,30,14,11,10,10,4,15,91,0.1648351648351648,0.1441758241758241,0.015323947437583,0.0206593406593406,1.1432926829268293,0.153423288355822,2000
Q8IX12,5,14,11,10,10,4,5,91,0.0549450549450549,0.0286043956043956,0.0133783347740852,0.0263406593406593,1.9208605455243952,0.0869565217391304,2000
Q8IXZ2,10,3,2,3,1,2,1,3,0.3333333333333333,0.3333333333333332,5.552503422540543e-17,0.0,1.0000000000000002,1.0,2000
Q8IXZ2,15,3,2,3,1,2,1,3,0.3333333333333333,0.3333333333333332,5.552503422540543e-17,0.0,1.0000000000000002,1.0,2000
Q8IXZ2,20,3,2,3,1,2,1,3,0.3333333333333333,0.3333333333333332,5.552503422540543e-17,0.0,1.0000000000000002,1.0,2000
Q8IXZ2,25,3,2,3,1,2,1,3,0.3333333333333333,0.3333333333333332,5.552503422540543e-17,0.0,1.0000000000000002,1.0,2000
Q8IXZ2,30,3,2,3,1,2,1,3,0.3333333333333333,0.3333333333333332,5.552503422540543e-17,0.0,1.0000000000000002,1.0,2000
Q8IXZ2,5,3,2,3,1,2,1,3,0.3333333333333333,0.2355,0.151826465538189,0.0978333333333333,1.4154281670205238,0.7066466766616691,2000
Q8IY33,10,16,8,7,7,9,23,120,0.1916666666666666,0.2084666666666667,0.0075330409986058,-0.0168,0.9194115765909816,1.0,2000
Q8IY33,15,16,8,7,7,9,28,120,0.2333333333333333,0.2381333333333334,0.005384086095191,-0.0048,0.9798432250839864,0.9135432283858071,2000
Q8IY33,20,16,8,7,7,9,28,120,0.2333333333333333,0.240675,0.0030946633497687,-0.0073416666666666,0.969495516083238,0.9835082458770614,2000
Q8IY33,25,16,8,7,7,9,29,120,0.2416666666666666,0.2416666666666667,2.776251711270272e-17,0.0,1.0,1.0,2000
Q8IY33,30,16,8,7,7,9,33,120,0.275,0.2699125,0.0040646571567888,0.0050875,1.0188487009679064,0.3898050974512743,2000
Q8IY33,5,16,8,7,7,9,21,120,0.175,0.1680958333333333,0.0116280948109892,0.0069041666666666,1.0410728007337084,0.3458270864567716,2000
Q8IY81,10,3,3,2,3,0,0,3,0.0,0.0,0.0,0.0,inf,1.0,2000
Q8IY81,15,3,3,2,3,0,0,3,0.0,0.0,0.0,0.0,inf,1.0,2000
Q8IY81,20,3,3,2,3,0,0,3,0.0,0.0,0.0,0.0,inf,1.0,2000
Q8IY81,25,3,3,2,3,0,0,3,0.0,0.0,0.0,0.0,inf,1.0,2000
Q8IY81,30,3,3,2,3,0,0,3,0.0,0.0,0.0,0.0,inf,1.0,2000
Q8IY81,5,3,3,2,3,0,0,3,0.0,0.0,0.0,0.0,inf,1.0,2000
Q8IYB3,10,3,3,2,3,0,1,3,0.3333333333333333,0.3333333333333332,5.552503422540543e-17,0.0,1.0000000000000002,1.0,2000
Q8IYB3,15,3,3,2,3,0,1,3,0.3333333333333333,0.3333333333333332,5.552503422540543e-17,0.0,1.0000000000000002,1.0,2000
Q8IYB3,20,3,3,2,3,0,1,3,0.3333333333333333,0.3333333333333332,5.552503422540543e-17,0.0,1.0000000000000002,1.0,2000
Q8IYB3,25,3,3,2,3,0,1,3,0.3333333333333333,0.3333333333333332,5.552503422540543e-17,0.0,1.0000000000000002,1.0,2000
Q8IYB3,30,3,3,2,3,0,1,3,0.3333333333333333,0.3333333333333332,5.552503422540543e-17,0.0,1.0000000000000002,1.0,2000
Q8IYB3,5,3,3,2,3,0,1,3,0.3333333333333333,0.1638333333333333,0.1666842578677136,0.1695,2.034587995930824,0.4917541229385307,2000
Q8IZ21,10,14,10,8,13,1,31,91,0.3406593406593406,0.3223241758241758,0.0285015443635867,0.0183351648351648,1.0568842370829996,0.344327836081959,2000
Q8IZ21,15,14,10,8,13,1,47,91,0.5164835164835165,0.5006978021978022,0.0110573369651102,0.0157857142857142,1.0315274287532783,0.1544227886056971,2000
Q8IZ21,20,14,10,8,13,1,56,91,0.6153846153846154,0.5716098901098898,0.0262797948369143,0.0437747252747255,1.0765814693414597,0.0839580209895052,2000
Q8IZ21,25,14,10,8,13,1,66,91,0.7252747252747253,0.6788186813186813,0.0259943923075861,0.0464560439560439,1.0684366020478369,0.0709645177411294,2000
Q8IZ21,30,14,10,8,13,1,76,91,0.8351648351648352,0.7528241758241759,0.0290210568176434,0.0823406593406592,1.1093756842366471,0.0054972513743128,2000
Q8IZ21,5,14,10,8,13,1,16,91,0.1758241758241758,0.1774230769230769,0.011466937857162,-0.001598901098901,0.9909882010467316,0.7156421789105447,2000
Q8IZC4,10,3,2,0,3,0,1,3,0.3333333333333333,0.3333333333333332,5.552503422540543e-17,0.0,1.0000000000000002,1.0,2000
Q8IZC4,15,3,2,0,3,0,1,3,0.3333333333333333,0.3333333333333332,5.552503422540543e-17,0.0,1.0000000000000002,1.0,2000
Q8IZC4,20,3,2,0,3,0,1,3,0.3333333333333333,0.3333333333333332,5.552503422540543e-17,0.0,1.0000000000000002,1.0,2000
Q8IZC4,25,3,2,0,3,0,2,3,0.6666666666666666,0.6666666666666665,1.1105006845081086e-16,0.0,1.0000000000000002,1.0,2000
Q8IZC4,30,3,2,0,3,0,3,3,1.0,1.0,0.0,0.0,1.0,1.0,2000
Q8IZC4,5,3,2,0,3,0,1,3,0.3333333333333333,0.3333333333333332,5.552503422540543e-17,0.0,1.0000000000000002,1.0,2000
Q8IZD2,10,4,4,2,4,0,2,6,0.3333333333333333,0.3333333333333332,5.552503422540543e-17,0.0,1.0000000000000002,1.0,2000
Q8IZD2,15,4,4,2,4,0,2,6,0.3333333333333333,0.3333333333333332,5.552503422540543e-17,0.0,1.0000000000000002,1.0,2000
Q8IZD2,20,4,4,2,4,0,2,6,0.3333333333333333,0.3333333333333332,5.552503422540543e-17,0.0,1.0000000000000002,1.0,2000
Q8IZD2,25,4,4,2,4,0,2,6,0.3333333333333333,0.3333333333333332,5.552503422540543e-17,0.0,1.0000000000000002,1.0,2000
Q8IZD2,30,4,4,2,4,0,2,6,0.3333333333333333,0.3333333333333332,5.552503422540543e-17,0.0,1.0000000000000002,1.0,2000
Q8IZD2,5,4,4,2,4,0,2,6,0.3333333333333333,0.249,0.0833481727657909,0.0843333333333333,1.3386880856760377,0.4942528735632184,2000
Q8IZH2,10,6,4,4,6,0,4,15,0.2666666666666666,0.2400666666666666,0.0326543486625689,0.0266,1.1108025548458762,0.6011994002998501,2000
Q8IZH2,15,6,4,4,6,0,4,15,0.2666666666666666,0.2666666666666666,5.552503422540543e-17,0.0,1.0000000000000002,1.0,2000
Q8IZH2,20,6,4,4,6,0,4,15,0.2666666666666666,0.2666666666666666,5.552503422540543e-17,0.0,1.0000000000000002,1.0,2000
Q8IZH2,25,6,4,4,6,0,4,15,0.2666666666666666,0.2666666666666666,5.552503422540543e-17,0.0,1.0000000000000002,1.0,2000
Q8IZH2,30,6,4,4,6,0,4,15,0.2666666666666666,0.2666666666666666,5.552503422540543e-17,0.0,1.0000000000000002,1.0,2000
Q8IZH2,5,6,4,4,6,0,3,15,0.2,0.1584666666666666,0.0518619358079548,0.0415333333333333,1.2620950778291964,0.3863068465767116,2000
Q8IZL8,10,5,4,2,4,1,3,10,0.3,0.1982,0.1000088040146477,0.1018,1.513622603430878,0.4912543728135932,2000
Q8IZL8,15,5,4,2,4,1,3,10,0.3,0.2999999999999999,1.1105006845081086e-16,0.0,1.0000000000000004,1.0,2000
Q8IZL8,20,5,4,2,4,1,3,10,0.3,0.2999999999999999,1.1105006845081086e-16,0.0,1.0000000000000004,1.0,2000
Q8IZL8,25,5,4,2,4,1,3,10,0.3,0.2999999999999999,1.1105006845081086e-16,0.0,1.0000000000000004,1.0,2000
Q8IZL8,30,5,4,2,4,1,3,10,0.3,0.2999999999999999,1.1105006845081086e-16,0.0,1.0000000000000004,1.0,2000
Q8IZL8,5,5,4,2,4,1,1,10,0.1,0.1,1.3881258556351357e-17,0.0,1.0,1.0,2000
Q8IZW8,10,3,3,2,2,1,1,3,0.3333333333333333,0.1628333333333333,0.1666642487735235,0.1705,2.047082906857728,0.4887556221889055,2000
Q8IZW8,15,3,3,2,2,1,1,3,0.3333333333333333,0.3333333333333332,5.552503422540543e-17,0.0,1.0000000000000002,1.0,2000
Q8IZW8,20,3,3,2,2,1,1,3,0.3333333333333333,0.3333333333333332,5.552503422540543e-17,0.0,1.0000000000000002,1.0,2000
Q8IZW8,25,3,3,2,2,1,1,3,0.3333333333333333,0.3333333333333332,5.552503422540543e-17,0.0,1.0000000000000002,1.0,2000
Q8IZW8,30,3,3,2,2,1,1,3,0.3333333333333333,0.3333333333333332,5.552503422540543e-17,0.0,1.0000000000000002,1.0,2000
Q8IZW8,5,3,3,2,2,1,0,3,0.0,0.0,0.0,0.0,inf,1.0,2000
Q8N1F7,10,5,3,0,5,0,4,10,0.4,0.4000000000000001,5.552503422540543e-17,0.0,1.0,1.0,2000
Q8N1F7,15,5,3,0,5,0,4,10,0.4,0.4000000000000001,5.552503422540543e-17,0.0,1.0,1.0,2000
Q8N1F7,20,5,3,0,5,0,4,10,0.4,0.4000000000000001,5.552503422540543e-17,0.0,1.0,1.0,2000
Q8N1F7,25,5,3,0,5,0,4,10,0.4,0.4000000000000001,5.552503422540543e-17,0.0,1.0,1.0,2000
Q8N1F7,30,5,3,0,5,0,4,10,0.4,0.4000000000000001,5.552503422540543e-17,0.0,1.0,1.0,2000
Q8N1F7,5,5,3,0,5,0,4,10,0.4,0.4000000000000001,5.552503422540543e-17,0.0,1.0,1.0,2000
Q8N1G0,10,7,5,0,7,0,6,21,0.2857142857142857,0.2857142857142856,1.1105006845081086e-16,0.0,1.0000000000000004,1.0,2000
Q8N1G0,15,7,5,0,7,0,7,21,0.3333333333333333,0.3333333333333332,5.552503422540543e-17,0.0,1.0000000000000002,1.0,2000
Q8N1G0,20,7,5,0,7,0,7,21,0.3333333333333333,0.3333333333333332,5.552503422540543e-17,0.0,1.0000000000000002,1.0,2000
Q8N1G0,25,7,5,0,7,0,7,21,0.3333333333333333,0.3333333333333332,5.552503422540543e-17,0.0,1.0000000000000002,1.0,2000
Q8N1G0,30,7,5,0,7,0,7,21,0.3333333333333333,0.3333333333333332,5.552503422540543e-17,0.0,1.0000000000000002,1.0,2000
Q8N1G0,5,7,5,0,7,0,5,21,0.238095238095238,0.2380952380952381,2.776251711270272e-17,0.0,1.0,1.0,2000
Q8N1G1,10,3,3,3,3,0,0,3,0.0,0.0,0.0,0.0,inf,1.0,2000
Q8N1G1,15,3,3,3,3,0,0,3,0.0,0.0,0.0,0.0,inf,1.0,2000
Q8N1G1,20,3,3,3,3,0,0,3,0.0,0.0,0.0,0.0,inf,1.0,2000
Q8N1G1,25,3,3,3,3,0,0,3,0.0,0.0,0.0,0.0,inf,1.0,2000
Q8N1G1,30,3,3,3,3,0,0,3,0.0,0.0,0.0,0.0,inf,1.0,2000
Q8N1G1,5,3,3,3,3,0,0,3,0.0,0.0,0.0,0.0,inf,1.0,2000
Q8N1I0,10,3,3,3,3,0,1,3,0.3333333333333333,0.3333333333333332,5.552503422540543e-17,0.0,1.0000000000000002,1.0,2000
Q8N1I0,15,3,3,3,3,0,1,3,0.3333333333333333,0.3333333333333332,5.552503422540543e-17,0.0,1.0000000000000002,1.0,2000
Q8N1I0,20,3,3,3,3,0,1,3,0.3333333333333333,0.3333333333333332,5.552503422540543e-17,0.0,1.0000000000000002,1.0,2000
Q8N1I0,25,3,3,3,3,0,1,3,0.3333333333333333,0.3333333333333332,5.552503422540543e-17,0.0,1.0000000000000002,1.0,2000
Q8N1I0,30,3,3,3,3,0,1,3,0.3333333333333333,0.3333333333333332,5.552503422540543e-17,0.0,1.0000000000000002,1.0,2000
Q8N1I0,5,3,3,3,3,0,0,3,0.0,0.167,0.1667080155478152,-0.167,0.0,1.0,2000
Q8N283,10,3,2,2,3,0,3,3,1.0,1.0,0.0,0.0,1.0,1.0,2000
Q8N283,15,3,2,2,3,0,3,3,1.0,1.0,0.0,0.0,1.0,1.0,2000
Q8N283,20,3,2,2,3,0,3,3,1.0,1.0,0.0,0.0,1.0,1.0,2000
Q8N283,25,3,2,2,3,0,3,3,1.0,1.0,0.0,0.0,1.0,1.0,2000
Q8N283,30,3,2,2,3,0,3,3,1.0,1.0,0.0,0.0,1.0,1.0,2000
Q8N283,5,3,2,2,3,0,3,3,1.0,1.0,0.0,0.0,1.0,1.0,2000
Q8N2M8,10,4,4,4,4,0,0,6,0.0,0.0,0.0,0.0,inf,1.0,2000
Q8N2M8,15,4,4,4,4,0,0,6,0.0,0.0,0.0,0.0,inf,1.0,2000
Q8N2M8,20,4,4,4,4,0,0,6,0.0,0.0,0.0,0.0,inf,1.0,2000
Q8N2M8,25,4,4,4,4,0,0,6,0.0,0.0,0.0,0.0,inf,1.0,2000
Q8N2M8,30,4,4,4,4,0,0,6,0.0,0.0,0.0,0.0,inf,1.0,2000
Q8N2M8,5,4,4,4,4,0,0,6,0.0,0.0,0.0,0.0,inf,1.0,2000
Q8N3K9,10,3,3,1,2,1,0,3,0.0,0.0,0.0,0.0,inf,1.0,2000
Q8N3K9,15,3,3,1,2,1,0,3,0.0,0.0,0.0,0.0,inf,1.0,2000
Q8N3K9,20,3,3,1,2,1,0,3,0.0,0.0,0.0,0.0,inf,1.0,2000
Q8N3K9,25,3,3,1,2,1,0,3,0.0,0.0,0.0,0.0,inf,1.0,2000
Q8N3K9,30,3,3,1,2,1,0,3,0.0,0.0,0.0,0.0,inf,1.0,2000
Q8N3K9,5,3,3,1,2,1,0,3,0.0,0.0,0.0,0.0,inf,1.0,2000
Q8N3V7,10,14,7,4,12,2,33,91,0.3626373626373626,0.3592637362637362,0.0050699422621012,0.0033736263736264,1.0093903893799898,0.6931534232883558,2000
Q8N3V7,15,14,7,4,12,2,38,91,0.4175824175824176,0.4175824175824176,5.552503422540543e-17,0.0,1.0,1.0,2000
Q8N3V7,20,14,7,4,12,2,39,91,0.4285714285714285,0.4285714285714285,0.0,0.0,1.0,1.0,2000
Q8N3V7,25,14,7,4,12,2,39,91,0.4285714285714285,0.4285714285714285,0.0,0.0,1.0,1.0,2000
Q8N3V7,30,14,7,4,12,2,39,91,0.4285714285714285,0.4285714285714285,0.0,0.0,1.0,1.0,2000
Q8N3V7,5,14,7,4,12,2,22,91,0.2417582417582417,0.2395714285714286,0.0083015002664847,0.0021868131868131,1.0091280216503828,0.5957021489255372,2000
Q8N3X1,10,12,8,6,11,1,9,66,0.1363636363636363,0.1466818181818181,0.0142591925863305,-0.0103181818181818,0.92965602726991,0.9205397301349324,2000
Q8N3X1,15,12,8,6,11,1,13,66,0.1969696969696969,0.2138939393939393,0.0136592178743266,-0.0169242424242423,0.9208755401289228,1.0,2000
Q8N3X1,20,12,8,6,11,1,18,66,0.2727272727272727,0.3268636363636363,0.0404895479626195,-0.0541363636363636,0.8343763037129746,1.0,2000
Q8N3X1,25,12,8,6,11,1,24,66,0.3636363636363636,0.4393257575757575,0.0458794891117226,-0.0756893939393938,0.8277146453760067,0.9875062468765616,2000
Q8N3X1,30,12,8,6,11,1,31,66,0.4696969696969697,0.5166742424242425,0.0345773502138838,-0.0469772727272728,0.9090775795076316,0.9635182408795602,2000
Q8N3X1,5,12,8,6,11,1,6,66,0.0909090909090909,0.0810075757575757,0.0115959150935434,0.0099015151515151,1.122229495931918,0.4192903548225887,2000
Q8N3Y7,10,3,1,0,3,0,3,3,1.0,1.0,0.0,0.0,1.0,1.0,2000
Q8N3Y7,15,3,1,0,3,0,3,3,1.0,1.0,0.0,0.0,1.0,1.0,2000
Q8N3Y7,20,3,1,0,3,0,3,3,1.0,1.0,0.0,0.0,1.0,1.0,2000
Q8N3Y7,25,3,1,0,3,0,3,3,1.0,1.0,0.0,0.0,1.0,1.0,2000
Q8N3Y7,30,3,1,0,3,0,3,3,1.0,1.0,0.0,0.0,1.0,1.0,2000
Q8N3Y7,5,3,1,0,3,0,2,3,0.6666666666666666,0.6666666666666665,1.1105006845081086e-16,0.0,1.0000000000000002,1.0,2000
Q8N4C6,10,6,3,5,6,0,10,15,0.6666666666666666,0.6666666666666665,1.1105006845081086e-16,0.0,1.0000000000000002,1.0,2000
Q8N4C6,15,6,3,5,6,0,10,15,0.6666666666666666,0.6666666666666665,1.1105006845081086e-16,0.0,1.0000000000000002,1.0,2000
Q8N4C6,20,6,3,5,6,0,10,15,0.6666666666666666,0.6666666666666665,1.1105006845081086e-16,0.0,1.0000000000000002,1.0,2000
Q8N4C6,25,6,3,5,6,0,10,15,0.6666666666666666,0.6666666666666665,1.1105006845081086e-16,0.0,1.0000000000000002,1.0,2000
Q8N4C6,30,6,3,5,6,0,10,15,0.6666666666666666,0.6666666666666665,1.1105006845081086e-16,0.0,1.0000000000000002,1.0,2000
Q8N4C6,5,6,3,5,6,0,10,15,0.6666666666666666,0.4605666666666667,0.0754178768615065,0.2060999999999999,1.4474922197293187,0.031984007996002,2000
Q8N4P6,10,3,2,1,3,0,1,3,0.3333333333333333,0.3333333333333332,5.552503422540543e-17,0.0,1.0000000000000002,1.0,2000
Q8N4P6,15,3,2,1,3,0,1,3,0.3333333333333333,0.3333333333333332,5.552503422540543e-17,0.0,1.0000000000000002,1.0,2000
Q8N4P6,20,3,2,1,3,0,1,3,0.3333333333333333,0.3333333333333332,5.552503422540543e-17,0.0,1.0000000000000002,1.0,2000
Q8N4P6,25,3,2,1,3,0,1,3,0.3333333333333333,0.3333333333333332,5.552503422540543e-17,0.0,1.0000000000000002,1.0,2000
Q8N4P6,30,3,2,1,3,0,1,3,0.3333333333333333,0.3333333333333332,5.552503422540543e-17,0.0,1.0000000000000002,1.0,2000
Q8N4P6,5,3,2,1,3,0,1,3,0.3333333333333333,0.3333333333333332,5.552503422540543e-17,0.0,1.0000000000000002,1.0,2000
Q8N5C6,10,3,3,0,3,0,0,3,0.0,0.0,0.0,0.0,inf,1.0,2000
Q8N5C6,15,3,3,0,3,0,0,3,0.0,0.0,0.0,0.0,inf,1.0,2000
Q8N5C6,20,3,3,0,3,0,0,3,0.0,0.0,0.0,0.0,inf,1.0,2000
Q8N5C6,25,3,3,0,3,0,0,3,0.0,0.0,0.0,0.0,inf,1.0,2000
Q8N5C6,30,3,3,0,3,0,0,3,0.0,0.0,0.0,0.0,inf,1.0,2000
Q8N5C6,5,3,3,0,3,0,0,3,0.0,0.0,0.0,0.0,inf,1.0,2000
Q8N5C8,10,3,2,3,1,2,3,3,1.0,0.9308333333333332,0.1352060209895761,0.0691666666666667,1.0743061772605194,0.7926036981509246,2000
Q8N5C8,15,3,2,3,1,2,3,3,1.0,1.0,0.0,0.0,1.0,1.0,2000
Q8N5C8,20,3,2,3,1,2,3,3,1.0,1.0,0.0,0.0,1.0,1.0,2000
Q8N5C8,25,3,2,3,1,2,3,3,1.0,1.0,0.0,0.0,1.0,1.0,2000
Q8N5C8,30,3,2,3,1,2,3,3,1.0,1.0,0.0,0.0,1.0,1.0,2000
Q8N5C8,5,3,2,3,1,2,1,3,0.3333333333333333,0.5095,0.258303867996375,-0.1761666666666666,0.6542361792607131,0.9640179910044976,2000
Q8N5G2,10,4,4,2,4,0,2,6,0.3333333333333333,0.2755,0.0793558007709735,0.0578333333333332,1.2099213551119177,0.6531734132933533,2000
Q8N5G2,15,4,4,2,4,0,2,6,0.3333333333333333,0.3103333333333333,0.057497707141212,0.023,1.074113856068743,0.8620689655172413,2000
Q8N5G2,20,4,4,2,4,0,2,6,0.3333333333333333,0.3333333333333332,5.552503422540543e-17,0.0,1.0000000000000002,1.0,2000
Q8N5G2,25,4,4,2,4,0,2,6,0.3333333333333333,0.3333333333333332,5.552503422540543e-17,0.0,1.0000000000000002,1.0,2000
Q8N5G2,30,4,4,2,4,0,2,6,0.3333333333333333,0.3333333333333332,5.552503422540543e-17,0.0,1.0000000000000002,1.0,2000
Q8N5G2,5,4,4,2,4,0,2,6,0.3333333333333333,0.22675,0.080044272044838,0.1065833333333333,1.4700477765527378,0.3608195902048975,2000
Q8N7H5,10,3,3,1,3,0,0,3,0.0,0.2218333333333333,0.1573111250411028,-0.2218333333333333,0.0,1.0,2000
Q8N7H5,15,3,3,1,3,0,1,3,0.3333333333333333,0.3333333333333332,5.552503422540543e-17,0.0,1.0000000000000002,1.0,2000
Q8N7H5,20,3,3,1,3,0,1,3,0.3333333333333333,0.3333333333333332,5.552503422540543e-17,0.0,1.0000000000000002,1.0,2000
Q8N7H5,25,3,3,1,3,0,1,3,0.3333333333333333,0.3333333333333332,5.552503422540543e-17,0.0,1.0000000000000002,1.0,2000
Q8N7H5,30,3,3,1,3,0,1,3,0.3333333333333333,0.3333333333333332,5.552503422540543e-17,0.0,1.0000000000000002,1.0,2000
Q8N7H5,5,3,3,1,3,0,0,3,0.0,0.0,0.0,0.0,inf,1.0,2000
Q8N8S7,10,4,3,0,4,0,4,6,0.6666666666666666,0.6666666666666665,1.1105006845081086e-16,0.0,1.0000000000000002,1.0,2000
Q8N8S7,15,4,3,0,4,0,6,6,1.0,1.0,0.0,0.0,1.0,1.0,2000
Q8N8S7,20,4,3,0,4,0,6,6,1.0,1.0,0.0,0.0,1.0,1.0,2000
Q8N8S7,25,4,3,0,4,0,6,6,1.0,1.0,0.0,0.0,1.0,1.0,2000
Q8N8S7,30,4,3,0,4,0,6,6,1.0,1.0,0.0,0.0,1.0,1.0,2000
Q8N8S7,5,4,3,0,4,0,3,6,0.5,0.5,0.0,0.0,1.0,1.0,2000
Q8NA82,10,3,1,0,3,0,3,3,1.0,1.0,0.0,0.0,1.0,1.0,2000
Q8NA82,15,3,1,0,3,0,3,3,1.0,1.0,0.0,0.0,1.0,1.0,2000
Q8NA82,20,3,1,0,3,0,3,3,1.0,1.0,0.0,0.0,1.0,1.0,2000
Q8NA82,25,3,1,0,3,0,3,3,1.0,1.0,0.0,0.0,1.0,1.0,2000
Q8NA82,30,3,1,0,3,0,3,3,1.0,1.0,0.0,0.0,1.0,1.0,2000
Q8NA82,5,3,1,0,3,0,3,3,1.0,1.0,0.0,0.0,1.0,1.0,2000
Q8NBS9,10,4,4,2,4,0,2,6,0.3333333333333333,0.3003333333333333,0.066431969738234,0.0329999999999999,1.109877913429523,0.8020989505247377,2000
Q8NBS9,15,4,4,2,4,0,2,6,0.3333333333333333,0.3333333333333332,5.552503422540543e-17,0.0,1.0000000000000002,1.0,2000
Q8NBS9,20,4,4,2,4,0,2,6,0.3333333333333333,0.3333333333333332,5.552503422540543e-17,0.0,1.0000000000000002,1.0,2000
Q8NBS9,25,4,4,2,4,0,2,6,0.3333333333333333,0.3333333333333332,5.552503422540543e-17,0.0,1.0000000000000002,1.0,2000
Q8NBS9,30,4,4,2,4,0,2,6,0.3333333333333333,0.3333333333333332,5.552503422540543e-17,0.0,1.0000000000000002,1.0,2000
Q8NBS9,5,4,4,2,4,0,1,6,0.1666666666666666,0.155,0.1180102014584695,0.0116666666666666,1.075268817204301,0.712143928035982,2000
Q8ND56,10,3,3,2,3,0,0,3,0.0,0.1646666666666666,0.1666963455315819,-0.1646666666666666,0.0,1.0,2000
Q8ND56,15,3,3,2,3,0,0,3,0.0,0.1646666666666666,0.1666963455315819,-0.1646666666666666,0.0,1.0,2000
Q8ND56,20,3,3,2,3,0,1,3,0.3333333333333333,0.2043333333333333,0.1623951541550625,0.129,1.6313213703099512,0.6131934032983508,2000
Q8ND56,25,3,3,2,3,0,1,3,0.3333333333333333,0.2605,0.1377772645273655,0.0728333333333333,1.2795905310300704,0.7816091954022989,2000
Q8ND56,30,3,3,2,3,0,1,3,0.3333333333333333,0.2976666666666666,0.1030635183864245,0.0356666666666666,1.1198208286674132,0.8930534732633684,2000
Q8ND56,5,3,3,2,3,0,0,3,0.0,0.1135,0.1579986237784724,-0.1135,0.0,1.0,2000
Q8ND83,10,7,4,7,7,0,8,21,0.3809523809523809,0.3293809523809523,0.0420425427118313,0.0515714285714286,1.1565707676738473,0.216391804097951,2000
Q8ND83,15,7,4,7,7,0,9,21,0.4285714285714285,0.4108333333333334,0.0550491834507065,0.0177380952380951,1.0431758910460731,0.5742128935532234,2000
Q8ND83,20,7,4,7,7,0,11,21,0.5238095238095238,0.4668333333333333,0.0618265185988842,0.0569761904761905,1.1220482480746672,0.431784107946027,2000
Q8ND83,25,7,4,7,7,0,11,21,0.5238095238095238,0.5014761904761904,0.049155493620197,0.0223333333333334,1.0445351818440796,0.8130934532733634,2000
Q8ND83,30,7,4,7,7,0,11,21,0.5238095238095238,0.5146190476190476,0.024228711824808,0.0091904761904761,1.0178587952253169,0.8585707146426786,2000
Q8ND83,5,7,4,7,7,0,4,21,0.1904761904761904,0.1977380952380952,0.0526153667553014,-0.0072619047619047,0.963275135460566,0.7346326836581709,2000
Q8NDC0,10,3,3,3,3,0,0,3,0.0,0.1115,0.1573111250411029,-0.1115,0.0,1.0,2000
Q8NDC0,15,3,3,3,3,0,1,3,0.3333333333333333,0.1668333333333333,0.1667082656106512,0.1665,1.9980019980019983,0.5007496251874063,2000
Q8NDC0,20,3,3,3,3,0,1,3,0.3333333333333333,0.2775,0.1245050229925491,0.0558333333333332,1.201201201201201,0.8325837081459271,2000
Q8NDC0,25,3,3,3,3,0,1,3,0.3333333333333333,0.4428333333333333,0.1565950542178863,-0.1094999999999999,0.7527286413248024,1.0,2000
Q8NDC0,30,3,3,3,3,0,2,3,0.6666666666666666,0.5476666666666666,0.1916931454692599,0.119,1.217285453438831,0.592703648175912,2000
Q8NDC0,5,3,3,3,3,0,0,3,0.0,0.0525,0.1214542117951509,-0.0525,0.0,1.0,2000
Q8NDV7,10,21,9,15,16,5,57,210,0.2714285714285714,0.26325,0.0061969572671576,0.0081785714285714,1.0310676977343645,0.1964017991004497,2000
Q8NDV7,15,21,9,15,16,5,77,210,0.3666666666666666,0.359892857142857,0.0068313382874622,0.0067738095238095,1.0188217392742551,0.3098450774612694,2000
Q8NDV7,20,21,9,15,16,5,103,210,0.4904761904761904,0.4728952380952381,0.0096364571257498,0.0175809523809523,1.0371772666854633,0.0214892553723138,2000
Q8NDV7,25,21,9,15,16,5,123,210,0.5857142857142857,0.5650261904761903,0.0127645807928409,0.0206880952380954,1.036614400512408,0.0284857571214392,2000
Q8NDV7,30,21,9,15,16,5,140,210,0.6666666666666666,0.6479833333333334,0.010408914686557,0.0186833333333332,1.0288330461174413,0.0669665167416291,2000
Q8NDV7,5,21,9,15,16,5,33,210,0.1571428571428571,0.1565357142857142,0.0081992285919112,0.0006071428571428,1.0038786219484372,0.5697151424287856,2000
Q8NDX5,10,23,12,11,18,5,36,253,0.1422924901185771,0.1241679841897233,0.0080099212816145,0.0181245059288537,1.145967626414554,0.0419790104947526,2000
Q8NDX5,15,23,12,11,18,5,42,253,0.1660079051383399,0.1523359683794466,0.0102200184930678,0.0136719367588933,1.0897485794348878,0.12143928035982,2000
Q8NDX5,20,23,12,11,18,5,47,253,0.1857707509881423,0.1686007905138339,0.0103622920338068,0.0171699604743083,1.1018379594898726,0.0824587706146926,2000
Q8NDX5,25,23,12,11,18,5,49,253,0.1936758893280632,0.1820256916996047,0.0110209586638963,0.0116501976284585,1.0640030400086855,0.1849075462268865,2000
Q8NDX5,30,23,12,11,18,5,56,253,0.2213438735177865,0.1986798418972332,0.0119997112521132,0.0226640316205533,1.1140731309433811,0.0429785107446276,2000
Q8NDX5,5,23,12,11,18,5,24,253,0.0948616600790513,0.084191699604743,0.006739858985793,0.0106699604743083,1.126734114222671,0.0944527736131934,2000
Q8NEM7,10,7,3,1,6,1,14,21,0.6666666666666666,0.6666666666666665,1.1105006845081086e-16,0.0,1.0000000000000002,1.0,2000
Q8NEM7,15,7,3,1,6,1,17,21,0.8095238095238095,0.7309523809523807,0.0361963934525706,0.0785714285714288,1.107491856677525,0.1754122938530734,2000
Q8NEM7,20,7,3,1,6,1,19,21,0.9047619047619048,0.770547619047619,0.0803899614305153,0.1342142857142857,1.174180391187467,0.1754122938530734,2000
Q8NEM7,25,7,3,1,6,1,21,21,1.0,0.847452380952381,0.102568017957698,0.152547619047619,1.180007304807125,0.1754122938530734,2000
Q8NEM7,30,7,3,1,6,1,21,21,1.0,0.9352380952380954,0.053325403609193,0.0647619047619045,1.0692464358452136,0.335832083958021,2000
Q8NEM7,5,7,3,1,6,1,9,21,0.4285714285714285,0.4285714285714285,0.0,0.0,1.0,1.0,2000
Q8NEY1,10,6,4,5,6,0,4,15,0.2666666666666666,0.2551,0.0252515772657974,0.0115666666666666,1.045341696066902,0.8265867066466767,2000
Q8NEY1,15,6,4,5,6,0,4,15,0.2666666666666666,0.2666666666666666,5.552503422540543e-17,0.0,1.0000000000000002,1.0,2000
Q8NEY1,20,6,4,5,6,0,4,15,0.2666666666666666,0.2666666666666666,5.552503422540543e-17,0.0,1.0000000000000002,1.0,2000
Q8NEY1,25,6,4,5,6,0,4,15,0.2666666666666666,0.2666666666666666,5.552503422540543e-17,0.0,1.0000000000000002,1.0,2000
Q8NEY1,30,6,4,5,6,0,4,15,0.2666666666666666,0.2666666666666666,5.552503422540543e-17,0.0,1.0000000000000002,1.0,2000
Q8NEY1,5,6,4,5,6,0,1,15,0.0666666666666666,0.1546333333333333,0.0625338905390924,-0.0879666666666666,0.4311273981461522,1.0,2000
Q8NEZ2,10,10,3,6,10,0,32,45,0.7111111111111111,0.7409555555555555,0.0396960455986012,-0.0298444444444443,0.9597216807125936,1.0,2000
Q8NEZ2,15,10,3,6,10,0,43,45,0.9555555555555556,0.949977777777778,0.0133921036305699,0.0055777777777776,1.0058714823738566,0.6616691654172914,2000
Q8NEZ2,20,10,3,6,10,0,45,45,1.0,1.0,0.0,0.0,1.0,1.0,2000
Q8NEZ2,25,10,3,6,10,0,45,45,1.0,1.0,0.0,0.0,1.0,1.0,2000
Q8NEZ2,30,10,3,6,10,0,45,45,1.0,1.0,0.0,0.0,1.0,1.0,2000
Q8NEZ2,5,10,3,6,10,0,19,45,0.4222222222222222,0.4277222222222223,0.0244328070691345,-0.0055,0.9871411871671644,0.6591704147926037,2000
Q8NEZ4,10,15,10,6,13,2,11,105,0.1047619047619047,0.0872904761904761,0.0139294605810453,0.0174714285714285,1.2001527467132185,0.3888055972013993,2000
Q8NEZ4,15,15,10,6,13,2,14,105,0.1333333333333333,0.1158619047619047,0.0139294605810453,0.0174714285714285,1.1507952817393448,0.3888055972013993,2000
Q8NEZ4,20,15,10,6,13,2,16,105,0.1523809523809524,0.1406714285714285,0.0088230726155925,0.0117095238095238,1.0832402423750045,0.2338830584707646,2000
Q8NEZ4,25,15,10,6,13,2,16,105,0.1523809523809524,0.1523809523809523,5.552503422540543e-17,0.0,1.0000000000000004,1.0,2000
Q8NEZ4,30,15,10,6,13,2,16,105,0.1523809523809524,0.1523809523809523,5.552503422540543e-17,0.0,1.0000000000000004,1.0,2000
Q8NEZ4,5,15,10,6,13,2,9,105,0.0857142857142857,0.0798809523809523,0.0124583636713387,0.0058333333333333,1.073025335320417,0.3558220889555222,2000
Q8NF91,10,9,7,3,9,0,3,36,0.0833333333333333,0.0833333333333333,1.3881258556351357e-17,0.0,1.0000000000000002,1.0,2000
Q8NF91,15,9,7,3,9,0,3,36,0.0833333333333333,0.0833333333333333,1.3881258556351357e-17,0.0,1.0000000000000002,1.0,2000
Q8NF91,20,9,7,3,9,0,3,36,0.0833333333333333,0.0833333333333333,1.3881258556351357e-17,0.0,1.0000000000000002,1.0,2000
Q8NF91,25,9,7,3,9,0,3,36,0.0833333333333333,0.0833333333333333,1.3881258556351357e-17,0.0,1.0000000000000002,1.0,2000
Q8NF91,30,9,7,3,9,0,3,36,0.0833333333333333,0.0833333333333333,1.3881258556351357e-17,0.0,1.0000000000000002,1.0,2000
Q8NF91,5,9,7,3,9,0,3,36,0.0833333333333333,0.0833333333333333,1.3881258556351357e-17,0.0,1.0000000000000002,1.0,2000
Q8NFC6,10,6,5,6,6,0,3,15,0.2,0.2,2.776251711270272e-17,0.0,1.0,1.0,2000
Q8NFC6,15,6,5,6,6,0,3,15,0.2,0.2,2.776251711270272e-17,0.0,1.0,1.0,2000
Q8NFC6,20,6,5,6,6,0,3,15,0.2,0.2,2.776251711270272e-17,0.0,1.0,1.0,2000
Q8NFC6,25,6,5,6,6,0,3,15,0.2,0.2,2.776251711270272e-17,0.0,1.0,1.0,2000
Q8NFC6,30,6,5,6,6,0,3,15,0.2,0.2,2.776251711270272e-17,0.0,1.0,1.0,2000
Q8NFC6,5,6,5,6,6,0,2,15,0.1333333333333333,0.1658,0.0436677110695142,-0.0324666666666666,0.8041817450743868,0.910544727636182,2000
Q8NFD5,10,4,3,3,0,4,3,6,0.5,0.5,0.0,0.0,1.0,1.0,2000
Q8NFD5,15,4,3,3,0,4,3,6,0.5,0.5,0.0,0.0,1.0,1.0,2000
Q8NFD5,20,4,3,3,0,4,3,6,0.5,0.5,0.0,0.0,1.0,1.0,2000
Q8NFD5,25,4,3,3,0,4,3,6,0.5,0.5,0.0,0.0,1.0,1.0,2000
Q8NFD5,30,4,3,3,0,4,3,6,0.5,0.5,0.0,0.0,1.0,1.0,2000
Q8NFD5,5,4,3,3,0,4,3,6,0.5,0.4441666666666666,0.0786847513149097,0.0558333333333333,1.125703564727955,0.665167416291854,2000
Q8NFH5,10,7,5,3,5,2,9,21,0.4285714285714285,0.3569285714285714,0.0714461137609664,0.0716428571428571,1.2007204322593557,0.4987506246876562,2000
Q8NFH5,15,7,5,3,5,2,10,21,0.4761904761904761,0.4523095238095238,0.0238153712536554,0.0238809523809523,1.0527978101805546,0.4987506246876562,2000
Q8NFH5,20,7,5,3,5,2,10,21,0.4761904761904761,0.4761904761904762,5.552503422540543e-17,0.0,1.0,1.0,2000
Q8NFH5,25,7,5,3,5,2,10,21,0.4761904761904761,0.4761904761904762,5.552503422540543e-17,0.0,1.0,1.0,2000
Q8NFH5,30,7,5,3,5,2,10,21,0.4761904761904761,0.4761904761904762,5.552503422540543e-17,0.0,1.0,1.0,2000
Q8NFH5,5,7,5,3,5,2,4,21,0.1904761904761904,0.166595238095238,0.0238153712536554,0.0238809523809523,1.1433471487780478,0.4987506246876562,2000
Q8NFQ8,10,3,3,1,2,1,0,3,0.0,0.0,0.0,0.0,inf,1.0,2000
Q8NFQ8,15,3,3,1,2,1,0,3,0.0,0.0,0.0,0.0,inf,1.0,2000
Q8NFQ8,20,3,3,1,2,1,0,3,0.0,0.0,0.0,0.0,inf,1.0,2000
Q8NFQ8,25,3,3,1,2,1,0,3,0.0,0.0,0.0,0.0,inf,1.0,2000
Q8NFQ8,30,3,3,1,2,1,1,3,0.3333333333333333,0.3333333333333332,5.552503422540543e-17,0.0,1.0000000000000002,1.0,2000
Q8NFQ8,5,3,3,1,2,1,0,3,0.0,0.0,0.0,0.0,inf,1.0,2000
Q8NG31,10,10,6,5,7,3,10,45,0.2222222222222222,0.2672444444444444,0.0218729034037477,-0.0450222222222221,0.8315316813570598,1.0,2000
Q8NG31,15,10,6,5,7,3,15,45,0.3333333333333333,0.3406666666666666,0.0104517847800138,-0.0073333333333333,0.9784735812133072,1.0,2000
Q8NG31,20,10,6,5,7,3,16,45,0.3555555555555555,0.3555555555555554,1.6657510267621627e-16,0.0,1.0000000000000004,1.0,2000
Q8NG31,25,10,6,5,7,3,16,45,0.3555555555555555,0.3555555555555554,1.6657510267621627e-16,0.0,1.0000000000000004,1.0,2000
Q8NG31,30,10,6,5,7,3,16,45,0.3555555555555555,0.3555555555555554,1.6657510267621627e-16,0.0,1.0000000000000004,1.0,2000
Q8NG31,5,10,6,5,7,3,5,45,0.1111111111111111,0.1228333333333333,0.0284328299303322,-0.0117222222222222,0.9045680687471732,0.8330834582708646,2000
Q8NHP8,10,3,2,1,3,0,1,3,0.3333333333333333,0.3333333333333332,5.552503422540543e-17,0.0,1.0000000000000002,1.0,2000
Q8NHP8,15,3,2,1,3,0,1,3,0.3333333333333333,0.3333333333333332,5.552503422540543e-17,0.0,1.0000000000000002,1.0,2000
Q8NHP8,20,3,2,1,3,0,1,3,0.3333333333333333,0.3333333333333332,5.552503422540543e-17,0.0,1.0000000000000002,1.0,2000
Q8NHP8,25,3,2,1,3,0,1,3,0.3333333333333333,0.3333333333333332,5.552503422540543e-17,0.0,1.0000000000000002,1.0,2000
Q8NHP8,30,3,2,1,3,0,1,3,0.3333333333333333,0.3333333333333332,5.552503422540543e-17,0.0,1.0000000000000002,1.0,2000
Q8NHP8,5,3,2,1,3,0,0,3,0.0,0.0,0.0,0.0,inf,1.0,2000
Q8NHV4,10,5,4,4,4,1,3,10,0.3,0.2343,0.0748753174055261,0.0656999999999999,1.2804097311139564,0.5107446276861569,2000
Q8NHV4,15,5,4,4,4,1,3,10,0.3,0.2999999999999999,1.1105006845081086e-16,0.0,1.0000000000000004,1.0,2000
Q8NHV4,20,5,4,4,4,1,3,10,0.3,0.2999999999999999,1.1105006845081086e-16,0.0,1.0000000000000004,1.0,2000
Q8NHV4,25,5,4,4,4,1,3,10,0.3,0.3174999999999999,0.0380062131251991,-0.0174999999999999,0.9448818897637798,1.0,2000
Q8NHV4,30,5,4,4,4,1,3,10,0.3,0.3174999999999999,0.0380062131251991,-0.0174999999999999,0.9448818897637798,1.0,2000
Q8NHV4,5,5,4,4,4,1,1,10,0.1,0.132,0.0733395482988021,-0.032,0.7575757575757575,1.0,2000
Q8NI27,10,3,3,1,3,0,1,3,0.3333333333333333,0.3333333333333332,5.552503422540543e-17,0.0,1.0000000000000002,1.0,2000
Q8NI27,15,3,3,1,3,0,1,3,0.3333333333333333,0.3333333333333332,5.552503422540543e-17,0.0,1.0000000000000002,1.0,2000
Q8NI27,20,3,3,1,3,0,1,3,0.3333333333333333,0.3333333333333332,5.552503422540543e-17,0.0,1.0000000000000002,1.0,2000
Q8NI27,25,3,3,1,3,0,1,3,0.3333333333333333,0.3333333333333332,5.552503422540543e-17,0.0,1.0000000000000002,1.0,2000
Q8NI27,30,3,3,1,3,0,1,3,0.3333333333333333,0.3333333333333332,5.552503422540543e-17,0.0,1.0000000000000002,1.0,2000
Q8NI27,5,3,3,1,3,0,1,3,0.3333333333333333,0.3333333333333332,5.552503422540543e-17,0.0,1.0000000000000002,1.0,2000
Q8TB72,10,3,3,2,3,0,0,3,0.0,0.0,0.0,0.0,inf,1.0,2000
Q8TB72,15,3,3,2,3,0,0,3,0.0,0.0,0.0,0.0,inf,1.0,2000
Q8TB72,20,3,3,2,3,0,0,3,0.0,0.0,0.0,0.0,inf,1.0,2000
Q8TB72,25,3,3,2,3,0,0,3,0.0,0.0,0.0,0.0,inf,1.0,2000
Q8TB72,30,3,3,2,3,0,0,3,0.0,0.0,0.0,0.0,inf,1.0,2000
Q8TB72,5,3,3,2,3,0,0,3,0.0,0.0,0.0,0.0,inf,1.0,2000
Q8TBZ0,10,4,3,1,4,0,0,6,0.0,0.0,0.0,0.0,inf,1.0,2000
Q8TBZ0,15,4,3,1,4,0,1,6,0.1666666666666666,0.1666666666666666,2.776251711270272e-17,0.0,1.0000000000000002,1.0,2000
Q8TBZ0,20,4,3,1,4,0,1,6,0.1666666666666666,0.1666666666666666,2.776251711270272e-17,0.0,1.0000000000000002,1.0,2000
Q8TBZ0,25,4,3,1,4,0,1,6,0.1666666666666666,0.1666666666666666,2.776251711270272e-17,0.0,1.0000000000000002,1.0,2000
Q8TBZ0,30,4,3,1,4,0,1,6,0.1666666666666666,0.1666666666666666,2.776251711270272e-17,0.0,1.0000000000000002,1.0,2000
Q8TBZ0,5,4,3,1,4,0,0,6,0.0,0.0,0.0,0.0,inf,1.0,2000
Q8TC07,10,3,2,2,3,0,3,3,1.0,1.0,0.0,0.0,1.0,1.0,2000
Q8TC07,15,3,2,2,3,0,3,3,1.0,1.0,0.0,0.0,1.0,1.0,2000
Q8TC07,20,3,2,2,3,0,3,3,1.0,1.0,0.0,0.0,1.0,1.0,2000
Q8TC07,25,3,2,2,3,0,3,3,1.0,1.0,0.0,0.0,1.0,1.0,2000
Q8TC07,30,3,2,2,3,0,3,3,1.0,1.0,0.0,0.0,1.0,1.0,2000
Q8TC07,5,3,2,2,3,0,2,3,0.6666666666666666,0.5535,0.1578860087964244,0.1131666666666666,1.2044564890093346,0.6606696651674163,2000
Q8TC56,10,3,1,0,3,0,3,3,1.0,1.0,0.0,0.0,1.0,1.0,2000
Q8TC56,15,3,1,0,3,0,3,3,1.0,1.0,0.0,0.0,1.0,1.0,2000
Q8TC56,20,3,1,0,3,0,3,3,1.0,1.0,0.0,0.0,1.0,1.0,2000
Q8TC56,25,3,1,0,3,0,3,3,1.0,1.0,0.0,0.0,1.0,1.0,2000
Q8TC56,30,3,1,0,3,0,3,3,1.0,1.0,0.0,0.0,1.0,1.0,2000
Q8TC56,5,3,1,0,3,0,3,3,1.0,1.0,0.0,0.0,1.0,1.0,2000
Q8TCJ2,10,7,4,3,7,0,7,21,0.3333333333333333,0.277595238095238,0.0322497017701329,0.0557380952380952,1.2007890899734113,0.1589205397301349,2000
Q8TCJ2,15,7,4,3,7,0,9,21,0.4285714285714285,0.4090238095238096,0.0234308363889058,0.0195476190476189,1.0477909075033467,0.5897051474262869,2000
Q8TCJ2,20,7,4,3,7,0,10,21,0.4761904761904761,0.4396190476190476,0.0315292470349575,0.0365714285714285,1.0831889081455806,0.3623188405797101,2000
Q8TCJ2,25,7,4,3,7,0,11,21,0.5238095238095238,0.5173809523809523,0.0162766207352333,0.0064285714285715,1.0124252185918088,0.8650674662668666,2000
Q8TCJ2,30,7,4,3,7,0,11,21,0.5238095238095238,0.5238095238095238,0.0,0.0,1.0,1.0,2000
Q8TCJ2,5,7,4,3,7,0,3,21,0.1428571428571428,0.105,0.0192286945598626,0.0378571428571428,1.3605442176870746,0.2053973013493253,2000
Q8TCN5,10,3,2,3,2,1,2,3,0.6666666666666666,0.6675,0.2726063837358914,-0.0008333333333333,0.9987515605493134,0.6671664167916042,2000
Q8TCN5,15,3,2,3,2,1,3,3,1.0,0.8605,0.2146224158625919,0.1394999999999999,1.1621150493898895,0.6671664167916042,2000
Q8TCN5,20,3,2,3,2,1,3,3,1.0,1.0,0.0,0.0,1.0,1.0,2000
Q8TCN5,25,3,2,3,2,1,3,3,1.0,1.0,0.0,0.0,1.0,1.0,2000
Q8TCN5,30,3,2,3,2,1,3,3,1.0,1.0,0.0,0.0,1.0,1.0,2000
Q8TCN5,5,3,2,3,2,1,0,3,0.0,0.3396666666666666,0.3071488115204606,-0.3396666666666666,0.0,1.0,2000
Q8TCU4,10,20,15,19,14,6,16,190,0.0842105263157894,0.0670052631578947,0.007967706448605,0.0172052631578947,1.2567748016652267,0.04047976011994,2000
Q8TCU4,15,20,15,19,14,6,16,190,0.0842105263157894,0.0754868421052631,0.0059588493454448,0.0087236842105263,1.1155656266341296,0.1999000499750124,2000
Q8TCU4,20,20,15,19,14,6,17,190,0.0894736842105263,0.0838973684210526,0.0050439040838066,0.0055763157894736,1.0664659201405224,0.3493253373313343,2000
Q8TCU4,25,20,15,19,14,6,17,190,0.0894736842105263,0.0873894736842105,0.0031418988783958,0.0020842105263157,1.0238496747771615,0.6626686656671664,2000
Q8TCU4,30,20,15,19,14,6,17,190,0.0894736842105263,0.0912157894736842,0.0036565894686316,-0.0017421052631579,0.9809012751716576,0.9160419790104948,2000
Q8TCU4,5,20,15,19,14,6,7,190,0.0368421052631578,0.0367315789473684,0.0090137253186834,0.0001105263157894,1.0030090270812435,0.5982008995502249,2000
Q8TD26,10,3,3,1,3,0,1,3,0.3333333333333333,0.3333333333333332,5.552503422540543e-17,0.0,1.0000000000000002,1.0,2000
Q8TD26,15,3,3,1,3,0,1,3,0.3333333333333333,0.3333333333333332,5.552503422540543e-17,0.0,1.0000000000000002,1.0,2000
Q8TD26,20,3,3,1,3,0,1,3,0.3333333333333333,0.3333333333333332,5.552503422540543e-17,0.0,1.0000000000000002,1.0,2000
Q8TD26,25,3,3,1,3,0,1,3,0.3333333333333333,0.3333333333333332,5.552503422540543e-17,0.0,1.0000000000000002,1.0,2000
Q8TD26,30,3,3,1,3,0,1,3,0.3333333333333333,0.3333333333333332,5.552503422540543e-17,0.0,1.0000000000000002,1.0,2000
Q8TD26,5,3,3,1,3,0,1,3,0.3333333333333333,0.3333333333333332,5.552503422540543e-17,0.0,1.0000000000000002,1.0,2000
Q8TDB6,10,3,2,1,3,0,0,3,0.0,0.4165,0.2768060988557467,-0.4165,0.0,1.0,2000
Q8TDB6,15,3,2,1,3,0,2,3,0.6666666666666666,0.8335,0.1667082656106513,-0.1668333333333334,0.7998400319936012,1.0,2000
Q8TDB6,20,3,2,1,3,0,2,3,0.6666666666666666,0.8335,0.1667082656106513,-0.1668333333333334,0.7998400319936012,1.0,2000
Q8TDB6,25,3,2,1,3,0,3,3,1.0,1.0,0.0,0.0,1.0,1.0,2000
Q8TDB6,30,3,2,1,3,0,3,3,1.0,1.0,0.0,0.0,1.0,1.0,2000
Q8TDB6,5,3,2,1,3,0,0,3,0.0,0.1668333333333333,0.1667082656106512,-0.1668333333333333,0.0,1.0,2000
Q8TDM6,10,8,5,4,6,2,12,28,0.4285714285714285,0.3801071428571428,0.0264098488751795,0.0484642857142857,1.1275016442732313,0.1589205397301349,2000
Q8TDM6,15,8,5,4,6,2,15,28,0.5357142857142857,0.4433392857142856,0.0697885560494082,0.092375,1.208361864099569,0.1634182908545727,2000
Q8TDM6,20,8,5,4,6,2,15,28,0.5357142857142857,0.491,0.0607136656531913,0.0447142857142857,1.0910677916787896,0.6411794102948526,2000
Q8TDM6,25,8,5,4,6,2,15,28,0.5357142857142857,0.529,0.0139574958914579,0.0067142857142856,1.012692411558196,0.8120939530234883,2000
Q8TDM6,30,8,5,4,6,2,15,28,0.5357142857142857,0.5357142857142857,0.0,0.0,1.0,1.0,2000
Q8TDM6,5,8,5,4,6,2,7,28,0.25,0.2906964285714286,0.0320523024268422,-0.0406964285714285,0.8600036857300817,1.0,2000
Q8TDN6,10,3,1,0,3,0,2,3,0.6666666666666666,0.6666666666666665,1.1105006845081086e-16,0.0,1.0000000000000002,1.0,2000
Q8TDN6,15,3,1,0,3,0,3,3,1.0,1.0,0.0,0.0,1.0,1.0,2000
Q8TDN6,20,3,1,0,3,0,3,3,1.0,1.0,0.0,0.0,1.0,1.0,2000
Q8TDN6,25,3,1,0,3,0,3,3,1.0,1.0,0.0,0.0,1.0,1.0,2000
Q8TDN6,30,3,1,0,3,0,3,3,1.0,1.0,0.0,0.0,1.0,1.0,2000
Q8TDN6,5,3,1,0,3,0,0,3,0.0,0.0,0.0,0.0,inf,1.0,2000
Q8TEK3,10,3,3,3,2,1,0,3,0.0,0.009,0.0540412826468345,-0.009,0.0,1.0,2000
Q8TEK3,15,3,3,3,2,1,0,3,0.0,0.018,0.0753580746815485,-0.018,0.0,1.0,2000
Q8TEK3,20,3,3,3,2,1,0,3,0.0,0.018,0.0753580746815485,-0.018,0.0,1.0,2000
Q8TEK3,25,3,3,3,2,1,0,3,0.0,0.0321666666666666,0.0984498550773954,-0.0321666666666666,0.0,1.0,2000
Q8TEK3,30,3,3,3,2,1,0,3,0.0,0.0503333333333333,0.119379475048539,-0.0503333333333333,0.0,1.0,2000
Q8TEK3,5,3,3,3,2,1,0,3,0.0,0.0,0.0,0.0,inf,1.0,2000
Q8TEM1,10,5,5,3,5,0,0,10,0.0,0.0,0.0,0.0,inf,1.0,2000
Q8TEM1,15,5,5,3,5,0,0,10,0.0,0.0,0.0,0.0,inf,1.0,2000
Q8TEM1,20,5,5,3,5,0,0,10,0.0,0.0,0.0,0.0,inf,1.0,2000
Q8TEM1,25,5,5,3,5,0,0,10,0.0,0.0,0.0,0.0,inf,1.0,2000
Q8TEM1,30,5,5,3,5,0,0,10,0.0,0.0,0.0,0.0,inf,1.0,2000
Q8TEM1,5,5,5,3,5,0,0,10,0.0,0.0,0.0,0.0,inf,1.0,2000
Q8TEQ6,10,5,4,4,5,0,4,10,0.4,0.4000000000000001,5.552503422540543e-17,0.0,1.0,1.0,2000
Q8TEQ6,15,5,4,4,5,0,4,10,0.4,0.4000000000000001,5.552503422540543e-17,0.0,1.0,1.0,2000
Q8TEQ6,20,5,4,4,5,0,4,10,0.4,0.4000000000000001,5.552503422540543e-17,0.0,1.0,1.0,2000
Q8TEQ6,25,5,4,4,5,0,4,10,0.4,0.4000000000000001,5.552503422540543e-17,0.0,1.0,1.0,2000
Q8TEQ6,30,5,4,4,5,0,4,10,0.4,0.4000000000000001,5.552503422540543e-17,0.0,1.0,1.0,2000
Q8TEQ6,5,5,4,4,5,0,3,10,0.3,0.28895,0.0568727945276007,0.01105,1.038241910365115,0.777111444277861,2000
Q8TF40,10,7,4,4,1,6,6,21,0.2857142857142857,0.2352857142857142,0.0397231614344368,0.0504285714285714,1.2143290831815423,0.3203398300849575,2000
Q8TF40,15,7,4,4,1,6,6,21,0.2857142857142857,0.2677619047619047,0.0287318128025971,0.0179523809523809,1.0670460608216257,0.6876561719140429,2000
Q8TF40,20,7,4,4,1,6,6,21,0.2857142857142857,0.2857142857142856,1.1105006845081086e-16,0.0,1.0000000000000004,1.0,2000
Q8TF40,25,7,4,4,1,6,6,21,0.2857142857142857,0.2857142857142856,1.1105006845081086e-16,0.0,1.0000000000000004,1.0,2000
Q8TF40,30,7,4,4,1,6,6,21,0.2857142857142857,0.2857142857142856,1.1105006845081086e-16,0.0,1.0000000000000004,1.0,2000
Q8TF40,5,7,4,4,1,6,2,21,0.0952380952380952,0.1004047619047619,0.0368864090734713,-0.0051666666666666,0.9485416172634574,0.7936031984007996,2000
Q8TF68,10,11,6,10,9,2,15,55,0.2727272727272727,0.214,0.0287039385847402,0.0587272727272727,1.274426508071368,0.0559720139930035,2000
Q8TF68,15,11,6,10,9,2,20,55,0.3636363636363636,0.3255727272727272,0.0387192704606128,0.0380636363636364,1.1169128528746548,0.1889055472263868,2000
Q8TF68,20,11,6,10,9,2,26,55,0.4727272727272727,0.4411727272727272,0.0524339745359457,0.0315545454545455,1.0715242432360033,0.297351324337831,2000
Q8TF68,25,11,6,10,9,2,31,55,0.5636363636363636,0.5219272727272728,0.0542629578804485,0.0417090909090908,1.0799136069114468,0.2698650674662669,2000
Q8TF68,30,11,6,10,9,2,36,55,0.6545454545454545,0.620009090909091,0.0556912705754976,0.0345363636363635,1.05570299555725,0.3363318340829585,2000
Q8TF68,5,11,6,10,9,2,7,55,0.1272727272727272,0.0931545454545454,0.0236440078313729,0.0341181818181818,1.3662535376207667,0.1329335332333833,2000
Q8TF74,10,7,4,6,6,1,8,21,0.3809523809523809,0.3296190476190476,0.0233787952772337,0.0513333333333333,1.1557353366079168,0.0849575212393803,2000
Q8TF74,15,7,4,6,6,1,9,21,0.4285714285714285,0.3814285714285714,0.0271913948437823,0.0471428571428571,1.1235955056179774,0.168415792103948,2000
Q8TF74,20,7,4,6,6,1,9,21,0.4285714285714285,0.3814285714285714,0.0271913948437823,0.0471428571428571,1.1235955056179774,0.168415792103948,2000
Q8TF74,25,7,4,6,6,1,9,21,0.4285714285714285,0.4285714285714285,0.0,0.0,1.0,1.0,2000
Q8TF74,30,7,4,6,6,1,9,21,0.4285714285714285,0.4285714285714285,0.0,0.0,1.0,1.0,2000
Q8TF74,5,7,4,6,6,1,5,21,0.238095238095238,0.2413809523809524,0.0458159051818408,-0.0032857142857143,0.986387847701716,0.6546726636681659,2000
Q8WU79,10,3,3,1,3,0,1,3,0.3333333333333333,0.3333333333333332,5.552503422540543e-17,0.0,1.0000000000000002,1.0,2000
Q8WU79,15,3,3,1,3,0,1,3,0.3333333333333333,0.3333333333333332,5.552503422540543e-17,0.0,1.0000000000000002,1.0,2000
Q8WU79,20,3,3,1,3,0,3,3,1.0,0.8299999999999998,0.1666750039602196,0.1700000000000001,1.204819277108434,0.4902548725637181,2000
Q8WU79,25,3,3,1,3,0,3,3,1.0,1.0,0.0,0.0,1.0,1.0,2000
Q8WU79,30,3,3,1,3,0,3,3,1.0,1.0,0.0,0.0,1.0,1.0,2000
Q8WU79,5,3,3,1,3,0,1,3,0.3333333333333333,0.3333333333333332,5.552503422540543e-17,0.0,1.0000000000000002,1.0,2000
Q8WUH6,10,5,3,0,5,0,9,10,0.9,0.9000000000000002,2.221001369016217e-16,0.0,0.9999999999999998,1.0,2000
Q8WUH6,15,5,3,0,5,0,10,10,1.0,1.0,0.0,0.0,1.0,1.0,2000
Q8WUH6,20,5,3,0,5,0,10,10,1.0,1.0,0.0,0.0,1.0,1.0,2000
Q8WUH6,25,5,3,0,5,0,10,10,1.0,1.0,0.0,0.0,1.0,1.0,2000
Q8WUH6,30,5,3,0,5,0,10,10,1.0,1.0,0.0,0.0,1.0,1.0,2000
Q8WUH6,5,5,3,0,5,0,5,10,0.5,0.5,0.0,0.0,1.0,1.0,2000
Q8WUM4,10,8,7,2,7,1,4,28,0.1428571428571428,0.1609821428571428,0.0178595992736269,-0.0181249999999999,0.8874098724348309,1.0,2000
Q8WUM4,15,8,7,2,7,1,5,28,0.1785714285714285,0.1785714285714285,5.552503422540543e-17,0.0,1.0000000000000002,1.0,2000
Q8WUM4,20,8,7,2,7,1,5,28,0.1785714285714285,0.1785714285714285,5.552503422540543e-17,0.0,1.0000000000000002,1.0,2000
Q8WUM4,25,8,7,2,7,1,5,28,0.1785714285714285,0.1785714285714285,5.552503422540543e-17,0.0,1.0000000000000002,1.0,2000
Q8WUM4,30,8,7,2,7,1,5,28,0.1785714285714285,0.1785714285714285,5.552503422540543e-17,0.0,1.0000000000000002,1.0,2000
Q8WUM4,5,8,7,2,7,1,2,28,0.0714285714285714,0.0714285714285714,2.776251711270272e-17,0.0,1.0000000000000004,1.0,2000
Q8WUR7,10,3,2,0,3,0,2,3,0.6666666666666666,0.6666666666666665,1.1105006845081086e-16,0.0,1.0000000000000002,1.0,2000
Q8WUR7,15,3,2,0,3,0,3,3,1.0,1.0,0.0,0.0,1.0,1.0,2000
Q8WUR7,20,3,2,0,3,0,3,3,1.0,1.0,0.0,0.0,1.0,1.0,2000
Q8WUR7,25,3,2,0,3,0,3,3,1.0,1.0,0.0,0.0,1.0,1.0,2000
Q8WUR7,30,3,2,0,3,0,3,3,1.0,1.0,0.0,0.0,1.0,1.0,2000
Q8WUR7,5,3,2,0,3,0,1,3,0.3333333333333333,0.3333333333333332,5.552503422540543e-17,0.0,1.0000000000000002,1.0,2000
Q8WW12,10,4,3,2,4,0,3,6,0.5,0.5,0.0,0.0,1.0,1.0,2000
Q8WW12,15,4,3,2,4,0,3,6,0.5,0.5,0.0,0.0,1.0,1.0,2000
Q8WW12,20,4,3,2,4,0,3,6,0.5,0.5,0.0,0.0,1.0,1.0,2000
Q8WW12,25,4,3,2,4,0,3,6,0.5,0.5,0.0,0.0,1.0,1.0,2000
Q8WW12,30,4,3,2,4,0,3,6,0.5,0.5,0.0,0.0,1.0,1.0,2000
Q8WW12,5,4,3,2,4,0,3,6,0.5,0.3305,0.1666842578677136,0.1694999999999999,1.51285930408472,0.4917541229385307,2000
Q8WWH5,10,4,3,3,4,0,1,6,0.1666666666666666,0.1666666666666666,2.776251711270272e-17,0.0,1.0000000000000002,1.0,2000
Q8WWH5,15,4,3,3,4,0,1,6,0.1666666666666666,0.1666666666666666,2.776251711270272e-17,0.0,1.0000000000000002,1.0,2000
Q8WWH5,20,4,3,3,4,0,1,6,0.1666666666666666,0.1666666666666666,2.776251711270272e-17,0.0,1.0000000000000002,1.0,2000
Q8WWH5,25,4,3,3,4,0,1,6,0.1666666666666666,0.1666666666666666,2.776251711270272e-17,0.0,1.0000000000000002,1.0,2000
Q8WWH5,30,4,3,3,4,0,1,6,0.1666666666666666,0.1666666666666666,2.776251711270272e-17,0.0,1.0000000000000002,1.0,2000
Q8WWH5,5,4,3,3,4,0,1,6,0.1666666666666666,0.1666666666666666,2.776251711270272e-17,0.0,1.0000000000000002,1.0,2000
Q8WWI1,10,27,21,10,26,1,52,351,0.1481481481481481,0.1481481481481481,0.0,0.0,1.0,1.0,2000
Q8WWI1,15,27,21,10,26,1,74,351,0.2108262108262108,0.2112991452991452,0.0010603239073445,-0.0004729344729344,0.9977617776339563,1.0,2000
Q8WWI1,20,27,21,10,26,1,89,351,0.2535612535612536,0.2549202279202279,0.0037106215905435,-0.0013589743589743,0.9946690210892186,0.7486256871564217,2000
Q8WWI1,25,27,21,10,26,1,105,351,0.2991452991452991,0.2974145299145299,0.0041073916985322,0.0017307692307692,1.0058193835764062,0.4757621189405297,2000
Q8WWI1,30,27,21,10,26,1,112,351,0.3190883190883191,0.3219002849002849,0.0028494745557972,-0.0028119658119657,0.9912644817545382,1.0,2000
Q8WWI1,5,27,21,10,26,1,25,351,0.0712250712250712,0.0721752136752136,0.0018908838540896,-0.0009501424501424,0.9868356129235992,0.8910544727636182,2000
Q8WWM7,10,17,12,7,13,4,29,136,0.213235294117647,0.2154044117647059,0.0090226546615533,-0.0021691176470588,0.9899300221880866,0.7531234382808596,2000
Q8WWM7,15,17,12,7,13,4,37,136,0.2720588235294117,0.265985294117647,0.0092732198847088,0.0060735294117647,1.0228340797257698,0.4137931034482758,2000
Q8WWM7,20,17,12,7,13,4,38,136,0.2794117647058823,0.2820220588235294,0.0118614499684515,-0.002610294117647,0.9907443618824144,0.6361819090454772,2000
Q8WWM7,25,17,12,7,13,4,40,136,0.2941176470588235,0.2933602941176471,0.0136359110688995,0.0007573529411764,1.002581647742938,0.5717141429285357,2000
Q8WWM7,30,17,12,7,13,4,41,136,0.3014705882352941,0.3019522058823529,0.012602689332061,-0.0004816176470588,0.9984049871546676,0.6116941529235382,2000
Q8WWM7,5,17,12,7,13,4,20,136,0.1470588235294117,0.1450257352941176,0.0063865911758114,0.0020330882352941,1.0140188100489265,0.5782108945527237,2000
Q8WWQ0,10,3,3,2,2,1,0,3,0.0,0.0,0.0,0.0,inf,1.0,2000
Q8WWQ0,15,3,3,2,2,1,0,3,0.0,0.0,0.0,0.0,inf,1.0,2000
Q8WWQ0,20,3,3,2,2,1,0,3,0.0,0.0,0.0,0.0,inf,1.0,2000
Q8WWQ0,25,3,3,2,2,1,0,3,0.0,0.0,0.0,0.0,inf,1.0,2000
Q8WWQ0,30,3,3,2,2,1,0,3,0.0,0.0,0.0,0.0,inf,1.0,2000
Q8WWQ0,5,3,3,2,2,1,0,3,0.0,0.0,0.0,0.0,inf,1.0,2000
Q8WX93,10,10,4,7,10,0,15,45,0.3333333333333333,0.3213222222222222,0.0259252512411847,0.0120111111111111,1.037380269027283,0.5252373813093453,2000
Q8WX93,15,10,4,7,10,0,15,45,0.3333333333333333,0.3485222222222221,0.0123824445919202,-0.0151888888888888,0.9564191666400996,0.953023488255872,2000
Q8WX93,20,10,4,7,10,0,16,45,0.3555555555555555,0.3555555555555554,1.6657510267621627e-16,0.0,1.0000000000000004,1.0,2000
Q8WX93,25,10,4,7,10,0,16,45,0.3555555555555555,0.3555555555555554,1.6657510267621627e-16,0.0,1.0000000000000004,1.0,2000
Q8WX93,30,10,4,7,10,0,16,45,0.3555555555555555,0.3555555555555554,1.6657510267621627e-16,0.0,1.0000000000000004,1.0,2000
Q8WX93,5,10,4,7,10,0,7,45,0.1555555555555555,0.2029666666666666,0.0409237377866296,-0.0474111111111111,0.7664093720917502,0.9435282358820588,2000
Q8WXH0,10,5,4,2,5,0,0,10,0.0,0.0678999999999999,0.0466977551941213,-0.0678999999999999,0.0,1.0,2000
Q8WXH0,15,5,4,2,5,0,1,10,0.1,0.1,1.3881258556351357e-17,0.0,1.0,1.0,2000
Q8WXH0,20,5,4,2,5,0,1,10,0.1,0.1,1.3881258556351357e-17,0.0,1.0,1.0,2000
Q8WXH0,25,5,4,2,5,0,1,10,0.1,0.1,1.3881258556351357e-17,0.0,1.0,1.0,2000
Q8WXH0,30,5,4,2,5,0,1,10,0.1,0.1,1.3881258556351357e-17,0.0,1.0,1.0,2000
Q8WXH0,5,5,4,2,5,0,0,10,0.0,0.0344,0.047515985567409,-0.0344,0.0,1.0,2000
Q8WXI7,10,3,3,2,3,0,0,3,0.0,0.0,0.0,0.0,inf,1.0,2000
Q8WXI7,15,3,3,2,3,0,0,3,0.0,0.0,0.0,0.0,inf,1.0,2000
Q8WXI7,20,3,3,2,3,0,0,3,0.0,0.0,0.0,0.0,inf,1.0,2000
Q8WXI7,25,3,3,2,3,0,0,3,0.0,0.0,0.0,0.0,inf,1.0,2000
Q8WXI7,30,3,3,2,3,0,0,3,0.0,0.0,0.0,0.0,inf,1.0,2000
Q8WXI7,5,3,3,2,3,0,0,3,0.0,0.0,0.0,0.0,inf,1.0,2000
Q8WXI9,10,18,9,3,14,4,26,153,0.1699346405228758,0.1754150326797385,0.0024057747741489,-0.0054803921568627,0.9687575684185036,1.0,2000
Q8WXI9,15,18,9,3,14,4,30,153,0.196078431372549,0.196078431372549,5.552503422540543e-17,0.0,0.9999999999999996,1.0,2000
Q8WXI9,20,18,9,3,14,4,34,153,0.2222222222222222,0.2222222222222223,8.328755133810814e-17,0.0,0.9999999999999996,1.0,2000
Q8WXI9,25,18,9,3,14,4,40,153,0.261437908496732,0.2679084967320261,0.0052986691251811,-0.0064705882352941,0.9758477677482312,1.0,2000
Q8WXI9,30,18,9,3,14,4,45,153,0.2941176470588235,0.3038496732026143,0.0097646161931176,-0.0097320261437907,0.9679709178515352,0.8330834582708646,2000
Q8WXI9,5,18,9,3,14,4,15,153,0.0980392156862745,0.1023954248366013,0.0030822308711507,-0.0043562091503268,0.9574569942233424,1.0,2000
Q8WY36,10,6,2,5,6,0,7,15,0.4666666666666667,0.5413666666666667,0.0875808875988532,-0.0746999999999999,0.8620158857213226,0.9505247376311844,2000
Q8WY36,15,6,2,5,6,0,9,15,0.6,0.6354333333333333,0.0332754374648982,-0.0354333333333333,0.9442375281959816,1.0,2000
Q8WY36,20,6,2,5,6,0,10,15,0.6666666666666666,0.6666666666666665,1.1105006845081086e-16,0.0,1.0000000000000002,1.0,2000
Q8WY36,25,6,2,5,6,0,10,15,0.6666666666666666,0.6666666666666665,1.1105006845081086e-16,0.0,1.0000000000000002,1.0,2000
Q8WY36,30,6,2,5,6,0,10,15,0.6666666666666666,0.6666666666666665,1.1105006845081086e-16,0.0,1.0000000000000002,1.0,2000
Q8WY36,5,6,2,5,6,0,4,15,0.2666666666666666,0.3515333333333333,0.1082340857061874,-0.0848666666666667,0.7585814526834818,0.8615692153923038,2000
Q8WYP5,10,13,8,8,12,1,9,78,0.1153846153846153,0.1049038461538461,0.0095378970507993,0.0104807692307692,1.0999083409715855,0.384807596201899,2000
Q8WYP5,15,13,8,8,12,1,10,78,0.1282051282051282,0.1203141025641025,0.0062384428197145,0.0078910256410256,1.0655868719697372,0.384807596201899,2000
Q8WYP5,20,13,8,8,12,1,11,78,0.141025641025641,0.1334358974358974,0.0063023850459403,0.0075897435897436,1.0568793235972331,0.408295852073963,2000
Q8WYP5,25,13,8,8,12,1,12,78,0.1538461538461538,0.1435705128205127,0.007630896825724,0.010275641025641,1.0715720855471718,0.296351824087956,2000
Q8WYP5,30,13,8,8,12,1,14,78,0.1794871794871795,0.1589358974358974,0.011522744976053,0.020551282051282,1.1293054771315645,0.089455272363818,2000
Q8WYP5,5,13,8,8,12,1,7,78,0.0897435897435897,0.0741089743589743,0.0095562072035281,0.0156346153846154,1.2109679093504029,0.1924037981009495,2000
Q8WYQ9,10,8,5,7,7,1,7,28,0.25,0.2764464285714286,0.0590369783483902,-0.0264464285714285,0.9043343453265292,0.735632183908046,2000
Q8WYQ9,15,8,5,7,7,1,11,28,0.3928571428571428,0.3347142857142857,0.0403785519629824,0.0581428571428571,1.1737089201877935,0.1799100449775112,2000
Q8WYQ9,20,8,5,7,7,1,11,28,0.3928571428571428,0.3928571428571429,1.1105006845081086e-16,0.0,0.9999999999999996,1.0,2000
Q8WYQ9,25,8,5,7,7,1,11,28,0.3928571428571428,0.3928571428571429,1.1105006845081086e-16,0.0,0.9999999999999996,1.0,2000
Q8WYQ9,30,8,5,7,7,1,11,28,0.3928571428571428,0.3928571428571429,1.1105006845081086e-16,0.0,0.9999999999999996,1.0,2000
Q8WYQ9,5,8,5,7,7,1,6,28,0.2142857142857142,0.1706785714285714,0.0589396175835328,0.0436071428571428,1.25549278091651,0.3193403298350825,2000
Q8WZ42,10,14,14,6,13,1,1,91,0.0109890109890109,0.0084670329670329,0.0046221589361288,0.002521978021978,1.2978585334198574,0.7706146926536732,2000
Q8WZ42,15,14,14,6,13,1,1,91,0.0109890109890109,0.0103791208791208,0.0025166028328758,0.0006098901098901,1.0587612493382743,0.944527736131934,2000
Q8WZ42,20,14,14,6,13,1,2,91,0.0219780219780219,0.0213681318681318,0.0025166028328758,0.0006098901098901,1.0285420416559532,0.944527736131934,2000
Q8WZ42,25,14,14,6,13,1,2,91,0.0219780219780219,0.0219780219780219,1.0410943917263517e-17,0.0,1.0000000000000004,1.0,2000
Q8WZ42,30,14,14,6,13,1,2,91,0.0219780219780219,0.0219780219780219,1.0410943917263517e-17,0.0,1.0000000000000004,1.0,2000
Q8WZ42,5,14,14,6,13,1,0,91,0.0,0.003098901098901,0.0049459985503174,-0.003098901098901,0.0,1.0,2000
Q92540,10,4,4,1,4,0,3,6,0.5,0.3314166666666666,0.1173332809870728,0.1685833333333333,1.5086748805632388,0.2423788105947026,2000
Q92540,15,4,4,1,4,0,3,6,0.5,0.5,0.0,0.0,1.0,1.0,2000
Q92540,20,4,4,1,4,0,3,6,0.5,0.5,0.0,0.0,1.0,1.0,2000
Q92540,25,4,4,1,4,0,3,6,0.5,0.5,0.0,0.0,1.0,1.0,2000
Q92540,30,4,4,1,4,0,3,6,0.5,0.5,0.0,0.0,1.0,1.0,2000
Q92540,5,4,4,1,4,0,2,6,0.3333333333333333,0.2069999999999999,0.0714002341814438,0.1263333333333333,1.6103059581320454,0.2423788105947026,2000
Q92541,10,3,1,0,3,0,3,3,1.0,1.0,0.0,0.0,1.0,1.0,2000
Q92541,15,3,1,0,3,0,3,3,1.0,1.0,0.0,0.0,1.0,1.0,2000
Q92541,20,3,1,0,3,0,3,3,1.0,1.0,0.0,0.0,1.0,1.0,2000
Q92541,25,3,1,0,3,0,3,3,1.0,1.0,0.0,0.0,1.0,1.0,2000
Q92541,30,3,1,0,3,0,3,3,1.0,1.0,0.0,0.0,1.0,1.0,2000
Q92541,5,3,1,0,3,0,3,3,1.0,1.0,0.0,0.0,1.0,1.0,2000
Q92542,10,5,4,2,5,0,1,10,0.1,0.1,1.3881258556351357e-17,0.0,1.0,1.0,2000
Q92542,15,5,4,2,5,0,1,10,0.1,0.16785,0.0467168998796707,-0.06785,0.5957700327673517,1.0,2000
Q92542,20,5,4,2,5,0,2,10,0.2,0.26785,0.0467168998796707,-0.0678499999999999,0.746686578308755,1.0,2000
Q92542,25,5,4,2,5,0,2,10,0.2,0.26785,0.0467168998796707,-0.0678499999999999,0.746686578308755,1.0,2000
Q92542,30,5,4,2,5,0,3,10,0.3,0.2999999999999999,1.1105006845081086e-16,0.0,1.0000000000000004,1.0,2000
Q92542,5,5,4,2,5,0,0,10,0.0,0.0,0.0,0.0,inf,1.0,2000
Q92570,10,5,3,4,1,4,2,10,0.2,0.166,0.0830508803346609,0.0339999999999999,1.2048192771084336,0.5237381309345327,2000
Q92570,15,5,3,4,1,4,3,10,0.3,0.2378,0.0751264400261019,0.0621999999999999,1.2615643397813288,0.4997501249375312,2000
Q92570,20,5,3,4,1,4,3,10,0.3,0.2989999999999999,0.064506437975369,0.001,1.0033444816053514,0.8470764617691154,2000
Q92570,25,5,3,4,1,4,4,10,0.4,0.3625499999999999,0.0792189075767826,0.03745,1.1032960970900567,0.4582708645677161,2000
Q92570,30,5,3,4,1,4,5,10,0.5,0.4292,0.0881546687522073,0.0707999999999999,1.1649580615097856,0.409295352323838,2000
Q92570,5,5,3,4,1,4,0,10,0.0,0.0553499999999999,0.0644472980590618,-0.0553499999999999,0.0,1.0,2000
Q92576,10,18,9,5,16,2,28,153,0.1830065359477124,0.1842189542483659,0.0045013984064983,-0.0012124183006535,0.993418601763318,0.8385807096451774,2000
Q92576,15,18,9,5,16,2,36,153,0.2352941176470588,0.241937908496732,0.0053800280833118,-0.0066437908496732,0.9725392730268932,1.0,2000
Q92576,20,18,9,5,16,2,44,153,0.2875816993464052,0.2835228758169934,0.0090051702059757,0.0040588235294117,1.0143156827036124,0.5162418790604698,2000
Q92576,25,18,9,5,16,2,50,153,0.326797385620915,0.3206274509803921,0.0119297246010312,0.0061699346405229,1.0192433137638617,0.5162418790604698,2000
Q92576,30,18,9,5,16,2,58,153,0.3790849673202614,0.3782287581699347,0.0069521247874167,0.0008562091503266,1.0022637336052116,0.6836581709145427,2000
Q92576,5,18,9,5,16,2,16,153,0.1045751633986928,0.1035228758169934,0.0069436356981151,0.0010522875816993,1.0101647831302478,0.6776611694152923,2000
Q92585,10,12,8,10,11,1,9,66,0.1363636363636363,0.1292575757575757,0.0263285589282893,0.0071060606060606,1.0549759699917949,0.4762618690654672,2000
Q92585,15,12,8,10,11,1,11,66,0.1666666666666666,0.1736060606060605,0.0269970214478982,-0.0069393939393939,0.9600279280851808,0.7106446776611695,2000
Q92585,20,12,8,10,11,1,14,66,0.2121212121212121,0.2179696969696969,0.0199797500602429,-0.0058484848484847,0.973168358125956,0.7646176911544228,2000
Q92585,25,12,8,10,11,1,15,66,0.2272727272727272,0.2316893939393939,0.0124192865378236,-0.0044166666666666,0.9809371219304844,0.847576211894053,2000
Q92585,30,12,8,10,11,1,16,66,0.2424242424242424,0.2424242424242423,1.1105006845081086e-16,0.0,1.0000000000000004,1.0,2000
Q92585,5,12,8,10,11,1,2,66,0.0303030303030303,0.0501439393939393,0.0188846876162979,-0.019840909090909,0.6043208943949238,0.9480259870064968,2000
Q92609,10,3,3,3,3,0,1,3,0.3333333333333333,0.3333333333333332,5.552503422540543e-17,0.0,1.0000000000000002,1.0,2000
Q92609,15,3,3,3,3,0,1,3,0.3333333333333333,0.3333333333333332,5.552503422540543e-17,0.0,1.0000000000000002,1.0,2000
Q92609,20,3,3,3,3,0,1,3,0.3333333333333333,0.3333333333333332,5.552503422540543e-17,0.0,1.0000000000000002,1.0,2000
Q92609,25,3,3,3,3,0,1,3,0.3333333333333333,0.3333333333333332,5.552503422540543e-17,0.0,1.0000000000000002,1.0,2000
Q92609,30,3,3,3,3,0,1,3,0.3333333333333333,0.3333333333333332,5.552503422540543e-17,0.0,1.0000000000000002,1.0,2000
Q92609,5,3,3,3,3,0,1,3,0.3333333333333333,0.3333333333333332,5.552503422540543e-17,0.0,1.0000000000000002,1.0,2000
Q92610,10,5,4,1,4,1,2,10,0.2,0.2,2.776251711270272e-17,0.0,1.0,1.0,2000
Q92610,15,5,4,1,4,1,2,10,0.2,0.2,2.776251711270272e-17,0.0,1.0,1.0,2000
Q92610,20,5,4,1,4,1,2,10,0.2,0.2,2.776251711270272e-17,0.0,1.0,1.0,2000
Q92610,25,5,4,1,4,1,2,10,0.2,0.2,2.776251711270272e-17,0.0,1.0,1.0,2000
Q92610,30,5,4,1,4,1,2,10,0.2,0.2,2.776251711270272e-17,0.0,1.0,1.0,2000
Q92610,5,5,4,1,4,1,1,10,0.1,0.15115,0.049999274632057,-0.05115,0.661594442606682,1.0,2000
Q92615,10,3,2,2,3,0,3,3,1.0,0.7763333333333332,0.1566558275389994,0.2236666666666668,1.2881064834693003,0.3293353323338331,2000
Q92615,15,3,2,2,3,0,3,3,1.0,1.0,0.0,0.0,1.0,1.0,2000
Q92615,20,3,2,2,3,0,3,3,1.0,1.0,0.0,0.0,1.0,1.0,2000
Q92615,25,3,2,2,3,0,3,3,1.0,1.0,0.0,0.0,1.0,1.0,2000
Q92615,30,3,2,2,3,0,3,3,1.0,1.0,0.0,0.0,1.0,1.0,2000
Q92615,5,3,2,2,3,0,2,3,0.6666666666666666,0.4429999999999999,0.1566558275389994,0.2236666666666666,1.5048908954100828,0.3293353323338331,2000
Q92733,10,5,3,5,5,0,3,10,0.3,0.43435,0.1109559963073572,-0.13435,0.6906872337976286,0.938030984507746,2000
Q92733,15,5,3,5,5,0,6,10,0.6,0.5661499999999998,0.0578865522074275,0.0338500000000001,1.0597898083546766,0.7171414292853573,2000
Q92733,20,5,3,5,5,0,6,10,0.6,0.5999999999999998,2.221001369016217e-16,0.0,1.0000000000000004,1.0,2000
Q92733,25,5,3,5,5,0,6,10,0.6,0.5999999999999998,2.221001369016217e-16,0.0,1.0000000000000004,1.0,2000
Q92733,30,5,3,5,5,0,6,10,0.6,0.5999999999999998,2.221001369016217e-16,0.0,1.0000000000000004,1.0,2000
Q92733,5,5,3,5,5,0,3,10,0.3,0.2361,0.1077153252589798,0.0638999999999999,1.2706480304955523,0.351824087956022,2000
Q92734,10,3,2,2,1,2,0,3,0.0,0.0508333333333333,0.1198649259245594,-0.0508333333333333,0.0,1.0,2000
Q92734,15,3,2,2,1,2,0,3,0.0,0.0595,0.1276762857789515,-0.0595,0.0,1.0,2000
Q92734,20,3,2,2,1,2,0,3,0.0,0.1068333333333333,0.1632651898156714,-0.1068333333333333,0.0,1.0,2000
Q92734,25,3,2,2,1,2,0,3,0.0,0.1548333333333333,0.1943392522976326,-0.1548333333333333,0.0,1.0,2000
Q92734,30,3,2,2,1,2,0,3,0.0,0.2016666666666666,0.2142640092127772,-0.2016666666666666,0.0,1.0,2000
Q92734,5,3,2,2,1,2,0,3,0.0,0.0343333333333333,0.1013449656751657,-0.0343333333333333,0.0,1.0,2000
Q92750,10,11,9,8,10,1,4,55,0.0727272727272727,0.0694727272727272,0.0123071986466434,0.0032545454545454,1.0468463752944253,0.6656671664167916,2000
Q92750,15,11,9,8,10,1,6,55,0.109090909090909,0.1022727272727272,0.0120136739812753,0.0068181818181818,1.0666666666666669,0.5392303848075962,2000
Q92750,20,11,9,8,10,1,7,55,0.1272727272727272,0.1182909090909091,0.0140866753999473,0.0089818181818181,1.0759299108515217,0.3313343328335832,2000
Q92750,25,11,9,8,10,1,8,55,0.1454545454545454,0.1244181818181818,0.0179608289990689,0.0210363636363636,1.1690778898144083,0.4217891054472764,2000
Q92750,30,11,9,8,10,1,8,55,0.1454545454545454,0.1309818181818182,0.0150999848331401,0.0144727272727272,1.110494169905608,0.4677661169415292,2000
Q92750,5,11,9,8,10,1,3,55,0.0545454545454545,0.0475363636363636,0.0088515442762866,0.0070090909090908,1.1474469305794603,0.6146926536731634,2000
Q92766,10,9,7,4,7,2,3,36,0.0833333333333333,0.0714027777777777,0.0137535720995021,0.0119305555555555,1.167088115152694,0.5707146426786607,2000
Q92766,15,9,7,4,7,2,4,36,0.1111111111111111,0.1060138888888889,0.0107547972841162,0.0050972222222222,1.0480807022140703,0.816591704147926,2000
Q92766,20,9,7,4,7,2,4,36,0.1111111111111111,0.1093611111111111,0.006750658990759,0.0017499999999999,1.0160020320040637,0.9370314842578712,2000
Q92766,25,9,7,4,7,2,4,36,0.1111111111111111,0.1111111111111111,4.164377566905407e-17,0.0,0.9999999999999996,1.0,2000
Q92766,30,9,7,4,7,2,5,36,0.1388888888888889,0.1203888888888889,0.0131043790873326,0.0184999999999999,1.1536686663590214,0.3343328335832084,2000
Q92766,5,9,7,4,7,2,2,36,0.0555555555555555,0.0381527777777777,0.0134403921637429,0.0174027777777777,1.4561339643247175,0.3738130934532733,2000
Q92793,10,24,13,19,15,9,27,276,0.0978260869565217,0.0847499999999999,0.0080100844054021,0.0130760869565217,1.1542901115813775,0.0889555222388805,2000
Q92793,15,24,13,19,15,9,32,276,0.1159420289855072,0.1056992753623188,0.0089838599125005,0.0102427536231884,1.096904672128338,0.1754122938530734,2000
Q92793,20,24,13,19,15,9,38,276,0.1376811594202898,0.1300996376811594,0.0095224377188999,0.0075815217391304,1.058274733690733,0.2578710644677661,2000
Q92793,25,24,13,19,15,9,40,276,0.144927536231884,0.1488586956521739,0.0117231336170674,-0.0039311594202898,0.9735913350371184,0.663168415792104,2000
Q92793,30,24,13,19,15,9,46,276,0.1666666666666666,0.1701086956521739,0.0132075748929179,-0.0034420289855072,0.979765708200213,0.6426786606696652,2000
Q92793,5,24,13,19,15,9,13,276,0.0471014492753623,0.0476431159420289,0.0056843431908898,-0.0005416666666666,0.9886307464162136,0.6456771614192903,2000
Q92797,10,3,2,2,3,0,1,3,0.3333333333333333,0.3333333333333332,5.552503422540543e-17,0.0,1.0000000000000002,1.0,2000
Q92797,15,3,2,2,3,0,1,3,0.3333333333333333,0.3333333333333332,5.552503422540543e-17,0.0,1.0000000000000002,1.0,2000
Q92797,20,3,2,2,3,0,1,3,0.3333333333333333,0.3333333333333332,5.552503422540543e-17,0.0,1.0000000000000002,1.0,2000
Q92797,25,3,2,2,3,0,1,3,0.3333333333333333,0.3333333333333332,5.552503422540543e-17,0.0,1.0000000000000002,1.0,2000
Q92797,30,3,2,2,3,0,1,3,0.3333333333333333,0.3333333333333332,5.552503422540543e-17,0.0,1.0000000000000002,1.0,2000
Q92797,5,3,2,2,3,0,1,3,0.3333333333333333,0.3333333333333332,5.552503422540543e-17,0.0,1.0000000000000002,1.0,2000
Q92841,10,9,6,8,9,0,16,36,0.4444444444444444,0.3886805555555555,0.0372195419921265,0.0557638888888888,1.1434697159192424,0.1064467766116941,2000
Q92841,15,9,6,8,9,0,18,36,0.5,0.4655138888888889,0.0231161187818261,0.0344861111111111,1.0740818092311364,0.2548725637181409,2000
Q92841,20,9,6,8,9,0,18,36,0.5,0.4862222222222223,0.0138919178510268,0.0137777777777777,1.028336380255941,0.504247876061969,2000
Q92841,25,9,6,8,9,0,18,36,0.5,0.4862222222222223,0.0138919178510268,0.0137777777777777,1.028336380255941,0.504247876061969,2000
Q92841,30,9,6,8,9,0,18,36,0.5,0.5,0.0,0.0,1.0,1.0,2000
Q92841,5,9,6,8,9,0,9,36,0.25,0.2114166666666667,0.0334881324894696,0.0385833333333333,1.1824990145841543,0.2028985507246377,2000
Q92854,10,4,4,2,4,0,2,6,0.3333333333333333,0.3333333333333332,5.552503422540543e-17,0.0,1.0000000000000002,1.0,2000
Q92854,15,4,4,2,4,0,2,6,0.3333333333333333,0.3333333333333332,5.552503422540543e-17,0.0,1.0000000000000002,1.0,2000
Q92854,20,4,4,2,4,0,2,6,0.3333333333333333,0.3333333333333332,5.552503422540543e-17,0.0,1.0000000000000002,1.0,2000
Q92854,25,4,4,2,4,0,2,6,0.3333333333333333,0.3333333333333332,5.552503422540543e-17,0.0,1.0000000000000002,1.0,2000
Q92854,30,4,4,2,4,0,2,6,0.3333333333333333,0.3333333333333332,5.552503422540543e-17,0.0,1.0000000000000002,1.0,2000
Q92854,5,4,4,2,4,0,1,6,0.1666666666666666,0.12675,0.0711475121437293,0.0399166666666666,1.314924391847469,0.7606196901549226,2000
Q92878,10,4,4,3,4,0,0,6,0.0,0.0,0.0,0.0,inf,1.0,2000
Q92878,15,4,4,3,4,0,0,6,0.0,0.0,0.0,0.0,inf,1.0,2000
Q92878,20,4,4,3,4,0,0,6,0.0,0.0400833333333333,0.0712490010773604,-0.0400833333333333,0.0,1.0,2000
Q92878,25,4,4,3,4,0,0,6,0.0,0.1258333333333333,0.0716991270996926,-0.1258333333333333,0.0,1.0,2000
Q92878,30,4,4,3,4,0,1,6,0.1666666666666666,0.1666666666666666,2.776251711270272e-17,0.0,1.0000000000000002,1.0,2000
Q92878,5,4,4,3,4,0,0,6,0.0,0.0,0.0,0.0,inf,1.0,2000
Q92917,10,5,3,2,4,1,6,10,0.6,0.6318999999999999,0.0466205613261915,-0.0318999999999999,0.9495173286912488,1.0,2000
Q92917,15,5,3,2,4,1,8,10,0.8,0.8319000000000003,0.0466205613261915,-0.0319000000000002,0.9616540449573264,1.0,2000
Q92917,20,5,3,2,4,1,10,10,1.0,1.0,0.0,0.0,1.0,1.0,2000
Q92917,25,5,3,2,4,1,10,10,1.0,1.0,0.0,0.0,1.0,1.0,2000
Q92917,30,5,3,2,4,1,10,10,1.0,1.0,0.0,0.0,1.0,1.0,2000
Q92917,5,5,3,2,4,1,3,10,0.3,0.3985,0.0808146985872859,-0.0985,0.7528230865746549,1.0,2000
Q92945,10,9,6,2,9,0,7,36,0.1944444444444444,0.1944444444444445,5.552503422540543e-17,0.0,0.9999999999999996,1.0,2000
Q92945,15,9,6,2,9,0,7,36,0.1944444444444444,0.1944444444444445,5.552503422540543e-17,0.0,0.9999999999999996,1.0,2000
Q92945,20,9,6,2,9,0,7,36,0.1944444444444444,0.1944444444444445,5.552503422540543e-17,0.0,0.9999999999999996,1.0,2000
Q92945,25,9,6,2,9,0,7,36,0.1944444444444444,0.1944444444444445,5.552503422540543e-17,0.0,0.9999999999999996,1.0,2000
Q92945,30,9,6,2,9,0,7,36,0.1944444444444444,0.1944444444444445,5.552503422540543e-17,0.0,0.9999999999999996,1.0,2000
Q92945,5,9,6,2,9,0,6,36,0.1666666666666666,0.1666666666666666,2.776251711270272e-17,0.0,1.0000000000000002,1.0,2000
Q93052,10,13,9,9,11,2,13,78,0.1666666666666666,0.1666666666666666,2.776251711270272e-17,0.0,1.0000000000000002,1.0,2000
Q93052,15,13,9,9,11,2,16,78,0.2051282051282051,0.1931410256410256,0.0082588634200513,0.0119871794871794,1.0620643876535012,0.2423788105947026,2000
Q93052,20,13,9,9,11,2,19,78,0.2435897435897435,0.2579102564102564,0.0134148055063896,-0.0143205128205128,0.944474822289606,1.0,2000
Q93052,25,13,9,9,11,2,25,78,0.3205128205128205,0.3054743589743589,0.0107296373097617,0.0150384615384616,1.0492298652788856,0.1739130434782608,2000
Q93052,30,13,9,9,11,2,26,78,0.3333333333333333,0.3167628205128205,0.01123041368793,0.0165705128205128,1.0523120509966608,0.280359820089955,2000
Q93052,5,13,9,9,11,2,11,78,0.141025641025641,0.1370961538461538,0.0152465216953542,0.0039294871794871,1.028662271473325,0.5622188905547226,2000
Q96AE4,10,5,4,4,5,0,2,10,0.2,0.2,2.776251711270272e-17,0.0,1.0,1.0,2000
Q96AE4,15,5,4,4,5,0,2,10,0.2,0.2,2.776251711270272e-17,0.0,1.0,1.0,2000
Q96AE4,20,5,4,4,5,0,2,10,0.2,0.2,2.776251711270272e-17,0.0,1.0,1.0,2000
Q96AE4,25,5,4,4,5,0,2,10,0.2,0.2,2.776251711270272e-17,0.0,1.0,1.0,2000
Q96AE4,30,5,4,4,5,0,2,10,0.2,0.2,2.776251711270272e-17,0.0,1.0,1.0,2000
Q96AE4,5,5,4,4,5,0,1,10,0.1,0.09945,0.0720922752316365,0.0005499999999999,1.0055304172951232,0.7376311844077961,2000
Q96AG3,10,3,2,3,3,0,1,3,0.3333333333333333,0.6118333333333333,0.2555459551644944,-0.2785,0.5448106782892944,1.0,2000
Q96AG3,15,3,2,3,3,0,2,3,0.6666666666666666,0.8388333333333332,0.2275377210157038,-0.1721666666666665,0.794754619511226,0.8920539730134932,2000
Q96AG3,20,3,2,3,3,0,3,3,1.0,1.0,0.0,0.0,1.0,1.0,2000
Q96AG3,25,3,2,3,3,0,3,3,1.0,1.0,0.0,0.0,1.0,1.0,2000
Q96AG3,30,3,2,3,3,0,3,3,1.0,1.0,0.0,0.0,1.0,1.0,2000
Q96AG3,5,3,2,3,3,0,0,3,0.0,0.3286666666666666,0.3315449775629012,-0.3286666666666666,0.0,1.0,2000
Q96AY3,10,5,3,3,4,1,4,10,0.4,0.3776,0.0417026324681954,0.0223999999999999,1.059322033898305,0.776111944027986,2000
Q96AY3,15,5,3,3,4,1,4,10,0.4,0.4000000000000001,5.552503422540543e-17,0.0,1.0,1.0,2000
Q96AY3,20,5,3,3,4,1,4,10,0.4,0.4000000000000001,5.552503422540543e-17,0.0,1.0,1.0,2000
Q96AY3,25,5,3,3,4,1,4,10,0.4,0.4000000000000001,5.552503422540543e-17,0.0,1.0,1.0,2000
Q96AY3,30,5,3,3,4,1,4,10,0.4,0.4000000000000001,5.552503422540543e-17,0.0,1.0,1.0,2000
Q96AY3,5,5,3,3,4,1,2,10,0.2,0.27545,0.1034294267757565,-0.07545,0.7260845888546015,0.8810594702648675,2000
Q96AY4,10,5,4,5,5,0,1,10,0.1,0.1078,0.0626986886847037,-0.0078,0.927643784786642,0.8395802098950524,2000
Q96AY4,15,5,4,5,5,0,2,10,0.2,0.2,2.776251711270272e-17,0.0,1.0,1.0,2000
Q96AY4,20,5,4,5,5,0,2,10,0.2,0.2,2.776251711270272e-17,0.0,1.0,1.0,2000
Q96AY4,25,5,4,5,5,0,2,10,0.2,0.2,2.776251711270272e-17,0.0,1.0,1.0,2000
Q96AY4,30,5,4,5,5,0,2,10,0.2,0.2,2.776251711270272e-17,0.0,1.0,1.0,2000
Q96AY4,5,5,4,5,5,0,0,10,0.0,0.0822,0.0683044123492266,-0.0822,0.0,1.0,2000
Q96B49,10,3,2,0,3,0,3,3,1.0,1.0,0.0,0.0,1.0,1.0,2000
Q96B49,15,3,2,0,3,0,3,3,1.0,1.0,0.0,0.0,1.0,1.0,2000
Q96B49,20,3,2,0,3,0,3,3,1.0,1.0,0.0,0.0,1.0,1.0,2000
Q96B49,25,3,2,0,3,0,3,3,1.0,1.0,0.0,0.0,1.0,1.0,2000
Q96B49,30,3,2,0,3,0,3,3,1.0,1.0,0.0,0.0,1.0,1.0,2000
Q96B49,5,3,2,0,3,0,2,3,0.6666666666666666,0.6666666666666665,1.1105006845081086e-16,0.0,1.0000000000000002,1.0,2000
Q96B97,10,5,3,5,5,0,3,10,0.3,0.20765,0.074961904615423,0.0923499999999999,1.444738743077293,0.2893553223388306,2000
Q96B97,15,5,3,5,5,0,3,10,0.3,0.3136999999999999,0.0343933343938235,-0.0136999999999999,0.9563277016257572,1.0,2000
Q96B97,20,5,3,5,5,0,3,10,0.3,0.3136999999999999,0.0343933343938235,-0.0136999999999999,0.9563277016257572,1.0,2000
Q96B97,25,5,3,5,5,0,3,10,0.3,0.3136999999999999,0.0343933343938235,-0.0136999999999999,0.9563277016257572,1.0,2000
Q96B97,30,5,3,5,5,0,3,10,0.3,0.32715,0.0444844572122301,-0.02715,0.9170105456212746,1.0,2000
Q96B97,5,5,3,5,5,0,3,10,0.3,0.1503,0.086796755921055,0.1496999999999999,1.996007984031936,0.2518740629685157,2000
Q96BD5,10,14,8,5,14,0,26,91,0.2857142857142857,0.2725109890109889,0.0066851022344103,0.0132032967032967,1.0484505111196245,0.1049475262368815,2000
Q96BD5,15,14,8,5,14,0,30,91,0.3296703296703296,0.323087912087912,0.0097709197488582,0.0065824175824176,1.0203734566851468,0.456271864067966,2000
Q96BD5,20,14,8,5,14,0,35,91,0.3846153846153846,0.3680604395604395,0.0075191808501513,0.016554945054945,1.0449788764984251,0.056471764117941,2000
Q96BD5,25,14,8,5,14,0,36,91,0.3956043956043956,0.3968406593406594,0.0099221177763355,-0.0012362637362637,0.996884735202492,0.7201399300349826,2000
Q96BD5,30,14,8,5,14,0,38,91,0.4175824175824176,0.4174340659340659,0.0113077252724708,0.0001483516483516,1.0003553894146604,0.6476761619190404,2000
Q96BD5,5,14,8,5,14,0,17,91,0.1868131868131868,0.1659670329670329,0.0091726280521992,0.0208461538461538,1.1256041845990865,0.1049475262368815,2000
Q96CB8,10,11,7,11,11,0,15,55,0.2727272727272727,0.2129272727272727,0.0354073120691883,0.0597999999999999,1.2808470668602168,0.079960019990005,2000
Q96CB8,15,11,7,11,11,0,17,55,0.3090909090909091,0.3204363636363636,0.0276386326203425,-0.0113454545454544,0.964593735814798,0.7791104447776112,2000
Q96CB8,20,11,7,11,11,0,21,55,0.3818181818181818,0.4138272727272727,0.0368431692825757,-0.0320090909090908,0.922651084115024,0.8660669665167416,2000
Q96CB8,25,11,7,11,11,0,31,55,0.5636363636363636,0.5189818181818182,0.0455243050125525,0.0446545454545453,1.0860426008968609,0.2388805597201399,2000
Q96CB8,30,11,7,11,11,0,34,55,0.6181818181818182,0.5879,0.0416170235538507,0.0302818181818181,1.0515084507260049,0.3113443278360819,2000
Q96CB8,5,11,7,11,11,0,8,55,0.1454545454545454,0.1057818181818181,0.0279850050182731,0.0396727272727272,1.3750429700928153,0.1349325337331334,2000
Q96D71,10,3,3,2,2,1,1,3,0.3333333333333333,0.3434999999999998,0.0573338587874521,-0.0101666666666665,0.9704027171276084,1.0,2000
Q96D71,15,3,3,2,2,1,1,3,0.3333333333333333,0.3923333333333332,0.1893944784505797,-0.0589999999999999,0.8496176720475788,1.0,2000
Q96D71,20,3,3,2,2,1,1,3,0.3333333333333333,0.4031666666666665,0.1951583802881606,-0.0698333333333332,0.8267879288962383,1.0,2000
Q96D71,25,3,3,2,2,1,1,3,0.3333333333333333,0.4553333333333332,0.257842150589549,-0.1219999999999998,0.732064421669107,1.0,2000
Q96D71,30,3,3,2,2,1,3,3,1.0,0.4974999999999999,0.274121200069011,0.5025000000000001,2.0100502512562817,0.2133933033483258,2000
Q96D71,5,3,3,2,2,1,1,3,0.3333333333333333,0.3333333333333332,5.552503422540543e-17,0.0,1.0000000000000002,1.0,2000
Q96DF8,10,3,2,3,3,0,2,3,0.6666666666666666,0.8036666666666665,0.2341238188156514,-0.1369999999999999,0.829531314807134,0.8745627186406797,2000
Q96DF8,15,3,2,3,3,0,2,3,0.6666666666666666,0.9546666666666668,0.1142914312870077,-0.288,0.6983240223463687,1.0,2000
Q96DF8,20,3,2,3,3,0,3,3,1.0,1.0,0.0,0.0,1.0,1.0,2000
Q96DF8,25,3,2,3,3,0,3,3,1.0,1.0,0.0,0.0,1.0,1.0,2000
Q96DF8,30,3,2,3,3,0,3,3,1.0,1.0,0.0,0.0,1.0,1.0,2000
Q96DF8,5,3,2,3,3,0,0,3,0.0,0.3106666666666666,0.1904787155315135,-0.3106666666666666,0.0,1.0,2000
Q96EV2,10,10,5,6,9,1,11,45,0.2444444444444444,0.2517222222222222,0.0202045964522227,-0.0072777777777778,0.9710880600308982,0.8205897051474262,2000
Q96EV2,15,10,5,6,9,1,15,45,0.3333333333333333,0.3109333333333333,0.0193769133099611,0.0224,1.0720411663807892,0.3213393303348326,2000
Q96EV2,20,10,5,6,9,1,20,45,0.4444444444444444,0.4152222222222223,0.0210962007322762,0.029222222222222,1.07037730800107,0.3428285857071464,2000
Q96EV2,25,10,5,6,9,1,22,45,0.4888888888888889,0.4742777777777778,0.0105481003661381,0.014611111111111,1.0308070750849243,0.3428285857071464,2000
Q96EV2,30,10,5,6,9,1,22,45,0.4888888888888889,0.4888888888888889,0.0,0.0,1.0,1.0,2000
Q96EV2,5,10,5,6,9,1,7,45,0.1555555555555555,0.1222222222222222,0.0333416697929693,0.0333333333333333,1.272727272727273,0.5002498750624688,2000
Q96GX5,10,3,2,3,2,1,1,3,0.3333333333333333,0.642,0.2932406966370685,-0.3086666666666667,0.5192107995846313,1.0,2000
Q96GX5,15,3,2,3,2,1,3,3,1.0,0.8425,0.2324953986394733,0.1574999999999999,1.1869436201780414,0.6461769115442278,2000
Q96GX5,20,3,2,3,2,1,3,3,1.0,0.9618333333333332,0.1061657353361126,0.0381666666666667,1.0396811644429045,0.8855572213893054,2000
Q96GX5,25,3,2,3,2,1,3,3,1.0,1.0,0.0,0.0,1.0,1.0,2000
Q96GX5,30,3,2,3,2,1,3,3,1.0,1.0,0.0,0.0,1.0,1.0,2000
Q96GX5,5,3,2,3,2,1,1,3,0.3333333333333333,0.4284999999999999,0.2935183959253585,-0.0951666666666666,0.7779074290159472,0.848575712143928,2000
Q96HA1,10,41,16,26,24,17,58,820,0.0707317073170731,0.0589621951219512,0.0039449723301834,0.0117695121951219,1.1996111605203823,0.0064967516241879,2000
Q96HA1,15,41,16,26,24,17,81,820,0.098780487804878,0.0808487804878048,0.0044895874939673,0.0179317073170731,1.221793170025341,0.0019990004997501,2000
Q96HA1,20,41,16,26,24,17,102,820,0.124390243902439,0.1105884146341463,0.0045788976533631,0.0138018292682926,1.1248035729054666,0.0109945027486256,2000
Q96HA1,25,41,16,26,24,17,115,820,0.1402439024390244,0.13235,0.0053914361778405,0.0078939024390244,1.0596441438536033,0.0899550224887556,2000
Q96HA1,30,41,16,26,24,17,134,820,0.1634146341463414,0.1568109756097561,0.0057535784654404,0.0066036585365853,1.042112221487732,0.1394302848575712,2000
Q96HA1,5,41,16,26,24,17,34,820,0.0414634146341463,0.029165243902439,0.0030719927369308,0.0122981707317073,1.4216721373168024,0.0019990004997501,2000
Q96HC4,10,27,14,11,27,0,47,351,0.1339031339031339,0.1382991452991453,0.0078458574426123,-0.0043960113960114,0.9682137486352304,0.7571214392803598,2000
Q96HC4,15,27,14,11,27,0,62,351,0.1766381766381766,0.1833504273504273,0.0122349614649253,-0.0067122507122507,0.9633911368015412,0.7176411794102948,2000
Q96HC4,20,27,14,11,27,0,76,351,0.2165242165242165,0.2236538461538461,0.0106424541409559,-0.0071296296296295,0.968122034330117,0.7861069465267366,2000
Q96HC4,25,27,14,11,27,0,96,351,0.2735042735042735,0.269051282051282,0.0099646486665816,0.0044529914529914,1.0165507163505831,0.3728135932033983,2000
Q96HC4,30,27,14,11,27,0,109,351,0.3105413105413105,0.3067037037037037,0.0111502159497668,0.0038376068376068,1.0125124241776822,0.4157921039480259,2000
Q96HC4,5,27,14,11,27,0,26,351,0.074074074074074,0.074071225071225,0.0053760762192715,2.849002848998028e-06,1.0000384630178083,0.5877061469265368,2000
Q96I24,10,16,10,6,16,0,14,120,0.1166666666666666,0.1189875,0.0079424664951072,-0.0023208333333333,0.9804951500507756,0.8125937031484258,2000
Q96I24,15,16,10,6,16,0,27,120,0.225,0.1983625,0.013033372776482,0.0266374999999999,1.134286974604575,0.056471764117941,2000
Q96I24,20,16,10,6,16,0,35,120,0.2916666666666667,0.2707041666666666,0.0135530907994612,0.0209625,1.0774369314596195,0.112943528235882,2000
Q96I24,25,16,10,6,16,0,42,120,0.35,0.3356291666666666,0.0122861897213018,0.0143708333333333,1.0428175938225472,0.2378810594702648,2000
Q96I24,30,16,10,6,16,0,51,120,0.425,0.4015958333333333,0.0108065970858473,0.0234041666666666,1.058277912079931,0.0389805097451274,2000
Q96I24,5,16,10,6,16,0,8,120,0.0666666666666666,0.052775,0.0068183052373607,0.0138916666666666,1.2632243802305383,0.0714642678660669,2000
Q96J42,10,3,2,1,3,0,1,3,0.3333333333333333,0.3333333333333332,5.552503422540543e-17,0.0,1.0000000000000002,1.0,2000
Q96J42,15,3,2,1,3,0,1,3,0.3333333333333333,0.3333333333333332,5.552503422540543e-17,0.0,1.0000000000000002,1.0,2000
Q96J42,20,3,2,1,3,0,1,3,0.3333333333333333,0.3333333333333332,5.552503422540543e-17,0.0,1.0000000000000002,1.0,2000
Q96J42,25,3,2,1,3,0,1,3,0.3333333333333333,0.3333333333333332,5.552503422540543e-17,0.0,1.0000000000000002,1.0,2000
Q96J42,30,3,2,1,3,0,1,3,0.3333333333333333,0.3333333333333332,5.552503422540543e-17,0.0,1.0000000000000002,1.0,2000
Q96J42,5,3,2,1,3,0,0,3,0.0,0.0,0.0,0.0,inf,1.0,2000
Q96JE9,10,4,3,3,4,0,1,6,0.1666666666666666,0.1666666666666666,2.776251711270272e-17,0.0,1.0000000000000002,1.0,2000
Q96JE9,15,4,3,3,4,0,1,6,0.1666666666666666,0.1666666666666666,2.776251711270272e-17,0.0,1.0000000000000002,1.0,2000
Q96JE9,20,4,3,3,4,0,1,6,0.1666666666666666,0.1666666666666666,2.776251711270272e-17,0.0,1.0000000000000002,1.0,2000
Q96JE9,25,4,3,3,4,0,1,6,0.1666666666666666,0.1666666666666666,2.776251711270272e-17,0.0,1.0000000000000002,1.0,2000
Q96JE9,30,4,3,3,4,0,1,6,0.1666666666666666,0.1666666666666666,2.776251711270272e-17,0.0,1.0000000000000002,1.0,2000
Q96JE9,5,4,3,3,4,0,1,6,0.1666666666666666,0.1666666666666666,2.776251711270272e-17,0.0,1.0000000000000002,1.0,2000
Q96JH7,10,6,3,4,6,0,9,15,0.6,0.6262666666666665,0.0325838025010287,-0.0262666666666665,0.9580583351075156,1.0,2000
Q96JH7,15,6,3,4,6,0,10,15,0.6666666666666666,0.6666666666666665,1.1105006845081086e-16,0.0,1.0000000000000002,1.0,2000
Q96JH7,20,6,3,4,6,0,10,15,0.6666666666666666,0.6666666666666665,1.1105006845081086e-16,0.0,1.0000000000000002,1.0,2000
Q96JH7,25,6,3,4,6,0,10,15,0.6666666666666666,0.6666666666666665,1.1105006845081086e-16,0.0,1.0000000000000002,1.0,2000
Q96JH7,30,6,3,4,6,0,10,15,0.6666666666666666,0.6666666666666665,1.1105006845081086e-16,0.0,1.0000000000000002,1.0,2000
Q96JH7,5,6,3,4,6,0,5,15,0.3333333333333333,0.3385,0.0474574487098954,-0.0051666666666667,0.984736582964057,0.782608695652174,2000
Q96JM2,10,5,5,2,4,1,1,10,0.1,0.0841,0.0625231522900608,0.0158999999999999,1.1890606420927468,0.7126436781609196,2000
Q96JM2,15,5,5,2,4,1,2,10,0.2,0.1582,0.0493353523195512,0.0417999999999999,1.264222503160556,0.5822088955522239,2000
Q96JM2,20,5,5,2,4,1,2,10,0.2,0.19825,0.0633556980250089,0.0017499999999999,1.0088272383354349,0.7906046976511744,2000
Q96JM2,25,5,5,2,4,1,3,10,0.3,0.23075,0.079514770951061,0.0692499999999999,1.3001083423618631,0.5172413793103449,2000
Q96JM2,30,5,5,2,4,1,3,10,0.3,0.2719,0.0449599899949963,0.0281,1.1033468186833395,0.7191404297851074,2000
Q96JM2,5,5,5,2,4,1,0,10,0.0,0.0,0.0,0.0,inf,1.0,2000
Q96JM3,10,8,4,1,8,0,14,28,0.5,0.5,0.0,0.0,1.0,1.0,2000
Q96JM3,15,8,4,1,8,0,20,28,0.7142857142857143,0.7142857142857141,2.221001369016217e-16,0.0,1.0000000000000002,1.0,2000
Q96JM3,20,8,4,1,8,0,21,28,0.75,0.75,0.0,0.0,1.0,1.0,2000
Q96JM3,25,8,4,1,8,0,21,28,0.75,0.75,0.0,0.0,1.0,1.0,2000
Q96JM3,30,8,4,1,8,0,21,28,0.75,0.75,0.0,0.0,1.0,1.0,2000
Q96JM3,5,8,4,1,8,0,10,28,0.3571428571428571,0.357142857142857,1.1105006845081086e-16,0.0,1.0000000000000002,1.0,2000
Q96JY6,10,5,3,4,5,0,3,10,0.3,0.35585,0.0593931079388452,-0.05585,0.8430518476886328,0.9470264867566216,2000
Q96JY6,15,5,3,4,5,0,4,10,0.4,0.3947,0.0224089509022682,0.0052999999999999,1.0134279199391942,0.9470264867566216,2000
Q96JY6,20,5,3,4,5,0,4,10,0.4,0.4173000000000001,0.0378341870912595,-0.0173,0.9585430146177808,1.0,2000
Q96JY6,25,5,3,4,5,0,5,10,0.5,0.5010500000000001,0.0818367040090296,-0.0010500000000001,0.9979044007584073,0.7541229385307346,2000
Q96JY6,30,5,3,4,5,0,7,10,0.7,0.6989999999999998,0.1309105373313859,0.0010000000000001,1.001430615164521,0.5997001499250375,2000
Q96JY6,5,5,3,4,5,0,2,10,0.2,0.22485,0.1116409842068643,-0.02485,0.88948187680676,0.7351324337831084,2000
Q96K21,10,3,1,0,3,0,3,3,1.0,1.0,0.0,0.0,1.0,1.0,2000
Q96K21,15,3,1,0,3,0,3,3,1.0,1.0,0.0,0.0,1.0,1.0,2000
Q96K21,20,3,1,0,3,0,3,3,1.0,1.0,0.0,0.0,1.0,1.0,2000
Q96K21,25,3,1,0,3,0,3,3,1.0,1.0,0.0,0.0,1.0,1.0,2000
Q96K21,30,3,1,0,3,0,3,3,1.0,1.0,0.0,0.0,1.0,1.0,2000
Q96K21,5,3,1,0,3,0,3,3,1.0,1.0,0.0,0.0,1.0,1.0,2000
Q96KM6,10,19,16,2,19,0,29,171,0.1695906432748538,0.1734152046783625,0.0027825271715458,-0.0038245614035087,0.9779456397113372,1.0,2000
Q96KM6,15,19,16,2,19,0,45,171,0.2631578947368421,0.2611461988304093,0.0027787126062812,0.0020116959064327,1.0077033321390183,0.6561719140429785,2000
Q96KM6,20,19,16,2,19,0,64,171,0.3742690058479532,0.3742690058479531,5.552503422540543e-17,0.0,1.0000000000000002,1.0,2000
Q96KM6,25,19,16,2,19,0,78,171,0.4561403508771929,0.4543274853801169,0.0027053152624649,0.001812865497076,1.003990217531214,0.6901549225387307,2000
Q96KM6,30,19,16,2,19,0,92,171,0.5380116959064327,0.534187134502924,0.0027825271715458,0.0038245614035087,1.0071595910056268,0.3463268365817091,2000
Q96KM6,5,19,16,2,19,0,8,171,0.0467836257309941,0.0526198830409356,0.004858875564168,-0.0058362573099415,0.8890864636585908,1.0,2000
Q96KR1,10,59,33,24,49,10,96,1711,0.0561075394506136,0.0524915254237288,0.0015381784741593,0.0036160140268848,1.0688875775221849,0.0234882558720639,2000
Q96KR1,15,59,33,24,49,10,128,1711,0.0748100526008182,0.0733828170660432,0.0016578979631449,0.0014272355347749,1.019449178865544,0.2308845577211394,2000
Q96KR1,20,59,33,24,49,10,149,1711,0.0870835768556399,0.0873310929281122,0.0018006380507441,-0.0002475160724722,0.997165773790602,0.6146926536731634,2000
Q96KR1,25,59,33,24,49,10,177,1711,0.1034482758620689,0.1055590298071303,0.0019314423776447,-0.0021107539450613,0.9800040418245792,0.9260369815092454,2000
Q96KR1,30,59,33,24,49,10,201,1711,0.1174751607247223,0.1221101694915254,0.0024811192286776,-0.004635008766803,0.9620424016598824,0.9880059970014992,2000
Q96KR1,5,59,33,24,49,10,51,1711,0.0298071303331385,0.0285987726475745,0.0013462232954709,0.0012083576855639,1.0422520819496246,0.2433783108445777,2000
Q96L91,10,54,29,18,52,2,87,1431,0.060796645702306,0.0623626834381551,0.0020645470244464,-0.001566037735849,0.9748882240225905,0.8135932033983009,2000
Q96L91,15,54,29,18,52,2,116,1431,0.0810621942697414,0.0818102725366876,0.0016927217084496,-0.0007480782669461,0.9908559372344016,0.7181409295352323,2000
Q96L91,20,54,29,18,52,2,145,1431,0.1013277428371768,0.1015034940600978,0.0021758873503917,-0.000175751222921,0.9982685204627836,0.5242378810594702,2000
Q96L91,25,54,29,18,52,2,164,1431,0.1146051712089448,0.1145545073375262,0.002030221986557,5.066387141858253e-05,1.0004422686858518,0.527736131934033,2000
Q96L91,30,54,29,18,52,2,178,1431,0.1243885394828791,0.1241659678546471,0.0019369701761185,0.0002225716282319,1.0017925332687982,0.511744127936032,2000
Q96L91,5,54,29,18,52,2,50,1431,0.0349406009783368,0.0373294898672257,0.0013920822907447,-0.0023888888888888,0.936005316510198,0.9900049975012494,2000
Q96M27,10,23,5,17,10,13,39,253,0.1541501976284585,0.1088300395256917,0.0128559604885381,0.0453201581027667,1.4164305949008498,0.0039980009995002,2000
Q96M27,15,23,5,17,10,13,52,253,0.2055335968379446,0.1536324110671937,0.0144138704937935,0.0519011857707509,1.3378270601250353,0.0034982508745627,2000
Q96M27,20,23,5,17,10,13,66,253,0.2608695652173913,0.2052233201581027,0.0173052678759059,0.0556462450592885,1.2711497163987944,0.0059970014992503,2000
Q96M27,25,23,5,17,10,13,70,253,0.2766798418972332,0.245598814229249,0.0181691109429021,0.0310810276679842,1.126552026586628,0.0614692653673163,2000
Q96M27,30,23,5,17,10,13,78,253,0.308300395256917,0.2886067193675889,0.0183673259984755,0.019693675889328,1.0682370664566714,0.1574212893553223,2000
Q96M27,5,23,5,17,10,13,21,253,0.0830039525691699,0.0588754940711462,0.0088453550920945,0.0241284584980237,1.409821758249136,0.0144927536231884,2000
Q96MY1,10,8,5,7,7,1,14,28,0.5,0.4471428571428572,0.0711744210037922,0.0528571428571428,1.1182108626198082,0.3438280859570214,2000
Q96MY1,15,8,5,7,7,1,20,28,0.7142857142857143,0.6725,0.0520272823904345,0.0417857142857143,1.0621348911311737,0.3523238380809595,2000
Q96MY1,20,8,5,7,7,1,23,28,0.8214285714285714,0.7905892857142858,0.0486002231720884,0.0308392857142856,1.0390079732568382,0.3768115942028985,2000
Q96MY1,25,8,5,7,7,1,27,28,0.9642857142857144,0.890625,0.0586730740578805,0.0736607142857143,1.0827067669172932,0.2588705647176412,2000
Q96MY1,30,8,5,7,7,1,27,28,0.9642857142857144,0.964285714285714,3.331502053524325e-16,0.0,1.0000000000000004,1.0,2000
Q96MY1,5,8,5,7,7,1,7,28,0.25,0.2445178571428571,0.0487060592635253,0.0054821428571428,1.0224202147082448,0.545727136431784,2000
Q96N67,10,3,3,2,1,2,0,3,0.0,0.0,0.0,0.0,inf,1.0,2000
Q96N67,15,3,3,2,1,2,0,3,0.0,0.0,0.0,0.0,inf,1.0,2000
Q96N67,20,3,3,2,1,2,0,3,0.0,0.0,0.0,0.0,inf,1.0,2000
Q96N67,25,3,3,2,1,2,0,3,0.0,0.0,0.0,0.0,inf,1.0,2000
Q96N67,30,3,3,2,1,2,0,3,0.0,0.0,0.0,0.0,inf,1.0,2000
Q96N67,5,3,3,2,1,2,0,3,0.0,0.0,0.0,0.0,inf,1.0,2000
Q96PK6,10,17,9,1,16,1,18,136,0.1323529411764706,0.1326875,0.0015327218799443,-0.0003345588235294,0.997478595771799,1.0,2000
Q96PK6,15,17,9,1,16,1,25,136,0.1838235294117647,0.1851617647058823,0.0061308875197774,-0.0013382352941176,0.992772615360178,1.0,2000
Q96PK6,20,17,9,1,16,1,32,136,0.2352941176470588,0.2369669117647059,0.0076636093997218,-0.001672794117647,0.9929408114188192,1.0,2000
Q96PK6,25,17,9,1,16,1,38,136,0.2794117647058823,0.2818566176470587,0.0085199461216937,-0.0024448529411764,0.9913258983890956,1.0,2000
Q96PK6,30,17,9,1,16,1,40,136,0.2941176470588235,0.2980735294117646,0.0114024142521653,-0.003955882352941,0.9867285016527704,1.0,2000
Q96PK6,5,17,9,1,16,1,11,136,0.0808823529411764,0.0808823529411764,0.0,0.0,1.0,1.0,2000
Q96PN6,10,3,3,1,3,0,0,3,0.0,0.0,0.0,0.0,inf,1.0,2000
Q96PN6,15,3,3,1,3,0,0,3,0.0,0.0,0.0,0.0,inf,1.0,2000
Q96PN6,20,3,3,1,3,0,0,3,0.0,0.0,0.0,0.0,inf,1.0,2000
Q96PN6,25,3,3,1,3,0,0,3,0.0,0.0,0.0,0.0,inf,1.0,2000
Q96PN6,30,3,3,1,3,0,0,3,0.0,0.0,0.0,0.0,inf,1.0,2000
Q96PN6,5,3,3,1,3,0,0,3,0.0,0.0,0.0,0.0,inf,1.0,2000
Q96PU8,10,3,2,0,3,0,3,3,1.0,1.0,0.0,0.0,1.0,1.0,2000
Q96PU8,15,3,2,0,3,0,3,3,1.0,1.0,0.0,0.0,1.0,1.0,2000
Q96PU8,20,3,2,0,3,0,3,3,1.0,1.0,0.0,0.0,1.0,1.0,2000
Q96PU8,25,3,2,0,3,0,3,3,1.0,1.0,0.0,0.0,1.0,1.0,2000
Q96PU8,30,3,2,0,3,0,3,3,1.0,1.0,0.0,0.0,1.0,1.0,2000
Q96PU8,5,3,2,0,3,0,1,3,0.3333333333333333,0.3333333333333332,5.552503422540543e-17,0.0,1.0000000000000002,1.0,2000
Q96PV6,10,4,3,4,3,1,2,6,0.3333333333333333,0.3883333333333332,0.0783883858501038,-0.0549999999999999,0.8583690987124465,1.0,2000
Q96PV6,15,4,3,4,3,1,3,6,0.5,0.5,0.0,0.0,1.0,1.0,2000
Q96PV6,20,4,3,4,3,1,3,6,0.5,0.5,0.0,0.0,1.0,1.0,2000
Q96PV6,25,4,3,4,3,1,3,6,0.5,0.5,0.0,0.0,1.0,1.0,2000
Q96PV6,30,4,3,4,3,1,3,6,0.5,0.5,0.0,0.0,1.0,1.0,2000
Q96PV6,5,4,3,4,3,1,1,6,0.1666666666666666,0.2211666666666666,0.1569248101204809,-0.0544999999999999,0.7535795026375284,0.8320839580209896,2000
Q96PY5,10,4,3,2,4,0,1,6,0.1666666666666666,0.14125,0.0599324629622797,0.0254166666666666,1.1799410029498525,0.847576211894053,2000
Q96PY5,15,4,3,2,4,0,1,6,0.1666666666666666,0.1666666666666666,2.776251711270272e-17,0.0,1.0000000000000002,1.0,2000
Q96PY5,20,4,3,2,4,0,1,6,0.1666666666666666,0.1666666666666666,2.776251711270272e-17,0.0,1.0000000000000002,1.0,2000
Q96PY5,25,4,3,2,4,0,2,6,0.3333333333333333,0.3330833333333333,0.0989772823322382,0.00025,1.0007505629221918,0.823088455772114,2000
Q96PY5,30,4,3,2,4,0,3,6,0.5,0.4175833333333332,0.0833491314023093,0.0824166666666667,1.1973657952504493,0.5057471264367817,2000
Q96PY5,5,4,3,2,4,0,0,6,0.0,0.0846666666666666,0.0833435044651647,-0.0846666666666666,0.0,1.0,2000
Q96Q89,10,5,4,3,3,2,1,10,0.1,0.1,1.3881258556351357e-17,0.0,1.0,1.0,2000
Q96Q89,15,5,4,3,3,2,1,10,0.1,0.1,1.3881258556351357e-17,0.0,1.0,1.0,2000
Q96Q89,20,5,4,3,3,2,1,10,0.1,0.1,1.3881258556351357e-17,0.0,1.0,1.0,2000
Q96Q89,25,5,4,3,3,2,1,10,0.1,0.1,1.3881258556351357e-17,0.0,1.0,1.0,2000
Q96Q89,30,5,4,3,3,2,1,10,0.1,0.1,1.3881258556351357e-17,0.0,1.0,1.0,2000
Q96Q89,5,5,4,3,3,2,0,10,0.0,0.0663999999999999,0.0472456990427596,-0.0663999999999999,0.0,1.0,2000
Q96QC0,10,4,3,2,1,3,1,6,0.1666666666666666,0.1666666666666666,2.776251711270272e-17,0.0,1.0000000000000002,1.0,2000
Q96QC0,15,4,3,2,1,3,1,6,0.1666666666666666,0.1666666666666666,2.776251711270272e-17,0.0,1.0000000000000002,1.0,2000
Q96QC0,20,4,3,2,1,3,1,6,0.1666666666666666,0.1666666666666666,2.776251711270272e-17,0.0,1.0000000000000002,1.0,2000
Q96QC0,25,4,3,2,1,3,1,6,0.1666666666666666,0.1666666666666666,2.776251711270272e-17,0.0,1.0000000000000002,1.0,2000
Q96QC0,30,4,3,2,1,3,1,6,0.1666666666666666,0.1666666666666666,2.776251711270272e-17,0.0,1.0000000000000002,1.0,2000
Q96QC0,5,4,3,2,1,3,1,6,0.1666666666666666,0.086,0.0833114862140925,0.0806666666666666,1.9379844961240311,0.5162418790604698,2000
Q96QT6,10,14,7,11,8,6,11,91,0.1208791208791208,0.1269615384615384,0.0118901053784993,-0.0060824175824175,0.9520924395204916,0.8350824587706147,2000
Q96QT6,15,14,7,11,8,6,14,91,0.1538461538461538,0.1671868131868132,0.0085439560660511,-0.0133406593406593,0.9202050742736952,0.9860069965017492,2000
Q96QT6,20,14,7,11,8,6,15,91,0.1648351648351648,0.1793571428571428,0.0087874818936691,-0.0145219780219779,0.9190331770976934,1.0,2000
Q96QT6,25,14,7,11,8,6,19,91,0.2087912087912088,0.2019175824175824,0.0120471374003641,0.0068736263736263,1.0340417426324524,0.5257371314342829,2000
Q96QT6,30,14,7,11,8,6,19,91,0.2087912087912088,0.2173131868131868,0.0105549495198534,-0.008521978021978,0.9607848094864856,0.9470264867566216,2000
Q96QT6,5,14,7,11,8,6,6,91,0.0659340659340659,0.0860824175824175,0.0154971244613387,-0.0201483516483516,0.7659411501882939,0.9590204897551224,2000
Q96RK0,10,7,6,6,1,6,1,21,0.0476190476190476,0.0506428571428571,0.0116152900588194,-0.0030238095238095,0.940291490362012,1.0,2000
Q96RK0,15,7,6,6,1,6,1,21,0.0476190476190476,0.0522619047619047,0.0141291234331668,-0.0046428571428571,0.911161731207289,1.0,2000
Q96RK0,20,7,6,6,1,6,1,21,0.0476190476190476,0.0539523809523809,0.016174269503541,-0.0063333333333333,0.8826125330979698,1.0,2000
Q96RK0,25,7,6,6,1,6,1,21,0.0476190476190476,0.059547619047619,0.0206385408699947,-0.0119285714285714,0.7996801279488204,1.0,2000
Q96RK0,30,7,6,6,1,6,2,21,0.0952380952380952,0.0640952380952381,0.0226577212540166,0.0311428571428571,1.4858841010401185,0.3463268365817091,2000
Q96RK0,5,7,6,6,1,6,1,21,0.0476190476190476,0.0318095238095238,0.0224308937970502,0.0158095238095238,1.497005988023952,0.6681659170414792,2000
Q96RN5,10,10,5,2,8,2,15,45,0.3333333333333333,0.3408666666666666,0.0105219604695302,-0.0075333333333333,0.9778994719342852,1.0,2000
Q96RN5,15,10,5,2,8,2,16,45,0.3555555555555555,0.348511111111111,0.0103427510167738,0.0070444444444445,1.0202129694573745,0.6831584207896052,2000
Q96RN5,20,10,5,2,8,2,18,45,0.4,0.3849333333333334,0.0210439209390605,0.0150666666666666,1.0391409767925182,0.6611694152923538,2000
Q96RN5,25,10,5,2,8,2,20,45,0.4444444444444444,0.4143111111111111,0.042087841878121,0.0301333333333332,1.0727311735679037,0.6611694152923538,2000
Q96RN5,30,10,5,2,8,2,22,45,0.4888888888888889,0.4436888888888888,0.0631317628171815,0.0452,1.1018731844135032,0.6611694152923538,2000
Q96RN5,5,10,5,2,8,2,8,45,0.1777777777777777,0.185311111111111,0.0105219604695302,-0.0075333333333332,0.9593476436023508,1.0,2000
Q96ST2,10,6,6,5,6,0,1,15,0.0666666666666666,0.0802666666666666,0.0268713174317323,-0.0136,0.8305647840531561,1.0,2000
Q96ST2,15,6,6,5,6,0,1,15,0.0666666666666666,0.1206666666666666,0.0499858242369339,-0.0539999999999999,0.552486187845304,1.0,2000
Q96ST2,20,6,6,5,6,0,2,15,0.1333333333333333,0.1606666666666666,0.0530918327493568,-0.0273333333333333,0.8298755186721991,0.8040979510244878,2000
Q96ST2,25,6,6,5,6,0,3,15,0.2,0.1869333333333333,0.0264711861309787,0.0130666666666666,1.0699001426533523,0.8040979510244878,2000
Q96ST2,30,6,6,5,6,0,3,15,0.2,0.2,2.776251711270272e-17,0.0,1.0,1.0,2000
Q96ST2,5,6,6,5,6,0,1,15,0.0666666666666666,0.0666666666666666,1.3881258556351357e-17,0.0,1.0000000000000002,1.0,2000
Q96ST3,10,11,7,7,10,1,10,55,0.1818181818181818,0.1871818181818182,0.0146845750361333,-0.0053636363636363,0.9713453132588634,0.8355822088955522,2000
Q96ST3,15,11,7,7,10,1,17,55,0.3090909090909091,0.3168454545454546,0.0234215939336053,-0.0077545454545455,0.9755257797033252,0.6941529235382309,2000
Q96ST3,20,11,7,7,10,1,19,55,0.3454545454545454,0.3842454545454545,0.0285339247392564,-0.0387909090909091,0.8990465374878747,0.9440279860069966,2000
Q96ST3,25,11,7,7,10,1,25,55,0.4545454545454545,0.4867999999999999,0.0334546284999176,-0.0322545454545454,0.9337416896989618,0.879560219890055,2000
Q96ST3,30,11,7,7,10,1,30,55,0.5454545454545454,0.5816636363636365,0.0327275140086406,-0.036209090909091,0.9377490896019252,0.9090454772613692,2000
Q96ST3,5,11,7,7,10,1,6,55,0.109090909090909,0.0932090909090909,0.0135424052402872,0.0158818181818181,1.1703891543938358,0.3488255872063968,2000
Q96T58,10,69,41,25,61,8,89,2346,0.0379369138959931,0.0366896845694799,0.0010027738349054,0.0012472293265132,1.033994005158352,0.1504247876061969,2000
Q96T58,15,69,41,25,61,8,104,2346,0.0443307757885763,0.0456274509803921,0.0010434371767171,-0.0012966751918158,0.9715812484819044,0.934032983508246,2000
Q96T58,20,69,41,25,61,8,141,2346,0.0601023017902813,0.0580556265984654,0.0018771206439984,0.0020466751918158,1.03525369222128,0.1734132933533233,2000
Q96T58,25,69,41,25,61,8,163,2346,0.0694799658994032,0.0669552429667519,0.0019566845647199,0.0025247229326513,1.0377076211030258,0.12143928035982,2000
Q96T58,30,69,41,25,61,8,185,2346,0.0788576300085251,0.0760505115089514,0.0018992922983302,0.0028071184995737,1.0369112375955991,0.0874562718640679,2000
Q96T58,5,69,41,25,61,8,55,2346,0.0234441602728047,0.0215760869565217,0.0010700118843268,0.001868073316283,1.0865807280090878,0.0744627686156921,2000
Q96TA2,10,5,4,2,5,0,1,10,0.1,0.1,1.3881258556351357e-17,0.0,1.0,1.0,2000
Q96TA2,15,5,4,2,5,0,1,10,0.1,0.1,1.3881258556351357e-17,0.0,1.0,1.0,2000
Q96TA2,20,5,4,2,5,0,1,10,0.1,0.1,1.3881258556351357e-17,0.0,1.0,1.0,2000
Q96TA2,25,5,4,2,5,0,1,10,0.1,0.1,1.3881258556351357e-17,0.0,1.0,1.0,2000
Q96TA2,30,5,4,2,5,0,1,10,0.1,0.1,1.3881258556351357e-17,0.0,1.0,1.0,2000
Q96TA2,5,5,4,2,5,0,1,10,0.1,0.1,1.3881258556351357e-17,0.0,1.0,1.0,2000
Q99081,10,16,8,16,10,6,16,120,0.1333333333333333,0.124875,0.0208997606976929,0.0084583333333333,1.0677344010677343,0.3563218390804598,2000
Q99081,15,16,8,16,10,6,25,120,0.2083333333333333,0.1781333333333333,0.0277490841741293,0.0302,1.1695359281437128,0.1649175412293853,2000
Q99081,20,16,8,16,10,6,30,120,0.25,0.2299166666666666,0.0278019599037054,0.0200833333333333,1.0873504893077202,0.2703648175912044,2000
Q99081,25,16,8,16,10,6,35,120,0.2916666666666667,0.2755708333333333,0.0271788396975025,0.0160958333333333,1.0584090599815537,0.3253373313343328,2000
Q99081,30,16,8,16,10,6,38,120,0.3166666666666666,0.3102416666666667,0.0223826664132487,0.0064249999999999,1.0207096618227725,0.4837581209395302,2000
Q99081,5,16,8,16,10,6,6,120,0.05,0.0510833333333333,0.0159990081539054,-0.0010833333333333,0.9787928221859707,0.5952023988005997,2000
Q99439,10,3,3,2,3,0,1,3,0.3333333333333333,0.2946666666666666,0.106768335739282,0.0386666666666666,1.1312217194570136,0.8840579710144928,2000
Q99439,15,3,3,2,3,0,1,3,0.3333333333333333,0.2946666666666666,0.106768335739282,0.0386666666666666,1.1312217194570136,0.8840579710144928,2000
Q99439,20,3,3,2,3,0,1,3,0.3333333333333333,0.4591666666666666,0.1616275917220497,-0.1258333333333333,0.7259528130671506,1.0,2000
Q99439,25,3,3,2,3,0,1,3,0.3333333333333333,0.4978333333333332,0.1666942615141391,-0.1644999999999999,0.6695681285570808,1.0,2000
Q99439,30,3,3,2,3,0,2,3,0.6666666666666666,0.7519999999999999,0.2195148287626373,-0.0853333333333332,0.8865248226950355,0.8785607196401799,2000
Q99439,5,3,3,2,3,0,0,3,0.0,0.0,0.0,0.0,inf,1.0,2000
Q99504,10,8,5,8,6,2,6,28,0.2142857142857142,0.1826785714285713,0.0386368522547537,0.0316071428571428,1.1730205278592378,0.3953023488255872,2000
Q99504,15,8,5,8,6,2,7,28,0.25,0.2304464285714285,0.0258282507443526,0.0195535714285714,1.084850833010461,0.4527736131934033,2000
Q99504,20,8,5,8,6,2,7,28,0.25,0.2597142857142857,0.0281288526404706,-0.0097142857142857,0.9625962596259624,0.8610694652673663,2000
Q99504,25,8,5,8,6,2,8,28,0.2857142857142857,0.2810892857142857,0.0319064483599783,0.0046249999999999,1.016453846642526,0.6136931534232883,2000
Q99504,30,8,5,8,6,2,8,28,0.2857142857142857,0.3034821428571427,0.0472842871101595,-0.017767857142857,0.9414533686378348,0.7716141929035483,2000
Q99504,5,8,5,8,6,2,4,28,0.1428571428571428,0.1035357142857142,0.0414265968720938,0.0393214285714285,1.379786133149362,0.2593703148425787,2000
Q99543,10,3,3,0,1,2,0,3,0.0,0.0,0.0,0.0,inf,1.0,2000
Q99543,15,3,3,0,1,2,0,3,0.0,0.0,0.0,0.0,inf,1.0,2000
Q99543,20,3,3,0,1,2,0,3,0.0,0.0,0.0,0.0,inf,1.0,2000
Q99543,25,3,3,0,1,2,1,3,0.3333333333333333,0.3333333333333332,5.552503422540543e-17,0.0,1.0000000000000002,1.0,2000
Q99543,30,3,3,0,1,2,1,3,0.3333333333333333,0.3333333333333332,5.552503422540543e-17,0.0,1.0000000000000002,1.0,2000
Q99543,5,3,3,0,1,2,0,3,0.0,0.0,0.0,0.0,inf,1.0,2000
Q99583,10,3,3,2,3,0,0,3,0.0,0.0,0.0,0.0,inf,1.0,2000
Q99583,15,3,3,2,3,0,0,3,0.0,0.0,0.0,0.0,inf,1.0,2000
Q99583,20,3,3,2,3,0,0,3,0.0,0.0,0.0,0.0,inf,1.0,2000
Q99583,25,3,3,2,3,0,0,3,0.0,0.0,0.0,0.0,inf,1.0,2000
Q99583,30,3,3,2,3,0,0,3,0.0,0.0,0.0,0.0,inf,1.0,2000
Q99583,5,3,3,2,3,0,0,3,0.0,0.0,0.0,0.0,inf,1.0,2000
Q99590,10,5,5,3,5,0,1,10,0.1,0.1,1.3881258556351357e-17,0.0,1.0,1.0,2000
Q99590,15,5,5,3,5,0,1,10,0.1,0.1,1.3881258556351357e-17,0.0,1.0,1.0,2000
Q99590,20,5,5,3,5,0,1,10,0.1,0.1,1.3881258556351357e-17,0.0,1.0,1.0,2000
Q99590,25,5,5,3,5,0,1,10,0.1,0.1,1.3881258556351357e-17,0.0,1.0,1.0,2000
Q99590,30,5,5,3,5,0,1,10,0.1,0.1,1.3881258556351357e-17,0.0,1.0,1.0,2000
Q99590,5,5,5,3,5,0,1,10,0.1,0.0320499999999999,0.0466785490720495,0.06795,3.1201248049922,0.320839580209895,2000
Q99594,10,3,2,2,3,0,1,3,0.3333333333333333,0.7283333333333334,0.2925292160223811,-0.3950000000000001,0.4576659038901601,1.0,2000
Q99594,15,3,2,2,3,0,3,3,1.0,1.0,0.0,0.0,1.0,1.0,2000
Q99594,20,3,2,2,3,0,3,3,1.0,1.0,0.0,0.0,1.0,1.0,2000
Q99594,25,3,2,2,3,0,3,3,1.0,1.0,0.0,0.0,1.0,1.0,2000
Q99594,30,3,2,2,3,0,3,3,1.0,1.0,0.0,0.0,1.0,1.0,2000
Q99594,5,3,2,2,3,0,1,3,0.3333333333333333,0.532,0.3049959200639048,-0.1986666666666667,0.6265664160401002,1.0,2000
Q99607,10,4,4,3,2,2,1,6,0.1666666666666666,0.1015833333333333,0.0813307401238239,0.0650833333333333,1.6406890894175554,0.6096951524237881,2000
Q99607,15,4,4,3,2,2,1,6,0.1666666666666666,0.1350833333333333,0.0653338825001676,0.0315833333333333,1.2338062924120914,0.8105947026486756,2000
Q99607,20,4,4,3,2,2,1,6,0.1666666666666666,0.1666666666666666,2.776251711270272e-17,0.0,1.0000000000000002,1.0,2000
Q99607,25,4,4,3,2,2,1,6,0.1666666666666666,0.1666666666666666,2.776251711270272e-17,0.0,1.0000000000000002,1.0,2000
Q99607,30,4,4,3,2,2,1,6,0.1666666666666666,0.1666666666666666,2.776251711270272e-17,0.0,1.0000000000000002,1.0,2000
Q99607,5,4,4,3,2,2,0,6,0.0,0.0458333333333333,0.0744376579891381,-0.0458333333333333,0.0,1.0,2000
Q99666,10,3,2,1,2,1,1,3,0.3333333333333333,0.3333333333333332,5.552503422540543e-17,0.0,1.0000000000000002,1.0,2000
Q99666,15,3,2,1,2,1,1,3,0.3333333333333333,0.3333333333333332,5.552503422540543e-17,0.0,1.0000000000000002,1.0,2000
Q99666,20,3,2,1,2,1,1,3,0.3333333333333333,0.3333333333333332,5.552503422540543e-17,0.0,1.0000000000000002,1.0,2000
Q99666,25,3,2,1,2,1,1,3,0.3333333333333333,0.3333333333333332,5.552503422540543e-17,0.0,1.0000000000000002,1.0,2000
Q99666,30,3,2,1,2,1,1,3,0.3333333333333333,0.3333333333333332,5.552503422540543e-17,0.0,1.0000000000000002,1.0,2000
Q99666,5,3,2,1,2,1,1,3,0.3333333333333333,0.3333333333333332,5.552503422540543e-17,0.0,1.0000000000000002,1.0,2000
Q99700,10,18,8,18,12,6,42,153,0.2745098039215686,0.2480490196078431,0.0325537122413036,0.0264607843137255,1.106675625469349,0.2438780609695152,2000
Q99700,15,18,8,18,12,6,54,153,0.3529411764705882,0.3410392156862745,0.0244421300813959,0.0119019607843137,1.0348990973380097,0.3388305847076461,2000
Q99700,20,18,8,18,12,6,63,153,0.4117647058823529,0.3936503267973856,0.0153142607512244,0.0181143790849673,1.046016420797463,0.1619190404797601,2000
Q99700,25,18,8,18,12,6,65,153,0.4248366013071895,0.4155686274509805,0.010891062741849,0.009267973856209,1.022301909345412,0.3098450774612694,2000
Q99700,30,18,8,18,12,6,66,153,0.4313725490196078,0.4304281045751635,0.0055880833317308,0.0009444444444443,1.0021941979029845,0.6471764117941029,2000
Q99700,5,18,8,18,12,6,27,153,0.1764705882352941,0.1365065359477124,0.0241496111561642,0.0399640522875817,1.292762921644203,0.0844577711144427,2000
Q99856,10,4,4,2,4,0,1,6,0.1666666666666666,0.1666666666666666,2.776251711270272e-17,0.0,1.0000000000000002,1.0,2000
Q99856,15,4,4,2,4,0,1,6,0.1666666666666666,0.1666666666666666,2.776251711270272e-17,0.0,1.0000000000000002,1.0,2000
Q99856,20,4,4,2,4,0,1,6,0.1666666666666666,0.2315,0.0812742098887523,-0.0648333333333333,0.7199424046076313,1.0,2000
Q99856,25,4,4,2,4,0,1,6,0.1666666666666666,0.2643333333333333,0.0821119430143556,-0.0976666666666666,0.6305170239596469,1.0,2000
Q99856,30,4,4,2,4,0,2,6,0.3333333333333333,0.3981666666666666,0.0812742098887523,-0.0648333333333333,0.8371703641691085,1.0,2000
Q99856,5,4,4,2,4,0,0,6,0.0,0.0,0.0,0.0,inf,1.0,2000
Q9BS26,10,5,2,3,5,0,4,10,0.4,0.4000000000000001,5.552503422540543e-17,0.0,1.0,1.0,2000
Q9BS26,15,5,2,3,5,0,8,10,0.8,0.6985999999999999,0.1000152064476216,0.1014000000000001,1.1451474377326083,0.4932533733133433,2000
Q9BS26,20,5,2,3,5,0,10,10,1.0,1.0,0.0,0.0,1.0,1.0,2000
Q9BS26,25,5,2,3,5,0,10,10,1.0,1.0,0.0,0.0,1.0,1.0,2000
Q9BS26,30,5,2,3,5,0,10,10,1.0,1.0,0.0,0.0,1.0,1.0,2000
Q9BS26,5,5,2,3,5,0,3,10,0.3,0.35245,0.0499524285952273,-0.05245,0.8511845651865513,1.0,2000
Q9BTA9,10,15,10,9,13,2,16,105,0.1523809523809524,0.1266666666666666,0.0120948871460206,0.0257142857142857,1.2030075187969924,0.0669665167416291,2000
Q9BTA9,15,15,10,9,13,2,21,105,0.2,0.1690285714285714,0.0125929476181555,0.0309714285714285,1.1832319134550373,0.0334832583708145,2000
Q9BTA9,20,15,10,9,13,2,21,105,0.2,0.1884047619047619,0.0107826797679477,0.0115952380952381,1.0615442941994186,0.3158420789605197,2000
Q9BTA9,25,15,10,9,13,2,23,105,0.219047619047619,0.2064619047619048,0.0096404762494561,0.0125857142857142,1.0609590146919758,0.1949025487256371,2000
Q9BTA9,30,15,10,9,13,2,23,105,0.219047619047619,0.2217238095238095,0.008310415888013,-0.0026761904761905,0.9879300717323136,0.8065967016491754,2000
Q9BTA9,5,15,10,9,13,2,12,105,0.1142857142857142,0.0679809523809523,0.0093674774861974,0.0463047619047618,1.681143177360605,0.0019990004997501,2000
Q9BTC0,10,32,14,10,29,3,56,496,0.1129032258064516,0.112859879032258,0.0054661690641385,4.334677419355615e-05,1.0003840760291898,0.5287356321839081,2000
Q9BTC0,15,32,14,10,29,3,78,496,0.157258064516129,0.1603659274193548,0.0075361878115765,-0.0031078629032257,0.9806201794032048,0.6916541729135433,2000
Q9BTC0,20,32,14,10,29,3,93,496,0.1875,0.188570564516129,0.0073909097018798,-0.001070564516129,0.9943227379157712,0.6336831584207896,2000
Q9BTC0,25,32,14,10,29,3,103,496,0.2076612903225806,0.2064122983870967,0.0070489106208955,0.0012489919354838,1.0060509569693448,0.496751624187906,2000
Q9BTC0,30,32,14,10,29,3,108,496,0.2177419354838709,0.2193790322580645,0.0049139919510169,-0.0016370967741935,0.9925375877660552,0.7066466766616691,2000
Q9BTC0,5,32,14,10,29,3,29,496,0.0584677419354838,0.0629002016129032,0.0042684546260967,-0.0044324596774193,0.9295318685193196,0.925537231384308,2000
Q9BTK6,10,3,2,1,3,0,1,3,0.3333333333333333,0.3333333333333332,5.552503422540543e-17,0.0,1.0000000000000002,1.0,2000
Q9BTK6,15,3,2,1,3,0,1,3,0.3333333333333333,0.3333333333333332,5.552503422540543e-17,0.0,1.0000000000000002,1.0,2000
Q9BTK6,20,3,2,1,3,0,1,3,0.3333333333333333,0.3333333333333332,5.552503422540543e-17,0.0,1.0000000000000002,1.0,2000
Q9BTK6,25,3,2,1,3,0,1,3,0.3333333333333333,0.3333333333333332,5.552503422540543e-17,0.0,1.0000000000000002,1.0,2000
Q9BTK6,30,3,2,1,3,0,1,3,0.3333333333333333,0.3333333333333332,5.552503422540543e-17,0.0,1.0000000000000002,1.0,2000
Q9BTK6,5,3,2,1,3,0,0,3,0.0,0.0,0.0,0.0,inf,1.0,2000
Q9BUJ2,10,7,4,5,7,0,10,21,0.4761904761904761,0.4388809523809524,0.0402651428570671,0.0373095238095237,1.0850105788531437,0.4517741129435282,2000
Q9BUJ2,15,7,4,5,7,0,13,21,0.6190476190476191,0.5686666666666665,0.0435669924169916,0.0503809523809525,1.08859487523028,0.2758620689655172,2000
Q9BUJ2,20,7,4,5,7,0,15,21,0.7142857142857143,0.6658809523809522,0.0307294524378361,0.048404761904762,1.072692816533772,0.20039980009995,2000
Q9BUJ2,25,7,4,5,7,0,15,21,0.7142857142857143,0.7142857142857141,2.221001369016217e-16,0.0,1.0000000000000002,1.0,2000
Q9BUJ2,30,7,4,5,7,0,15,21,0.7142857142857143,0.7142857142857141,2.221001369016217e-16,0.0,1.0000000000000002,1.0,2000
Q9BUJ2,5,7,4,5,7,0,8,21,0.3809523809523809,0.2632619047619047,0.0669242530101936,0.1176904761904761,1.4470471194718275,0.0829585207396301,2000
Q9BVL2,10,44,17,34,17,27,80,946,0.0845665961945031,0.0749212473572938,0.0044888077210399,0.0096453488372093,1.1287398325232274,0.0374812593703148,2000
Q9BVL2,15,44,17,34,17,27,104,946,0.1099365750528541,0.102696088794926,0.0055387062027808,0.0072404862579281,1.070504011816717,0.1174412793603198,2000
Q9BVL2,20,44,17,34,17,27,123,946,0.1300211416490486,0.1292172304439746,0.0066644847623316,0.0008039112050739,1.0062213932484998,0.4507746126936531,2000
Q9BVL2,25,44,17,34,17,27,136,946,0.1437632135306553,0.1572706131078224,0.0084785579278944,-0.013507399577167,0.9141136458347336,0.9695152423788106,2000
Q9BVL2,30,44,17,34,17,27,167,946,0.1765327695560253,0.1857346723044397,0.0106418149455614,-0.0092019027484143,0.950456731453288,0.8120939530234883,2000
Q9BVL2,5,44,17,34,17,27,58,946,0.0613107822410148,0.0430280126849894,0.0033638222069249,0.0182827695560253,1.424903880406343,0.0004997501249375,2000
Q9BWF3,10,11,5,2,11,0,11,55,0.2,0.2,2.776251711270272e-17,0.0,1.0,1.0,2000
Q9BWF3,15,11,5,2,11,0,16,55,0.2909090909090909,0.2909090909090909,5.552503422540543e-17,0.0,0.9999999999999998,1.0,2000
Q9BWF3,20,11,5,2,11,0,25,55,0.4545454545454545,0.4545454545454543,1.6657510267621627e-16,0.0,1.0000000000000004,1.0,2000
Q9BWF3,25,11,5,2,11,0,31,55,0.5636363636363636,0.5636363636363635,1.1105006845081086e-16,0.0,1.0000000000000002,1.0,2000
Q9BWF3,30,11,5,2,11,0,32,55,0.5818181818181818,0.5818181818181819,1.1105006845081086e-16,0.0,0.9999999999999998,1.0,2000
Q9BWF3,5,11,5,2,11,0,9,55,0.1636363636363636,0.1723545454545454,0.0090855366361774,-0.0087181818181817,0.9494171633524976,1.0,2000
Q9BXS6,10,3,2,1,3,0,1,3,0.3333333333333333,0.3333333333333332,5.552503422540543e-17,0.0,1.0000000000000002,1.0,2000
Q9BXS6,15,3,2,1,3,0,1,3,0.3333333333333333,0.3333333333333332,5.552503422540543e-17,0.0,1.0000000000000002,1.0,2000
Q9BXS6,20,3,2,1,3,0,1,3,0.3333333333333333,0.3333333333333332,5.552503422540543e-17,0.0,1.0000000000000002,1.0,2000
Q9BXS6,25,3,2,1,3,0,1,3,0.3333333333333333,0.3333333333333332,5.552503422540543e-17,0.0,1.0000000000000002,1.0,2000
Q9BXS6,30,3,2,1,3,0,1,3,0.3333333333333333,0.3333333333333332,5.552503422540543e-17,0.0,1.0000000000000002,1.0,2000
Q9BXS6,5,3,2,1,3,0,0,3,0.0,0.0,0.0,0.0,inf,1.0,2000
Q9BXT5,10,3,3,1,3,0,0,3,0.0,0.0,0.0,0.0,inf,1.0,2000
Q9BXT5,15,3,3,1,3,0,0,3,0.0,0.0,0.0,0.0,inf,1.0,2000
Q9BXT5,20,3,3,1,3,0,0,3,0.0,0.0,0.0,0.0,inf,1.0,2000
Q9BXT5,25,3,3,1,3,0,0,3,0.0,0.0,0.0,0.0,inf,1.0,2000
Q9BXT5,30,3,3,1,3,0,0,3,0.0,0.0,0.0,0.0,inf,1.0,2000
Q9BXT5,5,3,3,1,3,0,0,3,0.0,0.0,0.0,0.0,inf,1.0,2000
Q9BYJ9,10,15,9,7,15,0,22,105,0.2095238095238095,0.1740714285714285,0.0182333735357703,0.0354523809523809,1.2036657092053074,0.057471264367816,2000
Q9BYJ9,15,15,9,7,15,0,31,105,0.2952380952380952,0.2771857142857142,0.0245243091906541,0.0180523809523809,1.065127385799447,0.263368315842079,2000
Q9BYJ9,20,15,9,7,15,0,37,105,0.3523809523809524,0.3290999999999999,0.0282896123908618,0.0232809523809524,1.0707412712882178,0.2743628185907046,2000
Q9BYJ9,25,15,9,7,15,0,44,105,0.419047619047619,0.4175142857142858,0.0201610739641005,0.0015333333333332,1.0036725290266657,0.5602198900549725,2000
Q9BYJ9,30,15,9,7,15,0,48,105,0.4571428571428571,0.4561238095238096,0.0200583477330912,0.0010190476190475,1.0022341469525815,0.5827086456771614,2000
Q9BYJ9,5,15,9,7,15,0,14,105,0.1333333333333333,0.0957095238095238,0.0106081305618597,0.0376238095238095,1.3931041345340565,0.0024987506246876,2000
Q9BYP7,10,3,3,2,3,0,0,3,0.0,0.0,0.0,0.0,inf,1.0,2000
Q9BYP7,15,3,3,2,3,0,0,3,0.0,0.0,0.0,0.0,inf,1.0,2000
Q9BYP7,20,3,3,2,3,0,0,3,0.0,0.0,0.0,0.0,inf,1.0,2000
Q9BYP7,25,3,3,2,3,0,0,3,0.0,0.0,0.0,0.0,inf,1.0,2000
Q9BYP7,30,3,3,2,3,0,0,3,0.0,0.0,0.0,0.0,inf,1.0,2000
Q9BYP7,5,3,3,2,3,0,0,3,0.0,0.0,0.0,0.0,inf,1.0,2000
Q9BYV9,10,3,3,3,3,0,0,3,0.0,0.0,0.0,0.0,inf,1.0,2000
Q9BYV9,15,3,3,3,3,0,0,3,0.0,0.0,0.0,0.0,inf,1.0,2000
Q9BYV9,20,3,3,3,3,0,0,3,0.0,0.0,0.0,0.0,inf,1.0,2000
Q9BYV9,25,3,3,3,3,0,0,3,0.0,0.0,0.0,0.0,inf,1.0,2000
Q9BYV9,30,3,3,3,3,0,0,3,0.0,0.0,0.0,0.0,inf,1.0,2000
Q9BYV9,5,3,3,3,3,0,0,3,0.0,0.0,0.0,0.0,inf,1.0,2000
Q9C0A6,10,22,16,14,22,0,19,231,0.0822510822510822,0.0776168831168831,0.0072643965362084,0.0046341991341991,1.0597060710003068,0.328335832083958,2000
Q9C0A6,15,22,16,14,22,0,21,231,0.0909090909090909,0.0909199134199134,0.008152179399523,-1.0822510822502962e-05,0.9998809665516012,0.4927536231884058,2000
Q9C0A6,20,22,16,14,22,0,30,231,0.1298701298701298,0.1097900432900432,0.0101833646363941,0.0200800865800865,1.182895333477909,0.0464767616191904,2000
Q9C0A6,25,22,16,14,22,0,37,231,0.1601731601731601,0.1413160173160173,0.0103399938619943,0.0188571428571428,1.1334395294694275,0.0459770114942528,2000
Q9C0A6,30,22,16,14,22,0,44,231,0.1904761904761904,0.1778571428571428,0.0109592910543463,0.0126190476190476,1.07095046854083,0.1809095452273863,2000
Q9C0A6,5,22,16,14,22,0,12,231,0.0519480519480519,0.0412683982683982,0.0051451765519377,0.0106796536796536,1.258785272212315,0.0484757621189405,2000
Q9C0C7,10,10,5,3,8,2,16,45,0.3555555555555555,0.3521666666666666,0.0123807686287797,0.0033888888888889,1.009622968922543,0.7571214392803598,2000
Q9C0C7,15,10,5,3,8,2,16,45,0.3555555555555555,0.3631888888888888,0.0141719790571547,-0.0076333333333332,0.978982470095145,1.0,2000
Q9C0C7,20,10,5,3,8,2,18,45,0.4,0.4093111111111112,0.0168614816130878,-0.0093111111111112,0.9772517509093868,1.0,2000
Q9C0C7,25,10,5,3,8,2,21,45,0.4666666666666667,0.4816000000000001,0.0189447460346778,-0.0149333333333334,0.9689922480620152,1.0,2000
Q9C0C7,30,10,5,3,8,2,22,45,0.4888888888888889,0.5074555555555555,0.0198119202001455,-0.0185666666666666,0.9634122309561868,1.0,2000
Q9C0C7,5,10,5,3,8,2,11,45,0.2444444444444444,0.2519777777777777,0.0105219604695302,-0.0075333333333333,0.9701031837022666,1.0,2000
Q9C0D2,10,5,5,4,4,1,0,10,0.0,0.0,0.0,0.0,inf,1.0,2000
Q9C0D2,15,5,5,4,4,1,0,10,0.0,0.0,0.0,0.0,inf,1.0,2000
Q9C0D2,20,5,5,4,4,1,0,10,0.0,0.0,0.0,0.0,inf,1.0,2000
Q9C0D2,25,5,5,4,4,1,1,10,0.1,0.1,1.3881258556351357e-17,0.0,1.0,1.0,2000
Q9C0D2,30,5,5,4,4,1,1,10,0.1,0.1,1.3881258556351357e-17,0.0,1.0,1.0,2000
Q9C0D2,5,5,5,4,4,1,0,10,0.0,0.0,0.0,0.0,inf,1.0,2000
Q9C0D5,10,11,7,10,11,0,6,55,0.109090909090909,0.0999090909090909,0.015760088468704,0.0091818181818181,1.091901728844404,0.4917541229385307,2000
Q9C0D5,15,11,7,10,11,0,7,55,0.1272727272727272,0.1231818181818181,0.0075943047628857,0.0040909090909091,1.0332103321033212,0.775112443778111,2000
Q9C0D5,20,11,7,10,11,0,7,55,0.1272727272727272,0.1272727272727272,2.776251711270272e-17,0.0,1.0000000000000002,1.0,2000
Q9C0D5,25,11,7,10,11,0,7,55,0.1272727272727272,0.1272727272727272,2.776251711270272e-17,0.0,1.0000000000000002,1.0,2000
Q9C0D5,30,11,7,10,11,0,7,55,0.1272727272727272,0.1272727272727272,2.776251711270272e-17,0.0,1.0000000000000002,1.0,2000
Q9C0D5,5,11,7,10,11,0,2,55,0.0363636363636363,0.0679545454545454,0.0186318736001722,-0.0315909090909091,0.5351170568561872,0.9910044977511244,2000
Q9C0F1,10,4,2,2,4,0,2,6,0.3333333333333333,0.2824166666666667,0.0767890125140837,0.0509166666666666,1.1802891708468572,0.6946526736631684,2000
Q9C0F1,15,4,2,2,4,0,2,6,0.3333333333333333,0.3168333333333333,0.0497894516413604,0.0165,1.0520778537611783,0.9010494752623688,2000
Q9C0F1,20,4,2,2,4,0,2,6,0.3333333333333333,0.3274166666666666,0.0308476896484159,0.0059166666666666,1.0180707559175364,0.9645177411294352,2000
Q9C0F1,25,4,2,2,4,0,2,6,0.3333333333333333,0.3333333333333332,5.552503422540543e-17,0.0,1.0000000000000002,1.0,2000
Q9C0F1,30,4,2,2,4,0,2,6,0.3333333333333333,0.3333333333333332,5.552503422540543e-17,0.0,1.0000000000000002,1.0,2000
Q9C0F1,5,4,2,2,4,0,2,6,0.3333333333333333,0.2266666666666666,0.0800200075031263,0.1066666666666666,1.4705882352941175,0.36031984007996,2000
Q9GZM5,10,3,3,1,3,0,1,3,0.3333333333333333,0.3333333333333332,5.552503422540543e-17,0.0,1.0000000000000002,1.0,2000
Q9GZM5,15,3,3,1,3,0,1,3,0.3333333333333333,0.3333333333333332,5.552503422540543e-17,0.0,1.0000000000000002,1.0,2000
Q9GZM5,20,3,3,1,3,0,1,3,0.3333333333333333,0.3333333333333332,5.552503422540543e-17,0.0,1.0000000000000002,1.0,2000
Q9GZM5,25,3,3,1,3,0,1,3,0.3333333333333333,0.3333333333333332,5.552503422540543e-17,0.0,1.0000000000000002,1.0,2000
Q9GZM5,30,3,3,1,3,0,1,3,0.3333333333333333,0.3333333333333332,5.552503422540543e-17,0.0,1.0000000000000002,1.0,2000
Q9GZM5,5,3,3,1,3,0,1,3,0.3333333333333333,0.3333333333333332,5.552503422540543e-17,0.0,1.0000000000000002,1.0,2000
Q9GZY8,10,3,3,3,3,0,1,3,0.3333333333333333,0.3333333333333332,5.552503422540543e-17,0.0,1.0000000000000002,1.0,2000
Q9GZY8,15,3,3,3,3,0,1,3,0.3333333333333333,0.3333333333333332,5.552503422540543e-17,0.0,1.0000000000000002,1.0,2000
Q9GZY8,20,3,3,3,3,0,1,3,0.3333333333333333,0.3333333333333332,5.552503422540543e-17,0.0,1.0000000000000002,1.0,2000
Q9GZY8,25,3,3,3,3,0,1,3,0.3333333333333333,0.3333333333333332,5.552503422540543e-17,0.0,1.0000000000000002,1.0,2000
Q9GZY8,30,3,3,3,3,0,1,3,0.3333333333333333,0.3333333333333332,5.552503422540543e-17,0.0,1.0000000000000002,1.0,2000
Q9GZY8,5,3,3,3,3,0,1,3,0.3333333333333333,0.2513333333333333,0.1435954148115837,0.082,1.326259946949602,0.7541229385307346,2000
Q9H0E3,10,39,21,19,35,4,52,741,0.0701754385964912,0.0657955465587044,0.004578059279148,0.0043798920377867,1.0665682142161237,0.1969015492253873,2000
Q9H0E3,15,39,21,19,35,4,76,741,0.1025641025641025,0.0963738191632928,0.004457301202721,0.0061902834008097,1.0642320025765617,0.1084457771114442,2000
Q9H0E3,20,39,21,19,35,4,91,741,0.1228070175438596,0.120717273954116,0.0044366533812121,0.0020897435897435,1.0173110568296786,0.3463268365817091,2000
Q9H0E3,25,39,21,19,35,4,103,741,0.1390013495276653,0.1409925775978407,0.0039827656433204,-0.0019912280701754,0.9858770716579486,0.7681159420289855,2000
Q9H0E3,30,39,21,19,35,4,116,741,0.1565452091767881,0.1595614035087719,0.0036665118757218,-0.0030161943319837,0.9810969679029056,0.8185907046476761,2000
Q9H0E3,5,39,21,19,35,4,25,741,0.0337381916329284,0.0317678812415654,0.0032104096310926,0.001970310391363,1.0620220900594732,0.3043478260869565,2000
Q9H0E9,10,9,4,1,8,1,19,36,0.5277777777777778,0.5035416666666667,0.0092671012962559,0.0242361111111111,1.0481312922355537,0.127936031984008,2000
Q9H0E9,15,9,4,1,8,1,24,36,0.6666666666666666,0.5939583333333334,0.0278013038887679,0.0727083333333332,1.122413188354963,0.127936031984008,2000
Q9H0E9,20,9,4,1,8,1,26,36,0.7222222222222222,0.6010416666666666,0.0463355064812799,0.1211805555555556,1.2016175621028309,0.127936031984008,2000
Q9H0E9,25,9,4,1,8,1,28,36,0.7777777777777778,0.6183472222222223,0.0637030472499493,0.1594305555555555,1.2578333819995058,0.127936031984008,2000
Q9H0E9,30,9,4,1,8,1,28,36,0.7777777777777778,0.6324027777777779,0.0692334783958159,0.1453749999999999,1.2298772318977442,0.127936031984008,2000
Q9H0E9,5,9,4,1,8,1,10,36,0.2777777777777778,0.2777777777777778,0.0,0.0,1.0,1.0,2000
Q9H1A4,10,3,1,3,3,0,1,3,0.3333333333333333,0.5099999999999999,0.2942957214308304,-0.1766666666666665,0.6535947712418302,1.0,2000
Q9H1A4,15,3,1,3,3,0,3,3,1.0,1.0,0.0,0.0,1.0,1.0,2000
Q9H1A4,20,3,1,3,3,0,3,3,1.0,1.0,0.0,0.0,1.0,1.0,2000
Q9H1A4,25,3,1,3,3,0,3,3,1.0,1.0,0.0,0.0,1.0,1.0,2000
Q9H1A4,30,3,1,3,3,0,3,3,1.0,1.0,0.0,0.0,1.0,1.0,2000
Q9H1A4,5,3,1,3,3,0,1,3,0.3333333333333333,0.5099999999999999,0.2942957214308304,-0.1766666666666665,0.6535947712418302,1.0,2000
Q9H1B7,10,12,7,6,11,1,14,66,0.2121212121212121,0.1902954545454545,0.0094579269556107,0.0218257575757576,1.11469405629205,0.0719640179910044,2000
Q9H1B7,15,12,7,6,11,1,18,66,0.2727272727272727,0.2431818181818181,0.0121005402274382,0.0295454545454545,1.121495327102804,0.1154422788605697,2000
Q9H1B7,20,12,7,6,11,1,19,66,0.2878787878787879,0.2622878787878788,0.010983978762701,0.025590909090909,1.0975680203338916,0.1559220389805097,2000
Q9H1B7,25,12,7,6,11,1,19,66,0.2878787878787879,0.2698409090909091,0.0103368703539035,0.0180378787878788,1.066846346051265,0.1559220389805097,2000
Q9H1B7,30,12,7,6,11,1,19,66,0.2878787878787879,0.272530303030303,0.0086243004067857,0.0153484848484848,1.0563184522154891,0.1559220389805097,2000
Q9H1B7,5,12,7,6,11,1,11,66,0.1666666666666666,0.1513030303030302,0.0102318397884438,0.0153636363636363,1.1015421590226318,0.2213893053473263,2000
Q9H1D0,10,3,2,3,0,3,3,3,1.0,0.6938333333333334,0.2503641392296772,0.3061666666666666,1.4412683161181838,0.3263368315842079,2000
Q9H1D0,15,3,2,3,0,3,3,3,1.0,1.0,0.0,0.0,1.0,1.0,2000
Q9H1D0,20,3,2,3,0,3,3,3,1.0,1.0,0.0,0.0,1.0,1.0,2000
Q9H1D0,25,3,2,3,0,3,3,3,1.0,1.0,0.0,0.0,1.0,1.0,2000
Q9H1D0,30,3,2,3,0,3,3,3,1.0,1.0,0.0,0.0,1.0,1.0,2000
Q9H1D0,5,3,2,3,0,3,3,3,1.0,0.4153333333333333,0.2421541919101611,0.5846666666666667,2.4077046548956664,0.0869565217391304,2000
Q9H1K0,10,3,2,2,2,1,3,3,1.0,1.0,0.0,0.0,1.0,1.0,2000
Q9H1K0,15,3,2,2,2,1,3,3,1.0,1.0,0.0,0.0,1.0,1.0,2000
Q9H1K0,20,3,2,2,2,1,3,3,1.0,1.0,0.0,0.0,1.0,1.0,2000
Q9H1K0,25,3,2,2,2,1,3,3,1.0,1.0,0.0,0.0,1.0,1.0,2000
Q9H1K0,30,3,2,2,2,1,3,3,1.0,1.0,0.0,0.0,1.0,1.0,2000
Q9H1K0,5,3,2,2,2,1,1,3,0.3333333333333333,0.6095,0.2264014156818229,-0.2761666666666667,0.5468963631391851,1.0,2000
Q9H2F5,10,5,4,1,4,1,3,10,0.3,0.2999999999999999,1.1105006845081086e-16,0.0,1.0000000000000004,1.0,2000
Q9H2F5,15,5,4,1,4,1,3,10,0.3,0.3077999999999999,0.0268238654910126,-0.0077999999999999,0.9746588693957116,1.0,2000
Q9H2F5,20,5,4,1,4,1,5,10,0.5,0.5234000000000001,0.0804715964730379,-0.0234,0.9552923194497516,1.0,2000
Q9H2F5,25,5,4,1,4,1,6,10,0.6,0.6512999999999999,0.0950411827220527,-0.0512999999999999,0.921234454168586,1.0,2000
Q9H2F5,30,5,4,1,4,1,7,10,0.7,0.7139500000000001,0.1269584842708993,-0.0139500000000001,0.9804608165837942,0.519240379810095,2000
Q9H2F5,5,5,4,1,4,1,3,10,0.3,0.2999999999999999,1.1105006845081086e-16,0.0,1.0000000000000004,1.0,2000
Q9H2P0,10,6,4,2,6,0,3,15,0.2,0.2,2.776251711270272e-17,0.0,1.0,1.0,2000
Q9H2P0,15,6,4,2,6,0,5,15,0.3333333333333333,0.2650666666666667,0.0666641320178496,0.0682666666666665,1.2575452716297784,0.488255872063968,2000
Q9H2P0,20,6,4,2,6,0,6,15,0.4,0.3658666666666667,0.0333320660089248,0.0341333333333333,1.0932944606413997,0.488255872063968,2000
Q9H2P0,25,6,4,2,6,0,6,15,0.4,0.4000000000000001,5.552503422540543e-17,0.0,1.0,1.0,2000
Q9H2P0,30,6,4,2,6,0,6,15,0.4,0.4000000000000001,5.552503422540543e-17,0.0,1.0,1.0,2000
Q9H2P0,5,6,4,2,6,0,2,15,0.1333333333333333,0.1333333333333333,2.776251711270272e-17,0.0,1.0000000000000002,1.0,2000
Q9H2X6,10,5,5,4,4,1,0,10,0.0,0.01205,0.0325626728606838,-0.01205,0.0,1.0,2000
Q9H2X6,15,5,5,4,4,1,0,10,0.0,0.01205,0.0325626728606838,-0.01205,0.0,1.0,2000
Q9H2X6,20,5,5,4,4,1,0,10,0.0,0.02295,0.0420616463187726,-0.02295,0.0,1.0,2000
Q9H2X6,25,5,5,4,4,1,0,10,0.0,0.0356,0.0478934953145698,-0.0356,0.0,1.0,2000
Q9H2X6,30,5,5,4,4,1,0,10,0.0,0.0356,0.0478934953145698,-0.0356,0.0,1.0,2000
Q9H2X6,5,5,5,4,4,1,0,10,0.0,0.0,0.0,0.0,inf,1.0,2000
Q9H2Y7,10,5,4,3,5,0,4,10,0.4,0.4000000000000001,5.552503422540543e-17,0.0,1.0,1.0,2000
Q9H2Y7,15,5,4,3,5,0,4,10,0.4,0.4000000000000001,5.552503422540543e-17,0.0,1.0,1.0,2000
Q9H2Y7,20,5,4,3,5,0,4,10,0.4,0.4000000000000001,5.552503422540543e-17,0.0,1.0,1.0,2000
Q9H2Y7,25,5,4,3,5,0,4,10,0.4,0.4000000000000001,5.552503422540543e-17,0.0,1.0,1.0,2000
Q9H2Y7,30,5,4,3,5,0,4,10,0.4,0.4000000000000001,5.552503422540543e-17,0.0,1.0,1.0,2000
Q9H2Y7,5,5,4,3,5,0,2,10,0.2,0.2682999999999999,0.0746853328939139,-0.0682999999999999,0.7454342154304885,1.0,2000
Q9H334,10,6,4,3,6,0,6,15,0.4,0.2901666666666667,0.0602089537744417,0.1098333333333333,1.3785180930499712,0.1139430284857571,2000
Q9H334,15,6,4,3,6,0,6,15,0.4,0.3768,0.0630817343464781,0.0232,1.0615711252653928,0.4977511244377811,2000
Q9H334,20,6,4,3,6,0,7,15,0.4666666666666667,0.4606,0.0983148322301958,0.0060666666666666,1.0131712259371837,0.4577711144427786,2000
Q9H334,25,6,4,3,6,0,9,15,0.6,0.5991333333333333,0.1337633718667405,0.0008666666666666,1.0014465338822744,0.5157421289355323,2000
Q9H334,30,6,4,3,6,0,12,15,0.8,0.6612,0.1483652007145146,0.1388,1.2099213551119177,0.2678660669665167,2000
Q9H334,5,6,4,3,6,0,3,15,0.2,0.1044333333333333,0.0460345840080664,0.0955666666666666,1.9150973507819984,0.0619690154922538,2000
Q9H3S7,10,5,5,5,3,2,0,10,0.0,0.0206499999999999,0.0446046218024889,-0.0206499999999999,0.0,1.0,2000
Q9H3S7,15,5,5,5,3,2,0,10,0.0,0.0452,0.0603222959584169,-0.0452,0.0,1.0,2000
Q9H3S7,20,5,5,5,3,2,0,10,0.0,0.05165,0.0635554651353783,-0.05165,0.0,1.0,2000
Q9H3S7,25,5,5,5,3,2,1,10,0.1,0.09415,0.0664302942338508,0.0058499999999999,1.0621348911311737,0.7486256871564217,2000
Q9H3S7,30,5,5,5,3,2,1,10,0.1,0.10715,0.0656965411399936,-0.00715,0.9332711152589828,0.8175912043978011,2000
Q9H3S7,5,5,5,5,3,2,0,10,0.0,0.00725,0.0259378851671348,-0.00725,0.0,1.0,2000
Q9H4A3,10,49,29,29,37,12,43,1176,0.0365646258503401,0.0337606292517006,0.0023336778490218,0.0028039965986394,1.083055223222719,0.1559220389805097,2000
Q9H4A3,15,49,29,29,37,12,61,1176,0.0518707482993197,0.0478039965986394,0.0024147602586349,0.0040667517006802,1.085071374571975,0.0759620189905047,2000
Q9H4A3,20,49,29,29,37,12,67,1176,0.0569727891156462,0.0537079081632653,0.002536407743388,0.0032648809523809,1.0607895757633332,0.1369315342328835,2000
Q9H4A3,25,49,29,29,37,12,76,1176,0.064625850340136,0.0600216836734693,0.0021933198577482,0.0046041666666666,1.076708389116745,0.04047976011994,2000
Q9H4A3,30,49,29,29,37,12,82,1176,0.0697278911564625,0.0658001700680272,0.0024303850874616,0.0039277210884353,1.0596916555743656,0.0929535232383808,2000
Q9H4A3,5,49,29,29,37,12,27,1176,0.0229591836734693,0.021390731292517,0.001865082079209,0.0015684523809523,1.0733239251853472,0.2583708145927036,2000
Q9H4G0,10,9,4,6,9,0,16,36,0.4444444444444444,0.4350416666666666,0.0696500361188583,0.0094027777777778,1.021613510838681,0.504247876061969,2000
Q9H4G0,15,9,4,6,9,0,20,36,0.5555555555555556,0.5718888888888888,0.0214547017268282,-0.0163333333333332,0.97143967359627,0.938030984507746,2000
Q9H4G0,20,9,4,6,9,0,26,36,0.7222222222222222,0.7050555555555554,0.0451967552152028,0.0171666666666667,1.0243479631234735,0.6071964017991005,2000
Q9H4G0,25,9,4,6,9,0,29,36,0.8055555555555556,0.7462916666666666,0.0472313987134172,0.059263888888889,1.0794111626002645,0.169415292353823,2000
Q9H4G0,30,9,4,6,9,0,32,36,0.8888888888888888,0.8709027777777778,0.0324765729145926,0.017986111111111,1.02065226058528,0.4502748625687156,2000
Q9H4G0,5,9,4,6,9,0,8,36,0.2222222222222222,0.2725138888888889,0.0603548548754057,-0.0502916666666666,0.8154528311502981,0.9320339830084956,2000
Q9H4I2,10,13,6,5,12,1,18,78,0.2307692307692307,0.2330961538461538,0.0126335292150159,-0.002326923076923,0.9900173253031928,0.7866066966516742,2000
Q9H4I2,15,13,6,5,12,1,21,78,0.2692307692307692,0.2692307692307692,0.0,0.0,1.0,1.0,2000
Q9H4I2,20,13,6,5,12,1,21,78,0.2692307692307692,0.2692307692307692,0.0,0.0,1.0,1.0,2000
Q9H4I2,25,13,6,5,12,1,22,78,0.282051282051282,0.282051282051282,5.552503422540543e-17,0.0,1.0000000000000002,1.0,2000
Q9H4I2,30,13,6,5,12,1,22,78,0.282051282051282,0.282051282051282,5.552503422540543e-17,0.0,1.0000000000000002,1.0,2000
Q9H4I2,5,13,6,5,12,1,10,78,0.1282051282051282,0.1408653846153846,0.0140321243239989,-0.0126602564102564,0.9101251422070534,1.0,2000
Q9H582,10,5,4,5,3,2,1,10,0.1,0.0485499999999999,0.04999147000776,0.05145,2.059732234809475,0.4857571214392803,2000
Q9H582,15,5,4,5,3,2,1,10,0.1,0.07475,0.043455513929137,0.02525,1.3377926421404684,0.7476261869065467,2000
Q9H582,20,5,4,5,3,2,1,10,0.1,0.0867,0.0339659659574361,0.0133,1.1534025374855823,0.8670664667666167,2000
Q9H582,25,5,4,5,3,2,1,10,0.1,0.1,1.3881258556351357e-17,0.0,1.0,1.0,2000
Q9H582,30,5,4,5,3,2,1,10,0.1,0.1,1.3881258556351357e-17,0.0,1.0,1.0,2000
Q9H582,5,5,4,5,3,2,0,10,0.0,0.0343499999999999,0.0474995326587683,-0.0343499999999999,0.0,1.0,2000
Q9H6S0,10,3,2,0,1,2,1,3,0.3333333333333333,0.3333333333333332,5.552503422540543e-17,0.0,1.0000000000000002,1.0,2000
Q9H6S0,15,3,2,0,1,2,1,3,0.3333333333333333,0.3333333333333332,5.552503422540543e-17,0.0,1.0000000000000002,1.0,2000
Q9H6S0,20,3,2,0,1,2,1,3,0.3333333333333333,0.3333333333333332,5.552503422540543e-17,0.0,1.0000000000000002,1.0,2000
Q9H6S0,25,3,2,0,1,2,1,3,0.3333333333333333,0.3333333333333332,5.552503422540543e-17,0.0,1.0000000000000002,1.0,2000
Q9H6S0,30,3,2,0,1,2,1,3,0.3333333333333333,0.3333333333333332,5.552503422540543e-17,0.0,1.0000000000000002,1.0,2000
Q9H6S0,5,3,2,0,1,2,1,3,0.3333333333333333,0.3333333333333332,5.552503422540543e-17,0.0,1.0000000000000002,1.0,2000
Q9H792,10,7,2,7,6,1,18,21,0.8571428571428571,0.7535,0.1031993436545185,0.1036428571428571,1.1375485828040572,0.2213893053473263,2000
Q9H792,15,7,2,7,6,1,21,21,1.0,0.932595238095238,0.070629815347488,0.0674047619047618,1.0722765452270928,0.4707646176911544,2000
Q9H792,20,7,2,7,6,1,21,21,1.0,1.0,0.0,0.0,1.0,1.0,2000
Q9H792,25,7,2,7,6,1,21,21,1.0,1.0,0.0,0.0,1.0,1.0,2000
Q9H792,30,7,2,7,6,1,21,21,1.0,1.0,0.0,0.0,1.0,1.0,2000
Q9H792,5,7,2,7,6,1,9,21,0.4285714285714285,0.4190714285714285,0.0765614813208819,0.0095,1.0226691665246292,0.5642178910544727,2000
Q9H7P9,10,6,5,6,1,5,1,15,0.0666666666666666,0.0666666666666666,1.3881258556351357e-17,0.0,1.0000000000000002,1.0,2000
Q9H7P9,15,6,5,6,1,5,1,15,0.0666666666666666,0.0666666666666666,1.3881258556351357e-17,0.0,1.0000000000000002,1.0,2000
Q9H7P9,20,6,5,6,1,5,1,15,0.0666666666666666,0.0666666666666666,1.3881258556351357e-17,0.0,1.0000000000000002,1.0,2000
Q9H7P9,25,6,5,6,1,5,1,15,0.0666666666666666,0.0666666666666666,1.3881258556351357e-17,0.0,1.0000000000000002,1.0,2000
Q9H7P9,30,6,5,6,1,5,1,15,0.0666666666666666,0.0784,0.0253943605527891,-0.0117333333333333,0.8503401360544218,1.0,2000
Q9H7P9,5,6,5,6,1,5,0,15,0.0,0.0553999999999999,0.0249897094045007,-0.0553999999999999,0.0,1.0,2000
Q9H7S9,10,3,2,3,3,0,0,3,0.0,0.2518333333333333,0.1432992812566448,-0.2518333333333333,0.0,1.0,2000
Q9H7S9,15,3,2,3,3,0,1,3,0.3333333333333333,0.2703333333333333,0.1305355114897089,0.063,1.2330456226880395,0.8110944527736131,2000
Q9H7S9,20,3,2,3,3,0,1,3,0.3333333333333333,0.3146666666666666,0.0766597426022661,0.0186666666666666,1.0593220338983051,0.9440279860069966,2000
Q9H7S9,25,3,2,3,3,0,1,3,0.3333333333333333,0.3333333333333332,5.552503422540543e-17,0.0,1.0000000000000002,1.0,2000
Q9H7S9,30,3,2,3,3,0,1,3,0.3333333333333333,0.3333333333333332,5.552503422540543e-17,0.0,1.0000000000000002,1.0,2000
Q9H7S9,5,3,2,3,3,0,0,3,0.0,0.19,0.1650665223833688,-0.19,0.0,1.0,2000
Q9H845,10,3,3,1,3,0,1,3,0.3333333333333333,0.3333333333333332,5.552503422540543e-17,0.0,1.0000000000000002,1.0,2000
Q9H845,15,3,3,1,3,0,1,3,0.3333333333333333,0.3333333333333332,5.552503422540543e-17,0.0,1.0000000000000002,1.0,2000
Q9H845,20,3,3,1,3,0,1,3,0.3333333333333333,0.3333333333333332,5.552503422540543e-17,0.0,1.0000000000000002,1.0,2000
Q9H845,25,3,3,1,3,0,1,3,0.3333333333333333,0.3333333333333332,5.552503422540543e-17,0.0,1.0000000000000002,1.0,2000
Q9H845,30,3,3,1,3,0,1,3,0.3333333333333333,0.3333333333333332,5.552503422540543e-17,0.0,1.0000000000000002,1.0,2000
Q9H845,5,3,3,1,3,0,0,3,0.0,0.1648333333333333,0.1666982628046186,-0.1648333333333333,0.0,1.0,2000
Q9H8V3,10,5,1,5,5,0,4,10,0.4,0.6445,0.1331488426804888,-0.2444999999999999,0.6206361520558573,1.0,2000
Q9H8V3,15,5,1,5,5,0,8,10,0.8,0.9284,0.0754737579829707,-0.1284,0.8616975441619991,1.0,2000
Q9H8V3,20,5,1,5,5,0,10,10,1.0,1.0,0.0,0.0,1.0,1.0,2000
Q9H8V3,25,5,1,5,5,0,10,10,1.0,1.0,0.0,0.0,1.0,1.0,2000
Q9H8V3,30,5,1,5,5,0,10,10,1.0,1.0,0.0,0.0,1.0,1.0,2000
Q9H8V3,5,5,1,5,5,0,4,10,0.4,0.35845,0.0955675890772652,0.04155,1.115915748360999,0.5397301349325337,2000
Q9H8Y8,10,9,5,7,5,4,10,36,0.2777777777777778,0.1956805555555555,0.0373135484216963,0.0820972222222222,1.419547164454539,0.0304847576211894,2000
Q9H8Y8,15,9,5,7,5,4,13,36,0.3611111111111111,0.2850833333333333,0.0311614205095852,0.0760277777777778,1.2666861541459613,0.0224887556221889,2000
Q9H8Y8,20,9,5,7,5,4,15,36,0.4166666666666667,0.3432361111111111,0.0375392891964665,0.0734305555555556,1.213935985109052,0.0719640179910044,2000
Q9H8Y8,25,9,5,7,5,4,18,36,0.5,0.4350694444444444,0.0472633911280423,0.0649305555555555,1.149241819632881,0.1564217891054472,2000
Q9H8Y8,30,9,5,7,5,4,22,36,0.6111111111111112,0.4878055555555555,0.0619622973989178,0.1233055555555556,1.2527760378110586,0.0634682658670664,2000
Q9H8Y8,5,9,5,7,5,4,5,36,0.1388888888888889,0.0971805555555555,0.0278956112001293,0.0417083333333333,1.4291839359725595,0.1504247876061969,2000
Q9H910,10,4,4,3,4,0,1,6,0.1666666666666666,0.1474166666666666,0.0532840541677114,0.0192499999999999,1.130582249858677,0.8845577211394303,2000
Q9H910,15,4,4,3,4,0,1,6,0.1666666666666666,0.1666666666666666,2.776251711270272e-17,0.0,1.0000000000000002,1.0,2000
Q9H910,20,4,4,3,4,0,1,6,0.1666666666666666,0.1666666666666666,2.776251711270272e-17,0.0,1.0000000000000002,1.0,2000
Q9H910,25,4,4,3,4,0,1,6,0.1666666666666666,0.1666666666666666,2.776251711270272e-17,0.0,1.0000000000000002,1.0,2000
Q9H910,30,4,4,3,4,0,1,6,0.1666666666666666,0.2735833333333333,0.110579012591357,-0.1069166666666666,0.6091989034419737,1.0,2000
Q9H910,5,4,4,3,4,0,0,6,0.0,0.0889166666666666,0.0831668756052089,-0.0889166666666666,0.0,1.0,2000
Q9HAH7,10,3,3,1,3,0,0,3,0.0,0.0,0.0,0.0,inf,1.0,2000
Q9HAH7,15,3,3,1,3,0,0,3,0.0,0.0,0.0,0.0,inf,1.0,2000
Q9HAH7,20,3,3,1,3,0,1,3,0.3333333333333333,0.1593333333333333,0.1665468971024895,0.174,2.092050209205021,0.4782608695652174,2000
Q9HAH7,25,3,3,1,3,0,1,3,0.3333333333333333,0.3333333333333332,5.552503422540543e-17,0.0,1.0000000000000002,1.0,2000
Q9HAH7,30,3,3,1,3,0,1,3,0.3333333333333333,0.3333333333333332,5.552503422540543e-17,0.0,1.0000000000000002,1.0,2000
Q9HAH7,5,3,3,1,3,0,0,3,0.0,0.0,0.0,0.0,inf,1.0,2000
Q9HAP2,10,8,5,1,7,1,7,28,0.25,0.25,0.0,0.0,1.0,1.0,2000
Q9HAP2,15,8,5,1,7,1,7,28,0.25,0.25,0.0,0.0,1.0,1.0,2000
Q9HAP2,20,8,5,1,7,1,7,28,0.25,0.25,0.0,0.0,1.0,1.0,2000
Q9HAP2,25,8,5,1,7,1,10,28,0.3571428571428571,0.357142857142857,1.1105006845081086e-16,0.0,1.0000000000000002,1.0,2000
Q9HAP2,30,8,5,1,7,1,11,28,0.3928571428571428,0.3928571428571429,1.1105006845081086e-16,0.0,0.9999999999999996,1.0,2000
Q9HAP2,5,8,5,1,7,1,7,28,0.25,0.25,0.0,0.0,1.0,1.0,2000
Q9HAU0,10,5,5,3,4,1,1,10,0.1,0.1737,0.0440372528641366,-0.0737,0.575705238917674,1.0,2000
Q9HAU0,15,5,5,3,4,1,2,10,0.2,0.2,2.776251711270272e-17,0.0,1.0,1.0,2000
Q9HAU0,20,5,5,3,4,1,3,10,0.3,0.2999999999999999,1.1105006845081086e-16,0.0,1.0000000000000004,1.0,2000
Q9HAU0,25,5,5,3,4,1,3,10,0.3,0.3313499999999999,0.0464031693644252,-0.0313499999999999,0.9053870529651428,1.0,2000
Q9HAU0,30,5,5,3,4,1,4,10,0.4,0.4000000000000001,5.552503422540543e-17,0.0,1.0,1.0,2000
Q9HAU0,5,5,5,3,4,1,0,10,0.0,0.0480499999999999,0.049974455706006,-0.0480499999999999,0.0,1.0,2000
Q9HAW0,10,3,2,1,3,0,1,3,0.3333333333333333,0.3333333333333332,5.552503422540543e-17,0.0,1.0000000000000002,1.0,2000
Q9HAW0,15,3,2,1,3,0,1,3,0.3333333333333333,0.3333333333333332,5.552503422540543e-17,0.0,1.0000000000000002,1.0,2000
Q9HAW0,20,3,2,1,3,0,1,3,0.3333333333333333,0.3333333333333332,5.552503422540543e-17,0.0,1.0000000000000002,1.0,2000
Q9HAW0,25,3,2,1,3,0,1,3,0.3333333333333333,0.3333333333333332,5.552503422540543e-17,0.0,1.0000000000000002,1.0,2000
Q9HAW0,30,3,2,1,3,0,1,3,0.3333333333333333,0.3333333333333332,5.552503422540543e-17,0.0,1.0000000000000002,1.0,2000
Q9HAW0,5,3,2,1,3,0,1,3,0.3333333333333333,0.3333333333333332,5.552503422540543e-17,0.0,1.0000000000000002,1.0,2000
Q9HB21,10,4,2,4,4,0,6,6,1.0,0.9449166666666668,0.0784184715024517,0.0550833333333332,1.0582943822206543,0.6696651674162919,2000
Q9HB21,15,4,2,4,4,0,6,6,1.0,1.0,0.0,0.0,1.0,1.0,2000
Q9HB21,20,4,2,4,4,0,6,6,1.0,1.0,0.0,0.0,1.0,1.0,2000
Q9HB21,25,4,2,4,4,0,6,6,1.0,1.0,0.0,0.0,1.0,1.0,2000
Q9HB21,30,4,2,4,4,0,6,6,1.0,1.0,0.0,0.0,1.0,1.0,2000
Q9HB21,5,4,2,4,4,0,6,6,1.0,0.6401666666666667,0.1953917861276522,0.3598333333333333,1.5620932048945588,0.1139430284857571,2000
Q9HBD1,10,25,17,14,23,2,19,300,0.0633333333333333,0.0465283333333333,0.0048152779550328,0.016805,1.3611777769817677,0.0054972513743128,2000
Q9HBD1,15,25,17,14,23,2,25,300,0.0833333333333333,0.08038,0.0048213069055927,0.0029533333333333,1.0367421414945674,0.3873063468265867,2000
Q9HBD1,20,25,17,14,23,2,27,300,0.09,0.0930999999999999,0.0036586311210244,-0.0030999999999999,0.9667024704618692,0.8925537231384307,2000
Q9HBD1,25,25,17,14,23,2,30,300,0.1,0.099395,0.0049829432261396,0.0006049999999999,1.0060868252930226,0.5487256371814093,2000
Q9HBD1,30,25,17,14,23,2,34,300,0.1133333333333333,0.1107683333333333,0.0061842908471543,0.0025649999999999,1.0231564376100268,0.4357821089455272,2000
Q9HBD1,5,25,17,14,23,2,13,300,0.0433333333333333,0.0264633333333333,0.0046966555900246,0.01687,1.637485829449553,0.0049975012493753,2000
Q9HBF4,10,3,3,1,3,0,1,3,0.3333333333333333,0.3333333333333332,5.552503422540543e-17,0.0,1.0000000000000002,1.0,2000
Q9HBF4,15,3,3,1,3,0,1,3,0.3333333333333333,0.3333333333333332,5.552503422540543e-17,0.0,1.0000000000000002,1.0,2000
Q9HBF4,20,3,3,1,3,0,1,3,0.3333333333333333,0.3333333333333332,5.552503422540543e-17,0.0,1.0000000000000002,1.0,2000
Q9HBF4,25,3,3,1,3,0,1,3,0.3333333333333333,0.3333333333333332,5.552503422540543e-17,0.0,1.0000000000000002,1.0,2000
Q9HBF4,30,3,3,1,3,0,1,3,0.3333333333333333,0.3333333333333332,5.552503422540543e-17,0.0,1.0000000000000002,1.0,2000
Q9HBF4,5,3,3,1,3,0,1,3,0.3333333333333333,0.3333333333333332,5.552503422540543e-17,0.0,1.0000000000000002,1.0,2000
Q9HBG7,10,3,2,2,1,2,1,3,0.3333333333333333,0.3333333333333332,5.552503422540543e-17,0.0,1.0000000000000002,1.0,2000
Q9HBG7,15,3,2,2,1,2,1,3,0.3333333333333333,0.3333333333333332,5.552503422540543e-17,0.0,1.0000000000000002,1.0,2000
Q9HBG7,20,3,2,2,1,2,1,3,0.3333333333333333,0.3333333333333332,5.552503422540543e-17,0.0,1.0000000000000002,1.0,2000
Q9HBG7,25,3,2,2,1,2,1,3,0.3333333333333333,0.3333333333333332,5.552503422540543e-17,0.0,1.0000000000000002,1.0,2000
Q9HBG7,30,3,2,2,1,2,1,3,0.3333333333333333,0.3333333333333332,5.552503422540543e-17,0.0,1.0000000000000002,1.0,2000
Q9HBG7,5,3,2,2,1,2,1,3,0.3333333333333333,0.2175,0.1587650880281565,0.1158333333333333,1.532567049808429,0.6526736631684158,2000
Q9HBM6,10,8,3,5,8,0,16,28,0.5714285714285714,0.6077321428571427,0.0386112915056229,-0.0363035714285713,0.9402638615461464,1.0,2000
Q9HBM6,15,8,3,5,8,0,22,28,0.7857142857142857,0.7637142857142858,0.0173742688572338,0.0219999999999999,1.02880658436214,0.3843078460769615,2000
Q9HBM6,20,8,3,5,8,0,24,28,0.8571428571428571,0.8349642857142858,0.0327673440976763,0.0221785714285712,1.0265622994995507,0.4892553723138431,2000
Q9HBM6,25,8,3,5,8,0,27,28,0.9642857142857144,0.927785714285714,0.035714571570356,0.0365000000000003,1.0393409808299334,0.4892553723138431,2000
Q9HBM6,30,8,3,5,8,0,28,28,1.0,0.9817499999999998,0.017857285785178,0.0182500000000002,1.0185892538833718,0.4892553723138431,2000
Q9HBM6,5,8,3,5,8,0,7,28,0.25,0.315375,0.0465468145341629,-0.065375,0.7927070947284978,1.0,2000
Q9HC78,10,17,10,10,17,0,16,136,0.1176470588235294,0.1497022058823529,0.0160870743016847,-0.0320551470588235,0.7858739163535451,0.9930034982508744,2000
Q9HC78,15,17,10,10,17,0,28,136,0.2058823529411764,0.2185919117647059,0.0167048862363175,-0.0127095588235294,0.941857140454446,0.8320839580209896,2000
Q9HC78,20,17,10,10,17,0,37,136,0.2720588235294117,0.2851066176470588,0.018402608899765,-0.013047794117647,0.9542353866587576,0.8040979510244878,2000
Q9HC78,25,17,10,10,17,0,43,136,0.3161764705882353,0.3428492647058824,0.0184262471405721,-0.0266727941176471,0.9222025628652616,0.9375312343828086,2000
Q9HC78,30,17,10,10,17,0,51,136,0.375,0.3920367647058823,0.0199740323963874,-0.0170367647058823,0.9565429412757658,0.84007996001999,2000
Q9HC78,5,17,10,10,17,0,6,136,0.0441176470588235,0.0674007352941176,0.0121159321085743,-0.0232830882352941,0.6545573555882834,1.0,2000
Q9HC84,10,10,4,8,0,10,8,45,0.1777777777777777,0.1089666666666666,0.024371498680568,0.0688111111111111,1.6314877128581626,0.0259870064967516,2000
Q9HC84,15,10,4,8,0,10,11,45,0.2444444444444444,0.1495666666666666,0.0307263964440229,0.0948777777777777,1.6343510883292476,0.0129935032483758,2000
Q9HC84,20,10,4,8,0,10,13,45,0.2888888888888888,0.1960555555555555,0.0312851066398574,0.0928333333333333,1.4735052422782655,0.0184907546226886,2000
Q9HC84,25,10,4,8,0,10,16,45,0.3555555555555555,0.2263333333333333,0.0350521235122552,0.1292222222222222,1.5709376534118802,0.0034982508745627,2000
Q9HC84,30,10,4,8,0,10,17,45,0.3777777777777777,0.2528666666666667,0.0455824458921843,0.124911111111111,1.4939801388522715,0.009495252373813,2000
Q9HC84,5,10,4,8,0,10,4,45,0.0888888888888888,0.0757666666666666,0.0225456947488144,0.0131222222222222,1.1731925502273062,0.4197901049475262,2000
Q9HCD5,10,18,10,11,17,1,26,153,0.1699346405228758,0.1596176470588235,0.0128623301800017,0.0103169934640522,1.0646356693896772,0.2648675662168915,2000
Q9HCD5,15,18,10,11,17,1,32,153,0.2091503267973856,0.2154836601307189,0.0155644430551391,-0.0063333333333333,0.9706087536776972,0.7191404297851074,2000
Q9HCD5,20,18,10,11,17,1,38,153,0.2483660130718954,0.2672091503267974,0.0183522302230916,-0.0188431372549019,0.9294816916566788,0.8910544727636182,2000
Q9HCD5,25,18,10,11,17,1,48,153,0.3137254901960784,0.349218954248366,0.0227890496150379,-0.0354934640522875,0.8983632943730641,0.9835082458770614,2000
Q9HCD5,30,18,10,11,17,1,56,153,0.3660130718954248,0.4116307189542485,0.0259510560983506,-0.0456176470588237,0.889178224660405,0.976511744127936,2000
Q9HCD5,5,18,10,11,17,1,12,153,0.0784313725490196,0.0795392156862745,0.0120152328305636,-0.0011078431372548,0.9860717367188464,0.6286856571714143,2000
Q9HCD6,10,9,6,8,8,1,9,36,0.25,0.1516527777777777,0.0269863886849239,0.0983472222222222,1.648502610129133,0.0044977511244377,2000
Q9HCD6,15,9,6,8,8,1,11,36,0.3055555555555556,0.2105416666666667,0.0244391847780782,0.0950138888888888,1.4512830661653142,0.015992003998001,2000
Q9HCD6,20,9,6,8,8,1,13,36,0.3611111111111111,0.2455,0.035568311382599,0.1156111111111111,1.4709210228558498,0.0029985007496251,2000
Q9HCD6,25,9,6,8,8,1,13,36,0.3611111111111111,0.2819305555555555,0.0408364545782004,0.0791805555555555,1.280851273461747,0.0804597701149425,2000
Q9HCD6,30,9,6,8,8,1,13,36,0.3611111111111111,0.3232499999999998,0.0292100720931446,0.0378611111111112,1.1171264071496094,0.2703648175912044,2000
Q9HCD6,5,9,6,8,8,1,5,36,0.1388888888888889,0.0673611111111111,0.0262028516901053,0.0715277777777777,2.061855670103093,0.0369815092453773,2000
Q9HCE3,10,4,3,2,4,0,3,6,0.5,0.365,0.1011165501923688,0.135,1.36986301369863,0.297351324337831,2000
Q9HCE3,15,4,3,2,4,0,3,6,0.5,0.5,0.0,0.0,1.0,1.0,2000
Q9HCE3,20,4,3,2,4,0,3,6,0.5,0.5,0.0,0.0,1.0,1.0,2000
Q9HCE3,25,4,3,2,4,0,4,6,0.6666666666666666,0.6666666666666665,1.1105006845081086e-16,0.0,1.0000000000000002,1.0,2000
Q9HCE3,30,4,3,2,4,0,6,6,1.0,0.8004166666666668,0.1022907200968455,0.1995833333333332,1.24934929724102,0.1094452773613193,2000
Q9HCE3,5,4,3,2,4,0,2,6,0.3333333333333333,0.1692499999999999,0.0749742419592727,0.1640833333333333,1.9694731659281144,0.1094452773613193,2000
Q9HCK8,10,11,7,11,10,1,8,55,0.1454545454545454,0.1518272727272727,0.0186146111359232,-0.0063727272727272,0.9580264654811088,0.8525737131434283,2000
Q9HCK8,15,11,7,11,10,1,11,55,0.2,0.1698636363636363,0.0210144513899357,0.0301363636363636,1.1774150388011773,0.1509245377311344,2000
Q9HCK8,20,11,7,11,10,1,11,55,0.2,0.1865363636363636,0.0199732311068638,0.0134636363636363,1.0721770066767389,0.3728135932033983,2000
Q9HCK8,25,11,7,11,10,1,12,55,0.2181818181818181,0.1976818181818181,0.0167200239559681,0.0204999999999999,1.103702000459876,0.3013493253373313,2000
Q9HCK8,30,11,7,11,10,1,12,55,0.2181818181818181,0.2086636363636364,0.0127492485184262,0.0095181818181817,1.0456149522938174,0.5977011494252874,2000
Q9HCK8,5,11,7,11,10,1,7,55,0.1272727272727272,0.0952454545454545,0.0235344339090152,0.0320272727272727,1.3362603798797363,0.1469265367316342,2000
Q9HCM2,10,3,2,2,0,3,1,3,0.3333333333333333,0.341,0.2672477826949072,-0.0076666666666667,0.9775171065493644,0.8010994502748626,2000
Q9HCM2,15,3,2,2,0,3,1,3,0.3333333333333333,0.4086666666666666,0.2972693617337678,-0.0753333333333333,0.8156606851549756,0.8010994502748626,2000
Q9HCM2,20,3,2,2,0,3,1,3,0.3333333333333333,0.5426666666666666,0.3094882915594988,-0.2093333333333333,0.6142506142506142,1.0,2000
Q9HCM2,25,3,2,2,0,3,1,3,0.3333333333333333,0.6089999999999999,0.2927753648493788,-0.2756666666666665,0.5473453749315819,1.0,2000
Q9HCM2,30,3,2,2,0,3,1,3,0.3333333333333333,0.6089999999999999,0.2927753648493788,-0.2756666666666665,0.5473453749315819,1.0,2000
Q9HCM2,5,3,2,2,0,3,1,3,0.3333333333333333,0.0693333333333333,0.1353261119602907,0.264,4.807692307692308,0.2083958020989505,2000
Q9HD90,10,3,2,1,3,0,1,3,0.3333333333333333,0.3333333333333332,5.552503422540543e-17,0.0,1.0000000000000002,1.0,2000
Q9HD90,15,3,2,1,3,0,1,3,0.3333333333333333,0.3333333333333332,5.552503422540543e-17,0.0,1.0000000000000002,1.0,2000
Q9HD90,20,3,2,1,3,0,1,3,0.3333333333333333,0.3333333333333332,5.552503422540543e-17,0.0,1.0000000000000002,1.0,2000
Q9HD90,25,3,2,1,3,0,1,3,0.3333333333333333,0.3333333333333332,5.552503422540543e-17,0.0,1.0000000000000002,1.0,2000
Q9HD90,30,3,2,1,3,0,1,3,0.3333333333333333,0.3333333333333332,5.552503422540543e-17,0.0,1.0000000000000002,1.0,2000
Q9HD90,5,3,2,1,3,0,0,3,0.0,0.0,0.0,0.0,inf,1.0,2000
Q9HDC9,10,4,3,0,4,0,3,6,0.5,0.5,0.0,0.0,1.0,1.0,2000
Q9HDC9,15,4,3,0,4,0,3,6,0.5,0.5,0.0,0.0,1.0,1.0,2000
Q9HDC9,20,4,3,0,4,0,3,6,0.5,0.5,0.0,0.0,1.0,1.0,2000
Q9HDC9,25,4,3,0,4,0,3,6,0.5,0.5,0.0,0.0,1.0,1.0,2000
Q9HDC9,30,4,3,0,4,0,3,6,0.5,0.5,0.0,0.0,1.0,1.0,2000
Q9HDC9,5,4,3,0,4,0,1,6,0.1666666666666666,0.1666666666666666,2.776251711270272e-17,0.0,1.0000000000000002,1.0,2000
Q9NP71,10,3,3,3,0,3,0,3,0.0,0.0,0.0,0.0,inf,1.0,2000
Q9NP71,15,3,3,3,0,3,0,3,0.0,0.0,0.0,0.0,inf,1.0,2000
Q9NP71,20,3,3,3,0,3,0,3,0.0,0.0,0.0,0.0,inf,1.0,2000
Q9NP71,25,3,3,3,0,3,0,3,0.0,0.0,0.0,0.0,inf,1.0,2000
Q9NP71,30,3,3,3,0,3,0,3,0.0,0.0,0.0,0.0,inf,1.0,2000
Q9NP71,5,3,3,3,0,3,0,3,0.0,0.0,0.0,0.0,inf,1.0,2000
Q9NPF5,10,5,3,1,3,2,3,10,0.3,0.2491499999999999,0.050005277360314,0.05085,1.2040939193257074,0.4917541229385307,2000
Q9NPF5,15,5,3,1,3,2,4,10,0.4,0.4000000000000001,5.552503422540543e-17,0.0,1.0,1.0,2000
Q9NPF5,20,5,3,1,3,2,4,10,0.4,0.4000000000000001,5.552503422540543e-17,0.0,1.0,1.0,2000
Q9NPF5,25,5,3,1,3,2,4,10,0.4,0.4000000000000001,5.552503422540543e-17,0.0,1.0,1.0,2000
Q9NPF5,30,5,3,1,3,2,4,10,0.4,0.4000000000000001,5.552503422540543e-17,0.0,1.0,1.0,2000
Q9NPF5,5,5,3,1,3,2,1,10,0.1,0.15085,0.0500052773603141,-0.05085,0.6629101756711966,1.0,2000
Q9NPG3,10,22,12,15,22,0,61,231,0.264069264069264,0.2596125541125541,0.0061169735933726,0.0044567099567099,1.017166773663718,0.3623188405797101,2000
Q9NPG3,15,22,12,15,22,0,84,231,0.3636363636363636,0.357922077922078,0.0040771856251777,0.0057142857142856,1.015965166908563,0.1934032983508246,2000
Q9NPG3,20,22,12,15,22,0,98,231,0.4242424242424242,0.4234805194805194,0.0038754254335156,0.0007619047619047,1.001799149492967,0.4962518740629685,2000
Q9NPG3,25,22,12,15,22,0,108,231,0.4675324675324675,0.467525974025974,0.0030725247360194,6.493506493454593e-06,1.000013889081793,0.7476261869065467,2000
Q9NPG3,30,22,12,15,22,0,115,231,0.4978354978354978,0.4941558441558441,0.0045692164489722,0.0036796536796537,1.0074463425317566,0.4962518740629685,2000
Q9NPG3,5,22,12,15,22,0,30,231,0.1298701298701298,0.1347922077922078,0.0074185284003312,-0.0049220779220779,0.9634839579920992,0.8210894552723638,2000
Q9NPG4,10,3,1,3,3,0,3,3,1.0,1.0,0.0,0.0,1.0,1.0,2000
Q9NPG4,15,3,1,3,3,0,3,3,1.0,1.0,0.0,0.0,1.0,1.0,2000
Q9NPG4,20,3,1,3,3,0,3,3,1.0,1.0,0.0,0.0,1.0,1.0,2000
Q9NPG4,25,3,1,3,3,0,3,3,1.0,1.0,0.0,0.0,1.0,1.0,2000
Q9NPG4,30,3,1,3,3,0,3,3,1.0,1.0,0.0,0.0,1.0,1.0,2000
Q9NPG4,5,3,1,3,3,0,3,3,1.0,0.866,0.1993251914150165,0.134,1.1547344110854505,0.656671664167916,2000
Q9NPI6,10,6,3,6,6,0,10,15,0.6666666666666666,0.2671666666666666,0.1232008536345396,0.3994999999999999,2.495321272613849,0.0209895052473763,2000
Q9NPI6,15,6,3,6,6,0,10,15,0.6666666666666666,0.4666333333333333,0.1077405454027078,0.2000333333333332,1.4286734766769054,0.0654672663668165,2000
Q9NPI6,20,6,3,6,6,0,10,15,0.6666666666666666,0.5864333333333333,0.0738075756515293,0.0802333333333333,1.136815779003013,0.3353323338330835,2000
Q9NPI6,25,6,3,6,6,0,10,15,0.6666666666666666,0.6079999999999999,0.0608464920290444,0.0586666666666667,1.0964912280701755,0.4227886056971514,2000
Q9NPI6,30,6,3,6,6,0,10,15,0.6666666666666666,0.6270666666666667,0.0475823827974961,0.0395999999999999,1.06315118009781,0.5257371314342829,2000
Q9NPI6,5,6,3,6,6,0,8,15,0.5333333333333333,0.1857,0.094668967084714,0.3476333333333333,2.872015796086878,0.0089955022488755,2000
Q9NQ66,10,4,3,3,4,0,3,6,0.5,0.5,0.0,0.0,1.0,1.0,2000
Q9NQ66,15,4,3,3,4,0,3,6,0.5,0.5,0.0,0.0,1.0,1.0,2000
Q9NQ66,20,4,3,3,4,0,3,6,0.5,0.5,0.0,0.0,1.0,1.0,2000
Q9NQ66,25,4,3,3,4,0,3,6,0.5,0.5,0.0,0.0,1.0,1.0,2000
Q9NQ66,30,4,3,3,4,0,3,6,0.5,0.5,0.0,0.0,1.0,1.0,2000
Q9NQ66,5,4,3,3,4,0,1,6,0.1666666666666666,0.1666666666666666,2.776251711270272e-17,0.0,1.0000000000000002,1.0,2000
Q9NQC3,10,7,5,7,2,5,3,21,0.1428571428571428,0.1011190476190476,0.0334519826191713,0.0417380952380952,1.4127619496114905,0.3163418290854572,2000
Q9NQC3,15,7,5,7,2,5,3,21,0.1428571428571428,0.116095238095238,0.0303553848077228,0.0267619047619047,1.2305168170631666,0.5182408795602199,2000
Q9NQC3,20,7,5,7,2,5,3,21,0.1428571428571428,0.1362380952380952,0.021443401756728,0.0066190476190476,1.0485844110450893,0.8335832083958021,2000
Q9NQC3,25,7,5,7,2,5,3,21,0.1428571428571428,0.1586666666666666,0.0248766779754297,-0.0158095238095237,0.9003601440576232,1.0,2000
Q9NQC3,30,7,5,7,2,5,3,21,0.1428571428571428,0.1751428571428571,0.0381141714307524,-0.0322857142857142,0.8156606851549757,1.0,2000
Q9NQC3,5,7,5,7,2,5,1,21,0.0476190476190476,0.0588333333333333,0.0339164438374852,-0.0112142857142857,0.8093889113719143,0.8735632183908046,2000
Q9NQS7,10,3,2,3,3,0,1,3,0.3333333333333333,0.3333333333333332,5.552503422540543e-17,0.0,1.0000000000000002,1.0,2000
Q9NQS7,15,3,2,3,3,0,1,3,0.3333333333333333,0.3333333333333332,5.552503422540543e-17,0.0,1.0000000000000002,1.0,2000
Q9NQS7,20,3,2,3,3,0,1,3,0.3333333333333333,0.3333333333333332,5.552503422540543e-17,0.0,1.0000000000000002,1.0,2000
Q9NQS7,25,3,2,3,3,0,1,3,0.3333333333333333,0.3333333333333332,5.552503422540543e-17,0.0,1.0000000000000002,1.0,2000
Q9NQS7,30,3,2,3,3,0,1,3,0.3333333333333333,0.3333333333333332,5.552503422540543e-17,0.0,1.0000000000000002,1.0,2000
Q9NQS7,5,3,2,3,3,0,1,3,0.3333333333333333,0.3333333333333332,5.552503422540543e-17,0.0,1.0000000000000002,1.0,2000
Q9NQV6,10,4,3,4,2,2,1,6,0.1666666666666666,0.1666666666666666,2.776251711270272e-17,0.0,1.0000000000000002,1.0,2000
Q9NQV6,15,4,3,4,2,2,1,6,0.1666666666666666,0.1666666666666666,2.776251711270272e-17,0.0,1.0000000000000002,1.0,2000
Q9NQV6,20,4,3,4,2,2,1,6,0.1666666666666666,0.1758333333333332,0.0380062131251991,-0.0091666666666666,0.9478672985781992,1.0,2000
Q9NQV6,25,4,3,4,2,2,1,6,0.1666666666666666,0.1961666666666666,0.0636273595799025,-0.0294999999999999,0.8496176720475788,1.0,2000
Q9NQV6,30,4,3,4,2,2,1,6,0.1666666666666666,0.2112499999999999,0.0737943408861265,-0.0445833333333333,0.7889546351084813,1.0,2000
Q9NQV6,5,4,3,4,2,2,0,6,0.0,0.0823333333333333,0.0833481727657909,-0.0823333333333333,0.0,1.0,2000
Q9NQX3,10,3,2,3,3,0,3,3,1.0,1.0,0.0,0.0,1.0,1.0,2000
Q9NQX3,15,3,2,3,3,0,3,3,1.0,1.0,0.0,0.0,1.0,1.0,2000
Q9NQX3,20,3,2,3,3,0,3,3,1.0,1.0,0.0,0.0,1.0,1.0,2000
Q9NQX3,25,3,2,3,3,0,3,3,1.0,1.0,0.0,0.0,1.0,1.0,2000
Q9NQX3,30,3,2,3,3,0,3,3,1.0,1.0,0.0,0.0,1.0,1.0,2000
Q9NQX3,5,3,2,3,3,0,3,3,1.0,0.7821666666666667,0.2478158158017824,0.2178333333333333,1.2784998934583425,0.5097451274362819,2000
Q9NR12,10,13,8,5,12,1,15,78,0.1923076923076923,0.1831987179487179,0.0169044139005749,0.0091089743589743,1.0497218237167152,0.3853073463268366,2000
Q9NR12,15,13,8,5,12,1,19,78,0.2435897435897435,0.2561666666666666,0.0223796458977347,-0.012576923076923,0.9509033581902808,0.7976011994002998,2000
Q9NR12,20,13,8,5,12,1,27,78,0.3461538461538461,0.3414871794871794,0.0190314707138325,0.0046666666666667,1.013665715572909,0.5082458770614693,2000
Q9NR12,25,13,8,5,12,1,34,78,0.4358974358974359,0.4151410256410257,0.014871307219447,0.0207564102564101,1.0499984558846236,0.1734132933533233,2000
Q9NR12,30,13,8,5,12,1,38,78,0.4871794871794871,0.4531346153846154,0.0232453380257442,0.0340448717948717,1.075131915856781,0.2498750624687656,2000
Q9NR12,5,13,8,5,12,1,7,78,0.0897435897435897,0.0950128205128204,0.0151519662848391,-0.0052692307692307,0.944541897179868,0.7766116941529235,2000
Q9NR30,10,3,3,1,3,0,0,3,0.0,0.0,0.0,0.0,inf,1.0,2000
Q9NR30,15,3,3,1,3,0,0,3,0.0,0.0,0.0,0.0,inf,1.0,2000
Q9NR30,20,3,3,1,3,0,0,3,0.0,0.0,0.0,0.0,inf,1.0,2000
Q9NR30,25,3,3,1,3,0,0,3,0.0,0.0,0.0,0.0,inf,1.0,2000
Q9NR30,30,3,3,1,3,0,0,3,0.0,0.0,0.0,0.0,inf,1.0,2000
Q9NR30,5,3,3,1,3,0,0,3,0.0,0.0,0.0,0.0,inf,1.0,2000
Q9NR56,10,4,2,4,0,4,6,6,1.0,0.3458333333333334,0.2299351758486428,0.6541666666666666,2.8915662650602405,0.0429785107446276,2000
Q9NR56,15,4,2,4,0,4,6,6,1.0,0.4108333333333334,0.2502722102046319,0.5891666666666666,2.434077079107505,0.0714642678660669,2000
Q9NR56,20,4,2,4,0,4,6,6,1.0,0.51025,0.2609248093912415,0.48975,1.9598236158745717,0.1224387806096951,2000
Q9NR56,25,4,2,4,0,4,6,6,1.0,0.636,0.2476695897125639,0.364,1.572327044025157,0.1954022988505747,2000
Q9NR56,30,4,2,4,0,4,6,6,1.0,0.7251666666666667,0.2428339870853192,0.2748333333333332,1.378993334865548,0.3628185907046476,2000
Q9NR56,5,4,2,4,0,4,2,6,0.3333333333333333,0.1936666666666666,0.1855454188065793,0.1396666666666666,1.721170395869191,0.272863568215892,2000
Q9NRA8,10,4,2,4,4,0,2,6,0.3333333333333333,0.30175,0.1239249529948071,0.0315833333333333,1.104667219000276,0.6111944027986007,2000
Q9NRA8,15,4,2,4,4,0,3,6,0.5,0.35175,0.1382061229130235,0.14825,1.4214641080312722,0.4052973513243378,2000
Q9NRA8,20,4,2,4,4,0,3,6,0.5,0.4528333333333332,0.0750948485903598,0.0471666666666667,1.1041589988958411,0.7171414292853573,2000
Q9NRA8,25,4,2,4,4,0,3,6,0.5,0.5,0.0,0.0,1.0,1.0,2000
Q9NRA8,30,4,2,4,4,0,3,6,0.5,0.5,0.0,0.0,1.0,1.0,2000
Q9NRA8,5,4,2,4,4,0,0,6,0.0,0.0509166666666666,0.0767890125140837,-0.0509166666666666,0.0,1.0,2000
Q9NRM7,10,3,3,3,3,0,0,3,0.0,0.0,0.0,0.0,inf,1.0,2000
Q9NRM7,15,3,3,3,3,0,0,3,0.0,0.0,0.0,0.0,inf,1.0,2000
Q9NRM7,20,3,3,3,3,0,0,3,0.0,0.0,0.0,0.0,inf,1.0,2000
Q9NRM7,25,3,3,3,3,0,0,3,0.0,0.0,0.0,0.0,inf,1.0,2000
Q9NRM7,30,3,3,3,3,0,0,3,0.0,0.0,0.0,0.0,inf,1.0,2000
Q9NRM7,5,3,3,3,3,0,0,3,0.0,0.0,0.0,0.0,inf,1.0,2000
Q9NS91,10,3,3,1,3,0,0,3,0.0,0.0,0.0,0.0,inf,1.0,2000
Q9NS91,15,3,3,1,3,0,0,3,0.0,0.0,0.0,0.0,inf,1.0,2000
Q9NS91,20,3,3,1,3,0,0,3,0.0,0.0,0.0,0.0,inf,1.0,2000
Q9NS91,25,3,3,1,3,0,0,3,0.0,0.1084999999999999,0.1562261821099619,-0.1084999999999999,0.0,1.0,2000
Q9NS91,30,3,3,1,3,0,0,3,0.0,0.218,0.1586040487781162,-0.218,0.0,1.0,2000
Q9NS91,5,3,3,1,3,0,0,3,0.0,0.0,0.0,0.0,inf,1.0,2000
Q9NSC7,10,4,4,1,0,4,3,6,0.5,0.2746666666666666,0.1560390146310964,0.2253333333333333,1.8203883495145636,0.3243378310844578,2000
Q9NSC7,15,4,4,1,0,4,3,6,0.5,0.5,0.0,0.0,1.0,1.0,2000
Q9NSC7,20,4,4,1,0,4,3,6,0.5,0.5,0.0,0.0,1.0,1.0,2000
Q9NSC7,25,4,4,1,0,4,3,6,0.5,0.5,0.0,0.0,1.0,1.0,2000
Q9NSC7,30,4,4,1,0,4,3,6,0.5,0.5,0.0,0.0,1.0,1.0,2000
Q9NSC7,5,4,4,1,0,4,2,6,0.3333333333333333,0.2206666666666666,0.0780195073155482,0.1126666666666666,1.5105740181268883,0.3243378310844578,2000
Q9NSI6,10,3,3,2,3,0,0,3,0.0,0.0,0.0,0.0,inf,1.0,2000
Q9NSI6,15,3,3,2,3,0,0,3,0.0,0.0,0.0,0.0,inf,1.0,2000
Q9NSI6,20,3,3,2,3,0,0,3,0.0,0.0,0.0,0.0,inf,1.0,2000
Q9NSI6,25,3,3,2,3,0,0,3,0.0,0.0,0.0,0.0,inf,1.0,2000
Q9NSI6,30,3,3,2,3,0,0,3,0.0,0.0,0.0,0.0,inf,1.0,2000
Q9NSI6,5,3,3,2,3,0,0,3,0.0,0.0,0.0,0.0,inf,1.0,2000
Q9NSY1,10,3,3,2,3,0,0,3,0.0,0.0,0.0,0.0,inf,1.0,2000
Q9NSY1,15,3,3,2,3,0,1,3,0.3333333333333333,0.1355,0.1637675992983857,0.1978333333333333,2.460024600246002,0.4067966016991504,2000
Q9NSY1,20,3,3,2,3,0,1,3,0.3333333333333333,0.2018333333333333,0.1629550874124221,0.1315,1.6515276630883569,0.6056971514242878,2000
Q9NSY1,25,3,3,2,3,0,1,3,0.3333333333333333,0.2706666666666666,0.1302699616536075,0.0626666666666667,1.2315270935960594,0.8120939530234883,2000
Q9NSY1,30,3,3,2,3,0,1,3,0.3333333333333333,0.3333333333333332,5.552503422540543e-17,0.0,1.0000000000000002,1.0,2000
Q9NSY1,5,3,3,2,3,0,0,3,0.0,0.0,0.0,0.0,inf,1.0,2000
Q9NTZ6,10,17,10,1,16,1,42,136,0.3088235294117647,0.3097242647058823,0.0024113558181217,-0.0009007352941176,0.9970918155380144,1.0,2000
Q9NTZ6,15,17,10,1,16,1,60,136,0.4411764705882353,0.4456360294117648,0.0096138475873728,-0.0044595588235294,0.9899928225520364,1.0,2000
Q9NTZ6,20,17,10,1,16,1,74,136,0.5441176470588235,0.5529485294117646,0.0161664675087979,-0.0088308823529411,0.9840294676932488,1.0,2000
Q9NTZ6,25,17,10,1,16,1,88,136,0.6470588235294118,0.6585036764705883,0.0205062661828698,-0.0114448529411764,0.9826199103359332,1.0,2000
Q9NTZ6,30,17,10,1,16,1,98,136,0.7205882352941176,0.7356066176470588,0.0250318660386971,-0.0150183823529411,0.9795836769373016,1.0,2000
Q9NTZ6,5,17,10,1,16,1,21,136,0.1544117647058823,0.1544117647058823,2.776251711270272e-17,0.0,1.0000000000000002,1.0,2000
Q9NUW8,10,8,4,0,8,0,12,28,0.4285714285714285,0.4285714285714285,0.0,0.0,1.0,1.0,2000
Q9NUW8,15,8,4,0,8,0,15,28,0.5357142857142857,0.5357142857142857,0.0,0.0,1.0,1.0,2000
Q9NUW8,20,8,4,0,8,0,16,28,0.5714285714285714,0.5714285714285712,2.221001369016217e-16,0.0,1.0000000000000004,1.0,2000
Q9NUW8,25,8,4,0,8,0,16,28,0.5714285714285714,0.5714285714285712,2.221001369016217e-16,0.0,1.0000000000000004,1.0,2000
Q9NUW8,30,8,4,0,8,0,16,28,0.5714285714285714,0.5714285714285712,2.221001369016217e-16,0.0,1.0000000000000004,1.0,2000
Q9NUW8,5,8,4,0,8,0,10,28,0.3571428571428571,0.357142857142857,1.1105006845081086e-16,0.0,1.0000000000000002,1.0,2000
Q9NXV6,10,24,14,21,24,0,35,276,0.1268115942028985,0.1342282608695651,0.0074119520511735,-0.0074166666666666,0.9447458633627556,0.8940529735132434,2000
Q9NXV6,15,24,14,21,24,0,56,276,0.2028985507246377,0.1823260869565217,0.0069883181172366,0.0205724637681159,1.1128333532053576,0.000999500249875,2000
Q9NXV6,20,24,14,21,24,0,63,276,0.2282608695652173,0.2365271739130435,0.0103266077987796,-0.0082663043478261,0.965051354518508,0.8295852073963018,2000
Q9NXV6,25,24,14,21,24,0,80,276,0.2898550724637681,0.2973007246376811,0.0111531325550322,-0.007445652173913,0.9749558223143014,0.7941029485257372,2000
Q9NXV6,30,24,14,21,24,0,103,276,0.3731884057971014,0.3683967391304347,0.0108900837466887,0.0047916666666666,1.0130068107496744,0.3818090954522739,2000
Q9NXV6,5,24,14,21,24,0,20,276,0.072463768115942,0.0728460144927536,0.009125502981911,-0.0003822463768115,0.9947526796150308,0.5712143928035982,2000
Q9NYB9,10,3,2,1,3,0,1,3,0.3333333333333333,0.3333333333333332,5.552503422540543e-17,0.0,1.0000000000000002,1.0,2000
Q9NYB9,15,3,2,1,3,0,1,3,0.3333333333333333,0.3333333333333332,5.552503422540543e-17,0.0,1.0000000000000002,1.0,2000
Q9NYB9,20,3,2,1,3,0,1,3,0.3333333333333333,0.3333333333333332,5.552503422540543e-17,0.0,1.0000000000000002,1.0,2000
Q9NYB9,25,3,2,1,3,0,1,3,0.3333333333333333,0.3333333333333332,5.552503422540543e-17,0.0,1.0000000000000002,1.0,2000
Q9NYB9,30,3,2,1,3,0,1,3,0.3333333333333333,0.3333333333333332,5.552503422540543e-17,0.0,1.0000000000000002,1.0,2000
Q9NYB9,5,3,2,1,3,0,1,3,0.3333333333333333,0.3333333333333332,5.552503422540543e-17,0.0,1.0000000000000002,1.0,2000
Q9NYD6,10,4,4,1,3,1,2,6,0.3333333333333333,0.2783333333333334,0.0783883858501038,0.0549999999999999,1.1976047904191611,0.6701649175412294,2000
Q9NYD6,15,4,4,1,3,1,2,6,0.3333333333333333,0.3333333333333332,5.552503422540543e-17,0.0,1.0000000000000002,1.0,2000
Q9NYD6,20,4,4,1,3,1,2,6,0.3333333333333333,0.3333333333333332,5.552503422540543e-17,0.0,1.0000000000000002,1.0,2000
Q9NYD6,25,4,4,1,3,1,2,6,0.3333333333333333,0.3333333333333332,5.552503422540543e-17,0.0,1.0000000000000002,1.0,2000
Q9NYD6,30,4,4,1,3,1,2,6,0.3333333333333333,0.3333333333333332,5.552503422540543e-17,0.0,1.0000000000000002,1.0,2000
Q9NYD6,5,4,4,1,3,1,1,6,0.1666666666666666,0.1666666666666666,2.776251711270272e-17,0.0,1.0000000000000002,1.0,2000
Q9NYF8,10,10,9,4,10,0,6,45,0.1333333333333333,0.1333333333333333,2.776251711270272e-17,0.0,1.0000000000000002,1.0,2000
Q9NYF8,15,10,9,4,10,0,7,45,0.1555555555555555,0.1555555555555555,5.552503422540543e-17,0.0,1.0000000000000004,1.0,2000
Q9NYF8,20,10,9,4,10,0,8,45,0.1777777777777777,0.1777777777777777,8.328755133810814e-17,0.0,1.0000000000000004,1.0,2000
Q9NYF8,25,10,9,4,10,0,8,45,0.1777777777777777,0.1777777777777777,8.328755133810814e-17,0.0,1.0000000000000004,1.0,2000
Q9NYF8,30,10,9,4,10,0,8,45,0.1777777777777777,0.1777777777777777,8.328755133810814e-17,0.0,1.0000000000000004,1.0,2000
Q9NYF8,5,10,9,4,10,0,4,45,0.0888888888888888,0.0764,0.0141309253554834,0.0124888888888888,1.1634671320535197,0.5172413793103449,2000
Q9NYJ8,10,9,4,7,8,1,11,36,0.3055555555555556,0.3055555555555554,1.6657510267621627e-16,0.0,1.0000000000000004,1.0,2000
Q9NYJ8,15,9,4,7,8,1,12,36,0.3333333333333333,0.3193333333333333,0.0138919178510268,0.014,1.0438413361169103,0.4962518740629685,2000
Q9NYJ8,20,9,4,7,8,1,12,36,0.3333333333333333,0.3241388888888888,0.0130747428416819,0.0091944444444444,1.0283657554203445,0.6691654172913544,2000
Q9NYJ8,25,9,4,7,8,1,12,36,0.3333333333333333,0.3333333333333332,5.552503422540543e-17,0.0,1.0000000000000002,1.0,2000
Q9NYJ8,30,9,4,7,8,1,12,36,0.3333333333333333,0.3333333333333332,5.552503422540543e-17,0.0,1.0000000000000002,1.0,2000
Q9NYJ8,5,9,4,7,8,1,9,36,0.25,0.2687916666666666,0.020471285777897,-0.0187916666666666,0.9300883583940476,1.0,2000
Q9NYV4,10,17,8,3,17,0,25,136,0.1838235294117647,0.1863455882352941,0.0034913986303293,-0.0025220588235293,0.9864656907232768,1.0,2000
Q9NYV4,15,17,8,3,17,0,39,136,0.2867647058823529,0.2918088235294117,0.0069827972606587,-0.0050441176470588,0.9827143073124024,1.0,2000
Q9NYV4,20,17,8,3,17,0,47,136,0.3455882352941176,0.348110294117647,0.0034913986303293,-0.0025220588235294,0.9927550007392856,1.0,2000
Q9NYV4,25,17,8,3,17,0,48,136,0.3529411764705882,0.3529411764705881,1.6657510267621627e-16,0.0,1.0000000000000004,1.0,2000
Q9NYV4,30,17,8,3,17,0,49,136,0.3602941176470588,0.3602941176470587,5.552503422540543e-17,0.0,1.0000000000000002,1.0,2000
Q9NYV4,5,17,8,3,17,0,20,136,0.1470588235294117,0.1470588235294117,0.0,0.0,1.0,1.0,2000
Q9NZM1,10,3,2,1,3,0,1,3,0.3333333333333333,0.3333333333333332,5.552503422540543e-17,0.0,1.0000000000000002,1.0,2000
Q9NZM1,15,3,2,1,3,0,1,3,0.3333333333333333,0.3333333333333332,5.552503422540543e-17,0.0,1.0000000000000002,1.0,2000
Q9NZM1,20,3,2,1,3,0,1,3,0.3333333333333333,0.3333333333333332,5.552503422540543e-17,0.0,1.0000000000000002,1.0,2000
Q9NZM1,25,3,2,1,3,0,1,3,0.3333333333333333,0.3333333333333332,5.552503422540543e-17,0.0,1.0000000000000002,1.0,2000
Q9NZM1,30,3,2,1,3,0,1,3,0.3333333333333333,0.3333333333333332,5.552503422540543e-17,0.0,1.0000000000000002,1.0,2000
Q9NZM1,5,3,2,1,3,0,1,3,0.3333333333333333,0.3333333333333332,5.552503422540543e-17,0.0,1.0000000000000002,1.0,2000
Q9NZM4,10,5,4,3,5,0,2,10,0.2,0.1509,0.0500044020073238,0.0490999999999999,1.325381047051027,0.5092453773113443,2000
Q9NZM4,15,5,4,3,5,0,2,10,0.2,0.1509,0.0500044020073238,0.0490999999999999,1.325381047051027,0.5092453773113443,2000
Q9NZM4,20,5,4,3,5,0,2,10,0.2,0.1754,0.0430786244434751,0.0245999999999999,1.1402508551881412,0.7541229385307346,2000
Q9NZM4,25,5,4,3,5,0,2,10,0.2,0.2,2.776251711270272e-17,0.0,1.0,1.0,2000
Q9NZM4,30,5,4,3,5,0,2,10,0.2,0.2,2.776251711270272e-17,0.0,1.0,1.0,2000
Q9NZM4,5,5,4,3,5,0,1,10,0.1,0.12435,0.0429301642146841,-0.02435,0.8041817450743868,1.0,2000
Q9NZN8,10,15,7,8,14,1,29,105,0.2761904761904762,0.272947619047619,0.007990423439595,0.0032428571428572,1.0118808771960437,0.5772113943028486,2000
Q9NZN8,15,15,7,8,14,1,44,105,0.419047619047619,0.3979904761904762,0.0156051663365216,0.0210571428571428,1.05290866017373,0.1939030484757621,2000
Q9NZN8,20,15,7,8,14,1,52,105,0.4952380952380952,0.4832238095238095,0.0124684626643615,0.0120142857142857,1.024862776786858,0.2463768115942029,2000
Q9NZN8,25,15,7,8,14,1,59,105,0.5619047619047619,0.5522904761904761,0.0165914690359712,0.0096142857142857,1.0174080237280243,0.4727636181909045,2000
Q9NZN8,30,15,7,8,14,1,69,105,0.6571428571428571,0.6275142857142856,0.0229098049811868,0.0296285714285715,1.0472157719801487,0.1784107946026986,2000
Q9NZN8,5,15,7,8,14,1,13,105,0.1238095238095238,0.133295238095238,0.0067021613991471,-0.0094857142857142,0.9288368105172912,1.0,2000
Q9NZV1,10,3,3,1,3,0,1,3,0.3333333333333333,0.3333333333333332,5.552503422540543e-17,0.0,1.0000000000000002,1.0,2000
Q9NZV1,15,3,3,1,3,0,1,3,0.3333333333333333,0.3333333333333332,5.552503422540543e-17,0.0,1.0000000000000002,1.0,2000
Q9NZV1,20,3,3,1,3,0,1,3,0.3333333333333333,0.3333333333333332,5.552503422540543e-17,0.0,1.0000000000000002,1.0,2000
Q9NZV1,25,3,3,1,3,0,1,3,0.3333333333333333,0.3333333333333332,5.552503422540543e-17,0.0,1.0000000000000002,1.0,2000
Q9NZV1,30,3,3,1,3,0,1,3,0.3333333333333333,0.3333333333333332,5.552503422540543e-17,0.0,1.0000000000000002,1.0,2000
Q9NZV1,5,3,3,1,3,0,1,3,0.3333333333333333,0.1648333333333333,0.1666982628046186,0.1685,2.0222446916076846,0.4947526236881559,2000
Q9P0J7,10,4,2,4,3,1,1,6,0.1666666666666666,0.2084166666666666,0.1102986771310799,-0.04175,0.7996801279488204,0.8750624687656172,2000
Q9P0J7,15,4,2,4,3,1,2,6,0.3333333333333333,0.2753333333333334,0.0858015336331998,0.0579999999999999,1.210653753026634,0.6711644177911045,2000
Q9P0J7,20,4,2,4,3,1,2,6,0.3333333333333333,0.3011666666666666,0.0672541647219511,0.0321666666666666,1.1068068622025458,0.8105947026486756,2000
Q9P0J7,25,4,2,4,3,1,2,6,0.3333333333333333,0.3155833333333333,0.0514256077251235,0.0177499999999999,1.0562450488513335,0.8935532233883059,2000
Q9P0J7,30,4,2,4,3,1,2,6,0.3333333333333333,0.3290833333333333,0.026279576507319,0.00425,1.0129146619397318,0.974512743628186,2000
Q9P0J7,5,4,2,4,3,1,1,6,0.1666666666666666,0.1014166666666666,0.1080686470341488,0.06525,1.6433853738701727,0.5177411294352824,2000
Q9P1Y5,10,5,4,3,5,0,2,10,0.2,0.2,2.776251711270272e-17,0.0,1.0,1.0,2000
Q9P1Y5,15,5,4,3,5,0,2,10,0.2,0.2,2.776251711270272e-17,0.0,1.0,1.0,2000
Q9P1Y5,20,5,4,3,5,0,2,10,0.2,0.2,2.776251711270272e-17,0.0,1.0,1.0,2000
Q9P1Y5,25,5,4,3,5,0,2,10,0.2,0.2,2.776251711270272e-17,0.0,1.0,1.0,2000
Q9P1Y5,30,5,4,3,5,0,2,10,0.2,0.2,2.776251711270272e-17,0.0,1.0,1.0,2000
Q9P1Y5,5,5,4,3,5,0,2,10,0.2,0.16675,0.0471226885256661,0.0332499999999999,1.1994002998500748,0.6676661669165417,2000
Q9P219,10,4,4,4,4,0,1,6,0.1666666666666666,0.1435833333333333,0.0575850671999838,0.0230833333333333,1.1607661056297156,0.8615692153923038,2000
Q9P219,15,4,4,4,4,0,1,6,0.1666666666666666,0.1666666666666666,2.776251711270272e-17,0.0,1.0000000000000002,1.0,2000
Q9P219,20,4,4,4,4,0,1,6,0.1666666666666666,0.2345,0.1046884629822466,-0.0678333333333333,0.7107320540156361,1.0,2000
Q9P219,25,4,4,4,4,0,2,6,0.3333333333333333,0.3115,0.1216901293331628,0.0218333333333333,1.070090957731407,0.6596701649175413,2000
Q9P219,30,4,4,4,4,0,3,6,0.5,0.4303333333333333,0.106911404244412,0.0696666666666667,1.1618900077459335,0.6661669165417291,2000
Q9P219,5,4,4,4,4,0,1,6,0.1666666666666666,0.0996666666666666,0.0817374282091857,0.0669999999999999,1.6722408026755853,0.5982008995502249,2000
Q9P265,10,4,4,2,4,0,1,6,0.1666666666666666,0.1616666666666666,0.0284383139828018,0.005,1.0309278350515465,0.970014992503748,2000
Q9P265,15,4,4,2,4,0,1,6,0.1666666666666666,0.1666666666666666,2.776251711270272e-17,0.0,1.0000000000000002,1.0,2000
Q9P265,20,4,4,2,4,0,1,6,0.1666666666666666,0.1666666666666666,2.776251711270272e-17,0.0,1.0000000000000002,1.0,2000
Q9P265,25,4,4,2,4,0,1,6,0.1666666666666666,0.1666666666666666,2.776251711270272e-17,0.0,1.0000000000000002,1.0,2000
Q9P265,30,4,4,2,4,0,1,6,0.1666666666666666,0.1666666666666666,2.776251711270272e-17,0.0,1.0000000000000002,1.0,2000
Q9P265,5,4,4,2,4,0,0,6,0.0,0.0685,0.0820230489371441,-0.0685,0.0,1.0,2000
Q9P2D1,10,3,3,2,1,2,1,3,0.3333333333333333,0.0928333333333333,0.149457637675016,0.2405,3.5906642728904843,0.2788605697151424,2000
Q9P2D1,15,3,3,2,1,2,1,3,0.3333333333333333,0.2416666666666666,0.1488753159782762,0.0916666666666666,1.379310344827586,0.7251374312843578,2000
Q9P2D1,20,3,3,2,1,2,1,3,0.3333333333333333,0.3333333333333332,5.552503422540543e-17,0.0,1.0000000000000002,1.0,2000
Q9P2D1,25,3,3,2,1,2,1,3,0.3333333333333333,0.3333333333333332,5.552503422540543e-17,0.0,1.0000000000000002,1.0,2000
Q9P2D1,30,3,3,2,1,2,1,3,0.3333333333333333,0.3333333333333332,5.552503422540543e-17,0.0,1.0000000000000002,1.0,2000
Q9P2D1,5,3,3,2,1,2,1,3,0.3333333333333333,0.0468333333333333,0.115863981595298,0.2865,7.117437722419929,0.1409295352323838,2000
Q9P2J5,10,5,5,3,5,0,0,10,0.0,0.0,0.0,0.0,inf,1.0,2000
Q9P2J5,15,5,5,3,5,0,0,10,0.0,0.0,0.0,0.0,inf,1.0,2000
Q9P2J5,20,5,5,3,5,0,0,10,0.0,0.0,0.0,0.0,inf,1.0,2000
Q9P2J5,25,5,5,3,5,0,0,10,0.0,0.0,0.0,0.0,inf,1.0,2000
Q9P2J5,30,5,5,3,5,0,0,10,0.0,0.0,0.0,0.0,inf,1.0,2000
Q9P2J5,5,5,5,3,5,0,0,10,0.0,0.0,0.0,0.0,inf,1.0,2000
Q9P2N5,10,34,20,12,31,3,34,561,0.0606060606060606,0.0624590017825311,0.0040391177495123,-0.0018529411764705,0.97033348078597,0.7401299350324838,2000
Q9P2N5,15,34,20,12,31,3,55,561,0.0980392156862745,0.0952691622103386,0.0031910227727567,0.0027700534759358,1.0290760767877858,0.2673663168415792,2000
Q9P2N5,20,34,20,12,31,3,70,561,0.124777183600713,0.1151140819964349,0.0035493152086282,0.009663101604278,1.0839436968674026,0.0079960019990005,2000
Q9P2N5,25,34,20,12,31,3,91,561,0.1622103386809269,0.1447237076648841,0.0054615294950102,0.0174866310160427,1.1208276881389334,0.0049975012493753,2000
Q9P2N5,30,34,20,12,31,3,107,561,0.1907308377896613,0.1736773618538324,0.0066243080824103,0.0170534759358288,1.0981905514558723,0.0114942528735632,2000
Q9P2N5,5,34,20,12,31,3,22,561,0.0392156862745098,0.0360347593582887,0.0031910106933906,0.003180926916221,1.0882738492740718,0.2278860569715142,2000
Q9P2N6,10,32,10,21,31,1,62,496,0.125,0.1132409274193548,0.0063421252256306,0.0117590725806451,1.103841189299862,0.0499750124937531,2000
Q9P2N6,15,32,10,21,31,1,79,496,0.1592741935483871,0.1470584677419354,0.0071984257168784,0.0122157258064516,1.0830671364527495,0.0624687656171914,2000
Q9P2N6,20,32,10,21,31,1,91,496,0.1834677419354838,0.1826512096774193,0.0077015788969566,0.0008165322580645,1.0044704453888185,0.496751624187906,2000
Q9P2N6,25,32,10,21,31,1,101,496,0.2036290322580645,0.2077570564516129,0.0083903198292992,-0.0041280241935484,0.9801305223319342,0.7151424287856072,2000
Q9P2N6,30,32,10,21,31,1,112,496,0.2258064516129032,0.2357016129032258,0.0079314306359775,-0.0098951612903225,0.9580182707770212,0.9160419790104948,2000
Q9P2N6,5,32,10,21,31,1,34,496,0.0685483870967741,0.064133064516129,0.0053495544706125,0.0044153225806451,1.068846274756366,0.2588705647176412,2000
Q9P2R6,10,8,6,3,8,0,9,28,0.3214285714285714,0.2739642857142857,0.0337345032931841,0.0474642857142857,1.173249902229175,0.335832083958021,2000
Q9P2R6,15,8,6,3,8,0,9,28,0.3214285714285714,0.2976964285714285,0.016867251646592,0.0237321428571429,1.079719272989023,0.335832083958021,2000
Q9P2R6,20,8,6,3,8,0,9,28,0.3214285714285714,0.3214285714285714,0.0,0.0,1.0,1.0,2000
Q9P2R6,25,8,6,3,8,0,9,28,0.3214285714285714,0.3214285714285714,0.0,0.0,1.0,1.0,2000
Q9P2R6,30,8,6,3,8,0,9,28,0.3214285714285714,0.3214285714285714,0.0,0.0,1.0,1.0,2000
Q9P2R6,5,8,6,3,8,0,6,28,0.2142857142857142,0.1905535714285714,0.016867251646592,0.0237321428571428,1.124543154343548,0.335832083958021,2000
Q9P2Y4,10,3,1,3,3,0,2,3,0.6666666666666666,0.6156666666666667,0.2525157726579745,0.0509999999999999,1.0828370330265291,0.6251874062968515,2000
Q9P2Y4,15,3,1,3,3,0,3,3,1.0,0.8061666666666666,0.2475734608787621,0.1938333333333334,1.2404382881951623,0.5727136431784108,2000
Q9P2Y4,20,3,1,3,3,0,3,3,1.0,1.0,0.0,0.0,1.0,1.0,2000
Q9P2Y4,25,3,1,3,3,0,3,3,1.0,1.0,0.0,0.0,1.0,1.0,2000
Q9P2Y4,30,3,1,3,3,0,3,3,1.0,1.0,0.0,0.0,1.0,1.0,2000
Q9P2Y4,5,3,1,3,3,0,1,3,0.3333333333333333,0.2815,0.2322743902431951,0.0518333333333333,1.1841326228537596,0.7266366816591704,2000
Q9UGK3,10,3,2,1,2,1,3,3,1.0,0.6713333333333332,0.3333840214920722,0.3286666666666668,1.489572989076465,0.5072463768115942,2000
Q9UGK3,15,3,2,1,2,1,3,3,1.0,1.0,0.0,0.0,1.0,1.0,2000
Q9UGK3,20,3,2,1,2,1,3,3,1.0,1.0,0.0,0.0,1.0,1.0,2000
Q9UGK3,25,3,2,1,2,1,3,3,1.0,1.0,0.0,0.0,1.0,1.0,2000
Q9UGK3,30,3,2,1,2,1,3,3,1.0,1.0,0.0,0.0,1.0,1.0,2000
Q9UGK3,5,3,2,1,2,1,1,3,0.3333333333333333,0.3333333333333332,5.552503422540543e-17,0.0,1.0000000000000002,1.0,2000
Q9UGP4,10,5,5,5,4,1,0,10,0.0,0.0,0.0,0.0,inf,1.0,2000
Q9UGP4,15,5,5,5,4,1,1,10,0.1,0.0060999999999999,0.02393901706982,0.0939,16.393442622950822,0.0614692653673163,2000
Q9UGP4,20,5,5,5,4,1,1,10,0.1,0.0116,0.0320305007217846,0.0884,8.620689655172413,0.1164417791104447,2000
Q9UGP4,25,5,5,5,4,1,1,10,0.1,0.03035,0.0459884221025655,0.06965,3.294892915980231,0.303848075962019,2000
Q9UGP4,30,5,5,5,4,1,1,10,0.1,0.0686999999999999,0.0463830323808871,0.0313,1.4556040756914124,0.6871564217891054,2000
Q9UGP4,5,5,5,5,4,1,0,10,0.0,0.0,0.0,0.0,inf,1.0,2000
Q9UGU0,10,19,9,5,18,1,48,171,0.2807017543859649,0.2767134502923976,0.0027240698389236,0.0039883040935672,1.0144131197430153,0.3183408295852074,2000
Q9UGU0,15,19,9,5,18,1,50,171,0.2923976608187134,0.2913304093567251,0.0040364942289025,0.0010672514619883,1.0036633713052645,0.6541729135432284,2000
Q9UGU0,20,19,9,5,18,1,57,171,0.3333333333333333,0.32253216374269,0.0069644682691096,0.0108011695906432,1.0334886588218228,0.1614192903548225,2000
Q9UGU0,25,19,9,5,18,1,73,171,0.4269005847953216,0.4074210526315788,0.012814678901464,0.0194795321637427,1.047811795777175,0.2138930534732633,2000
Q9UGU0,30,19,9,5,18,1,83,171,0.4853801169590643,0.476657894736842,0.0059045143915371,0.0087222222222222,1.0182987050430323,0.2798600699650175,2000
Q9UGU0,5,19,9,5,18,1,34,171,0.1988304093567251,0.201859649122807,0.0029228120514257,-0.0030292397660818,0.9849933368097804,1.0,2000
Q9UH99,10,5,2,0,4,1,10,10,1.0,1.0,0.0,0.0,1.0,1.0,2000
Q9UH99,15,5,2,0,4,1,10,10,1.0,1.0,0.0,0.0,1.0,1.0,2000
Q9UH99,20,5,2,0,4,1,10,10,1.0,1.0,0.0,0.0,1.0,1.0,2000
Q9UH99,25,5,2,0,4,1,10,10,1.0,1.0,0.0,0.0,1.0,1.0,2000
Q9UH99,30,5,2,0,4,1,10,10,1.0,1.0,0.0,0.0,1.0,1.0,2000
Q9UH99,5,5,2,0,4,1,8,10,0.8,0.8000000000000002,1.1105006845081086e-16,0.0,1.0,1.0,2000
Q9UHB6,10,8,7,3,8,0,5,28,0.1785714285714285,0.1785714285714285,5.552503422540543e-17,0.0,1.0000000000000002,1.0,2000
Q9UHB6,15,8,7,3,8,0,5,28,0.1785714285714285,0.1785714285714285,5.552503422540543e-17,0.0,1.0000000000000002,1.0,2000
Q9UHB6,20,8,7,3,8,0,5,28,0.1785714285714285,0.1785714285714285,5.552503422540543e-17,0.0,1.0000000000000002,1.0,2000
Q9UHB6,25,8,7,3,8,0,5,28,0.1785714285714285,0.1785714285714285,5.552503422540543e-17,0.0,1.0000000000000002,1.0,2000
Q9UHB6,30,8,7,3,8,0,5,28,0.1785714285714285,0.1785714285714285,5.552503422540543e-17,0.0,1.0000000000000002,1.0,2000
Q9UHB6,5,8,7,3,8,0,3,28,0.1071428571428571,0.0950535714285714,0.0169042080892765,0.0120892857142857,1.127183918842758,0.6616691654172914,2000
Q9UHB7,10,8,7,6,8,0,4,28,0.1428571428571428,0.1428571428571428,5.552503422540543e-17,0.0,1.0000000000000004,1.0,2000
Q9UHB7,15,8,7,6,8,0,4,28,0.1428571428571428,0.1428571428571428,5.552503422540543e-17,0.0,1.0000000000000004,1.0,2000
Q9UHB7,20,8,7,6,8,0,4,28,0.1428571428571428,0.1428571428571428,5.552503422540543e-17,0.0,1.0000000000000004,1.0,2000
Q9UHB7,25,8,7,6,8,0,4,28,0.1428571428571428,0.1770357142857142,0.0499506014209194,-0.0341785714285714,0.806939681258826,1.0,2000
Q9UHB7,30,8,7,6,8,0,4,28,0.1428571428571428,0.1894285714285714,0.0440075244549764,-0.0465714285714285,0.7541478129713424,1.0,2000
Q9UHB7,5,8,7,6,8,0,4,28,0.1428571428571428,0.1193392857142857,0.0169404059417906,0.0235178571428571,1.1970671853957802,0.3418290854572713,2000
Q9UHD8,10,5,5,3,5,0,0,10,0.0,0.0,0.0,0.0,inf,1.0,2000
Q9UHD8,15,5,5,3,5,0,0,10,0.0,0.0,0.0,0.0,inf,1.0,2000
Q9UHD8,20,5,5,3,5,0,0,10,0.0,0.0,0.0,0.0,inf,1.0,2000
Q9UHD8,25,5,5,3,5,0,0,10,0.0,0.0,0.0,0.0,inf,1.0,2000
Q9UHD8,30,5,5,3,5,0,1,10,0.1,0.1,1.3881258556351357e-17,0.0,1.0,1.0,2000
Q9UHD8,5,5,5,3,5,0,0,10,0.0,0.0,0.0,0.0,inf,1.0,2000
Q9UHD9,10,12,4,7,12,0,23,66,0.3484848484848485,0.3294318181818182,0.0226681701537767,0.0190530303030302,1.0578360354145104,0.3193403298350825,2000
Q9UHD9,15,12,4,7,12,0,32,66,0.4848484848484848,0.4736363636363636,0.0170144871241454,0.0112121212121212,1.0236724248240563,0.3523238380809595,2000
Q9UHD9,20,12,4,7,12,0,36,66,0.5454545454545454,0.5273712121212121,0.015742982379746,0.0180833333333333,1.034289572349992,0.2988505747126437,2000
Q9UHD9,25,12,4,7,12,0,39,66,0.5909090909090909,0.5754924242424244,0.0139987255116473,0.0154166666666665,1.026788652668992,0.3963018490754623,2000
Q9UHD9,30,12,4,7,12,0,39,66,0.5909090909090909,0.5796666666666668,0.0127109192730708,0.0112424242424241,1.0193946364159128,0.5142428785607196,2000
Q9UHD9,5,12,4,7,12,0,14,66,0.2121212121212121,0.2068257575757575,0.020704330026354,0.0052954545454546,1.025603457748801,0.4422788605697151,2000
Q9UHF7,10,5,3,5,4,1,4,10,0.4,0.38275,0.1111918131413227,0.01725,1.0450685826257349,0.592703648175912,2000
Q9UHF7,15,5,3,5,4,1,8,10,0.8,0.5881499999999998,0.1219098376024352,0.2118500000000002,1.3601972285981472,0.1274362818590704,2000
Q9UHF7,20,5,3,5,4,1,8,10,0.8,0.6792999999999999,0.1207841231379402,0.1207000000000001,1.177682908876785,0.3243378310844578,2000
Q9UHF7,25,5,3,5,4,1,10,10,1.0,0.8274000000000001,0.1013626025149034,0.1725999999999998,1.2086052695189748,0.0929535232383808,2000
Q9UHF7,30,5,3,5,4,1,10,10,1.0,0.8770500000000002,0.0970206369902867,0.1229499999999997,1.1401858502935975,0.2618690654672663,2000
Q9UHF7,5,5,3,5,4,1,2,10,0.2,0.21705,0.0838916945126518,-0.01705,0.9214466712739,0.7791104447776112,2000
Q9UHR5,10,20,4,7,20,0,73,190,0.3842105263157894,0.3792473684210526,0.0092612126390126,0.0049631578947368,1.0130868617899718,0.3818090954522739,2000
Q9UHR5,15,20,4,7,20,0,86,190,0.4526315789473684,0.4514657894736841,0.0071999027323345,0.0011657894736842,1.0025822321444189,0.6176911544227887,2000
Q9UHR5,20,20,4,7,20,0,91,190,0.4789473684210526,0.4764236842105263,0.003923992817965,0.0025236842105263,1.0052971426361983,0.5057471264367817,2000
Q9UHR5,25,20,4,7,20,0,103,190,0.5421052631578948,0.5286342105263159,0.0143252327908801,0.0134710526315788,1.0254827484928888,0.4892553723138431,2000
Q9UHR5,30,20,4,7,20,0,119,190,0.6263157894736842,0.5915263157894738,0.0246402700194898,0.0347894736842103,1.0588130616602898,0.095952023988006,2000
Q9UHR5,5,20,4,7,20,0,44,190,0.231578947368421,0.2288815789473683,0.007296272057497,0.0026973684210526,1.0117849956884164,0.4397801099450275,2000
Q9UHX1,10,4,3,3,1,3,1,6,0.1666666666666666,0.0854166666666666,0.109552090589356,0.08125,1.951219512195122,0.4417791104447776,2000
Q9UHX1,15,4,3,3,1,3,1,6,0.1666666666666666,0.1685833333333333,0.1304558340592624,-0.0019166666666666,0.9886307464162136,0.7691154422788605,2000
Q9UHX1,20,4,3,3,1,3,1,6,0.1666666666666666,0.1899999999999999,0.134135489331058,-0.0233333333333333,0.8771929824561404,0.8370814592703648,2000
Q9UHX1,25,4,3,3,1,3,1,6,0.1666666666666666,0.2425833333333333,0.1373721051373136,-0.0759166666666666,0.6870491240123668,0.9625187406296852,2000
Q9UHX1,30,4,3,3,1,3,1,6,0.1666666666666666,0.29,0.1455622614682791,-0.1233333333333333,0.5747126436781609,0.9900049975012494,2000
Q9UHX1,5,4,3,3,1,3,1,6,0.1666666666666666,0.057,0.0858242040925237,0.1096666666666666,2.923976608187134,0.3223388305847076,2000
Q9UHY1,10,3,2,3,3,0,3,3,1.0,0.9438333333333332,0.1248011035027155,0.0561666666666667,1.0595090941197245,0.8315842078960519,2000
Q9UHY1,15,3,2,3,3,0,3,3,1.0,1.0,0.0,0.0,1.0,1.0,2000
Q9UHY1,20,3,2,3,3,0,3,3,1.0,1.0,0.0,0.0,1.0,1.0,2000
Q9UHY1,25,3,2,3,3,0,3,3,1.0,1.0,0.0,0.0,1.0,1.0,2000
Q9UHY1,30,3,2,3,3,0,3,3,1.0,1.0,0.0,0.0,1.0,1.0,2000
Q9UHY1,5,3,2,3,3,0,3,3,1.0,0.5195,0.2491891692379048,0.4805,1.9249278152069296,0.1564217891054472,2000
Q9UIF8,10,7,3,7,5,2,11,21,0.5238095238095238,0.4502142857142857,0.0603792552113969,0.0735952380952381,1.1634671320535197,0.2608695652173913,2000
Q9UIF8,15,7,3,7,5,2,11,21,0.5238095238095238,0.5878333333333332,0.0620633332537253,-0.0640238095238093,0.8910850986269191,0.99800099950025,2000
Q9UIF8,20,7,3,7,5,2,14,21,0.6666666666666666,0.7117857142857142,0.0931029113576074,-0.0451190476190476,0.9366114734905504,0.7651174412793603,2000
Q9UIF8,25,7,3,7,5,2,18,21,0.8571428571428571,0.860857142857143,0.0807750814348912,-0.0037142857142858,0.9956853634251576,0.6536731634182908,2000
Q9UIF8,30,7,3,7,5,2,20,21,0.9523809523809524,0.9656190476190476,0.041706771169611,-0.0132380952380953,0.9862905611993292,0.7931034482758621,2000
Q9UIF8,5,7,3,7,5,2,6,21,0.2857142857142857,0.2653571428571428,0.0789689627225788,0.0203571428571428,1.0767160161507403,0.4772613693153423,2000
Q9UIU6,10,12,5,9,8,4,18,66,0.2727272727272727,0.2128787878787878,0.0368167858137671,0.0598484848484848,1.2811387900355873,0.112943528235882,2000
Q9UIU6,15,12,5,9,8,4,20,66,0.303030303030303,0.2584393939393939,0.0314477168701387,0.0445909090909091,1.1725391334935804,0.1519240379810095,2000
Q9UIU6,20,12,5,9,8,4,21,66,0.3181818181818182,0.3007121212121212,0.0172037139212265,0.0174696969696969,1.0580944223308306,0.3773113443278361,2000
Q9UIU6,25,12,5,9,8,4,21,66,0.3181818181818182,0.3181818181818182,5.552503422540543e-17,0.0,0.9999999999999998,1.0,2000
Q9UIU6,30,12,5,9,8,4,21,66,0.3181818181818182,0.3181818181818182,5.552503422540543e-17,0.0,0.9999999999999998,1.0,2000
Q9UIU6,5,12,5,9,8,4,10,66,0.1515151515151515,0.1219772727272727,0.0306869645903638,0.0295378787878788,1.2421588721197443,0.2263868065967016,2000
Q9UJ99,10,3,1,3,3,0,3,3,1.0,1.0,0.0,0.0,1.0,1.0,2000
Q9UJ99,15,3,1,3,3,0,3,3,1.0,1.0,0.0,0.0,1.0,1.0,2000
Q9UJ99,20,3,1,3,3,0,3,3,1.0,1.0,0.0,0.0,1.0,1.0,2000
Q9UJ99,25,3,1,3,3,0,3,3,1.0,1.0,0.0,0.0,1.0,1.0,2000
Q9UJ99,30,3,1,3,3,0,3,3,1.0,1.0,0.0,0.0,1.0,1.0,2000
Q9UJ99,5,3,1,3,3,0,3,3,1.0,0.6598333333333333,0.2310170532317612,0.3401666666666667,1.5155342258145998,0.2303848075962019,2000
Q9UJU6,10,3,2,3,3,0,1,3,0.3333333333333333,0.3333333333333332,5.552503422540543e-17,0.0,1.0000000000000002,1.0,2000
Q9UJU6,15,3,2,3,3,0,1,3,0.3333333333333333,0.3333333333333332,5.552503422540543e-17,0.0,1.0000000000000002,1.0,2000
Q9UJU6,20,3,2,3,3,0,3,3,1.0,0.6626666666666666,0.2324026796376311,0.3373333333333334,1.5090543259557343,0.2373813093453273,2000
Q9UJU6,25,3,2,3,3,0,3,3,1.0,0.9168333333333332,0.1442772876985515,0.0831666666666667,1.0907107798582076,0.750624687656172,2000
Q9UJU6,30,3,2,3,3,0,3,3,1.0,1.0,0.0,0.0,1.0,1.0,2000
Q9UJU6,5,3,2,3,3,0,1,3,0.3333333333333333,0.2731666666666666,0.1282331846777739,0.0601666666666667,1.220256253813301,0.8195902048975512,2000
Q9UJX2,10,3,2,3,3,0,1,3,0.3333333333333333,0.4029999999999999,0.2039897200913601,-0.0696666666666666,0.827129859387924,1.0,2000
Q9UJX2,15,3,2,3,3,0,3,3,1.0,0.7306666666666666,0.2017476860888344,0.2693333333333334,1.3686131386861315,0.2978510744627686,2000
Q9UJX2,20,3,2,3,3,0,3,3,1.0,0.9688333333333332,0.0970682177503347,0.0311666666666667,1.0321692757612249,0.9065467266366816,2000
Q9UJX2,25,3,2,3,3,0,3,3,1.0,1.0,0.0,0.0,1.0,1.0,2000
Q9UJX2,30,3,2,3,3,0,3,3,1.0,1.0,0.0,0.0,1.0,1.0,2000
Q9UJX2,5,3,2,3,3,0,1,3,0.3333333333333333,0.1986666666666666,0.1966265436442888,0.1346666666666666,1.6778523489932886,0.5427286356821589,2000
Q9UK61,10,4,2,1,4,0,3,6,0.5,0.5,0.0,0.0,1.0,1.0,2000
Q9UK61,15,4,2,1,4,0,3,6,0.5,0.5,0.0,0.0,1.0,1.0,2000
Q9UK61,20,4,2,1,4,0,3,6,0.5,0.5,0.0,0.0,1.0,1.0,2000
Q9UK61,25,4,2,1,4,0,3,6,0.5,0.5,0.0,0.0,1.0,1.0,2000
Q9UK61,30,4,2,1,4,0,3,6,0.5,0.5,0.0,0.0,1.0,1.0,2000
Q9UK61,5,4,2,1,4,0,3,6,0.5,0.5,0.0,0.0,1.0,1.0,2000
Q9UKA4,10,5,5,4,3,2,2,10,0.2,0.0866,0.049816471577383,0.1134,2.309468822170901,0.0664667666166916,2000
Q9UKA4,15,5,5,4,3,2,2,10,0.2,0.13135,0.051512175765794,0.0686499999999999,1.5226494099733534,0.3388305847076461,2000
Q9UKA4,20,5,5,4,3,2,3,10,0.3,0.19605,0.0797657745489548,0.1039499999999999,1.530221882172915,0.2993503248375812,2000
Q9UKA4,25,5,5,4,3,2,3,10,0.3,0.2575,0.0558149411343137,0.0424999999999999,1.1650485436893203,0.6086956521739131,2000
Q9UKA4,30,5,5,4,3,2,3,10,0.3,0.26625,0.0472975266585263,0.03375,1.1267605633802815,0.6626686656671664,2000
Q9UKA4,5,5,5,4,3,2,0,10,0.0,0.0336,0.0472456990427596,-0.0336,0.0,1.0,2000
Q9UKD1,10,5,3,1,5,0,6,10,0.6,0.5999999999999998,2.221001369016217e-16,0.0,1.0000000000000004,1.0,2000
Q9UKD1,15,5,3,1,5,0,8,10,0.8,0.6374999999999998,0.0780819979201326,0.1625000000000002,1.2549019607843142,0.1879060469765117,2000
Q9UKD1,20,5,3,1,5,0,10,10,1.0,0.6942999999999998,0.1580506248010428,0.3057000000000002,1.4402995823131215,0.1879060469765117,2000
Q9UKD1,25,5,3,1,5,0,10,10,1.0,0.7135999999999999,0.1804198316644512,0.2864000000000001,1.4013452914798208,0.2843578210894553,2000
Q9UKD1,30,5,3,1,5,0,10,10,1.0,0.7533,0.1728989792581617,0.2467,1.3274923669188905,0.2843578210894553,2000
Q9UKD1,5,5,3,1,5,0,6,10,0.6,0.5999999999999998,2.221001369016217e-16,0.0,1.0000000000000004,1.0,2000
Q9UKK3,10,3,2,2,2,1,2,3,0.6666666666666666,0.5071666666666667,0.1665541557874546,0.1594999999999999,1.3144922773578704,0.5217391304347826,2000
Q9UKK3,15,3,2,2,2,1,3,3,1.0,0.8356666666666666,0.1666920107460361,0.1643333333333334,1.196649381731153,0.5072463768115942,2000
Q9UKK3,20,3,2,2,2,1,3,3,1.0,1.0,0.0,0.0,1.0,1.0,2000
Q9UKK3,25,3,2,2,2,1,3,3,1.0,1.0,0.0,0.0,1.0,1.0,2000
Q9UKK3,30,3,2,2,2,1,3,3,1.0,1.0,0.0,0.0,1.0,1.0,2000
Q9UKK3,5,3,2,2,2,1,1,3,0.3333333333333333,0.2758333333333333,0.125969642541716,0.0574999999999999,1.2084592145015105,0.8275862068965517,2000
Q9UKV3,10,6,5,6,6,0,2,15,0.1333333333333333,0.1333333333333333,2.776251711270272e-17,0.0,1.0000000000000002,1.0,2000
Q9UKV3,15,6,5,6,6,0,2,15,0.1333333333333333,0.1425666666666666,0.0230340268799935,-0.0092333333333333,0.9352349777881692,1.0,2000
Q9UKV3,20,6,5,6,6,0,4,15,0.2666666666666666,0.2056666666666667,0.0492633749018479,0.0609999999999999,1.296596434359805,0.3193403298350825,2000
Q9UKV3,25,6,5,6,6,0,4,15,0.2666666666666666,0.2495666666666666,0.033388831571403,0.0171,1.0685187658608255,0.7736131934032984,2000
Q9UKV3,30,6,5,6,6,0,4,15,0.2666666666666666,0.2666666666666666,5.552503422540543e-17,0.0,1.0000000000000002,1.0,2000
Q9UKV3,5,6,5,6,6,0,2,15,0.1333333333333333,0.1143333333333333,0.0301018226446494,0.019,1.166180758017493,0.7151424287856072,2000
Q9UKX7,10,4,3,1,3,1,3,6,0.5,0.4593333333333333,0.0716000229164825,0.0406666666666666,1.088534107402032,0.7561219390304847,2000
Q9UKX7,15,4,3,1,3,1,3,6,0.5,0.5,0.0,0.0,1.0,1.0,2000
Q9UKX7,20,4,3,1,3,1,3,6,0.5,0.5,0.0,0.0,1.0,1.0,2000
Q9UKX7,25,4,3,1,3,1,5,6,0.8333333333333334,0.75125,0.083344796610259,0.0820833333333334,1.109262340543539,0.5077461269365318,2000
Q9UKX7,30,4,3,1,3,1,5,6,0.8333333333333334,0.8333333333333335,1.1105006845081086e-16,0.0,1.0,1.0,2000
Q9UKX7,5,4,3,1,3,1,1,6,0.1666666666666666,0.24875,0.083344796610259,-0.0820833333333333,0.6700167504187604,1.0,2000
Q9UKY1,10,15,8,8,14,1,22,105,0.2095238095238095,0.2177047619047619,0.0106766423322536,-0.0081809523809524,0.9624218032284876,0.8920539730134932,2000
Q9UKY1,15,15,8,8,14,1,28,105,0.2666666666666666,0.2918666666666666,0.018394885601537,-0.0252,0.9136592051164916,0.952023988005997,2000
Q9UKY1,20,15,8,8,14,1,40,105,0.3809523809523809,0.3663666666666667,0.0233518172791414,0.0145857142857142,1.039811794065274,0.5227386306846576,2000
Q9UKY1,25,15,8,8,14,1,46,105,0.4380952380952381,0.410452380952381,0.0277619331392252,0.027642857142857,1.0673472939265616,0.3428285857071464,2000
Q9UKY1,30,15,8,8,14,1,46,105,0.4380952380952381,0.4229761904761906,0.022172389475349,0.0151190476190474,1.0357444413171963,0.6826586706646677,2000
Q9UKY1,5,15,8,8,14,1,17,105,0.1619047619047619,0.1274190476190476,0.0127072358716485,0.0344857142857143,1.270648030495553,0.0129935032483758,2000
Q9UKY7,10,4,3,4,4,0,1,6,0.1666666666666666,0.1666666666666666,2.776251711270272e-17,0.0,1.0000000000000002,1.0,2000
Q9UKY7,15,4,3,4,4,0,1,6,0.1666666666666666,0.2204166666666666,0.0779250087380601,-0.0537499999999999,0.7561436672967865,1.0,2000
Q9UKY7,20,4,3,4,4,0,1,6,0.1666666666666666,0.30475,0.1146642940895657,-0.1380833333333333,0.5468963631391851,1.0,2000
Q9UKY7,25,4,3,4,4,0,2,6,0.3333333333333333,0.4151666666666666,0.0833406700122064,-0.0818333333333333,0.8028904054596547,1.0,2000
Q9UKY7,30,4,3,4,4,0,3,6,0.5,0.5,0.0,0.0,1.0,1.0,2000
Q9UKY7,5,4,3,4,4,0,0,6,0.0,0.0280833333333333,0.0624005517513577,-0.0280833333333333,0.0,1.0,2000
Q9ULH7,10,6,3,4,5,1,4,15,0.2666666666666666,0.1473999999999999,0.0409697901666287,0.1192666666666666,1.8091361374943469,0.1059470264867566,2000
Q9ULH7,15,6,3,4,5,1,4,15,0.2666666666666666,0.2069666666666667,0.0470852260189396,0.0596999999999999,1.288452246738605,0.3073463268365817,2000
Q9ULH7,20,6,3,4,5,1,4,15,0.2666666666666666,0.2666666666666666,5.552503422540543e-17,0.0,1.0000000000000002,1.0,2000
Q9ULH7,25,6,3,4,5,1,4,15,0.2666666666666666,0.2666666666666666,5.552503422540543e-17,0.0,1.0000000000000002,1.0,2000
Q9ULH7,30,6,3,4,5,1,4,15,0.2666666666666666,0.2666666666666666,5.552503422540543e-17,0.0,1.0000000000000002,1.0,2000
Q9ULH7,5,6,3,4,5,1,3,15,0.2,0.0807333333333333,0.0409697901666288,0.1192666666666666,2.4772914946325355,0.1059470264867566,2000
Q9ULJ3,10,4,2,4,4,0,3,6,0.5,0.5,0.0,0.0,1.0,1.0,2000
Q9ULJ3,15,4,2,4,4,0,3,6,0.5,0.5,0.0,0.0,1.0,1.0,2000
Q9ULJ3,20,4,2,4,4,0,3,6,0.5,0.5,0.0,0.0,1.0,1.0,2000
Q9ULJ3,25,4,2,4,4,0,3,6,0.5,0.5,0.0,0.0,1.0,1.0,2000
Q9ULJ3,30,4,2,4,4,0,3,6,0.5,0.5,0.0,0.0,1.0,1.0,2000
Q9ULJ3,5,4,2,4,4,0,1,6,0.1666666666666666,0.3521666666666666,0.137191045311562,-0.1854999999999999,0.473260766682442,1.0,2000
Q9ULL5,10,12,8,9,10,2,3,66,0.0454545454545454,0.0584090909090909,0.0170453387464211,-0.0129545454545454,0.7782101167315176,0.9030484757621188,2000
Q9ULL5,15,12,8,9,10,2,5,66,0.0757575757575757,0.0694772727272727,0.018038567301488,0.006280303030303,1.090393632101189,0.5002498750624688,2000
Q9ULL5,20,12,8,9,10,2,6,66,0.0909090909090909,0.0918636363636363,0.0199453882990412,-0.0009545454545454,0.9896091044037608,0.6491754122938531,2000
Q9ULL5,25,12,8,9,10,2,8,66,0.1212121212121212,0.107780303030303,0.0184099072519084,0.0134318181818182,1.124622197230618,0.3828085957021489,2000
Q9ULL5,30,12,8,9,10,2,8,66,0.1212121212121212,0.1288712121212121,0.015952494990443,-0.0076590909090908,0.9405678678502148,0.8435782108945528,2000
Q9ULL5,5,12,8,9,10,2,3,66,0.0454545454545454,0.0197348484848484,0.0150487956976824,0.0257196969696969,2.303262955854127,0.1154422788605697,2000
Q9ULM3,10,36,22,23,36,0,36,630,0.0571428571428571,0.0562531746031746,0.0041549011916484,0.0008896825396825,1.015815685887216,0.4847576211894053,2000
Q9ULM3,15,36,22,23,36,0,46,630,0.073015873015873,0.0783174603174603,0.004013267332757,-0.0053015873015872,0.9323064450749902,0.9310344827586208,2000
Q9ULM3,20,36,22,23,36,0,56,630,0.0888888888888888,0.0947507936507936,0.0037342153757497,-0.0058619047619047,0.9381334494831888,0.9570214892553724,2000
Q9ULM3,25,36,22,23,36,0,66,630,0.1047619047619047,0.1068642857142857,0.0039546762639927,-0.0021023809523809,0.9803266270079984,0.767616191904048,2000
Q9ULM3,30,36,22,23,36,0,73,630,0.1158730158730158,0.1177388888888889,0.004361318578263,-0.001865873015873,0.9841524492588524,0.728135932033983,2000
Q9ULM3,5,36,22,23,36,0,19,630,0.0301587301587301,0.0302777777777777,0.0036587324022159,-0.0001190476190476,0.9960681520314548,0.5882058970514743,2000
Q9ULT8,10,18,10,13,15,3,22,153,0.1437908496732026,0.1579084967320261,0.0082627385309389,-0.0141176470588235,0.9105960264900664,1.0,2000
Q9ULT8,15,18,10,13,15,3,28,153,0.1830065359477124,0.188375816993464,0.0085630793173602,-0.0053692810457516,0.9714969727460404,0.8585707146426786,2000
Q9ULT8,20,18,10,13,15,3,37,153,0.2418300653594771,0.2304444444444444,0.0139396770061267,0.0113856209150326,1.0494072267286856,0.272863568215892,2000
Q9ULT8,25,18,10,13,15,3,44,153,0.2875816993464052,0.2715490196078431,0.0115046422420426,0.016032679738562,1.0590415673815197,0.1514242878560719,2000
Q9ULT8,30,18,10,13,15,3,47,153,0.3071895424836601,0.3132712418300653,0.0130402559580448,-0.0060816993464051,0.9805864741657194,0.7551224387806097,2000
Q9ULT8,5,18,10,13,15,3,18,153,0.1176470588235294,0.0941437908496732,0.0113719811458107,0.0235032679738562,1.2496528742016106,0.0429785107446276,2000
Q9ULU4,10,12,6,9,12,0,21,66,0.3181818181818182,0.2596515151515151,0.0255457076363459,0.058530303030303,1.2254186847172786,0.0284857571214392,2000
Q9ULU4,15,12,6,9,12,0,22,66,0.3333333333333333,0.3450757575757576,0.0361998493043771,-0.0117424242424243,0.965971459934138,0.6691654172913544,2000
Q9ULU4,20,12,6,9,12,0,25,66,0.3787878787878788,0.4198181818181817,0.0555803842794145,-0.0410303030303029,0.9022664934315,0.7961019490254873,2000
Q9ULU4,25,12,6,9,12,0,33,66,0.5,0.4819318181818181,0.0647070161660953,0.0180681818181818,1.0374911577458148,0.4362818590704648,2000
Q9ULU4,30,12,6,9,12,0,42,66,0.6363636363636364,0.5545681818181819,0.0616575038588946,0.0817954545454544,1.1474939551657717,0.1139430284857571,2000
Q9ULU4,5,12,6,9,12,0,15,66,0.2272727272727272,0.1466818181818181,0.0284832607673303,0.0805909090909091,1.549426712116517,0.0089955022488755,2000
Q9UM11,10,3,1,3,3,0,3,3,1.0,1.0,0.0,0.0,1.0,1.0,2000
Q9UM11,15,3,1,3,3,0,3,3,1.0,1.0,0.0,0.0,1.0,1.0,2000
Q9UM11,20,3,1,3,3,0,3,3,1.0,1.0,0.0,0.0,1.0,1.0,2000
Q9UM11,25,3,1,3,3,0,3,3,1.0,1.0,0.0,0.0,1.0,1.0,2000
Q9UM11,30,3,1,3,3,0,3,3,1.0,1.0,0.0,0.0,1.0,1.0,2000
Q9UM11,5,3,1,3,3,0,3,3,1.0,0.8061666666666665,0.2177080194301428,0.1938333333333335,1.2404382881951626,0.5102448775612194,2000
Q9UM47,10,3,3,1,3,0,0,3,0.0,0.0,0.0,0.0,inf,1.0,2000
Q9UM47,15,3,3,1,3,0,0,3,0.0,0.0,0.0,0.0,inf,1.0,2000
Q9UM47,20,3,3,1,3,0,0,3,0.0,0.0,0.0,0.0,inf,1.0,2000
Q9UM47,25,3,3,1,3,0,0,3,0.0,0.0,0.0,0.0,inf,1.0,2000
Q9UM47,30,3,3,1,3,0,0,3,0.0,0.0,0.0,0.0,inf,1.0,2000
Q9UM47,5,3,3,1,3,0,0,3,0.0,0.0,0.0,0.0,inf,1.0,2000
Q9UM82,10,3,2,2,3,0,3,3,1.0,0.7163333333333333,0.2299847865763817,0.2836666666666667,1.395998138669149,0.3238380809595202,2000
Q9UM82,15,3,2,2,3,0,3,3,1.0,1.0,0.0,0.0,1.0,1.0,2000
Q9UM82,20,3,2,2,3,0,3,3,1.0,1.0,0.0,0.0,1.0,1.0,2000
Q9UM82,25,3,2,2,3,0,3,3,1.0,1.0,0.0,0.0,1.0,1.0,2000
Q9UM82,30,3,2,2,3,0,3,3,1.0,1.0,0.0,0.0,1.0,1.0,2000
Q9UM82,5,3,2,2,3,0,2,3,0.6666666666666666,0.4411666666666666,0.1559762192039069,0.2254999999999999,1.511144692104269,0.3238380809595202,2000
Q9UMS4,10,3,1,0,3,0,3,3,1.0,1.0,0.0,0.0,1.0,1.0,2000
Q9UMS4,15,3,1,0,3,0,3,3,1.0,1.0,0.0,0.0,1.0,1.0,2000
Q9UMS4,20,3,1,0,3,0,3,3,1.0,1.0,0.0,0.0,1.0,1.0,2000
Q9UMS4,25,3,1,0,3,0,3,3,1.0,1.0,0.0,0.0,1.0,1.0,2000
Q9UMS4,30,3,1,0,3,0,3,3,1.0,1.0,0.0,0.0,1.0,1.0,2000
Q9UMS4,5,3,1,0,3,0,3,3,1.0,1.0,0.0,0.0,1.0,1.0,2000
Q9UMS5,10,3,3,1,3,0,1,3,0.3333333333333333,0.3333333333333332,5.552503422540543e-17,0.0,1.0000000000000002,1.0,2000
Q9UMS5,15,3,3,1,3,0,1,3,0.3333333333333333,0.3333333333333332,5.552503422540543e-17,0.0,1.0000000000000002,1.0,2000
Q9UMS5,20,3,3,1,3,0,1,3,0.3333333333333333,0.3333333333333332,5.552503422540543e-17,0.0,1.0000000000000002,1.0,2000
Q9UMS5,25,3,3,1,3,0,1,3,0.3333333333333333,0.3333333333333332,5.552503422540543e-17,0.0,1.0000000000000002,1.0,2000
Q9UMS5,30,3,3,1,3,0,1,3,0.3333333333333333,0.3333333333333332,5.552503422540543e-17,0.0,1.0000000000000002,1.0,2000
Q9UMS5,5,3,3,1,3,0,0,3,0.0,0.0,0.0,0.0,inf,1.0,2000
Q9UMX0,10,3,2,3,3,0,1,3,0.3333333333333333,0.3375,0.2841570582054493,-0.0041666666666667,0.9876543209876542,0.736631684157921,2000
Q9UMX0,15,3,2,3,3,0,1,3,0.3333333333333333,0.4593333333333332,0.3104745068953942,-0.1259999999999999,0.725689404934688,0.8760619690154923,2000
Q9UMX0,20,3,2,3,3,0,1,3,0.3333333333333333,0.5385,0.3178249530714067,-0.2051666666666666,0.6190034045187248,0.936031984007996,2000
Q9UMX0,25,3,2,3,3,0,2,3,0.6666666666666666,0.6468333333333333,0.3115189397174418,0.0198333333333333,1.030662200463798,0.5612193903048476,2000
Q9UMX0,30,3,2,3,3,0,3,3,1.0,0.7363333333333334,0.2829761159277178,0.2636666666666666,1.3580805794477138,0.4867566216891554,2000
Q9UMX0,5,3,2,3,3,0,0,3,0.0,0.1628333333333333,0.2147544560768625,-0.1628333333333333,0.0,1.0,2000
Q9UN79,10,3,3,2,2,1,1,3,0.3333333333333333,0.3333333333333332,5.552503422540543e-17,0.0,1.0000000000000002,1.0,2000
Q9UN79,15,3,3,2,2,1,1,3,0.3333333333333333,0.3333333333333332,5.552503422540543e-17,0.0,1.0000000000000002,1.0,2000
Q9UN79,20,3,3,2,2,1,1,3,0.3333333333333333,0.3333333333333332,5.552503422540543e-17,0.0,1.0000000000000002,1.0,2000
Q9UN79,25,3,3,2,2,1,1,3,0.3333333333333333,0.3333333333333332,5.552503422540543e-17,0.0,1.0000000000000002,1.0,2000
Q9UN79,30,3,3,2,2,1,1,3,0.3333333333333333,0.3333333333333332,5.552503422540543e-17,0.0,1.0000000000000002,1.0,2000
Q9UN79,5,3,3,2,2,1,1,3,0.3333333333333333,0.3333333333333332,5.552503422540543e-17,0.0,1.0000000000000002,1.0,2000
Q9UNF1,10,4,3,3,4,0,1,6,0.1666666666666666,0.1666666666666666,2.776251711270272e-17,0.0,1.0000000000000002,1.0,2000
Q9UNF1,15,4,3,3,4,0,1,6,0.1666666666666666,0.1887499999999999,0.0565197238496125,-0.0220833333333333,0.8830022075055188,1.0,2000
Q9UNF1,20,4,3,3,4,0,3,6,0.5,0.3025833333333333,0.1227838113150484,0.1974166666666666,1.652437345083999,0.1964017991004497,2000
Q9UNF1,25,4,3,3,4,0,3,6,0.5,0.3914166666666666,0.1161046457101905,0.1085833333333333,1.2774111134766877,0.4777611194402799,2000
Q9UNF1,30,4,3,3,4,0,3,6,0.5,0.4781666666666666,0.0562474562323555,0.0218333333333333,1.0456605088881143,0.8690654672663668,2000
Q9UNF1,5,4,3,3,4,0,1,6,0.1666666666666666,0.0520833333333333,0.0772713878362069,0.1145833333333333,3.2,0.3128435782108945,2000
Q9UPA5,10,38,28,17,38,0,27,703,0.038406827880512,0.0382788051209103,0.0019842752430686,0.0001280227596017,1.0033444816053514,0.6301849075462269,2000
Q9UPA5,15,38,28,17,38,0,32,703,0.0455192034139402,0.0462112375533428,0.0018430014123959,-0.0006920341394025,0.9850245486586736,0.8465767116441779,2000
Q9UPA5,20,38,28,17,38,0,38,703,0.054054054054054,0.0537539118065433,0.0007035161247261,0.0003001422475106,1.0055836354494696,0.8280859570214892,2000
Q9UPA5,25,38,28,17,38,0,42,703,0.0597439544807965,0.0597411095305832,0.0011594072381089,2.844950213375108e-06,1.000047621315301,0.6671664167916042,2000
Q9UPA5,30,38,28,17,38,0,43,703,0.0611664295874822,0.0616372688477951,0.0006695458638699,-0.0004708392603129,0.9923611271376152,1.0,2000
Q9UPA5,5,38,28,17,38,0,19,703,0.027027027027027,0.0282190611664295,0.0012913755847224,-0.0011920341394025,0.9577578384917834,0.9405297351324338,2000
Q9UPN3,10,6,6,4,6,0,1,15,0.0666666666666666,0.0666666666666666,1.3881258556351357e-17,0.0,1.0000000000000002,1.0,2000
Q9UPN3,15,6,6,4,6,0,1,15,0.0666666666666666,0.0666666666666666,1.3881258556351357e-17,0.0,1.0000000000000002,1.0,2000
Q9UPN3,20,6,6,4,6,0,1,15,0.0666666666666666,0.0666666666666666,1.3881258556351357e-17,0.0,1.0000000000000002,1.0,2000
Q9UPN3,25,6,6,4,6,0,1,15,0.0666666666666666,0.0666666666666666,1.3881258556351357e-17,0.0,1.0000000000000002,1.0,2000
Q9UPN3,30,6,6,4,6,0,1,15,0.0666666666666666,0.0666666666666666,1.3881258556351357e-17,0.0,1.0000000000000002,1.0,2000
Q9UPN3,5,6,6,4,6,0,0,15,0.0,0.0326666666666666,0.0333350007920439,-0.0326666666666666,0.0,1.0,2000
Q9UPN6,10,13,8,7,12,1,14,78,0.1794871794871795,0.1885320512820512,0.0121031029709377,-0.0090448717948717,0.9520247526435688,0.9095452273863068,2000
Q9UPN6,15,13,8,7,12,1,23,78,0.2948717948717949,0.2897564102564102,0.01050292347833,0.0051153846153846,1.017654086102385,0.5827086456771614,2000
Q9UPN6,20,13,8,7,12,1,25,78,0.3205128205128205,0.3100705128205128,0.0141647817521415,0.0104423076923076,1.0336772032829589,0.4862568715642179,2000
Q9UPN6,25,13,8,7,12,1,26,78,0.3333333333333333,0.3361410256410256,0.0129261498790779,-0.0028076923076923,0.9916472786910256,0.6946526736631684,2000
Q9UPN6,30,13,8,7,12,1,31,78,0.3974358974358974,0.3866666666666667,0.0181780459565842,0.0107692307692306,1.027851458885941,0.5377311344327836,2000
Q9UPN6,5,13,8,7,12,1,10,78,0.1282051282051282,0.1305641025641025,0.0135964325167381,-0.0023589743589743,0.9819324430479184,0.6646676661669165,2000
Q9UPN9,10,7,4,7,7,0,7,21,0.3333333333333333,0.254,0.0746826063664937,0.0793333333333333,1.3123359580052492,0.2663668165917041,2000
Q9UPN9,15,7,4,7,7,0,8,21,0.3809523809523809,0.3110238095238095,0.0787714040734511,0.0699285714285714,1.2248334991962029,0.264367816091954,2000
Q9UPN9,20,7,4,7,7,0,9,21,0.4285714285714285,0.3484761904761905,0.0636524253882424,0.080095238095238,1.229844219732167,0.2513743128435782,2000
Q9UPN9,25,7,4,7,7,0,9,21,0.4285714285714285,0.3858095238095237,0.0423780629298052,0.0427619047619047,1.110836830412244,0.4152923538230884,2000
Q9UPN9,30,7,4,7,7,0,9,21,0.4285714285714285,0.4062142857142858,0.0332076851763145,0.0223571428571427,1.0550378055213645,0.6491754122938531,2000
Q9UPN9,5,7,4,7,7,0,5,21,0.238095238095238,0.1563333333333333,0.0712064644334624,0.0817619047619047,1.5229972586049343,0.2038980509745127,2000
Q9UPQ0,10,7,4,4,7,0,8,21,0.3809523809523809,0.345095238095238,0.0310877662594155,0.0358571428571429,1.103905064164482,0.3673163418290854,2000
Q9UPQ0,15,7,4,4,7,0,9,21,0.4285714285714285,0.4285714285714285,0.0,0.0,1.0,1.0,2000
Q9UPQ0,20,7,4,4,7,0,9,21,0.4285714285714285,0.4285714285714285,0.0,0.0,1.0,1.0,2000
Q9UPQ0,25,7,4,4,7,0,9,21,0.4285714285714285,0.4285714285714285,0.0,0.0,1.0,1.0,2000
Q9UPQ0,30,7,4,4,7,0,9,21,0.4285714285714285,0.4285714285714285,0.0,0.0,1.0,1.0,2000
Q9UPQ0,5,7,4,4,7,0,3,21,0.1428571428571428,0.167047619047619,0.0238124298471899,-0.0241904761904761,0.8551881413911061,1.0,2000
Q9UPQ9,10,6,4,5,5,1,3,15,0.2,0.1465999999999999,0.0574947682815178,0.0534,1.3642564802182815,0.271864067966017,2000
Q9UPQ9,15,6,4,5,5,1,3,15,0.2,0.1865666666666666,0.0577070142546947,0.0134333333333333,1.07200285867429,0.5667166416791605,2000
Q9UPQ9,20,6,4,5,5,1,4,15,0.2666666666666666,0.2275,0.0490629779989686,0.0391666666666666,1.1721611721611722,0.5622188905547226,2000
Q9UPQ9,25,6,4,5,5,1,4,15,0.2666666666666666,0.2447666666666666,0.0378740089455834,0.0219,1.0894729674519952,0.7226386806596702,2000
Q9UPQ9,30,6,4,5,5,1,4,15,0.2666666666666666,0.2666666666666666,5.552503422540543e-17,0.0,1.0000000000000002,1.0,2000
Q9UPQ9,5,6,4,5,5,1,1,15,0.0666666666666666,0.0745666666666666,0.0538633720968994,-0.0078999999999999,0.8940545373267771,0.776111944027986,2000
Q9UPS6,10,3,3,2,2,1,1,3,0.3333333333333333,0.3333333333333332,5.552503422540543e-17,0.0,1.0000000000000002,1.0,2000
Q9UPS6,15,3,3,2,2,1,1,3,0.3333333333333333,0.3333333333333332,5.552503422540543e-17,0.0,1.0000000000000002,1.0,2000
Q9UPS6,20,3,3,2,2,1,1,3,0.3333333333333333,0.3333333333333332,5.552503422540543e-17,0.0,1.0000000000000002,1.0,2000
Q9UPS6,25,3,3,2,2,1,1,3,0.3333333333333333,0.3333333333333332,5.552503422540543e-17,0.0,1.0000000000000002,1.0,2000
Q9UPS6,30,3,3,2,2,1,1,3,0.3333333333333333,0.3333333333333332,5.552503422540543e-17,0.0,1.0000000000000002,1.0,2000
Q9UPS6,5,3,3,2,2,1,1,3,0.3333333333333333,0.0683333333333333,0.1346008619190383,0.265,4.878048780487805,0.2053973013493253,2000
Q9UPT8,10,3,2,2,3,0,3,3,1.0,0.651,0.2610018196561487,0.349,1.5360983102918586,0.2843578210894553,2000
Q9UPT8,15,3,2,2,3,0,3,3,1.0,0.7881666666666667,0.2187985317817879,0.2118333333333333,1.2687671812222456,0.4642678660669665,2000
Q9UPT8,20,3,2,2,3,0,3,3,1.0,1.0,0.0,0.0,1.0,1.0,2000
Q9UPT8,25,3,2,2,3,0,3,3,1.0,1.0,0.0,0.0,1.0,1.0,2000
Q9UPT8,30,3,2,2,3,0,3,3,1.0,1.0,0.0,0.0,1.0,1.0,2000
Q9UPT8,5,3,2,2,3,0,1,3,0.3333333333333333,0.2243333333333333,0.1898049046779581,0.109,1.485884101040119,0.6211894052973513,2000
Q9UPV9,10,3,3,3,2,1,0,3,0.0,0.0,0.0,0.0,inf,1.0,2000
Q9UPV9,15,3,3,3,2,1,0,3,0.0,0.0,0.0,0.0,inf,1.0,2000
Q9UPV9,20,3,3,3,2,1,0,3,0.0,0.0,0.0,0.0,inf,1.0,2000
Q9UPV9,25,3,3,3,2,1,0,3,0.0,0.1608333333333333,0.166606208811098,-0.1608333333333333,0.0,1.0,2000
Q9UPV9,30,3,3,3,2,1,0,3,0.0,0.1608333333333333,0.166606208811098,-0.1608333333333333,0.0,1.0,2000
Q9UPV9,5,3,3,3,2,1,0,3,0.0,0.0,0.0,0.0,inf,1.0,2000
Q9UPW6,10,3,1,3,2,1,3,3,1.0,0.818,0.2514775413635151,0.182,1.2224938875305624,0.6146926536731634,2000
Q9UPW6,15,3,1,3,2,1,3,3,1.0,0.9315,0.1536142130175404,0.0685,1.0735373054213635,0.8190904547726137,2000
Q9UPW6,20,3,1,3,2,1,3,3,1.0,1.0,0.0,0.0,1.0,1.0,2000
Q9UPW6,25,3,1,3,2,1,3,3,1.0,1.0,0.0,0.0,1.0,1.0,2000
Q9UPW6,30,3,1,3,2,1,3,3,1.0,1.0,0.0,0.0,1.0,1.0,2000
Q9UPW6,5,3,1,3,2,1,1,3,0.3333333333333333,0.5085,0.3154886243457937,-0.1751666666666666,0.6555227794165848,0.8860569715142429,2000
Q9UPZ3,10,3,2,1,0,3,3,3,1.0,1.0,0.0,0.0,1.0,1.0,2000
Q9UPZ3,15,3,2,1,0,3,3,3,1.0,1.0,0.0,0.0,1.0,1.0,2000
Q9UPZ3,20,3,2,1,0,3,3,3,1.0,1.0,0.0,0.0,1.0,1.0,2000
Q9UPZ3,25,3,2,1,0,3,3,3,1.0,1.0,0.0,0.0,1.0,1.0,2000
Q9UPZ3,30,3,2,1,0,3,3,3,1.0,1.0,0.0,0.0,1.0,1.0,2000
Q9UPZ3,5,3,2,1,0,3,2,3,0.6666666666666666,0.4906666666666666,0.166446745015124,0.176,1.358695652173913,0.472263868065967,2000
Q9UQ03,10,3,1,0,3,0,3,3,1.0,1.0,0.0,0.0,1.0,1.0,2000
Q9UQ03,15,3,1,0,3,0,3,3,1.0,1.0,0.0,0.0,1.0,1.0,2000
Q9UQ03,20,3,1,0,3,0,3,3,1.0,1.0,0.0,0.0,1.0,1.0,2000
Q9UQ03,25,3,1,0,3,0,3,3,1.0,1.0,0.0,0.0,1.0,1.0,2000
Q9UQ03,30,3,1,0,3,0,3,3,1.0,1.0,0.0,0.0,1.0,1.0,2000
Q9UQ03,5,3,1,0,3,0,1,3,0.3333333333333333,0.3333333333333332,5.552503422540543e-17,0.0,1.0000000000000002,1.0,2000
Q9UQ35,10,51,36,23,45,6,47,1275,0.0368627450980392,0.0368623529411764,0.0017068273576026,3.921568627468508e-07,1.000010638411047,0.5527236381809095,2000
Q9UQ35,15,51,36,23,45,6,70,1275,0.0549019607843137,0.0545474509803921,0.0014987415991972,0.0003545098039215,1.006499108529361,0.5062468765617192,2000
Q9UQ35,20,51,36,23,45,6,89,1275,0.0698039215686274,0.0694031372549019,0.0016829298504497,0.0004007843137254,1.0057747290623693,0.4842578710644677,2000
Q9UQ35,25,51,36,23,45,6,106,1275,0.0831372549019607,0.0830290196078431,0.0012153463353407,0.0001082352941176,1.0013035839111295,0.5792103948025987,2000
Q9UQ35,30,51,36,23,45,6,122,1275,0.0956862745098039,0.0953443137254902,0.0009684500379453,0.0003419607843137,1.003586588134645,0.5287356321839081,2000
Q9UQ35,5,51,36,23,45,6,19,1275,0.0149019607843137,0.015578431372549,0.0012774735278837,-0.0006764705882352,0.9565764631843928,0.784607696151924,2000
Q9UQB3,10,6,3,6,6,0,3,15,0.2,0.189,0.0247515586006197,0.0109999999999999,1.058201058201058,0.8350824587706147,2000
Q9UQB3,15,6,3,6,6,0,3,15,0.2,0.2,2.776251711270272e-17,0.0,1.0,1.0,2000
Q9UQB3,20,6,3,6,6,0,3,15,0.2,0.2,2.776251711270272e-17,0.0,1.0,1.0,2000
Q9UQB3,25,6,3,6,6,0,3,15,0.2,0.2,2.776251711270272e-17,0.0,1.0,1.0,2000
Q9UQB3,30,6,3,6,6,0,3,15,0.2,0.2,2.776251711270272e-17,0.0,1.0,1.0,2000
Q9UQB3,5,6,3,6,6,0,3,15,0.2,0.1331999999999999,0.0446826145810725,0.0668,1.501501501501502,0.223888055972014,2000
Q9UQR0,10,4,2,0,4,0,6,6,1.0,1.0,0.0,0.0,1.0,1.0,2000
Q9UQR0,15,4,2,0,4,0,6,6,1.0,1.0,0.0,0.0,1.0,1.0,2000
Q9UQR0,20,4,2,0,4,0,6,6,1.0,1.0,0.0,0.0,1.0,1.0,2000
Q9UQR0,25,4,2,0,4,0,6,6,1.0,1.0,0.0,0.0,1.0,1.0,2000
Q9UQR0,30,4,2,0,4,0,6,6,1.0,1.0,0.0,0.0,1.0,1.0,2000
Q9UQR0,5,4,2,0,4,0,4,6,0.6666666666666666,0.6666666666666665,1.1105006845081086e-16,0.0,1.0000000000000002,1.0,2000
Q9UQR1,10,5,4,2,5,0,1,10,0.1,0.03945,0.0488865262237266,0.06055,2.5348542458808616,0.3948025987006496,2000
Q9UQR1,15,5,4,2,5,0,3,10,0.3,0.1208,0.0610673776439282,0.1791999999999999,2.4834437086092707,0.104447776111944,2000
Q9UQR1,20,5,4,2,5,0,3,10,0.3,0.16025,0.0669117036701653,0.1397499999999999,1.8720748829953195,0.104447776111944,2000
Q9UQR1,25,5,4,2,5,0,3,10,0.3,0.16025,0.0669117036701653,0.1397499999999999,1.8720748829953195,0.104447776111944,2000
Q9UQR1,30,5,4,2,5,0,3,10,0.3,0.18135,0.0599914742983888,0.1186499999999999,1.6542597187758477,0.104447776111944,2000
Q9UQR1,5,5,4,2,5,0,1,10,0.1,0.0203999999999999,0.0403069761475985,0.0796,4.901960784313726,0.2043978010994502,2000
Q9Y2W1,10,5,3,1,5,0,3,10,0.3,0.2999999999999999,1.1105006845081086e-16,0.0,1.0000000000000004,1.0,2000
Q9Y2W1,15,5,3,1,5,0,3,10,0.3,0.2999999999999999,1.1105006845081086e-16,0.0,1.0000000000000004,1.0,2000
Q9Y2W1,20,5,3,1,5,0,3,10,0.3,0.2999999999999999,1.1105006845081086e-16,0.0,1.0000000000000004,1.0,2000
Q9Y2W1,25,5,3,1,5,0,3,10,0.3,0.2999999999999999,1.1105006845081086e-16,0.0,1.0000000000000004,1.0,2000
Q9Y2W1,30,5,3,1,5,0,3,10,0.3,0.2999999999999999,1.1105006845081086e-16,0.0,1.0000000000000004,1.0,2000
Q9Y2W1,5,5,3,1,5,0,2,10,0.2,0.2,2.776251711270272e-17,0.0,1.0,1.0,2000
Q9Y2W2,10,3,2,3,3,0,1,3,0.3333333333333333,0.3333333333333332,5.552503422540543e-17,0.0,1.0000000000000002,1.0,2000
Q9Y2W2,15,3,2,3,3,0,1,3,0.3333333333333333,0.3333333333333332,5.552503422540543e-17,0.0,1.0000000000000002,1.0,2000
Q9Y2W2,20,3,2,3,3,0,1,3,0.3333333333333333,0.3333333333333332,5.552503422540543e-17,0.0,1.0000000000000002,1.0,2000
Q9Y2W2,25,3,2,3,3,0,1,3,0.3333333333333333,0.3333333333333332,5.552503422540543e-17,0.0,1.0000000000000002,1.0,2000
Q9Y2W2,30,3,2,3,3,0,1,3,0.3333333333333333,0.3333333333333332,5.552503422540543e-17,0.0,1.0000000000000002,1.0,2000
Q9Y2W2,5,3,2,3,3,0,0,3,0.0,0.2223333333333333,0.1571348009603105,-0.2223333333333333,0.0,1.0,2000
Q9Y2X7,10,3,1,3,3,0,2,3,0.6666666666666666,0.6618333333333334,0.2655407592749313,0.0048333333333332,1.007302946361118,0.6756621689155422,2000
Q9Y2X7,15,3,1,3,3,0,3,3,1.0,0.8456666666666666,0.2027083038243149,0.1543333333333334,1.1824990145841547,0.5977011494252874,2000
Q9Y2X7,20,3,1,3,3,0,3,3,1.0,1.0,0.0,0.0,1.0,1.0,2000
Q9Y2X7,25,3,1,3,3,0,3,3,1.0,1.0,0.0,0.0,1.0,1.0,2000
Q9Y2X7,30,3,1,3,3,0,3,3,1.0,1.0,0.0,0.0,1.0,1.0,2000
Q9Y2X7,5,3,1,3,3,0,1,3,0.3333333333333333,0.2786666666666666,0.2290900284180005,0.0546666666666667,1.196172248803828,0.697151424287856,2000
Q9Y2X9,10,19,12,14,14,5,21,171,0.1228070175438596,0.1340497076023392,0.0124188121242139,-0.0112426900584795,0.9161304395244844,0.8950524737631185,2000
Q9Y2X9,15,19,12,14,14,5,29,171,0.1695906432748538,0.1849356725146198,0.0139734009133806,-0.015345029239766,0.9170250442701748,0.912543728135932,2000
Q9Y2X9,20,19,12,14,14,5,36,171,0.2105263157894736,0.2166608187134502,0.0084838692793363,-0.0061345029239765,0.971686145375044,0.9345327336331836,2000
Q9Y2X9,25,19,12,14,14,5,41,171,0.239766081871345,0.2458713450292398,0.0058437507755259,-0.0061052631578948,0.9751688707068782,1.0,2000
Q9Y2X9,30,19,12,14,14,5,44,171,0.2573099415204678,0.2573099415204679,1.1105006845081086e-16,0.0,0.9999999999999996,1.0,2000
Q9Y2X9,5,19,12,14,14,5,13,171,0.0760233918128654,0.0773947368421052,0.0079118829671458,-0.0013713450292397,0.9822811590917676,0.68015992003998,2000
Q9Y450,10,3,3,2,3,0,1,3,0.3333333333333333,0.3333333333333332,5.552503422540543e-17,0.0,1.0000000000000002,1.0,2000
Q9Y450,15,3,3,2,3,0,1,3,0.3333333333333333,0.3333333333333332,5.552503422540543e-17,0.0,1.0000000000000002,1.0,2000
Q9Y450,20,3,3,2,3,0,1,3,0.3333333333333333,0.3333333333333332,5.552503422540543e-17,0.0,1.0000000000000002,1.0,2000
Q9Y450,25,3,3,2,3,0,1,3,0.3333333333333333,0.3333333333333332,5.552503422540543e-17,0.0,1.0000000000000002,1.0,2000
Q9Y450,30,3,3,2,3,0,1,3,0.3333333333333333,0.3333333333333332,5.552503422540543e-17,0.0,1.0000000000000002,1.0,2000
Q9Y450,5,3,3,2,3,0,1,3,0.3333333333333333,0.2523333333333333,0.1430007853555572,0.081,1.321003963011889,0.7571214392803598,2000
Q9Y467,10,8,4,8,7,1,13,28,0.4642857142857143,0.3995892857142857,0.0383749131241331,0.0646964285714286,1.1619073155472135,0.1004497751124437,2000
Q9Y467,15,8,4,8,7,1,13,28,0.4642857142857143,0.4604285714285715,0.0110877869987961,0.0038571428571427,1.008377288240769,0.8920539730134932,2000
Q9Y467,20,8,4,8,7,1,13,28,0.4642857142857143,0.4642857142857144,1.1105006845081086e-16,0.0,0.9999999999999998,1.0,2000
Q9Y467,25,8,4,8,7,1,13,28,0.4642857142857143,0.4642857142857144,1.1105006845081086e-16,0.0,0.9999999999999998,1.0,2000
Q9Y467,30,8,4,8,7,1,13,28,0.4642857142857143,0.4642857142857144,1.1105006845081086e-16,0.0,0.9999999999999998,1.0,2000
Q9Y467,5,8,4,8,7,1,7,28,0.25,0.2428214285714285,0.0458956323835164,0.0071785714285714,1.029563171054567,0.5787106446776612,2000
Q9Y490,10,5,4,2,4,1,0,10,0.0,0.0,0.0,0.0,inf,1.0,2000
Q9Y490,15,5,4,2,4,1,1,10,0.1,0.1,1.3881258556351357e-17,0.0,1.0,1.0,2000
Q9Y490,20,5,4,2,4,1,1,10,0.1,0.1,1.3881258556351357e-17,0.0,1.0,1.0,2000
Q9Y490,25,5,4,2,4,1,1,10,0.1,0.1,1.3881258556351357e-17,0.0,1.0,1.0,2000
Q9Y490,30,5,4,2,4,1,1,10,0.1,0.1,1.3881258556351357e-17,0.0,1.0,1.0,2000
Q9Y490,5,5,4,2,4,1,0,10,0.0,0.0,0.0,0.0,inf,1.0,2000
Q9Y4A5,10,5,4,4,5,0,2,10,0.2,0.2,2.776251711270272e-17,0.0,1.0,1.0,2000
Q9Y4A5,15,5,4,4,5,0,2,10,0.2,0.2,2.776251711270272e-17,0.0,1.0,1.0,2000
Q9Y4A5,20,5,4,4,5,0,2,10,0.2,0.2,2.776251711270272e-17,0.0,1.0,1.0,2000
Q9Y4A5,25,5,4,4,5,0,2,10,0.2,0.2,2.776251711270272e-17,0.0,1.0,1.0,2000
Q9Y4A5,30,5,4,4,5,0,2,10,0.2,0.2,2.776251711270272e-17,0.0,1.0,1.0,2000
Q9Y4A5,5,5,4,4,5,0,2,10,0.2,0.1659,0.0474163912279133,0.0340999999999999,1.2055455093429774,0.6591704147926037,2000
Q9Y4B4,10,6,4,6,5,1,3,15,0.2,0.0975333333333333,0.0562528811507759,0.1024666666666666,2.050580997949419,0.2318840579710145,2000
Q9Y4B4,15,6,4,6,5,1,3,15,0.2,0.2,2.776251711270272e-17,0.0,1.0,1.0,2000
Q9Y4B4,20,6,4,6,5,1,4,15,0.2666666666666666,0.208,0.0216695204698218,0.0586666666666666,1.282051282051282,0.120439780109945,2000
Q9Y4B4,25,6,4,6,5,1,6,15,0.4,0.2495666666666667,0.0617211045540638,0.1504333333333333,1.602778148791238,0.0434782608695652,2000
Q9Y4B4,30,6,4,6,5,1,6,15,0.4,0.3329333333333333,0.0475262785346533,0.0670666666666666,1.2014417300760911,0.2028985507246377,2000
Q9Y4B4,5,6,4,6,5,1,3,15,0.2,0.0975333333333333,0.0562528811507759,0.1024666666666666,2.050580997949419,0.2318840579710145,2000
Q9Y4B5,10,4,4,2,4,0,0,6,0.0,0.0,0.0,0.0,inf,1.0,2000
Q9Y4B5,15,4,4,2,4,0,0,6,0.0,0.0,0.0,0.0,inf,1.0,2000
Q9Y4B5,20,4,4,2,4,0,0,6,0.0,0.0,0.0,0.0,inf,1.0,2000
Q9Y4B5,25,4,4,2,4,0,0,6,0.0,0.0,0.0,0.0,inf,1.0,2000
Q9Y4B5,30,4,4,2,4,0,0,6,0.0,0.0,0.0,0.0,inf,1.0,2000
Q9Y4B5,5,4,4,2,4,0,0,6,0.0,0.0,0.0,0.0,inf,1.0,2000
Q9Y4B6,10,5,4,2,3,2,2,10,0.2,0.2,2.776251711270272e-17,0.0,1.0,1.0,2000
Q9Y4B6,15,5,4,2,3,2,2,10,0.2,0.2,2.776251711270272e-17,0.0,1.0,1.0,2000
Q9Y4B6,20,5,4,2,3,2,2,10,0.2,0.2,2.776251711270272e-17,0.0,1.0,1.0,2000
Q9Y4B6,25,5,4,2,3,2,2,10,0.2,0.2,2.776251711270272e-17,0.0,1.0,1.0,2000
Q9Y4B6,30,5,4,2,3,2,2,10,0.2,0.2,2.776251711270272e-17,0.0,1.0,1.0,2000
Q9Y4B6,5,5,4,2,3,2,2,10,0.2,0.1677,0.0467739660703577,0.0322999999999999,1.1926058437686342,0.6771614192903548,2000
Q9Y4G6,10,3,3,1,3,0,1,3,0.3333333333333333,0.3333333333333332,5.552503422540543e-17,0.0,1.0000000000000002,1.0,2000
Q9Y4G6,15,3,3,1,3,0,1,3,0.3333333333333333,0.3333333333333332,5.552503422540543e-17,0.0,1.0000000000000002,1.0,2000
Q9Y4G6,20,3,3,1,3,0,1,3,0.3333333333333333,0.3333333333333332,5.552503422540543e-17,0.0,1.0000000000000002,1.0,2000
Q9Y4G6,25,3,3,1,3,0,1,3,0.3333333333333333,0.3333333333333332,5.552503422540543e-17,0.0,1.0000000000000002,1.0,2000
Q9Y4G6,30,3,3,1,3,0,1,3,0.3333333333333333,0.3333333333333332,5.552503422540543e-17,0.0,1.0000000000000002,1.0,2000
Q9Y4G6,5,3,3,1,3,0,1,3,0.3333333333333333,0.1705,0.1666642487735235,0.1628333333333333,1.955034213098729,0.511744127936032,2000
Q9Y4H2,10,7,6,4,6,1,2,21,0.0952380952380952,0.090547619047619,0.0141935256459415,0.0046904761904761,1.051801209571391,0.9015492253873064,2000
Q9Y4H2,15,7,6,4,6,1,2,21,0.0952380952380952,0.0952380952380952,4.164377566905407e-17,0.0,0.9999999999999996,1.0,2000
Q9Y4H2,20,7,6,4,6,1,2,21,0.0952380952380952,0.0952380952380952,4.164377566905407e-17,0.0,0.9999999999999996,1.0,2000
Q9Y4H2,25,7,6,4,6,1,2,21,0.0952380952380952,0.0952380952380952,4.164377566905407e-17,0.0,0.9999999999999996,1.0,2000
Q9Y4H2,30,7,6,4,6,1,2,21,0.0952380952380952,0.0952380952380952,4.164377566905407e-17,0.0,0.9999999999999996,1.0,2000
Q9Y4H2,5,7,6,4,6,1,0,21,0.0,0.0222380952380952,0.0237635517016273,-0.0222380952380952,0.0,1.0,2000
Q9Y4L1,10,12,10,6,12,0,9,66,0.1363636363636363,0.1062424242424242,0.0195899882949545,0.0301212121212121,1.2835139760410728,0.1734132933533233,2000
Q9Y4L1,15,12,10,6,12,0,10,66,0.1515151515151515,0.1313636363636363,0.0143063184208926,0.0201515151515151,1.1534025374855823,0.3353323338330835,2000
Q9Y4L1,20,12,10,6,12,0,12,66,0.1818181818181818,0.1617954545454545,0.0113830133781653,0.0200227272727272,1.1237533361427168,0.1734132933533233,2000
Q9Y4L1,25,12,10,6,12,0,12,66,0.1818181818181818,0.1717424242424242,0.0071531592104463,0.0100757575757575,1.05866784296427,0.3353323338330835,2000
Q9Y4L1,30,12,10,6,12,0,12,66,0.1818181818181818,0.176780303030303,0.0071398012917675,0.0050378787878788,1.0284979644311123,0.6676661669165417,2000
Q9Y4L1,5,12,10,6,12,0,3,66,0.0454545454545454,0.0353787878787878,0.0071531592104463,0.0100757575757575,1.2847965738758031,0.3353323338330835,2000
Q9Y512,10,5,5,3,5,0,1,10,0.1,0.1,1.3881258556351357e-17,0.0,1.0,1.0,2000
Q9Y512,15,5,5,3,5,0,1,10,0.1,0.1,1.3881258556351357e-17,0.0,1.0,1.0,2000
Q9Y512,20,5,5,3,5,0,1,10,0.1,0.1,1.3881258556351357e-17,0.0,1.0,1.0,2000
Q9Y512,25,5,5,3,5,0,1,10,0.1,0.1,1.3881258556351357e-17,0.0,1.0,1.0,2000
Q9Y512,30,5,5,3,5,0,1,10,0.1,0.1,1.3881258556351357e-17,0.0,1.0,1.0,2000
Q9Y512,5,5,5,3,5,0,1,10,0.1,0.1,1.3881258556351357e-17,0.0,1.0,1.0,2000
Q9Y520,10,71,37,43,58,13,112,2485,0.0450704225352112,0.0436251509054326,0.0014123422320083,0.0014452716297786,1.0331293210403245,0.1899050474762618,2000
Q9Y520,15,71,37,43,58,13,150,2485,0.0603621730382293,0.0599309859154929,0.0014651433314946,0.0004311871227364,1.0071947276713322,0.4372813593203398,2000
Q9Y520,20,71,37,43,58,13,188,2485,0.0756539235412474,0.0758835010060362,0.001831732637648,-0.0002295774647887,0.9969746063143492,0.5837081459270365,2000
Q9Y520,25,71,37,43,58,13,216,2485,0.0869215291750503,0.0866362173038229,0.0020673499484224,0.0002853118712273,1.00329321708757,0.44127936031984,2000
Q9Y520,30,71,37,43,58,13,250,2485,0.1006036217303823,0.0992428571428571,0.0023553140229091,0.0013607645875251,1.013711461224523,0.3063468265867066,2000
Q9Y520,5,71,37,43,58,13,58,2485,0.0233400402414486,0.0217935613682092,0.0012489228477468,0.0015464788732394,1.0709603560019942,0.1414292853573213,2000
Q9Y580,10,4,3,2,3,1,5,6,0.8333333333333334,0.5645,0.1109870771210151,0.2688333333333333,1.4762326542663124,0.1034482758620689,2000
Q9Y580,15,4,3,2,3,1,6,6,1.0,0.6718333333333333,0.203496136476845,0.3281666666666667,1.4884644008930787,0.2388805597201399,2000
Q9Y580,20,4,3,2,3,1,6,6,1.0,0.75425,0.2500263868015704,0.24575,1.3258203513423932,0.5087456271864068,2000
Q9Y580,25,4,3,2,3,1,6,6,1.0,0.78775,0.2234574622877011,0.21225,1.269438273563948,0.5087456271864068,2000
Q9Y580,30,4,3,2,3,1,6,6,1.0,0.8464166666666667,0.2246136110039532,0.1535833333333333,1.1814512159102095,0.6596701649175413,2000
Q9Y580,5,4,3,2,3,1,3,6,0.5,0.3504999999999999,0.0506724828375828,0.1495,1.4265335235378034,0.1034482758620689,2000
Q9Y5A9,10,8,6,7,7,1,5,28,0.1785714285714285,0.2115178571428571,0.037915340688024,-0.0329464285714285,0.8442380751371888,0.8970514742628686,2000
Q9Y5A9,15,8,6,7,7,1,8,28,0.2857142857142857,0.3155535714285714,0.0374061452055044,-0.0298392857142857,0.9054382887216342,0.8845577211394303,2000
Q9Y5A9,20,8,6,7,7,1,13,28,0.4642857142857143,0.4565535714285715,0.0415316436703133,0.0077321428571427,1.0169358939257636,0.5632183908045977,2000
Q9Y5A9,25,8,6,7,7,1,16,28,0.5714285714285714,0.5728392857142857,0.0549944954649954,-0.0014107142857142,0.9975373297172604,0.5817091454272864,2000
Q9Y5A9,30,8,6,7,7,1,18,28,0.6428571428571429,0.6708928571428572,0.0365142139088064,-0.0280357142857142,0.9582113388341762,0.8995502248875562,2000
Q9Y5A9,5,8,6,7,7,1,3,28,0.1071428571428571,0.1144464285714285,0.0417163944392009,-0.0073035714285714,0.9361834919644252,0.7191404297851074,2000
Q9Y5B9,10,4,4,1,4,0,1,6,0.1666666666666666,0.1666666666666666,2.776251711270272e-17,0.0,1.0000000000000002,1.0,2000
Q9Y5B9,15,4,4,1,4,0,1,6,0.1666666666666666,0.1666666666666666,2.776251711270272e-17,0.0,1.0000000000000002,1.0,2000
Q9Y5B9,20,4,4,1,4,0,1,6,0.1666666666666666,0.1666666666666666,2.776251711270272e-17,0.0,1.0000000000000002,1.0,2000
Q9Y5B9,25,4,4,1,4,0,1,6,0.1666666666666666,0.1666666666666666,2.776251711270272e-17,0.0,1.0000000000000002,1.0,2000
Q9Y5B9,30,4,4,1,4,0,1,6,0.1666666666666666,0.1666666666666666,2.776251711270272e-17,0.0,1.0000000000000002,1.0,2000
Q9Y5B9,5,4,4,1,4,0,0,6,0.0,0.0,0.0,0.0,inf,1.0,2000
Q9Y5M8,10,5,2,3,5,0,4,10,0.4,0.4000000000000001,5.552503422540543e-17,0.0,1.0,1.0,2000
Q9Y5M8,15,5,2,3,5,0,4,10,0.4,0.4000000000000001,5.552503422540543e-17,0.0,1.0,1.0,2000
Q9Y5M8,20,5,2,3,5,0,4,10,0.4,0.4000000000000001,5.552503422540543e-17,0.0,1.0,1.0,2000
Q9Y5M8,25,5,2,3,5,0,4,10,0.4,0.4000000000000001,5.552503422540543e-17,0.0,1.0,1.0,2000
Q9Y5M8,30,5,2,3,5,0,4,10,0.4,0.4000000000000001,5.552503422540543e-17,0.0,1.0,1.0,2000
Q9Y5M8,5,5,2,3,5,0,3,10,0.3,0.18295,0.0764016760814448,0.1170499999999999,1.6397922929762223,0.2213893053473263,2000
Q9Y618,10,49,32,28,42,7,40,1176,0.0340136054421768,0.0332410714285714,0.0012593145144773,0.0007725340136054,1.0232403463668571,0.3928035982008995,2000
Q9Y618,15,49,32,28,42,7,52,1176,0.0442176870748299,0.0444115646258503,0.0011093165143635,-0.0001938775510204,0.9956345255418548,0.703648175912044,2000
Q9Y618,20,49,32,28,42,7,62,1176,0.0527210884353741,0.0538227040816326,0.0018445781830923,-0.0011016156462584,0.9795325102100466,0.7961019490254873,2000
Q9Y618,25,49,32,28,42,7,71,1176,0.0603741496598639,0.0626849489795918,0.0019005038019175,-0.0023107993197278,0.9631362973513752,0.9175412293853074,2000
Q9Y618,30,49,32,28,42,7,87,1176,0.0739795918367346,0.0743316326530612,0.0012060478815154,-0.0003520408163265,0.9952639165351086,0.7421289355322339,2000
Q9Y618,5,49,32,28,42,7,21,1176,0.0178571428571428,0.0198822278911564,0.0016972647941688,-0.0020250850340136,0.8981459701045699,0.9370314842578712,2000
Q9Y678,10,5,4,1,5,0,4,10,0.4,0.2385,0.0788724313699984,0.1614999999999999,1.6771488469601674,0.192903548225887,2000
Q9Y678,15,5,4,1,5,0,4,10,0.4,0.2385,0.0788724313699984,0.1614999999999999,1.6771488469601674,0.192903548225887,2000
Q9Y678,20,5,4,1,5,0,4,10,0.4,0.2585,0.0792520690280235,0.1415,1.5473887814313347,0.192903548225887,2000
Q9Y678,25,5,4,1,5,0,4,10,0.4,0.3801500000000001,0.0398970348107894,0.0198499999999999,1.0522162304353542,0.8015992003998001,2000
Q9Y678,30,5,4,1,5,0,4,10,0.4,0.4000000000000001,5.552503422540543e-17,0.0,1.0,1.0,2000
Q9Y678,5,5,4,1,5,0,4,10,0.4,0.2385,0.0788724313699984,0.1614999999999999,1.6771488469601674,0.192903548225887,2000
Q9Y692,10,3,2,0,2,1,3,3,1.0,1.0,0.0,0.0,1.0,1.0,2000
Q9Y692,15,3,2,0,2,1,3,3,1.0,1.0,0.0,0.0,1.0,1.0,2000
Q9Y692,20,3,2,0,2,1,3,3,1.0,1.0,0.0,0.0,1.0,1.0,2000
Q9Y692,25,3,2,0,2,1,3,3,1.0,1.0,0.0,0.0,1.0,1.0,2000
Q9Y692,30,3,2,0,2,1,3,3,1.0,1.0,0.0,0.0,1.0,1.0,2000
Q9Y692,5,3,2,0,2,1,3,3,1.0,1.0,0.0,0.0,1.0,1.0,2000
Q9Y6G9,10,3,3,3,3,0,0,3,0.0,0.2871666666666666,0.1151701343999677,-0.2871666666666666,0.0,1.0,2000
Q9Y6G9,15,3,3,3,3,0,1,3,0.3333333333333333,0.3333333333333332,5.552503422540543e-17,0.0,1.0000000000000002,1.0,2000
Q9Y6G9,20,3,3,3,3,0,1,3,0.3333333333333333,0.3333333333333332,5.552503422540543e-17,0.0,1.0000000000000002,1.0,2000
Q9Y6G9,25,3,3,3,3,0,1,3,0.3333333333333333,0.3333333333333332,5.552503422540543e-17,0.0,1.0000000000000002,1.0,2000
Q9Y6G9,30,3,3,3,3,0,1,3,0.3333333333333333,0.3333333333333332,5.552503422540543e-17,0.0,1.0000000000000002,1.0,2000
Q9Y6G9,5,3,3,3,3,0,0,3,0.0,0.1953333333333333,0.1642238860287113,-0.1953333333333333,0.0,1.0,2000
Q9Y6Q9,10,9,5,9,8,1,8,36,0.2222222222222222,0.231875,0.0292696449205134,-0.0096527777777778,0.9583707696915242,0.7856071964017991,2000
Q9Y6Q9,15,9,5,9,8,1,10,36,0.2777777777777778,0.2745555555555555,0.0088973613116068,0.0032222222222222,1.011736139214893,0.8840579710144928,2000
Q9Y6Q9,20,9,5,9,8,1,10,36,0.2777777777777778,0.2764444444444444,0.0059394358072222,0.0013333333333334,1.0048231511254022,0.952023988005997,2000
Q9Y6Q9,25,9,5,9,8,1,10,36,0.2777777777777778,0.2777777777777778,0.0,0.0,1.0,1.0,2000
Q9Y6Q9,30,9,5,9,8,1,10,36,0.2777777777777778,0.2777777777777778,0.0,0.0,1.0,1.0,2000
Q9Y6Q9,5,9,5,9,8,1,5,36,0.1388888888888889,0.137625,0.0422513289957502,0.0012638888888888,1.0091835704914724,0.5542228885557221,2000
Q9Y6R9,10,3,2,2,3,0,1,3,0.3333333333333333,0.3333333333333332,5.552503422540543e-17,0.0,1.0000000000000002,1.0,2000
Q9Y6R9,15,3,2,2,3,0,1,3,0.3333333333333333,0.3333333333333332,5.552503422540543e-17,0.0,1.0000000000000002,1.0,2000
Q9Y6R9,20,3,2,2,3,0,1,3,0.3333333333333333,0.3333333333333332,5.552503422540543e-17,0.0,1.0000000000000002,1.0,2000
Q9Y6R9,25,3,2,2,3,0,1,3,0.3333333333333333,0.3333333333333332,5.552503422540543e-17,0.0,1.0000000000000002,1.0,2000
Q9Y6R9,30,3,2,2,3,0,1,3,0.3333333333333333,0.3333333333333332,5.552503422540543e-17,0.0,1.0000000000000002,1.0,2000
Q9Y6R9,5,3,2,2,3,0,1,3,0.3333333333333333,0.3333333333333332,5.552503422540543e-17,0.0,1.0000000000000002,1.0,2000
Q9Y6V0,10,27,24,16,24,3,9,351,0.0256410256410256,0.0242393162393162,0.0014246752900028,0.0014017094017093,1.0578279266572634,0.5082458770614693,2000
Q9Y6V0,15,27,24,16,24,3,12,351,0.0341880341880341,0.0298418803418803,0.0030551151733814,0.0043461538461538,1.145639409995704,0.2508745627186406,2000
Q9Y6V0,20,27,24,16,24,3,13,351,0.037037037037037,0.0338960113960113,0.0032416608324562,0.0031410256410256,1.0926665265812143,0.3223388305847076,2000
Q9Y6V0,25,27,24,16,24,3,16,351,0.0455840455840455,0.0394358974358974,0.0038455702559114,0.0061481481481481,1.1559023262534318,0.12143928035982,2000
Q9Y6V0,30,27,24,16,24,3,16,351,0.0455840455840455,0.0431096866096866,0.0037441049631396,0.0024743589743589,1.0573968212008065,0.3553223388305847,2000
Q9Y6V0,5,27,24,16,24,3,3,351,0.0085470085470085,0.0080726495726495,0.0010616012111002,0.0004743589743589,1.0587612493382743,0.8335832083958021,2000
Q9Y6X8,10,4,3,0,4,0,1,6,0.1666666666666666,0.1666666666666666,2.776251711270272e-17,0.0,1.0000000000000002,1.0,2000
Q9Y6X8,15,4,3,0,4,0,1,6,0.1666666666666666,0.1666666666666666,2.776251711270272e-17,0.0,1.0000000000000002,1.0,2000
Q9Y6X8,20,4,3,0,4,0,1,6,0.1666666666666666,0.1666666666666666,2.776251711270272e-17,0.0,1.0000000000000002,1.0,2000
Q9Y6X8,25,4,3,0,4,0,1,6,0.1666666666666666,0.1666666666666666,2.776251711270272e-17,0.0,1.0000000000000002,1.0,2000
Q9Y6X8,30,4,3,0,4,0,1,6,0.1666666666666666,0.1666666666666666,2.776251711270272e-17,0.0,1.0000000000000002,1.0,2000
Q9Y6X8,5,4,3,0,4,0,1,6,0.1666666666666666,0.1666666666666666,2.776251711270272e-17,0.0,1.0000000000000002,1.0,2000
Q9Y6X9,10,7,7,3,7,0,1,21,0.0476190476190476,0.0476190476190476,2.0821887834527037e-17,0.0,0.9999999999999996,1.0,2000
Q9Y6X9,15,7,7,3,7,0,2,21,0.0952380952380952,0.0706428571428571,0.0238025073632147,0.0245952380952381,1.3481631277384565,0.4837581209395302,2000
Q9Y6X9,20,7,7,3,7,0,3,21,0.1428571428571428,0.1428571428571428,5.552503422540543e-17,0.0,1.0000000000000004,1.0,2000
Q9Y6X9,25,7,7,3,7,0,3,21,0.1428571428571428,0.1428571428571428,5.552503422540543e-17,0.0,1.0000000000000004,1.0,2000
Q9Y6X9,30,7,7,3,7,0,3,21,0.1428571428571428,0.1428571428571428,5.552503422540543e-17,0.0,1.0000000000000004,1.0,2000
Q9Y6X9,5,7,7,3,7,0,1,21,0.0476190476190476,0.0476190476190476,2.0821887834527037e-17,0.0,0.9999999999999996,1.0,2000
Q9Y6Y8,10,28,11,16,16,12,47,378,0.1243386243386243,0.1044166666666666,0.0066555475254457,0.0199219576719576,1.1907928907130825,0.0089955022488755,2000
Q9Y6Y8,15,28,11,16,16,12,68,378,0.1798941798941798,0.1643068783068783,0.0072082291831841,0.0155873015873015,1.0948670058607588,0.0409795102448775,2000
Q9Y6Y8,20,28,11,16,16,12,90,378,0.238095238095238,0.2124087301587301,0.0091160684565954,0.0256865079365079,1.1209296243017544,0.0114942528735632,2000
Q9Y6Y8,25,28,11,16,16,12,117,378,0.3095238095238095,0.264776455026455,0.0109690418616408,0.0447473544973545,1.1690005045685938,0.0014992503748125,2000
Q9Y6Y8,30,28,11,16,16,12,143,378,0.3783068783068783,0.3143769841269841,0.0132401087033879,0.0639298941798942,1.2033542447689856,0.0004997501249375,2000
Q9Y6Y8,5,28,11,16,16,12,26,378,0.0687830687830687,0.0527222222222222,0.0051704986740779,0.0160608465608465,1.3046314416177431,0.0059970014992503,2000
