region_id,accession,position,residue,n_pmids,pmids,definition_version
og_consensus_gaps5-8-10-12-15_core-gap10_min3_strict-v1:A0AVK6:681-686,A0AVK6,681,T,3,32938750;35254053;39531497,og_consensus_gaps5-8-10-12-15_core-gap10_min3_strict-v1
og_consensus_gaps5-8-10-12-15_core-gap10_min3_strict-v1:A0AVK6:681-686,A0AVK6,682,S,2,35254053;39531497,og_consensus_gaps5-8-10-12-15_core-gap10_min3_strict-v1
og_consensus_gaps5-8-10-12-15_core-gap10_min3_strict-v1:A0AVK6:681-686,A0AVK6,683,S,1,39534244,og_consensus_gaps5-8-10-12-15_core-gap10_min3_strict-v1
og_consensus_gaps5-8-10-12-15_core-gap10_min3_strict-v1:A0AVK6:681-686,A0AVK6,686,T,1,39534244,og_consensus_gaps5-8-10-12-15_core-gap10_min3_strict-v1
og_consensus_gaps5-8-10-12-15_core-gap10_min3_strict-v1:A3KN83:108-138,A3KN83,108,T,3,35254053;35513511;39531497,og_consensus_gaps5-8-10-12-15_core-gap10_min3_strict-v1
og_consensus_gaps5-8-10-12-15_core-gap10_min3_strict-v1:A3KN83:108-138,A3KN83,112,T,10,20068230;29237092;30620550;31492838;32574038;35254053;35289036;35513511;37541260;39531497,og_consensus_gaps5-8-10-12-15_core-gap10_min3_strict-v1
og_consensus_gaps5-8-10-12-15_core-gap10_min3_strict-v1:A3KN83:108-138,A3KN83,113,T,8,29237092;31492838;32574038;35254053;35289036;35513511;37541260;39531497,og_consensus_gaps5-8-10-12-15_core-gap10_min3_strict-v1
og_consensus_gaps5-8-10-12-15_core-gap10_min3_strict-v1:A3KN83:108-138,A3KN83,117,T,2,35254053;39531497,og_consensus_gaps5-8-10-12-15_core-gap10_min3_strict-v1
og_consensus_gaps5-8-10-12-15_core-gap10_min3_strict-v1:A3KN83:108-138,A3KN83,119,T,1,39531497,og_consensus_gaps5-8-10-12-15_core-gap10_min3_strict-v1
og_consensus_gaps5-8-10-12-15_core-gap10_min3_strict-v1:A3KN83:108-138,A3KN83,126,T,15,28657654;29351928;30059200;31492838;32574038;32938750;35132862;35254053;35289036;35513511;37541260;38838015;39302247;39531497;39534244,og_consensus_gaps5-8-10-12-15_core-gap10_min3_strict-v1
og_consensus_gaps5-8-10-12-15_core-gap10_min3_strict-v1:A3KN83:108-138,A3KN83,127,T,3,32938750;35289036;37541260,og_consensus_gaps5-8-10-12-15_core-gap10_min3_strict-v1
og_consensus_gaps5-8-10-12-15_core-gap10_min3_strict-v1:A3KN83:108-138,A3KN83,129,S,3,32574038;35254053;37541260,og_consensus_gaps5-8-10-12-15_core-gap10_min3_strict-v1
og_consensus_gaps5-8-10-12-15_core-gap10_min3_strict-v1:A3KN83:108-138,A3KN83,130,T,10,29351928;31492838;32574038;32938750;35254053;35705054;37541260;39302247;39531497;39534244,og_consensus_gaps5-8-10-12-15_core-gap10_min3_strict-v1
og_consensus_gaps5-8-10-12-15_core-gap10_min3_strict-v1:A3KN83:108-138,A3KN83,133,S,2,35289036;39534244,og_consensus_gaps5-8-10-12-15_core-gap10_min3_strict-v1
og_consensus_gaps5-8-10-12-15_core-gap10_min3_strict-v1:A3KN83:108-138,A3KN83,135,S,3,35132862;35289036;39534244,og_consensus_gaps5-8-10-12-15_core-gap10_min3_strict-v1
og_consensus_gaps5-8-10-12-15_core-gap10_min3_strict-v1:A3KN83:108-138,A3KN83,138,T,2,37541260;39534244,og_consensus_gaps5-8-10-12-15_core-gap10_min3_strict-v1
og_consensus_gaps5-8-10-12-15_core-gap10_min3_strict-v1:A5YKK6:1037-1061,A5YKK6,1037,S,6,32938750;35254053;37541260;39302247;39531497;39534244,og_consensus_gaps5-8-10-12-15_core-gap10_min3_strict-v1
og_consensus_gaps5-8-10-12-15_core-gap10_min3_strict-v1:A5YKK6:1037-1061,A5YKK6,1038,T,8,30059200;32938750;35132862;35254053;37541260;39302247;39531497;39534244,og_consensus_gaps5-8-10-12-15_core-gap10_min3_strict-v1
og_consensus_gaps5-8-10-12-15_core-gap10_min3_strict-v1:A5YKK6:1037-1061,A5YKK6,1041,T,7,30059200;32938750;35132862;35254053;39302247;39531497;39534244,og_consensus_gaps5-8-10-12-15_core-gap10_min3_strict-v1
og_consensus_gaps5-8-10-12-15_core-gap10_min3_strict-v1:A5YKK6:1037-1061,A5YKK6,1042,T,6,30059200;32938750;35254053;37541260;39302247;39531497,og_consensus_gaps5-8-10-12-15_core-gap10_min3_strict-v1
og_consensus_gaps5-8-10-12-15_core-gap10_min3_strict-v1:A5YKK6:1037-1061,A5YKK6,1043,S,6,30059200;32938750;35254053;37541260;39302247;39531497,og_consensus_gaps5-8-10-12-15_core-gap10_min3_strict-v1
og_consensus_gaps5-8-10-12-15_core-gap10_min3_strict-v1:A5YKK6:1037-1061,A5YKK6,1044,T,1,31492838,og_consensus_gaps5-8-10-12-15_core-gap10_min3_strict-v1
og_consensus_gaps5-8-10-12-15_core-gap10_min3_strict-v1:A5YKK6:1037-1061,A5YKK6,1045,T,1,36240223,og_consensus_gaps5-8-10-12-15_core-gap10_min3_strict-v1
og_consensus_gaps5-8-10-12-15_core-gap10_min3_strict-v1:A5YKK6:1037-1061,A5YKK6,1046,T,2,35132862;36240223,og_consensus_gaps5-8-10-12-15_core-gap10_min3_strict-v1
og_consensus_gaps5-8-10-12-15_core-gap10_min3_strict-v1:A5YKK6:1037-1061,A5YKK6,1047,T,4,32938750;35132862;35254053;36240223,og_consensus_gaps5-8-10-12-15_core-gap10_min3_strict-v1
og_consensus_gaps5-8-10-12-15_core-gap10_min3_strict-v1:A5YKK6:1037-1061,A5YKK6,1051,T,11,29351928;30059200;31492838;32574038;32938750;34846842;35254053;35513511;37541260;38838015;39531497,og_consensus_gaps5-8-10-12-15_core-gap10_min3_strict-v1
og_consensus_gaps5-8-10-12-15_core-gap10_min3_strict-v1:A5YKK6:1037-1061,A5YKK6,1053,T,2,32574038;39302247,og_consensus_gaps5-8-10-12-15_core-gap10_min3_strict-v1
og_consensus_gaps5-8-10-12-15_core-gap10_min3_strict-v1:A5YKK6:1037-1061,A5YKK6,1055,T,4,32574038;35254053;39302247;39534244,og_consensus_gaps5-8-10-12-15_core-gap10_min3_strict-v1
og_consensus_gaps5-8-10-12-15_core-gap10_min3_strict-v1:A5YKK6:1037-1061,A5YKK6,1058,T,1,39534244,og_consensus_gaps5-8-10-12-15_core-gap10_min3_strict-v1
og_consensus_gaps5-8-10-12-15_core-gap10_min3_strict-v1:A5YKK6:1037-1061,A5YKK6,1061,S,1,39534244,og_consensus_gaps5-8-10-12-15_core-gap10_min3_strict-v1
og_consensus_gaps5-8-10-12-15_core-gap10_min3_strict-v1:A6NF01:272-281,A6NF01,272,T,1,35254053,og_consensus_gaps5-8-10-12-15_core-gap10_min3_strict-v1
og_consensus_gaps5-8-10-12-15_core-gap10_min3_strict-v1:A6NF01:272-281,A6NF01,277,T,1,35254053,og_consensus_gaps5-8-10-12-15_core-gap10_min3_strict-v1
og_consensus_gaps5-8-10-12-15_core-gap10_min3_strict-v1:A6NF01:272-281,A6NF01,278,S,1,35254053,og_consensus_gaps5-8-10-12-15_core-gap10_min3_strict-v1
og_consensus_gaps5-8-10-12-15_core-gap10_min3_strict-v1:A6NF01:272-281,A6NF01,281,S,1,35254053,og_consensus_gaps5-8-10-12-15_core-gap10_min3_strict-v1
og_consensus_gaps5-8-10-12-15_core-gap10_min3_strict-v1:A8CG34:536-546,A8CG34,536,S,1,39531497,og_consensus_gaps5-8-10-12-15_core-gap10_min3_strict-v1
og_consensus_gaps5-8-10-12-15_core-gap10_min3_strict-v1:A8CG34:536-546,A8CG34,538,S,1,39531497,og_consensus_gaps5-8-10-12-15_core-gap10_min3_strict-v1
og_consensus_gaps5-8-10-12-15_core-gap10_min3_strict-v1:A8CG34:536-546,A8CG34,540,T,1,39531497,og_consensus_gaps5-8-10-12-15_core-gap10_min3_strict-v1
og_consensus_gaps5-8-10-12-15_core-gap10_min3_strict-v1:A8CG34:536-546,A8CG34,542,T,2,32938750;39531497,og_consensus_gaps5-8-10-12-15_core-gap10_min3_strict-v1
og_consensus_gaps5-8-10-12-15_core-gap10_min3_strict-v1:A8CG34:536-546,A8CG34,546,T,2,39302247;39531497,og_consensus_gaps5-8-10-12-15_core-gap10_min3_strict-v1
og_consensus_gaps5-8-10-12-15_core-gap10_min3_strict-v1:A8CG34:658-674,A8CG34,658,T,7,27114449;30379171;34105348;35254053;35705054;38838015;39531497,og_consensus_gaps5-8-10-12-15_core-gap10_min3_strict-v1
og_consensus_gaps5-8-10-12-15_core-gap10_min3_strict-v1:A8CG34:658-674,A8CG34,663,T,4,34105348;35254053;35705054;39531497,og_consensus_gaps5-8-10-12-15_core-gap10_min3_strict-v1
og_consensus_gaps5-8-10-12-15_core-gap10_min3_strict-v1:A8CG34:658-674,A8CG34,665,T,8,30379171;32574038;32938750;34105348;35132862;35254053;35705054;39531497,og_consensus_gaps5-8-10-12-15_core-gap10_min3_strict-v1
og_consensus_gaps5-8-10-12-15_core-gap10_min3_strict-v1:A8CG34:658-674,A8CG34,670,T,13,21740066;29237092;29351928;30059200;30620550;31492838;32938750;35132862;35254053;35513511;38838015;39302247;39531497,og_consensus_gaps5-8-10-12-15_core-gap10_min3_strict-v1
og_consensus_gaps5-8-10-12-15_core-gap10_min3_strict-v1:A8CG34:658-674,A8CG34,671,S,10,21740066;29237092;29351928;30059200;31492838;32938750;35254053;37541260;39302247;39531497,og_consensus_gaps5-8-10-12-15_core-gap10_min3_strict-v1
og_consensus_gaps5-8-10-12-15_core-gap10_min3_strict-v1:A8CG34:658-674,A8CG34,674,S,2,21740066;35254053,og_consensus_gaps5-8-10-12-15_core-gap10_min3_strict-v1
og_consensus_gaps5-8-10-12-15_core-gap10_min3_strict-v1:A8CG34:685-692,A8CG34,685,T,1,39531497,og_consensus_gaps5-8-10-12-15_core-gap10_min3_strict-v1
og_consensus_gaps5-8-10-12-15_core-gap10_min3_strict-v1:A8CG34:685-692,A8CG34,689,S,1,39531497,og_consensus_gaps5-8-10-12-15_core-gap10_min3_strict-v1
og_consensus_gaps5-8-10-12-15_core-gap10_min3_strict-v1:A8CG34:685-692,A8CG34,691,S,2,39531497;39534244,og_consensus_gaps5-8-10-12-15_core-gap10_min3_strict-v1
og_consensus_gaps5-8-10-12-15_core-gap10_min3_strict-v1:A8CG34:685-692,A8CG34,692,S,2,35254053;39534244,og_consensus_gaps5-8-10-12-15_core-gap10_min3_strict-v1
og_consensus_gaps5-8-10-12-15_core-gap10_min3_strict-v1:A8CG34:779-781,A8CG34,779,T,1,39531497,og_consensus_gaps5-8-10-12-15_core-gap10_min3_strict-v1
og_consensus_gaps5-8-10-12-15_core-gap10_min3_strict-v1:A8CG34:779-781,A8CG34,780,T,1,39531497,og_consensus_gaps5-8-10-12-15_core-gap10_min3_strict-v1
og_consensus_gaps5-8-10-12-15_core-gap10_min3_strict-v1:A8CG34:779-781,A8CG34,781,T,1,39531497,og_consensus_gaps5-8-10-12-15_core-gap10_min3_strict-v1
og_consensus_gaps5-8-10-12-15_core-gap10_min3_strict-v1:A8CG34:869-875,A8CG34,869,T,1,39531497,og_consensus_gaps5-8-10-12-15_core-gap10_min3_strict-v1
og_consensus_gaps5-8-10-12-15_core-gap10_min3_strict-v1:A8CG34:869-875,A8CG34,870,T,1,39531497,og_consensus_gaps5-8-10-12-15_core-gap10_min3_strict-v1
og_consensus_gaps5-8-10-12-15_core-gap10_min3_strict-v1:A8CG34:869-875,A8CG34,871,T,1,39531497,og_consensus_gaps5-8-10-12-15_core-gap10_min3_strict-v1
og_consensus_gaps5-8-10-12-15_core-gap10_min3_strict-v1:A8CG34:869-875,A8CG34,874,T,1,39531497,og_consensus_gaps5-8-10-12-15_core-gap10_min3_strict-v1
og_consensus_gaps5-8-10-12-15_core-gap10_min3_strict-v1:A8CG34:869-875,A8CG34,875,T,1,39531497,og_consensus_gaps5-8-10-12-15_core-gap10_min3_strict-v1
og_consensus_gaps5-8-10-12-15_core-gap10_min3_strict-v1:A8CG34:904-910,A8CG34,904,T,1,39531497,og_consensus_gaps5-8-10-12-15_core-gap10_min3_strict-v1
og_consensus_gaps5-8-10-12-15_core-gap10_min3_strict-v1:A8CG34:904-910,A8CG34,905,S,1,39531497,og_consensus_gaps5-8-10-12-15_core-gap10_min3_strict-v1
og_consensus_gaps5-8-10-12-15_core-gap10_min3_strict-v1:A8CG34:904-910,A8CG34,910,S,1,39531497,og_consensus_gaps5-8-10-12-15_core-gap10_min3_strict-v1
og_consensus_gaps5-8-10-12-15_core-gap10_min3_strict-v1:O00151:123-134,O00151,123,S,4,32574038;35254053;35513511;39531497,og_consensus_gaps5-8-10-12-15_core-gap10_min3_strict-v1
og_consensus_gaps5-8-10-12-15_core-gap10_min3_strict-v1:O00151:123-134,O00151,128,T,7,30059200;31492838;35132862;35254053;35513511;35705054;39531497,og_consensus_gaps5-8-10-12-15_core-gap10_min3_strict-v1
og_consensus_gaps5-8-10-12-15_core-gap10_min3_strict-v1:O00151:123-134,O00151,130,S,1,35132862,og_consensus_gaps5-8-10-12-15_core-gap10_min3_strict-v1
og_consensus_gaps5-8-10-12-15_core-gap10_min3_strict-v1:O00151:123-134,O00151,133,S,1,35705054,og_consensus_gaps5-8-10-12-15_core-gap10_min3_strict-v1
og_consensus_gaps5-8-10-12-15_core-gap10_min3_strict-v1:O00151:123-134,O00151,134,S,2,35513511;39531497,og_consensus_gaps5-8-10-12-15_core-gap10_min3_strict-v1
og_consensus_gaps5-8-10-12-15_core-gap10_min3_strict-v1:O00268:409-413,O00268,409,T,4,28657654;31492838;32574038;35254053,og_consensus_gaps5-8-10-12-15_core-gap10_min3_strict-v1
og_consensus_gaps5-8-10-12-15_core-gap10_min3_strict-v1:O00268:409-413,O00268,411,S,3,34846842;35132862;35289036,og_consensus_gaps5-8-10-12-15_core-gap10_min3_strict-v1
og_consensus_gaps5-8-10-12-15_core-gap10_min3_strict-v1:O00268:409-413,O00268,413,S,1,31492838,og_consensus_gaps5-8-10-12-15_core-gap10_min3_strict-v1
og_consensus_gaps5-8-10-12-15_core-gap10_min3_strict-v1:O00268:528-543,O00268,528,S,16,20068230;23301498;29237092;29351928;30059200;31492838;32938750;34846842;35254053;35289036;35513511;35705054;37541260;38838015;39531497;39534244,og_consensus_gaps5-8-10-12-15_core-gap10_min3_strict-v1
og_consensus_gaps5-8-10-12-15_core-gap10_min3_strict-v1:O00268:528-543,O00268,532,T,3,32574038;35132862;35705054,og_consensus_gaps5-8-10-12-15_core-gap10_min3_strict-v1
og_consensus_gaps5-8-10-12-15_core-gap10_min3_strict-v1:O00268:528-543,O00268,533,T,4,32574038;34846842;35132862;35289036,og_consensus_gaps5-8-10-12-15_core-gap10_min3_strict-v1
og_consensus_gaps5-8-10-12-15_core-gap10_min3_strict-v1:O00268:528-543,O00268,537,S,4,32574038;34846842;35132862;35289036,og_consensus_gaps5-8-10-12-15_core-gap10_min3_strict-v1
og_consensus_gaps5-8-10-12-15_core-gap10_min3_strict-v1:O00268:528-543,O00268,539,T,2,32574038;34846842,og_consensus_gaps5-8-10-12-15_core-gap10_min3_strict-v1
og_consensus_gaps5-8-10-12-15_core-gap10_min3_strict-v1:O00268:528-543,O00268,543,S,1,35254053,og_consensus_gaps5-8-10-12-15_core-gap10_min3_strict-v1
og_consensus_gaps5-8-10-12-15_core-gap10_min3_strict-v1:O00268:687-691,O00268,687,S,1,35705054,og_consensus_gaps5-8-10-12-15_core-gap10_min3_strict-v1
og_consensus_gaps5-8-10-12-15_core-gap10_min3_strict-v1:O00268:687-691,O00268,690,T,1,39531497,og_consensus_gaps5-8-10-12-15_core-gap10_min3_strict-v1
og_consensus_gaps5-8-10-12-15_core-gap10_min3_strict-v1:O00268:687-691,O00268,691,T,2,35705054;39531497,og_consensus_gaps5-8-10-12-15_core-gap10_min3_strict-v1
og_consensus_gaps5-8-10-12-15_core-gap10_min3_strict-v1:O00566:418-422,O00566,418,T,1,30379171,og_consensus_gaps5-8-10-12-15_core-gap10_min3_strict-v1
og_consensus_gaps5-8-10-12-15_core-gap10_min3_strict-v1:O00566:418-422,O00566,421,T,1,30379171,og_consensus_gaps5-8-10-12-15_core-gap10_min3_strict-v1
og_consensus_gaps5-8-10-12-15_core-gap10_min3_strict-v1:O00566:418-422,O00566,422,T,1,30379171,og_consensus_gaps5-8-10-12-15_core-gap10_min3_strict-v1
og_consensus_gaps5-8-10-12-15_core-gap10_min3_strict-v1:O00712:325-333,O00712,325,S,2,31492838;35254053,og_consensus_gaps5-8-10-12-15_core-gap10_min3_strict-v1
og_consensus_gaps5-8-10-12-15_core-gap10_min3_strict-v1:O00712:325-333,O00712,326,S,2,35254053;35289036,og_consensus_gaps5-8-10-12-15_core-gap10_min3_strict-v1
og_consensus_gaps5-8-10-12-15_core-gap10_min3_strict-v1:O00712:325-333,O00712,328,S,1,35289036,og_consensus_gaps5-8-10-12-15_core-gap10_min3_strict-v1
og_consensus_gaps5-8-10-12-15_core-gap10_min3_strict-v1:O00712:325-333,O00712,333,S,1,35289036,og_consensus_gaps5-8-10-12-15_core-gap10_min3_strict-v1
og_consensus_gaps5-8-10-12-15_core-gap10_min3_strict-v1:O14497:249-265,O14497,249,S,2,35705054;39531497,og_consensus_gaps5-8-10-12-15_core-gap10_min3_strict-v1
og_consensus_gaps5-8-10-12-15_core-gap10_min3_strict-v1:O14497:249-265,O14497,254,S,3,29351928;35705054;39531497,og_consensus_gaps5-8-10-12-15_core-gap10_min3_strict-v1
og_consensus_gaps5-8-10-12-15_core-gap10_min3_strict-v1:O14497:249-265,O14497,255,S,6,29351928;30059200;35254053;35513511;37541260;39531497,og_consensus_gaps5-8-10-12-15_core-gap10_min3_strict-v1
og_consensus_gaps5-8-10-12-15_core-gap10_min3_strict-v1:O14497:249-265,O14497,256,S,6,29351928;30059200;35254053;35513511;37541260;39531497,og_consensus_gaps5-8-10-12-15_core-gap10_min3_strict-v1
og_consensus_gaps5-8-10-12-15_core-gap10_min3_strict-v1:O14497:249-265,O14497,258,S,1,29351928,og_consensus_gaps5-8-10-12-15_core-gap10_min3_strict-v1
og_consensus_gaps5-8-10-12-15_core-gap10_min3_strict-v1:O14497:249-265,O14497,260,S,1,39531497,og_consensus_gaps5-8-10-12-15_core-gap10_min3_strict-v1
og_consensus_gaps5-8-10-12-15_core-gap10_min3_strict-v1:O14497:249-265,O14497,262,S,1,39531497,og_consensus_gaps5-8-10-12-15_core-gap10_min3_strict-v1
og_consensus_gaps5-8-10-12-15_core-gap10_min3_strict-v1:O14497:249-265,O14497,264,S,1,35132862,og_consensus_gaps5-8-10-12-15_core-gap10_min3_strict-v1
og_consensus_gaps5-8-10-12-15_core-gap10_min3_strict-v1:O14497:249-265,O14497,265,S,1,39531497,og_consensus_gaps5-8-10-12-15_core-gap10_min3_strict-v1
og_consensus_gaps5-8-10-12-15_core-gap10_min3_strict-v1:O14519:21-33,O14519,21,S,2,39531497;39534244,og_consensus_gaps5-8-10-12-15_core-gap10_min3_strict-v1
og_consensus_gaps5-8-10-12-15_core-gap10_min3_strict-v1:O14519:21-33,O14519,26,S,1,39534244,og_consensus_gaps5-8-10-12-15_core-gap10_min3_strict-v1
og_consensus_gaps5-8-10-12-15_core-gap10_min3_strict-v1:O14519:21-33,O14519,27,T,1,39534244,og_consensus_gaps5-8-10-12-15_core-gap10_min3_strict-v1
og_consensus_gaps5-8-10-12-15_core-gap10_min3_strict-v1:O14519:21-33,O14519,28,S,1,35513511,og_consensus_gaps5-8-10-12-15_core-gap10_min3_strict-v1
og_consensus_gaps5-8-10-12-15_core-gap10_min3_strict-v1:O14519:21-33,O14519,31,T,1,35289036,og_consensus_gaps5-8-10-12-15_core-gap10_min3_strict-v1
og_consensus_gaps5-8-10-12-15_core-gap10_min3_strict-v1:O14519:21-33,O14519,33,S,1,39534244,og_consensus_gaps5-8-10-12-15_core-gap10_min3_strict-v1
og_consensus_gaps5-8-10-12-15_core-gap10_min3_strict-v1:O14639:450-452,O14639,450,S,7,29237092;30059200;30620550;34846842;35254053;35289036;35513511,og_consensus_gaps5-8-10-12-15_core-gap10_min3_strict-v1
og_consensus_gaps5-8-10-12-15_core-gap10_min3_strict-v1:O14639:450-452,O14639,451,T,2,30059200;35254053,og_consensus_gaps5-8-10-12-15_core-gap10_min3_strict-v1
og_consensus_gaps5-8-10-12-15_core-gap10_min3_strict-v1:O14639:450-452,O14639,452,S,8,20068230;28657654;29351928;30059200;31492838;34846842;35254053;39534244,og_consensus_gaps5-8-10-12-15_core-gap10_min3_strict-v1
og_consensus_gaps5-8-10-12-15_core-gap10_min3_strict-v1:O14964:299-314,O14964,299,S,5,32938750;35254053;35513511;38838015;39531497,og_consensus_gaps5-8-10-12-15_core-gap10_min3_strict-v1
og_consensus_gaps5-8-10-12-15_core-gap10_min3_strict-v1:O14964:299-314,O14964,300,S,2,32938750;35254053,og_consensus_gaps5-8-10-12-15_core-gap10_min3_strict-v1
og_consensus_gaps5-8-10-12-15_core-gap10_min3_strict-v1:O14964:299-314,O14964,305,S,1,30379171,og_consensus_gaps5-8-10-12-15_core-gap10_min3_strict-v1
og_consensus_gaps5-8-10-12-15_core-gap10_min3_strict-v1:O14964:299-314,O14964,306,S,2,30379171;39531497,og_consensus_gaps5-8-10-12-15_core-gap10_min3_strict-v1
og_consensus_gaps5-8-10-12-15_core-gap10_min3_strict-v1:O14964:299-314,O14964,309,S,2,30379171;39534244,og_consensus_gaps5-8-10-12-15_core-gap10_min3_strict-v1
og_consensus_gaps5-8-10-12-15_core-gap10_min3_strict-v1:O14964:299-314,O14964,310,S,2,30379171;39531497,og_consensus_gaps5-8-10-12-15_core-gap10_min3_strict-v1
og_consensus_gaps5-8-10-12-15_core-gap10_min3_strict-v1:O14964:299-314,O14964,314,S,1,39531497,og_consensus_gaps5-8-10-12-15_core-gap10_min3_strict-v1
og_consensus_gaps5-8-10-12-15_core-gap10_min3_strict-v1:O14974:379-401,O14974,379,S,1,29351928,og_consensus_gaps5-8-10-12-15_core-gap10_min3_strict-v1
og_consensus_gaps5-8-10-12-15_core-gap10_min3_strict-v1:O14974:379-401,O14974,381,T,6,28657654;32938750;35254053;36240223;39302247;39531497,og_consensus_gaps5-8-10-12-15_core-gap10_min3_strict-v1
og_consensus_gaps5-8-10-12-15_core-gap10_min3_strict-v1:O14974:379-401,O14974,385,T,1,39534244,og_consensus_gaps5-8-10-12-15_core-gap10_min3_strict-v1
og_consensus_gaps5-8-10-12-15_core-gap10_min3_strict-v1:O14974:379-401,O14974,387,S,1,35289036,og_consensus_gaps5-8-10-12-15_core-gap10_min3_strict-v1
og_consensus_gaps5-8-10-12-15_core-gap10_min3_strict-v1:O14974:379-401,O14974,388,T,3,35254053;39302247;39531497,og_consensus_gaps5-8-10-12-15_core-gap10_min3_strict-v1
og_consensus_gaps5-8-10-12-15_core-gap10_min3_strict-v1:O14974:379-401,O14974,396,T,4,32574038;35254053;39531497;39534244,og_consensus_gaps5-8-10-12-15_core-gap10_min3_strict-v1
og_consensus_gaps5-8-10-12-15_core-gap10_min3_strict-v1:O14974:379-401,O14974,397,T,1,39534244,og_consensus_gaps5-8-10-12-15_core-gap10_min3_strict-v1
og_consensus_gaps5-8-10-12-15_core-gap10_min3_strict-v1:O14974:379-401,O14974,399,T,1,32574038,og_consensus_gaps5-8-10-12-15_core-gap10_min3_strict-v1
og_consensus_gaps5-8-10-12-15_core-gap10_min3_strict-v1:O14974:379-401,O14974,401,S,1,35289036,og_consensus_gaps5-8-10-12-15_core-gap10_min3_strict-v1
og_consensus_gaps5-8-10-12-15_core-gap10_min3_strict-v1:O14974:564-601,O14974,564,S,7,29351928;31492838;32938750;34846842;35254053;37541260;39531497,og_consensus_gaps5-8-10-12-15_core-gap10_min3_strict-v1
og_consensus_gaps5-8-10-12-15_core-gap10_min3_strict-v1:O14974:564-601,O14974,565,S,6,29351928;34846842;35254053;35289036;37541260;39531497,og_consensus_gaps5-8-10-12-15_core-gap10_min3_strict-v1
og_consensus_gaps5-8-10-12-15_core-gap10_min3_strict-v1:O14974:564-601,O14974,566,S,8,29351928;32938750;34846842;35254053;35289036;37541260;39302247;39531497,og_consensus_gaps5-8-10-12-15_core-gap10_min3_strict-v1
og_consensus_gaps5-8-10-12-15_core-gap10_min3_strict-v1:O14974:564-601,O14974,569,S,3,34846842;35254053;35705054,og_consensus_gaps5-8-10-12-15_core-gap10_min3_strict-v1
og_consensus_gaps5-8-10-12-15_core-gap10_min3_strict-v1:O14974:564-601,O14974,570,T,7,29351928;32938750;35254053;35289036;37541260;39302247;39531497,og_consensus_gaps5-8-10-12-15_core-gap10_min3_strict-v1
og_consensus_gaps5-8-10-12-15_core-gap10_min3_strict-v1:O14974:564-601,O14974,571,T,8,29351928;31492838;32938750;35132862;35254053;35289036;37541260;39531497,og_consensus_gaps5-8-10-12-15_core-gap10_min3_strict-v1
og_consensus_gaps5-8-10-12-15_core-gap10_min3_strict-v1:O14974:564-601,O14974,572,S,3,34846842;35132862;35289036,og_consensus_gaps5-8-10-12-15_core-gap10_min3_strict-v1
og_consensus_gaps5-8-10-12-15_core-gap10_min3_strict-v1:O14974:564-601,O14974,573,T,3,32938750;35132862;35254053,og_consensus_gaps5-8-10-12-15_core-gap10_min3_strict-v1
og_consensus_gaps5-8-10-12-15_core-gap10_min3_strict-v1:O14974:564-601,O14974,577,T,9,30059200;30620550;31637018;32295844;32938750;35132862;35254053;37541260;39531497,og_consensus_gaps5-8-10-12-15_core-gap10_min3_strict-v1
og_consensus_gaps5-8-10-12-15_core-gap10_min3_strict-v1:O14974:564-601,O14974,578,S,6,31637018;32938750;34846842;35254053;35289036;37541260,og_consensus_gaps5-8-10-12-15_core-gap10_min3_strict-v1
og_consensus_gaps5-8-10-12-15_core-gap10_min3_strict-v1:O14974:564-601,O14974,585,S,13,28657654;29237092;30059200;31373491;31492838;32295844;32574038;34846842;35254053;35289036;35513511;37541260;39534244,og_consensus_gaps5-8-10-12-15_core-gap10_min3_strict-v1
og_consensus_gaps5-8-10-12-15_core-gap10_min3_strict-v1:O14974:564-601,O14974,588,S,1,35254053,og_consensus_gaps5-8-10-12-15_core-gap10_min3_strict-v1
og_consensus_gaps5-8-10-12-15_core-gap10_min3_strict-v1:O14974:564-601,O14974,589,S,3,30059200;32295844;35254053,og_consensus_gaps5-8-10-12-15_core-gap10_min3_strict-v1
og_consensus_gaps5-8-10-12-15_core-gap10_min3_strict-v1:O14974:564-601,O14974,590,T,3,28657654;31492838;35254053,og_consensus_gaps5-8-10-12-15_core-gap10_min3_strict-v1
og_consensus_gaps5-8-10-12-15_core-gap10_min3_strict-v1:O14974:564-601,O14974,594,T,2,28657654;35254053,og_consensus_gaps5-8-10-12-15_core-gap10_min3_strict-v1
og_consensus_gaps5-8-10-12-15_core-gap10_min3_strict-v1:O14974:564-601,O14974,597,T,3,35254053;35513511;37541260,og_consensus_gaps5-8-10-12-15_core-gap10_min3_strict-v1
og_consensus_gaps5-8-10-12-15_core-gap10_min3_strict-v1:O14974:564-601,O14974,601,S,3,30059200;31492838;32295844,og_consensus_gaps5-8-10-12-15_core-gap10_min3_strict-v1
og_consensus_gaps5-8-10-12-15_core-gap10_min3_strict-v1:O14974:773-794,O14974,773,S,3,29351928;39531497;39534244,og_consensus_gaps5-8-10-12-15_core-gap10_min3_strict-v1
og_consensus_gaps5-8-10-12-15_core-gap10_min3_strict-v1:O14974:773-794,O14974,774,T,3,29351928;39531497;39534244,og_consensus_gaps5-8-10-12-15_core-gap10_min3_strict-v1
og_consensus_gaps5-8-10-12-15_core-gap10_min3_strict-v1:O14974:773-794,O14974,775,S,3,29351928;39531497;39534244,og_consensus_gaps5-8-10-12-15_core-gap10_min3_strict-v1
og_consensus_gaps5-8-10-12-15_core-gap10_min3_strict-v1:O14974:773-794,O14974,776,S,3,29351928;39531497;39534244,og_consensus_gaps5-8-10-12-15_core-gap10_min3_strict-v1
og_consensus_gaps5-8-10-12-15_core-gap10_min3_strict-v1:O14974:773-794,O14974,777,S,1,39534244,og_consensus_gaps5-8-10-12-15_core-gap10_min3_strict-v1
og_consensus_gaps5-8-10-12-15_core-gap10_min3_strict-v1:O14974:773-794,O14974,778,T,2,39531497;39534244,og_consensus_gaps5-8-10-12-15_core-gap10_min3_strict-v1
og_consensus_gaps5-8-10-12-15_core-gap10_min3_strict-v1:O14974:773-794,O14974,779,T,2,39531497;39534244,og_consensus_gaps5-8-10-12-15_core-gap10_min3_strict-v1
og_consensus_gaps5-8-10-12-15_core-gap10_min3_strict-v1:O14974:773-794,O14974,781,S,2,39531497;39534244,og_consensus_gaps5-8-10-12-15_core-gap10_min3_strict-v1
og_consensus_gaps5-8-10-12-15_core-gap10_min3_strict-v1:O14974:773-794,O14974,782,S,1,39531497,og_consensus_gaps5-8-10-12-15_core-gap10_min3_strict-v1
og_consensus_gaps5-8-10-12-15_core-gap10_min3_strict-v1:O14974:773-794,O14974,783,S,1,39531497,og_consensus_gaps5-8-10-12-15_core-gap10_min3_strict-v1
og_consensus_gaps5-8-10-12-15_core-gap10_min3_strict-v1:O14974:773-794,O14974,785,S,2,39531497;39534244,og_consensus_gaps5-8-10-12-15_core-gap10_min3_strict-v1
og_consensus_gaps5-8-10-12-15_core-gap10_min3_strict-v1:O14974:773-794,O14974,786,T,2,39531497;39534244,og_consensus_gaps5-8-10-12-15_core-gap10_min3_strict-v1
og_consensus_gaps5-8-10-12-15_core-gap10_min3_strict-v1:O14974:773-794,O14974,789,S,1,39534244,og_consensus_gaps5-8-10-12-15_core-gap10_min3_strict-v1
og_consensus_gaps5-8-10-12-15_core-gap10_min3_strict-v1:O14974:773-794,O14974,794,S,1,39534244,og_consensus_gaps5-8-10-12-15_core-gap10_min3_strict-v1
og_consensus_gaps5-8-10-12-15_core-gap10_min3_strict-v1:O15014:1186-1199,O15014,1186,S,1,39531497,og_consensus_gaps5-8-10-12-15_core-gap10_min3_strict-v1
og_consensus_gaps5-8-10-12-15_core-gap10_min3_strict-v1:O15014:1186-1199,O15014,1188,S,1,32574038,og_consensus_gaps5-8-10-12-15_core-gap10_min3_strict-v1
og_consensus_gaps5-8-10-12-15_core-gap10_min3_strict-v1:O15014:1186-1199,O15014,1189,S,1,39531497,og_consensus_gaps5-8-10-12-15_core-gap10_min3_strict-v1
og_consensus_gaps5-8-10-12-15_core-gap10_min3_strict-v1:O15014:1186-1199,O15014,1195,T,3,32574038;35254053;39531497,og_consensus_gaps5-8-10-12-15_core-gap10_min3_strict-v1
og_consensus_gaps5-8-10-12-15_core-gap10_min3_strict-v1:O15014:1186-1199,O15014,1196,S,8,23301498;30059200;30620550;31492838;32574038;35254053;35513511;39531497,og_consensus_gaps5-8-10-12-15_core-gap10_min3_strict-v1
og_consensus_gaps5-8-10-12-15_core-gap10_min3_strict-v1:O15014:1186-1199,O15014,1199,S,2,31492838;35289036,og_consensus_gaps5-8-10-12-15_core-gap10_min3_strict-v1
og_consensus_gaps5-8-10-12-15_core-gap10_min3_strict-v1:O15027:1012-1022,O15027,1012,S,1,34846842,og_consensus_gaps5-8-10-12-15_core-gap10_min3_strict-v1
og_consensus_gaps5-8-10-12-15_core-gap10_min3_strict-v1:O15027:1012-1022,O15027,1014,S,2,39302247;39534244,og_consensus_gaps5-8-10-12-15_core-gap10_min3_strict-v1
og_consensus_gaps5-8-10-12-15_core-gap10_min3_strict-v1:O15027:1012-1022,O15027,1019,S,1,34846842,og_consensus_gaps5-8-10-12-15_core-gap10_min3_strict-v1
og_consensus_gaps5-8-10-12-15_core-gap10_min3_strict-v1:O15027:1012-1022,O15027,1022,S,1,34846842,og_consensus_gaps5-8-10-12-15_core-gap10_min3_strict-v1
og_consensus_gaps5-8-10-12-15_core-gap10_min3_strict-v1:O15047:256-291,O15047,256,T,2,35254053;39531497,og_consensus_gaps5-8-10-12-15_core-gap10_min3_strict-v1
og_consensus_gaps5-8-10-12-15_core-gap10_min3_strict-v1:O15047:256-291,O15047,258,S,1,39531497,og_consensus_gaps5-8-10-12-15_core-gap10_min3_strict-v1
og_consensus_gaps5-8-10-12-15_core-gap10_min3_strict-v1:O15047:256-291,O15047,259,S,1,39531497,og_consensus_gaps5-8-10-12-15_core-gap10_min3_strict-v1
og_consensus_gaps5-8-10-12-15_core-gap10_min3_strict-v1:O15047:256-291,O15047,268,S,1,35705054,og_consensus_gaps5-8-10-12-15_core-gap10_min3_strict-v1
og_consensus_gaps5-8-10-12-15_core-gap10_min3_strict-v1:O15047:256-291,O15047,271,T,1,35254053,og_consensus_gaps5-8-10-12-15_core-gap10_min3_strict-v1
og_consensus_gaps5-8-10-12-15_core-gap10_min3_strict-v1:O15047:256-291,O15047,274,T,3,35132862;35254053;39534244,og_consensus_gaps5-8-10-12-15_core-gap10_min3_strict-v1
og_consensus_gaps5-8-10-12-15_core-gap10_min3_strict-v1:O15047:256-291,O15047,275,S,7,35132862;35254053;35705054;37541260;38838015;39531497;39534244,og_consensus_gaps5-8-10-12-15_core-gap10_min3_strict-v1
og_consensus_gaps5-8-10-12-15_core-gap10_min3_strict-v1:O15047:256-291,O15047,278,S,5,30379171;34846842;35254053;35289036;39531497,og_consensus_gaps5-8-10-12-15_core-gap10_min3_strict-v1
og_consensus_gaps5-8-10-12-15_core-gap10_min3_strict-v1:O15047:256-291,O15047,279,T,3,30379171;35254053;37541260,og_consensus_gaps5-8-10-12-15_core-gap10_min3_strict-v1
og_consensus_gaps5-8-10-12-15_core-gap10_min3_strict-v1:O15047:256-291,O15047,282,S,5,30059200;30379171;35254053;35705054;39531497,og_consensus_gaps5-8-10-12-15_core-gap10_min3_strict-v1
og_consensus_gaps5-8-10-12-15_core-gap10_min3_strict-v1:O15047:256-291,O15047,288,S,4,30059200;35132862;35289036;39534244,og_consensus_gaps5-8-10-12-15_core-gap10_min3_strict-v1
og_consensus_gaps5-8-10-12-15_core-gap10_min3_strict-v1:O15047:256-291,O15047,289,S,1,39534244,og_consensus_gaps5-8-10-12-15_core-gap10_min3_strict-v1
og_consensus_gaps5-8-10-12-15_core-gap10_min3_strict-v1:O15047:256-291,O15047,290,S,2,32574038;39534244,og_consensus_gaps5-8-10-12-15_core-gap10_min3_strict-v1
og_consensus_gaps5-8-10-12-15_core-gap10_min3_strict-v1:O15047:256-291,O15047,291,T,2,32574038;39534244,og_consensus_gaps5-8-10-12-15_core-gap10_min3_strict-v1
og_consensus_gaps5-8-10-12-15_core-gap10_min3_strict-v1:O15164:577-586,O15164,577,T,1,39534244,og_consensus_gaps5-8-10-12-15_core-gap10_min3_strict-v1
og_consensus_gaps5-8-10-12-15_core-gap10_min3_strict-v1:O15164:577-586,O15164,579,S,1,39534244,og_consensus_gaps5-8-10-12-15_core-gap10_min3_strict-v1
og_consensus_gaps5-8-10-12-15_core-gap10_min3_strict-v1:O15164:577-586,O15164,580,T,2,32938750;39534244,og_consensus_gaps5-8-10-12-15_core-gap10_min3_strict-v1
og_consensus_gaps5-8-10-12-15_core-gap10_min3_strict-v1:O15164:577-586,O15164,583,S,1,39534244,og_consensus_gaps5-8-10-12-15_core-gap10_min3_strict-v1
og_consensus_gaps5-8-10-12-15_core-gap10_min3_strict-v1:O15164:577-586,O15164,584,T,1,39534244,og_consensus_gaps5-8-10-12-15_core-gap10_min3_strict-v1
og_consensus_gaps5-8-10-12-15_core-gap10_min3_strict-v1:O15164:577-586,O15164,585,S,1,39534244,og_consensus_gaps5-8-10-12-15_core-gap10_min3_strict-v1
og_consensus_gaps5-8-10-12-15_core-gap10_min3_strict-v1:O15164:577-586,O15164,586,S,1,39534244,og_consensus_gaps5-8-10-12-15_core-gap10_min3_strict-v1
og_consensus_gaps5-8-10-12-15_core-gap10_min3_strict-v1:O15178:2-8,O15178,2,S,1,31637018,og_consensus_gaps5-8-10-12-15_core-gap10_min3_strict-v1
og_consensus_gaps5-8-10-12-15_core-gap10_min3_strict-v1:O15178:2-8,O15178,3,S,1,31637018,og_consensus_gaps5-8-10-12-15_core-gap10_min3_strict-v1
og_consensus_gaps5-8-10-12-15_core-gap10_min3_strict-v1:O15178:2-8,O15178,6,T,1,31637018,og_consensus_gaps5-8-10-12-15_core-gap10_min3_strict-v1
og_consensus_gaps5-8-10-12-15_core-gap10_min3_strict-v1:O15178:2-8,O15178,8,S,1,31637018,og_consensus_gaps5-8-10-12-15_core-gap10_min3_strict-v1
og_consensus_gaps5-8-10-12-15_core-gap10_min3_strict-v1:O15460:261-266,O15460,261,T,3,34846842;35254053;39531497,og_consensus_gaps5-8-10-12-15_core-gap10_min3_strict-v1
og_consensus_gaps5-8-10-12-15_core-gap10_min3_strict-v1:O15460:261-266,O15460,263,T,3,34846842;35254053;39531497,og_consensus_gaps5-8-10-12-15_core-gap10_min3_strict-v1
og_consensus_gaps5-8-10-12-15_core-gap10_min3_strict-v1:O15460:261-266,O15460,266,T,2,37541260;39531497,og_consensus_gaps5-8-10-12-15_core-gap10_min3_strict-v1
og_consensus_gaps5-8-10-12-15_core-gap10_min3_strict-v1:O15511:2-8,O15511,2,S,1,35254053,og_consensus_gaps5-8-10-12-15_core-gap10_min3_strict-v1
og_consensus_gaps5-8-10-12-15_core-gap10_min3_strict-v1:O15511:2-8,O15511,5,T,2,35254053;37541260,og_consensus_gaps5-8-10-12-15_core-gap10_min3_strict-v1
og_consensus_gaps5-8-10-12-15_core-gap10_min3_strict-v1:O15511:2-8,O15511,7,S,1,30379171,og_consensus_gaps5-8-10-12-15_core-gap10_min3_strict-v1
og_consensus_gaps5-8-10-12-15_core-gap10_min3_strict-v1:O15511:2-8,O15511,8,S,1,30379171,og_consensus_gaps5-8-10-12-15_core-gap10_min3_strict-v1
og_consensus_gaps5-8-10-12-15_core-gap10_min3_strict-v1:O15550:622-626,O15550,622,T,1,34846842,og_consensus_gaps5-8-10-12-15_core-gap10_min3_strict-v1
og_consensus_gaps5-8-10-12-15_core-gap10_min3_strict-v1:O15550:622-626,O15550,625,T,3,35254053;37541260;39531497,og_consensus_gaps5-8-10-12-15_core-gap10_min3_strict-v1
og_consensus_gaps5-8-10-12-15_core-gap10_min3_strict-v1:O15550:622-626,O15550,626,S,2,30059200;30620550,og_consensus_gaps5-8-10-12-15_core-gap10_min3_strict-v1
og_consensus_gaps5-8-10-12-15_core-gap10_min3_strict-v1:O43312:545-547,O43312,545,S,1,30379171,og_consensus_gaps5-8-10-12-15_core-gap10_min3_strict-v1
og_consensus_gaps5-8-10-12-15_core-gap10_min3_strict-v1:O43312:545-547,O43312,546,S,1,30379171,og_consensus_gaps5-8-10-12-15_core-gap10_min3_strict-v1
og_consensus_gaps5-8-10-12-15_core-gap10_min3_strict-v1:O43312:545-547,O43312,547,T,1,30379171,og_consensus_gaps5-8-10-12-15_core-gap10_min3_strict-v1
og_consensus_gaps5-8-10-12-15_core-gap10_min3_strict-v1:O43379:46-50,O43379,46,T,1,30379171,og_consensus_gaps5-8-10-12-15_core-gap10_min3_strict-v1
og_consensus_gaps5-8-10-12-15_core-gap10_min3_strict-v1:O43379:46-50,O43379,49,S,1,30379171,og_consensus_gaps5-8-10-12-15_core-gap10_min3_strict-v1
og_consensus_gaps5-8-10-12-15_core-gap10_min3_strict-v1:O43379:46-50,O43379,50,T,1,30379171,og_consensus_gaps5-8-10-12-15_core-gap10_min3_strict-v1
og_consensus_gaps5-8-10-12-15_core-gap10_min3_strict-v1:O43395:172-176,O43395,172,T,1,32574038,og_consensus_gaps5-8-10-12-15_core-gap10_min3_strict-v1
og_consensus_gaps5-8-10-12-15_core-gap10_min3_strict-v1:O43395:172-176,O43395,174,S,2,32574038;35289036,og_consensus_gaps5-8-10-12-15_core-gap10_min3_strict-v1
og_consensus_gaps5-8-10-12-15_core-gap10_min3_strict-v1:O43395:172-176,O43395,175,S,2,30379171;35254053,og_consensus_gaps5-8-10-12-15_core-gap10_min3_strict-v1
og_consensus_gaps5-8-10-12-15_core-gap10_min3_strict-v1:O43395:172-176,O43395,176,S,5,30379171;30620550;32574038;35254053;39531497,og_consensus_gaps5-8-10-12-15_core-gap10_min3_strict-v1
og_consensus_gaps5-8-10-12-15_core-gap10_min3_strict-v1:O43432:277-294,O43432,277,S,6,31492838;31637018;35254053;35289036;39531497;39534244,og_consensus_gaps5-8-10-12-15_core-gap10_min3_strict-v1
og_consensus_gaps5-8-10-12-15_core-gap10_min3_strict-v1:O43432:277-294,O43432,278,T,6,31637018;35254053;35705054;37541260;38838015;39531497,og_consensus_gaps5-8-10-12-15_core-gap10_min3_strict-v1
og_consensus_gaps5-8-10-12-15_core-gap10_min3_strict-v1:O43432:277-294,O43432,283,T,1,35254053,og_consensus_gaps5-8-10-12-15_core-gap10_min3_strict-v1
og_consensus_gaps5-8-10-12-15_core-gap10_min3_strict-v1:O43432:277-294,O43432,284,S,2,35254053;39531497,og_consensus_gaps5-8-10-12-15_core-gap10_min3_strict-v1
og_consensus_gaps5-8-10-12-15_core-gap10_min3_strict-v1:O43432:277-294,O43432,289,S,1,34846842,og_consensus_gaps5-8-10-12-15_core-gap10_min3_strict-v1
og_consensus_gaps5-8-10-12-15_core-gap10_min3_strict-v1:O43432:277-294,O43432,294,T,1,31637018,og_consensus_gaps5-8-10-12-15_core-gap10_min3_strict-v1
og_consensus_gaps5-8-10-12-15_core-gap10_min3_strict-v1:O43615:155-164,O43615,155,T,1,33465208,og_consensus_gaps5-8-10-12-15_core-gap10_min3_strict-v1
og_consensus_gaps5-8-10-12-15_core-gap10_min3_strict-v1:O43615:155-164,O43615,159,S,1,33465208,og_consensus_gaps5-8-10-12-15_core-gap10_min3_strict-v1
og_consensus_gaps5-8-10-12-15_core-gap10_min3_strict-v1:O43615:155-164,O43615,162,S,1,33465208,og_consensus_gaps5-8-10-12-15_core-gap10_min3_strict-v1
og_consensus_gaps5-8-10-12-15_core-gap10_min3_strict-v1:O43615:155-164,O43615,164,S,1,33465208,og_consensus_gaps5-8-10-12-15_core-gap10_min3_strict-v1
og_consensus_gaps5-8-10-12-15_core-gap10_min3_strict-v1:O43670:263-275,O43670,263,T,4,35254053;35289036;39531497;39534244,og_consensus_gaps5-8-10-12-15_core-gap10_min3_strict-v1
og_consensus_gaps5-8-10-12-15_core-gap10_min3_strict-v1:O43670:263-275,O43670,266,T,3,35254053;39531497;39534244,og_consensus_gaps5-8-10-12-15_core-gap10_min3_strict-v1
og_consensus_gaps5-8-10-12-15_core-gap10_min3_strict-v1:O43670:263-275,O43670,267,S,5,35254053;35289036;37541260;39531497;39534244,og_consensus_gaps5-8-10-12-15_core-gap10_min3_strict-v1
og_consensus_gaps5-8-10-12-15_core-gap10_min3_strict-v1:O43670:263-275,O43670,268,S,3,35289036;39531497;39534244,og_consensus_gaps5-8-10-12-15_core-gap10_min3_strict-v1
og_consensus_gaps5-8-10-12-15_core-gap10_min3_strict-v1:O43670:263-275,O43670,269,S,1,35289036,og_consensus_gaps5-8-10-12-15_core-gap10_min3_strict-v1
og_consensus_gaps5-8-10-12-15_core-gap10_min3_strict-v1:O43670:263-275,O43670,270,T,2,39531497;39534244,og_consensus_gaps5-8-10-12-15_core-gap10_min3_strict-v1
og_consensus_gaps5-8-10-12-15_core-gap10_min3_strict-v1:O43670:263-275,O43670,272,S,2,35289036;39534244,og_consensus_gaps5-8-10-12-15_core-gap10_min3_strict-v1
og_consensus_gaps5-8-10-12-15_core-gap10_min3_strict-v1:O43670:263-275,O43670,273,S,2,35289036;39534244,og_consensus_gaps5-8-10-12-15_core-gap10_min3_strict-v1
og_consensus_gaps5-8-10-12-15_core-gap10_min3_strict-v1:O43670:263-275,O43670,275,S,1,35289036,og_consensus_gaps5-8-10-12-15_core-gap10_min3_strict-v1
og_consensus_gaps5-8-10-12-15_core-gap10_min3_strict-v1:O43670:309-353,O43670,309,S,1,35289036,og_consensus_gaps5-8-10-12-15_core-gap10_min3_strict-v1
og_consensus_gaps5-8-10-12-15_core-gap10_min3_strict-v1:O43670:309-353,O43670,310,T,2,35289036;39531497,og_consensus_gaps5-8-10-12-15_core-gap10_min3_strict-v1
og_consensus_gaps5-8-10-12-15_core-gap10_min3_strict-v1:O43670:309-353,O43670,313,T,3,35289036;39302247;39531497,og_consensus_gaps5-8-10-12-15_core-gap10_min3_strict-v1
og_consensus_gaps5-8-10-12-15_core-gap10_min3_strict-v1:O43670:309-353,O43670,314,T,3,35289036;39302247;39531497,og_consensus_gaps5-8-10-12-15_core-gap10_min3_strict-v1
og_consensus_gaps5-8-10-12-15_core-gap10_min3_strict-v1:O43670:309-353,O43670,315,T,1,35289036,og_consensus_gaps5-8-10-12-15_core-gap10_min3_strict-v1
og_consensus_gaps5-8-10-12-15_core-gap10_min3_strict-v1:O43670:309-353,O43670,321,T,3,35254053;35289036;39531497,og_consensus_gaps5-8-10-12-15_core-gap10_min3_strict-v1
og_consensus_gaps5-8-10-12-15_core-gap10_min3_strict-v1:O43670:309-353,O43670,326,T,3,35254053;35289036;39302247,og_consensus_gaps5-8-10-12-15_core-gap10_min3_strict-v1
og_consensus_gaps5-8-10-12-15_core-gap10_min3_strict-v1:O43670:309-353,O43670,328,S,1,35289036,og_consensus_gaps5-8-10-12-15_core-gap10_min3_strict-v1
og_consensus_gaps5-8-10-12-15_core-gap10_min3_strict-v1:O43670:309-353,O43670,331,S,1,35289036,og_consensus_gaps5-8-10-12-15_core-gap10_min3_strict-v1
og_consensus_gaps5-8-10-12-15_core-gap10_min3_strict-v1:O43670:309-353,O43670,332,T,1,39302247,og_consensus_gaps5-8-10-12-15_core-gap10_min3_strict-v1
og_consensus_gaps5-8-10-12-15_core-gap10_min3_strict-v1:O43670:309-353,O43670,334,S,1,35289036,og_consensus_gaps5-8-10-12-15_core-gap10_min3_strict-v1
og_consensus_gaps5-8-10-12-15_core-gap10_min3_strict-v1:O43670:309-353,O43670,339,T,1,35289036,og_consensus_gaps5-8-10-12-15_core-gap10_min3_strict-v1
og_consensus_gaps5-8-10-12-15_core-gap10_min3_strict-v1:O43670:309-353,O43670,348,T,2,35254053;39534244,og_consensus_gaps5-8-10-12-15_core-gap10_min3_strict-v1
og_consensus_gaps5-8-10-12-15_core-gap10_min3_strict-v1:O43670:309-353,O43670,349,S,3,30059200;35254053;39302247,og_consensus_gaps5-8-10-12-15_core-gap10_min3_strict-v1
og_consensus_gaps5-8-10-12-15_core-gap10_min3_strict-v1:O43670:309-353,O43670,353,T,1,39534244,og_consensus_gaps5-8-10-12-15_core-gap10_min3_strict-v1
og_consensus_gaps5-8-10-12-15_core-gap10_min3_strict-v1:O43823:216-221,O43823,216,S,2,32938750;39534244,og_consensus_gaps5-8-10-12-15_core-gap10_min3_strict-v1
og_consensus_gaps5-8-10-12-15_core-gap10_min3_strict-v1:O43823:216-221,O43823,217,S,3,29351928;35254053;35289036,og_consensus_gaps5-8-10-12-15_core-gap10_min3_strict-v1
og_consensus_gaps5-8-10-12-15_core-gap10_min3_strict-v1:O43823:216-221,O43823,221,S,1,39534244,og_consensus_gaps5-8-10-12-15_core-gap10_min3_strict-v1
og_consensus_gaps5-8-10-12-15_core-gap10_min3_strict-v1:O60318:123-125,O60318,123,S,2,35132862;35254053,og_consensus_gaps5-8-10-12-15_core-gap10_min3_strict-v1
og_consensus_gaps5-8-10-12-15_core-gap10_min3_strict-v1:O60318:123-125,O60318,124,T,2,35254053;35705054,og_consensus_gaps5-8-10-12-15_core-gap10_min3_strict-v1
og_consensus_gaps5-8-10-12-15_core-gap10_min3_strict-v1:O60318:123-125,O60318,125,S,3,35132862;35289036;39534244,og_consensus_gaps5-8-10-12-15_core-gap10_min3_strict-v1
og_consensus_gaps5-8-10-12-15_core-gap10_min3_strict-v1:O60488:51-57,O60488,51,T,1,33465208,og_consensus_gaps5-8-10-12-15_core-gap10_min3_strict-v1
og_consensus_gaps5-8-10-12-15_core-gap10_min3_strict-v1:O60488:51-57,O60488,52,S,1,33465208,og_consensus_gaps5-8-10-12-15_core-gap10_min3_strict-v1
og_consensus_gaps5-8-10-12-15_core-gap10_min3_strict-v1:O60488:51-57,O60488,57,S,1,33465208,og_consensus_gaps5-8-10-12-15_core-gap10_min3_strict-v1
og_consensus_gaps5-8-10-12-15_core-gap10_min3_strict-v1:O60610:1230-1235,O60610,1230,T,1,35132862,og_consensus_gaps5-8-10-12-15_core-gap10_min3_strict-v1
og_consensus_gaps5-8-10-12-15_core-gap10_min3_strict-v1:O60610:1230-1235,O60610,1231,S,1,35132862,og_consensus_gaps5-8-10-12-15_core-gap10_min3_strict-v1
og_consensus_gaps5-8-10-12-15_core-gap10_min3_strict-v1:O60610:1230-1235,O60610,1235,S,1,35132862,og_consensus_gaps5-8-10-12-15_core-gap10_min3_strict-v1
og_consensus_gaps5-8-10-12-15_core-gap10_min3_strict-v1:O60664:69-76,O60664,69,T,1,32574038,og_consensus_gaps5-8-10-12-15_core-gap10_min3_strict-v1
og_consensus_gaps5-8-10-12-15_core-gap10_min3_strict-v1:O60664:69-76,O60664,71,T,1,39531497,og_consensus_gaps5-8-10-12-15_core-gap10_min3_strict-v1
og_consensus_gaps5-8-10-12-15_core-gap10_min3_strict-v1:O60664:69-76,O60664,76,S,12,28657654;30059200;30620550;31373491;31492838;32938750;35132862;35254053;35513511;35705054;39302247;39531497,og_consensus_gaps5-8-10-12-15_core-gap10_min3_strict-v1
og_consensus_gaps5-8-10-12-15_core-gap10_min3_strict-v1:O60664:273-281,O60664,273,S,1,38253038,og_consensus_gaps5-8-10-12-15_core-gap10_min3_strict-v1
og_consensus_gaps5-8-10-12-15_core-gap10_min3_strict-v1:O60664:273-281,O60664,277,S,1,38253038,og_consensus_gaps5-8-10-12-15_core-gap10_min3_strict-v1
og_consensus_gaps5-8-10-12-15_core-gap10_min3_strict-v1:O60664:273-281,O60664,281,T,1,38253038,og_consensus_gaps5-8-10-12-15_core-gap10_min3_strict-v1
og_consensus_gaps5-8-10-12-15_core-gap10_min3_strict-v1:O60675:133-156,O60675,133,T,9,29351928;30620550;32574038;34846842;35254053;35289036;37541260;39531497;39534244,og_consensus_gaps5-8-10-12-15_core-gap10_min3_strict-v1
og_consensus_gaps5-8-10-12-15_core-gap10_min3_strict-v1:O60675:133-156,O60675,134,T,12,20068230;21158410;27114449;28657654;29351928;30059200;31492838;32574038;35254053;35513511;39531497;39534244,og_consensus_gaps5-8-10-12-15_core-gap10_min3_strict-v1
og_consensus_gaps5-8-10-12-15_core-gap10_min3_strict-v1:O60675:133-156,O60675,135,S,4,31637018;35132862;35705054;39534244,og_consensus_gaps5-8-10-12-15_core-gap10_min3_strict-v1
og_consensus_gaps5-8-10-12-15_core-gap10_min3_strict-v1:O60675:133-156,O60675,138,T,3,32574038;35132862;39534244,og_consensus_gaps5-8-10-12-15_core-gap10_min3_strict-v1
og_consensus_gaps5-8-10-12-15_core-gap10_min3_strict-v1:O60675:133-156,O60675,142,S,2,35289036;39534244,og_consensus_gaps5-8-10-12-15_core-gap10_min3_strict-v1
og_consensus_gaps5-8-10-12-15_core-gap10_min3_strict-v1:O60675:133-156,O60675,147,S,1,35289036,og_consensus_gaps5-8-10-12-15_core-gap10_min3_strict-v1
og_consensus_gaps5-8-10-12-15_core-gap10_min3_strict-v1:O60675:133-156,O60675,148,T,1,39531497,og_consensus_gaps5-8-10-12-15_core-gap10_min3_strict-v1
og_consensus_gaps5-8-10-12-15_core-gap10_min3_strict-v1:O60675:133-156,O60675,149,S,3,35132862;35254053;39531497,og_consensus_gaps5-8-10-12-15_core-gap10_min3_strict-v1
og_consensus_gaps5-8-10-12-15_core-gap10_min3_strict-v1:O60675:133-156,O60675,153,S,10,20068230;29237092;30059200;31492838;35132862;35254053;35289036;35705054;37541260;39531497,og_consensus_gaps5-8-10-12-15_core-gap10_min3_strict-v1
og_consensus_gaps5-8-10-12-15_core-gap10_min3_strict-v1:O60675:133-156,O60675,156,S,6,30059200;35254053;35289036;35513511;39531497;39534244,og_consensus_gaps5-8-10-12-15_core-gap10_min3_strict-v1
og_consensus_gaps5-8-10-12-15_core-gap10_min3_strict-v1:O60841:9-13,O60841,9,S,1,33465208,og_consensus_gaps5-8-10-12-15_core-gap10_min3_strict-v1
og_consensus_gaps5-8-10-12-15_core-gap10_min3_strict-v1:O60841:9-13,O60841,12,S,1,33465208,og_consensus_gaps5-8-10-12-15_core-gap10_min3_strict-v1
og_consensus_gaps5-8-10-12-15_core-gap10_min3_strict-v1:O60841:9-13,O60841,13,T,1,33465208,og_consensus_gaps5-8-10-12-15_core-gap10_min3_strict-v1
og_consensus_gaps5-8-10-12-15_core-gap10_min3_strict-v1:O60885:1211-1215,O60885,1211,T,3,32574038;34846842;39534244,og_consensus_gaps5-8-10-12-15_core-gap10_min3_strict-v1
og_consensus_gaps5-8-10-12-15_core-gap10_min3_strict-v1:O60885:1211-1215,O60885,1212,T,1,34846842,og_consensus_gaps5-8-10-12-15_core-gap10_min3_strict-v1
og_consensus_gaps5-8-10-12-15_core-gap10_min3_strict-v1:O60885:1211-1215,O60885,1214,S,1,34846842,og_consensus_gaps5-8-10-12-15_core-gap10_min3_strict-v1
og_consensus_gaps5-8-10-12-15_core-gap10_min3_strict-v1:O60885:1211-1215,O60885,1215,S,7,20068230;29351928;30059200;32574038;35254053;35513511;38838015,og_consensus_gaps5-8-10-12-15_core-gap10_min3_strict-v1
og_consensus_gaps5-8-10-12-15_core-gap10_min3_strict-v1:O75030:101-105,O75030,101,S,2,35254053;39531497,og_consensus_gaps5-8-10-12-15_core-gap10_min3_strict-v1
og_consensus_gaps5-8-10-12-15_core-gap10_min3_strict-v1:O75030:101-105,O75030,104,T,2,35254053;39534244,og_consensus_gaps5-8-10-12-15_core-gap10_min3_strict-v1
og_consensus_gaps5-8-10-12-15_core-gap10_min3_strict-v1:O75030:101-105,O75030,105,T,4,35254053;39302247;39531497;39534244,og_consensus_gaps5-8-10-12-15_core-gap10_min3_strict-v1
og_consensus_gaps5-8-10-12-15_core-gap10_min3_strict-v1:O75116:423-427,O75116,423,S,1,35254053,og_consensus_gaps5-8-10-12-15_core-gap10_min3_strict-v1
og_consensus_gaps5-8-10-12-15_core-gap10_min3_strict-v1:O75116:423-427,O75116,425,S,1,35254053,og_consensus_gaps5-8-10-12-15_core-gap10_min3_strict-v1
og_consensus_gaps5-8-10-12-15_core-gap10_min3_strict-v1:O75116:423-427,O75116,427,S,1,35254053,og_consensus_gaps5-8-10-12-15_core-gap10_min3_strict-v1
og_consensus_gaps5-8-10-12-15_core-gap10_min3_strict-v1:O75157:567-578,O75157,567,S,1,39534244,og_consensus_gaps5-8-10-12-15_core-gap10_min3_strict-v1
og_consensus_gaps5-8-10-12-15_core-gap10_min3_strict-v1:O75157:567-578,O75157,570,T,1,39534244,og_consensus_gaps5-8-10-12-15_core-gap10_min3_strict-v1
og_consensus_gaps5-8-10-12-15_core-gap10_min3_strict-v1:O75157:567-578,O75157,571,S,1,29351928,og_consensus_gaps5-8-10-12-15_core-gap10_min3_strict-v1
og_consensus_gaps5-8-10-12-15_core-gap10_min3_strict-v1:O75157:567-578,O75157,575,S,1,39534244,og_consensus_gaps5-8-10-12-15_core-gap10_min3_strict-v1
og_consensus_gaps5-8-10-12-15_core-gap10_min3_strict-v1:O75157:567-578,O75157,578,S,1,39531497,og_consensus_gaps5-8-10-12-15_core-gap10_min3_strict-v1
og_consensus_gaps5-8-10-12-15_core-gap10_min3_strict-v1:O75170:899-907,O75170,899,T,3,28657654;32938750;35254053,og_consensus_gaps5-8-10-12-15_core-gap10_min3_strict-v1
og_consensus_gaps5-8-10-12-15_core-gap10_min3_strict-v1:O75170:899-907,O75170,903,T,1,35254053,og_consensus_gaps5-8-10-12-15_core-gap10_min3_strict-v1
og_consensus_gaps5-8-10-12-15_core-gap10_min3_strict-v1:O75170:899-907,O75170,907,S,4,32938750;35254053;37541260;39531497,og_consensus_gaps5-8-10-12-15_core-gap10_min3_strict-v1
og_consensus_gaps5-8-10-12-15_core-gap10_min3_strict-v1:O75179:1535-1541,O75179,1535,S,1,28604694,og_consensus_gaps5-8-10-12-15_core-gap10_min3_strict-v1
og_consensus_gaps5-8-10-12-15_core-gap10_min3_strict-v1:O75179:1535-1541,O75179,1537,T,3,28604694;35254053;37541260,og_consensus_gaps5-8-10-12-15_core-gap10_min3_strict-v1
og_consensus_gaps5-8-10-12-15_core-gap10_min3_strict-v1:O75179:1535-1541,O75179,1538,T,1,28604694,og_consensus_gaps5-8-10-12-15_core-gap10_min3_strict-v1
og_consensus_gaps5-8-10-12-15_core-gap10_min3_strict-v1:O75179:1535-1541,O75179,1539,T,2,28604694;39534244,og_consensus_gaps5-8-10-12-15_core-gap10_min3_strict-v1
og_consensus_gaps5-8-10-12-15_core-gap10_min3_strict-v1:O75179:1535-1541,O75179,1540,T,1,28604694,og_consensus_gaps5-8-10-12-15_core-gap10_min3_strict-v1
og_consensus_gaps5-8-10-12-15_core-gap10_min3_strict-v1:O75179:1535-1541,O75179,1541,T,1,39534244,og_consensus_gaps5-8-10-12-15_core-gap10_min3_strict-v1
og_consensus_gaps5-8-10-12-15_core-gap10_min3_strict-v1:O75179:1644-1646,O75179,1644,T,3,30059200;35254053;37541260,og_consensus_gaps5-8-10-12-15_core-gap10_min3_strict-v1
og_consensus_gaps5-8-10-12-15_core-gap10_min3_strict-v1:O75179:1644-1646,O75179,1645,T,2,35254053;37541260,og_consensus_gaps5-8-10-12-15_core-gap10_min3_strict-v1
og_consensus_gaps5-8-10-12-15_core-gap10_min3_strict-v1:O75179:1644-1646,O75179,1646,T,1,35254053,og_consensus_gaps5-8-10-12-15_core-gap10_min3_strict-v1
og_consensus_gaps5-8-10-12-15_core-gap10_min3_strict-v1:O75179:1820-1858,O75179,1820,S,5,28604694;30059200;35254053;35289036;39531497,og_consensus_gaps5-8-10-12-15_core-gap10_min3_strict-v1
og_consensus_gaps5-8-10-12-15_core-gap10_min3_strict-v1:O75179:1820-1858,O75179,1821,S,8,28604694;30059200;35132862;35254053;35289036;37541260;39531497;39534244,og_consensus_gaps5-8-10-12-15_core-gap10_min3_strict-v1
og_consensus_gaps5-8-10-12-15_core-gap10_min3_strict-v1:O75179:1820-1858,O75179,1824,T,5,31492838;35132862;35254053;35289036;39534244,og_consensus_gaps5-8-10-12-15_core-gap10_min3_strict-v1
og_consensus_gaps5-8-10-12-15_core-gap10_min3_strict-v1:O75179:1820-1858,O75179,1825,T,7,28657654;29237092;30059200;31492838;35254053;39531497;39534244,og_consensus_gaps5-8-10-12-15_core-gap10_min3_strict-v1
og_consensus_gaps5-8-10-12-15_core-gap10_min3_strict-v1:O75179:1820-1858,O75179,1826,T,11,28657654;29237092;30059200;31492838;35132862;35254053;35289036;35513511;37541260;39531497;39534244,og_consensus_gaps5-8-10-12-15_core-gap10_min3_strict-v1
og_consensus_gaps5-8-10-12-15_core-gap10_min3_strict-v1:O75179:1820-1858,O75179,1830,T,4,35132862;35289036;35705054;39534244,og_consensus_gaps5-8-10-12-15_core-gap10_min3_strict-v1
og_consensus_gaps5-8-10-12-15_core-gap10_min3_strict-v1:O75179:1820-1858,O75179,1831,S,2,35705054;39534244,og_consensus_gaps5-8-10-12-15_core-gap10_min3_strict-v1
og_consensus_gaps5-8-10-12-15_core-gap10_min3_strict-v1:O75179:1820-1858,O75179,1838,T,1,35254053,og_consensus_gaps5-8-10-12-15_core-gap10_min3_strict-v1
og_consensus_gaps5-8-10-12-15_core-gap10_min3_strict-v1:O75179:1820-1858,O75179,1839,T,3,32938750;35254053;35289036,og_consensus_gaps5-8-10-12-15_core-gap10_min3_strict-v1
og_consensus_gaps5-8-10-12-15_core-gap10_min3_strict-v1:O75179:1820-1858,O75179,1844,S,1,35254053,og_consensus_gaps5-8-10-12-15_core-gap10_min3_strict-v1
og_consensus_gaps5-8-10-12-15_core-gap10_min3_strict-v1:O75179:1820-1858,O75179,1845,T,1,35254053,og_consensus_gaps5-8-10-12-15_core-gap10_min3_strict-v1
og_consensus_gaps5-8-10-12-15_core-gap10_min3_strict-v1:O75179:1820-1858,O75179,1848,T,1,35254053,og_consensus_gaps5-8-10-12-15_core-gap10_min3_strict-v1
og_consensus_gaps5-8-10-12-15_core-gap10_min3_strict-v1:O75179:1820-1858,O75179,1850,T,1,35254053,og_consensus_gaps5-8-10-12-15_core-gap10_min3_strict-v1
og_consensus_gaps5-8-10-12-15_core-gap10_min3_strict-v1:O75179:1820-1858,O75179,1853,T,2,32938750;35254053,og_consensus_gaps5-8-10-12-15_core-gap10_min3_strict-v1
og_consensus_gaps5-8-10-12-15_core-gap10_min3_strict-v1:O75179:1820-1858,O75179,1858,S,2,32938750;35254053,og_consensus_gaps5-8-10-12-15_core-gap10_min3_strict-v1
og_consensus_gaps5-8-10-12-15_core-gap10_min3_strict-v1:O75179:2001-2006,O75179,2001,T,16,28657654;29237092;29351928;30059200;30379171;31492838;32574038;34846842;35254053;35289036;35513511;35705054;37541260;39302247;39531497;39534244,og_consensus_gaps5-8-10-12-15_core-gap10_min3_strict-v1
og_consensus_gaps5-8-10-12-15_core-gap10_min3_strict-v1:O75179:2001-2006,O75179,2005,T,1,35254053,og_consensus_gaps5-8-10-12-15_core-gap10_min3_strict-v1
og_consensus_gaps5-8-10-12-15_core-gap10_min3_strict-v1:O75179:2001-2006,O75179,2006,S,1,35254053,og_consensus_gaps5-8-10-12-15_core-gap10_min3_strict-v1
og_consensus_gaps5-8-10-12-15_core-gap10_min3_strict-v1:O75179:2331-2336,O75179,2331,S,2,39531497;39534244,og_consensus_gaps5-8-10-12-15_core-gap10_min3_strict-v1
og_consensus_gaps5-8-10-12-15_core-gap10_min3_strict-v1:O75179:2331-2336,O75179,2333,T,1,39534244,og_consensus_gaps5-8-10-12-15_core-gap10_min3_strict-v1
og_consensus_gaps5-8-10-12-15_core-gap10_min3_strict-v1:O75179:2331-2336,O75179,2335,S,1,39534244,og_consensus_gaps5-8-10-12-15_core-gap10_min3_strict-v1
og_consensus_gaps5-8-10-12-15_core-gap10_min3_strict-v1:O75179:2331-2336,O75179,2336,S,1,39534244,og_consensus_gaps5-8-10-12-15_core-gap10_min3_strict-v1
og_consensus_gaps5-8-10-12-15_core-gap10_min3_strict-v1:O75179:2379-2383,O75179,2379,T,5,28604694;29351928;35254053;37541260;39531497,og_consensus_gaps5-8-10-12-15_core-gap10_min3_strict-v1
og_consensus_gaps5-8-10-12-15_core-gap10_min3_strict-v1:O75179:2379-2383,O75179,2382,S,6,28604694;29351928;30059200;35254053;35513511;39531497,og_consensus_gaps5-8-10-12-15_core-gap10_min3_strict-v1
og_consensus_gaps5-8-10-12-15_core-gap10_min3_strict-v1:O75179:2379-2383,O75179,2383,S,1,28604694,og_consensus_gaps5-8-10-12-15_core-gap10_min3_strict-v1
og_consensus_gaps5-8-10-12-15_core-gap10_min3_strict-v1:O75179:2438-2444,O75179,2438,T,1,39531497,og_consensus_gaps5-8-10-12-15_core-gap10_min3_strict-v1
og_consensus_gaps5-8-10-12-15_core-gap10_min3_strict-v1:O75179:2438-2444,O75179,2441,S,1,35254053,og_consensus_gaps5-8-10-12-15_core-gap10_min3_strict-v1
og_consensus_gaps5-8-10-12-15_core-gap10_min3_strict-v1:O75179:2438-2444,O75179,2444,S,1,39531497,og_consensus_gaps5-8-10-12-15_core-gap10_min3_strict-v1
og_consensus_gaps5-8-10-12-15_core-gap10_min3_strict-v1:O75376:14-18,O75376,14,S,4,32938750;35254053;38838015;39531497,og_consensus_gaps5-8-10-12-15_core-gap10_min3_strict-v1
og_consensus_gaps5-8-10-12-15_core-gap10_min3_strict-v1:O75376:14-18,O75376,15,T,1,32938750,og_consensus_gaps5-8-10-12-15_core-gap10_min3_strict-v1
og_consensus_gaps5-8-10-12-15_core-gap10_min3_strict-v1:O75376:14-18,O75376,18,S,1,32938750,og_consensus_gaps5-8-10-12-15_core-gap10_min3_strict-v1
og_consensus_gaps5-8-10-12-15_core-gap10_min3_strict-v1:O75376:45-54,O75376,45,S,4,30379171;34846842;35289036;39534244,og_consensus_gaps5-8-10-12-15_core-gap10_min3_strict-v1
og_consensus_gaps5-8-10-12-15_core-gap10_min3_strict-v1:O75376:45-54,O75376,46,S,3,30379171;34846842;35254053,og_consensus_gaps5-8-10-12-15_core-gap10_min3_strict-v1
og_consensus_gaps5-8-10-12-15_core-gap10_min3_strict-v1:O75376:45-54,O75376,51,S,8,29351928;30059200;31492838;32938750;35254053;35289036;35513511;39531497,og_consensus_gaps5-8-10-12-15_core-gap10_min3_strict-v1
og_consensus_gaps5-8-10-12-15_core-gap10_min3_strict-v1:O75376:45-54,O75376,54,S,7,32574038;34846842;35132862;35254053;37541260;39531497;39534244,og_consensus_gaps5-8-10-12-15_core-gap10_min3_strict-v1
og_consensus_gaps5-8-10-12-15_core-gap10_min3_strict-v1:O75376:1026-1046,O75376,1026,T,3,30059200;35254053;39534244,og_consensus_gaps5-8-10-12-15_core-gap10_min3_strict-v1
og_consensus_gaps5-8-10-12-15_core-gap10_min3_strict-v1:O75376:1026-1046,O75376,1027,T,2,30059200;35254053,og_consensus_gaps5-8-10-12-15_core-gap10_min3_strict-v1
og_consensus_gaps5-8-10-12-15_core-gap10_min3_strict-v1:O75376:1026-1046,O75376,1030,T,2,32574038;35289036,og_consensus_gaps5-8-10-12-15_core-gap10_min3_strict-v1
og_consensus_gaps5-8-10-12-15_core-gap10_min3_strict-v1:O75376:1026-1046,O75376,1039,S,5,35132862;35254053;35289036;39531497;39534244,og_consensus_gaps5-8-10-12-15_core-gap10_min3_strict-v1
og_consensus_gaps5-8-10-12-15_core-gap10_min3_strict-v1:O75376:1026-1046,O75376,1040,S,7,29351928;30059200;31492838;35254053;35513511;37541260;39534244,og_consensus_gaps5-8-10-12-15_core-gap10_min3_strict-v1
og_consensus_gaps5-8-10-12-15_core-gap10_min3_strict-v1:O75376:1026-1046,O75376,1042,T,1,35254053,og_consensus_gaps5-8-10-12-15_core-gap10_min3_strict-v1
og_consensus_gaps5-8-10-12-15_core-gap10_min3_strict-v1:O75376:1026-1046,O75376,1043,T,2,35254053;39534244,og_consensus_gaps5-8-10-12-15_core-gap10_min3_strict-v1
og_consensus_gaps5-8-10-12-15_core-gap10_min3_strict-v1:O75376:1026-1046,O75376,1046,S,1,31637018,og_consensus_gaps5-8-10-12-15_core-gap10_min3_strict-v1
og_consensus_gaps5-8-10-12-15_core-gap10_min3_strict-v1:O75376:1446-1454,O75376,1446,S,1,30059200,og_consensus_gaps5-8-10-12-15_core-gap10_min3_strict-v1
og_consensus_gaps5-8-10-12-15_core-gap10_min3_strict-v1:O75376:1446-1454,O75376,1449,T,2,34846842;35289036,og_consensus_gaps5-8-10-12-15_core-gap10_min3_strict-v1
og_consensus_gaps5-8-10-12-15_core-gap10_min3_strict-v1:O75376:1446-1454,O75376,1450,S,2,32574038;39531497,og_consensus_gaps5-8-10-12-15_core-gap10_min3_strict-v1
og_consensus_gaps5-8-10-12-15_core-gap10_min3_strict-v1:O75376:1446-1454,O75376,1453,S,7,29351928;30059200;31492838;32938750;35254053;35513511;39531497,og_consensus_gaps5-8-10-12-15_core-gap10_min3_strict-v1
og_consensus_gaps5-8-10-12-15_core-gap10_min3_strict-v1:O75376:1446-1454,O75376,1454,S,8,29351928;30059200;31492838;32574038;34846842;35132862;39302247;39531497,og_consensus_gaps5-8-10-12-15_core-gap10_min3_strict-v1
og_consensus_gaps5-8-10-12-15_core-gap10_min3_strict-v1:O75376:1484-1493,O75376,1484,T,8,30059200;32574038;35132862;35254053;35289036;35513511;39302247;39531497,og_consensus_gaps5-8-10-12-15_core-gap10_min3_strict-v1
og_consensus_gaps5-8-10-12-15_core-gap10_min3_strict-v1:O75376:1484-1493,O75376,1487,S,14,20068230;23301498;29351928;30059200;30379171;31492838;32574038;35132862;35254053;35513511;37541260;39302247;39531497;39534244,og_consensus_gaps5-8-10-12-15_core-gap10_min3_strict-v1
og_consensus_gaps5-8-10-12-15_core-gap10_min3_strict-v1:O75376:1484-1493,O75376,1491,T,2,32574038;35132862,og_consensus_gaps5-8-10-12-15_core-gap10_min3_strict-v1
og_consensus_gaps5-8-10-12-15_core-gap10_min3_strict-v1:O75376:1484-1493,O75376,1493,S,2,32574038;39534244,og_consensus_gaps5-8-10-12-15_core-gap10_min3_strict-v1
og_consensus_gaps5-8-10-12-15_core-gap10_min3_strict-v1:O75376:1883-1885,O75376,1883,T,5,32574038;35254053;35289036;35513511;39531497,og_consensus_gaps5-8-10-12-15_core-gap10_min3_strict-v1
og_consensus_gaps5-8-10-12-15_core-gap10_min3_strict-v1:O75376:1883-1885,O75376,1884,S,5,32574038;35254053;35289036;37541260;39531497,og_consensus_gaps5-8-10-12-15_core-gap10_min3_strict-v1
og_consensus_gaps5-8-10-12-15_core-gap10_min3_strict-v1:O75376:1883-1885,O75376,1885,S,3,32574038;35289036;39531497,og_consensus_gaps5-8-10-12-15_core-gap10_min3_strict-v1
og_consensus_gaps5-8-10-12-15_core-gap10_min3_strict-v1:O75376:2078-2090,O75376,2078,T,6,29351928;35132862;35254053;35705054;38838015;39531497,og_consensus_gaps5-8-10-12-15_core-gap10_min3_strict-v1
og_consensus_gaps5-8-10-12-15_core-gap10_min3_strict-v1:O75376:2078-2090,O75376,2079,S,8,29351928;32938750;34846842;35132862;35254053;35513511;38838015;39531497,og_consensus_gaps5-8-10-12-15_core-gap10_min3_strict-v1
og_consensus_gaps5-8-10-12-15_core-gap10_min3_strict-v1:O75376:2078-2090,O75376,2080,T,1,39534244,og_consensus_gaps5-8-10-12-15_core-gap10_min3_strict-v1
og_consensus_gaps5-8-10-12-15_core-gap10_min3_strict-v1:O75376:2078-2090,O75376,2084,S,2,34846842;35289036,og_consensus_gaps5-8-10-12-15_core-gap10_min3_strict-v1
og_consensus_gaps5-8-10-12-15_core-gap10_min3_strict-v1:O75376:2078-2090,O75376,2086,S,2,30620550;35289036,og_consensus_gaps5-8-10-12-15_core-gap10_min3_strict-v1
og_consensus_gaps5-8-10-12-15_core-gap10_min3_strict-v1:O75376:2078-2090,O75376,2090,S,2,34846842;35289036,og_consensus_gaps5-8-10-12-15_core-gap10_min3_strict-v1
og_consensus_gaps5-8-10-12-15_core-gap10_min3_strict-v1:O75717:891-906,O75717,891,T,1,35474639,og_consensus_gaps5-8-10-12-15_core-gap10_min3_strict-v1
og_consensus_gaps5-8-10-12-15_core-gap10_min3_strict-v1:O75717:891-906,O75717,893,S,1,35474639,og_consensus_gaps5-8-10-12-15_core-gap10_min3_strict-v1
og_consensus_gaps5-8-10-12-15_core-gap10_min3_strict-v1:O75717:891-906,O75717,894,S,1,35474639,og_consensus_gaps5-8-10-12-15_core-gap10_min3_strict-v1
og_consensus_gaps5-8-10-12-15_core-gap10_min3_strict-v1:O75717:891-906,O75717,900,S,1,35474639,og_consensus_gaps5-8-10-12-15_core-gap10_min3_strict-v1
og_consensus_gaps5-8-10-12-15_core-gap10_min3_strict-v1:O75717:891-906,O75717,904,T,1,35474639,og_consensus_gaps5-8-10-12-15_core-gap10_min3_strict-v1
og_consensus_gaps5-8-10-12-15_core-gap10_min3_strict-v1:O75717:891-906,O75717,906,S,1,35474639,og_consensus_gaps5-8-10-12-15_core-gap10_min3_strict-v1
og_consensus_gaps5-8-10-12-15_core-gap10_min3_strict-v1:O75909:426-430,O75909,426,S,1,39534244,og_consensus_gaps5-8-10-12-15_core-gap10_min3_strict-v1
og_consensus_gaps5-8-10-12-15_core-gap10_min3_strict-v1:O75909:426-430,O75909,427,S,1,39534244,og_consensus_gaps5-8-10-12-15_core-gap10_min3_strict-v1
og_consensus_gaps5-8-10-12-15_core-gap10_min3_strict-v1:O75909:426-430,O75909,430,T,1,39534244,og_consensus_gaps5-8-10-12-15_core-gap10_min3_strict-v1
og_consensus_gaps5-8-10-12-15_core-gap10_min3_strict-v1:O76070:53-59,O76070,53,T,1,28657654,og_consensus_gaps5-8-10-12-15_core-gap10_min3_strict-v1
og_consensus_gaps5-8-10-12-15_core-gap10_min3_strict-v1:O76070:53-59,O76070,54,S,2,28657654;35254053,og_consensus_gaps5-8-10-12-15_core-gap10_min3_strict-v1
og_consensus_gaps5-8-10-12-15_core-gap10_min3_strict-v1:O76070:53-59,O76070,59,T,1,28657654,og_consensus_gaps5-8-10-12-15_core-gap10_min3_strict-v1
og_consensus_gaps5-8-10-12-15_core-gap10_min3_strict-v1:O94811:152-159,O94811,152,S,1,28657654,og_consensus_gaps5-8-10-12-15_core-gap10_min3_strict-v1
og_consensus_gaps5-8-10-12-15_core-gap10_min3_strict-v1:O94811:152-159,O94811,155,T,1,28657654,og_consensus_gaps5-8-10-12-15_core-gap10_min3_strict-v1
og_consensus_gaps5-8-10-12-15_core-gap10_min3_strict-v1:O94811:152-159,O94811,159,S,1,28657654,og_consensus_gaps5-8-10-12-15_core-gap10_min3_strict-v1
og_consensus_gaps5-8-10-12-15_core-gap10_min3_strict-v1:O94842:377-413,O94842,377,S,3,35289036;39531497;39534244,og_consensus_gaps5-8-10-12-15_core-gap10_min3_strict-v1
og_consensus_gaps5-8-10-12-15_core-gap10_min3_strict-v1:O94842:377-413,O94842,378,S,2,39531497;39534244,og_consensus_gaps5-8-10-12-15_core-gap10_min3_strict-v1
og_consensus_gaps5-8-10-12-15_core-gap10_min3_strict-v1:O94842:377-413,O94842,380,T,4,32938750;35289036;35705054;39534244,og_consensus_gaps5-8-10-12-15_core-gap10_min3_strict-v1
og_consensus_gaps5-8-10-12-15_core-gap10_min3_strict-v1:O94842:377-413,O94842,382,S,5,32938750;35289036;35705054;39531497;39534244,og_consensus_gaps5-8-10-12-15_core-gap10_min3_strict-v1
og_consensus_gaps5-8-10-12-15_core-gap10_min3_strict-v1:O94842:377-413,O94842,388,T,4,35132862;35289036;39531497;39534244,og_consensus_gaps5-8-10-12-15_core-gap10_min3_strict-v1
og_consensus_gaps5-8-10-12-15_core-gap10_min3_strict-v1:O94842:377-413,O94842,393,T,2,35289036;39531497,og_consensus_gaps5-8-10-12-15_core-gap10_min3_strict-v1
og_consensus_gaps5-8-10-12-15_core-gap10_min3_strict-v1:O94842:377-413,O94842,397,S,3,35289036;39531497;39534244,og_consensus_gaps5-8-10-12-15_core-gap10_min3_strict-v1
og_consensus_gaps5-8-10-12-15_core-gap10_min3_strict-v1:O94842:377-413,O94842,405,T,6,30379171;34846842;35254053;35513511;37541260;39531497,og_consensus_gaps5-8-10-12-15_core-gap10_min3_strict-v1
og_consensus_gaps5-8-10-12-15_core-gap10_min3_strict-v1:O94842:377-413,O94842,406,S,11,29351928;30059200;30379171;31492838;32938750;34846842;35254053;35289036;35705054;38838015;39531497,og_consensus_gaps5-8-10-12-15_core-gap10_min3_strict-v1
og_consensus_gaps5-8-10-12-15_core-gap10_min3_strict-v1:O94842:377-413,O94842,407,T,1,30379171,og_consensus_gaps5-8-10-12-15_core-gap10_min3_strict-v1
og_consensus_gaps5-8-10-12-15_core-gap10_min3_strict-v1:O94842:377-413,O94842,409,T,4,34846842;35132862;35289036;39534244,og_consensus_gaps5-8-10-12-15_core-gap10_min3_strict-v1
og_consensus_gaps5-8-10-12-15_core-gap10_min3_strict-v1:O94842:377-413,O94842,413,S,5,32574038;34846842;35132862;35289036;39534244,og_consensus_gaps5-8-10-12-15_core-gap10_min3_strict-v1
og_consensus_gaps5-8-10-12-15_core-gap10_min3_strict-v1:O94913:178-186,O94913,178,T,1,35132862,og_consensus_gaps5-8-10-12-15_core-gap10_min3_strict-v1
og_consensus_gaps5-8-10-12-15_core-gap10_min3_strict-v1:O94913:178-186,O94913,181,S,5,32938750;35254053;35513511;38838015;39531497,og_consensus_gaps5-8-10-12-15_core-gap10_min3_strict-v1
og_consensus_gaps5-8-10-12-15_core-gap10_min3_strict-v1:O94913:178-186,O94913,182,S,2,39531497;39534244,og_consensus_gaps5-8-10-12-15_core-gap10_min3_strict-v1
og_consensus_gaps5-8-10-12-15_core-gap10_min3_strict-v1:O94913:178-186,O94913,184,S,3,35254053;39531497;39534244,og_consensus_gaps5-8-10-12-15_core-gap10_min3_strict-v1
og_consensus_gaps5-8-10-12-15_core-gap10_min3_strict-v1:O94913:178-186,O94913,186,S,1,35132862,og_consensus_gaps5-8-10-12-15_core-gap10_min3_strict-v1
og_consensus_gaps5-8-10-12-15_core-gap10_min3_strict-v1:O95081:185-198,O95081,185,S,4,35132862;35254053;39531497;39534244,og_consensus_gaps5-8-10-12-15_core-gap10_min3_strict-v1
og_consensus_gaps5-8-10-12-15_core-gap10_min3_strict-v1:O95081:185-198,O95081,187,S,4,32574038;35132862;37541260;39531497,og_consensus_gaps5-8-10-12-15_core-gap10_min3_strict-v1
og_consensus_gaps5-8-10-12-15_core-gap10_min3_strict-v1:O95081:185-198,O95081,191,S,11,29351928;30620550;31492838;32574038;35132862;35254053;35705054;36240223;39302247;39531497;39534244,og_consensus_gaps5-8-10-12-15_core-gap10_min3_strict-v1
og_consensus_gaps5-8-10-12-15_core-gap10_min3_strict-v1:O95081:185-198,O95081,192,T,8,29351928;32574038;35513511;36240223;37541260;39302247;39531497;39534244,og_consensus_gaps5-8-10-12-15_core-gap10_min3_strict-v1
og_consensus_gaps5-8-10-12-15_core-gap10_min3_strict-v1:O95081:185-198,O95081,193,S,2,29351928;39534244,og_consensus_gaps5-8-10-12-15_core-gap10_min3_strict-v1
og_consensus_gaps5-8-10-12-15_core-gap10_min3_strict-v1:O95081:185-198,O95081,194,S,3,29351928;39531497;39534244,og_consensus_gaps5-8-10-12-15_core-gap10_min3_strict-v1
og_consensus_gaps5-8-10-12-15_core-gap10_min3_strict-v1:O95081:185-198,O95081,198,S,3,31492838;39302247;39534244,og_consensus_gaps5-8-10-12-15_core-gap10_min3_strict-v1
og_consensus_gaps5-8-10-12-15_core-gap10_min3_strict-v1:O95292:142-146,O95292,142,S,3,32574038;33465208;35289036,og_consensus_gaps5-8-10-12-15_core-gap10_min3_strict-v1
og_consensus_gaps5-8-10-12-15_core-gap10_min3_strict-v1:O95292:142-146,O95292,143,T,1,32574038,og_consensus_gaps5-8-10-12-15_core-gap10_min3_strict-v1
og_consensus_gaps5-8-10-12-15_core-gap10_min3_strict-v1:O95292:142-146,O95292,146,S,1,33465208,og_consensus_gaps5-8-10-12-15_core-gap10_min3_strict-v1
og_consensus_gaps5-8-10-12-15_core-gap10_min3_strict-v1:O95425:877-881,O95425,877,T,1,39531497,og_consensus_gaps5-8-10-12-15_core-gap10_min3_strict-v1
og_consensus_gaps5-8-10-12-15_core-gap10_min3_strict-v1:O95425:877-881,O95425,878,S,1,35254053,og_consensus_gaps5-8-10-12-15_core-gap10_min3_strict-v1
og_consensus_gaps5-8-10-12-15_core-gap10_min3_strict-v1:O95425:877-881,O95425,881,T,1,39534244,og_consensus_gaps5-8-10-12-15_core-gap10_min3_strict-v1
og_consensus_gaps5-8-10-12-15_core-gap10_min3_strict-v1:O95486:156-180,O95486,156,S,4,34846842;35254053;38838015;39531497,og_consensus_gaps5-8-10-12-15_core-gap10_min3_strict-v1
og_consensus_gaps5-8-10-12-15_core-gap10_min3_strict-v1:O95486:156-180,O95486,157,S,2,35254053;39531497,og_consensus_gaps5-8-10-12-15_core-gap10_min3_strict-v1
og_consensus_gaps5-8-10-12-15_core-gap10_min3_strict-v1:O95486:156-180,O95486,160,T,2,35254053;39302247,og_consensus_gaps5-8-10-12-15_core-gap10_min3_strict-v1
og_consensus_gaps5-8-10-12-15_core-gap10_min3_strict-v1:O95486:156-180,O95486,162,S,6,32938750;35254053;35513511;38838015;39302247;39531497,og_consensus_gaps5-8-10-12-15_core-gap10_min3_strict-v1
og_consensus_gaps5-8-10-12-15_core-gap10_min3_strict-v1:O95486:156-180,O95486,165,T,1,39534244,og_consensus_gaps5-8-10-12-15_core-gap10_min3_strict-v1
og_consensus_gaps5-8-10-12-15_core-gap10_min3_strict-v1:O95486:156-180,O95486,166,S,1,39534244,og_consensus_gaps5-8-10-12-15_core-gap10_min3_strict-v1
og_consensus_gaps5-8-10-12-15_core-gap10_min3_strict-v1:O95486:156-180,O95486,168,T,2,34846842;39534244,og_consensus_gaps5-8-10-12-15_core-gap10_min3_strict-v1
og_consensus_gaps5-8-10-12-15_core-gap10_min3_strict-v1:O95486:156-180,O95486,169,T,2,32574038;39534244,og_consensus_gaps5-8-10-12-15_core-gap10_min3_strict-v1
og_consensus_gaps5-8-10-12-15_core-gap10_min3_strict-v1:O95486:156-180,O95486,175,S,3,34846842;35254053;39534244,og_consensus_gaps5-8-10-12-15_core-gap10_min3_strict-v1
og_consensus_gaps5-8-10-12-15_core-gap10_min3_strict-v1:O95486:156-180,O95486,176,S,2,35132862;39534244,og_consensus_gaps5-8-10-12-15_core-gap10_min3_strict-v1
og_consensus_gaps5-8-10-12-15_core-gap10_min3_strict-v1:O95486:156-180,O95486,180,S,1,39534244,og_consensus_gaps5-8-10-12-15_core-gap10_min3_strict-v1
og_consensus_gaps5-8-10-12-15_core-gap10_min3_strict-v1:O95487:226-238,O95487,226,S,1,29351928,og_consensus_gaps5-8-10-12-15_core-gap10_min3_strict-v1
og_consensus_gaps5-8-10-12-15_core-gap10_min3_strict-v1:O95487:226-238,O95487,228,S,1,39531497,og_consensus_gaps5-8-10-12-15_core-gap10_min3_strict-v1
og_consensus_gaps5-8-10-12-15_core-gap10_min3_strict-v1:O95487:226-238,O95487,232,T,1,29351928,og_consensus_gaps5-8-10-12-15_core-gap10_min3_strict-v1
og_consensus_gaps5-8-10-12-15_core-gap10_min3_strict-v1:O95487:226-238,O95487,235,S,2,29351928;39531497,og_consensus_gaps5-8-10-12-15_core-gap10_min3_strict-v1
og_consensus_gaps5-8-10-12-15_core-gap10_min3_strict-v1:O95487:226-238,O95487,238,S,1,39531497,og_consensus_gaps5-8-10-12-15_core-gap10_min3_strict-v1
og_consensus_gaps5-8-10-12-15_core-gap10_min3_strict-v1:O95487:255-261,O95487,255,S,1,39534244,og_consensus_gaps5-8-10-12-15_core-gap10_min3_strict-v1
og_consensus_gaps5-8-10-12-15_core-gap10_min3_strict-v1:O95487:255-261,O95487,259,T,1,39534244,og_consensus_gaps5-8-10-12-15_core-gap10_min3_strict-v1
og_consensus_gaps5-8-10-12-15_core-gap10_min3_strict-v1:O95487:255-261,O95487,261,T,1,39534244,og_consensus_gaps5-8-10-12-15_core-gap10_min3_strict-v1
og_consensus_gaps5-8-10-12-15_core-gap10_min3_strict-v1:O95487:292-298,O95487,292,T,5,28604694;32938750;35254053;37541260;39531497,og_consensus_gaps5-8-10-12-15_core-gap10_min3_strict-v1
og_consensus_gaps5-8-10-12-15_core-gap10_min3_strict-v1:O95487:292-298,O95487,296,S,3,28604694;35254053;39531497,og_consensus_gaps5-8-10-12-15_core-gap10_min3_strict-v1
og_consensus_gaps5-8-10-12-15_core-gap10_min3_strict-v1:O95487:292-298,O95487,298,S,2,28604694;39531497,og_consensus_gaps5-8-10-12-15_core-gap10_min3_strict-v1
og_consensus_gaps5-8-10-12-15_core-gap10_min3_strict-v1:O95487:310-347,O95487,310,S,10,28604694;29237092;32938750;34846842;35254053;35289036;35705054;38838015;39531497;39534244,og_consensus_gaps5-8-10-12-15_core-gap10_min3_strict-v1
og_consensus_gaps5-8-10-12-15_core-gap10_min3_strict-v1:O95487:310-347,O95487,311,S,6,28604694;35254053;35289036;37541260;38838015;39531497,og_consensus_gaps5-8-10-12-15_core-gap10_min3_strict-v1
og_consensus_gaps5-8-10-12-15_core-gap10_min3_strict-v1:O95487:310-347,O95487,315,S,16,23301498;28657654;29237092;29351928;30059200;31492838;32574038;32938750;34846842;35254053;35705054;37541260;38838015;39302247;39531497;39534244,og_consensus_gaps5-8-10-12-15_core-gap10_min3_strict-v1
og_consensus_gaps5-8-10-12-15_core-gap10_min3_strict-v1:O95487:310-347,O95487,316,T,1,35132862,og_consensus_gaps5-8-10-12-15_core-gap10_min3_strict-v1
og_consensus_gaps5-8-10-12-15_core-gap10_min3_strict-v1:O95487:310-347,O95487,319,S,2,34846842;35705054,og_consensus_gaps5-8-10-12-15_core-gap10_min3_strict-v1
og_consensus_gaps5-8-10-12-15_core-gap10_min3_strict-v1:O95487:310-347,O95487,321,S,2,34846842;35289036,og_consensus_gaps5-8-10-12-15_core-gap10_min3_strict-v1
og_consensus_gaps5-8-10-12-15_core-gap10_min3_strict-v1:O95487:310-347,O95487,324,S,1,21740066,og_consensus_gaps5-8-10-12-15_core-gap10_min3_strict-v1
og_consensus_gaps5-8-10-12-15_core-gap10_min3_strict-v1:O95487:310-347,O95487,326,S,1,34846842,og_consensus_gaps5-8-10-12-15_core-gap10_min3_strict-v1
og_consensus_gaps5-8-10-12-15_core-gap10_min3_strict-v1:O95487:310-347,O95487,329,T,3,34846842;35254053;39302247,og_consensus_gaps5-8-10-12-15_core-gap10_min3_strict-v1
og_consensus_gaps5-8-10-12-15_core-gap10_min3_strict-v1:O95487:310-347,O95487,332,T,1,34846842,og_consensus_gaps5-8-10-12-15_core-gap10_min3_strict-v1
og_consensus_gaps5-8-10-12-15_core-gap10_min3_strict-v1:O95487:310-347,O95487,341,T,10,21740066;29351928;30059200;30620550;32574038;32938750;35254053;35705054;39302247;39531497,og_consensus_gaps5-8-10-12-15_core-gap10_min3_strict-v1
og_consensus_gaps5-8-10-12-15_core-gap10_min3_strict-v1:O95487:310-347,O95487,342,S,13,21740066;23301498;30059200;31492838;32574038;32938750;35254053;35705054;37541260;38838015;39302247;39531497;39534244,og_consensus_gaps5-8-10-12-15_core-gap10_min3_strict-v1
og_consensus_gaps5-8-10-12-15_core-gap10_min3_strict-v1:O95487:310-347,O95487,344,T,11,28657654;30059200;30620550;32938750;35132862;35254053;35513511;37541260;38838015;39302247;39531497,og_consensus_gaps5-8-10-12-15_core-gap10_min3_strict-v1
og_consensus_gaps5-8-10-12-15_core-gap10_min3_strict-v1:O95487:310-347,O95487,347,S,5,22661428;34846842;35254053;37541260;39531497,og_consensus_gaps5-8-10-12-15_core-gap10_min3_strict-v1
og_consensus_gaps5-8-10-12-15_core-gap10_min3_strict-v1:O95628:316-324,O95628,316,S,13,29351928;30059200;30620550;31373491;31492838;32574038;32938750;35132862;35254053;35513511;37541260;39531497;39534244,og_consensus_gaps5-8-10-12-15_core-gap10_min3_strict-v1
og_consensus_gaps5-8-10-12-15_core-gap10_min3_strict-v1:O95628:316-324,O95628,317,S,2,31492838;32574038,og_consensus_gaps5-8-10-12-15_core-gap10_min3_strict-v1
og_consensus_gaps5-8-10-12-15_core-gap10_min3_strict-v1:O95628:316-324,O95628,318,S,2,32574038;39534244,og_consensus_gaps5-8-10-12-15_core-gap10_min3_strict-v1
og_consensus_gaps5-8-10-12-15_core-gap10_min3_strict-v1:O95628:316-324,O95628,321,S,3,30379171;35289036;39534244,og_consensus_gaps5-8-10-12-15_core-gap10_min3_strict-v1
og_consensus_gaps5-8-10-12-15_core-gap10_min3_strict-v1:O95628:316-324,O95628,324,S,3,35254053;37541260;39531497,og_consensus_gaps5-8-10-12-15_core-gap10_min3_strict-v1
og_consensus_gaps5-8-10-12-15_core-gap10_min3_strict-v1:O95628:360-362,O95628,360,T,1,39534244,og_consensus_gaps5-8-10-12-15_core-gap10_min3_strict-v1
og_consensus_gaps5-8-10-12-15_core-gap10_min3_strict-v1:O95628:360-362,O95628,361,S,1,39534244,og_consensus_gaps5-8-10-12-15_core-gap10_min3_strict-v1
og_consensus_gaps5-8-10-12-15_core-gap10_min3_strict-v1:O95628:360-362,O95628,362,S,1,39534244,og_consensus_gaps5-8-10-12-15_core-gap10_min3_strict-v1
og_consensus_gaps5-8-10-12-15_core-gap10_min3_strict-v1:O95817:171-177,O95817,171,S,1,39531497,og_consensus_gaps5-8-10-12-15_core-gap10_min3_strict-v1
og_consensus_gaps5-8-10-12-15_core-gap10_min3_strict-v1:O95817:171-177,O95817,173,S,1,39531497,og_consensus_gaps5-8-10-12-15_core-gap10_min3_strict-v1
og_consensus_gaps5-8-10-12-15_core-gap10_min3_strict-v1:O95817:171-177,O95817,177,S,1,38838015,og_consensus_gaps5-8-10-12-15_core-gap10_min3_strict-v1
og_consensus_gaps5-8-10-12-15_core-gap10_min3_strict-v1:O95835:479-490,O95835,479,S,4,32938750;35254053;39302247;39531497,og_consensus_gaps5-8-10-12-15_core-gap10_min3_strict-v1
og_consensus_gaps5-8-10-12-15_core-gap10_min3_strict-v1:O95835:479-490,O95835,484,T,1,35254053,og_consensus_gaps5-8-10-12-15_core-gap10_min3_strict-v1
og_consensus_gaps5-8-10-12-15_core-gap10_min3_strict-v1:O95835:479-490,O95835,485,T,1,35254053,og_consensus_gaps5-8-10-12-15_core-gap10_min3_strict-v1
og_consensus_gaps5-8-10-12-15_core-gap10_min3_strict-v1:O95835:479-490,O95835,487,T,1,39531497,og_consensus_gaps5-8-10-12-15_core-gap10_min3_strict-v1
og_consensus_gaps5-8-10-12-15_core-gap10_min3_strict-v1:O95835:479-490,O95835,490,T,2,35254053;35513511,og_consensus_gaps5-8-10-12-15_core-gap10_min3_strict-v1
og_consensus_gaps5-8-10-12-15_core-gap10_min3_strict-v1:P00966:242-246,P00966,242,T,1,34105348,og_consensus_gaps5-8-10-12-15_core-gap10_min3_strict-v1
og_consensus_gaps5-8-10-12-15_core-gap10_min3_strict-v1:P00966:242-246,P00966,243,T,1,34105348,og_consensus_gaps5-8-10-12-15_core-gap10_min3_strict-v1
og_consensus_gaps5-8-10-12-15_core-gap10_min3_strict-v1:P00966:242-246,P00966,246,T,1,34105348,og_consensus_gaps5-8-10-12-15_core-gap10_min3_strict-v1
og_consensus_gaps5-8-10-12-15_core-gap10_min3_strict-v1:P02545:599-636,P02545,599,S,7,28604694;30379171;32938750;34846842;35254053;35289036;39531497,og_consensus_gaps5-8-10-12-15_core-gap10_min3_strict-v1
og_consensus_gaps5-8-10-12-15_core-gap10_min3_strict-v1:P02545:599-636,P02545,601,S,5,28604694;30379171;34846842;35289036;39531497,og_consensus_gaps5-8-10-12-15_core-gap10_min3_strict-v1
og_consensus_gaps5-8-10-12-15_core-gap10_min3_strict-v1:P02545:599-636,P02545,603,S,7,28604694;29772801;30379171;34846842;35254053;35289036;39534244,og_consensus_gaps5-8-10-12-15_core-gap10_min3_strict-v1
og_consensus_gaps5-8-10-12-15_core-gap10_min3_strict-v1:P02545:599-636,P02545,612,S,15,20068230;29351928;29772801;30059200;30620550;31492838;32574038;32938750;34846842;35132862;35254053;35289036;35513511;39531497;39534244,og_consensus_gaps5-8-10-12-15_core-gap10_min3_strict-v1
og_consensus_gaps5-8-10-12-15_core-gap10_min3_strict-v1:P02545:599-636,P02545,613,S,13,28604694;29237092;29772801;30059200;31492838;32574038;32938750;34846842;35254053;35289036;37541260;39531497;39534244,og_consensus_gaps5-8-10-12-15_core-gap10_min3_strict-v1
og_consensus_gaps5-8-10-12-15_core-gap10_min3_strict-v1:P02545:599-636,P02545,615,S,6,29772801;32574038;34846842;35254053;35289036;39534244,og_consensus_gaps5-8-10-12-15_core-gap10_min3_strict-v1
og_consensus_gaps5-8-10-12-15_core-gap10_min3_strict-v1:P02545:599-636,P02545,616,S,2,29772801;35289036,og_consensus_gaps5-8-10-12-15_core-gap10_min3_strict-v1
og_consensus_gaps5-8-10-12-15_core-gap10_min3_strict-v1:P02545:599-636,P02545,618,S,3,29772801;34846842;35289036,og_consensus_gaps5-8-10-12-15_core-gap10_min3_strict-v1
og_consensus_gaps5-8-10-12-15_core-gap10_min3_strict-v1:P02545:599-636,P02545,619,S,4,29772801;34846842;35254053;35289036,og_consensus_gaps5-8-10-12-15_core-gap10_min3_strict-v1
og_consensus_gaps5-8-10-12-15_core-gap10_min3_strict-v1:P02545:599-636,P02545,621,T,2,29772801;35254053,og_consensus_gaps5-8-10-12-15_core-gap10_min3_strict-v1
og_consensus_gaps5-8-10-12-15_core-gap10_min3_strict-v1:P02545:599-636,P02545,623,T,4,29772801;34846842;35254053;39534244,og_consensus_gaps5-8-10-12-15_core-gap10_min3_strict-v1
og_consensus_gaps5-8-10-12-15_core-gap10_min3_strict-v1:P02545:599-636,P02545,628,S,5,29772801;34846842;35254053;35513511;39531497,og_consensus_gaps5-8-10-12-15_core-gap10_min3_strict-v1
og_consensus_gaps5-8-10-12-15_core-gap10_min3_strict-v1:P02545:599-636,P02545,632,S,2,35289036;39531497,og_consensus_gaps5-8-10-12-15_core-gap10_min3_strict-v1
og_consensus_gaps5-8-10-12-15_core-gap10_min3_strict-v1:P02545:599-636,P02545,636,S,4,34846842;35132862;35289036;39302247,og_consensus_gaps5-8-10-12-15_core-gap10_min3_strict-v1
og_consensus_gaps5-8-10-12-15_core-gap10_min3_strict-v1:P04150:38-47,P04150,38,T,1,39531497,og_consensus_gaps5-8-10-12-15_core-gap10_min3_strict-v1
og_consensus_gaps5-8-10-12-15_core-gap10_min3_strict-v1:P04150:38-47,P04150,42,S,13,28657654;29351928;30059200;30379171;31492838;32938750;34846842;35254053;35289036;35513511;35705054;38838015;39531497,og_consensus_gaps5-8-10-12-15_core-gap10_min3_strict-v1
og_consensus_gaps5-8-10-12-15_core-gap10_min3_strict-v1:P04150:38-47,P04150,44,S,6,29351928;32574038;34846842;35254053;35289036;39531497,og_consensus_gaps5-8-10-12-15_core-gap10_min3_strict-v1
og_consensus_gaps5-8-10-12-15_core-gap10_min3_strict-v1:P04150:38-47,P04150,45,S,2,34846842;35289036,og_consensus_gaps5-8-10-12-15_core-gap10_min3_strict-v1
og_consensus_gaps5-8-10-12-15_core-gap10_min3_strict-v1:P04150:38-47,P04150,47,S,3,29351928;34846842;35132862,og_consensus_gaps5-8-10-12-15_core-gap10_min3_strict-v1
og_consensus_gaps5-8-10-12-15_core-gap10_min3_strict-v1:P04792:174-187,P04792,174,T,7,28657654;30620550;31492838;32574038;32938750;35254053;35289036,og_consensus_gaps5-8-10-12-15_core-gap10_min3_strict-v1
og_consensus_gaps5-8-10-12-15_core-gap10_min3_strict-v1:P04792:174-187,P04792,176,S,1,35289036,og_consensus_gaps5-8-10-12-15_core-gap10_min3_strict-v1
og_consensus_gaps5-8-10-12-15_core-gap10_min3_strict-v1:P04792:174-187,P04792,180,T,4,31373491;31637018;35132862;35254053,og_consensus_gaps5-8-10-12-15_core-gap10_min3_strict-v1
og_consensus_gaps5-8-10-12-15_core-gap10_min3_strict-v1:P04792:174-187,P04792,184,T,14,28657654;30059200;31373491;31492838;32574038;32938750;35132862;35254053;35289036;35513511;37541260;39302247;39531497;39534244,og_consensus_gaps5-8-10-12-15_core-gap10_min3_strict-v1
og_consensus_gaps5-8-10-12-15_core-gap10_min3_strict-v1:P04792:174-187,P04792,187,S,6,28657654;31637018;34846842;35254053;35289036;39534244,og_consensus_gaps5-8-10-12-15_core-gap10_min3_strict-v1
og_consensus_gaps5-8-10-12-15_core-gap10_min3_strict-v1:P05556:96-102,P05556,96,T,1,33465208,og_consensus_gaps5-8-10-12-15_core-gap10_min3_strict-v1
og_consensus_gaps5-8-10-12-15_core-gap10_min3_strict-v1:P05556:96-102,P05556,99,S,1,33465208,og_consensus_gaps5-8-10-12-15_core-gap10_min3_strict-v1
og_consensus_gaps5-8-10-12-15_core-gap10_min3_strict-v1:P05556:96-102,P05556,102,T,1,33465208,og_consensus_gaps5-8-10-12-15_core-gap10_min3_strict-v1
og_consensus_gaps5-8-10-12-15_core-gap10_min3_strict-v1:P05783:15-51,P05783,15,S,7,30059200;31373491;35254053;35289036;35513511;39531497;39534244,og_consensus_gaps5-8-10-12-15_core-gap10_min3_strict-v1
og_consensus_gaps5-8-10-12-15_core-gap10_min3_strict-v1:P05783:15-51,P05783,18,S,4,30059200;31373491;35254053;39531497,og_consensus_gaps5-8-10-12-15_core-gap10_min3_strict-v1
og_consensus_gaps5-8-10-12-15_core-gap10_min3_strict-v1:P05783:15-51,P05783,23,S,2,34105348;35254053,og_consensus_gaps5-8-10-12-15_core-gap10_min3_strict-v1
og_consensus_gaps5-8-10-12-15_core-gap10_min3_strict-v1:P05783:15-51,P05783,30,S,14,20729838;29237092;30059200;30379171;31373491;31492838;32574038;34105348;35132862;35254053;35513511;39531497;39534244;7538124,og_consensus_gaps5-8-10-12-15_core-gap10_min3_strict-v1
og_consensus_gaps5-8-10-12-15_core-gap10_min3_strict-v1:P05783:15-51,P05783,31,S,17,20068230;20729838;29237092;30059200;30379171;30620550;31373491;31492838;31637018;32574038;34105348;35132862;35254053;35513511;39531497;39534244;7538124,og_consensus_gaps5-8-10-12-15_core-gap10_min3_strict-v1
og_consensus_gaps5-8-10-12-15_core-gap10_min3_strict-v1:P05783:15-51,P05783,34,S,7,30059200;31373491;32574038;34105348;35132862;35254053;39534244,og_consensus_gaps5-8-10-12-15_core-gap10_min3_strict-v1
og_consensus_gaps5-8-10-12-15_core-gap10_min3_strict-v1:P05783:15-51,P05783,42,S,2,32574038;39534244,og_consensus_gaps5-8-10-12-15_core-gap10_min3_strict-v1
og_consensus_gaps5-8-10-12-15_core-gap10_min3_strict-v1:P05783:15-51,P05783,44,S,1,32574038,og_consensus_gaps5-8-10-12-15_core-gap10_min3_strict-v1
og_consensus_gaps5-8-10-12-15_core-gap10_min3_strict-v1:P05783:15-51,P05783,49,S,5,20729838;31373491;32574038;39531497;7538124,og_consensus_gaps5-8-10-12-15_core-gap10_min3_strict-v1
og_consensus_gaps5-8-10-12-15_core-gap10_min3_strict-v1:P05783:15-51,P05783,51,S,1,39531497,og_consensus_gaps5-8-10-12-15_core-gap10_min3_strict-v1
og_consensus_gaps5-8-10-12-15_core-gap10_min3_strict-v1:P05787:9-15,P05787,9,S,2,32574038;34846842,og_consensus_gaps5-8-10-12-15_core-gap10_min3_strict-v1
og_consensus_gaps5-8-10-12-15_core-gap10_min3_strict-v1:P05787:9-15,P05787,13,S,6,20068230;30059200;32574038;34846842;35289036;39531497,og_consensus_gaps5-8-10-12-15_core-gap10_min3_strict-v1
og_consensus_gaps5-8-10-12-15_core-gap10_min3_strict-v1:P05787:9-15,P05787,14,T,1,32574038,og_consensus_gaps5-8-10-12-15_core-gap10_min3_strict-v1
og_consensus_gaps5-8-10-12-15_core-gap10_min3_strict-v1:P05787:9-15,P05787,15,S,3,20068230;21158410;32574038,og_consensus_gaps5-8-10-12-15_core-gap10_min3_strict-v1
og_consensus_gaps5-8-10-12-15_core-gap10_min3_strict-v1:P05787:34-37,P05787,34,S,2,30059200;31373491,og_consensus_gaps5-8-10-12-15_core-gap10_min3_strict-v1
og_consensus_gaps5-8-10-12-15_core-gap10_min3_strict-v1:P05787:34-37,P05787,36,S,2,30059200;31373491,og_consensus_gaps5-8-10-12-15_core-gap10_min3_strict-v1
og_consensus_gaps5-8-10-12-15_core-gap10_min3_strict-v1:P05787:34-37,P05787,37,S,1,30059200,og_consensus_gaps5-8-10-12-15_core-gap10_min3_strict-v1
og_consensus_gaps5-8-10-12-15_core-gap10_min3_strict-v1:P05787:64-74,P05787,64,T,1,31373491,og_consensus_gaps5-8-10-12-15_core-gap10_min3_strict-v1
og_consensus_gaps5-8-10-12-15_core-gap10_min3_strict-v1:P05787:64-74,P05787,67,T,2,31373491;39531497,og_consensus_gaps5-8-10-12-15_core-gap10_min3_strict-v1
og_consensus_gaps5-8-10-12-15_core-gap10_min3_strict-v1:P05787:64-74,P05787,71,S,1,39531497,og_consensus_gaps5-8-10-12-15_core-gap10_min3_strict-v1
og_consensus_gaps5-8-10-12-15_core-gap10_min3_strict-v1:P05787:64-74,P05787,74,S,1,39531497,og_consensus_gaps5-8-10-12-15_core-gap10_min3_strict-v1
og_consensus_gaps5-8-10-12-15_core-gap10_min3_strict-v1:P05787:431-436,P05787,431,T,2,39531497;39534244,og_consensus_gaps5-8-10-12-15_core-gap10_min3_strict-v1
og_consensus_gaps5-8-10-12-15_core-gap10_min3_strict-v1:P05787:431-436,P05787,432,S,1,39534244,og_consensus_gaps5-8-10-12-15_core-gap10_min3_strict-v1
og_consensus_gaps5-8-10-12-15_core-gap10_min3_strict-v1:P05787:431-436,P05787,436,S,1,39534244,og_consensus_gaps5-8-10-12-15_core-gap10_min3_strict-v1
og_consensus_gaps5-8-10-12-15_core-gap10_min3_strict-v1:P05787:475-478,P05787,475,S,7,20068230;30059200;31373491;32574038;34846842;35289036;39531497,og_consensus_gaps5-8-10-12-15_core-gap10_min3_strict-v1
og_consensus_gaps5-8-10-12-15_core-gap10_min3_strict-v1:P05787:475-478,P05787,477,S,4,31373491;32574038;35132862;39534244,og_consensus_gaps5-8-10-12-15_core-gap10_min3_strict-v1
og_consensus_gaps5-8-10-12-15_core-gap10_min3_strict-v1:P05787:475-478,P05787,478,S,2,32574038;39534244,og_consensus_gaps5-8-10-12-15_core-gap10_min3_strict-v1
og_consensus_gaps5-8-10-12-15_core-gap10_min3_strict-v1:P06401:497-501,P06401,497,S,1,39395796,og_consensus_gaps5-8-10-12-15_core-gap10_min3_strict-v1
og_consensus_gaps5-8-10-12-15_core-gap10_min3_strict-v1:P06401:497-501,P06401,498,T,1,39395796,og_consensus_gaps5-8-10-12-15_core-gap10_min3_strict-v1
og_consensus_gaps5-8-10-12-15_core-gap10_min3_strict-v1:P06401:497-501,P06401,499,S,1,39395796,og_consensus_gaps5-8-10-12-15_core-gap10_min3_strict-v1
og_consensus_gaps5-8-10-12-15_core-gap10_min3_strict-v1:P06401:497-501,P06401,501,S,1,39395796,og_consensus_gaps5-8-10-12-15_core-gap10_min3_strict-v1
og_consensus_gaps5-8-10-12-15_core-gap10_min3_strict-v1:P06748:82-88,P06748,82,S,1,35254053,og_consensus_gaps5-8-10-12-15_core-gap10_min3_strict-v1
og_consensus_gaps5-8-10-12-15_core-gap10_min3_strict-v1:P06748:82-88,P06748,86,T,1,39531497,og_consensus_gaps5-8-10-12-15_core-gap10_min3_strict-v1
og_consensus_gaps5-8-10-12-15_core-gap10_min3_strict-v1:P06748:82-88,P06748,88,S,2,31373491;39534244,og_consensus_gaps5-8-10-12-15_core-gap10_min3_strict-v1
og_consensus_gaps5-8-10-12-15_core-gap10_min3_strict-v1:P07196:38-48,P07196,38,S,1,28657654,og_consensus_gaps5-8-10-12-15_core-gap10_min3_strict-v1
og_consensus_gaps5-8-10-12-15_core-gap10_min3_strict-v1:P07196:38-48,P07196,41,S,1,28657654,og_consensus_gaps5-8-10-12-15_core-gap10_min3_strict-v1
og_consensus_gaps5-8-10-12-15_core-gap10_min3_strict-v1:P07196:38-48,P07196,42,S,1,28657654,og_consensus_gaps5-8-10-12-15_core-gap10_min3_strict-v1
og_consensus_gaps5-8-10-12-15_core-gap10_min3_strict-v1:P07196:38-48,P07196,44,S,1,28657654,og_consensus_gaps5-8-10-12-15_core-gap10_min3_strict-v1
og_consensus_gaps5-8-10-12-15_core-gap10_min3_strict-v1:P07196:38-48,P07196,48,S,1,28657654,og_consensus_gaps5-8-10-12-15_core-gap10_min3_strict-v1
og_consensus_gaps5-8-10-12-15_core-gap10_min3_strict-v1:P07196:429-436,P07196,429,T,1,28657654,og_consensus_gaps5-8-10-12-15_core-gap10_min3_strict-v1
og_consensus_gaps5-8-10-12-15_core-gap10_min3_strict-v1:P07196:429-436,P07196,430,S,1,28657654,og_consensus_gaps5-8-10-12-15_core-gap10_min3_strict-v1
og_consensus_gaps5-8-10-12-15_core-gap10_min3_strict-v1:P07196:429-436,P07196,431,S,1,28657654,og_consensus_gaps5-8-10-12-15_core-gap10_min3_strict-v1
og_consensus_gaps5-8-10-12-15_core-gap10_min3_strict-v1:P07196:429-436,P07196,436,T,1,28657654,og_consensus_gaps5-8-10-12-15_core-gap10_min3_strict-v1
og_consensus_gaps5-8-10-12-15_core-gap10_min3_strict-v1:P07197:44-50,P07197,44,S,1,37541260,og_consensus_gaps5-8-10-12-15_core-gap10_min3_strict-v1
og_consensus_gaps5-8-10-12-15_core-gap10_min3_strict-v1:P07197:44-50,P07197,47,T,3,23301498;28657654;37541260,og_consensus_gaps5-8-10-12-15_core-gap10_min3_strict-v1
og_consensus_gaps5-8-10-12-15_core-gap10_min3_strict-v1:P07197:44-50,P07197,49,S,2,23301498;28657654,og_consensus_gaps5-8-10-12-15_core-gap10_min3_strict-v1
og_consensus_gaps5-8-10-12-15_core-gap10_min3_strict-v1:P07197:44-50,P07197,50,S,1,28657654,og_consensus_gaps5-8-10-12-15_core-gap10_min3_strict-v1
og_consensus_gaps5-8-10-12-15_core-gap10_min3_strict-v1:P07339:258-265,P07339,258,S,1,39531497,og_consensus_gaps5-8-10-12-15_core-gap10_min3_strict-v1
og_consensus_gaps5-8-10-12-15_core-gap10_min3_strict-v1:P07339:258-265,P07339,260,S,1,35132862,og_consensus_gaps5-8-10-12-15_core-gap10_min3_strict-v1
og_consensus_gaps5-8-10-12-15_core-gap10_min3_strict-v1:P07339:258-265,P07339,265,T,3,36240223;39531497;39534244,og_consensus_gaps5-8-10-12-15_core-gap10_min3_strict-v1
og_consensus_gaps5-8-10-12-15_core-gap10_min3_strict-v1:P08047:271-276,P08047,271,S,1,39531497,og_consensus_gaps5-8-10-12-15_core-gap10_min3_strict-v1
og_consensus_gaps5-8-10-12-15_core-gap10_min3_strict-v1:P08047:271-276,P08047,273,S,2,29351928;39531497,og_consensus_gaps5-8-10-12-15_core-gap10_min3_strict-v1
og_consensus_gaps5-8-10-12-15_core-gap10_min3_strict-v1:P08047:271-276,P08047,276,T,1,39531497,og_consensus_gaps5-8-10-12-15_core-gap10_min3_strict-v1
og_consensus_gaps5-8-10-12-15_core-gap10_min3_strict-v1:P08235:295-299,P08235,295,S,1,36229526,og_consensus_gaps5-8-10-12-15_core-gap10_min3_strict-v1
og_consensus_gaps5-8-10-12-15_core-gap10_min3_strict-v1:P08235:295-299,P08235,298,S,1,36229526,og_consensus_gaps5-8-10-12-15_core-gap10_min3_strict-v1
og_consensus_gaps5-8-10-12-15_core-gap10_min3_strict-v1:P08235:295-299,P08235,299,S,1,36229526,og_consensus_gaps5-8-10-12-15_core-gap10_min3_strict-v1
og_consensus_gaps5-8-10-12-15_core-gap10_min3_strict-v1:P08651:270-277,P08651,270,T,1,34846842,og_consensus_gaps5-8-10-12-15_core-gap10_min3_strict-v1
og_consensus_gaps5-8-10-12-15_core-gap10_min3_strict-v1:P08651:270-277,P08651,275,S,3,30059200;31492838;35254053,og_consensus_gaps5-8-10-12-15_core-gap10_min3_strict-v1
og_consensus_gaps5-8-10-12-15_core-gap10_min3_strict-v1:P08651:270-277,P08651,277,S,1,35289036,og_consensus_gaps5-8-10-12-15_core-gap10_min3_strict-v1
og_consensus_gaps5-8-10-12-15_core-gap10_min3_strict-v1:P08651:462-464,P08651,462,T,2,35289036;39531497,og_consensus_gaps5-8-10-12-15_core-gap10_min3_strict-v1
og_consensus_gaps5-8-10-12-15_core-gap10_min3_strict-v1:P08651:462-464,P08651,463,T,1,35254053,og_consensus_gaps5-8-10-12-15_core-gap10_min3_strict-v1
og_consensus_gaps5-8-10-12-15_core-gap10_min3_strict-v1:P08651:462-464,P08651,464,S,2,35254053;35289036,og_consensus_gaps5-8-10-12-15_core-gap10_min3_strict-v1
og_consensus_gaps5-8-10-12-15_core-gap10_min3_strict-v1:P08670:20-55,P08670,20,T,1,39534244,og_consensus_gaps5-8-10-12-15_core-gap10_min3_strict-v1
og_consensus_gaps5-8-10-12-15_core-gap10_min3_strict-v1:P08670:20-55,P08670,22,S,7,29351928;30059200;31492838;35254053;39302247;39531497;39534244,og_consensus_gaps5-8-10-12-15_core-gap10_min3_strict-v1
og_consensus_gaps5-8-10-12-15_core-gap10_min3_strict-v1:P08670:20-55,P08670,25,S,1,29351928,og_consensus_gaps5-8-10-12-15_core-gap10_min3_strict-v1
og_consensus_gaps5-8-10-12-15_core-gap10_min3_strict-v1:P08670:20-55,P08670,26,S,1,39531497,og_consensus_gaps5-8-10-12-15_core-gap10_min3_strict-v1
og_consensus_gaps5-8-10-12-15_core-gap10_min3_strict-v1:P08670:20-55,P08670,27,S,7,29237092;29351928;30059200;31492838;35513511;37541260;39531497,og_consensus_gaps5-8-10-12-15_core-gap10_min3_strict-v1
og_consensus_gaps5-8-10-12-15_core-gap10_min3_strict-v1:P08670:20-55,P08670,29,S,2,35254053;37541260,og_consensus_gaps5-8-10-12-15_core-gap10_min3_strict-v1
og_consensus_gaps5-8-10-12-15_core-gap10_min3_strict-v1:P08670:20-55,P08670,32,T,1,35254053,og_consensus_gaps5-8-10-12-15_core-gap10_min3_strict-v1
og_consensus_gaps5-8-10-12-15_core-gap10_min3_strict-v1:P08670:20-55,P08670,33,T,4,20068230;30059200;35254053;35513511,og_consensus_gaps5-8-10-12-15_core-gap10_min3_strict-v1
og_consensus_gaps5-8-10-12-15_core-gap10_min3_strict-v1:P08670:20-55,P08670,34,S,9,20068230;23301498;30059200;30620550;31492838;35254053;35289036;35513511;37541260,og_consensus_gaps5-8-10-12-15_core-gap10_min3_strict-v1
og_consensus_gaps5-8-10-12-15_core-gap10_min3_strict-v1:P08670:20-55,P08670,35,T,3,30059200;30620550;39534244,og_consensus_gaps5-8-10-12-15_core-gap10_min3_strict-v1
og_consensus_gaps5-8-10-12-15_core-gap10_min3_strict-v1:P08670:20-55,P08670,37,T,5,30059200;31492838;35254053;39531497;39534244,og_consensus_gaps5-8-10-12-15_core-gap10_min3_strict-v1
og_consensus_gaps5-8-10-12-15_core-gap10_min3_strict-v1:P08670:20-55,P08670,39,S,7,30059200;31373491;32938750;35254053;35513511;39531497;39534244,og_consensus_gaps5-8-10-12-15_core-gap10_min3_strict-v1
og_consensus_gaps5-8-10-12-15_core-gap10_min3_strict-v1:P08670:20-55,P08670,42,S,1,39534244,og_consensus_gaps5-8-10-12-15_core-gap10_min3_strict-v1
og_consensus_gaps5-8-10-12-15_core-gap10_min3_strict-v1:P08670:20-55,P08670,47,S,2,35254053;39534244,og_consensus_gaps5-8-10-12-15_core-gap10_min3_strict-v1
og_consensus_gaps5-8-10-12-15_core-gap10_min3_strict-v1:P08670:20-55,P08670,48,T,2,35254053;39534244,og_consensus_gaps5-8-10-12-15_core-gap10_min3_strict-v1
og_consensus_gaps5-8-10-12-15_core-gap10_min3_strict-v1:P08670:20-55,P08670,49,S,9,29237092;29351928;30059200;35254053;35289036;37541260;39302247;39531497;39534244,og_consensus_gaps5-8-10-12-15_core-gap10_min3_strict-v1
og_consensus_gaps5-8-10-12-15_core-gap10_min3_strict-v1:P08670:20-55,P08670,51,S,2,35254053;39531497,og_consensus_gaps5-8-10-12-15_core-gap10_min3_strict-v1
og_consensus_gaps5-8-10-12-15_core-gap10_min3_strict-v1:P08670:20-55,P08670,55,S,5,17507370;31373491;31492838;35254053;39531497,og_consensus_gaps5-8-10-12-15_core-gap10_min3_strict-v1
og_consensus_gaps5-8-10-12-15_core-gap10_min3_strict-v1:P09651:360-368,P09651,360,S,2,32574038;35705054,og_consensus_gaps5-8-10-12-15_core-gap10_min3_strict-v1
og_consensus_gaps5-8-10-12-15_core-gap10_min3_strict-v1:P09651:360-368,P09651,361,S,3,31373491;32574038;37541260,og_consensus_gaps5-8-10-12-15_core-gap10_min3_strict-v1
og_consensus_gaps5-8-10-12-15_core-gap10_min3_strict-v1:P09651:360-368,P09651,363,S,2,30059200;30620550,og_consensus_gaps5-8-10-12-15_core-gap10_min3_strict-v1
og_consensus_gaps5-8-10-12-15_core-gap10_min3_strict-v1:P09651:360-368,P09651,368,S,1,35705054,og_consensus_gaps5-8-10-12-15_core-gap10_min3_strict-v1
og_consensus_gaps5-8-10-12-15_core-gap10_min3_strict-v1:P0C7T5:37-43,P0C7T5,37,T,4,32574038;35254053;37541260;39531497,og_consensus_gaps5-8-10-12-15_core-gap10_min3_strict-v1
og_consensus_gaps5-8-10-12-15_core-gap10_min3_strict-v1:P0C7T5:37-43,P0C7T5,40,S,7,29237092;30059200;31492838;35254053;35513511;37541260;39302247,og_consensus_gaps5-8-10-12-15_core-gap10_min3_strict-v1
og_consensus_gaps5-8-10-12-15_core-gap10_min3_strict-v1:P0C7T5:37-43,P0C7T5,43,S,1,32574038,og_consensus_gaps5-8-10-12-15_core-gap10_min3_strict-v1
og_consensus_gaps5-8-10-12-15_core-gap10_min3_strict-v1:P0C7T5:203-217,P0C7T5,203,S,5,34846842;35254053;35289036;37541260;39531497,og_consensus_gaps5-8-10-12-15_core-gap10_min3_strict-v1
og_consensus_gaps5-8-10-12-15_core-gap10_min3_strict-v1:P0C7T5:203-217,P0C7T5,205,T,2,35254053;39531497,og_consensus_gaps5-8-10-12-15_core-gap10_min3_strict-v1
og_consensus_gaps5-8-10-12-15_core-gap10_min3_strict-v1:P0C7T5:203-217,P0C7T5,206,S,2,34846842;35289036,og_consensus_gaps5-8-10-12-15_core-gap10_min3_strict-v1
og_consensus_gaps5-8-10-12-15_core-gap10_min3_strict-v1:P0C7T5:203-217,P0C7T5,215,S,7,30059200;31492838;32574038;35254053;35289036;39531497;39534244,og_consensus_gaps5-8-10-12-15_core-gap10_min3_strict-v1
og_consensus_gaps5-8-10-12-15_core-gap10_min3_strict-v1:P0C7T5:203-217,P0C7T5,216,S,4,30059200;34846842;35289036;39534244,og_consensus_gaps5-8-10-12-15_core-gap10_min3_strict-v1
og_consensus_gaps5-8-10-12-15_core-gap10_min3_strict-v1:P0C7T5:203-217,P0C7T5,217,T,4,32574038;32938750;35254053;39534244,og_consensus_gaps5-8-10-12-15_core-gap10_min3_strict-v1
og_consensus_gaps5-8-10-12-15_core-gap10_min3_strict-v1:P0CG13:90-97,P0CG13,90,T,1,30379171,og_consensus_gaps5-8-10-12-15_core-gap10_min3_strict-v1
og_consensus_gaps5-8-10-12-15_core-gap10_min3_strict-v1:P0CG13:90-97,P0CG13,92,T,1,30379171,og_consensus_gaps5-8-10-12-15_core-gap10_min3_strict-v1
og_consensus_gaps5-8-10-12-15_core-gap10_min3_strict-v1:P0CG13:90-97,P0CG13,97,T,1,30379171,og_consensus_gaps5-8-10-12-15_core-gap10_min3_strict-v1
og_consensus_gaps5-8-10-12-15_core-gap10_min3_strict-v1:P0DN25:5-8,P0DN25,5,S,1,31492838,og_consensus_gaps5-8-10-12-15_core-gap10_min3_strict-v1
og_consensus_gaps5-8-10-12-15_core-gap10_min3_strict-v1:P0DN25:5-8,P0DN25,7,T,1,31492838,og_consensus_gaps5-8-10-12-15_core-gap10_min3_strict-v1
og_consensus_gaps5-8-10-12-15_core-gap10_min3_strict-v1:P0DN25:5-8,P0DN25,8,S,1,31492838,og_consensus_gaps5-8-10-12-15_core-gap10_min3_strict-v1
og_consensus_gaps5-8-10-12-15_core-gap10_min3_strict-v1:P10070:812-815,P10070,812,T,1,30059200,og_consensus_gaps5-8-10-12-15_core-gap10_min3_strict-v1
og_consensus_gaps5-8-10-12-15_core-gap10_min3_strict-v1:P10070:812-815,P10070,814,S,4,30059200;30620550;31492838;35254053,og_consensus_gaps5-8-10-12-15_core-gap10_min3_strict-v1
og_consensus_gaps5-8-10-12-15_core-gap10_min3_strict-v1:P10070:812-815,P10070,815,S,1,35254053,og_consensus_gaps5-8-10-12-15_core-gap10_min3_strict-v1
og_consensus_gaps5-8-10-12-15_core-gap10_min3_strict-v1:P11117:269-275,P11117,269,T,1,35289036,og_consensus_gaps5-8-10-12-15_core-gap10_min3_strict-v1
og_consensus_gaps5-8-10-12-15_core-gap10_min3_strict-v1:P11117:269-275,P11117,273,T,1,35289036,og_consensus_gaps5-8-10-12-15_core-gap10_min3_strict-v1
og_consensus_gaps5-8-10-12-15_core-gap10_min3_strict-v1:P11117:269-275,P11117,275,S,1,35289036,og_consensus_gaps5-8-10-12-15_core-gap10_min3_strict-v1
og_consensus_gaps5-8-10-12-15_core-gap10_min3_strict-v1:P11279:64-72,P11279,64,T,2,33465208;35289036,og_consensus_gaps5-8-10-12-15_core-gap10_min3_strict-v1
og_consensus_gaps5-8-10-12-15_core-gap10_min3_strict-v1:P11279:64-72,P11279,69,S,2,33465208;35289036,og_consensus_gaps5-8-10-12-15_core-gap10_min3_strict-v1
og_consensus_gaps5-8-10-12-15_core-gap10_min3_strict-v1:P11279:64-72,P11279,72,T,1,35289036,og_consensus_gaps5-8-10-12-15_core-gap10_min3_strict-v1
og_consensus_gaps5-8-10-12-15_core-gap10_min3_strict-v1:P11279:207-211,P11279,207,S,1,36240223,og_consensus_gaps5-8-10-12-15_core-gap10_min3_strict-v1
og_consensus_gaps5-8-10-12-15_core-gap10_min3_strict-v1:P11279:207-211,P11279,209,S,1,36240223,og_consensus_gaps5-8-10-12-15_core-gap10_min3_strict-v1
og_consensus_gaps5-8-10-12-15_core-gap10_min3_strict-v1:P11279:207-211,P11279,211,S,1,36240223,og_consensus_gaps5-8-10-12-15_core-gap10_min3_strict-v1
og_consensus_gaps5-8-10-12-15_core-gap10_min3_strict-v1:P11717:99-105,P11717,99,S,1,35254053,og_consensus_gaps5-8-10-12-15_core-gap10_min3_strict-v1
og_consensus_gaps5-8-10-12-15_core-gap10_min3_strict-v1:P11717:99-105,P11717,103,S,1,35254053,og_consensus_gaps5-8-10-12-15_core-gap10_min3_strict-v1
og_consensus_gaps5-8-10-12-15_core-gap10_min3_strict-v1:P11717:99-105,P11717,105,T,1,35254053,og_consensus_gaps5-8-10-12-15_core-gap10_min3_strict-v1
og_consensus_gaps5-8-10-12-15_core-gap10_min3_strict-v1:P11940:315-321,P11940,315,S,1,33465208,og_consensus_gaps5-8-10-12-15_core-gap10_min3_strict-v1
og_consensus_gaps5-8-10-12-15_core-gap10_min3_strict-v1:P11940:315-321,P11940,319,T,1,33465208,og_consensus_gaps5-8-10-12-15_core-gap10_min3_strict-v1
og_consensus_gaps5-8-10-12-15_core-gap10_min3_strict-v1:P11940:315-321,P11940,321,T,1,33465208,og_consensus_gaps5-8-10-12-15_core-gap10_min3_strict-v1
og_consensus_gaps5-8-10-12-15_core-gap10_min3_strict-v1:P12270:1660-1682,P12270,1660,S,3,35254053;35289036;39531497,og_consensus_gaps5-8-10-12-15_core-gap10_min3_strict-v1
og_consensus_gaps5-8-10-12-15_core-gap10_min3_strict-v1:P12270:1660-1682,P12270,1661,T,1,35254053,og_consensus_gaps5-8-10-12-15_core-gap10_min3_strict-v1
og_consensus_gaps5-8-10-12-15_core-gap10_min3_strict-v1:P12270:1660-1682,P12270,1662,S,3,31373491;35254053;39531497,og_consensus_gaps5-8-10-12-15_core-gap10_min3_strict-v1
og_consensus_gaps5-8-10-12-15_core-gap10_min3_strict-v1:P12270:1660-1682,P12270,1666,T,2,32574038;35132862,og_consensus_gaps5-8-10-12-15_core-gap10_min3_strict-v1
og_consensus_gaps5-8-10-12-15_core-gap10_min3_strict-v1:P12270:1660-1682,P12270,1672,T,5,32574038;35254053;35289036;39531497;39534244,og_consensus_gaps5-8-10-12-15_core-gap10_min3_strict-v1
og_consensus_gaps5-8-10-12-15_core-gap10_min3_strict-v1:P12270:1660-1682,P12270,1676,S,14,20068230;27114449;29351928;30059200;30379171;31492838;35132862;35254053;35513511;36240223;37541260;38838015;39531497;39534244,og_consensus_gaps5-8-10-12-15_core-gap10_min3_strict-v1
og_consensus_gaps5-8-10-12-15_core-gap10_min3_strict-v1:P12270:1660-1682,P12270,1677,T,3,31373491;35132862;35289036,og_consensus_gaps5-8-10-12-15_core-gap10_min3_strict-v1
og_consensus_gaps5-8-10-12-15_core-gap10_min3_strict-v1:P12270:1660-1682,P12270,1679,S,2,35254053;35289036,og_consensus_gaps5-8-10-12-15_core-gap10_min3_strict-v1
og_consensus_gaps5-8-10-12-15_core-gap10_min3_strict-v1:P12270:1660-1682,P12270,1682,T,1,35254053,og_consensus_gaps5-8-10-12-15_core-gap10_min3_strict-v1
og_consensus_gaps5-8-10-12-15_core-gap10_min3_strict-v1:P12757:72-75,P12757,72,T,2,35254053;35289036,og_consensus_gaps5-8-10-12-15_core-gap10_min3_strict-v1
og_consensus_gaps5-8-10-12-15_core-gap10_min3_strict-v1:P12757:72-75,P12757,74,T,1,35254053,og_consensus_gaps5-8-10-12-15_core-gap10_min3_strict-v1
og_consensus_gaps5-8-10-12-15_core-gap10_min3_strict-v1:P12757:72-75,P12757,75,S,3,35254053;39302247;39531497,og_consensus_gaps5-8-10-12-15_core-gap10_min3_strict-v1
og_consensus_gaps5-8-10-12-15_core-gap10_min3_strict-v1:P13796:106-114,P13796,106,T,1,35132862,og_consensus_gaps5-8-10-12-15_core-gap10_min3_strict-v1
og_consensus_gaps5-8-10-12-15_core-gap10_min3_strict-v1:P13796:106-114,P13796,107,S,1,35132862,og_consensus_gaps5-8-10-12-15_core-gap10_min3_strict-v1
og_consensus_gaps5-8-10-12-15_core-gap10_min3_strict-v1:P13796:106-114,P13796,110,S,1,35132862,og_consensus_gaps5-8-10-12-15_core-gap10_min3_strict-v1
og_consensus_gaps5-8-10-12-15_core-gap10_min3_strict-v1:P13796:106-114,P13796,114,T,1,35132862,og_consensus_gaps5-8-10-12-15_core-gap10_min3_strict-v1
og_consensus_gaps5-8-10-12-15_core-gap10_min3_strict-v1:P14859:255-263,P14859,255,T,12,23580612;30059200;30620550;31492838;31637018;32938750;34846842;35254053;35289036;35705054;37541260;38838015,og_consensus_gaps5-8-10-12-15_core-gap10_min3_strict-v1
og_consensus_gaps5-8-10-12-15_core-gap10_min3_strict-v1:P14859:255-263,P14859,259,T,4,34846842;35132862;37541260;39534244,og_consensus_gaps5-8-10-12-15_core-gap10_min3_strict-v1
og_consensus_gaps5-8-10-12-15_core-gap10_min3_strict-v1:P14859:255-263,P14859,263,T,1,35132862,og_consensus_gaps5-8-10-12-15_core-gap10_min3_strict-v1
og_consensus_gaps5-8-10-12-15_core-gap10_min3_strict-v1:P15328:200-206,P15328,200,S,1,39534244,og_consensus_gaps5-8-10-12-15_core-gap10_min3_strict-v1
og_consensus_gaps5-8-10-12-15_core-gap10_min3_strict-v1:P15328:200-206,P15328,203,S,1,39534244,og_consensus_gaps5-8-10-12-15_core-gap10_min3_strict-v1
og_consensus_gaps5-8-10-12-15_core-gap10_min3_strict-v1:P15328:200-206,P15328,206,S,1,39534244,og_consensus_gaps5-8-10-12-15_core-gap10_min3_strict-v1
og_consensus_gaps5-8-10-12-15_core-gap10_min3_strict-v1:P15336:320-323,P15336,320,T,1,35132862,og_consensus_gaps5-8-10-12-15_core-gap10_min3_strict-v1
og_consensus_gaps5-8-10-12-15_core-gap10_min3_strict-v1:P15336:320-323,P15336,321,S,3,35254053;35513511;39531497,og_consensus_gaps5-8-10-12-15_core-gap10_min3_strict-v1
og_consensus_gaps5-8-10-12-15_core-gap10_min3_strict-v1:P15336:320-323,P15336,323,T,1,35132862,og_consensus_gaps5-8-10-12-15_core-gap10_min3_strict-v1
og_consensus_gaps5-8-10-12-15_core-gap10_min3_strict-v1:P15586:275-280,P15586,275,T,1,30059200,og_consensus_gaps5-8-10-12-15_core-gap10_min3_strict-v1
og_consensus_gaps5-8-10-12-15_core-gap10_min3_strict-v1:P15586:275-280,P15586,278,T,1,30059200,og_consensus_gaps5-8-10-12-15_core-gap10_min3_strict-v1
og_consensus_gaps5-8-10-12-15_core-gap10_min3_strict-v1:P15586:275-280,P15586,280,S,1,39531497,og_consensus_gaps5-8-10-12-15_core-gap10_min3_strict-v1
og_consensus_gaps5-8-10-12-15_core-gap10_min3_strict-v1:P15822:1608-1612,P15822,1608,S,4,30059200;35254053;35513511;39534244,og_consensus_gaps5-8-10-12-15_core-gap10_min3_strict-v1
og_consensus_gaps5-8-10-12-15_core-gap10_min3_strict-v1:P15822:1608-1612,P15822,1610,S,1,35254053,og_consensus_gaps5-8-10-12-15_core-gap10_min3_strict-v1
og_consensus_gaps5-8-10-12-15_core-gap10_min3_strict-v1:P15822:1608-1612,P15822,1612,S,1,39534244,og_consensus_gaps5-8-10-12-15_core-gap10_min3_strict-v1
og_consensus_gaps5-8-10-12-15_core-gap10_min3_strict-v1:P15822:1744-1753,P15822,1744,S,1,35254053,og_consensus_gaps5-8-10-12-15_core-gap10_min3_strict-v1
og_consensus_gaps5-8-10-12-15_core-gap10_min3_strict-v1:P15822:1744-1753,P15822,1749,S,1,39531497,og_consensus_gaps5-8-10-12-15_core-gap10_min3_strict-v1
og_consensus_gaps5-8-10-12-15_core-gap10_min3_strict-v1:P15822:1744-1753,P15822,1753,S,1,30059200,og_consensus_gaps5-8-10-12-15_core-gap10_min3_strict-v1
og_consensus_gaps5-8-10-12-15_core-gap10_min3_strict-v1:P15822:1913-1921,P15822,1913,S,2,35254053;39534244,og_consensus_gaps5-8-10-12-15_core-gap10_min3_strict-v1
og_consensus_gaps5-8-10-12-15_core-gap10_min3_strict-v1:P15822:1913-1921,P15822,1918,T,3,35254053;39531497;39534244,og_consensus_gaps5-8-10-12-15_core-gap10_min3_strict-v1
og_consensus_gaps5-8-10-12-15_core-gap10_min3_strict-v1:P15822:1913-1921,P15822,1919,S,4,35254053;37541260;39531497;39534244,og_consensus_gaps5-8-10-12-15_core-gap10_min3_strict-v1
og_consensus_gaps5-8-10-12-15_core-gap10_min3_strict-v1:P15822:1913-1921,P15822,1921,S,1,39534244,og_consensus_gaps5-8-10-12-15_core-gap10_min3_strict-v1
og_consensus_gaps5-8-10-12-15_core-gap10_min3_strict-v1:P15822:2586-2590,P15822,2586,T,3,34846842;35254053;37541260,og_consensus_gaps5-8-10-12-15_core-gap10_min3_strict-v1
og_consensus_gaps5-8-10-12-15_core-gap10_min3_strict-v1:P15822:2586-2590,P15822,2587,S,2,30059200;31492838,og_consensus_gaps5-8-10-12-15_core-gap10_min3_strict-v1
og_consensus_gaps5-8-10-12-15_core-gap10_min3_strict-v1:P15822:2586-2590,P15822,2590,S,2,32574038;35132862,og_consensus_gaps5-8-10-12-15_core-gap10_min3_strict-v1
og_consensus_gaps5-8-10-12-15_core-gap10_min3_strict-v1:P17275:95-104,P17275,95,S,8,29237092;29351928;30059200;31492838;32119511;35254053;35513511;39534244,og_consensus_gaps5-8-10-12-15_core-gap10_min3_strict-v1
og_consensus_gaps5-8-10-12-15_core-gap10_min3_strict-v1:P17275:95-104,P17275,100,T,1,32119511,og_consensus_gaps5-8-10-12-15_core-gap10_min3_strict-v1
og_consensus_gaps5-8-10-12-15_core-gap10_min3_strict-v1:P17275:95-104,P17275,101,T,1,32119511,og_consensus_gaps5-8-10-12-15_core-gap10_min3_strict-v1
og_consensus_gaps5-8-10-12-15_core-gap10_min3_strict-v1:P17275:95-104,P17275,102,T,2,32119511;39534244,og_consensus_gaps5-8-10-12-15_core-gap10_min3_strict-v1
og_consensus_gaps5-8-10-12-15_core-gap10_min3_strict-v1:P17275:95-104,P17275,104,T,2,32119511;39534244,og_consensus_gaps5-8-10-12-15_core-gap10_min3_strict-v1
og_consensus_gaps5-8-10-12-15_core-gap10_min3_strict-v1:P17275:153-162,P17275,153,T,1,32119511,og_consensus_gaps5-8-10-12-15_core-gap10_min3_strict-v1
og_consensus_gaps5-8-10-12-15_core-gap10_min3_strict-v1:P17275:153-162,P17275,158,S,1,32119511,og_consensus_gaps5-8-10-12-15_core-gap10_min3_strict-v1
og_consensus_gaps5-8-10-12-15_core-gap10_min3_strict-v1:P17275:153-162,P17275,162,T,1,32119511,og_consensus_gaps5-8-10-12-15_core-gap10_min3_strict-v1
og_consensus_gaps5-8-10-12-15_core-gap10_min3_strict-v1:P17275:189-214,P17275,189,S,1,32119511,og_consensus_gaps5-8-10-12-15_core-gap10_min3_strict-v1
og_consensus_gaps5-8-10-12-15_core-gap10_min3_strict-v1:P17275:189-214,P17275,194,S,1,32119511,og_consensus_gaps5-8-10-12-15_core-gap10_min3_strict-v1
og_consensus_gaps5-8-10-12-15_core-gap10_min3_strict-v1:P17275:189-214,P17275,195,S,1,32119511,og_consensus_gaps5-8-10-12-15_core-gap10_min3_strict-v1
og_consensus_gaps5-8-10-12-15_core-gap10_min3_strict-v1:P17275:189-214,P17275,204,T,2,29351928;32119511,og_consensus_gaps5-8-10-12-15_core-gap10_min3_strict-v1
og_consensus_gaps5-8-10-12-15_core-gap10_min3_strict-v1:P17275:189-214,P17275,206,S,1,32119511,og_consensus_gaps5-8-10-12-15_core-gap10_min3_strict-v1
og_consensus_gaps5-8-10-12-15_core-gap10_min3_strict-v1:P17275:189-214,P17275,207,S,1,32119511,og_consensus_gaps5-8-10-12-15_core-gap10_min3_strict-v1
og_consensus_gaps5-8-10-12-15_core-gap10_min3_strict-v1:P17275:189-214,P17275,210,T,1,32119511,og_consensus_gaps5-8-10-12-15_core-gap10_min3_strict-v1
og_consensus_gaps5-8-10-12-15_core-gap10_min3_strict-v1:P17275:189-214,P17275,211,T,1,32119511,og_consensus_gaps5-8-10-12-15_core-gap10_min3_strict-v1
og_consensus_gaps5-8-10-12-15_core-gap10_min3_strict-v1:P17275:189-214,P17275,212,T,2,29351928;32119511,og_consensus_gaps5-8-10-12-15_core-gap10_min3_strict-v1
og_consensus_gaps5-8-10-12-15_core-gap10_min3_strict-v1:P17275:189-214,P17275,214,S,1,32119511,og_consensus_gaps5-8-10-12-15_core-gap10_min3_strict-v1
og_consensus_gaps5-8-10-12-15_core-gap10_min3_strict-v1:P17535:117-120,P17535,117,T,1,29351928,og_consensus_gaps5-8-10-12-15_core-gap10_min3_strict-v1
og_consensus_gaps5-8-10-12-15_core-gap10_min3_strict-v1:P17535:117-120,P17535,119,T,1,39534244,og_consensus_gaps5-8-10-12-15_core-gap10_min3_strict-v1
og_consensus_gaps5-8-10-12-15_core-gap10_min3_strict-v1:P17535:117-120,P17535,120,S,2,29351928;39534244,og_consensus_gaps5-8-10-12-15_core-gap10_min3_strict-v1
og_consensus_gaps5-8-10-12-15_core-gap10_min3_strict-v1:P18146:511-519,P18146,511,S,1,38253038,og_consensus_gaps5-8-10-12-15_core-gap10_min3_strict-v1
og_consensus_gaps5-8-10-12-15_core-gap10_min3_strict-v1:P18146:511-519,P18146,512,S,1,38253038,og_consensus_gaps5-8-10-12-15_core-gap10_min3_strict-v1
og_consensus_gaps5-8-10-12-15_core-gap10_min3_strict-v1:P18146:511-519,P18146,515,S,1,38253038,og_consensus_gaps5-8-10-12-15_core-gap10_min3_strict-v1
og_consensus_gaps5-8-10-12-15_core-gap10_min3_strict-v1:P18146:511-519,P18146,519,T,1,38253038,og_consensus_gaps5-8-10-12-15_core-gap10_min3_strict-v1
og_consensus_gaps5-8-10-12-15_core-gap10_min3_strict-v1:P18583:252-254,P18583,252,T,7,28657654;29249144;34105348;35254053;35705054;39531497;39534244,og_consensus_gaps5-8-10-12-15_core-gap10_min3_strict-v1
og_consensus_gaps5-8-10-12-15_core-gap10_min3_strict-v1:P18583:252-254,P18583,253,T,12,28657654;29249144;29351928;30059200;31492838;32938750;35132862;35254053;37541260;38838015;39531497;39534244,og_consensus_gaps5-8-10-12-15_core-gap10_min3_strict-v1
og_consensus_gaps5-8-10-12-15_core-gap10_min3_strict-v1:P18583:252-254,P18583,254,T,9,29249144;30059200;32938750;34846842;35254053;35289036;37541260;39531497;39534244,og_consensus_gaps5-8-10-12-15_core-gap10_min3_strict-v1
og_consensus_gaps5-8-10-12-15_core-gap10_min3_strict-v1:P18846:183-207,P18846,183,T,7,30379171;30620550;32938750;35254053;35289036;39531497;39534244,og_consensus_gaps5-8-10-12-15_core-gap10_min3_strict-v1
og_consensus_gaps5-8-10-12-15_core-gap10_min3_strict-v1:P18846:183-207,P18846,184,T,4,30379171;35254053;35289036;39534244,og_consensus_gaps5-8-10-12-15_core-gap10_min3_strict-v1
og_consensus_gaps5-8-10-12-15_core-gap10_min3_strict-v1:P18846:183-207,P18846,186,S,2,30379171;35289036,og_consensus_gaps5-8-10-12-15_core-gap10_min3_strict-v1
og_consensus_gaps5-8-10-12-15_core-gap10_min3_strict-v1:P18846:183-207,P18846,188,T,1,30379171,og_consensus_gaps5-8-10-12-15_core-gap10_min3_strict-v1
og_consensus_gaps5-8-10-12-15_core-gap10_min3_strict-v1:P18846:183-207,P18846,189,S,13,20068230;29351928;30379171;32938750;35254053;35289036;35513511;35705054;36240223;38838015;39302247;39531497;39534244,og_consensus_gaps5-8-10-12-15_core-gap10_min3_strict-v1
og_consensus_gaps5-8-10-12-15_core-gap10_min3_strict-v1:P18846:183-207,P18846,193,T,5,35132862;35289036;35705054;39531497;39534244,og_consensus_gaps5-8-10-12-15_core-gap10_min3_strict-v1
og_consensus_gaps5-8-10-12-15_core-gap10_min3_strict-v1:P18846:183-207,P18846,197,T,4,32574038;35254053;35289036;39534244,og_consensus_gaps5-8-10-12-15_core-gap10_min3_strict-v1
og_consensus_gaps5-8-10-12-15_core-gap10_min3_strict-v1:P18846:183-207,P18846,198,S,2,35132862;35289036,og_consensus_gaps5-8-10-12-15_core-gap10_min3_strict-v1
og_consensus_gaps5-8-10-12-15_core-gap10_min3_strict-v1:P18846:183-207,P18846,204,S,1,35289036,og_consensus_gaps5-8-10-12-15_core-gap10_min3_strict-v1
og_consensus_gaps5-8-10-12-15_core-gap10_min3_strict-v1:P18846:183-207,P18846,206,T,1,39534244,og_consensus_gaps5-8-10-12-15_core-gap10_min3_strict-v1
og_consensus_gaps5-8-10-12-15_core-gap10_min3_strict-v1:P18846:183-207,P18846,207,T,3,35132862;35289036;39302247,og_consensus_gaps5-8-10-12-15_core-gap10_min3_strict-v1
og_consensus_gaps5-8-10-12-15_core-gap10_min3_strict-v1:P20823:560-569,P20823,560,S,1,30953348,og_consensus_gaps5-8-10-12-15_core-gap10_min3_strict-v1
og_consensus_gaps5-8-10-12-15_core-gap10_min3_strict-v1:P20823:560-569,P20823,563,T,1,30953348,og_consensus_gaps5-8-10-12-15_core-gap10_min3_strict-v1
og_consensus_gaps5-8-10-12-15_core-gap10_min3_strict-v1:P20823:560-569,P20823,564,T,1,30953348,og_consensus_gaps5-8-10-12-15_core-gap10_min3_strict-v1
og_consensus_gaps5-8-10-12-15_core-gap10_min3_strict-v1:P20823:560-569,P20823,569,S,1,30953348,og_consensus_gaps5-8-10-12-15_core-gap10_min3_strict-v1
og_consensus_gaps5-8-10-12-15_core-gap10_min3_strict-v1:P20823:587-591,P20823,587,S,1,30953348,og_consensus_gaps5-8-10-12-15_core-gap10_min3_strict-v1
og_consensus_gaps5-8-10-12-15_core-gap10_min3_strict-v1:P20823:587-591,P20823,589,T,1,30953348,og_consensus_gaps5-8-10-12-15_core-gap10_min3_strict-v1
og_consensus_gaps5-8-10-12-15_core-gap10_min3_strict-v1:P20823:587-591,P20823,591,S,1,30953348,og_consensus_gaps5-8-10-12-15_core-gap10_min3_strict-v1
og_consensus_gaps5-8-10-12-15_core-gap10_min3_strict-v1:P20823:623-628,P20823,623,S,1,30953348,og_consensus_gaps5-8-10-12-15_core-gap10_min3_strict-v1
og_consensus_gaps5-8-10-12-15_core-gap10_min3_strict-v1:P20823:623-628,P20823,624,T,1,30953348,og_consensus_gaps5-8-10-12-15_core-gap10_min3_strict-v1
og_consensus_gaps5-8-10-12-15_core-gap10_min3_strict-v1:P20823:623-628,P20823,628,S,1,30953348,og_consensus_gaps5-8-10-12-15_core-gap10_min3_strict-v1
og_consensus_gaps5-8-10-12-15_core-gap10_min3_strict-v1:P22681:511-514,P22681,511,S,1,39531497,og_consensus_gaps5-8-10-12-15_core-gap10_min3_strict-v1
og_consensus_gaps5-8-10-12-15_core-gap10_min3_strict-v1:P22681:511-514,P22681,512,S,2,35132862;39531497,og_consensus_gaps5-8-10-12-15_core-gap10_min3_strict-v1
og_consensus_gaps5-8-10-12-15_core-gap10_min3_strict-v1:P22681:511-514,P22681,514,S,1,39531497,og_consensus_gaps5-8-10-12-15_core-gap10_min3_strict-v1
og_consensus_gaps5-8-10-12-15_core-gap10_min3_strict-v1:P22681:601-610,P22681,601,S,16,23301498;28657654;29237092;29351928;30059200;30379171;31492838;32938750;35132862;35254053;35513511;35705054;36240223;37541260;38838015;39531497,og_consensus_gaps5-8-10-12-15_core-gap10_min3_strict-v1
og_consensus_gaps5-8-10-12-15_core-gap10_min3_strict-v1:P22681:601-610,P22681,604,S,3,32574038;35132862;39534244,og_consensus_gaps5-8-10-12-15_core-gap10_min3_strict-v1
og_consensus_gaps5-8-10-12-15_core-gap10_min3_strict-v1:P22681:601-610,P22681,605,S,3,32574038;39531497;39534244,og_consensus_gaps5-8-10-12-15_core-gap10_min3_strict-v1
og_consensus_gaps5-8-10-12-15_core-gap10_min3_strict-v1:P22681:601-610,P22681,606,S,3,32574038;35132862;39531497,og_consensus_gaps5-8-10-12-15_core-gap10_min3_strict-v1
og_consensus_gaps5-8-10-12-15_core-gap10_min3_strict-v1:P22681:601-610,P22681,610,T,1,32574038,og_consensus_gaps5-8-10-12-15_core-gap10_min3_strict-v1
og_consensus_gaps5-8-10-12-15_core-gap10_min3_strict-v1:P23246:652-660,P23246,652,T,4,32938750;35254053;35289036;39534244,og_consensus_gaps5-8-10-12-15_core-gap10_min3_strict-v1
og_consensus_gaps5-8-10-12-15_core-gap10_min3_strict-v1:P23246:652-660,P23246,654,S,1,39534244,og_consensus_gaps5-8-10-12-15_core-gap10_min3_strict-v1
og_consensus_gaps5-8-10-12-15_core-gap10_min3_strict-v1:P23246:652-660,P23246,656,S,1,39534244,og_consensus_gaps5-8-10-12-15_core-gap10_min3_strict-v1
og_consensus_gaps5-8-10-12-15_core-gap10_min3_strict-v1:P23246:652-660,P23246,660,S,2,32938750;35289036,og_consensus_gaps5-8-10-12-15_core-gap10_min3_strict-v1
og_consensus_gaps5-8-10-12-15_core-gap10_min3_strict-v1:P23588:347-359,P23588,347,S,1,39531497,og_consensus_gaps5-8-10-12-15_core-gap10_min3_strict-v1
og_consensus_gaps5-8-10-12-15_core-gap10_min3_strict-v1:P23588:347-359,P23588,351,T,1,31373491,og_consensus_gaps5-8-10-12-15_core-gap10_min3_strict-v1
og_consensus_gaps5-8-10-12-15_core-gap10_min3_strict-v1:P23588:347-359,P23588,354,S,1,30059200,og_consensus_gaps5-8-10-12-15_core-gap10_min3_strict-v1
og_consensus_gaps5-8-10-12-15_core-gap10_min3_strict-v1:P23588:347-359,P23588,355,T,3,30059200;35254053;35513511,og_consensus_gaps5-8-10-12-15_core-gap10_min3_strict-v1
og_consensus_gaps5-8-10-12-15_core-gap10_min3_strict-v1:P23588:347-359,P23588,359,S,1,31373491,og_consensus_gaps5-8-10-12-15_core-gap10_min3_strict-v1
og_consensus_gaps5-8-10-12-15_core-gap10_min3_strict-v1:P27540:669-680,P27540,669,S,1,39534244,og_consensus_gaps5-8-10-12-15_core-gap10_min3_strict-v1
og_consensus_gaps5-8-10-12-15_core-gap10_min3_strict-v1:P27540:669-680,P27540,672,T,1,39534244,og_consensus_gaps5-8-10-12-15_core-gap10_min3_strict-v1
og_consensus_gaps5-8-10-12-15_core-gap10_min3_strict-v1:P27540:669-680,P27540,674,S,1,39534244,og_consensus_gaps5-8-10-12-15_core-gap10_min3_strict-v1
og_consensus_gaps5-8-10-12-15_core-gap10_min3_strict-v1:P27540:669-680,P27540,677,S,1,39534244,og_consensus_gaps5-8-10-12-15_core-gap10_min3_strict-v1
og_consensus_gaps5-8-10-12-15_core-gap10_min3_strict-v1:P27540:669-680,P27540,678,S,1,39534244,og_consensus_gaps5-8-10-12-15_core-gap10_min3_strict-v1
og_consensus_gaps5-8-10-12-15_core-gap10_min3_strict-v1:P27540:669-680,P27540,680,S,1,39534244,og_consensus_gaps5-8-10-12-15_core-gap10_min3_strict-v1
og_consensus_gaps5-8-10-12-15_core-gap10_min3_strict-v1:P27816:787-797,P27816,787,S,2,31373491;34846842,og_consensus_gaps5-8-10-12-15_core-gap10_min3_strict-v1
og_consensus_gaps5-8-10-12-15_core-gap10_min3_strict-v1:P27816:787-797,P27816,789,S,1,34846842,og_consensus_gaps5-8-10-12-15_core-gap10_min3_strict-v1
og_consensus_gaps5-8-10-12-15_core-gap10_min3_strict-v1:P27816:787-797,P27816,793,S,2,34846842;35132862,og_consensus_gaps5-8-10-12-15_core-gap10_min3_strict-v1
og_consensus_gaps5-8-10-12-15_core-gap10_min3_strict-v1:P27816:787-797,P27816,797,S,20,20068230;21158410;22661428;29351928;30059200;30379171;30620550;31373491;31492838;32574038;32938750;34105348;34846842;35254053;35513511;35705054;38838015;39302247;39531497;39534244,og_consensus_gaps5-8-10-12-15_core-gap10_min3_strict-v1
og_consensus_gaps5-8-10-12-15_core-gap10_min3_strict-v1:P28347:126-134,P28347,126,S,3,30059200;35513511;39534244,og_consensus_gaps5-8-10-12-15_core-gap10_min3_strict-v1
og_consensus_gaps5-8-10-12-15_core-gap10_min3_strict-v1:P28347:126-134,P28347,127,S,2,30059200;39534244,og_consensus_gaps5-8-10-12-15_core-gap10_min3_strict-v1
og_consensus_gaps5-8-10-12-15_core-gap10_min3_strict-v1:P28347:126-134,P28347,132,S,3,30059200;35289036;39534244,og_consensus_gaps5-8-10-12-15_core-gap10_min3_strict-v1
og_consensus_gaps5-8-10-12-15_core-gap10_min3_strict-v1:P28347:126-134,P28347,134,T,1,39534244,og_consensus_gaps5-8-10-12-15_core-gap10_min3_strict-v1
og_consensus_gaps5-8-10-12-15_core-gap10_min3_strict-v1:P28356:172-179,P28356,172,T,2,29237092;35254053,og_consensus_gaps5-8-10-12-15_core-gap10_min3_strict-v1
og_consensus_gaps5-8-10-12-15_core-gap10_min3_strict-v1:P28356:172-179,P28356,175,S,1,34846842,og_consensus_gaps5-8-10-12-15_core-gap10_min3_strict-v1
og_consensus_gaps5-8-10-12-15_core-gap10_min3_strict-v1:P28356:172-179,P28356,176,T,1,35254053,og_consensus_gaps5-8-10-12-15_core-gap10_min3_strict-v1
og_consensus_gaps5-8-10-12-15_core-gap10_min3_strict-v1:P28356:172-179,P28356,179,S,1,34846842,og_consensus_gaps5-8-10-12-15_core-gap10_min3_strict-v1
og_consensus_gaps5-8-10-12-15_core-gap10_min3_strict-v1:P29372:47-49,P29372,47,S,1,35289036,og_consensus_gaps5-8-10-12-15_core-gap10_min3_strict-v1
og_consensus_gaps5-8-10-12-15_core-gap10_min3_strict-v1:P29372:47-49,P29372,48,S,1,35289036,og_consensus_gaps5-8-10-12-15_core-gap10_min3_strict-v1
og_consensus_gaps5-8-10-12-15_core-gap10_min3_strict-v1:P29372:47-49,P29372,49,S,1,35132862,og_consensus_gaps5-8-10-12-15_core-gap10_min3_strict-v1
og_consensus_gaps5-8-10-12-15_core-gap10_min3_strict-v1:P30533:134-139,P30533,134,T,1,35513511,og_consensus_gaps5-8-10-12-15_core-gap10_min3_strict-v1
og_consensus_gaps5-8-10-12-15_core-gap10_min3_strict-v1:P30533:134-139,P30533,137,S,1,35132862,og_consensus_gaps5-8-10-12-15_core-gap10_min3_strict-v1
og_consensus_gaps5-8-10-12-15_core-gap10_min3_strict-v1:P30533:134-139,P30533,139,S,1,35132862,og_consensus_gaps5-8-10-12-15_core-gap10_min3_strict-v1
og_consensus_gaps5-8-10-12-15_core-gap10_min3_strict-v1:P30622:139-143,P30622,139,T,1,28657654,og_consensus_gaps5-8-10-12-15_core-gap10_min3_strict-v1
og_consensus_gaps5-8-10-12-15_core-gap10_min3_strict-v1:P30622:139-143,P30622,140,T,4,28657654;35132862;35254053;39531497,og_consensus_gaps5-8-10-12-15_core-gap10_min3_strict-v1
og_consensus_gaps5-8-10-12-15_core-gap10_min3_strict-v1:P30622:139-143,P30622,143,S,14,29351928;30059200;30620550;31373491;31492838;32574038;32938750;35254053;35513511;35705054;37541260;38838015;39302247;39531497,og_consensus_gaps5-8-10-12-15_core-gap10_min3_strict-v1
og_consensus_gaps5-8-10-12-15_core-gap10_min3_strict-v1:P30622:302-304,P30622,302,T,1,31373491,og_consensus_gaps5-8-10-12-15_core-gap10_min3_strict-v1
og_consensus_gaps5-8-10-12-15_core-gap10_min3_strict-v1:P30622:302-304,P30622,303,T,1,31373491,og_consensus_gaps5-8-10-12-15_core-gap10_min3_strict-v1
og_consensus_gaps5-8-10-12-15_core-gap10_min3_strict-v1:P30622:302-304,P30622,304,S,1,31373491,og_consensus_gaps5-8-10-12-15_core-gap10_min3_strict-v1
og_consensus_gaps5-8-10-12-15_core-gap10_min3_strict-v1:P31270:119-129,P31270,119,T,1,39534244,og_consensus_gaps5-8-10-12-15_core-gap10_min3_strict-v1
og_consensus_gaps5-8-10-12-15_core-gap10_min3_strict-v1:P31270:119-129,P31270,123,S,1,39534244,og_consensus_gaps5-8-10-12-15_core-gap10_min3_strict-v1
og_consensus_gaps5-8-10-12-15_core-gap10_min3_strict-v1:P31270:119-129,P31270,124,S,1,39534244,og_consensus_gaps5-8-10-12-15_core-gap10_min3_strict-v1
og_consensus_gaps5-8-10-12-15_core-gap10_min3_strict-v1:P31270:119-129,P31270,128,S,1,39534244,og_consensus_gaps5-8-10-12-15_core-gap10_min3_strict-v1
og_consensus_gaps5-8-10-12-15_core-gap10_min3_strict-v1:P31270:119-129,P31270,129,T,1,39534244,og_consensus_gaps5-8-10-12-15_core-gap10_min3_strict-v1
og_consensus_gaps5-8-10-12-15_core-gap10_min3_strict-v1:P31629:441-444,P31629,441,T,1,30620550,og_consensus_gaps5-8-10-12-15_core-gap10_min3_strict-v1
og_consensus_gaps5-8-10-12-15_core-gap10_min3_strict-v1:P31629:441-444,P31629,443,T,3,28657654;30620550;37541260,og_consensus_gaps5-8-10-12-15_core-gap10_min3_strict-v1
og_consensus_gaps5-8-10-12-15_core-gap10_min3_strict-v1:P31629:441-444,P31629,444,S,1,30620550,og_consensus_gaps5-8-10-12-15_core-gap10_min3_strict-v1
og_consensus_gaps5-8-10-12-15_core-gap10_min3_strict-v1:P31629:1057-1067,P31629,1057,S,1,35254053,og_consensus_gaps5-8-10-12-15_core-gap10_min3_strict-v1
og_consensus_gaps5-8-10-12-15_core-gap10_min3_strict-v1:P31629:1057-1067,P31629,1062,S,6,29351928;31492838;32938750;35254053;35513511;39531497,og_consensus_gaps5-8-10-12-15_core-gap10_min3_strict-v1
og_consensus_gaps5-8-10-12-15_core-gap10_min3_strict-v1:P31629:1057-1067,P31629,1067,S,1,39531497,og_consensus_gaps5-8-10-12-15_core-gap10_min3_strict-v1
og_consensus_gaps5-8-10-12-15_core-gap10_min3_strict-v1:P31629:1274-1286,P31629,1274,T,1,35254053,og_consensus_gaps5-8-10-12-15_core-gap10_min3_strict-v1
og_consensus_gaps5-8-10-12-15_core-gap10_min3_strict-v1:P31629:1274-1286,P31629,1278,T,3,35254053;35289036;39531497,og_consensus_gaps5-8-10-12-15_core-gap10_min3_strict-v1
og_consensus_gaps5-8-10-12-15_core-gap10_min3_strict-v1:P31629:1274-1286,P31629,1283,S,6,29351928;32938750;34846842;35254053;35289036;39302247,og_consensus_gaps5-8-10-12-15_core-gap10_min3_strict-v1
og_consensus_gaps5-8-10-12-15_core-gap10_min3_strict-v1:P31629:1274-1286,P31629,1286,S,3,34846842;35289036;39531497,og_consensus_gaps5-8-10-12-15_core-gap10_min3_strict-v1
og_consensus_gaps5-8-10-12-15_core-gap10_min3_strict-v1:P31629:1320-1328,P31629,1320,S,1,35254053,og_consensus_gaps5-8-10-12-15_core-gap10_min3_strict-v1
og_consensus_gaps5-8-10-12-15_core-gap10_min3_strict-v1:P31629:1320-1328,P31629,1325,S,1,37541260,og_consensus_gaps5-8-10-12-15_core-gap10_min3_strict-v1
og_consensus_gaps5-8-10-12-15_core-gap10_min3_strict-v1:P31629:1320-1328,P31629,1328,S,2,29351928;32938750,og_consensus_gaps5-8-10-12-15_core-gap10_min3_strict-v1
og_consensus_gaps5-8-10-12-15_core-gap10_min3_strict-v1:P32243:135-137,P32243,135,S,1,38026167,og_consensus_gaps5-8-10-12-15_core-gap10_min3_strict-v1
og_consensus_gaps5-8-10-12-15_core-gap10_min3_strict-v1:P32243:135-137,P32243,136,S,1,38026167,og_consensus_gaps5-8-10-12-15_core-gap10_min3_strict-v1
og_consensus_gaps5-8-10-12-15_core-gap10_min3_strict-v1:P32243:135-137,P32243,137,T,1,38026167,og_consensus_gaps5-8-10-12-15_core-gap10_min3_strict-v1
og_consensus_gaps5-8-10-12-15_core-gap10_min3_strict-v1:P32519:473-478,P32519,473,S,4,30059200;35254053;35289036;39534244,og_consensus_gaps5-8-10-12-15_core-gap10_min3_strict-v1
og_consensus_gaps5-8-10-12-15_core-gap10_min3_strict-v1:P32519:473-478,P32519,474,S,9,29351928;30059200;35132862;35254053;35289036;35513511;39302247;39531497;39534244,og_consensus_gaps5-8-10-12-15_core-gap10_min3_strict-v1
og_consensus_gaps5-8-10-12-15_core-gap10_min3_strict-v1:P32519:473-478,P32519,478,T,1,39534244,og_consensus_gaps5-8-10-12-15_core-gap10_min3_strict-v1
og_consensus_gaps5-8-10-12-15_core-gap10_min3_strict-v1:P33076:316-319,P33076,316,T,1,38253038,og_consensus_gaps5-8-10-12-15_core-gap10_min3_strict-v1
og_consensus_gaps5-8-10-12-15_core-gap10_min3_strict-v1:P33076:316-319,P33076,317,S,1,38253038,og_consensus_gaps5-8-10-12-15_core-gap10_min3_strict-v1
og_consensus_gaps5-8-10-12-15_core-gap10_min3_strict-v1:P33076:316-319,P33076,319,T,1,38253038,og_consensus_gaps5-8-10-12-15_core-gap10_min3_strict-v1
og_consensus_gaps5-8-10-12-15_core-gap10_min3_strict-v1:P35611:557-559,P35611,557,S,2,28657654;35254053,og_consensus_gaps5-8-10-12-15_core-gap10_min3_strict-v1
og_consensus_gaps5-8-10-12-15_core-gap10_min3_strict-v1:P35611:557-559,P35611,558,T,1,29351928,og_consensus_gaps5-8-10-12-15_core-gap10_min3_strict-v1
og_consensus_gaps5-8-10-12-15_core-gap10_min3_strict-v1:P35611:557-559,P35611,559,T,1,28657654,og_consensus_gaps5-8-10-12-15_core-gap10_min3_strict-v1
og_consensus_gaps5-8-10-12-15_core-gap10_min3_strict-v1:P35613:158-167,P35613,158,S,3,34105348;34846842;35254053,og_consensus_gaps5-8-10-12-15_core-gap10_min3_strict-v1
og_consensus_gaps5-8-10-12-15_core-gap10_min3_strict-v1:P35613:158-167,P35613,162,S,1,34846842,og_consensus_gaps5-8-10-12-15_core-gap10_min3_strict-v1
og_consensus_gaps5-8-10-12-15_core-gap10_min3_strict-v1:P35613:158-167,P35613,167,T,1,34846842,og_consensus_gaps5-8-10-12-15_core-gap10_min3_strict-v1
og_consensus_gaps5-8-10-12-15_core-gap10_min3_strict-v1:P35658:491-509,P35658,491,S,1,34846842,og_consensus_gaps5-8-10-12-15_core-gap10_min3_strict-v1
og_consensus_gaps5-8-10-12-15_core-gap10_min3_strict-v1:P35658:491-509,P35658,494,T,1,39531497,og_consensus_gaps5-8-10-12-15_core-gap10_min3_strict-v1
og_consensus_gaps5-8-10-12-15_core-gap10_min3_strict-v1:P35658:491-509,P35658,496,T,3,35132862;35254053;38838015,og_consensus_gaps5-8-10-12-15_core-gap10_min3_strict-v1
og_consensus_gaps5-8-10-12-15_core-gap10_min3_strict-v1:P35658:491-509,P35658,501,S,3,30059200;32938750;39534244,og_consensus_gaps5-8-10-12-15_core-gap10_min3_strict-v1
og_consensus_gaps5-8-10-12-15_core-gap10_min3_strict-v1:P35658:491-509,P35658,503,S,10,29237092;30059200;31492838;35254053;35289036;35513511;35705054;37541260;38838015;39531497,og_consensus_gaps5-8-10-12-15_core-gap10_min3_strict-v1
og_consensus_gaps5-8-10-12-15_core-gap10_min3_strict-v1:P35658:491-509,P35658,504,S,1,35132862,og_consensus_gaps5-8-10-12-15_core-gap10_min3_strict-v1
og_consensus_gaps5-8-10-12-15_core-gap10_min3_strict-v1:P35658:491-509,P35658,509,S,2,30059200;35254053,og_consensus_gaps5-8-10-12-15_core-gap10_min3_strict-v1
og_consensus_gaps5-8-10-12-15_core-gap10_min3_strict-v1:P35658:542-581,P35658,542,S,2,35132862;39531497,og_consensus_gaps5-8-10-12-15_core-gap10_min3_strict-v1
og_consensus_gaps5-8-10-12-15_core-gap10_min3_strict-v1:P35658:542-581,P35658,547,S,1,39534244,og_consensus_gaps5-8-10-12-15_core-gap10_min3_strict-v1
og_consensus_gaps5-8-10-12-15_core-gap10_min3_strict-v1:P35658:542-581,P35658,550,S,1,39534244,og_consensus_gaps5-8-10-12-15_core-gap10_min3_strict-v1
og_consensus_gaps5-8-10-12-15_core-gap10_min3_strict-v1:P35658:542-581,P35658,551,S,1,39534244,og_consensus_gaps5-8-10-12-15_core-gap10_min3_strict-v1
og_consensus_gaps5-8-10-12-15_core-gap10_min3_strict-v1:P35658:542-581,P35658,556,T,2,35289036;39534244,og_consensus_gaps5-8-10-12-15_core-gap10_min3_strict-v1
og_consensus_gaps5-8-10-12-15_core-gap10_min3_strict-v1:P35658:542-581,P35658,559,S,2,39531497;39534244,og_consensus_gaps5-8-10-12-15_core-gap10_min3_strict-v1
og_consensus_gaps5-8-10-12-15_core-gap10_min3_strict-v1:P35658:542-581,P35658,560,T,1,39531497,og_consensus_gaps5-8-10-12-15_core-gap10_min3_strict-v1
og_consensus_gaps5-8-10-12-15_core-gap10_min3_strict-v1:P35658:542-581,P35658,564,S,3,29351928;35132862;39531497,og_consensus_gaps5-8-10-12-15_core-gap10_min3_strict-v1
og_consensus_gaps5-8-10-12-15_core-gap10_min3_strict-v1:P35658:542-581,P35658,566,S,5,29351928;35132862;35289036;39531497;39534244,og_consensus_gaps5-8-10-12-15_core-gap10_min3_strict-v1
og_consensus_gaps5-8-10-12-15_core-gap10_min3_strict-v1:P35658:542-581,P35658,575,S,3,35254053;35289036;39534244,og_consensus_gaps5-8-10-12-15_core-gap10_min3_strict-v1
og_consensus_gaps5-8-10-12-15_core-gap10_min3_strict-v1:P35658:542-581,P35658,579,S,2,35289036;39534244,og_consensus_gaps5-8-10-12-15_core-gap10_min3_strict-v1
og_consensus_gaps5-8-10-12-15_core-gap10_min3_strict-v1:P35658:542-581,P35658,580,T,5,20068230;30059200;35254053;35289036;39534244,og_consensus_gaps5-8-10-12-15_core-gap10_min3_strict-v1
og_consensus_gaps5-8-10-12-15_core-gap10_min3_strict-v1:P35658:542-581,P35658,581,S,3,30059200;35289036;39534244,og_consensus_gaps5-8-10-12-15_core-gap10_min3_strict-v1
og_consensus_gaps5-8-10-12-15_core-gap10_min3_strict-v1:P35658:592-636,P35658,592,T,1,35289036,og_consensus_gaps5-8-10-12-15_core-gap10_min3_strict-v1
og_consensus_gaps5-8-10-12-15_core-gap10_min3_strict-v1:P35658:592-636,P35658,597,S,2,35289036;39531497,og_consensus_gaps5-8-10-12-15_core-gap10_min3_strict-v1
og_consensus_gaps5-8-10-12-15_core-gap10_min3_strict-v1:P35658:592-636,P35658,598,T,3,35254053;39531497;39534244,og_consensus_gaps5-8-10-12-15_core-gap10_min3_strict-v1
og_consensus_gaps5-8-10-12-15_core-gap10_min3_strict-v1:P35658:592-636,P35658,601,S,3,35254053;39531497;39534244,og_consensus_gaps5-8-10-12-15_core-gap10_min3_strict-v1
og_consensus_gaps5-8-10-12-15_core-gap10_min3_strict-v1:P35658:592-636,P35658,602,S,3,35254053;39531497;39534244,og_consensus_gaps5-8-10-12-15_core-gap10_min3_strict-v1
og_consensus_gaps5-8-10-12-15_core-gap10_min3_strict-v1:P35658:592-636,P35658,603,S,2,35289036;39534244,og_consensus_gaps5-8-10-12-15_core-gap10_min3_strict-v1
og_consensus_gaps5-8-10-12-15_core-gap10_min3_strict-v1:P35658:592-636,P35658,605,S,1,39534244,og_consensus_gaps5-8-10-12-15_core-gap10_min3_strict-v1
og_consensus_gaps5-8-10-12-15_core-gap10_min3_strict-v1:P35658:592-636,P35658,610,S,1,39534244,og_consensus_gaps5-8-10-12-15_core-gap10_min3_strict-v1
og_consensus_gaps5-8-10-12-15_core-gap10_min3_strict-v1:P35658:592-636,P35658,613,S,2,39531497;39534244,og_consensus_gaps5-8-10-12-15_core-gap10_min3_strict-v1
og_consensus_gaps5-8-10-12-15_core-gap10_min3_strict-v1:P35658:592-636,P35658,614,S,1,39534244,og_consensus_gaps5-8-10-12-15_core-gap10_min3_strict-v1
og_consensus_gaps5-8-10-12-15_core-gap10_min3_strict-v1:P35658:592-636,P35658,616,S,1,39534244,og_consensus_gaps5-8-10-12-15_core-gap10_min3_strict-v1
og_consensus_gaps5-8-10-12-15_core-gap10_min3_strict-v1:P35658:592-636,P35658,621,S,5,30059200;35254053;39302247;39531497;39534244,og_consensus_gaps5-8-10-12-15_core-gap10_min3_strict-v1
og_consensus_gaps5-8-10-12-15_core-gap10_min3_strict-v1:P35658:592-636,P35658,625,S,1,39534244,og_consensus_gaps5-8-10-12-15_core-gap10_min3_strict-v1
og_consensus_gaps5-8-10-12-15_core-gap10_min3_strict-v1:P35658:592-636,P35658,628,T,2,35254053;39534244,og_consensus_gaps5-8-10-12-15_core-gap10_min3_strict-v1
og_consensus_gaps5-8-10-12-15_core-gap10_min3_strict-v1:P35658:592-636,P35658,631,S,5,30059200;35254053;35289036;39531497;39534244,og_consensus_gaps5-8-10-12-15_core-gap10_min3_strict-v1
og_consensus_gaps5-8-10-12-15_core-gap10_min3_strict-v1:P35658:592-636,P35658,635,S,1,39534244,og_consensus_gaps5-8-10-12-15_core-gap10_min3_strict-v1
og_consensus_gaps5-8-10-12-15_core-gap10_min3_strict-v1:P35658:592-636,P35658,636,S,5,30059200;35132862;35254053;35289036;39534244,og_consensus_gaps5-8-10-12-15_core-gap10_min3_strict-v1
og_consensus_gaps5-8-10-12-15_core-gap10_min3_strict-v1:P35658:1051-1058,P35658,1051,T,9,30059200;31492838;32574038;32938750;35132862;35254053;35289036;39531497;39534244,og_consensus_gaps5-8-10-12-15_core-gap10_min3_strict-v1
og_consensus_gaps5-8-10-12-15_core-gap10_min3_strict-v1:P35658:1051-1058,P35658,1052,S,9,30059200;31492838;35132862;35254053;35289036;35513511;37541260;39302247;39534244,og_consensus_gaps5-8-10-12-15_core-gap10_min3_strict-v1
og_consensus_gaps5-8-10-12-15_core-gap10_min3_strict-v1:P35658:1051-1058,P35658,1055,T,8,30059200;30379171;31492838;35254053;35513511;37541260;39531497;39534244,og_consensus_gaps5-8-10-12-15_core-gap10_min3_strict-v1
og_consensus_gaps5-8-10-12-15_core-gap10_min3_strict-v1:P35658:1051-1058,P35658,1056,S,13,20068230;21740066;29351928;30059200;30379171;31492838;32938750;35132862;35254053;35289036;35513511;39531497;39534244,og_consensus_gaps5-8-10-12-15_core-gap10_min3_strict-v1
og_consensus_gaps5-8-10-12-15_core-gap10_min3_strict-v1:P35658:1051-1058,P35658,1058,S,9,29237092;30059200;30379171;31492838;32938750;35254053;35289036;39531497;39534244,og_consensus_gaps5-8-10-12-15_core-gap10_min3_strict-v1
og_consensus_gaps5-8-10-12-15_core-gap10_min3_strict-v1:P35658:1081-1087,P35658,1081,S,1,34846842,og_consensus_gaps5-8-10-12-15_core-gap10_min3_strict-v1
og_consensus_gaps5-8-10-12-15_core-gap10_min3_strict-v1:P35658:1081-1087,P35658,1083,S,1,35254053,og_consensus_gaps5-8-10-12-15_core-gap10_min3_strict-v1
og_consensus_gaps5-8-10-12-15_core-gap10_min3_strict-v1:P35658:1081-1087,P35658,1087,S,9,29237092;29351928;30059200;31492838;34846842;35254053;35289036;35513511;39534244,og_consensus_gaps5-8-10-12-15_core-gap10_min3_strict-v1
og_consensus_gaps5-8-10-12-15_core-gap10_min3_strict-v1:P35658:1134-1147,P35658,1134,T,5,28604694;35254053;35289036;35705054;39531497,og_consensus_gaps5-8-10-12-15_core-gap10_min3_strict-v1
og_consensus_gaps5-8-10-12-15_core-gap10_min3_strict-v1:P35658:1134-1147,P35658,1136,S,4,29249144;32574038;35254053;35289036,og_consensus_gaps5-8-10-12-15_core-gap10_min3_strict-v1
og_consensus_gaps5-8-10-12-15_core-gap10_min3_strict-v1:P35658:1134-1147,P35658,1137,T,7,29249144;30059200;32938750;35254053;35513511;35705054;37541260,og_consensus_gaps5-8-10-12-15_core-gap10_min3_strict-v1
og_consensus_gaps5-8-10-12-15_core-gap10_min3_strict-v1:P35658:1134-1147,P35658,1141,S,3,29249144;35289036;35705054,og_consensus_gaps5-8-10-12-15_core-gap10_min3_strict-v1
og_consensus_gaps5-8-10-12-15_core-gap10_min3_strict-v1:P35658:1134-1147,P35658,1142,S,3,29249144;35705054;39534244,og_consensus_gaps5-8-10-12-15_core-gap10_min3_strict-v1
og_consensus_gaps5-8-10-12-15_core-gap10_min3_strict-v1:P35658:1134-1147,P35658,1146,S,14,21740066;29237092;29351928;30059200;31492838;35132862;35254053;35289036;35513511;35705054;37541260;38838015;39531497;39534244,og_consensus_gaps5-8-10-12-15_core-gap10_min3_strict-v1
og_consensus_gaps5-8-10-12-15_core-gap10_min3_strict-v1:P35658:1134-1147,P35658,1147,T,3,30059200;35289036;39534244,og_consensus_gaps5-8-10-12-15_core-gap10_min3_strict-v1
og_consensus_gaps5-8-10-12-15_core-gap10_min3_strict-v1:P35658:1198-1249,P35658,1198,T,7,29351928;30059200;35254053;35289036;35513511;39531497;39534244,og_consensus_gaps5-8-10-12-15_core-gap10_min3_strict-v1
og_consensus_gaps5-8-10-12-15_core-gap10_min3_strict-v1:P35658:1198-1249,P35658,1201,T,13,20068230;21740066;28657654;29249144;29351928;30059200;31492838;35254053;35289036;37541260;38838015;39531497;39534244,og_consensus_gaps5-8-10-12-15_core-gap10_min3_strict-v1
og_consensus_gaps5-8-10-12-15_core-gap10_min3_strict-v1:P35658:1198-1249,P35658,1202,S,14,21740066;28657654;29351928;30059200;30620550;31492838;34846842;35254053;35289036;35513511;37541260;38838015;39531497;39534244,og_consensus_gaps5-8-10-12-15_core-gap10_min3_strict-v1
og_consensus_gaps5-8-10-12-15_core-gap10_min3_strict-v1:P35658:1198-1249,P35658,1203,T,4,29249144;35254053;35289036;39534244,og_consensus_gaps5-8-10-12-15_core-gap10_min3_strict-v1
og_consensus_gaps5-8-10-12-15_core-gap10_min3_strict-v1:P35658:1198-1249,P35658,1205,S,3,29249144;35289036;39534244,og_consensus_gaps5-8-10-12-15_core-gap10_min3_strict-v1
og_consensus_gaps5-8-10-12-15_core-gap10_min3_strict-v1:P35658:1198-1249,P35658,1207,S,3,35289036;39531497;39534244,og_consensus_gaps5-8-10-12-15_core-gap10_min3_strict-v1
og_consensus_gaps5-8-10-12-15_core-gap10_min3_strict-v1:P35658:1198-1249,P35658,1211,S,1,35289036,og_consensus_gaps5-8-10-12-15_core-gap10_min3_strict-v1
og_consensus_gaps5-8-10-12-15_core-gap10_min3_strict-v1:P35658:1198-1249,P35658,1215,S,1,39534244,og_consensus_gaps5-8-10-12-15_core-gap10_min3_strict-v1
og_consensus_gaps5-8-10-12-15_core-gap10_min3_strict-v1:P35658:1198-1249,P35658,1217,S,1,39534244,og_consensus_gaps5-8-10-12-15_core-gap10_min3_strict-v1
og_consensus_gaps5-8-10-12-15_core-gap10_min3_strict-v1:P35658:1198-1249,P35658,1219,S,1,39534244,og_consensus_gaps5-8-10-12-15_core-gap10_min3_strict-v1
og_consensus_gaps5-8-10-12-15_core-gap10_min3_strict-v1:P35658:1198-1249,P35658,1221,T,1,39534244,og_consensus_gaps5-8-10-12-15_core-gap10_min3_strict-v1
og_consensus_gaps5-8-10-12-15_core-gap10_min3_strict-v1:P35658:1198-1249,P35658,1229,T,3,35254053;39531497;39534244,og_consensus_gaps5-8-10-12-15_core-gap10_min3_strict-v1
og_consensus_gaps5-8-10-12-15_core-gap10_min3_strict-v1:P35658:1198-1249,P35658,1231,T,2,39531497;39534244,og_consensus_gaps5-8-10-12-15_core-gap10_min3_strict-v1
og_consensus_gaps5-8-10-12-15_core-gap10_min3_strict-v1:P35658:1198-1249,P35658,1233,S,1,39534244,og_consensus_gaps5-8-10-12-15_core-gap10_min3_strict-v1
og_consensus_gaps5-8-10-12-15_core-gap10_min3_strict-v1:P35658:1198-1249,P35658,1234,S,1,39534244,og_consensus_gaps5-8-10-12-15_core-gap10_min3_strict-v1
og_consensus_gaps5-8-10-12-15_core-gap10_min3_strict-v1:P35658:1198-1249,P35658,1237,T,1,39534244,og_consensus_gaps5-8-10-12-15_core-gap10_min3_strict-v1
og_consensus_gaps5-8-10-12-15_core-gap10_min3_strict-v1:P35658:1198-1249,P35658,1243,T,2,39531497;39534244,og_consensus_gaps5-8-10-12-15_core-gap10_min3_strict-v1
og_consensus_gaps5-8-10-12-15_core-gap10_min3_strict-v1:P35658:1198-1249,P35658,1245,S,1,39534244,og_consensus_gaps5-8-10-12-15_core-gap10_min3_strict-v1
og_consensus_gaps5-8-10-12-15_core-gap10_min3_strict-v1:P35658:1198-1249,P35658,1246,T,4,29351928;35254053;39531497;39534244,og_consensus_gaps5-8-10-12-15_core-gap10_min3_strict-v1
og_consensus_gaps5-8-10-12-15_core-gap10_min3_strict-v1:P35658:1198-1249,P35658,1249,S,1,35289036,og_consensus_gaps5-8-10-12-15_core-gap10_min3_strict-v1
og_consensus_gaps5-8-10-12-15_core-gap10_min3_strict-v1:P35658:1299-1308,P35658,1299,S,1,39534244,og_consensus_gaps5-8-10-12-15_core-gap10_min3_strict-v1
og_consensus_gaps5-8-10-12-15_core-gap10_min3_strict-v1:P35658:1299-1308,P35658,1304,S,1,35254053,og_consensus_gaps5-8-10-12-15_core-gap10_min3_strict-v1
og_consensus_gaps5-8-10-12-15_core-gap10_min3_strict-v1:P35658:1299-1308,P35658,1305,T,5,30059200;35254053;37541260;39531497;39534244,og_consensus_gaps5-8-10-12-15_core-gap10_min3_strict-v1
og_consensus_gaps5-8-10-12-15_core-gap10_min3_strict-v1:P35658:1299-1308,P35658,1306,T,2,30059200;35254053,og_consensus_gaps5-8-10-12-15_core-gap10_min3_strict-v1
og_consensus_gaps5-8-10-12-15_core-gap10_min3_strict-v1:P35658:1299-1308,P35658,1307,S,1,39534244,og_consensus_gaps5-8-10-12-15_core-gap10_min3_strict-v1
og_consensus_gaps5-8-10-12-15_core-gap10_min3_strict-v1:P35658:1299-1308,P35658,1308,S,1,39534244,og_consensus_gaps5-8-10-12-15_core-gap10_min3_strict-v1
og_consensus_gaps5-8-10-12-15_core-gap10_min3_strict-v1:P35658:1324-1335,P35658,1324,S,6,30059200;32574038;35254053;35289036;39531497;39534244,og_consensus_gaps5-8-10-12-15_core-gap10_min3_strict-v1
og_consensus_gaps5-8-10-12-15_core-gap10_min3_strict-v1:P35658:1324-1335,P35658,1325,S,9,29237092;29351928;30059200;35132862;35254053;35289036;35513511;37541260;39531497,og_consensus_gaps5-8-10-12-15_core-gap10_min3_strict-v1
og_consensus_gaps5-8-10-12-15_core-gap10_min3_strict-v1:P35658:1324-1335,P35658,1330,T,2,22661428;35289036,og_consensus_gaps5-8-10-12-15_core-gap10_min3_strict-v1
og_consensus_gaps5-8-10-12-15_core-gap10_min3_strict-v1:P35658:1324-1335,P35658,1333,S,2,35289036;39534244,og_consensus_gaps5-8-10-12-15_core-gap10_min3_strict-v1
og_consensus_gaps5-8-10-12-15_core-gap10_min3_strict-v1:P35658:1324-1335,P35658,1335,S,2,35289036;39534244,og_consensus_gaps5-8-10-12-15_core-gap10_min3_strict-v1
og_consensus_gaps5-8-10-12-15_core-gap10_min3_strict-v1:P35658:1353-1375,P35658,1353,S,9,28604694;29351928;30059200;31492838;32574038;34846842;35254053;35289036;38838015,og_consensus_gaps5-8-10-12-15_core-gap10_min3_strict-v1
og_consensus_gaps5-8-10-12-15_core-gap10_min3_strict-v1:P35658:1353-1375,P35658,1354,S,16,20068230;21158410;28657654;29237092;29351928;30059200;30620550;31492838;34846842;35132862;35254053;35289036;35513511;38838015;39531497;39534244,og_consensus_gaps5-8-10-12-15_core-gap10_min3_strict-v1
og_consensus_gaps5-8-10-12-15_core-gap10_min3_strict-v1:P35658:1353-1375,P35658,1355,T,3,35254053;38838015;39534244,og_consensus_gaps5-8-10-12-15_core-gap10_min3_strict-v1
og_consensus_gaps5-8-10-12-15_core-gap10_min3_strict-v1:P35658:1353-1375,P35658,1356,S,7,21740066;30059200;31492838;35254053;35289036;35513511;38838015,og_consensus_gaps5-8-10-12-15_core-gap10_min3_strict-v1
og_consensus_gaps5-8-10-12-15_core-gap10_min3_strict-v1:P35658:1353-1375,P35658,1358,T,5,30059200;31492838;35132862;35254053;37541260,og_consensus_gaps5-8-10-12-15_core-gap10_min3_strict-v1
og_consensus_gaps5-8-10-12-15_core-gap10_min3_strict-v1:P35658:1353-1375,P35658,1359,S,4,29249144;30059200;31492838;35254053,og_consensus_gaps5-8-10-12-15_core-gap10_min3_strict-v1
og_consensus_gaps5-8-10-12-15_core-gap10_min3_strict-v1:P35658:1353-1375,P35658,1360,T,7,21740066;29249144;30059200;31492838;35132862;35254053;39534244,og_consensus_gaps5-8-10-12-15_core-gap10_min3_strict-v1
og_consensus_gaps5-8-10-12-15_core-gap10_min3_strict-v1:P35658:1353-1375,P35658,1363,T,1,29249144,og_consensus_gaps5-8-10-12-15_core-gap10_min3_strict-v1
og_consensus_gaps5-8-10-12-15_core-gap10_min3_strict-v1:P35658:1353-1375,P35658,1365,T,2,35254053;39534244,og_consensus_gaps5-8-10-12-15_core-gap10_min3_strict-v1
og_consensus_gaps5-8-10-12-15_core-gap10_min3_strict-v1:P35658:1353-1375,P35658,1366,S,1,39534244,og_consensus_gaps5-8-10-12-15_core-gap10_min3_strict-v1
og_consensus_gaps5-8-10-12-15_core-gap10_min3_strict-v1:P35658:1353-1375,P35658,1370,S,1,35132862,og_consensus_gaps5-8-10-12-15_core-gap10_min3_strict-v1
og_consensus_gaps5-8-10-12-15_core-gap10_min3_strict-v1:P35658:1353-1375,P35658,1375,T,2,35254053;39534244,og_consensus_gaps5-8-10-12-15_core-gap10_min3_strict-v1
og_consensus_gaps5-8-10-12-15_core-gap10_min3_strict-v1:P35658:1453-1475,P35658,1453,S,1,39534244,og_consensus_gaps5-8-10-12-15_core-gap10_min3_strict-v1
og_consensus_gaps5-8-10-12-15_core-gap10_min3_strict-v1:P35658:1453-1475,P35658,1458,T,1,39534244,og_consensus_gaps5-8-10-12-15_core-gap10_min3_strict-v1
og_consensus_gaps5-8-10-12-15_core-gap10_min3_strict-v1:P35658:1453-1475,P35658,1459,T,1,39534244,og_consensus_gaps5-8-10-12-15_core-gap10_min3_strict-v1
og_consensus_gaps5-8-10-12-15_core-gap10_min3_strict-v1:P35658:1453-1475,P35658,1462,T,1,39534244,og_consensus_gaps5-8-10-12-15_core-gap10_min3_strict-v1
og_consensus_gaps5-8-10-12-15_core-gap10_min3_strict-v1:P35658:1453-1475,P35658,1466,T,1,39534244,og_consensus_gaps5-8-10-12-15_core-gap10_min3_strict-v1
og_consensus_gaps5-8-10-12-15_core-gap10_min3_strict-v1:P35658:1453-1475,P35658,1467,S,1,39534244,og_consensus_gaps5-8-10-12-15_core-gap10_min3_strict-v1
og_consensus_gaps5-8-10-12-15_core-gap10_min3_strict-v1:P35658:1453-1475,P35658,1470,T,1,39534244,og_consensus_gaps5-8-10-12-15_core-gap10_min3_strict-v1
og_consensus_gaps5-8-10-12-15_core-gap10_min3_strict-v1:P35658:1453-1475,P35658,1472,S,1,39534244,og_consensus_gaps5-8-10-12-15_core-gap10_min3_strict-v1
og_consensus_gaps5-8-10-12-15_core-gap10_min3_strict-v1:P35658:1453-1475,P35658,1475,S,1,39534244,og_consensus_gaps5-8-10-12-15_core-gap10_min3_strict-v1
og_consensus_gaps5-8-10-12-15_core-gap10_min3_strict-v1:P35658:1549-1572,P35658,1549,S,5,28604694;32938750;35254053;39302247;39531497,og_consensus_gaps5-8-10-12-15_core-gap10_min3_strict-v1
og_consensus_gaps5-8-10-12-15_core-gap10_min3_strict-v1:P35658:1549-1572,P35658,1551,S,2,28604694;35254053,og_consensus_gaps5-8-10-12-15_core-gap10_min3_strict-v1
og_consensus_gaps5-8-10-12-15_core-gap10_min3_strict-v1:P35658:1549-1572,P35658,1553,T,1,28604694,og_consensus_gaps5-8-10-12-15_core-gap10_min3_strict-v1
og_consensus_gaps5-8-10-12-15_core-gap10_min3_strict-v1:P35658:1549-1572,P35658,1556,S,1,28604694,og_consensus_gaps5-8-10-12-15_core-gap10_min3_strict-v1
og_consensus_gaps5-8-10-12-15_core-gap10_min3_strict-v1:P35658:1549-1572,P35658,1557,S,2,28604694;35289036,og_consensus_gaps5-8-10-12-15_core-gap10_min3_strict-v1
og_consensus_gaps5-8-10-12-15_core-gap10_min3_strict-v1:P35658:1549-1572,P35658,1558,T,1,28604694,og_consensus_gaps5-8-10-12-15_core-gap10_min3_strict-v1
og_consensus_gaps5-8-10-12-15_core-gap10_min3_strict-v1:P35658:1549-1572,P35658,1559,S,3,28604694;35254053;37541260,og_consensus_gaps5-8-10-12-15_core-gap10_min3_strict-v1
og_consensus_gaps5-8-10-12-15_core-gap10_min3_strict-v1:P35658:1549-1572,P35658,1564,S,1,39531497,og_consensus_gaps5-8-10-12-15_core-gap10_min3_strict-v1
og_consensus_gaps5-8-10-12-15_core-gap10_min3_strict-v1:P35658:1549-1572,P35658,1568,T,1,39531497,og_consensus_gaps5-8-10-12-15_core-gap10_min3_strict-v1
og_consensus_gaps5-8-10-12-15_core-gap10_min3_strict-v1:P35658:1549-1572,P35658,1571,T,2,35254053;39531497,og_consensus_gaps5-8-10-12-15_core-gap10_min3_strict-v1
og_consensus_gaps5-8-10-12-15_core-gap10_min3_strict-v1:P35658:1549-1572,P35658,1572,T,3,28657654;39302247;39531497,og_consensus_gaps5-8-10-12-15_core-gap10_min3_strict-v1
og_consensus_gaps5-8-10-12-15_core-gap10_min3_strict-v1:P35658:1666-1671,P35658,1666,T,1,39531497,og_consensus_gaps5-8-10-12-15_core-gap10_min3_strict-v1
og_consensus_gaps5-8-10-12-15_core-gap10_min3_strict-v1:P35658:1666-1671,P35658,1669,S,1,39531497,og_consensus_gaps5-8-10-12-15_core-gap10_min3_strict-v1
og_consensus_gaps5-8-10-12-15_core-gap10_min3_strict-v1:P35658:1666-1671,P35658,1671,T,1,39531497,og_consensus_gaps5-8-10-12-15_core-gap10_min3_strict-v1
og_consensus_gaps5-8-10-12-15_core-gap10_min3_strict-v1:P35658:1695-1706,P35658,1695,S,1,39531497,og_consensus_gaps5-8-10-12-15_core-gap10_min3_strict-v1
og_consensus_gaps5-8-10-12-15_core-gap10_min3_strict-v1:P35658:1695-1706,P35658,1696,T,1,39531497,og_consensus_gaps5-8-10-12-15_core-gap10_min3_strict-v1
og_consensus_gaps5-8-10-12-15_core-gap10_min3_strict-v1:P35658:1695-1706,P35658,1700,T,1,39531497,og_consensus_gaps5-8-10-12-15_core-gap10_min3_strict-v1
og_consensus_gaps5-8-10-12-15_core-gap10_min3_strict-v1:P35658:1695-1706,P35658,1704,S,1,39531497,og_consensus_gaps5-8-10-12-15_core-gap10_min3_strict-v1
og_consensus_gaps5-8-10-12-15_core-gap10_min3_strict-v1:P35658:1695-1706,P35658,1705,S,1,39531497,og_consensus_gaps5-8-10-12-15_core-gap10_min3_strict-v1
og_consensus_gaps5-8-10-12-15_core-gap10_min3_strict-v1:P35658:1695-1706,P35658,1706,S,1,39531497,og_consensus_gaps5-8-10-12-15_core-gap10_min3_strict-v1
og_consensus_gaps5-8-10-12-15_core-gap10_min3_strict-v1:P35658:1735-1738,P35658,1735,S,1,39531497,og_consensus_gaps5-8-10-12-15_core-gap10_min3_strict-v1
og_consensus_gaps5-8-10-12-15_core-gap10_min3_strict-v1:P35658:1735-1738,P35658,1737,S,1,39531497,og_consensus_gaps5-8-10-12-15_core-gap10_min3_strict-v1
og_consensus_gaps5-8-10-12-15_core-gap10_min3_strict-v1:P35658:1735-1738,P35658,1738,S,1,39531497,og_consensus_gaps5-8-10-12-15_core-gap10_min3_strict-v1
og_consensus_gaps5-8-10-12-15_core-gap10_min3_strict-v1:P35658:1822-1832,P35658,1822,T,1,39531497,og_consensus_gaps5-8-10-12-15_core-gap10_min3_strict-v1
og_consensus_gaps5-8-10-12-15_core-gap10_min3_strict-v1:P35658:1822-1832,P35658,1823,S,1,39531497,og_consensus_gaps5-8-10-12-15_core-gap10_min3_strict-v1
og_consensus_gaps5-8-10-12-15_core-gap10_min3_strict-v1:P35658:1822-1832,P35658,1826,T,1,39531497,og_consensus_gaps5-8-10-12-15_core-gap10_min3_strict-v1
og_consensus_gaps5-8-10-12-15_core-gap10_min3_strict-v1:P35658:1822-1832,P35658,1827,T,1,39531497,og_consensus_gaps5-8-10-12-15_core-gap10_min3_strict-v1
og_consensus_gaps5-8-10-12-15_core-gap10_min3_strict-v1:P35658:1822-1832,P35658,1828,T,1,39531497,og_consensus_gaps5-8-10-12-15_core-gap10_min3_strict-v1
og_consensus_gaps5-8-10-12-15_core-gap10_min3_strict-v1:P35658:1822-1832,P35658,1831,T,1,39531497,og_consensus_gaps5-8-10-12-15_core-gap10_min3_strict-v1
og_consensus_gaps5-8-10-12-15_core-gap10_min3_strict-v1:P35658:1822-1832,P35658,1832,S,1,39531497,og_consensus_gaps5-8-10-12-15_core-gap10_min3_strict-v1
og_consensus_gaps5-8-10-12-15_core-gap10_min3_strict-v1:P35658:1904-1919,P35658,1904,S,11,21740066;28604694;29351928;31492838;32938750;35254053;35289036;35513511;37541260;39531497;39534244,og_consensus_gaps5-8-10-12-15_core-gap10_min3_strict-v1
og_consensus_gaps5-8-10-12-15_core-gap10_min3_strict-v1:P35658:1904-1919,P35658,1905,S,6,21740066;28604694;35254053;35289036;39531497;39534244,og_consensus_gaps5-8-10-12-15_core-gap10_min3_strict-v1
og_consensus_gaps5-8-10-12-15_core-gap10_min3_strict-v1:P35658:1904-1919,P35658,1907,S,10,21740066;28604694;29249144;29351928;32938750;35132862;35254053;37541260;39531497;39534244,og_consensus_gaps5-8-10-12-15_core-gap10_min3_strict-v1
og_consensus_gaps5-8-10-12-15_core-gap10_min3_strict-v1:P35658:1904-1919,P35658,1912,S,5,28604694;29249144;35254053;39531497;39534244,og_consensus_gaps5-8-10-12-15_core-gap10_min3_strict-v1
og_consensus_gaps5-8-10-12-15_core-gap10_min3_strict-v1:P35658:1904-1919,P35658,1913,T,6,28604694;29249144;29351928;35254053;39531497;39534244,og_consensus_gaps5-8-10-12-15_core-gap10_min3_strict-v1
og_consensus_gaps5-8-10-12-15_core-gap10_min3_strict-v1:P35658:1904-1919,P35658,1915,T,4,28604694;29249144;35254053;39534244,og_consensus_gaps5-8-10-12-15_core-gap10_min3_strict-v1
og_consensus_gaps5-8-10-12-15_core-gap10_min3_strict-v1:P35658:1904-1919,P35658,1916,S,8,21740066;28604694;29249144;29351928;35254053;35289036;39531497;39534244,og_consensus_gaps5-8-10-12-15_core-gap10_min3_strict-v1
og_consensus_gaps5-8-10-12-15_core-gap10_min3_strict-v1:P35658:1904-1919,P35658,1918,T,2,29249144;39534244,og_consensus_gaps5-8-10-12-15_core-gap10_min3_strict-v1
og_consensus_gaps5-8-10-12-15_core-gap10_min3_strict-v1:P35658:1904-1919,P35658,1919,S,2,29249144;39534244,og_consensus_gaps5-8-10-12-15_core-gap10_min3_strict-v1
og_consensus_gaps5-8-10-12-15_core-gap10_min3_strict-v1:P35658:1935-1967,P35658,1935,S,3,35289036;39531497;39534244,og_consensus_gaps5-8-10-12-15_core-gap10_min3_strict-v1
og_consensus_gaps5-8-10-12-15_core-gap10_min3_strict-v1:P35658:1935-1967,P35658,1936,S,4,35254053;35289036;39531497;39534244,og_consensus_gaps5-8-10-12-15_core-gap10_min3_strict-v1
og_consensus_gaps5-8-10-12-15_core-gap10_min3_strict-v1:P35658:1935-1967,P35658,1937,S,6,29351928;35254053;35289036;35513511;39531497;39534244,og_consensus_gaps5-8-10-12-15_core-gap10_min3_strict-v1
og_consensus_gaps5-8-10-12-15_core-gap10_min3_strict-v1:P35658:1935-1967,P35658,1944,T,4,29351928;35254053;39531497;39534244,og_consensus_gaps5-8-10-12-15_core-gap10_min3_strict-v1
og_consensus_gaps5-8-10-12-15_core-gap10_min3_strict-v1:P35658:1935-1967,P35658,1946,T,4,35254053;39302247;39531497;39534244,og_consensus_gaps5-8-10-12-15_core-gap10_min3_strict-v1
og_consensus_gaps5-8-10-12-15_core-gap10_min3_strict-v1:P35658:1935-1967,P35658,1948,S,4,35254053;35513511;39531497;39534244,og_consensus_gaps5-8-10-12-15_core-gap10_min3_strict-v1
og_consensus_gaps5-8-10-12-15_core-gap10_min3_strict-v1:P35658:1935-1967,P35658,1949,S,2,39531497;39534244,og_consensus_gaps5-8-10-12-15_core-gap10_min3_strict-v1
og_consensus_gaps5-8-10-12-15_core-gap10_min3_strict-v1:P35658:1935-1967,P35658,1953,S,2,32574038;39534244,og_consensus_gaps5-8-10-12-15_core-gap10_min3_strict-v1
og_consensus_gaps5-8-10-12-15_core-gap10_min3_strict-v1:P35658:1935-1967,P35658,1956,S,3,29351928;39302247;39534244,og_consensus_gaps5-8-10-12-15_core-gap10_min3_strict-v1
og_consensus_gaps5-8-10-12-15_core-gap10_min3_strict-v1:P35658:1935-1967,P35658,1962,S,2,39531497;39534244,og_consensus_gaps5-8-10-12-15_core-gap10_min3_strict-v1
og_consensus_gaps5-8-10-12-15_core-gap10_min3_strict-v1:P35658:1935-1967,P35658,1963,S,1,39534244,og_consensus_gaps5-8-10-12-15_core-gap10_min3_strict-v1
og_consensus_gaps5-8-10-12-15_core-gap10_min3_strict-v1:P35658:1935-1967,P35658,1967,T,1,35254053,og_consensus_gaps5-8-10-12-15_core-gap10_min3_strict-v1
og_consensus_gaps5-8-10-12-15_core-gap10_min3_strict-v1:P35658:1978-1985,P35658,1978,S,1,39534244,og_consensus_gaps5-8-10-12-15_core-gap10_min3_strict-v1
og_consensus_gaps5-8-10-12-15_core-gap10_min3_strict-v1:P35658:1978-1985,P35658,1981,T,1,39534244,og_consensus_gaps5-8-10-12-15_core-gap10_min3_strict-v1
og_consensus_gaps5-8-10-12-15_core-gap10_min3_strict-v1:P35658:1978-1985,P35658,1985,S,3,35254053;39531497;39534244,og_consensus_gaps5-8-10-12-15_core-gap10_min3_strict-v1
og_consensus_gaps5-8-10-12-15_core-gap10_min3_strict-v1:P35658:1996-2006,P35658,1996,S,2,35132862;39534244,og_consensus_gaps5-8-10-12-15_core-gap10_min3_strict-v1
og_consensus_gaps5-8-10-12-15_core-gap10_min3_strict-v1:P35658:1996-2006,P35658,2001,T,3,35254053;39531497;39534244,og_consensus_gaps5-8-10-12-15_core-gap10_min3_strict-v1
og_consensus_gaps5-8-10-12-15_core-gap10_min3_strict-v1:P35658:1996-2006,P35658,2002,S,1,39534244,og_consensus_gaps5-8-10-12-15_core-gap10_min3_strict-v1
og_consensus_gaps5-8-10-12-15_core-gap10_min3_strict-v1:P35658:1996-2006,P35658,2006,S,1,39534244,og_consensus_gaps5-8-10-12-15_core-gap10_min3_strict-v1
og_consensus_gaps5-8-10-12-15_core-gap10_min3_strict-v1:P35658:2032-2034,P35658,2032,T,1,39531497,og_consensus_gaps5-8-10-12-15_core-gap10_min3_strict-v1
og_consensus_gaps5-8-10-12-15_core-gap10_min3_strict-v1:P35658:2032-2034,P35658,2033,T,1,39531497,og_consensus_gaps5-8-10-12-15_core-gap10_min3_strict-v1
og_consensus_gaps5-8-10-12-15_core-gap10_min3_strict-v1:P35658:2032-2034,P35658,2034,S,1,39531497,og_consensus_gaps5-8-10-12-15_core-gap10_min3_strict-v1
og_consensus_gaps5-8-10-12-15_core-gap10_min3_strict-v1:P36507:394-398,P36507,394,T,1,32574038,og_consensus_gaps5-8-10-12-15_core-gap10_min3_strict-v1
og_consensus_gaps5-8-10-12-15_core-gap10_min3_strict-v1:P36507:394-398,P36507,396,T,2,20563614;32574038,og_consensus_gaps5-8-10-12-15_core-gap10_min3_strict-v1
og_consensus_gaps5-8-10-12-15_core-gap10_min3_strict-v1:P36507:394-398,P36507,398,T,4,30059200;32574038;35513511;37541260,og_consensus_gaps5-8-10-12-15_core-gap10_min3_strict-v1
og_consensus_gaps5-8-10-12-15_core-gap10_min3_strict-v1:P37198:9-39,P37198,9,T,2,35289036;39534244,og_consensus_gaps5-8-10-12-15_core-gap10_min3_strict-v1
og_consensus_gaps5-8-10-12-15_core-gap10_min3_strict-v1:P37198:9-39,P37198,13,T,3,32119511;35289036;39534244,og_consensus_gaps5-8-10-12-15_core-gap10_min3_strict-v1
og_consensus_gaps5-8-10-12-15_core-gap10_min3_strict-v1:P37198:9-39,P37198,17,T,7,31492838;32119511;32938750;35254053;35289036;38838015;39534244,og_consensus_gaps5-8-10-12-15_core-gap10_min3_strict-v1
og_consensus_gaps5-8-10-12-15_core-gap10_min3_strict-v1:P37198:9-39,P37198,20,T,4,34846842;35254053;35289036;39531497,og_consensus_gaps5-8-10-12-15_core-gap10_min3_strict-v1
og_consensus_gaps5-8-10-12-15_core-gap10_min3_strict-v1:P37198:9-39,P37198,23,T,3,29351928;32119511;39531497,og_consensus_gaps5-8-10-12-15_core-gap10_min3_strict-v1
og_consensus_gaps5-8-10-12-15_core-gap10_min3_strict-v1:P37198:9-39,P37198,25,T,2,29351928;39531497,og_consensus_gaps5-8-10-12-15_core-gap10_min3_strict-v1
og_consensus_gaps5-8-10-12-15_core-gap10_min3_strict-v1:P37198:9-39,P37198,26,T,3,29351928;32119511;39531497,og_consensus_gaps5-8-10-12-15_core-gap10_min3_strict-v1
og_consensus_gaps5-8-10-12-15_core-gap10_min3_strict-v1:P37198:9-39,P37198,27,T,2,32119511;39531497,og_consensus_gaps5-8-10-12-15_core-gap10_min3_strict-v1
og_consensus_gaps5-8-10-12-15_core-gap10_min3_strict-v1:P37198:9-39,P37198,30,T,2,32119511;39531497,og_consensus_gaps5-8-10-12-15_core-gap10_min3_strict-v1
og_consensus_gaps5-8-10-12-15_core-gap10_min3_strict-v1:P37198:9-39,P37198,33,S,1,32119511,og_consensus_gaps5-8-10-12-15_core-gap10_min3_strict-v1
og_consensus_gaps5-8-10-12-15_core-gap10_min3_strict-v1:P37198:9-39,P37198,36,T,1,32119511,og_consensus_gaps5-8-10-12-15_core-gap10_min3_strict-v1
og_consensus_gaps5-8-10-12-15_core-gap10_min3_strict-v1:P37198:9-39,P37198,37,S,1,32119511,og_consensus_gaps5-8-10-12-15_core-gap10_min3_strict-v1
og_consensus_gaps5-8-10-12-15_core-gap10_min3_strict-v1:P37198:9-39,P37198,39,T,1,32119511,og_consensus_gaps5-8-10-12-15_core-gap10_min3_strict-v1
og_consensus_gaps5-8-10-12-15_core-gap10_min3_strict-v1:P37198:52-78,P37198,52,T,2,32119511;39531497,og_consensus_gaps5-8-10-12-15_core-gap10_min3_strict-v1
og_consensus_gaps5-8-10-12-15_core-gap10_min3_strict-v1:P37198:52-78,P37198,53,S,2,32119511;39531497,og_consensus_gaps5-8-10-12-15_core-gap10_min3_strict-v1
og_consensus_gaps5-8-10-12-15_core-gap10_min3_strict-v1:P37198:52-78,P37198,54,T,1,32119511,og_consensus_gaps5-8-10-12-15_core-gap10_min3_strict-v1
og_consensus_gaps5-8-10-12-15_core-gap10_min3_strict-v1:P37198:52-78,P37198,56,S,1,32119511,og_consensus_gaps5-8-10-12-15_core-gap10_min3_strict-v1
og_consensus_gaps5-8-10-12-15_core-gap10_min3_strict-v1:P37198:52-78,P37198,57,T,2,32119511;39531497,og_consensus_gaps5-8-10-12-15_core-gap10_min3_strict-v1
og_consensus_gaps5-8-10-12-15_core-gap10_min3_strict-v1:P37198:52-78,P37198,61,S,1,32119511,og_consensus_gaps5-8-10-12-15_core-gap10_min3_strict-v1
og_consensus_gaps5-8-10-12-15_core-gap10_min3_strict-v1:P37198:52-78,P37198,64,T,2,32119511;39531497,og_consensus_gaps5-8-10-12-15_core-gap10_min3_strict-v1
og_consensus_gaps5-8-10-12-15_core-gap10_min3_strict-v1:P37198:52-78,P37198,66,T,1,32119511,og_consensus_gaps5-8-10-12-15_core-gap10_min3_strict-v1
og_consensus_gaps5-8-10-12-15_core-gap10_min3_strict-v1:P37198:52-78,P37198,69,T,2,32119511;39531497,og_consensus_gaps5-8-10-12-15_core-gap10_min3_strict-v1
og_consensus_gaps5-8-10-12-15_core-gap10_min3_strict-v1:P37198:52-78,P37198,71,T,2,32119511;39531497,og_consensus_gaps5-8-10-12-15_core-gap10_min3_strict-v1
og_consensus_gaps5-8-10-12-15_core-gap10_min3_strict-v1:P37198:52-78,P37198,72,T,2,32119511;39531497,og_consensus_gaps5-8-10-12-15_core-gap10_min3_strict-v1
og_consensus_gaps5-8-10-12-15_core-gap10_min3_strict-v1:P37198:52-78,P37198,75,T,1,32119511,og_consensus_gaps5-8-10-12-15_core-gap10_min3_strict-v1
og_consensus_gaps5-8-10-12-15_core-gap10_min3_strict-v1:P37198:52-78,P37198,78,T,1,32119511,og_consensus_gaps5-8-10-12-15_core-gap10_min3_strict-v1
og_consensus_gaps5-8-10-12-15_core-gap10_min3_strict-v1:P37198:95-105,P37198,95,S,1,32119511,og_consensus_gaps5-8-10-12-15_core-gap10_min3_strict-v1
og_consensus_gaps5-8-10-12-15_core-gap10_min3_strict-v1:P37198:95-105,P37198,100,S,1,32119511,og_consensus_gaps5-8-10-12-15_core-gap10_min3_strict-v1
og_consensus_gaps5-8-10-12-15_core-gap10_min3_strict-v1:P37198:95-105,P37198,102,T,1,32119511,og_consensus_gaps5-8-10-12-15_core-gap10_min3_strict-v1
og_consensus_gaps5-8-10-12-15_core-gap10_min3_strict-v1:P37198:95-105,P37198,105,T,1,32119511,og_consensus_gaps5-8-10-12-15_core-gap10_min3_strict-v1
og_consensus_gaps5-8-10-12-15_core-gap10_min3_strict-v1:P37198:118-161,P37198,118,S,1,32119511,og_consensus_gaps5-8-10-12-15_core-gap10_min3_strict-v1
og_consensus_gaps5-8-10-12-15_core-gap10_min3_strict-v1:P37198:118-161,P37198,119,S,1,32119511,og_consensus_gaps5-8-10-12-15_core-gap10_min3_strict-v1
og_consensus_gaps5-8-10-12-15_core-gap10_min3_strict-v1:P37198:118-161,P37198,122,T,2,32119511;39531497,og_consensus_gaps5-8-10-12-15_core-gap10_min3_strict-v1
og_consensus_gaps5-8-10-12-15_core-gap10_min3_strict-v1:P37198:118-161,P37198,126,S,2,32119511;39531497,og_consensus_gaps5-8-10-12-15_core-gap10_min3_strict-v1
og_consensus_gaps5-8-10-12-15_core-gap10_min3_strict-v1:P37198:118-161,P37198,127,S,2,32119511;39531497,og_consensus_gaps5-8-10-12-15_core-gap10_min3_strict-v1
og_consensus_gaps5-8-10-12-15_core-gap10_min3_strict-v1:P37198:118-161,P37198,128,T,1,32119511,og_consensus_gaps5-8-10-12-15_core-gap10_min3_strict-v1
og_consensus_gaps5-8-10-12-15_core-gap10_min3_strict-v1:P37198:118-161,P37198,130,T,2,32119511;39531497,og_consensus_gaps5-8-10-12-15_core-gap10_min3_strict-v1
og_consensus_gaps5-8-10-12-15_core-gap10_min3_strict-v1:P37198:118-161,P37198,131,S,3,29351928;32119511;39531497,og_consensus_gaps5-8-10-12-15_core-gap10_min3_strict-v1
og_consensus_gaps5-8-10-12-15_core-gap10_min3_strict-v1:P37198:118-161,P37198,132,S,2,32119511;39531497,og_consensus_gaps5-8-10-12-15_core-gap10_min3_strict-v1
og_consensus_gaps5-8-10-12-15_core-gap10_min3_strict-v1:P37198:118-161,P37198,135,T,1,32119511,og_consensus_gaps5-8-10-12-15_core-gap10_min3_strict-v1
og_consensus_gaps5-8-10-12-15_core-gap10_min3_strict-v1:P37198:118-161,P37198,138,T,1,32119511,og_consensus_gaps5-8-10-12-15_core-gap10_min3_strict-v1
og_consensus_gaps5-8-10-12-15_core-gap10_min3_strict-v1:P37198:118-161,P37198,146,T,1,39531497,og_consensus_gaps5-8-10-12-15_core-gap10_min3_strict-v1
og_consensus_gaps5-8-10-12-15_core-gap10_min3_strict-v1:P37198:118-161,P37198,147,T,1,39531497,og_consensus_gaps5-8-10-12-15_core-gap10_min3_strict-v1
og_consensus_gaps5-8-10-12-15_core-gap10_min3_strict-v1:P37198:118-161,P37198,148,S,1,39531497,og_consensus_gaps5-8-10-12-15_core-gap10_min3_strict-v1
og_consensus_gaps5-8-10-12-15_core-gap10_min3_strict-v1:P37198:118-161,P37198,153,T,1,39531497,og_consensus_gaps5-8-10-12-15_core-gap10_min3_strict-v1
og_consensus_gaps5-8-10-12-15_core-gap10_min3_strict-v1:P37198:118-161,P37198,154,T,2,32119511;39531497,og_consensus_gaps5-8-10-12-15_core-gap10_min3_strict-v1
og_consensus_gaps5-8-10-12-15_core-gap10_min3_strict-v1:P37198:118-161,P37198,155,S,2,32119511;39531497,og_consensus_gaps5-8-10-12-15_core-gap10_min3_strict-v1
og_consensus_gaps5-8-10-12-15_core-gap10_min3_strict-v1:P37198:118-161,P37198,159,S,1,32119511,og_consensus_gaps5-8-10-12-15_core-gap10_min3_strict-v1
og_consensus_gaps5-8-10-12-15_core-gap10_min3_strict-v1:P37198:118-161,P37198,161,T,1,32119511,og_consensus_gaps5-8-10-12-15_core-gap10_min3_strict-v1
og_consensus_gaps5-8-10-12-15_core-gap10_min3_strict-v1:P37198:175-250,P37198,175,S,1,32119511,og_consensus_gaps5-8-10-12-15_core-gap10_min3_strict-v1
og_consensus_gaps5-8-10-12-15_core-gap10_min3_strict-v1:P37198:175-250,P37198,179,S,1,32119511,og_consensus_gaps5-8-10-12-15_core-gap10_min3_strict-v1
og_consensus_gaps5-8-10-12-15_core-gap10_min3_strict-v1:P37198:175-250,P37198,183,T,1,32119511,og_consensus_gaps5-8-10-12-15_core-gap10_min3_strict-v1
og_consensus_gaps5-8-10-12-15_core-gap10_min3_strict-v1:P37198:175-250,P37198,187,T,1,32119511,og_consensus_gaps5-8-10-12-15_core-gap10_min3_strict-v1
og_consensus_gaps5-8-10-12-15_core-gap10_min3_strict-v1:P37198:175-250,P37198,191,T,1,32119511,og_consensus_gaps5-8-10-12-15_core-gap10_min3_strict-v1
og_consensus_gaps5-8-10-12-15_core-gap10_min3_strict-v1:P37198:175-250,P37198,194,T,1,32119511,og_consensus_gaps5-8-10-12-15_core-gap10_min3_strict-v1
og_consensus_gaps5-8-10-12-15_core-gap10_min3_strict-v1:P37198:175-250,P37198,198,T,2,32119511;39531497,og_consensus_gaps5-8-10-12-15_core-gap10_min3_strict-v1
og_consensus_gaps5-8-10-12-15_core-gap10_min3_strict-v1:P37198:175-250,P37198,199,T,2,32119511;39531497,og_consensus_gaps5-8-10-12-15_core-gap10_min3_strict-v1
og_consensus_gaps5-8-10-12-15_core-gap10_min3_strict-v1:P37198:175-250,P37198,203,T,2,32119511;39531497,og_consensus_gaps5-8-10-12-15_core-gap10_min3_strict-v1
og_consensus_gaps5-8-10-12-15_core-gap10_min3_strict-v1:P37198:175-250,P37198,209,T,2,32119511;39531497,og_consensus_gaps5-8-10-12-15_core-gap10_min3_strict-v1
og_consensus_gaps5-8-10-12-15_core-gap10_min3_strict-v1:P37198:175-250,P37198,211,T,2,32119511;39531497,og_consensus_gaps5-8-10-12-15_core-gap10_min3_strict-v1
og_consensus_gaps5-8-10-12-15_core-gap10_min3_strict-v1:P37198:175-250,P37198,213,T,2,32119511;39531497,og_consensus_gaps5-8-10-12-15_core-gap10_min3_strict-v1
og_consensus_gaps5-8-10-12-15_core-gap10_min3_strict-v1:P37198:175-250,P37198,215,T,1,32119511,og_consensus_gaps5-8-10-12-15_core-gap10_min3_strict-v1
og_consensus_gaps5-8-10-12-15_core-gap10_min3_strict-v1:P37198:175-250,P37198,216,S,1,32119511,og_consensus_gaps5-8-10-12-15_core-gap10_min3_strict-v1
og_consensus_gaps5-8-10-12-15_core-gap10_min3_strict-v1:P37198:175-250,P37198,217,T,1,32119511,og_consensus_gaps5-8-10-12-15_core-gap10_min3_strict-v1
og_consensus_gaps5-8-10-12-15_core-gap10_min3_strict-v1:P37198:175-250,P37198,220,S,1,32119511,og_consensus_gaps5-8-10-12-15_core-gap10_min3_strict-v1
og_consensus_gaps5-8-10-12-15_core-gap10_min3_strict-v1:P37198:175-250,P37198,224,S,1,32119511,og_consensus_gaps5-8-10-12-15_core-gap10_min3_strict-v1
og_consensus_gaps5-8-10-12-15_core-gap10_min3_strict-v1:P37198:175-250,P37198,227,T,1,32119511,og_consensus_gaps5-8-10-12-15_core-gap10_min3_strict-v1
og_consensus_gaps5-8-10-12-15_core-gap10_min3_strict-v1:P37198:175-250,P37198,230,T,1,32119511,og_consensus_gaps5-8-10-12-15_core-gap10_min3_strict-v1
og_consensus_gaps5-8-10-12-15_core-gap10_min3_strict-v1:P37198:175-250,P37198,231,S,1,32119511,og_consensus_gaps5-8-10-12-15_core-gap10_min3_strict-v1
og_consensus_gaps5-8-10-12-15_core-gap10_min3_strict-v1:P37198:175-250,P37198,232,S,1,32119511,og_consensus_gaps5-8-10-12-15_core-gap10_min3_strict-v1
og_consensus_gaps5-8-10-12-15_core-gap10_min3_strict-v1:P37198:175-250,P37198,234,T,1,32119511,og_consensus_gaps5-8-10-12-15_core-gap10_min3_strict-v1
og_consensus_gaps5-8-10-12-15_core-gap10_min3_strict-v1:P37198:175-250,P37198,235,T,1,32119511,og_consensus_gaps5-8-10-12-15_core-gap10_min3_strict-v1
og_consensus_gaps5-8-10-12-15_core-gap10_min3_strict-v1:P37198:175-250,P37198,238,S,1,32119511,og_consensus_gaps5-8-10-12-15_core-gap10_min3_strict-v1
og_consensus_gaps5-8-10-12-15_core-gap10_min3_strict-v1:P37198:175-250,P37198,241,T,1,32119511,og_consensus_gaps5-8-10-12-15_core-gap10_min3_strict-v1
og_consensus_gaps5-8-10-12-15_core-gap10_min3_strict-v1:P37198:175-250,P37198,244,T,2,29351928;32119511,og_consensus_gaps5-8-10-12-15_core-gap10_min3_strict-v1
og_consensus_gaps5-8-10-12-15_core-gap10_min3_strict-v1:P37198:175-250,P37198,245,T,2,29351928;32119511,og_consensus_gaps5-8-10-12-15_core-gap10_min3_strict-v1
og_consensus_gaps5-8-10-12-15_core-gap10_min3_strict-v1:P37198:175-250,P37198,250,T,1,32119511,og_consensus_gaps5-8-10-12-15_core-gap10_min3_strict-v1
og_consensus_gaps5-8-10-12-15_core-gap10_min3_strict-v1:P37198:265-273,P37198,265,S,1,32119511,og_consensus_gaps5-8-10-12-15_core-gap10_min3_strict-v1
og_consensus_gaps5-8-10-12-15_core-gap10_min3_strict-v1:P37198:265-273,P37198,267,T,1,32119511,og_consensus_gaps5-8-10-12-15_core-gap10_min3_strict-v1
og_consensus_gaps5-8-10-12-15_core-gap10_min3_strict-v1:P37198:265-273,P37198,268,S,1,32119511,og_consensus_gaps5-8-10-12-15_core-gap10_min3_strict-v1
og_consensus_gaps5-8-10-12-15_core-gap10_min3_strict-v1:P37198:265-273,P37198,269,T,1,32119511,og_consensus_gaps5-8-10-12-15_core-gap10_min3_strict-v1
og_consensus_gaps5-8-10-12-15_core-gap10_min3_strict-v1:P37198:265-273,P37198,270,T,1,32119511,og_consensus_gaps5-8-10-12-15_core-gap10_min3_strict-v1
og_consensus_gaps5-8-10-12-15_core-gap10_min3_strict-v1:P37198:265-273,P37198,271,T,1,32119511,og_consensus_gaps5-8-10-12-15_core-gap10_min3_strict-v1
og_consensus_gaps5-8-10-12-15_core-gap10_min3_strict-v1:P37198:265-273,P37198,272,S,1,32119511,og_consensus_gaps5-8-10-12-15_core-gap10_min3_strict-v1
og_consensus_gaps5-8-10-12-15_core-gap10_min3_strict-v1:P37198:265-273,P37198,273,T,1,32119511,og_consensus_gaps5-8-10-12-15_core-gap10_min3_strict-v1
og_consensus_gaps5-8-10-12-15_core-gap10_min3_strict-v1:P37198:304-311,P37198,304,S,1,32119511,og_consensus_gaps5-8-10-12-15_core-gap10_min3_strict-v1
og_consensus_gaps5-8-10-12-15_core-gap10_min3_strict-v1:P37198:304-311,P37198,306,T,2,32119511;39531497,og_consensus_gaps5-8-10-12-15_core-gap10_min3_strict-v1
og_consensus_gaps5-8-10-12-15_core-gap10_min3_strict-v1:P37198:304-311,P37198,311,T,2,32119511;39531497,og_consensus_gaps5-8-10-12-15_core-gap10_min3_strict-v1
og_consensus_gaps5-8-10-12-15_core-gap10_min3_strict-v1:P37198:325-329,P37198,325,S,1,32119511,og_consensus_gaps5-8-10-12-15_core-gap10_min3_strict-v1
og_consensus_gaps5-8-10-12-15_core-gap10_min3_strict-v1:P37198:325-329,P37198,326,S,1,32119511,og_consensus_gaps5-8-10-12-15_core-gap10_min3_strict-v1
og_consensus_gaps5-8-10-12-15_core-gap10_min3_strict-v1:P37198:325-329,P37198,329,T,1,32119511,og_consensus_gaps5-8-10-12-15_core-gap10_min3_strict-v1
og_consensus_gaps5-8-10-12-15_core-gap10_min3_strict-v1:P38606:422-425,P38606,422,T,1,38253038,og_consensus_gaps5-8-10-12-15_core-gap10_min3_strict-v1
og_consensus_gaps5-8-10-12-15_core-gap10_min3_strict-v1:P38606:422-425,P38606,423,S,1,38253038,og_consensus_gaps5-8-10-12-15_core-gap10_min3_strict-v1
og_consensus_gaps5-8-10-12-15_core-gap10_min3_strict-v1:P38606:422-425,P38606,425,T,1,38253038,og_consensus_gaps5-8-10-12-15_core-gap10_min3_strict-v1
og_consensus_gaps5-8-10-12-15_core-gap10_min3_strict-v1:P39880:734-756,P39880,734,S,12,29237092;30059200;31492838;32574038;32938750;34846842;35254053;35289036;35513511;35705054;37541260;39531497,og_consensus_gaps5-8-10-12-15_core-gap10_min3_strict-v1
og_consensus_gaps5-8-10-12-15_core-gap10_min3_strict-v1:P39880:734-756,P39880,736,S,3,32574038;34846842;35132862,og_consensus_gaps5-8-10-12-15_core-gap10_min3_strict-v1
og_consensus_gaps5-8-10-12-15_core-gap10_min3_strict-v1:P39880:734-756,P39880,739,T,5,32574038;34846842;35132862;35289036;35705054,og_consensus_gaps5-8-10-12-15_core-gap10_min3_strict-v1
og_consensus_gaps5-8-10-12-15_core-gap10_min3_strict-v1:P39880:734-756,P39880,742,T,3,32574038;34846842;35289036,og_consensus_gaps5-8-10-12-15_core-gap10_min3_strict-v1
og_consensus_gaps5-8-10-12-15_core-gap10_min3_strict-v1:P39880:734-756,P39880,749,S,2,35289036;39534244,og_consensus_gaps5-8-10-12-15_core-gap10_min3_strict-v1
og_consensus_gaps5-8-10-12-15_core-gap10_min3_strict-v1:P39880:734-756,P39880,753,T,1,39534244,og_consensus_gaps5-8-10-12-15_core-gap10_min3_strict-v1
og_consensus_gaps5-8-10-12-15_core-gap10_min3_strict-v1:P39880:734-756,P39880,755,S,1,39534244,og_consensus_gaps5-8-10-12-15_core-gap10_min3_strict-v1
og_consensus_gaps5-8-10-12-15_core-gap10_min3_strict-v1:P39880:734-756,P39880,756,S,1,39534244,og_consensus_gaps5-8-10-12-15_core-gap10_min3_strict-v1
og_consensus_gaps5-8-10-12-15_core-gap10_min3_strict-v1:P40425:320-330,P40425,320,T,1,35289036,og_consensus_gaps5-8-10-12-15_core-gap10_min3_strict-v1
og_consensus_gaps5-8-10-12-15_core-gap10_min3_strict-v1:P40425:320-330,P40425,323,S,1,35513511,og_consensus_gaps5-8-10-12-15_core-gap10_min3_strict-v1
og_consensus_gaps5-8-10-12-15_core-gap10_min3_strict-v1:P40425:320-330,P40425,325,T,3,30059200;35513511;37541260,og_consensus_gaps5-8-10-12-15_core-gap10_min3_strict-v1
og_consensus_gaps5-8-10-12-15_core-gap10_min3_strict-v1:P40425:320-330,P40425,330,S,1,32574038,og_consensus_gaps5-8-10-12-15_core-gap10_min3_strict-v1
og_consensus_gaps5-8-10-12-15_core-gap10_min3_strict-v1:P40763:714-721,P40763,714,T,3,35254053;35289036;39531497,og_consensus_gaps5-8-10-12-15_core-gap10_min3_strict-v1
og_consensus_gaps5-8-10-12-15_core-gap10_min3_strict-v1:P40763:714-721,P40763,716,T,3,29351928;32938750;35289036,og_consensus_gaps5-8-10-12-15_core-gap10_min3_strict-v1
og_consensus_gaps5-8-10-12-15_core-gap10_min3_strict-v1:P40763:714-721,P40763,717,T,6,28657654;29351928;32574038;32938750;35131454;39531497,og_consensus_gaps5-8-10-12-15_core-gap10_min3_strict-v1
og_consensus_gaps5-8-10-12-15_core-gap10_min3_strict-v1:P40763:714-721,P40763,719,S,3,30059200;32938750;35289036,og_consensus_gaps5-8-10-12-15_core-gap10_min3_strict-v1
og_consensus_gaps5-8-10-12-15_core-gap10_min3_strict-v1:P40763:714-721,P40763,721,T,1,32574038,og_consensus_gaps5-8-10-12-15_core-gap10_min3_strict-v1
og_consensus_gaps5-8-10-12-15_core-gap10_min3_strict-v1:P41236:19-23,P41236,19,T,1,31373491,og_consensus_gaps5-8-10-12-15_core-gap10_min3_strict-v1
og_consensus_gaps5-8-10-12-15_core-gap10_min3_strict-v1:P41236:19-23,P41236,20,S,1,31373491,og_consensus_gaps5-8-10-12-15_core-gap10_min3_strict-v1
og_consensus_gaps5-8-10-12-15_core-gap10_min3_strict-v1:P41236:19-23,P41236,22,T,1,31373491,og_consensus_gaps5-8-10-12-15_core-gap10_min3_strict-v1
og_consensus_gaps5-8-10-12-15_core-gap10_min3_strict-v1:P41236:19-23,P41236,23,S,1,31373491,og_consensus_gaps5-8-10-12-15_core-gap10_min3_strict-v1
og_consensus_gaps5-8-10-12-15_core-gap10_min3_strict-v1:P42166:291-295,P42166,291,S,3,34846842;35254053;35513511,og_consensus_gaps5-8-10-12-15_core-gap10_min3_strict-v1
og_consensus_gaps5-8-10-12-15_core-gap10_min3_strict-v1:P42166:291-295,P42166,292,S,3,34846842;35254053;35289036,og_consensus_gaps5-8-10-12-15_core-gap10_min3_strict-v1
og_consensus_gaps5-8-10-12-15_core-gap10_min3_strict-v1:P42166:291-295,P42166,295,S,1,34846842,og_consensus_gaps5-8-10-12-15_core-gap10_min3_strict-v1
og_consensus_gaps5-8-10-12-15_core-gap10_min3_strict-v1:P43155:485-488,P43155,485,S,1,39302247,og_consensus_gaps5-8-10-12-15_core-gap10_min3_strict-v1
og_consensus_gaps5-8-10-12-15_core-gap10_min3_strict-v1:P43155:485-488,P43155,486,S,1,39302247,og_consensus_gaps5-8-10-12-15_core-gap10_min3_strict-v1
og_consensus_gaps5-8-10-12-15_core-gap10_min3_strict-v1:P43155:485-488,P43155,488,T,1,39302247,og_consensus_gaps5-8-10-12-15_core-gap10_min3_strict-v1
og_consensus_gaps5-8-10-12-15_core-gap10_min3_strict-v1:P43243:33-37,P43243,33,T,6,29351928;31373491;32938750;35254053;39531497;39534244,og_consensus_gaps5-8-10-12-15_core-gap10_min3_strict-v1
og_consensus_gaps5-8-10-12-15_core-gap10_min3_strict-v1:P43243:33-37,P43243,35,S,2,35289036;39534244,og_consensus_gaps5-8-10-12-15_core-gap10_min3_strict-v1
og_consensus_gaps5-8-10-12-15_core-gap10_min3_strict-v1:P43243:33-37,P43243,37,S,2,35289036;39534244,og_consensus_gaps5-8-10-12-15_core-gap10_min3_strict-v1
og_consensus_gaps5-8-10-12-15_core-gap10_min3_strict-v1:P43243:71-78,P43243,71,S,1,39534244,og_consensus_gaps5-8-10-12-15_core-gap10_min3_strict-v1
og_consensus_gaps5-8-10-12-15_core-gap10_min3_strict-v1:P43243:71-78,P43243,74,S,1,39534244,og_consensus_gaps5-8-10-12-15_core-gap10_min3_strict-v1
og_consensus_gaps5-8-10-12-15_core-gap10_min3_strict-v1:P43243:71-78,P43243,75,S,1,39534244,og_consensus_gaps5-8-10-12-15_core-gap10_min3_strict-v1
og_consensus_gaps5-8-10-12-15_core-gap10_min3_strict-v1:P43243:71-78,P43243,77,S,1,39534244,og_consensus_gaps5-8-10-12-15_core-gap10_min3_strict-v1
og_consensus_gaps5-8-10-12-15_core-gap10_min3_strict-v1:P43243:71-78,P43243,78,T,1,39534244,og_consensus_gaps5-8-10-12-15_core-gap10_min3_strict-v1
og_consensus_gaps5-8-10-12-15_core-gap10_min3_strict-v1:P43308:87-92,P43308,87,S,5,30059200;34846842;35254053;35289036;39534244,og_consensus_gaps5-8-10-12-15_core-gap10_min3_strict-v1
og_consensus_gaps5-8-10-12-15_core-gap10_min3_strict-v1:P43308:87-92,P43308,90,S,2,30059200;35289036,og_consensus_gaps5-8-10-12-15_core-gap10_min3_strict-v1
og_consensus_gaps5-8-10-12-15_core-gap10_min3_strict-v1:P43308:87-92,P43308,92,T,1,39534244,og_consensus_gaps5-8-10-12-15_core-gap10_min3_strict-v1
og_consensus_gaps5-8-10-12-15_core-gap10_min3_strict-v1:P46013:858-866,P46013,858,T,5,30620550;32574038;34846842;35254053;38838015,og_consensus_gaps5-8-10-12-15_core-gap10_min3_strict-v1
og_consensus_gaps5-8-10-12-15_core-gap10_min3_strict-v1:P46013:858-866,P46013,859,S,4,30059200;34846842;35705054;38838015,og_consensus_gaps5-8-10-12-15_core-gap10_min3_strict-v1
og_consensus_gaps5-8-10-12-15_core-gap10_min3_strict-v1:P46013:858-866,P46013,861,T,1,32574038,og_consensus_gaps5-8-10-12-15_core-gap10_min3_strict-v1
og_consensus_gaps5-8-10-12-15_core-gap10_min3_strict-v1:P46013:858-866,P46013,866,S,1,34846842,og_consensus_gaps5-8-10-12-15_core-gap10_min3_strict-v1
og_consensus_gaps5-8-10-12-15_core-gap10_min3_strict-v1:P46100:578-583,P46100,578,T,1,33465208,og_consensus_gaps5-8-10-12-15_core-gap10_min3_strict-v1
og_consensus_gaps5-8-10-12-15_core-gap10_min3_strict-v1:P46100:578-583,P46100,579,T,1,33465208,og_consensus_gaps5-8-10-12-15_core-gap10_min3_strict-v1
og_consensus_gaps5-8-10-12-15_core-gap10_min3_strict-v1:P46100:578-583,P46100,583,T,1,33465208,og_consensus_gaps5-8-10-12-15_core-gap10_min3_strict-v1
og_consensus_gaps5-8-10-12-15_core-gap10_min3_strict-v1:P46100:703-706,P46100,703,S,1,33465208,og_consensus_gaps5-8-10-12-15_core-gap10_min3_strict-v1
og_consensus_gaps5-8-10-12-15_core-gap10_min3_strict-v1:P46100:703-706,P46100,704,S,1,33465208,og_consensus_gaps5-8-10-12-15_core-gap10_min3_strict-v1
og_consensus_gaps5-8-10-12-15_core-gap10_min3_strict-v1:P46100:703-706,P46100,706,S,1,33465208,og_consensus_gaps5-8-10-12-15_core-gap10_min3_strict-v1
og_consensus_gaps5-8-10-12-15_core-gap10_min3_strict-v1:P46977:546-553,P46977,546,T,4,30059200;35254053;39302247;39531497,og_consensus_gaps5-8-10-12-15_core-gap10_min3_strict-v1
og_consensus_gaps5-8-10-12-15_core-gap10_min3_strict-v1:P46977:546-553,P46977,550,T,4,34846842;35254053;39531497;39534244,og_consensus_gaps5-8-10-12-15_core-gap10_min3_strict-v1
og_consensus_gaps5-8-10-12-15_core-gap10_min3_strict-v1:P46977:546-553,P46977,553,S,3,34846842;39531497;39534244,og_consensus_gaps5-8-10-12-15_core-gap10_min3_strict-v1
og_consensus_gaps5-8-10-12-15_core-gap10_min3_strict-v1:P47985:99-103,P47985,99,S,1,30379171,og_consensus_gaps5-8-10-12-15_core-gap10_min3_strict-v1
og_consensus_gaps5-8-10-12-15_core-gap10_min3_strict-v1:P47985:99-103,P47985,102,S,1,30379171,og_consensus_gaps5-8-10-12-15_core-gap10_min3_strict-v1
og_consensus_gaps5-8-10-12-15_core-gap10_min3_strict-v1:P47985:99-103,P47985,103,S,1,30379171,og_consensus_gaps5-8-10-12-15_core-gap10_min3_strict-v1
og_consensus_gaps5-8-10-12-15_core-gap10_min3_strict-v1:P48431:246-259,P48431,246,S,4,35254053;37541260;38473392;38838015,og_consensus_gaps5-8-10-12-15_core-gap10_min3_strict-v1
og_consensus_gaps5-8-10-12-15_core-gap10_min3_strict-v1:P48431:246-259,P48431,249,S,2,32574038;35254053,og_consensus_gaps5-8-10-12-15_core-gap10_min3_strict-v1
og_consensus_gaps5-8-10-12-15_core-gap10_min3_strict-v1:P48431:246-259,P48431,250,S,1,32574038,og_consensus_gaps5-8-10-12-15_core-gap10_min3_strict-v1
og_consensus_gaps5-8-10-12-15_core-gap10_min3_strict-v1:P48431:246-259,P48431,251,S,1,32574038,og_consensus_gaps5-8-10-12-15_core-gap10_min3_strict-v1
og_consensus_gaps5-8-10-12-15_core-gap10_min3_strict-v1:P48431:246-259,P48431,256,T,2,30620550;37541260,og_consensus_gaps5-8-10-12-15_core-gap10_min3_strict-v1
og_consensus_gaps5-8-10-12-15_core-gap10_min3_strict-v1:P48431:246-259,P48431,257,S,1,32574038,og_consensus_gaps5-8-10-12-15_core-gap10_min3_strict-v1
og_consensus_gaps5-8-10-12-15_core-gap10_min3_strict-v1:P48431:246-259,P48431,259,S,1,32574038,og_consensus_gaps5-8-10-12-15_core-gap10_min3_strict-v1
og_consensus_gaps5-8-10-12-15_core-gap10_min3_strict-v1:P48634:1786-1790,P48634,1786,T,2,35254053;39531497,og_consensus_gaps5-8-10-12-15_core-gap10_min3_strict-v1
og_consensus_gaps5-8-10-12-15_core-gap10_min3_strict-v1:P48634:1786-1790,P48634,1788,S,2,35254053;37541260,og_consensus_gaps5-8-10-12-15_core-gap10_min3_strict-v1
og_consensus_gaps5-8-10-12-15_core-gap10_min3_strict-v1:P48634:1786-1790,P48634,1790,T,4,28657654;30620550;32938750;35254053,og_consensus_gaps5-8-10-12-15_core-gap10_min3_strict-v1
og_consensus_gaps5-8-10-12-15_core-gap10_min3_strict-v1:P49321:402-408,P49321,402,T,2,30379171;33465208,og_consensus_gaps5-8-10-12-15_core-gap10_min3_strict-v1
og_consensus_gaps5-8-10-12-15_core-gap10_min3_strict-v1:P49321:402-408,P49321,404,T,1,30379171,og_consensus_gaps5-8-10-12-15_core-gap10_min3_strict-v1
og_consensus_gaps5-8-10-12-15_core-gap10_min3_strict-v1:P49321:402-408,P49321,408,S,2,30379171;33465208,og_consensus_gaps5-8-10-12-15_core-gap10_min3_strict-v1
og_consensus_gaps5-8-10-12-15_core-gap10_min3_strict-v1:P49321:673-683,P49321,673,T,1,30620550,og_consensus_gaps5-8-10-12-15_core-gap10_min3_strict-v1
og_consensus_gaps5-8-10-12-15_core-gap10_min3_strict-v1:P49321:673-683,P49321,677,S,1,39534244,og_consensus_gaps5-8-10-12-15_core-gap10_min3_strict-v1
og_consensus_gaps5-8-10-12-15_core-gap10_min3_strict-v1:P49321:673-683,P49321,678,S,7,29351928;31492838;32938750;35254053;35705054;39531497;39534244,og_consensus_gaps5-8-10-12-15_core-gap10_min3_strict-v1
og_consensus_gaps5-8-10-12-15_core-gap10_min3_strict-v1:P49321:673-683,P49321,679,T,1,30379171,og_consensus_gaps5-8-10-12-15_core-gap10_min3_strict-v1
og_consensus_gaps5-8-10-12-15_core-gap10_min3_strict-v1:P49321:673-683,P49321,680,S,2,30379171;35705054,og_consensus_gaps5-8-10-12-15_core-gap10_min3_strict-v1
og_consensus_gaps5-8-10-12-15_core-gap10_min3_strict-v1:P49321:673-683,P49321,683,T,1,35705054,og_consensus_gaps5-8-10-12-15_core-gap10_min3_strict-v1
og_consensus_gaps5-8-10-12-15_core-gap10_min3_strict-v1:P49336:410-413,P49336,410,T,4,35132862;35254053;35289036;39531497,og_consensus_gaps5-8-10-12-15_core-gap10_min3_strict-v1
og_consensus_gaps5-8-10-12-15_core-gap10_min3_strict-v1:P49336:410-413,P49336,411,T,6,30059200;32938750;35254053;35705054;38838015;39531497,og_consensus_gaps5-8-10-12-15_core-gap10_min3_strict-v1
og_consensus_gaps5-8-10-12-15_core-gap10_min3_strict-v1:P49336:410-413,P49336,412,T,5,30059200;35132862;35254053;35289036;39531497,og_consensus_gaps5-8-10-12-15_core-gap10_min3_strict-v1
og_consensus_gaps5-8-10-12-15_core-gap10_min3_strict-v1:P49336:410-413,P49336,413,S,2,30059200;35289036,og_consensus_gaps5-8-10-12-15_core-gap10_min3_strict-v1
og_consensus_gaps5-8-10-12-15_core-gap10_min3_strict-v1:P49750:37-39,P49750,37,S,1,39534244,og_consensus_gaps5-8-10-12-15_core-gap10_min3_strict-v1
og_consensus_gaps5-8-10-12-15_core-gap10_min3_strict-v1:P49750:37-39,P49750,38,S,1,39534244,og_consensus_gaps5-8-10-12-15_core-gap10_min3_strict-v1
og_consensus_gaps5-8-10-12-15_core-gap10_min3_strict-v1:P49750:37-39,P49750,39,S,1,39534244,og_consensus_gaps5-8-10-12-15_core-gap10_min3_strict-v1
og_consensus_gaps5-8-10-12-15_core-gap10_min3_strict-v1:P49750:673-684,P49750,673,T,1,39531497,og_consensus_gaps5-8-10-12-15_core-gap10_min3_strict-v1
og_consensus_gaps5-8-10-12-15_core-gap10_min3_strict-v1:P49750:673-684,P49750,676,S,2,29351928;39531497,og_consensus_gaps5-8-10-12-15_core-gap10_min3_strict-v1
og_consensus_gaps5-8-10-12-15_core-gap10_min3_strict-v1:P49750:673-684,P49750,679,S,2,39531497;39534244,og_consensus_gaps5-8-10-12-15_core-gap10_min3_strict-v1
og_consensus_gaps5-8-10-12-15_core-gap10_min3_strict-v1:P49750:673-684,P49750,683,T,1,39534244,og_consensus_gaps5-8-10-12-15_core-gap10_min3_strict-v1
og_consensus_gaps5-8-10-12-15_core-gap10_min3_strict-v1:P49750:673-684,P49750,684,T,1,39534244,og_consensus_gaps5-8-10-12-15_core-gap10_min3_strict-v1
og_consensus_gaps5-8-10-12-15_core-gap10_min3_strict-v1:P49756:52-59,P49756,52,T,2,35289036;39534244,og_consensus_gaps5-8-10-12-15_core-gap10_min3_strict-v1
og_consensus_gaps5-8-10-12-15_core-gap10_min3_strict-v1:P49756:52-59,P49756,57,T,1,35289036,og_consensus_gaps5-8-10-12-15_core-gap10_min3_strict-v1
og_consensus_gaps5-8-10-12-15_core-gap10_min3_strict-v1:P49756:52-59,P49756,59,S,1,35289036,og_consensus_gaps5-8-10-12-15_core-gap10_min3_strict-v1
og_consensus_gaps5-8-10-12-15_core-gap10_min3_strict-v1:P49790:476-522,P49790,476,S,5,32938750;34846842;35289036;39531497;39534244,og_consensus_gaps5-8-10-12-15_core-gap10_min3_strict-v1
og_consensus_gaps5-8-10-12-15_core-gap10_min3_strict-v1:P49790:476-522,P49790,480,T,2,35705054;39534244,og_consensus_gaps5-8-10-12-15_core-gap10_min3_strict-v1
og_consensus_gaps5-8-10-12-15_core-gap10_min3_strict-v1:P49790:476-522,P49790,481,S,5,29351928;32938750;35254053;39531497;39534244,og_consensus_gaps5-8-10-12-15_core-gap10_min3_strict-v1
og_consensus_gaps5-8-10-12-15_core-gap10_min3_strict-v1:P49790:476-522,P49790,482,S,3,29351928;39531497;39534244,og_consensus_gaps5-8-10-12-15_core-gap10_min3_strict-v1
og_consensus_gaps5-8-10-12-15_core-gap10_min3_strict-v1:P49790:476-522,P49790,483,S,3,35289036;35705054;39534244,og_consensus_gaps5-8-10-12-15_core-gap10_min3_strict-v1
og_consensus_gaps5-8-10-12-15_core-gap10_min3_strict-v1:P49790:476-522,P49790,486,T,2,39531497;39534244,og_consensus_gaps5-8-10-12-15_core-gap10_min3_strict-v1
og_consensus_gaps5-8-10-12-15_core-gap10_min3_strict-v1:P49790:476-522,P49790,490,S,3,35289036;39531497;39534244,og_consensus_gaps5-8-10-12-15_core-gap10_min3_strict-v1
og_consensus_gaps5-8-10-12-15_core-gap10_min3_strict-v1:P49790:476-522,P49790,491,S,5,35254053;35289036;37541260;39531497;39534244,og_consensus_gaps5-8-10-12-15_core-gap10_min3_strict-v1
og_consensus_gaps5-8-10-12-15_core-gap10_min3_strict-v1:P49790:476-522,P49790,495,T,1,39534244,og_consensus_gaps5-8-10-12-15_core-gap10_min3_strict-v1
og_consensus_gaps5-8-10-12-15_core-gap10_min3_strict-v1:P49790:476-522,P49790,496,T,3,35705054;39531497;39534244,og_consensus_gaps5-8-10-12-15_core-gap10_min3_strict-v1
og_consensus_gaps5-8-10-12-15_core-gap10_min3_strict-v1:P49790:476-522,P49790,497,S,3,29351928;39531497;39534244,og_consensus_gaps5-8-10-12-15_core-gap10_min3_strict-v1
og_consensus_gaps5-8-10-12-15_core-gap10_min3_strict-v1:P49790:476-522,P49790,498,S,2,29351928;39534244,og_consensus_gaps5-8-10-12-15_core-gap10_min3_strict-v1
og_consensus_gaps5-8-10-12-15_core-gap10_min3_strict-v1:P49790:476-522,P49790,500,S,1,39534244,og_consensus_gaps5-8-10-12-15_core-gap10_min3_strict-v1
og_consensus_gaps5-8-10-12-15_core-gap10_min3_strict-v1:P49790:476-522,P49790,504,S,1,39534244,og_consensus_gaps5-8-10-12-15_core-gap10_min3_strict-v1
og_consensus_gaps5-8-10-12-15_core-gap10_min3_strict-v1:P49790:476-522,P49790,505,S,1,39534244,og_consensus_gaps5-8-10-12-15_core-gap10_min3_strict-v1
og_consensus_gaps5-8-10-12-15_core-gap10_min3_strict-v1:P49790:476-522,P49790,509,T,1,39534244,og_consensus_gaps5-8-10-12-15_core-gap10_min3_strict-v1
og_consensus_gaps5-8-10-12-15_core-gap10_min3_strict-v1:P49790:476-522,P49790,515,T,10,30059200;32574038;32938750;35254053;35289036;35513511;35705054;36240223;39531497;39534244,og_consensus_gaps5-8-10-12-15_core-gap10_min3_strict-v1
og_consensus_gaps5-8-10-12-15_core-gap10_min3_strict-v1:P49790:476-522,P49790,516,S,4,30059200;35289036;39531497;39534244,og_consensus_gaps5-8-10-12-15_core-gap10_min3_strict-v1
og_consensus_gaps5-8-10-12-15_core-gap10_min3_strict-v1:P49790:476-522,P49790,518,S,1,39534244,og_consensus_gaps5-8-10-12-15_core-gap10_min3_strict-v1
og_consensus_gaps5-8-10-12-15_core-gap10_min3_strict-v1:P49790:476-522,P49790,519,S,7,30059200;31492838;35289036;35705054;37541260;39531497;39534244,og_consensus_gaps5-8-10-12-15_core-gap10_min3_strict-v1
og_consensus_gaps5-8-10-12-15_core-gap10_min3_strict-v1:P49790:476-522,P49790,520,T,3,29249144;35132862;39534244,og_consensus_gaps5-8-10-12-15_core-gap10_min3_strict-v1
og_consensus_gaps5-8-10-12-15_core-gap10_min3_strict-v1:P49790:476-522,P49790,522,S,3,29249144;32574038;39534244,og_consensus_gaps5-8-10-12-15_core-gap10_min3_strict-v1
og_consensus_gaps5-8-10-12-15_core-gap10_min3_strict-v1:P49790:543-565,P49790,543,S,5,29249144;30379171;35132862;35705054;39534244,og_consensus_gaps5-8-10-12-15_core-gap10_min3_strict-v1
og_consensus_gaps5-8-10-12-15_core-gap10_min3_strict-v1:P49790:543-565,P49790,544,S,14,20068230;21740066;29249144;29351928;30059200;30379171;32938750;35132862;35254053;35289036;35705054;37541260;39531497;39534244,og_consensus_gaps5-8-10-12-15_core-gap10_min3_strict-v1
og_consensus_gaps5-8-10-12-15_core-gap10_min3_strict-v1:P49790:543-565,P49790,548,T,4,29249144;35132862;35289036;35705054,og_consensus_gaps5-8-10-12-15_core-gap10_min3_strict-v1
og_consensus_gaps5-8-10-12-15_core-gap10_min3_strict-v1:P49790:543-565,P49790,550,S,1,29249144,og_consensus_gaps5-8-10-12-15_core-gap10_min3_strict-v1
og_consensus_gaps5-8-10-12-15_core-gap10_min3_strict-v1:P49790:543-565,P49790,556,T,3,30059200;35254053;39531497,og_consensus_gaps5-8-10-12-15_core-gap10_min3_strict-v1
og_consensus_gaps5-8-10-12-15_core-gap10_min3_strict-v1:P49790:543-565,P49790,560,S,3,27114449;35254053;39531497,og_consensus_gaps5-8-10-12-15_core-gap10_min3_strict-v1
og_consensus_gaps5-8-10-12-15_core-gap10_min3_strict-v1:P49790:543-565,P49790,562,S,1,39531497,og_consensus_gaps5-8-10-12-15_core-gap10_min3_strict-v1
og_consensus_gaps5-8-10-12-15_core-gap10_min3_strict-v1:P49790:543-565,P49790,565,T,2,35254053;35513511,og_consensus_gaps5-8-10-12-15_core-gap10_min3_strict-v1
og_consensus_gaps5-8-10-12-15_core-gap10_min3_strict-v1:P49790:630-648,P49790,630,T,7,29351928;30059200;35132862;35254053;35705054;39531497;39534244,og_consensus_gaps5-8-10-12-15_core-gap10_min3_strict-v1
og_consensus_gaps5-8-10-12-15_core-gap10_min3_strict-v1:P49790:630-648,P49790,632,T,13,28657654;29351928;30059200;30620550;31492838;35132862;35254053;35513511;35705054;37541260;38838015;39531497;39534244,og_consensus_gaps5-8-10-12-15_core-gap10_min3_strict-v1
og_consensus_gaps5-8-10-12-15_core-gap10_min3_strict-v1:P49790:630-648,P49790,633,S,4,27114449;31637018;39531497;39534244,og_consensus_gaps5-8-10-12-15_core-gap10_min3_strict-v1
og_consensus_gaps5-8-10-12-15_core-gap10_min3_strict-v1:P49790:630-648,P49790,638,T,3,32574038;35132862;39534244,og_consensus_gaps5-8-10-12-15_core-gap10_min3_strict-v1
og_consensus_gaps5-8-10-12-15_core-gap10_min3_strict-v1:P49790:630-648,P49790,643,S,4,30059200;35132862;35254053;39534244,og_consensus_gaps5-8-10-12-15_core-gap10_min3_strict-v1
og_consensus_gaps5-8-10-12-15_core-gap10_min3_strict-v1:P49790:630-648,P49790,644,S,1,35254053,og_consensus_gaps5-8-10-12-15_core-gap10_min3_strict-v1
og_consensus_gaps5-8-10-12-15_core-gap10_min3_strict-v1:P49790:630-648,P49790,646,S,1,39534244,og_consensus_gaps5-8-10-12-15_core-gap10_min3_strict-v1
og_consensus_gaps5-8-10-12-15_core-gap10_min3_strict-v1:P49790:630-648,P49790,648,S,1,35705054,og_consensus_gaps5-8-10-12-15_core-gap10_min3_strict-v1
og_consensus_gaps5-8-10-12-15_core-gap10_min3_strict-v1:P49790:829-836,P49790,829,S,1,39534244,og_consensus_gaps5-8-10-12-15_core-gap10_min3_strict-v1
og_consensus_gaps5-8-10-12-15_core-gap10_min3_strict-v1:P49790:829-836,P49790,831,S,1,39534244,og_consensus_gaps5-8-10-12-15_core-gap10_min3_strict-v1
og_consensus_gaps5-8-10-12-15_core-gap10_min3_strict-v1:P49790:829-836,P49790,836,S,1,36240223,og_consensus_gaps5-8-10-12-15_core-gap10_min3_strict-v1
og_consensus_gaps5-8-10-12-15_core-gap10_min3_strict-v1:P49790:890-921,P49790,890,T,4,30379171;32574038;35254053;39531497,og_consensus_gaps5-8-10-12-15_core-gap10_min3_strict-v1
og_consensus_gaps5-8-10-12-15_core-gap10_min3_strict-v1:P49790:890-921,P49790,891,S,7,29249144;30059200;30379171;34846842;35254053;35289036;39531497,og_consensus_gaps5-8-10-12-15_core-gap10_min3_strict-v1
og_consensus_gaps5-8-10-12-15_core-gap10_min3_strict-v1:P49790:890-921,P49790,892,S,8,29249144;30059200;30379171;30620550;34846842;35254053;35289036;38838015,og_consensus_gaps5-8-10-12-15_core-gap10_min3_strict-v1
og_consensus_gaps5-8-10-12-15_core-gap10_min3_strict-v1:P49790:890-921,P49790,893,S,17,21740066;29237092;29351928;30059200;30379171;30620550;31492838;34846842;35132862;35254053;35289036;36240223;37541260;38838015;39302247;39531497;39534244,og_consensus_gaps5-8-10-12-15_core-gap10_min3_strict-v1
og_consensus_gaps5-8-10-12-15_core-gap10_min3_strict-v1:P49790:890-921,P49790,894,S,8,29351928;30379171;31492838;32938750;34846842;35254053;35289036;37541260,og_consensus_gaps5-8-10-12-15_core-gap10_min3_strict-v1
og_consensus_gaps5-8-10-12-15_core-gap10_min3_strict-v1:P49790:890-921,P49790,895,S,7,21740066;29249144;30059200;35132862;35254053;35289036;39531497,og_consensus_gaps5-8-10-12-15_core-gap10_min3_strict-v1
og_consensus_gaps5-8-10-12-15_core-gap10_min3_strict-v1:P49790:890-921,P49790,897,S,3,29249144;34846842;35289036,og_consensus_gaps5-8-10-12-15_core-gap10_min3_strict-v1
og_consensus_gaps5-8-10-12-15_core-gap10_min3_strict-v1:P49790:890-921,P49790,900,S,2,34846842;39302247,og_consensus_gaps5-8-10-12-15_core-gap10_min3_strict-v1
og_consensus_gaps5-8-10-12-15_core-gap10_min3_strict-v1:P49790:890-921,P49790,901,S,2,34846842;35132862,og_consensus_gaps5-8-10-12-15_core-gap10_min3_strict-v1
og_consensus_gaps5-8-10-12-15_core-gap10_min3_strict-v1:P49790:890-921,P49790,902,S,2,32574038;35289036,og_consensus_gaps5-8-10-12-15_core-gap10_min3_strict-v1
og_consensus_gaps5-8-10-12-15_core-gap10_min3_strict-v1:P49790:890-921,P49790,908,S,19,20068230;21740066;23301498;28657654;29237092;29351928;30059200;30379171;31492838;32938750;34846842;35254053;35289036;35513511;37541260;38838015;39302247;39531497;39534244,og_consensus_gaps5-8-10-12-15_core-gap10_min3_strict-v1
og_consensus_gaps5-8-10-12-15_core-gap10_min3_strict-v1:P49790:890-921,P49790,909,S,9,20068230;30379171;34105348;34846842;35132862;35254053;35289036;39531497;39534244,og_consensus_gaps5-8-10-12-15_core-gap10_min3_strict-v1
og_consensus_gaps5-8-10-12-15_core-gap10_min3_strict-v1:P49790:890-921,P49790,910,S,7,32574038;32938750;34846842;35254053;35289036;39531497;39534244,og_consensus_gaps5-8-10-12-15_core-gap10_min3_strict-v1
og_consensus_gaps5-8-10-12-15_core-gap10_min3_strict-v1:P49790:890-921,P49790,911,S,6,29351928;34846842;35132862;35289036;35705054;39534244,og_consensus_gaps5-8-10-12-15_core-gap10_min3_strict-v1
og_consensus_gaps5-8-10-12-15_core-gap10_min3_strict-v1:P49790:890-921,P49790,912,S,7,21740066;32574038;34846842;35132862;35289036;35705054;39534244,og_consensus_gaps5-8-10-12-15_core-gap10_min3_strict-v1
og_consensus_gaps5-8-10-12-15_core-gap10_min3_strict-v1:P49790:890-921,P49790,915,S,6,29249144;29351928;34846842;35132862;35705054;39534244,og_consensus_gaps5-8-10-12-15_core-gap10_min3_strict-v1
og_consensus_gaps5-8-10-12-15_core-gap10_min3_strict-v1:P49790:890-921,P49790,917,T,6,29249144;32574038;34846842;35254053;35705054;39534244,og_consensus_gaps5-8-10-12-15_core-gap10_min3_strict-v1
og_consensus_gaps5-8-10-12-15_core-gap10_min3_strict-v1:P49790:890-921,P49790,919,T,3,32574038;35289036;39534244,og_consensus_gaps5-8-10-12-15_core-gap10_min3_strict-v1
og_consensus_gaps5-8-10-12-15_core-gap10_min3_strict-v1:P49790:890-921,P49790,920,S,11,29237092;29351928;30059200;31492838;32574038;34846842;35254053;35289036;35513511;39531497;39534244,og_consensus_gaps5-8-10-12-15_core-gap10_min3_strict-v1
og_consensus_gaps5-8-10-12-15_core-gap10_min3_strict-v1:P49790:890-921,P49790,921,T,2,30059200;39534244,og_consensus_gaps5-8-10-12-15_core-gap10_min3_strict-v1
og_consensus_gaps5-8-10-12-15_core-gap10_min3_strict-v1:P49790:937-947,P49790,937,S,14,21740066;28657654;29237092;29351928;30059200;31373491;31492838;32574038;35254053;35289036;35513511;37541260;39531497;39534244,og_consensus_gaps5-8-10-12-15_core-gap10_min3_strict-v1
og_consensus_gaps5-8-10-12-15_core-gap10_min3_strict-v1:P49790:937-947,P49790,938,S,9,21740066;29237092;29351928;30059200;32574038;35132862;35289036;39531497;39534244,og_consensus_gaps5-8-10-12-15_core-gap10_min3_strict-v1
og_consensus_gaps5-8-10-12-15_core-gap10_min3_strict-v1:P49790:937-947,P49790,940,S,6,29249144;30059200;31492838;35132862;35289036;39534244,og_consensus_gaps5-8-10-12-15_core-gap10_min3_strict-v1
og_consensus_gaps5-8-10-12-15_core-gap10_min3_strict-v1:P49790:937-947,P49790,942,S,6,29249144;32574038;35132862;35289036;35705054;39534244,og_consensus_gaps5-8-10-12-15_core-gap10_min3_strict-v1
og_consensus_gaps5-8-10-12-15_core-gap10_min3_strict-v1:P49790:937-947,P49790,947,S,5,29249144;32574038;35132862;39531497;39534244,og_consensus_gaps5-8-10-12-15_core-gap10_min3_strict-v1
og_consensus_gaps5-8-10-12-15_core-gap10_min3_strict-v1:P49790:964-967,P49790,964,S,8,30059200;30620550;31492838;35254053;35513511;37541260;39531497;39534244,og_consensus_gaps5-8-10-12-15_core-gap10_min3_strict-v1
og_consensus_gaps5-8-10-12-15_core-gap10_min3_strict-v1:P49790:964-967,P49790,965,S,4,35132862;35254053;35289036;37541260,og_consensus_gaps5-8-10-12-15_core-gap10_min3_strict-v1
og_consensus_gaps5-8-10-12-15_core-gap10_min3_strict-v1:P49790:964-967,P49790,967,S,3,30059200;30620550;35254053,og_consensus_gaps5-8-10-12-15_core-gap10_min3_strict-v1
og_consensus_gaps5-8-10-12-15_core-gap10_min3_strict-v1:P49790:1017-1042,P49790,1017,S,10,21740066;29351928;30379171;34846842;35254053;35289036;35513511;38838015;39531497;39534244,og_consensus_gaps5-8-10-12-15_core-gap10_min3_strict-v1
og_consensus_gaps5-8-10-12-15_core-gap10_min3_strict-v1:P49790:1017-1042,P49790,1018,S,8,21740066;29351928;30379171;35254053;35513511;38838015;39531497;39534244,og_consensus_gaps5-8-10-12-15_core-gap10_min3_strict-v1
og_consensus_gaps5-8-10-12-15_core-gap10_min3_strict-v1:P49790:1017-1042,P49790,1019,S,2,34846842;35705054,og_consensus_gaps5-8-10-12-15_core-gap10_min3_strict-v1
og_consensus_gaps5-8-10-12-15_core-gap10_min3_strict-v1:P49790:1017-1042,P49790,1023,S,4,21740066;35132862;35254053;35705054,og_consensus_gaps5-8-10-12-15_core-gap10_min3_strict-v1
og_consensus_gaps5-8-10-12-15_core-gap10_min3_strict-v1:P49790:1017-1042,P49790,1026,T,3,21740066;35254053;35705054,og_consensus_gaps5-8-10-12-15_core-gap10_min3_strict-v1
og_consensus_gaps5-8-10-12-15_core-gap10_min3_strict-v1:P49790:1017-1042,P49790,1031,S,5,29249144;35132862;35254053;39531497;39534244,og_consensus_gaps5-8-10-12-15_core-gap10_min3_strict-v1
og_consensus_gaps5-8-10-12-15_core-gap10_min3_strict-v1:P49790:1017-1042,P49790,1032,T,7,21740066;29249144;32574038;35132862;35254053;39531497;39534244,og_consensus_gaps5-8-10-12-15_core-gap10_min3_strict-v1
og_consensus_gaps5-8-10-12-15_core-gap10_min3_strict-v1:P49790:1017-1042,P49790,1038,T,4,29249144;35254053;35705054;39534244,og_consensus_gaps5-8-10-12-15_core-gap10_min3_strict-v1
og_consensus_gaps5-8-10-12-15_core-gap10_min3_strict-v1:P49790:1017-1042,P49790,1041,T,8,21740066;29351928;32938750;35254053;35705054;37541260;39531497;39534244,og_consensus_gaps5-8-10-12-15_core-gap10_min3_strict-v1
og_consensus_gaps5-8-10-12-15_core-gap10_min3_strict-v1:P49790:1017-1042,P49790,1042,S,6,29351928;35254053;35705054;37541260;39531497;39534244,og_consensus_gaps5-8-10-12-15_core-gap10_min3_strict-v1
og_consensus_gaps5-8-10-12-15_core-gap10_min3_strict-v1:P49790:1091-1096,P49790,1091,S,2,35254053;39534244,og_consensus_gaps5-8-10-12-15_core-gap10_min3_strict-v1
og_consensus_gaps5-8-10-12-15_core-gap10_min3_strict-v1:P49790:1091-1096,P49790,1094,S,1,39534244,og_consensus_gaps5-8-10-12-15_core-gap10_min3_strict-v1
og_consensus_gaps5-8-10-12-15_core-gap10_min3_strict-v1:P49790:1091-1096,P49790,1096,S,1,39534244,og_consensus_gaps5-8-10-12-15_core-gap10_min3_strict-v1
og_consensus_gaps5-8-10-12-15_core-gap10_min3_strict-v1:P49790:1112-1115,P49790,1112,T,13,28657654;29249144;29351928;30059200;32574038;32938750;34846842;35254053;35289036;35705054;39302247;39531497;39534244,og_consensus_gaps5-8-10-12-15_core-gap10_min3_strict-v1
og_consensus_gaps5-8-10-12-15_core-gap10_min3_strict-v1:P49790:1112-1115,P49790,1113,S,24,20068230;21740066;23301498;28657654;29237092;29249144;29351928;30059200;30620550;31373491;31492838;32574038;34846842;35132862;35254053;35289036;35513511;35705054;36240223;37541260;38838015;39302247;39531497;39534244,og_consensus_gaps5-8-10-12-15_core-gap10_min3_strict-v1
og_consensus_gaps5-8-10-12-15_core-gap10_min3_strict-v1:P49790:1112-1115,P49790,1114,T,4,29249144;32574038;35132862;39534244,og_consensus_gaps5-8-10-12-15_core-gap10_min3_strict-v1
og_consensus_gaps5-8-10-12-15_core-gap10_min3_strict-v1:P49790:1112-1115,P49790,1115,S,9,29249144;32574038;34846842;35132862;35289036;35513511;38838015;39531497;39534244,og_consensus_gaps5-8-10-12-15_core-gap10_min3_strict-v1
og_consensus_gaps5-8-10-12-15_core-gap10_min3_strict-v1:P49790:1134-1159,P49790,1134,S,10,29237092;29351928;30059200;31492838;32574038;32938750;35254053;35513511;39302247;39531497,og_consensus_gaps5-8-10-12-15_core-gap10_min3_strict-v1
og_consensus_gaps5-8-10-12-15_core-gap10_min3_strict-v1:P49790:1134-1159,P49790,1138,S,1,35289036,og_consensus_gaps5-8-10-12-15_core-gap10_min3_strict-v1
og_consensus_gaps5-8-10-12-15_core-gap10_min3_strict-v1:P49790:1134-1159,P49790,1141,T,1,32574038,og_consensus_gaps5-8-10-12-15_core-gap10_min3_strict-v1
og_consensus_gaps5-8-10-12-15_core-gap10_min3_strict-v1:P49790:1134-1159,P49790,1149,S,3,32574038;39531497;39534244,og_consensus_gaps5-8-10-12-15_core-gap10_min3_strict-v1
og_consensus_gaps5-8-10-12-15_core-gap10_min3_strict-v1:P49790:1134-1159,P49790,1152,S,2,30620550;35513511,og_consensus_gaps5-8-10-12-15_core-gap10_min3_strict-v1
og_consensus_gaps5-8-10-12-15_core-gap10_min3_strict-v1:P49790:1134-1159,P49790,1154,S,3,29351928;30059200;31492838,og_consensus_gaps5-8-10-12-15_core-gap10_min3_strict-v1
og_consensus_gaps5-8-10-12-15_core-gap10_min3_strict-v1:P49790:1134-1159,P49790,1156,T,11,20068230;29237092;30059200;30620550;31492838;32574038;35254053;35513511;37541260;39531497;39534244,og_consensus_gaps5-8-10-12-15_core-gap10_min3_strict-v1
og_consensus_gaps5-8-10-12-15_core-gap10_min3_strict-v1:P49790:1134-1159,P49790,1159,S,2,39531497;39534244,og_consensus_gaps5-8-10-12-15_core-gap10_min3_strict-v1
og_consensus_gaps5-8-10-12-15_core-gap10_min3_strict-v1:P49790:1177-1180,P49790,1177,T,4,29249144;35254053;39531497;39534244,og_consensus_gaps5-8-10-12-15_core-gap10_min3_strict-v1
og_consensus_gaps5-8-10-12-15_core-gap10_min3_strict-v1:P49790:1177-1180,P49790,1178,S,3,35254053;39531497;39534244,og_consensus_gaps5-8-10-12-15_core-gap10_min3_strict-v1
og_consensus_gaps5-8-10-12-15_core-gap10_min3_strict-v1:P49790:1177-1180,P49790,1179,T,3,35254053;39531497;39534244,og_consensus_gaps5-8-10-12-15_core-gap10_min3_strict-v1
og_consensus_gaps5-8-10-12-15_core-gap10_min3_strict-v1:P49790:1177-1180,P49790,1180,T,5,29249144;35254053;37541260;39531497;39534244,og_consensus_gaps5-8-10-12-15_core-gap10_min3_strict-v1
og_consensus_gaps5-8-10-12-15_core-gap10_min3_strict-v1:P49790:1262-1271,P49790,1262,T,1,29351928,og_consensus_gaps5-8-10-12-15_core-gap10_min3_strict-v1
og_consensus_gaps5-8-10-12-15_core-gap10_min3_strict-v1:P49790:1262-1271,P49790,1263,T,3,29351928;39531497;39534244,og_consensus_gaps5-8-10-12-15_core-gap10_min3_strict-v1
og_consensus_gaps5-8-10-12-15_core-gap10_min3_strict-v1:P49790:1262-1271,P49790,1264,S,3,29351928;39531497;39534244,og_consensus_gaps5-8-10-12-15_core-gap10_min3_strict-v1
og_consensus_gaps5-8-10-12-15_core-gap10_min3_strict-v1:P49790:1262-1271,P49790,1265,S,1,39531497,og_consensus_gaps5-8-10-12-15_core-gap10_min3_strict-v1
og_consensus_gaps5-8-10-12-15_core-gap10_min3_strict-v1:P49790:1262-1271,P49790,1266,T,2,39531497;39534244,og_consensus_gaps5-8-10-12-15_core-gap10_min3_strict-v1
og_consensus_gaps5-8-10-12-15_core-gap10_min3_strict-v1:P49790:1262-1271,P49790,1268,T,2,29351928;39531497,og_consensus_gaps5-8-10-12-15_core-gap10_min3_strict-v1
og_consensus_gaps5-8-10-12-15_core-gap10_min3_strict-v1:P49790:1262-1271,P49790,1271,T,2,29351928;39531497,og_consensus_gaps5-8-10-12-15_core-gap10_min3_strict-v1
og_consensus_gaps5-8-10-12-15_core-gap10_min3_strict-v1:P49790:1295-1298,P49790,1295,T,1,39531497,og_consensus_gaps5-8-10-12-15_core-gap10_min3_strict-v1
og_consensus_gaps5-8-10-12-15_core-gap10_min3_strict-v1:P49790:1295-1298,P49790,1296,T,1,39531497,og_consensus_gaps5-8-10-12-15_core-gap10_min3_strict-v1
og_consensus_gaps5-8-10-12-15_core-gap10_min3_strict-v1:P49790:1295-1298,P49790,1297,S,1,39531497,og_consensus_gaps5-8-10-12-15_core-gap10_min3_strict-v1
og_consensus_gaps5-8-10-12-15_core-gap10_min3_strict-v1:P49790:1295-1298,P49790,1298,S,1,39531497,og_consensus_gaps5-8-10-12-15_core-gap10_min3_strict-v1
og_consensus_gaps5-8-10-12-15_core-gap10_min3_strict-v1:P49792:867-878,P49792,867,T,3,29351928;39531497;39534244,og_consensus_gaps5-8-10-12-15_core-gap10_min3_strict-v1
og_consensus_gaps5-8-10-12-15_core-gap10_min3_strict-v1:P49792:867-878,P49792,870,T,2,39531497;39534244,og_consensus_gaps5-8-10-12-15_core-gap10_min3_strict-v1
og_consensus_gaps5-8-10-12-15_core-gap10_min3_strict-v1:P49792:867-878,P49792,871,T,3,29351928;39531497;39534244,og_consensus_gaps5-8-10-12-15_core-gap10_min3_strict-v1
og_consensus_gaps5-8-10-12-15_core-gap10_min3_strict-v1:P49792:867-878,P49792,874,S,2,39531497;39534244,og_consensus_gaps5-8-10-12-15_core-gap10_min3_strict-v1
og_consensus_gaps5-8-10-12-15_core-gap10_min3_strict-v1:P49792:867-878,P49792,878,S,1,39534244,og_consensus_gaps5-8-10-12-15_core-gap10_min3_strict-v1
og_consensus_gaps5-8-10-12-15_core-gap10_min3_strict-v1:P49792:1045-1065,P49792,1045,T,1,29351928,og_consensus_gaps5-8-10-12-15_core-gap10_min3_strict-v1
og_consensus_gaps5-8-10-12-15_core-gap10_min3_strict-v1:P49792:1045-1065,P49792,1047,S,4,29351928;35289036;35705054;39531497,og_consensus_gaps5-8-10-12-15_core-gap10_min3_strict-v1
og_consensus_gaps5-8-10-12-15_core-gap10_min3_strict-v1:P49792:1045-1065,P49792,1048,S,2,29351928;35289036,og_consensus_gaps5-8-10-12-15_core-gap10_min3_strict-v1
og_consensus_gaps5-8-10-12-15_core-gap10_min3_strict-v1:P49792:1045-1065,P49792,1053,T,3,35132862;39531497;39534244,og_consensus_gaps5-8-10-12-15_core-gap10_min3_strict-v1
og_consensus_gaps5-8-10-12-15_core-gap10_min3_strict-v1:P49792:1045-1065,P49792,1061,S,1,39534244,og_consensus_gaps5-8-10-12-15_core-gap10_min3_strict-v1
og_consensus_gaps5-8-10-12-15_core-gap10_min3_strict-v1:P49792:1045-1065,P49792,1063,S,1,39534244,og_consensus_gaps5-8-10-12-15_core-gap10_min3_strict-v1
og_consensus_gaps5-8-10-12-15_core-gap10_min3_strict-v1:P49792:1045-1065,P49792,1065,S,1,39534244,og_consensus_gaps5-8-10-12-15_core-gap10_min3_strict-v1
og_consensus_gaps5-8-10-12-15_core-gap10_min3_strict-v1:P49792:1396-1400,P49792,1396,T,1,39531497,og_consensus_gaps5-8-10-12-15_core-gap10_min3_strict-v1
og_consensus_gaps5-8-10-12-15_core-gap10_min3_strict-v1:P49792:1396-1400,P49792,1399,T,10,29351928;30059200;30379171;30620550;34846842;35254053;35705054;37541260;38838015;39531497,og_consensus_gaps5-8-10-12-15_core-gap10_min3_strict-v1
og_consensus_gaps5-8-10-12-15_core-gap10_min3_strict-v1:P49792:1396-1400,P49792,1400,S,3,32574038;34846842;35289036,og_consensus_gaps5-8-10-12-15_core-gap10_min3_strict-v1
og_consensus_gaps5-8-10-12-15_core-gap10_min3_strict-v1:P49792:1509-1520,P49792,1509,S,3,35254053;39531497;39534244,og_consensus_gaps5-8-10-12-15_core-gap10_min3_strict-v1
og_consensus_gaps5-8-10-12-15_core-gap10_min3_strict-v1:P49792:1509-1520,P49792,1513,T,2,30059200;35254053,og_consensus_gaps5-8-10-12-15_core-gap10_min3_strict-v1
og_consensus_gaps5-8-10-12-15_core-gap10_min3_strict-v1:P49792:1509-1520,P49792,1514,S,5,29237092;30059200;35254053;35289036;39531497,og_consensus_gaps5-8-10-12-15_core-gap10_min3_strict-v1
og_consensus_gaps5-8-10-12-15_core-gap10_min3_strict-v1:P49792:1509-1520,P49792,1517,T,1,39534244,og_consensus_gaps5-8-10-12-15_core-gap10_min3_strict-v1
og_consensus_gaps5-8-10-12-15_core-gap10_min3_strict-v1:P49792:1509-1520,P49792,1520,S,1,39534244,og_consensus_gaps5-8-10-12-15_core-gap10_min3_strict-v1
og_consensus_gaps5-8-10-12-15_core-gap10_min3_strict-v1:P49792:1941-1946,P49792,1941,T,2,35254053;39534244,og_consensus_gaps5-8-10-12-15_core-gap10_min3_strict-v1
og_consensus_gaps5-8-10-12-15_core-gap10_min3_strict-v1:P49792:1941-1946,P49792,1944,T,1,39534244,og_consensus_gaps5-8-10-12-15_core-gap10_min3_strict-v1
og_consensus_gaps5-8-10-12-15_core-gap10_min3_strict-v1:P49792:1941-1946,P49792,1946,T,1,39534244,og_consensus_gaps5-8-10-12-15_core-gap10_min3_strict-v1
og_consensus_gaps5-8-10-12-15_core-gap10_min3_strict-v1:P49848:480-492,P49848,480,T,4,34846842;35254053;35289036;35705054,og_consensus_gaps5-8-10-12-15_core-gap10_min3_strict-v1
og_consensus_gaps5-8-10-12-15_core-gap10_min3_strict-v1:P49848:480-492,P49848,481,T,8,28657654;30059200;34846842;35254053;35289036;37541260;39302247;39531497,og_consensus_gaps5-8-10-12-15_core-gap10_min3_strict-v1
og_consensus_gaps5-8-10-12-15_core-gap10_min3_strict-v1:P49848:480-492,P49848,483,T,1,39531497,og_consensus_gaps5-8-10-12-15_core-gap10_min3_strict-v1
og_consensus_gaps5-8-10-12-15_core-gap10_min3_strict-v1:P49848:480-492,P49848,485,T,4,32574038;35132862;35289036;35705054,og_consensus_gaps5-8-10-12-15_core-gap10_min3_strict-v1
og_consensus_gaps5-8-10-12-15_core-gap10_min3_strict-v1:P49848:480-492,P49848,490,T,1,32574038,og_consensus_gaps5-8-10-12-15_core-gap10_min3_strict-v1
og_consensus_gaps5-8-10-12-15_core-gap10_min3_strict-v1:P49848:480-492,P49848,492,T,2,32574038;35132862,og_consensus_gaps5-8-10-12-15_core-gap10_min3_strict-v1
og_consensus_gaps5-8-10-12-15_core-gap10_min3_strict-v1:P49848:586-602,P49848,586,S,11,29237092;29351928;30059200;30620550;31492838;35254053;35289036;35513511;35705054;38838015;39531497,og_consensus_gaps5-8-10-12-15_core-gap10_min3_strict-v1
og_consensus_gaps5-8-10-12-15_core-gap10_min3_strict-v1:P49848:586-602,P49848,587,T,1,35705054,og_consensus_gaps5-8-10-12-15_core-gap10_min3_strict-v1
og_consensus_gaps5-8-10-12-15_core-gap10_min3_strict-v1:P49848:586-602,P49848,589,T,2,35254053;35705054,og_consensus_gaps5-8-10-12-15_core-gap10_min3_strict-v1
og_consensus_gaps5-8-10-12-15_core-gap10_min3_strict-v1:P49848:586-602,P49848,590,T,3,30059200;35132862;35254053,og_consensus_gaps5-8-10-12-15_core-gap10_min3_strict-v1
og_consensus_gaps5-8-10-12-15_core-gap10_min3_strict-v1:P49848:586-602,P49848,594,S,3,34846842;35289036;39531497,og_consensus_gaps5-8-10-12-15_core-gap10_min3_strict-v1
og_consensus_gaps5-8-10-12-15_core-gap10_min3_strict-v1:P49848:586-602,P49848,595,T,9,29351928;30059200;30620550;31492838;32938750;35132862;35254053;35289036;39531497,og_consensus_gaps5-8-10-12-15_core-gap10_min3_strict-v1
og_consensus_gaps5-8-10-12-15_core-gap10_min3_strict-v1:P49848:586-602,P49848,598,S,1,39534244,og_consensus_gaps5-8-10-12-15_core-gap10_min3_strict-v1
og_consensus_gaps5-8-10-12-15_core-gap10_min3_strict-v1:P49848:586-602,P49848,602,S,2,34846842;35289036,og_consensus_gaps5-8-10-12-15_core-gap10_min3_strict-v1
og_consensus_gaps5-8-10-12-15_core-gap10_min3_strict-v1:P49916:250-252,P49916,250,S,1,33465208,og_consensus_gaps5-8-10-12-15_core-gap10_min3_strict-v1
og_consensus_gaps5-8-10-12-15_core-gap10_min3_strict-v1:P49916:250-252,P49916,251,S,1,33465208,og_consensus_gaps5-8-10-12-15_core-gap10_min3_strict-v1
og_consensus_gaps5-8-10-12-15_core-gap10_min3_strict-v1:P49916:250-252,P49916,252,S,1,33465208,og_consensus_gaps5-8-10-12-15_core-gap10_min3_strict-v1
og_consensus_gaps5-8-10-12-15_core-gap10_min3_strict-v1:P50402:49-54,P50402,49,S,7,30059200;35254053;35289036;35705054;37541260;39531497;39534244,og_consensus_gaps5-8-10-12-15_core-gap10_min3_strict-v1
og_consensus_gaps5-8-10-12-15_core-gap10_min3_strict-v1:P50402:49-54,P50402,52,S,3,35254053;35705054;39534244,og_consensus_gaps5-8-10-12-15_core-gap10_min3_strict-v1
og_consensus_gaps5-8-10-12-15_core-gap10_min3_strict-v1:P50402:49-54,P50402,53,S,7,24014020;29237092;29351928;31492838;35254053;35513511;39531497,og_consensus_gaps5-8-10-12-15_core-gap10_min3_strict-v1
og_consensus_gaps5-8-10-12-15_core-gap10_min3_strict-v1:P50402:49-54,P50402,54,S,5,24014020;35254053;35289036;39531497;39534244,og_consensus_gaps5-8-10-12-15_core-gap10_min3_strict-v1
og_consensus_gaps5-8-10-12-15_core-gap10_min3_strict-v1:P50402:171-175,P50402,171,S,2,24014020;39534244,og_consensus_gaps5-8-10-12-15_core-gap10_min3_strict-v1
og_consensus_gaps5-8-10-12-15_core-gap10_min3_strict-v1:P50402:171-175,P50402,173,S,4,24014020;29237092;31492838;35513511,og_consensus_gaps5-8-10-12-15_core-gap10_min3_strict-v1
og_consensus_gaps5-8-10-12-15_core-gap10_min3_strict-v1:P50402:171-175,P50402,175,S,1,39534244,og_consensus_gaps5-8-10-12-15_core-gap10_min3_strict-v1
og_consensus_gaps5-8-10-12-15_core-gap10_min3_strict-v1:P51610:405-413,P51610,405,T,11,21740066;28604694;29249144;29351928;32938750;35254053;35289036;35513511;37541260;38838015;39531497,og_consensus_gaps5-8-10-12-15_core-gap10_min3_strict-v1
og_consensus_gaps5-8-10-12-15_core-gap10_min3_strict-v1:P51610:405-413,P51610,408,T,1,35289036,og_consensus_gaps5-8-10-12-15_core-gap10_min3_strict-v1
og_consensus_gaps5-8-10-12-15_core-gap10_min3_strict-v1:P51610:405-413,P51610,410,T,3,34846842;39531497;39534244,og_consensus_gaps5-8-10-12-15_core-gap10_min3_strict-v1
og_consensus_gaps5-8-10-12-15_core-gap10_min3_strict-v1:P51610:405-413,P51610,411,S,4,21740066;34846842;35289036;39534244,og_consensus_gaps5-8-10-12-15_core-gap10_min3_strict-v1
og_consensus_gaps5-8-10-12-15_core-gap10_min3_strict-v1:P51610:405-413,P51610,413,T,2,35132862;39534244,og_consensus_gaps5-8-10-12-15_core-gap10_min3_strict-v1
og_consensus_gaps5-8-10-12-15_core-gap10_min3_strict-v1:P51610:457-460,P51610,457,T,1,39534244,og_consensus_gaps5-8-10-12-15_core-gap10_min3_strict-v1
og_consensus_gaps5-8-10-12-15_core-gap10_min3_strict-v1:P51610:457-460,P51610,458,T,2,29351928;39534244,og_consensus_gaps5-8-10-12-15_core-gap10_min3_strict-v1
og_consensus_gaps5-8-10-12-15_core-gap10_min3_strict-v1:P51610:457-460,P51610,459,T,1,29351928,og_consensus_gaps5-8-10-12-15_core-gap10_min3_strict-v1
og_consensus_gaps5-8-10-12-15_core-gap10_min3_strict-v1:P51610:457-460,P51610,460,T,1,35705054,og_consensus_gaps5-8-10-12-15_core-gap10_min3_strict-v1
og_consensus_gaps5-8-10-12-15_core-gap10_min3_strict-v1:P51610:490-518,P51610,490,T,19,20068230;21740066;23335398;28604694;28657654;29237092;29351928;30059200;30620550;31492838;35132862;35254053;35289036;35513511;35705054;37541260;38838015;39531497;39534244,og_consensus_gaps5-8-10-12-15_core-gap10_min3_strict-v1
og_consensus_gaps5-8-10-12-15_core-gap10_min3_strict-v1:P51610:490-518,P51610,495,T,15,20068230;21740066;23335398;28657654;29249144;29351928;30059200;31492838;35132862;35254053;35289036;35513511;37541260;39531497;39534244,og_consensus_gaps5-8-10-12-15_core-gap10_min3_strict-v1
og_consensus_gaps5-8-10-12-15_core-gap10_min3_strict-v1:P51610:490-518,P51610,496,T,7,21740066;29249144;32574038;35254053;35289036;39302247;39534244,og_consensus_gaps5-8-10-12-15_core-gap10_min3_strict-v1
og_consensus_gaps5-8-10-12-15_core-gap10_min3_strict-v1:P51610:490-518,P51610,498,T,5,29351928;32574038;35132862;39531497;39534244,og_consensus_gaps5-8-10-12-15_core-gap10_min3_strict-v1
og_consensus_gaps5-8-10-12-15_core-gap10_min3_strict-v1:P51610:490-518,P51610,502,T,6,32574038;32938750;35132862;35705054;39302247;39534244,og_consensus_gaps5-8-10-12-15_core-gap10_min3_strict-v1
og_consensus_gaps5-8-10-12-15_core-gap10_min3_strict-v1:P51610:490-518,P51610,507,S,5,30059200;31492838;32574038;39531497;39534244,og_consensus_gaps5-8-10-12-15_core-gap10_min3_strict-v1
og_consensus_gaps5-8-10-12-15_core-gap10_min3_strict-v1:P51610:490-518,P51610,515,T,9,28657654;30059200;30620550;32938750;35132862;35254053;35513511;39531497;39534244,og_consensus_gaps5-8-10-12-15_core-gap10_min3_strict-v1
og_consensus_gaps5-8-10-12-15_core-gap10_min3_strict-v1:P51610:490-518,P51610,517,T,5,32574038;35132862;35289036;39531497;39534244,og_consensus_gaps5-8-10-12-15_core-gap10_min3_strict-v1
og_consensus_gaps5-8-10-12-15_core-gap10_min3_strict-v1:P51610:490-518,P51610,518,S,18,21158410;23301498;28657654;29237092;30059200;31492838;32574038;32938750;34846842;35132862;35254053;35289036;35513511;35705054;38838015;39302247;39531497;39534244,og_consensus_gaps5-8-10-12-15_core-gap10_min3_strict-v1
og_consensus_gaps5-8-10-12-15_core-gap10_min3_strict-v1:P51610:529-544,P51610,529,T,2,32938750;39534244,og_consensus_gaps5-8-10-12-15_core-gap10_min3_strict-v1
og_consensus_gaps5-8-10-12-15_core-gap10_min3_strict-v1:P51610:529-544,P51610,531,S,2,29351928;39534244,og_consensus_gaps5-8-10-12-15_core-gap10_min3_strict-v1
og_consensus_gaps5-8-10-12-15_core-gap10_min3_strict-v1:P51610:529-544,P51610,535,T,1,39531497,og_consensus_gaps5-8-10-12-15_core-gap10_min3_strict-v1
og_consensus_gaps5-8-10-12-15_core-gap10_min3_strict-v1:P51610:529-544,P51610,539,S,2,29351928;39534244,og_consensus_gaps5-8-10-12-15_core-gap10_min3_strict-v1
og_consensus_gaps5-8-10-12-15_core-gap10_min3_strict-v1:P51610:529-544,P51610,540,S,1,39534244,og_consensus_gaps5-8-10-12-15_core-gap10_min3_strict-v1
og_consensus_gaps5-8-10-12-15_core-gap10_min3_strict-v1:P51610:529-544,P51610,544,S,1,39534244,og_consensus_gaps5-8-10-12-15_core-gap10_min3_strict-v1
og_consensus_gaps5-8-10-12-15_core-gap10_min3_strict-v1:P51610:562-642,P51610,562,S,17,20068230;21740066;28604694;28657654;29237092;29351928;30059200;31492838;32938750;34846842;35254053;35289036;35513511;37541260;38838015;39531497;39534244,og_consensus_gaps5-8-10-12-15_core-gap10_min3_strict-v1
og_consensus_gaps5-8-10-12-15_core-gap10_min3_strict-v1:P51610:562-642,P51610,563,S,18,20068230;21740066;23301498;28604694;28657654;29237092;29249144;29351928;30059200;31492838;32938750;34846842;35254053;35289036;38838015;39302247;39531497;39534244,og_consensus_gaps5-8-10-12-15_core-gap10_min3_strict-v1
og_consensus_gaps5-8-10-12-15_core-gap10_min3_strict-v1:P51610:562-642,P51610,566,T,8,21740066;29249144;32574038;34846842;35132862;35289036;35705054;39534244,og_consensus_gaps5-8-10-12-15_core-gap10_min3_strict-v1
og_consensus_gaps5-8-10-12-15_core-gap10_min3_strict-v1:P51610:562-642,P51610,569,S,8,23335398;29249144;32574038;34846842;35132862;35289036;35705054;39534244,og_consensus_gaps5-8-10-12-15_core-gap10_min3_strict-v1
og_consensus_gaps5-8-10-12-15_core-gap10_min3_strict-v1:P51610:562-642,P51610,574,T,4,32574038;35132862;35289036;39534244,og_consensus_gaps5-8-10-12-15_core-gap10_min3_strict-v1
og_consensus_gaps5-8-10-12-15_core-gap10_min3_strict-v1:P51610:562-642,P51610,575,T,3,34846842;35132862;35289036,og_consensus_gaps5-8-10-12-15_core-gap10_min3_strict-v1
og_consensus_gaps5-8-10-12-15_core-gap10_min3_strict-v1:P51610:562-642,P51610,579,T,24,20068230;21740066;28604694;28657654;29237092;29351928;30059200;30379171;31492838;31637018;32574038;32938750;34105348;34846842;35132862;35254053;35289036;35513511;35705054;37541260;38838015;39302247;39531497;39534244,og_consensus_gaps5-8-10-12-15_core-gap10_min3_strict-v1
og_consensus_gaps5-8-10-12-15_core-gap10_min3_strict-v1:P51610:562-642,P51610,583,T,10,21740066;29249144;32574038;35132862;35254053;35289036;35705054;39302247;39531497;39534244,og_consensus_gaps5-8-10-12-15_core-gap10_min3_strict-v1
og_consensus_gaps5-8-10-12-15_core-gap10_min3_strict-v1:P51610:562-642,P51610,586,T,11,21740066;28657654;29249144;30059200;32574038;34846842;35254053;35289036;39302247;39531497;39534244,og_consensus_gaps5-8-10-12-15_core-gap10_min3_strict-v1
og_consensus_gaps5-8-10-12-15_core-gap10_min3_strict-v1:P51610:562-642,P51610,587,T,11,28657654;29249144;30059200;31492838;32574038;35254053;35289036;37541260;39302247;39531497;39534244,og_consensus_gaps5-8-10-12-15_core-gap10_min3_strict-v1
og_consensus_gaps5-8-10-12-15_core-gap10_min3_strict-v1:P51610:562-642,P51610,588,T,15,21740066;28657654;29249144;29351928;30059200;31492838;32574038;32938750;35132862;35254053;35289036;37541260;39302247;39531497;39534244,og_consensus_gaps5-8-10-12-15_core-gap10_min3_strict-v1
og_consensus_gaps5-8-10-12-15_core-gap10_min3_strict-v1:P51610:562-642,P51610,592,T,8,31637018;32574038;35254053;35289036;35705054;39302247;39531497;39534244,og_consensus_gaps5-8-10-12-15_core-gap10_min3_strict-v1
og_consensus_gaps5-8-10-12-15_core-gap10_min3_strict-v1:P51610:562-642,P51610,597,S,6,30059200;35254053;35289036;35513511;39302247;39531497,og_consensus_gaps5-8-10-12-15_core-gap10_min3_strict-v1
og_consensus_gaps5-8-10-12-15_core-gap10_min3_strict-v1:P51610:562-642,P51610,598,S,3,30059200;32574038;35254053,og_consensus_gaps5-8-10-12-15_core-gap10_min3_strict-v1
og_consensus_gaps5-8-10-12-15_core-gap10_min3_strict-v1:P51610:562-642,P51610,603,S,11,29237092;30059200;31373491;31492838;32574038;32938750;35132862;35254053;35289036;38838015;39531497,og_consensus_gaps5-8-10-12-15_core-gap10_min3_strict-v1
og_consensus_gaps5-8-10-12-15_core-gap10_min3_strict-v1:P51610:562-642,P51610,607,T,2,32574038;35289036,og_consensus_gaps5-8-10-12-15_core-gap10_min3_strict-v1
og_consensus_gaps5-8-10-12-15_core-gap10_min3_strict-v1:P51610:562-642,P51610,612,T,8,33465208;34846842;35254053;35289036;37541260;39302247;39531497;39534244,og_consensus_gaps5-8-10-12-15_core-gap10_min3_strict-v1
og_consensus_gaps5-8-10-12-15_core-gap10_min3_strict-v1:P51610:562-642,P51610,619,T,6,35254053;35289036;35705054;37541260;39531497;39534244,og_consensus_gaps5-8-10-12-15_core-gap10_min3_strict-v1
og_consensus_gaps5-8-10-12-15_core-gap10_min3_strict-v1:P51610:562-642,P51610,620,S,15,21740066;23301498;23335398;29351928;30059200;32938750;34846842;35132862;35254053;35289036;35513511;37541260;39302247;39531497;39534244,og_consensus_gaps5-8-10-12-15_core-gap10_min3_strict-v1
og_consensus_gaps5-8-10-12-15_core-gap10_min3_strict-v1:P51610:562-642,P51610,622,S,17,21740066;23301498;23335398;29351928;30059200;31492838;32938750;34846842;35132862;35254053;35289036;35513511;35705054;37541260;39302247;39531497;39534244,og_consensus_gaps5-8-10-12-15_core-gap10_min3_strict-v1
og_consensus_gaps5-8-10-12-15_core-gap10_min3_strict-v1:P51610:562-642,P51610,623,S,14,21740066;23301498;23335398;29351928;30059200;34846842;35132862;35254053;35289036;35513511;37541260;39302247;39531497;39534244,og_consensus_gaps5-8-10-12-15_core-gap10_min3_strict-v1
og_consensus_gaps5-8-10-12-15_core-gap10_min3_strict-v1:P51610:562-642,P51610,625,T,15,21740066;23301498;23335398;29351928;30059200;32574038;32938750;35132862;35254053;35289036;35513511;37541260;39302247;39531497;39534244,og_consensus_gaps5-8-10-12-15_core-gap10_min3_strict-v1
og_consensus_gaps5-8-10-12-15_core-gap10_min3_strict-v1:P51610:562-642,P51610,627,T,6,21740066;30059200;30379171;32574038;35289036;39534244,og_consensus_gaps5-8-10-12-15_core-gap10_min3_strict-v1
og_consensus_gaps5-8-10-12-15_core-gap10_min3_strict-v1:P51610:562-642,P51610,628,S,8,21740066;29351928;31492838;32574038;34846842;35132862;35289036;39534244,og_consensus_gaps5-8-10-12-15_core-gap10_min3_strict-v1
og_consensus_gaps5-8-10-12-15_core-gap10_min3_strict-v1:P51610:562-642,P51610,629,T,6,21740066;29351928;32574038;35132862;35289036;39534244,og_consensus_gaps5-8-10-12-15_core-gap10_min3_strict-v1
og_consensus_gaps5-8-10-12-15_core-gap10_min3_strict-v1:P51610:562-642,P51610,634,T,3,32938750;35254053;39302247,og_consensus_gaps5-8-10-12-15_core-gap10_min3_strict-v1
og_consensus_gaps5-8-10-12-15_core-gap10_min3_strict-v1:P51610:562-642,P51610,638,S,14,21740066;28604694;31492838;31637018;32574038;32938750;34105348;34846842;35254053;35289036;35705054;39302247;39531497;39534244,og_consensus_gaps5-8-10-12-15_core-gap10_min3_strict-v1
og_consensus_gaps5-8-10-12-15_core-gap10_min3_strict-v1:P51610:562-642,P51610,640,T,9,21740066;28604694;34105348;35254053;35289036;37541260;39302247;39531497;39534244,og_consensus_gaps5-8-10-12-15_core-gap10_min3_strict-v1
og_consensus_gaps5-8-10-12-15_core-gap10_min3_strict-v1:P51610:562-642,P51610,642,T,11,21740066;28604694;32574038;32938750;35254053;35289036;35705054;37541260;39302247;39531497;39534244,og_consensus_gaps5-8-10-12-15_core-gap10_min3_strict-v1
og_consensus_gaps5-8-10-12-15_core-gap10_min3_strict-v1:P51610:666-712,P51610,666,S,3,34846842;35254053;35289036,og_consensus_gaps5-8-10-12-15_core-gap10_min3_strict-v1
og_consensus_gaps5-8-10-12-15_core-gap10_min3_strict-v1:P51610:666-712,P51610,669,S,12,28657654;29237092;30059200;30620550;31492838;34846842;35254053;35289036;35705054;38838015;39531497;39534244,og_consensus_gaps5-8-10-12-15_core-gap10_min3_strict-v1
og_consensus_gaps5-8-10-12-15_core-gap10_min3_strict-v1:P51610:666-712,P51610,674,S,1,35132862,og_consensus_gaps5-8-10-12-15_core-gap10_min3_strict-v1
og_consensus_gaps5-8-10-12-15_core-gap10_min3_strict-v1:P51610:666-712,P51610,678,S,10,29237092;29351928;30059200;31492838;32574038;34846842;35254053;35289036;39531497;39534244,og_consensus_gaps5-8-10-12-15_core-gap10_min3_strict-v1
og_consensus_gaps5-8-10-12-15_core-gap10_min3_strict-v1:P51610:666-712,P51610,685,S,19,20068230;21740066;23301498;23335398;28604694;28657654;29237092;29351928;30059200;31492838;32938750;35254053;35289036;35705054;37541260;38838015;39302247;39531497;39534244,og_consensus_gaps5-8-10-12-15_core-gap10_min3_strict-v1
og_consensus_gaps5-8-10-12-15_core-gap10_min3_strict-v1:P51610:666-712,P51610,689,T,9,28604694;29249144;29351928;32574038;35132862;35254053;35289036;35705054;39534244,og_consensus_gaps5-8-10-12-15_core-gap10_min3_strict-v1
og_consensus_gaps5-8-10-12-15_core-gap10_min3_strict-v1:P51610:666-712,P51610,694,T,10,20068230;21740066;28604694;29351928;32938750;35254053;35705054;37541260;39531497;39534244,og_consensus_gaps5-8-10-12-15_core-gap10_min3_strict-v1
og_consensus_gaps5-8-10-12-15_core-gap10_min3_strict-v1:P51610:666-712,P51610,695,S,9,28604694;32574038;32938750;35132862;35254053;35289036;35705054;39531497;39534244,og_consensus_gaps5-8-10-12-15_core-gap10_min3_strict-v1
og_consensus_gaps5-8-10-12-15_core-gap10_min3_strict-v1:P51610:666-712,P51610,698,T,10,21740066;28604694;32574038;32938750;35132862;35254053;35289036;35705054;39531497;39534244,og_consensus_gaps5-8-10-12-15_core-gap10_min3_strict-v1
og_consensus_gaps5-8-10-12-15_core-gap10_min3_strict-v1:P51610:666-712,P51610,702,S,7,21740066;28604694;29249144;35254053;35289036;39531497;39534244,og_consensus_gaps5-8-10-12-15_core-gap10_min3_strict-v1
og_consensus_gaps5-8-10-12-15_core-gap10_min3_strict-v1:P51610:666-712,P51610,703,T,4,21740066;29249144;39531497;39534244,og_consensus_gaps5-8-10-12-15_core-gap10_min3_strict-v1
og_consensus_gaps5-8-10-12-15_core-gap10_min3_strict-v1:P51610:666-712,P51610,707,T,4,29249144;35289036;39531497;39534244,og_consensus_gaps5-8-10-12-15_core-gap10_min3_strict-v1
og_consensus_gaps5-8-10-12-15_core-gap10_min3_strict-v1:P51610:666-712,P51610,712,T,2,35289036;39534244,og_consensus_gaps5-8-10-12-15_core-gap10_min3_strict-v1
og_consensus_gaps5-8-10-12-15_core-gap10_min3_strict-v1:P51610:733-808,P51610,733,T,4,35254053;35289036;39531497;39534244,og_consensus_gaps5-8-10-12-15_core-gap10_min3_strict-v1
og_consensus_gaps5-8-10-12-15_core-gap10_min3_strict-v1:P51610:733-808,P51610,734,T,3,29351928;35289036;39534244,og_consensus_gaps5-8-10-12-15_core-gap10_min3_strict-v1
og_consensus_gaps5-8-10-12-15_core-gap10_min3_strict-v1:P51610:733-808,P51610,737,T,4,29351928;35289036;39302247;39534244,og_consensus_gaps5-8-10-12-15_core-gap10_min3_strict-v1
og_consensus_gaps5-8-10-12-15_core-gap10_min3_strict-v1:P51610:733-808,P51610,738,T,7,21740066;29351928;35254053;35289036;39302247;39531497;39534244,og_consensus_gaps5-8-10-12-15_core-gap10_min3_strict-v1
og_consensus_gaps5-8-10-12-15_core-gap10_min3_strict-v1:P51610:733-808,P51610,739,T,9,20068230;21740066;29351928;35254053;35289036;37541260;39302247;39531497;39534244,og_consensus_gaps5-8-10-12-15_core-gap10_min3_strict-v1
og_consensus_gaps5-8-10-12-15_core-gap10_min3_strict-v1:P51610:733-808,P51610,742,S,5,21740066;29351928;35289036;39531497;39534244,og_consensus_gaps5-8-10-12-15_core-gap10_min3_strict-v1
og_consensus_gaps5-8-10-12-15_core-gap10_min3_strict-v1:P51610:733-808,P51610,746,T,2,35254053;39534244,og_consensus_gaps5-8-10-12-15_core-gap10_min3_strict-v1
og_consensus_gaps5-8-10-12-15_core-gap10_min3_strict-v1:P51610:733-808,P51610,749,T,4,29351928;35254053;35289036;39534244,og_consensus_gaps5-8-10-12-15_core-gap10_min3_strict-v1
og_consensus_gaps5-8-10-12-15_core-gap10_min3_strict-v1:P51610:733-808,P51610,754,S,2,39531497;39534244,og_consensus_gaps5-8-10-12-15_core-gap10_min3_strict-v1
og_consensus_gaps5-8-10-12-15_core-gap10_min3_strict-v1:P51610:733-808,P51610,755,S,3,21740066;35289036;39534244,og_consensus_gaps5-8-10-12-15_core-gap10_min3_strict-v1
og_consensus_gaps5-8-10-12-15_core-gap10_min3_strict-v1:P51610:733-808,P51610,757,S,2,35289036;39534244,og_consensus_gaps5-8-10-12-15_core-gap10_min3_strict-v1
og_consensus_gaps5-8-10-12-15_core-gap10_min3_strict-v1:P51610:733-808,P51610,759,S,3,21740066;35289036;39534244,og_consensus_gaps5-8-10-12-15_core-gap10_min3_strict-v1
og_consensus_gaps5-8-10-12-15_core-gap10_min3_strict-v1:P51610:733-808,P51610,760,T,2,21740066;30059200,og_consensus_gaps5-8-10-12-15_core-gap10_min3_strict-v1
og_consensus_gaps5-8-10-12-15_core-gap10_min3_strict-v1:P51610:733-808,P51610,761,T,7,21740066;29351928;30059200;35254053;37541260;39531497;39534244,og_consensus_gaps5-8-10-12-15_core-gap10_min3_strict-v1
og_consensus_gaps5-8-10-12-15_core-gap10_min3_strict-v1:P51610:733-808,P51610,765,T,2,35289036;39534244,og_consensus_gaps5-8-10-12-15_core-gap10_min3_strict-v1
og_consensus_gaps5-8-10-12-15_core-gap10_min3_strict-v1:P51610:733-808,P51610,767,T,1,35289036,og_consensus_gaps5-8-10-12-15_core-gap10_min3_strict-v1
og_consensus_gaps5-8-10-12-15_core-gap10_min3_strict-v1:P51610:733-808,P51610,771,T,14,28604694;30059200;30379171;30620550;32938750;35254053;35289036;35513511;35705054;37541260;38838015;39302247;39531497;39534244,og_consensus_gaps5-8-10-12-15_core-gap10_min3_strict-v1
og_consensus_gaps5-8-10-12-15_core-gap10_min3_strict-v1:P51610:733-808,P51610,775,S,14,28604694;30379171;31492838;32938750;35132862;35254053;35289036;35513511;35705054;37541260;38838015;39302247;39531497;39534244,og_consensus_gaps5-8-10-12-15_core-gap10_min3_strict-v1
og_consensus_gaps5-8-10-12-15_core-gap10_min3_strict-v1:P51610:733-808,P51610,779,T,20,20068230;21740066;23335398;28657654;29237092;29249144;29351928;30059200;30379171;31492838;32938750;35132862;35254053;35289036;35513511;35705054;38838015;39302247;39531497;39534244,og_consensus_gaps5-8-10-12-15_core-gap10_min3_strict-v1
og_consensus_gaps5-8-10-12-15_core-gap10_min3_strict-v1:P51610:733-808,P51610,784,T,7,29249144;31492838;32938750;35289036;35705054;39302247;39534244,og_consensus_gaps5-8-10-12-15_core-gap10_min3_strict-v1
og_consensus_gaps5-8-10-12-15_core-gap10_min3_strict-v1:P51610:733-808,P51610,787,T,10,21740066;29249144;31492838;32938750;35254053;35289036;35513511;37541260;39531497;39534244,og_consensus_gaps5-8-10-12-15_core-gap10_min3_strict-v1
og_consensus_gaps5-8-10-12-15_core-gap10_min3_strict-v1:P51610:733-808,P51610,788,S,6,21740066;29249144;29351928;35289036;39531497;39534244,og_consensus_gaps5-8-10-12-15_core-gap10_min3_strict-v1
og_consensus_gaps5-8-10-12-15_core-gap10_min3_strict-v1:P51610:733-808,P51610,789,S,4,29249144;35289036;39302247;39534244,og_consensus_gaps5-8-10-12-15_core-gap10_min3_strict-v1
og_consensus_gaps5-8-10-12-15_core-gap10_min3_strict-v1:P51610:733-808,P51610,794,S,9,29249144;32574038;34105348;34846842;35132862;35289036;35705054;39302247;39534244,og_consensus_gaps5-8-10-12-15_core-gap10_min3_strict-v1
og_consensus_gaps5-8-10-12-15_core-gap10_min3_strict-v1:P51610:733-808,P51610,797,T,6,30059200;32574038;34846842;35132862;35705054;39302247,og_consensus_gaps5-8-10-12-15_core-gap10_min3_strict-v1
og_consensus_gaps5-8-10-12-15_core-gap10_min3_strict-v1:P51610:733-808,P51610,800,T,10,20068230;29249144;30059200;32574038;32938750;34846842;35132862;35705054;39302247;39534244,og_consensus_gaps5-8-10-12-15_core-gap10_min3_strict-v1
og_consensus_gaps5-8-10-12-15_core-gap10_min3_strict-v1:P51610:733-808,P51610,801,T,20,23301498;23335398;29237092;29249144;29351928;30059200;31492838;32574038;32938750;34846842;35132862;35254053;35289036;35513511;35705054;37541260;38838015;39302247;39531497;39534244,og_consensus_gaps5-8-10-12-15_core-gap10_min3_strict-v1
og_consensus_gaps5-8-10-12-15_core-gap10_min3_strict-v1:P51610:733-808,P51610,805,T,6,29249144;32574038;35254053;35289036;35705054;39534244,og_consensus_gaps5-8-10-12-15_core-gap10_min3_strict-v1
og_consensus_gaps5-8-10-12-15_core-gap10_min3_strict-v1:P51610:733-808,P51610,806,S,15,20068230;21740066;23301498;29249144;29351928;30059200;30620550;31492838;32574038;32938750;35254053;35289036;35513511;37541260;39534244,og_consensus_gaps5-8-10-12-15_core-gap10_min3_strict-v1
og_consensus_gaps5-8-10-12-15_core-gap10_min3_strict-v1:P51610:733-808,P51610,808,T,14,20068230;29249144;29351928;30059200;30379171;30620550;31492838;32574038;35254053;35289036;35513511;37541260;38838015;39534244,og_consensus_gaps5-8-10-12-15_core-gap10_min3_strict-v1
og_consensus_gaps5-8-10-12-15_core-gap10_min3_strict-v1:P51610:858-863,P51610,858,T,8,28604694;30059200;34846842;35254053;35289036;39302247;39531497;39534244,og_consensus_gaps5-8-10-12-15_core-gap10_min3_strict-v1
og_consensus_gaps5-8-10-12-15_core-gap10_min3_strict-v1:P51610:858-863,P51610,861,T,16,20068230;23301498;23335398;28657654;29351928;30059200;32574038;32938750;34846842;35254053;35289036;35705054;37541260;39302247;39531497;39534244,og_consensus_gaps5-8-10-12-15_core-gap10_min3_strict-v1
og_consensus_gaps5-8-10-12-15_core-gap10_min3_strict-v1:P51610:858-863,P51610,863,S,6,32574038;34846842;35289036;35705054;39531497;39534244,og_consensus_gaps5-8-10-12-15_core-gap10_min3_strict-v1
og_consensus_gaps5-8-10-12-15_core-gap10_min3_strict-v1:P51610:877-912,P51610,877,T,1,39531497,og_consensus_gaps5-8-10-12-15_core-gap10_min3_strict-v1
og_consensus_gaps5-8-10-12-15_core-gap10_min3_strict-v1:P51610:877-912,P51610,878,T,1,39531497,og_consensus_gaps5-8-10-12-15_core-gap10_min3_strict-v1
og_consensus_gaps5-8-10-12-15_core-gap10_min3_strict-v1:P51610:877-912,P51610,881,T,1,39531497,og_consensus_gaps5-8-10-12-15_core-gap10_min3_strict-v1
og_consensus_gaps5-8-10-12-15_core-gap10_min3_strict-v1:P51610:877-912,P51610,882,T,1,39531497,og_consensus_gaps5-8-10-12-15_core-gap10_min3_strict-v1
og_consensus_gaps5-8-10-12-15_core-gap10_min3_strict-v1:P51610:877-912,P51610,885,T,1,39531497,og_consensus_gaps5-8-10-12-15_core-gap10_min3_strict-v1
og_consensus_gaps5-8-10-12-15_core-gap10_min3_strict-v1:P51610:877-912,P51610,889,T,1,39531497,og_consensus_gaps5-8-10-12-15_core-gap10_min3_strict-v1
og_consensus_gaps5-8-10-12-15_core-gap10_min3_strict-v1:P51610:877-912,P51610,893,S,2,29351928;39531497,og_consensus_gaps5-8-10-12-15_core-gap10_min3_strict-v1
og_consensus_gaps5-8-10-12-15_core-gap10_min3_strict-v1:P51610:877-912,P51610,903,S,1,39531497,og_consensus_gaps5-8-10-12-15_core-gap10_min3_strict-v1
og_consensus_gaps5-8-10-12-15_core-gap10_min3_strict-v1:P51610:877-912,P51610,908,T,1,39531497,og_consensus_gaps5-8-10-12-15_core-gap10_min3_strict-v1
og_consensus_gaps5-8-10-12-15_core-gap10_min3_strict-v1:P51610:877-912,P51610,911,T,1,39531497,og_consensus_gaps5-8-10-12-15_core-gap10_min3_strict-v1
og_consensus_gaps5-8-10-12-15_core-gap10_min3_strict-v1:P51610:877-912,P51610,912,T,1,39531497,og_consensus_gaps5-8-10-12-15_core-gap10_min3_strict-v1
og_consensus_gaps5-8-10-12-15_core-gap10_min3_strict-v1:P51610:930-939,P51610,930,T,1,39531497,og_consensus_gaps5-8-10-12-15_core-gap10_min3_strict-v1
og_consensus_gaps5-8-10-12-15_core-gap10_min3_strict-v1:P51610:930-939,P51610,932,S,1,39531497,og_consensus_gaps5-8-10-12-15_core-gap10_min3_strict-v1
og_consensus_gaps5-8-10-12-15_core-gap10_min3_strict-v1:P51610:930-939,P51610,937,T,1,39531497,og_consensus_gaps5-8-10-12-15_core-gap10_min3_strict-v1
og_consensus_gaps5-8-10-12-15_core-gap10_min3_strict-v1:P51610:930-939,P51610,939,T,1,39531497,og_consensus_gaps5-8-10-12-15_core-gap10_min3_strict-v1
og_consensus_gaps5-8-10-12-15_core-gap10_min3_strict-v1:P51610:1058-1063,P51610,1058,S,8,28604694;30059200;34846842;35254053;35289036;35705054;37541260;39531497,og_consensus_gaps5-8-10-12-15_core-gap10_min3_strict-v1
og_consensus_gaps5-8-10-12-15_core-gap10_min3_strict-v1:P51610:1058-1063,P51610,1061,T,6,28604694;30059200;30620550;32938750;35705054;37541260,og_consensus_gaps5-8-10-12-15_core-gap10_min3_strict-v1
og_consensus_gaps5-8-10-12-15_core-gap10_min3_strict-v1:P51610:1058-1063,P51610,1062,S,10,28604694;30620550;31492838;32938750;34846842;35254053;35705054;37541260;38838015;39531497,og_consensus_gaps5-8-10-12-15_core-gap10_min3_strict-v1
og_consensus_gaps5-8-10-12-15_core-gap10_min3_strict-v1:P51610:1058-1063,P51610,1063,T,7,30059200;30620550;32938750;35132862;35254053;35513511;39531497,og_consensus_gaps5-8-10-12-15_core-gap10_min3_strict-v1
og_consensus_gaps5-8-10-12-15_core-gap10_min3_strict-v1:P51610:1171-1183,P51610,1171,T,2,28604694;39531497,og_consensus_gaps5-8-10-12-15_core-gap10_min3_strict-v1
og_consensus_gaps5-8-10-12-15_core-gap10_min3_strict-v1:P51610:1171-1183,P51610,1172,S,2,28604694;35289036,og_consensus_gaps5-8-10-12-15_core-gap10_min3_strict-v1
og_consensus_gaps5-8-10-12-15_core-gap10_min3_strict-v1:P51610:1171-1183,P51610,1174,T,1,28604694,og_consensus_gaps5-8-10-12-15_core-gap10_min3_strict-v1
og_consensus_gaps5-8-10-12-15_core-gap10_min3_strict-v1:P51610:1171-1183,P51610,1175,S,3,28604694;32938750;35513511,og_consensus_gaps5-8-10-12-15_core-gap10_min3_strict-v1
og_consensus_gaps5-8-10-12-15_core-gap10_min3_strict-v1:P51610:1171-1183,P51610,1176,T,1,28604694,og_consensus_gaps5-8-10-12-15_core-gap10_min3_strict-v1
og_consensus_gaps5-8-10-12-15_core-gap10_min3_strict-v1:P51610:1171-1183,P51610,1177,T,1,28604694,og_consensus_gaps5-8-10-12-15_core-gap10_min3_strict-v1
og_consensus_gaps5-8-10-12-15_core-gap10_min3_strict-v1:P51610:1171-1183,P51610,1179,T,1,28604694,og_consensus_gaps5-8-10-12-15_core-gap10_min3_strict-v1
og_consensus_gaps5-8-10-12-15_core-gap10_min3_strict-v1:P51610:1171-1183,P51610,1183,T,1,39531497,og_consensus_gaps5-8-10-12-15_core-gap10_min3_strict-v1
og_consensus_gaps5-8-10-12-15_core-gap10_min3_strict-v1:P51610:1234-1246,P51610,1234,S,7,32574038;33465208;35254053;35289036;35513511;39531497;39534244,og_consensus_gaps5-8-10-12-15_core-gap10_min3_strict-v1
og_consensus_gaps5-8-10-12-15_core-gap10_min3_strict-v1:P51610:1234-1246,P51610,1238,S,11,23301498;29237092;29351928;30059200;31492838;32574038;35254053;35289036;35513511;39531497;39534244,og_consensus_gaps5-8-10-12-15_core-gap10_min3_strict-v1
og_consensus_gaps5-8-10-12-15_core-gap10_min3_strict-v1:P51610:1234-1246,P51610,1239,T,13,20068230;23301498;29351928;30059200;31492838;32574038;32938750;35254053;35289036;35513511;37541260;39531497;39534244,og_consensus_gaps5-8-10-12-15_core-gap10_min3_strict-v1
og_consensus_gaps5-8-10-12-15_core-gap10_min3_strict-v1:P51610:1234-1246,P51610,1243,T,8,30059200;32574038;32938750;35254053;35289036;35513511;37541260;39534244,og_consensus_gaps5-8-10-12-15_core-gap10_min3_strict-v1
og_consensus_gaps5-8-10-12-15_core-gap10_min3_strict-v1:P51610:1234-1246,P51610,1245,S,4,34846842;35254053;35289036;38838015,og_consensus_gaps5-8-10-12-15_core-gap10_min3_strict-v1
og_consensus_gaps5-8-10-12-15_core-gap10_min3_strict-v1:P51610:1234-1246,P51610,1246,S,8,30059200;31492838;32574038;34846842;35254053;35289036;38838015;39534244,og_consensus_gaps5-8-10-12-15_core-gap10_min3_strict-v1
og_consensus_gaps5-8-10-12-15_core-gap10_min3_strict-v1:P51610:1485-1491,P51610,1485,T,3,30620550;34846842;37541260,og_consensus_gaps5-8-10-12-15_core-gap10_min3_strict-v1
og_consensus_gaps5-8-10-12-15_core-gap10_min3_strict-v1:P51610:1485-1491,P51610,1486,T,4,30620550;35254053;38838015;39531497,og_consensus_gaps5-8-10-12-15_core-gap10_min3_strict-v1
og_consensus_gaps5-8-10-12-15_core-gap10_min3_strict-v1:P51610:1485-1491,P51610,1488,T,3,35254053;35705054;37541260,og_consensus_gaps5-8-10-12-15_core-gap10_min3_strict-v1
og_consensus_gaps5-8-10-12-15_core-gap10_min3_strict-v1:P51610:1485-1491,P51610,1490,S,3,34846842;35289036;35705054,og_consensus_gaps5-8-10-12-15_core-gap10_min3_strict-v1
og_consensus_gaps5-8-10-12-15_core-gap10_min3_strict-v1:P51610:1485-1491,P51610,1491,T,3,34846842;35254053;39531497,og_consensus_gaps5-8-10-12-15_core-gap10_min3_strict-v1
og_consensus_gaps5-8-10-12-15_core-gap10_min3_strict-v1:P51826:405-410,P51826,405,T,1,34846842,og_consensus_gaps5-8-10-12-15_core-gap10_min3_strict-v1
og_consensus_gaps5-8-10-12-15_core-gap10_min3_strict-v1:P51826:405-410,P51826,406,S,1,34846842,og_consensus_gaps5-8-10-12-15_core-gap10_min3_strict-v1
og_consensus_gaps5-8-10-12-15_core-gap10_min3_strict-v1:P51826:405-410,P51826,409,S,1,32574038,og_consensus_gaps5-8-10-12-15_core-gap10_min3_strict-v1
og_consensus_gaps5-8-10-12-15_core-gap10_min3_strict-v1:P51826:405-410,P51826,410,S,1,32574038,og_consensus_gaps5-8-10-12-15_core-gap10_min3_strict-v1
og_consensus_gaps5-8-10-12-15_core-gap10_min3_strict-v1:P51991:355-358,P51991,355,S,1,33465208,og_consensus_gaps5-8-10-12-15_core-gap10_min3_strict-v1
og_consensus_gaps5-8-10-12-15_core-gap10_min3_strict-v1:P51991:355-358,P51991,356,S,1,33465208,og_consensus_gaps5-8-10-12-15_core-gap10_min3_strict-v1
og_consensus_gaps5-8-10-12-15_core-gap10_min3_strict-v1:P51991:355-358,P51991,358,S,1,33465208,og_consensus_gaps5-8-10-12-15_core-gap10_min3_strict-v1
og_consensus_gaps5-8-10-12-15_core-gap10_min3_strict-v1:P52594:138-144,P52594,138,S,2,31492838;35254053,og_consensus_gaps5-8-10-12-15_core-gap10_min3_strict-v1
og_consensus_gaps5-8-10-12-15_core-gap10_min3_strict-v1:P52594:138-144,P52594,142,S,1,29351928,og_consensus_gaps5-8-10-12-15_core-gap10_min3_strict-v1
og_consensus_gaps5-8-10-12-15_core-gap10_min3_strict-v1:P52594:138-144,P52594,144,S,1,39534244,og_consensus_gaps5-8-10-12-15_core-gap10_min3_strict-v1
og_consensus_gaps5-8-10-12-15_core-gap10_min3_strict-v1:P52594:291-309,P52594,291,S,11,21740066;28604694;30059200;30379171;34846842;35254053;35289036;37541260;38838015;39531497;39534244,og_consensus_gaps5-8-10-12-15_core-gap10_min3_strict-v1
og_consensus_gaps5-8-10-12-15_core-gap10_min3_strict-v1:P52594:291-309,P52594,292,S,7,21740066;28604694;30059200;30379171;34846842;35254053;39531497,og_consensus_gaps5-8-10-12-15_core-gap10_min3_strict-v1
og_consensus_gaps5-8-10-12-15_core-gap10_min3_strict-v1:P52594:291-309,P52594,293,S,3,28604694;30379171;34846842,og_consensus_gaps5-8-10-12-15_core-gap10_min3_strict-v1
og_consensus_gaps5-8-10-12-15_core-gap10_min3_strict-v1:P52594:291-309,P52594,298,T,1,35132862,og_consensus_gaps5-8-10-12-15_core-gap10_min3_strict-v1
og_consensus_gaps5-8-10-12-15_core-gap10_min3_strict-v1:P52594:291-309,P52594,301,T,3,32574038;35132862;39534244,og_consensus_gaps5-8-10-12-15_core-gap10_min3_strict-v1
og_consensus_gaps5-8-10-12-15_core-gap10_min3_strict-v1:P52594:291-309,P52594,302,S,11,21740066;29351928;30059200;31492838;34846842;35254053;35513511;37541260;39302247;39531497;39534244,og_consensus_gaps5-8-10-12-15_core-gap10_min3_strict-v1
og_consensus_gaps5-8-10-12-15_core-gap10_min3_strict-v1:P52594:291-309,P52594,304,S,4,30059200;32574038;35254053;39534244,og_consensus_gaps5-8-10-12-15_core-gap10_min3_strict-v1
og_consensus_gaps5-8-10-12-15_core-gap10_min3_strict-v1:P52594:291-309,P52594,309,S,1,35132862,og_consensus_gaps5-8-10-12-15_core-gap10_min3_strict-v1
og_consensus_gaps5-8-10-12-15_core-gap10_min3_strict-v1:P52594:359-371,P52594,359,S,4,30059200;35254053;38838015;39531497,og_consensus_gaps5-8-10-12-15_core-gap10_min3_strict-v1
og_consensus_gaps5-8-10-12-15_core-gap10_min3_strict-v1:P52594:359-371,P52594,362,S,9,29351928;30059200;31492838;35254053;35289036;37541260;38838015;39531497;39534244,og_consensus_gaps5-8-10-12-15_core-gap10_min3_strict-v1
og_consensus_gaps5-8-10-12-15_core-gap10_min3_strict-v1:P52594:359-371,P52594,365,S,7,21740066;28604694;35132862;35254053;35705054;39531497;39534244,og_consensus_gaps5-8-10-12-15_core-gap10_min3_strict-v1
og_consensus_gaps5-8-10-12-15_core-gap10_min3_strict-v1:P52594:359-371,P52594,367,S,13,21740066;23301498;29237092;29351928;30059200;31492838;32938750;35254053;35513511;37541260;38838015;39531497;39534244,og_consensus_gaps5-8-10-12-15_core-gap10_min3_strict-v1
og_consensus_gaps5-8-10-12-15_core-gap10_min3_strict-v1:P52594:359-371,P52594,368,S,8,30059200;32938750;35254053;35289036;35513511;35705054;39531497;39534244,og_consensus_gaps5-8-10-12-15_core-gap10_min3_strict-v1
og_consensus_gaps5-8-10-12-15_core-gap10_min3_strict-v1:P52594:359-371,P52594,370,S,2,30059200;39534244,og_consensus_gaps5-8-10-12-15_core-gap10_min3_strict-v1
og_consensus_gaps5-8-10-12-15_core-gap10_min3_strict-v1:P52594:359-371,P52594,371,S,2,35289036;39534244,og_consensus_gaps5-8-10-12-15_core-gap10_min3_strict-v1
og_consensus_gaps5-8-10-12-15_core-gap10_min3_strict-v1:P52948:65-90,P52948,65,T,1,39531497,og_consensus_gaps5-8-10-12-15_core-gap10_min3_strict-v1
og_consensus_gaps5-8-10-12-15_core-gap10_min3_strict-v1:P52948:65-90,P52948,69,S,1,39531497,og_consensus_gaps5-8-10-12-15_core-gap10_min3_strict-v1
og_consensus_gaps5-8-10-12-15_core-gap10_min3_strict-v1:P52948:65-90,P52948,73,T,1,39531497,og_consensus_gaps5-8-10-12-15_core-gap10_min3_strict-v1
og_consensus_gaps5-8-10-12-15_core-gap10_min3_strict-v1:P52948:65-90,P52948,74,S,1,39531497,og_consensus_gaps5-8-10-12-15_core-gap10_min3_strict-v1
og_consensus_gaps5-8-10-12-15_core-gap10_min3_strict-v1:P52948:65-90,P52948,75,T,1,39531497,og_consensus_gaps5-8-10-12-15_core-gap10_min3_strict-v1
og_consensus_gaps5-8-10-12-15_core-gap10_min3_strict-v1:P52948:65-90,P52948,76,S,1,39531497,og_consensus_gaps5-8-10-12-15_core-gap10_min3_strict-v1
og_consensus_gaps5-8-10-12-15_core-gap10_min3_strict-v1:P52948:65-90,P52948,77,T,1,39531497,og_consensus_gaps5-8-10-12-15_core-gap10_min3_strict-v1
og_consensus_gaps5-8-10-12-15_core-gap10_min3_strict-v1:P52948:65-90,P52948,83,T,1,39531497,og_consensus_gaps5-8-10-12-15_core-gap10_min3_strict-v1
og_consensus_gaps5-8-10-12-15_core-gap10_min3_strict-v1:P52948:65-90,P52948,84,S,1,39531497,og_consensus_gaps5-8-10-12-15_core-gap10_min3_strict-v1
og_consensus_gaps5-8-10-12-15_core-gap10_min3_strict-v1:P52948:65-90,P52948,85,T,1,39531497,og_consensus_gaps5-8-10-12-15_core-gap10_min3_strict-v1
og_consensus_gaps5-8-10-12-15_core-gap10_min3_strict-v1:P52948:65-90,P52948,90,T,1,39531497,og_consensus_gaps5-8-10-12-15_core-gap10_min3_strict-v1
og_consensus_gaps5-8-10-12-15_core-gap10_min3_strict-v1:P52948:122-126,P52948,122,T,1,39531497,og_consensus_gaps5-8-10-12-15_core-gap10_min3_strict-v1
og_consensus_gaps5-8-10-12-15_core-gap10_min3_strict-v1:P52948:122-126,P52948,123,S,1,39531497,og_consensus_gaps5-8-10-12-15_core-gap10_min3_strict-v1
og_consensus_gaps5-8-10-12-15_core-gap10_min3_strict-v1:P52948:122-126,P52948,124,T,1,39531497,og_consensus_gaps5-8-10-12-15_core-gap10_min3_strict-v1
og_consensus_gaps5-8-10-12-15_core-gap10_min3_strict-v1:P52948:122-126,P52948,125,S,1,39531497,og_consensus_gaps5-8-10-12-15_core-gap10_min3_strict-v1
og_consensus_gaps5-8-10-12-15_core-gap10_min3_strict-v1:P52948:122-126,P52948,126,S,1,39531497,og_consensus_gaps5-8-10-12-15_core-gap10_min3_strict-v1
og_consensus_gaps5-8-10-12-15_core-gap10_min3_strict-v1:P52948:223-268,P52948,223,T,2,21740066;39534244,og_consensus_gaps5-8-10-12-15_core-gap10_min3_strict-v1
og_consensus_gaps5-8-10-12-15_core-gap10_min3_strict-v1:P52948:223-268,P52948,224,T,1,39534244,og_consensus_gaps5-8-10-12-15_core-gap10_min3_strict-v1
og_consensus_gaps5-8-10-12-15_core-gap10_min3_strict-v1:P52948:223-268,P52948,225,T,1,39534244,og_consensus_gaps5-8-10-12-15_core-gap10_min3_strict-v1
og_consensus_gaps5-8-10-12-15_core-gap10_min3_strict-v1:P52948:223-268,P52948,230,S,1,39534244,og_consensus_gaps5-8-10-12-15_core-gap10_min3_strict-v1
og_consensus_gaps5-8-10-12-15_core-gap10_min3_strict-v1:P52948:223-268,P52948,231,S,2,39531497;39534244,og_consensus_gaps5-8-10-12-15_core-gap10_min3_strict-v1
og_consensus_gaps5-8-10-12-15_core-gap10_min3_strict-v1:P52948:223-268,P52948,234,T,4,21740066;29351928;39531497;39534244,og_consensus_gaps5-8-10-12-15_core-gap10_min3_strict-v1
og_consensus_gaps5-8-10-12-15_core-gap10_min3_strict-v1:P52948:223-268,P52948,235,S,5,21740066;29351928;32938750;39531497;39534244,og_consensus_gaps5-8-10-12-15_core-gap10_min3_strict-v1
og_consensus_gaps5-8-10-12-15_core-gap10_min3_strict-v1:P52948:223-268,P52948,236,S,3,21740066;39531497;39534244,og_consensus_gaps5-8-10-12-15_core-gap10_min3_strict-v1
og_consensus_gaps5-8-10-12-15_core-gap10_min3_strict-v1:P52948:223-268,P52948,238,T,3,29351928;39531497;39534244,og_consensus_gaps5-8-10-12-15_core-gap10_min3_strict-v1
og_consensus_gaps5-8-10-12-15_core-gap10_min3_strict-v1:P52948:223-268,P52948,242,S,1,39534244,og_consensus_gaps5-8-10-12-15_core-gap10_min3_strict-v1
og_consensus_gaps5-8-10-12-15_core-gap10_min3_strict-v1:P52948:223-268,P52948,243,S,2,39531497;39534244,og_consensus_gaps5-8-10-12-15_core-gap10_min3_strict-v1
og_consensus_gaps5-8-10-12-15_core-gap10_min3_strict-v1:P52948:223-268,P52948,244,S,2,21740066;39534244,og_consensus_gaps5-8-10-12-15_core-gap10_min3_strict-v1
og_consensus_gaps5-8-10-12-15_core-gap10_min3_strict-v1:P52948:223-268,P52948,245,T,3,29351928;39531497;39534244,og_consensus_gaps5-8-10-12-15_core-gap10_min3_strict-v1
og_consensus_gaps5-8-10-12-15_core-gap10_min3_strict-v1:P52948:223-268,P52948,246,T,3,32938750;39531497;39534244,og_consensus_gaps5-8-10-12-15_core-gap10_min3_strict-v1
og_consensus_gaps5-8-10-12-15_core-gap10_min3_strict-v1:P52948:223-268,P52948,248,S,2,21740066;39534244,og_consensus_gaps5-8-10-12-15_core-gap10_min3_strict-v1
og_consensus_gaps5-8-10-12-15_core-gap10_min3_strict-v1:P52948:223-268,P52948,257,T,4,21740066;35289036;39531497;39534244,og_consensus_gaps5-8-10-12-15_core-gap10_min3_strict-v1
og_consensus_gaps5-8-10-12-15_core-gap10_min3_strict-v1:P52948:223-268,P52948,261,T,2,39531497;39534244,og_consensus_gaps5-8-10-12-15_core-gap10_min3_strict-v1
og_consensus_gaps5-8-10-12-15_core-gap10_min3_strict-v1:P52948:223-268,P52948,262,S,4,35254053;35289036;39531497;39534244,og_consensus_gaps5-8-10-12-15_core-gap10_min3_strict-v1
og_consensus_gaps5-8-10-12-15_core-gap10_min3_strict-v1:P52948:223-268,P52948,263,T,4,21740066;35254053;39531497;39534244,og_consensus_gaps5-8-10-12-15_core-gap10_min3_strict-v1
og_consensus_gaps5-8-10-12-15_core-gap10_min3_strict-v1:P52948:223-268,P52948,264,T,5,21740066;35254053;35289036;39531497;39534244,og_consensus_gaps5-8-10-12-15_core-gap10_min3_strict-v1
og_consensus_gaps5-8-10-12-15_core-gap10_min3_strict-v1:P52948:223-268,P52948,268,T,5,29249144;35254053;35289036;39531497;39534244,og_consensus_gaps5-8-10-12-15_core-gap10_min3_strict-v1
og_consensus_gaps5-8-10-12-15_core-gap10_min3_strict-v1:P52948:281-295,P52948,281,T,4,35254053;35289036;39531497;39534244,og_consensus_gaps5-8-10-12-15_core-gap10_min3_strict-v1
og_consensus_gaps5-8-10-12-15_core-gap10_min3_strict-v1:P52948:281-295,P52948,282,T,1,39534244,og_consensus_gaps5-8-10-12-15_core-gap10_min3_strict-v1
og_consensus_gaps5-8-10-12-15_core-gap10_min3_strict-v1:P52948:281-295,P52948,283,S,1,39534244,og_consensus_gaps5-8-10-12-15_core-gap10_min3_strict-v1
og_consensus_gaps5-8-10-12-15_core-gap10_min3_strict-v1:P52948:281-295,P52948,286,S,1,39534244,og_consensus_gaps5-8-10-12-15_core-gap10_min3_strict-v1
og_consensus_gaps5-8-10-12-15_core-gap10_min3_strict-v1:P52948:281-295,P52948,293,T,1,39531497,og_consensus_gaps5-8-10-12-15_core-gap10_min3_strict-v1
og_consensus_gaps5-8-10-12-15_core-gap10_min3_strict-v1:P52948:281-295,P52948,294,T,1,29351928,og_consensus_gaps5-8-10-12-15_core-gap10_min3_strict-v1
og_consensus_gaps5-8-10-12-15_core-gap10_min3_strict-v1:P52948:281-295,P52948,295,T,2,29351928;39531497,og_consensus_gaps5-8-10-12-15_core-gap10_min3_strict-v1
og_consensus_gaps5-8-10-12-15_core-gap10_min3_strict-v1:P52948:472-476,P52948,472,T,1,39534244,og_consensus_gaps5-8-10-12-15_core-gap10_min3_strict-v1
og_consensus_gaps5-8-10-12-15_core-gap10_min3_strict-v1:P52948:472-476,P52948,473,T,1,39534244,og_consensus_gaps5-8-10-12-15_core-gap10_min3_strict-v1
og_consensus_gaps5-8-10-12-15_core-gap10_min3_strict-v1:P52948:472-476,P52948,474,T,1,39534244,og_consensus_gaps5-8-10-12-15_core-gap10_min3_strict-v1
og_consensus_gaps5-8-10-12-15_core-gap10_min3_strict-v1:P52948:472-476,P52948,476,T,1,39534244,og_consensus_gaps5-8-10-12-15_core-gap10_min3_strict-v1
og_consensus_gaps5-8-10-12-15_core-gap10_min3_strict-v1:P52948:507-511,P52948,507,S,1,39534244,og_consensus_gaps5-8-10-12-15_core-gap10_min3_strict-v1
og_consensus_gaps5-8-10-12-15_core-gap10_min3_strict-v1:P52948:507-511,P52948,509,T,1,39534244,og_consensus_gaps5-8-10-12-15_core-gap10_min3_strict-v1
og_consensus_gaps5-8-10-12-15_core-gap10_min3_strict-v1:P52948:507-511,P52948,511,S,1,39534244,og_consensus_gaps5-8-10-12-15_core-gap10_min3_strict-v1
og_consensus_gaps5-8-10-12-15_core-gap10_min3_strict-v1:P52948:1034-1043,P52948,1034,S,3,30059200;35254053;35513511,og_consensus_gaps5-8-10-12-15_core-gap10_min3_strict-v1
og_consensus_gaps5-8-10-12-15_core-gap10_min3_strict-v1:P52948:1034-1043,P52948,1036,S,1,30059200,og_consensus_gaps5-8-10-12-15_core-gap10_min3_strict-v1
og_consensus_gaps5-8-10-12-15_core-gap10_min3_strict-v1:P52948:1034-1043,P52948,1039,S,1,35289036,og_consensus_gaps5-8-10-12-15_core-gap10_min3_strict-v1
og_consensus_gaps5-8-10-12-15_core-gap10_min3_strict-v1:P52948:1034-1043,P52948,1043,S,1,39531497,og_consensus_gaps5-8-10-12-15_core-gap10_min3_strict-v1
og_consensus_gaps5-8-10-12-15_core-gap10_min3_strict-v1:P52948:1082-1086,P52948,1082,T,2,32938750;35254053,og_consensus_gaps5-8-10-12-15_core-gap10_min3_strict-v1
og_consensus_gaps5-8-10-12-15_core-gap10_min3_strict-v1:P52948:1082-1086,P52948,1084,S,1,39531497,og_consensus_gaps5-8-10-12-15_core-gap10_min3_strict-v1
og_consensus_gaps5-8-10-12-15_core-gap10_min3_strict-v1:P52948:1082-1086,P52948,1086,S,1,39534244,og_consensus_gaps5-8-10-12-15_core-gap10_min3_strict-v1
og_consensus_gaps5-8-10-12-15_core-gap10_min3_strict-v1:P53814:368-377,P53814,368,S,1,39531497,og_consensus_gaps5-8-10-12-15_core-gap10_min3_strict-v1
og_consensus_gaps5-8-10-12-15_core-gap10_min3_strict-v1:P53814:368-377,P53814,373,T,1,39531497,og_consensus_gaps5-8-10-12-15_core-gap10_min3_strict-v1
og_consensus_gaps5-8-10-12-15_core-gap10_min3_strict-v1:P53814:368-377,P53814,377,S,1,35254053,og_consensus_gaps5-8-10-12-15_core-gap10_min3_strict-v1
og_consensus_gaps5-8-10-12-15_core-gap10_min3_strict-v1:P53992:773-776,P53992,773,S,1,29161034,og_consensus_gaps5-8-10-12-15_core-gap10_min3_strict-v1
og_consensus_gaps5-8-10-12-15_core-gap10_min3_strict-v1:P53992:773-776,P53992,775,T,2,29161034;34142147,og_consensus_gaps5-8-10-12-15_core-gap10_min3_strict-v1
og_consensus_gaps5-8-10-12-15_core-gap10_min3_strict-v1:P53992:773-776,P53992,776,T,2,29161034;34142147,og_consensus_gaps5-8-10-12-15_core-gap10_min3_strict-v1
og_consensus_gaps5-8-10-12-15_core-gap10_min3_strict-v1:P54253:82-91,P54253,82,S,7,28657654;29237092;30620550;31492838;32574038;35254053;39531497,og_consensus_gaps5-8-10-12-15_core-gap10_min3_strict-v1
og_consensus_gaps5-8-10-12-15_core-gap10_min3_strict-v1:P54253:82-91,P54253,83,T,1,32574038,og_consensus_gaps5-8-10-12-15_core-gap10_min3_strict-v1
og_consensus_gaps5-8-10-12-15_core-gap10_min3_strict-v1:P54253:82-91,P54253,88,S,2,34846842;35132862,og_consensus_gaps5-8-10-12-15_core-gap10_min3_strict-v1
og_consensus_gaps5-8-10-12-15_core-gap10_min3_strict-v1:P54253:82-91,P54253,91,S,3,32574038;34846842;35289036,og_consensus_gaps5-8-10-12-15_core-gap10_min3_strict-v1
og_consensus_gaps5-8-10-12-15_core-gap10_min3_strict-v1:P54727:246-268,P54727,246,S,1,39534244,og_consensus_gaps5-8-10-12-15_core-gap10_min3_strict-v1
og_consensus_gaps5-8-10-12-15_core-gap10_min3_strict-v1:P54727:246-268,P54727,247,T,1,39534244,og_consensus_gaps5-8-10-12-15_core-gap10_min3_strict-v1
og_consensus_gaps5-8-10-12-15_core-gap10_min3_strict-v1:P54727:246-268,P54727,252,S,1,39534244,og_consensus_gaps5-8-10-12-15_core-gap10_min3_strict-v1
og_consensus_gaps5-8-10-12-15_core-gap10_min3_strict-v1:P54727:246-268,P54727,253,S,2,29351928;39534244,og_consensus_gaps5-8-10-12-15_core-gap10_min3_strict-v1
og_consensus_gaps5-8-10-12-15_core-gap10_min3_strict-v1:P54727:246-268,P54727,261,T,2,29351928;39534244,og_consensus_gaps5-8-10-12-15_core-gap10_min3_strict-v1
og_consensus_gaps5-8-10-12-15_core-gap10_min3_strict-v1:P54727:246-268,P54727,262,T,1,39534244,og_consensus_gaps5-8-10-12-15_core-gap10_min3_strict-v1
og_consensus_gaps5-8-10-12-15_core-gap10_min3_strict-v1:P54727:246-268,P54727,263,T,1,39534244,og_consensus_gaps5-8-10-12-15_core-gap10_min3_strict-v1
og_consensus_gaps5-8-10-12-15_core-gap10_min3_strict-v1:P54727:246-268,P54727,266,T,1,39534244,og_consensus_gaps5-8-10-12-15_core-gap10_min3_strict-v1
og_consensus_gaps5-8-10-12-15_core-gap10_min3_strict-v1:P54727:246-268,P54727,267,T,1,39534244,og_consensus_gaps5-8-10-12-15_core-gap10_min3_strict-v1
og_consensus_gaps5-8-10-12-15_core-gap10_min3_strict-v1:P54727:246-268,P54727,268,T,1,39534244,og_consensus_gaps5-8-10-12-15_core-gap10_min3_strict-v1
og_consensus_gaps5-8-10-12-15_core-gap10_min3_strict-v1:P55197:266-269,P55197,266,T,2,34846842;35254053,og_consensus_gaps5-8-10-12-15_core-gap10_min3_strict-v1
og_consensus_gaps5-8-10-12-15_core-gap10_min3_strict-v1:P55197:266-269,P55197,268,T,1,35254053,og_consensus_gaps5-8-10-12-15_core-gap10_min3_strict-v1
og_consensus_gaps5-8-10-12-15_core-gap10_min3_strict-v1:P55197:266-269,P55197,269,S,4,20068230;31492838;35254053;35513511,og_consensus_gaps5-8-10-12-15_core-gap10_min3_strict-v1
og_consensus_gaps5-8-10-12-15_core-gap10_min3_strict-v1:P55197:341-346,P55197,341,T,1,35254053,og_consensus_gaps5-8-10-12-15_core-gap10_min3_strict-v1
og_consensus_gaps5-8-10-12-15_core-gap10_min3_strict-v1:P55197:341-346,P55197,343,S,3,31492838;32938750;35254053,og_consensus_gaps5-8-10-12-15_core-gap10_min3_strict-v1
og_consensus_gaps5-8-10-12-15_core-gap10_min3_strict-v1:P55197:341-346,P55197,346,S,1,35132862,og_consensus_gaps5-8-10-12-15_core-gap10_min3_strict-v1
og_consensus_gaps5-8-10-12-15_core-gap10_min3_strict-v1:P55198:410-415,P55198,410,S,1,35289036,og_consensus_gaps5-8-10-12-15_core-gap10_min3_strict-v1
og_consensus_gaps5-8-10-12-15_core-gap10_min3_strict-v1:P55198:410-415,P55198,412,T,2,31492838;35254053,og_consensus_gaps5-8-10-12-15_core-gap10_min3_strict-v1
og_consensus_gaps5-8-10-12-15_core-gap10_min3_strict-v1:P55198:410-415,P55198,414,S,2,30059200;31492838,og_consensus_gaps5-8-10-12-15_core-gap10_min3_strict-v1
og_consensus_gaps5-8-10-12-15_core-gap10_min3_strict-v1:P55198:410-415,P55198,415,S,1,32574038,og_consensus_gaps5-8-10-12-15_core-gap10_min3_strict-v1
og_consensus_gaps5-8-10-12-15_core-gap10_min3_strict-v1:P55198:540-545,P55198,540,S,2,29351928;39531497,og_consensus_gaps5-8-10-12-15_core-gap10_min3_strict-v1
og_consensus_gaps5-8-10-12-15_core-gap10_min3_strict-v1:P55198:540-545,P55198,542,S,1,29351928,og_consensus_gaps5-8-10-12-15_core-gap10_min3_strict-v1
og_consensus_gaps5-8-10-12-15_core-gap10_min3_strict-v1:P55198:540-545,P55198,545,S,3,35132862;39531497;39534244,og_consensus_gaps5-8-10-12-15_core-gap10_min3_strict-v1
og_consensus_gaps5-8-10-12-15_core-gap10_min3_strict-v1:P55198:572-577,P55198,572,S,2,32938750;35254053,og_consensus_gaps5-8-10-12-15_core-gap10_min3_strict-v1
og_consensus_gaps5-8-10-12-15_core-gap10_min3_strict-v1:P55198:572-577,P55198,573,T,1,35254053,og_consensus_gaps5-8-10-12-15_core-gap10_min3_strict-v1
og_consensus_gaps5-8-10-12-15_core-gap10_min3_strict-v1:P55198:572-577,P55198,576,S,1,35513511,og_consensus_gaps5-8-10-12-15_core-gap10_min3_strict-v1
og_consensus_gaps5-8-10-12-15_core-gap10_min3_strict-v1:P55198:572-577,P55198,577,S,1,34846842,og_consensus_gaps5-8-10-12-15_core-gap10_min3_strict-v1
og_consensus_gaps5-8-10-12-15_core-gap10_min3_strict-v1:P55265:391-405,P55265,391,T,3,35254053;35289036;35513511,og_consensus_gaps5-8-10-12-15_core-gap10_min3_strict-v1
og_consensus_gaps5-8-10-12-15_core-gap10_min3_strict-v1:P55265:391-405,P55265,396,T,4,30059200;32574038;35254053;39531497,og_consensus_gaps5-8-10-12-15_core-gap10_min3_strict-v1
og_consensus_gaps5-8-10-12-15_core-gap10_min3_strict-v1:P55265:391-405,P55265,397,S,7,29351928;30059200;31492838;35254053;35289036;35513511;39531497,og_consensus_gaps5-8-10-12-15_core-gap10_min3_strict-v1
og_consensus_gaps5-8-10-12-15_core-gap10_min3_strict-v1:P55265:391-405,P55265,400,S,2,35254053;35289036,og_consensus_gaps5-8-10-12-15_core-gap10_min3_strict-v1
og_consensus_gaps5-8-10-12-15_core-gap10_min3_strict-v1:P55265:391-405,P55265,405,T,1,35289036,og_consensus_gaps5-8-10-12-15_core-gap10_min3_strict-v1
og_consensus_gaps5-8-10-12-15_core-gap10_min3_strict-v1:P55317:280-285,P55317,280,S,1,21740066,og_consensus_gaps5-8-10-12-15_core-gap10_min3_strict-v1
og_consensus_gaps5-8-10-12-15_core-gap10_min3_strict-v1:P55317:280-285,P55317,282,S,1,21740066,og_consensus_gaps5-8-10-12-15_core-gap10_min3_strict-v1
og_consensus_gaps5-8-10-12-15_core-gap10_min3_strict-v1:P55317:280-285,P55317,285,S,1,21740066,og_consensus_gaps5-8-10-12-15_core-gap10_min3_strict-v1
og_consensus_gaps5-8-10-12-15_core-gap10_min3_strict-v1:P56715:350-352,P56715,350,T,1,30379171,og_consensus_gaps5-8-10-12-15_core-gap10_min3_strict-v1
og_consensus_gaps5-8-10-12-15_core-gap10_min3_strict-v1:P56715:350-352,P56715,351,T,1,30379171,og_consensus_gaps5-8-10-12-15_core-gap10_min3_strict-v1
og_consensus_gaps5-8-10-12-15_core-gap10_min3_strict-v1:P56715:350-352,P56715,352,T,1,30379171,og_consensus_gaps5-8-10-12-15_core-gap10_min3_strict-v1
og_consensus_gaps5-8-10-12-15_core-gap10_min3_strict-v1:P57740:64-67,P57740,64,T,1,30379171,og_consensus_gaps5-8-10-12-15_core-gap10_min3_strict-v1
og_consensus_gaps5-8-10-12-15_core-gap10_min3_strict-v1:P57740:64-67,P57740,66,T,1,32574038,og_consensus_gaps5-8-10-12-15_core-gap10_min3_strict-v1
og_consensus_gaps5-8-10-12-15_core-gap10_min3_strict-v1:P57740:64-67,P57740,67,S,8,29237092;30059200;31492838;35254053;35289036;35513511;37541260;39534244,og_consensus_gaps5-8-10-12-15_core-gap10_min3_strict-v1
og_consensus_gaps5-8-10-12-15_core-gap10_min3_strict-v1:P61769:72-77,P61769,72,S,1,33465208,og_consensus_gaps5-8-10-12-15_core-gap10_min3_strict-v1
og_consensus_gaps5-8-10-12-15_core-gap10_min3_strict-v1:P61769:72-77,P61769,75,S,1,33465208,og_consensus_gaps5-8-10-12-15_core-gap10_min3_strict-v1
og_consensus_gaps5-8-10-12-15_core-gap10_min3_strict-v1:P61769:72-77,P61769,77,S,1,33465208,og_consensus_gaps5-8-10-12-15_core-gap10_min3_strict-v1
og_consensus_gaps5-8-10-12-15_core-gap10_min3_strict-v1:P61927:94-96,P61927,94,S,1,31373491,og_consensus_gaps5-8-10-12-15_core-gap10_min3_strict-v1
og_consensus_gaps5-8-10-12-15_core-gap10_min3_strict-v1:P61927:94-96,P61927,95,S,2,30059200;35254053,og_consensus_gaps5-8-10-12-15_core-gap10_min3_strict-v1
og_consensus_gaps5-8-10-12-15_core-gap10_min3_strict-v1:P61927:94-96,P61927,96,S,1,31373491,og_consensus_gaps5-8-10-12-15_core-gap10_min3_strict-v1
og_consensus_gaps5-8-10-12-15_core-gap10_min3_strict-v1:P63261:297-303,P63261,297,T,1,35289036,og_consensus_gaps5-8-10-12-15_core-gap10_min3_strict-v1
og_consensus_gaps5-8-10-12-15_core-gap10_min3_strict-v1:P63261:297-303,P63261,300,S,1,35289036,og_consensus_gaps5-8-10-12-15_core-gap10_min3_strict-v1
og_consensus_gaps5-8-10-12-15_core-gap10_min3_strict-v1:P63261:297-303,P63261,303,T,1,35289036,og_consensus_gaps5-8-10-12-15_core-gap10_min3_strict-v1
og_consensus_gaps5-8-10-12-15_core-gap10_min3_strict-v1:P68400:343-348,P68400,343,S,1,39531497,og_consensus_gaps5-8-10-12-15_core-gap10_min3_strict-v1
og_consensus_gaps5-8-10-12-15_core-gap10_min3_strict-v1:P68400:343-348,P68400,344,T,1,39531497,og_consensus_gaps5-8-10-12-15_core-gap10_min3_strict-v1
og_consensus_gaps5-8-10-12-15_core-gap10_min3_strict-v1:P68400:343-348,P68400,347,S,5,22267120;28609614;30100348;35467332;39531497,og_consensus_gaps5-8-10-12-15_core-gap10_min3_strict-v1
og_consensus_gaps5-8-10-12-15_core-gap10_min3_strict-v1:P68400:343-348,P68400,348,S,1,39531497,og_consensus_gaps5-8-10-12-15_core-gap10_min3_strict-v1
og_consensus_gaps5-8-10-12-15_core-gap10_min3_strict-v1:P78364:320-324,P78364,320,T,1,35254053,og_consensus_gaps5-8-10-12-15_core-gap10_min3_strict-v1
og_consensus_gaps5-8-10-12-15_core-gap10_min3_strict-v1:P78364:320-324,P78364,322,T,2,35254053;35705054,og_consensus_gaps5-8-10-12-15_core-gap10_min3_strict-v1
og_consensus_gaps5-8-10-12-15_core-gap10_min3_strict-v1:P78364:320-324,P78364,324,S,3,35132862;35254053;35705054,og_consensus_gaps5-8-10-12-15_core-gap10_min3_strict-v1
og_consensus_gaps5-8-10-12-15_core-gap10_min3_strict-v1:P78406:6-23,P78406,6,T,1,39534244,og_consensus_gaps5-8-10-12-15_core-gap10_min3_strict-v1
og_consensus_gaps5-8-10-12-15_core-gap10_min3_strict-v1:P78406:6-23,P78406,7,T,1,39534244,og_consensus_gaps5-8-10-12-15_core-gap10_min3_strict-v1
og_consensus_gaps5-8-10-12-15_core-gap10_min3_strict-v1:P78406:6-23,P78406,8,S,1,39534244,og_consensus_gaps5-8-10-12-15_core-gap10_min3_strict-v1
og_consensus_gaps5-8-10-12-15_core-gap10_min3_strict-v1:P78406:6-23,P78406,15,T,1,39534244,og_consensus_gaps5-8-10-12-15_core-gap10_min3_strict-v1
og_consensus_gaps5-8-10-12-15_core-gap10_min3_strict-v1:P78406:6-23,P78406,16,S,1,39534244,og_consensus_gaps5-8-10-12-15_core-gap10_min3_strict-v1
og_consensus_gaps5-8-10-12-15_core-gap10_min3_strict-v1:P78406:6-23,P78406,20,S,1,39534244,og_consensus_gaps5-8-10-12-15_core-gap10_min3_strict-v1
og_consensus_gaps5-8-10-12-15_core-gap10_min3_strict-v1:P78406:6-23,P78406,23,T,1,39534244,og_consensus_gaps5-8-10-12-15_core-gap10_min3_strict-v1
og_consensus_gaps5-8-10-12-15_core-gap10_min3_strict-v1:P78559:873-878,P78559,873,T,1,28657654,og_consensus_gaps5-8-10-12-15_core-gap10_min3_strict-v1
og_consensus_gaps5-8-10-12-15_core-gap10_min3_strict-v1:P78559:873-878,P78559,874,S,1,28657654,og_consensus_gaps5-8-10-12-15_core-gap10_min3_strict-v1
og_consensus_gaps5-8-10-12-15_core-gap10_min3_strict-v1:P78559:873-878,P78559,878,S,1,28657654,og_consensus_gaps5-8-10-12-15_core-gap10_min3_strict-v1
og_consensus_gaps5-8-10-12-15_core-gap10_min3_strict-v1:P82979:185-193,P82979,185,T,3,35132862;39531497;39534244,og_consensus_gaps5-8-10-12-15_core-gap10_min3_strict-v1
og_consensus_gaps5-8-10-12-15_core-gap10_min3_strict-v1:P82979:185-193,P82979,186,S,7,29237092;30059200;31373491;31492838;35132862;35289036;35513511,og_consensus_gaps5-8-10-12-15_core-gap10_min3_strict-v1
og_consensus_gaps5-8-10-12-15_core-gap10_min3_strict-v1:P82979:185-193,P82979,190,T,1,39531497,og_consensus_gaps5-8-10-12-15_core-gap10_min3_strict-v1
og_consensus_gaps5-8-10-12-15_core-gap10_min3_strict-v1:P82979:185-193,P82979,192,T,1,39534244,og_consensus_gaps5-8-10-12-15_core-gap10_min3_strict-v1
og_consensus_gaps5-8-10-12-15_core-gap10_min3_strict-v1:P82979:185-193,P82979,193,T,1,39534244,og_consensus_gaps5-8-10-12-15_core-gap10_min3_strict-v1
og_consensus_gaps5-8-10-12-15_core-gap10_min3_strict-v1:P85037:501-505,P85037,501,S,2,35289036;39531497,og_consensus_gaps5-8-10-12-15_core-gap10_min3_strict-v1
og_consensus_gaps5-8-10-12-15_core-gap10_min3_strict-v1:P85037:501-505,P85037,504,T,2,35289036;39534244,og_consensus_gaps5-8-10-12-15_core-gap10_min3_strict-v1
og_consensus_gaps5-8-10-12-15_core-gap10_min3_strict-v1:P85037:501-505,P85037,505,S,7,29351928;32574038;35254053;35289036;35513511;39531497;39534244,og_consensus_gaps5-8-10-12-15_core-gap10_min3_strict-v1
og_consensus_gaps5-8-10-12-15_core-gap10_min3_strict-v1:P85037:529-534,P85037,529,T,3,35254053;35705054;39531497,og_consensus_gaps5-8-10-12-15_core-gap10_min3_strict-v1
og_consensus_gaps5-8-10-12-15_core-gap10_min3_strict-v1:P85037:529-534,P85037,530,T,5,29351928;35254053;35513511;39531497;39534244,og_consensus_gaps5-8-10-12-15_core-gap10_min3_strict-v1
og_consensus_gaps5-8-10-12-15_core-gap10_min3_strict-v1:P85037:529-534,P85037,531,S,1,39531497,og_consensus_gaps5-8-10-12-15_core-gap10_min3_strict-v1
og_consensus_gaps5-8-10-12-15_core-gap10_min3_strict-v1:P85037:529-534,P85037,534,S,3,29351928;35705054;39531497,og_consensus_gaps5-8-10-12-15_core-gap10_min3_strict-v1
og_consensus_gaps5-8-10-12-15_core-gap10_min3_strict-v1:P85037:679-688,P85037,679,T,8,30620550;32938750;35254053;35513511;35705054;37541260;38838015;39531497,og_consensus_gaps5-8-10-12-15_core-gap10_min3_strict-v1
og_consensus_gaps5-8-10-12-15_core-gap10_min3_strict-v1:P85037:679-688,P85037,681,T,3,32938750;35254053;39531497,og_consensus_gaps5-8-10-12-15_core-gap10_min3_strict-v1
og_consensus_gaps5-8-10-12-15_core-gap10_min3_strict-v1:P85037:679-688,P85037,682,T,4,32938750;35254053;37541260;39531497,og_consensus_gaps5-8-10-12-15_core-gap10_min3_strict-v1
og_consensus_gaps5-8-10-12-15_core-gap10_min3_strict-v1:P85037:679-688,P85037,683,T,2,35254053;39531497,og_consensus_gaps5-8-10-12-15_core-gap10_min3_strict-v1
og_consensus_gaps5-8-10-12-15_core-gap10_min3_strict-v1:P85037:679-688,P85037,686,T,1,35254053,og_consensus_gaps5-8-10-12-15_core-gap10_min3_strict-v1
og_consensus_gaps5-8-10-12-15_core-gap10_min3_strict-v1:P85037:679-688,P85037,688,T,1,39534244,og_consensus_gaps5-8-10-12-15_core-gap10_min3_strict-v1
og_consensus_gaps5-8-10-12-15_core-gap10_min3_strict-v1:P98082:723-730,P98082,723,S,2,30059200;34846842,og_consensus_gaps5-8-10-12-15_core-gap10_min3_strict-v1
og_consensus_gaps5-8-10-12-15_core-gap10_min3_strict-v1:P98082:723-730,P98082,727,T,9,29237092;30059200;31373491;31492838;35254053;35513511;37541260;39531497;39534244,og_consensus_gaps5-8-10-12-15_core-gap10_min3_strict-v1
og_consensus_gaps5-8-10-12-15_core-gap10_min3_strict-v1:P98082:723-730,P98082,729,S,6,30059200;31492838;34846842;35254053;35289036;39534244,og_consensus_gaps5-8-10-12-15_core-gap10_min3_strict-v1
og_consensus_gaps5-8-10-12-15_core-gap10_min3_strict-v1:P98082:723-730,P98082,730,T,2,30059200;39534244,og_consensus_gaps5-8-10-12-15_core-gap10_min3_strict-v1
og_consensus_gaps5-8-10-12-15_core-gap10_min3_strict-v1:P98171:199-208,P98171,199,S,4,31637018;32938750;35254053;39531497,og_consensus_gaps5-8-10-12-15_core-gap10_min3_strict-v1
og_consensus_gaps5-8-10-12-15_core-gap10_min3_strict-v1:P98171:199-208,P98171,202,T,2,35254053;39531497,og_consensus_gaps5-8-10-12-15_core-gap10_min3_strict-v1
og_consensus_gaps5-8-10-12-15_core-gap10_min3_strict-v1:P98171:199-208,P98171,203,T,3,28657654;29351928;35254053,og_consensus_gaps5-8-10-12-15_core-gap10_min3_strict-v1
og_consensus_gaps5-8-10-12-15_core-gap10_min3_strict-v1:P98171:199-208,P98171,208,T,1,31637018,og_consensus_gaps5-8-10-12-15_core-gap10_min3_strict-v1
og_consensus_gaps5-8-10-12-15_core-gap10_min3_strict-v1:Q00535:245-247,Q00535,245,T,1,34487576,og_consensus_gaps5-8-10-12-15_core-gap10_min3_strict-v1
og_consensus_gaps5-8-10-12-15_core-gap10_min3_strict-v1:Q00535:245-247,Q00535,246,T,1,34487576,og_consensus_gaps5-8-10-12-15_core-gap10_min3_strict-v1
og_consensus_gaps5-8-10-12-15_core-gap10_min3_strict-v1:Q00535:245-247,Q00535,247,S,1,34487576,og_consensus_gaps5-8-10-12-15_core-gap10_min3_strict-v1
og_consensus_gaps5-8-10-12-15_core-gap10_min3_strict-v1:Q00839:187-197,Q00839,187,S,3,31373491;35254053;39534244,og_consensus_gaps5-8-10-12-15_core-gap10_min3_strict-v1
og_consensus_gaps5-8-10-12-15_core-gap10_min3_strict-v1:Q00839:187-197,Q00839,188,S,1,31373491,og_consensus_gaps5-8-10-12-15_core-gap10_min3_strict-v1
og_consensus_gaps5-8-10-12-15_core-gap10_min3_strict-v1:Q00839:187-197,Q00839,192,S,1,35132862,og_consensus_gaps5-8-10-12-15_core-gap10_min3_strict-v1
og_consensus_gaps5-8-10-12-15_core-gap10_min3_strict-v1:Q00839:187-197,Q00839,197,T,7,28657654;30059200;31373491;31492838;35254053;38838015;39534244,og_consensus_gaps5-8-10-12-15_core-gap10_min3_strict-v1
og_consensus_gaps5-8-10-12-15_core-gap10_min3_strict-v1:Q01082:2314-2328,Q01082,2314,S,1,35254053,og_consensus_gaps5-8-10-12-15_core-gap10_min3_strict-v1
og_consensus_gaps5-8-10-12-15_core-gap10_min3_strict-v1:Q01082:2314-2328,Q01082,2317,T,1,35254053,og_consensus_gaps5-8-10-12-15_core-gap10_min3_strict-v1
og_consensus_gaps5-8-10-12-15_core-gap10_min3_strict-v1:Q01082:2314-2328,Q01082,2319,S,2,33465208;34846842,og_consensus_gaps5-8-10-12-15_core-gap10_min3_strict-v1
og_consensus_gaps5-8-10-12-15_core-gap10_min3_strict-v1:Q01082:2314-2328,Q01082,2320,T,4,29351928;30379171;35254053;38838015,og_consensus_gaps5-8-10-12-15_core-gap10_min3_strict-v1
og_consensus_gaps5-8-10-12-15_core-gap10_min3_strict-v1:Q01082:2314-2328,Q01082,2323,S,6,29351928;30379171;32574038;34846842;35289036;39534244,og_consensus_gaps5-8-10-12-15_core-gap10_min3_strict-v1
og_consensus_gaps5-8-10-12-15_core-gap10_min3_strict-v1:Q01082:2314-2328,Q01082,2324,S,17,20068230;28314751;29351928;30059200;30379171;30620550;31492838;32574038;32938750;34846842;35254053;35289036;35513511;38838015;39302247;39531497;39534244,og_consensus_gaps5-8-10-12-15_core-gap10_min3_strict-v1
og_consensus_gaps5-8-10-12-15_core-gap10_min3_strict-v1:Q01082:2314-2328,Q01082,2328,T,3,27114449;29351928;39531497,og_consensus_gaps5-8-10-12-15_core-gap10_min3_strict-v1
og_consensus_gaps5-8-10-12-15_core-gap10_min3_strict-v1:Q01167:424-432,Q01167,424,S,9,30059200;30620550;31492838;32938750;34846842;35254053;35289036;35513511;35705054,og_consensus_gaps5-8-10-12-15_core-gap10_min3_strict-v1
og_consensus_gaps5-8-10-12-15_core-gap10_min3_strict-v1:Q01167:424-432,Q01167,428,S,2,35705054;39534244,og_consensus_gaps5-8-10-12-15_core-gap10_min3_strict-v1
og_consensus_gaps5-8-10-12-15_core-gap10_min3_strict-v1:Q01167:424-432,Q01167,431,S,1,35289036,og_consensus_gaps5-8-10-12-15_core-gap10_min3_strict-v1
og_consensus_gaps5-8-10-12-15_core-gap10_min3_strict-v1:Q01167:424-432,Q01167,432,S,1,39534244,og_consensus_gaps5-8-10-12-15_core-gap10_min3_strict-v1
og_consensus_gaps5-8-10-12-15_core-gap10_min3_strict-v1:Q01196:295-301,Q01196,295,S,2,35254053;35705054,og_consensus_gaps5-8-10-12-15_core-gap10_min3_strict-v1
og_consensus_gaps5-8-10-12-15_core-gap10_min3_strict-v1:Q01196:295-301,Q01196,296,T,1,35132862,og_consensus_gaps5-8-10-12-15_core-gap10_min3_strict-v1
og_consensus_gaps5-8-10-12-15_core-gap10_min3_strict-v1:Q01196:295-301,Q01196,301,T,1,35132862,og_consensus_gaps5-8-10-12-15_core-gap10_min3_strict-v1
og_consensus_gaps5-8-10-12-15_core-gap10_min3_strict-v1:Q01664:257-264,Q01664,257,S,1,39534244,og_consensus_gaps5-8-10-12-15_core-gap10_min3_strict-v1
og_consensus_gaps5-8-10-12-15_core-gap10_min3_strict-v1:Q01664:257-264,Q01664,261,S,1,39534244,og_consensus_gaps5-8-10-12-15_core-gap10_min3_strict-v1
og_consensus_gaps5-8-10-12-15_core-gap10_min3_strict-v1:Q01664:257-264,Q01664,263,S,1,39534244,og_consensus_gaps5-8-10-12-15_core-gap10_min3_strict-v1
og_consensus_gaps5-8-10-12-15_core-gap10_min3_strict-v1:Q01664:257-264,Q01664,264,T,1,39534244,og_consensus_gaps5-8-10-12-15_core-gap10_min3_strict-v1
og_consensus_gaps5-8-10-12-15_core-gap10_min3_strict-v1:Q02505:1565-1580,Q02505,1565,S,1,38253038,og_consensus_gaps5-8-10-12-15_core-gap10_min3_strict-v1
og_consensus_gaps5-8-10-12-15_core-gap10_min3_strict-v1:Q02505:1565-1580,Q02505,1566,T,1,38253038,og_consensus_gaps5-8-10-12-15_core-gap10_min3_strict-v1
og_consensus_gaps5-8-10-12-15_core-gap10_min3_strict-v1:Q02505:1565-1580,Q02505,1568,S,1,38253038,og_consensus_gaps5-8-10-12-15_core-gap10_min3_strict-v1
og_consensus_gaps5-8-10-12-15_core-gap10_min3_strict-v1:Q02505:1565-1580,Q02505,1569,T,1,38253038,og_consensus_gaps5-8-10-12-15_core-gap10_min3_strict-v1
og_consensus_gaps5-8-10-12-15_core-gap10_min3_strict-v1:Q02505:1565-1580,Q02505,1573,T,1,38253038,og_consensus_gaps5-8-10-12-15_core-gap10_min3_strict-v1
og_consensus_gaps5-8-10-12-15_core-gap10_min3_strict-v1:Q02505:1565-1580,Q02505,1574,S,1,38253038,og_consensus_gaps5-8-10-12-15_core-gap10_min3_strict-v1
og_consensus_gaps5-8-10-12-15_core-gap10_min3_strict-v1:Q02505:1565-1580,Q02505,1577,T,1,38253038,og_consensus_gaps5-8-10-12-15_core-gap10_min3_strict-v1
og_consensus_gaps5-8-10-12-15_core-gap10_min3_strict-v1:Q02505:1565-1580,Q02505,1580,T,1,38253038,og_consensus_gaps5-8-10-12-15_core-gap10_min3_strict-v1
og_consensus_gaps5-8-10-12-15_core-gap10_min3_strict-v1:Q02505:2838-2864,Q02505,2838,S,1,38253038,og_consensus_gaps5-8-10-12-15_core-gap10_min3_strict-v1
og_consensus_gaps5-8-10-12-15_core-gap10_min3_strict-v1:Q02505:2838-2864,Q02505,2840,S,1,38253038,og_consensus_gaps5-8-10-12-15_core-gap10_min3_strict-v1
og_consensus_gaps5-8-10-12-15_core-gap10_min3_strict-v1:Q02505:2838-2864,Q02505,2841,S,1,38253038,og_consensus_gaps5-8-10-12-15_core-gap10_min3_strict-v1
og_consensus_gaps5-8-10-12-15_core-gap10_min3_strict-v1:Q02505:2838-2864,Q02505,2843,S,1,38253038,og_consensus_gaps5-8-10-12-15_core-gap10_min3_strict-v1
og_consensus_gaps5-8-10-12-15_core-gap10_min3_strict-v1:Q02505:2838-2864,Q02505,2847,S,1,38253038,og_consensus_gaps5-8-10-12-15_core-gap10_min3_strict-v1
og_consensus_gaps5-8-10-12-15_core-gap10_min3_strict-v1:Q02505:2838-2864,Q02505,2848,S,1,38253038,og_consensus_gaps5-8-10-12-15_core-gap10_min3_strict-v1
og_consensus_gaps5-8-10-12-15_core-gap10_min3_strict-v1:Q02505:2838-2864,Q02505,2849,S,1,38253038,og_consensus_gaps5-8-10-12-15_core-gap10_min3_strict-v1
og_consensus_gaps5-8-10-12-15_core-gap10_min3_strict-v1:Q02505:2838-2864,Q02505,2857,T,1,38253038,og_consensus_gaps5-8-10-12-15_core-gap10_min3_strict-v1
og_consensus_gaps5-8-10-12-15_core-gap10_min3_strict-v1:Q02505:2838-2864,Q02505,2859,T,1,38253038,og_consensus_gaps5-8-10-12-15_core-gap10_min3_strict-v1
og_consensus_gaps5-8-10-12-15_core-gap10_min3_strict-v1:Q02505:2838-2864,Q02505,2862,T,1,38253038,og_consensus_gaps5-8-10-12-15_core-gap10_min3_strict-v1
og_consensus_gaps5-8-10-12-15_core-gap10_min3_strict-v1:Q02505:2838-2864,Q02505,2864,T,1,38253038,og_consensus_gaps5-8-10-12-15_core-gap10_min3_strict-v1
og_consensus_gaps5-8-10-12-15_core-gap10_min3_strict-v1:Q02818:39-47,Q02818,39,T,2,29351928;33465208,og_consensus_gaps5-8-10-12-15_core-gap10_min3_strict-v1
og_consensus_gaps5-8-10-12-15_core-gap10_min3_strict-v1:Q02818:39-47,Q02818,42,T,7,29237092;29351928;30059200;31492838;35132862;35513511;39534244,og_consensus_gaps5-8-10-12-15_core-gap10_min3_strict-v1
og_consensus_gaps5-8-10-12-15_core-gap10_min3_strict-v1:Q02818:39-47,Q02818,44,S,2,35132862;39534244,og_consensus_gaps5-8-10-12-15_core-gap10_min3_strict-v1
og_consensus_gaps5-8-10-12-15_core-gap10_min3_strict-v1:Q02818:39-47,Q02818,47,T,1,22661428,og_consensus_gaps5-8-10-12-15_core-gap10_min3_strict-v1
og_consensus_gaps5-8-10-12-15_core-gap10_min3_strict-v1:Q03164:3238-3253,Q03164,3238,S,2,29351928;39534244,og_consensus_gaps5-8-10-12-15_core-gap10_min3_strict-v1
og_consensus_gaps5-8-10-12-15_core-gap10_min3_strict-v1:Q03164:3238-3253,Q03164,3239,T,1,39534244,og_consensus_gaps5-8-10-12-15_core-gap10_min3_strict-v1
og_consensus_gaps5-8-10-12-15_core-gap10_min3_strict-v1:Q03164:3238-3253,Q03164,3241,S,1,39534244,og_consensus_gaps5-8-10-12-15_core-gap10_min3_strict-v1
og_consensus_gaps5-8-10-12-15_core-gap10_min3_strict-v1:Q03164:3238-3253,Q03164,3246,S,1,39531497,og_consensus_gaps5-8-10-12-15_core-gap10_min3_strict-v1
og_consensus_gaps5-8-10-12-15_core-gap10_min3_strict-v1:Q03164:3238-3253,Q03164,3250,S,1,39531497,og_consensus_gaps5-8-10-12-15_core-gap10_min3_strict-v1
og_consensus_gaps5-8-10-12-15_core-gap10_min3_strict-v1:Q03164:3238-3253,Q03164,3253,T,1,39531497,og_consensus_gaps5-8-10-12-15_core-gap10_min3_strict-v1
og_consensus_gaps5-8-10-12-15_core-gap10_min3_strict-v1:Q03164:3345-3354,Q03164,3345,S,1,39531497,og_consensus_gaps5-8-10-12-15_core-gap10_min3_strict-v1
og_consensus_gaps5-8-10-12-15_core-gap10_min3_strict-v1:Q03164:3345-3354,Q03164,3349,T,1,39531497,og_consensus_gaps5-8-10-12-15_core-gap10_min3_strict-v1
og_consensus_gaps5-8-10-12-15_core-gap10_min3_strict-v1:Q03164:3345-3354,Q03164,3351,T,1,39531497,og_consensus_gaps5-8-10-12-15_core-gap10_min3_strict-v1
og_consensus_gaps5-8-10-12-15_core-gap10_min3_strict-v1:Q03164:3345-3354,Q03164,3354,S,1,39531497,og_consensus_gaps5-8-10-12-15_core-gap10_min3_strict-v1
og_consensus_gaps5-8-10-12-15_core-gap10_min3_strict-v1:Q04637:60-68,Q04637,60,S,3,32574038;34846842;35254053,og_consensus_gaps5-8-10-12-15_core-gap10_min3_strict-v1
og_consensus_gaps5-8-10-12-15_core-gap10_min3_strict-v1:Q04637:60-68,Q04637,61,S,11,20068230;30059200;30620550;30940748;31300553;31373491;32574038;34846842;35254053;35513511;38838015,og_consensus_gaps5-8-10-12-15_core-gap10_min3_strict-v1
og_consensus_gaps5-8-10-12-15_core-gap10_min3_strict-v1:Q04637:60-68,Q04637,64,S,3,35289036;35705054;39534244,og_consensus_gaps5-8-10-12-15_core-gap10_min3_strict-v1
og_consensus_gaps5-8-10-12-15_core-gap10_min3_strict-v1:Q04637:60-68,Q04637,68,S,1,39534244,og_consensus_gaps5-8-10-12-15_core-gap10_min3_strict-v1
og_consensus_gaps5-8-10-12-15_core-gap10_min3_strict-v1:Q04637:92-99,Q04637,92,S,2,39531497;39534244,og_consensus_gaps5-8-10-12-15_core-gap10_min3_strict-v1
og_consensus_gaps5-8-10-12-15_core-gap10_min3_strict-v1:Q04637:92-99,Q04637,95,S,1,39531497,og_consensus_gaps5-8-10-12-15_core-gap10_min3_strict-v1
og_consensus_gaps5-8-10-12-15_core-gap10_min3_strict-v1:Q04637:92-99,Q04637,99,S,1,39534244,og_consensus_gaps5-8-10-12-15_core-gap10_min3_strict-v1
og_consensus_gaps5-8-10-12-15_core-gap10_min3_strict-v1:Q04726:328-334,Q04726,328,T,1,35132862,og_consensus_gaps5-8-10-12-15_core-gap10_min3_strict-v1
og_consensus_gaps5-8-10-12-15_core-gap10_min3_strict-v1:Q04726:328-334,Q04726,331,T,1,32574038,og_consensus_gaps5-8-10-12-15_core-gap10_min3_strict-v1
og_consensus_gaps5-8-10-12-15_core-gap10_min3_strict-v1:Q04726:328-334,Q04726,332,S,9,29237092;30059200;31492838;32938750;35254053;35513511;37541260;38838015;39531497,og_consensus_gaps5-8-10-12-15_core-gap10_min3_strict-v1
og_consensus_gaps5-8-10-12-15_core-gap10_min3_strict-v1:Q04726:328-334,Q04726,333,T,2,35132862;35254053,og_consensus_gaps5-8-10-12-15_core-gap10_min3_strict-v1
og_consensus_gaps5-8-10-12-15_core-gap10_min3_strict-v1:Q04726:328-334,Q04726,334,T,1,32574038,og_consensus_gaps5-8-10-12-15_core-gap10_min3_strict-v1
og_consensus_gaps5-8-10-12-15_core-gap10_min3_strict-v1:Q04727:330-340,Q04727,330,T,9,29351928;30059200;32938750;34846842;35132862;35254053;35513511;35705054;37541260,og_consensus_gaps5-8-10-12-15_core-gap10_min3_strict-v1
og_consensus_gaps5-8-10-12-15_core-gap10_min3_strict-v1:Q04727:330-340,Q04727,334,T,2,35132862;35705054,og_consensus_gaps5-8-10-12-15_core-gap10_min3_strict-v1
og_consensus_gaps5-8-10-12-15_core-gap10_min3_strict-v1:Q04727:330-340,Q04727,337,S,1,35132862,og_consensus_gaps5-8-10-12-15_core-gap10_min3_strict-v1
og_consensus_gaps5-8-10-12-15_core-gap10_min3_strict-v1:Q04727:330-340,Q04727,340,T,1,32574038,og_consensus_gaps5-8-10-12-15_core-gap10_min3_strict-v1
og_consensus_gaps5-8-10-12-15_core-gap10_min3_strict-v1:Q05209:622-630,Q05209,622,T,2,35254053;39531497,og_consensus_gaps5-8-10-12-15_core-gap10_min3_strict-v1
og_consensus_gaps5-8-10-12-15_core-gap10_min3_strict-v1:Q05209:622-630,Q05209,625,S,4,32938750;35254053;39302247;39531497,og_consensus_gaps5-8-10-12-15_core-gap10_min3_strict-v1
og_consensus_gaps5-8-10-12-15_core-gap10_min3_strict-v1:Q05209:622-630,Q05209,626,T,1,35254053,og_consensus_gaps5-8-10-12-15_core-gap10_min3_strict-v1
og_consensus_gaps5-8-10-12-15_core-gap10_min3_strict-v1:Q05209:622-630,Q05209,630,T,2,32938750;35254053,og_consensus_gaps5-8-10-12-15_core-gap10_min3_strict-v1
og_consensus_gaps5-8-10-12-15_core-gap10_min3_strict-v1:Q07020:39-42,Q07020,39,T,1,33465208,og_consensus_gaps5-8-10-12-15_core-gap10_min3_strict-v1
og_consensus_gaps5-8-10-12-15_core-gap10_min3_strict-v1:Q07020:39-42,Q07020,41,S,1,33465208,og_consensus_gaps5-8-10-12-15_core-gap10_min3_strict-v1
og_consensus_gaps5-8-10-12-15_core-gap10_min3_strict-v1:Q07020:39-42,Q07020,42,T,1,33465208,og_consensus_gaps5-8-10-12-15_core-gap10_min3_strict-v1
og_consensus_gaps5-8-10-12-15_core-gap10_min3_strict-v1:Q07157:976-979,Q07157,976,T,2,35254053;39531497,og_consensus_gaps5-8-10-12-15_core-gap10_min3_strict-v1
og_consensus_gaps5-8-10-12-15_core-gap10_min3_strict-v1:Q07157:976-979,Q07157,978,S,1,31637018,og_consensus_gaps5-8-10-12-15_core-gap10_min3_strict-v1
og_consensus_gaps5-8-10-12-15_core-gap10_min3_strict-v1:Q07157:976-979,Q07157,979,T,3,31492838;35254053;39302247,og_consensus_gaps5-8-10-12-15_core-gap10_min3_strict-v1
og_consensus_gaps5-8-10-12-15_core-gap10_min3_strict-v1:Q07666:12-24,Q07666,12,S,1,35008409,og_consensus_gaps5-8-10-12-15_core-gap10_min3_strict-v1
og_consensus_gaps5-8-10-12-15_core-gap10_min3_strict-v1:Q07666:12-24,Q07666,15,S,1,35008409,og_consensus_gaps5-8-10-12-15_core-gap10_min3_strict-v1
og_consensus_gaps5-8-10-12-15_core-gap10_min3_strict-v1:Q07666:12-24,Q07666,18,S,1,35008409,og_consensus_gaps5-8-10-12-15_core-gap10_min3_strict-v1
og_consensus_gaps5-8-10-12-15_core-gap10_min3_strict-v1:Q07666:12-24,Q07666,20,S,1,35008409,og_consensus_gaps5-8-10-12-15_core-gap10_min3_strict-v1
og_consensus_gaps5-8-10-12-15_core-gap10_min3_strict-v1:Q07666:12-24,Q07666,24,S,2,33465208;35008409,og_consensus_gaps5-8-10-12-15_core-gap10_min3_strict-v1
og_consensus_gaps5-8-10-12-15_core-gap10_min3_strict-v1:Q07912:814-823,Q07912,814,T,4,32574038;32938750;35254053;39531497,og_consensus_gaps5-8-10-12-15_core-gap10_min3_strict-v1
og_consensus_gaps5-8-10-12-15_core-gap10_min3_strict-v1:Q07912:814-823,Q07912,817,T,2,35254053;39302247,og_consensus_gaps5-8-10-12-15_core-gap10_min3_strict-v1
og_consensus_gaps5-8-10-12-15_core-gap10_min3_strict-v1:Q07912:814-823,Q07912,818,T,6,28657654;30059200;30620550;35254053;39302247;39531497,og_consensus_gaps5-8-10-12-15_core-gap10_min3_strict-v1
og_consensus_gaps5-8-10-12-15_core-gap10_min3_strict-v1:Q07912:814-823,Q07912,820,S,1,35254053,og_consensus_gaps5-8-10-12-15_core-gap10_min3_strict-v1
og_consensus_gaps5-8-10-12-15_core-gap10_min3_strict-v1:Q07912:814-823,Q07912,823,S,1,32574038,og_consensus_gaps5-8-10-12-15_core-gap10_min3_strict-v1
og_consensus_gaps5-8-10-12-15_core-gap10_min3_strict-v1:Q09666:1744-1750,Q09666,1744,S,1,39302247,og_consensus_gaps5-8-10-12-15_core-gap10_min3_strict-v1
og_consensus_gaps5-8-10-12-15_core-gap10_min3_strict-v1:Q09666:1744-1750,Q09666,1747,S,1,39302247,og_consensus_gaps5-8-10-12-15_core-gap10_min3_strict-v1
og_consensus_gaps5-8-10-12-15_core-gap10_min3_strict-v1:Q09666:1744-1750,Q09666,1750,T,1,39302247,og_consensus_gaps5-8-10-12-15_core-gap10_min3_strict-v1
og_consensus_gaps5-8-10-12-15_core-gap10_min3_strict-v1:Q09666:3411-3416,Q09666,3411,S,1,33465208,og_consensus_gaps5-8-10-12-15_core-gap10_min3_strict-v1
og_consensus_gaps5-8-10-12-15_core-gap10_min3_strict-v1:Q09666:3411-3416,Q09666,3412,S,1,33465208,og_consensus_gaps5-8-10-12-15_core-gap10_min3_strict-v1
og_consensus_gaps5-8-10-12-15_core-gap10_min3_strict-v1:Q09666:3411-3416,Q09666,3416,S,3,31373491;31492838;39531497,og_consensus_gaps5-8-10-12-15_core-gap10_min3_strict-v1
og_consensus_gaps5-8-10-12-15_core-gap10_min3_strict-v1:Q12778:648-654,Q12778,648,T,4,18420577;30059200;35254053;37541260,og_consensus_gaps5-8-10-12-15_core-gap10_min3_strict-v1
og_consensus_gaps5-8-10-12-15_core-gap10_min3_strict-v1:Q12778:648-654,Q12778,649,T,2,25944660;32574038,og_consensus_gaps5-8-10-12-15_core-gap10_min3_strict-v1
og_consensus_gaps5-8-10-12-15_core-gap10_min3_strict-v1:Q12778:648-654,Q12778,654,S,3,18420577;32574038;35254053,og_consensus_gaps5-8-10-12-15_core-gap10_min3_strict-v1
og_consensus_gaps5-8-10-12-15_core-gap10_min3_strict-v1:Q12830:1709-1725,Q12830,1709,T,6,30059200;32574038;35254053;35289036;39302247;39531497,og_consensus_gaps5-8-10-12-15_core-gap10_min3_strict-v1
og_consensus_gaps5-8-10-12-15_core-gap10_min3_strict-v1:Q12830:1709-1725,Q12830,1712,T,8,30059200;32938750;35254053;35289036;35705054;39302247;39531497;39534244,og_consensus_gaps5-8-10-12-15_core-gap10_min3_strict-v1
og_consensus_gaps5-8-10-12-15_core-gap10_min3_strict-v1:Q12830:1709-1725,Q12830,1715,T,4,29249144;32574038;35705054;39534244,og_consensus_gaps5-8-10-12-15_core-gap10_min3_strict-v1
og_consensus_gaps5-8-10-12-15_core-gap10_min3_strict-v1:Q12830:1709-1725,Q12830,1716,T,4,29249144;32938750;35289036;39534244,og_consensus_gaps5-8-10-12-15_core-gap10_min3_strict-v1
og_consensus_gaps5-8-10-12-15_core-gap10_min3_strict-v1:Q12830:1709-1725,Q12830,1718,T,3,29249144;32574038;39534244,og_consensus_gaps5-8-10-12-15_core-gap10_min3_strict-v1
og_consensus_gaps5-8-10-12-15_core-gap10_min3_strict-v1:Q12830:1709-1725,Q12830,1719,S,3,29249144;32574038;35289036,og_consensus_gaps5-8-10-12-15_core-gap10_min3_strict-v1
og_consensus_gaps5-8-10-12-15_core-gap10_min3_strict-v1:Q12830:1709-1725,Q12830,1720,T,2,29249144;32574038,og_consensus_gaps5-8-10-12-15_core-gap10_min3_strict-v1
og_consensus_gaps5-8-10-12-15_core-gap10_min3_strict-v1:Q12830:1709-1725,Q12830,1723,T,2,32574038;39534244,og_consensus_gaps5-8-10-12-15_core-gap10_min3_strict-v1
og_consensus_gaps5-8-10-12-15_core-gap10_min3_strict-v1:Q12830:1709-1725,Q12830,1725,S,1,39534244,og_consensus_gaps5-8-10-12-15_core-gap10_min3_strict-v1
og_consensus_gaps5-8-10-12-15_core-gap10_min3_strict-v1:Q12830:1738-1762,Q12830,1738,T,2,34846842;35289036,og_consensus_gaps5-8-10-12-15_core-gap10_min3_strict-v1
og_consensus_gaps5-8-10-12-15_core-gap10_min3_strict-v1:Q12830:1738-1762,Q12830,1741,S,5,32574038;34846842;35254053;35289036;37541260,og_consensus_gaps5-8-10-12-15_core-gap10_min3_strict-v1
og_consensus_gaps5-8-10-12-15_core-gap10_min3_strict-v1:Q12830:1738-1762,Q12830,1742,S,4,30059200;32574038;34846842;35289036,og_consensus_gaps5-8-10-12-15_core-gap10_min3_strict-v1
og_consensus_gaps5-8-10-12-15_core-gap10_min3_strict-v1:Q12830:1738-1762,Q12830,1743,T,5,32574038;34846842;35254053;35289036;38838015,og_consensus_gaps5-8-10-12-15_core-gap10_min3_strict-v1
og_consensus_gaps5-8-10-12-15_core-gap10_min3_strict-v1:Q12830:1738-1762,Q12830,1749,S,10,20068230;30059200;30620550;31637018;32574038;34846842;35254053;35289036;37541260;38838015,og_consensus_gaps5-8-10-12-15_core-gap10_min3_strict-v1
og_consensus_gaps5-8-10-12-15_core-gap10_min3_strict-v1:Q12830:1738-1762,Q12830,1750,T,4,31637018;32574038;34846842;38838015,og_consensus_gaps5-8-10-12-15_core-gap10_min3_strict-v1
og_consensus_gaps5-8-10-12-15_core-gap10_min3_strict-v1:Q12830:1738-1762,Q12830,1752,T,1,32574038,og_consensus_gaps5-8-10-12-15_core-gap10_min3_strict-v1
og_consensus_gaps5-8-10-12-15_core-gap10_min3_strict-v1:Q12830:1738-1762,Q12830,1753,T,3,20068230;35254053;35705054,og_consensus_gaps5-8-10-12-15_core-gap10_min3_strict-v1
og_consensus_gaps5-8-10-12-15_core-gap10_min3_strict-v1:Q12830:1738-1762,Q12830,1754,T,3,32574038;35254053;35289036,og_consensus_gaps5-8-10-12-15_core-gap10_min3_strict-v1
og_consensus_gaps5-8-10-12-15_core-gap10_min3_strict-v1:Q12830:1738-1762,Q12830,1755,T,2,29249144;35289036,og_consensus_gaps5-8-10-12-15_core-gap10_min3_strict-v1
og_consensus_gaps5-8-10-12-15_core-gap10_min3_strict-v1:Q12830:1738-1762,Q12830,1757,T,1,31637018,og_consensus_gaps5-8-10-12-15_core-gap10_min3_strict-v1
og_consensus_gaps5-8-10-12-15_core-gap10_min3_strict-v1:Q12830:1738-1762,Q12830,1759,T,2,31637018;32574038,og_consensus_gaps5-8-10-12-15_core-gap10_min3_strict-v1
og_consensus_gaps5-8-10-12-15_core-gap10_min3_strict-v1:Q12830:1738-1762,Q12830,1762,S,1,35254053,og_consensus_gaps5-8-10-12-15_core-gap10_min3_strict-v1
og_consensus_gaps5-8-10-12-15_core-gap10_min3_strict-v1:Q12830:2052-2064,Q12830,2052,T,1,35289036,og_consensus_gaps5-8-10-12-15_core-gap10_min3_strict-v1
og_consensus_gaps5-8-10-12-15_core-gap10_min3_strict-v1:Q12830:2052-2064,Q12830,2056,T,5,32938750;35254053;35289036;37541260;39302247,og_consensus_gaps5-8-10-12-15_core-gap10_min3_strict-v1
og_consensus_gaps5-8-10-12-15_core-gap10_min3_strict-v1:Q12830:2052-2064,Q12830,2057,S,2,35254053;35289036,og_consensus_gaps5-8-10-12-15_core-gap10_min3_strict-v1
og_consensus_gaps5-8-10-12-15_core-gap10_min3_strict-v1:Q12830:2052-2064,Q12830,2058,T,2,32938750;35254053,og_consensus_gaps5-8-10-12-15_core-gap10_min3_strict-v1
og_consensus_gaps5-8-10-12-15_core-gap10_min3_strict-v1:Q12830:2052-2064,Q12830,2059,T,6,32938750;35132862;35254053;35289036;35705054;37541260,og_consensus_gaps5-8-10-12-15_core-gap10_min3_strict-v1
og_consensus_gaps5-8-10-12-15_core-gap10_min3_strict-v1:Q12830:2052-2064,Q12830,2060,S,2,35132862;35705054,og_consensus_gaps5-8-10-12-15_core-gap10_min3_strict-v1
og_consensus_gaps5-8-10-12-15_core-gap10_min3_strict-v1:Q12830:2052-2064,Q12830,2063,S,1,32938750,og_consensus_gaps5-8-10-12-15_core-gap10_min3_strict-v1
og_consensus_gaps5-8-10-12-15_core-gap10_min3_strict-v1:Q12830:2052-2064,Q12830,2064,S,1,32938750,og_consensus_gaps5-8-10-12-15_core-gap10_min3_strict-v1
og_consensus_gaps5-8-10-12-15_core-gap10_min3_strict-v1:Q12830:2081-2103,Q12830,2081,S,14,20068230;29237092;29249144;30059200;31492838;32574038;32938750;35132862;35254053;35289036;35513511;38838015;39531497;39534244,og_consensus_gaps5-8-10-12-15_core-gap10_min3_strict-v1
og_consensus_gaps5-8-10-12-15_core-gap10_min3_strict-v1:Q12830:2081-2103,Q12830,2083,S,3,29249144;35132862;35289036,og_consensus_gaps5-8-10-12-15_core-gap10_min3_strict-v1
og_consensus_gaps5-8-10-12-15_core-gap10_min3_strict-v1:Q12830:2081-2103,Q12830,2085,T,3,29249144;35289036;39534244,og_consensus_gaps5-8-10-12-15_core-gap10_min3_strict-v1
og_consensus_gaps5-8-10-12-15_core-gap10_min3_strict-v1:Q12830:2081-2103,Q12830,2086,T,2,29249144;35289036,og_consensus_gaps5-8-10-12-15_core-gap10_min3_strict-v1
og_consensus_gaps5-8-10-12-15_core-gap10_min3_strict-v1:Q12830:2081-2103,Q12830,2088,T,3,35289036;35513511;39534244,og_consensus_gaps5-8-10-12-15_core-gap10_min3_strict-v1
og_consensus_gaps5-8-10-12-15_core-gap10_min3_strict-v1:Q12830:2081-2103,Q12830,2093,T,1,39531497,og_consensus_gaps5-8-10-12-15_core-gap10_min3_strict-v1
og_consensus_gaps5-8-10-12-15_core-gap10_min3_strict-v1:Q12830:2081-2103,Q12830,2094,T,6,20068230;21158410;30059200;32574038;35289036;39531497,og_consensus_gaps5-8-10-12-15_core-gap10_min3_strict-v1
og_consensus_gaps5-8-10-12-15_core-gap10_min3_strict-v1:Q12830:2081-2103,Q12830,2098,S,4,34846842;35132862;35254053;39531497,og_consensus_gaps5-8-10-12-15_core-gap10_min3_strict-v1
og_consensus_gaps5-8-10-12-15_core-gap10_min3_strict-v1:Q12830:2081-2103,Q12830,2101,T,3,32574038;35254053;39534244,og_consensus_gaps5-8-10-12-15_core-gap10_min3_strict-v1
og_consensus_gaps5-8-10-12-15_core-gap10_min3_strict-v1:Q12830:2081-2103,Q12830,2103,T,5,20068230;30059200;35254053;37541260;39302247,og_consensus_gaps5-8-10-12-15_core-gap10_min3_strict-v1
og_consensus_gaps5-8-10-12-15_core-gap10_min3_strict-v1:Q12830:2141-2148,Q12830,2141,S,3,32938750;35132862;35705054,og_consensus_gaps5-8-10-12-15_core-gap10_min3_strict-v1
og_consensus_gaps5-8-10-12-15_core-gap10_min3_strict-v1:Q12830:2141-2148,Q12830,2142,T,2,35705054;39534244,og_consensus_gaps5-8-10-12-15_core-gap10_min3_strict-v1
og_consensus_gaps5-8-10-12-15_core-gap10_min3_strict-v1:Q12830:2141-2148,Q12830,2144,T,2,35132862;39534244,og_consensus_gaps5-8-10-12-15_core-gap10_min3_strict-v1
og_consensus_gaps5-8-10-12-15_core-gap10_min3_strict-v1:Q12830:2141-2148,Q12830,2145,S,2,35705054;39534244,og_consensus_gaps5-8-10-12-15_core-gap10_min3_strict-v1
og_consensus_gaps5-8-10-12-15_core-gap10_min3_strict-v1:Q12830:2141-2148,Q12830,2148,T,2,35132862;35705054,og_consensus_gaps5-8-10-12-15_core-gap10_min3_strict-v1
og_consensus_gaps5-8-10-12-15_core-gap10_min3_strict-v1:Q12830:2229-2261,Q12830,2229,S,6,34846842;35254053;35289036;35705054;39531497;39534244,og_consensus_gaps5-8-10-12-15_core-gap10_min3_strict-v1
og_consensus_gaps5-8-10-12-15_core-gap10_min3_strict-v1:Q12830:2229-2261,Q12830,2230,T,7,34846842;35132862;35254053;35289036;35705054;39531497;39534244,og_consensus_gaps5-8-10-12-15_core-gap10_min3_strict-v1
og_consensus_gaps5-8-10-12-15_core-gap10_min3_strict-v1:Q12830:2229-2261,Q12830,2233,S,13,29237092;29351928;30059200;31492838;32938750;34846842;35132862;35254053;35289036;35513511;35705054;39531497;39534244,og_consensus_gaps5-8-10-12-15_core-gap10_min3_strict-v1
og_consensus_gaps5-8-10-12-15_core-gap10_min3_strict-v1:Q12830:2229-2261,Q12830,2237,T,11,29351928;30059200;31492838;32574038;32938750;34846842;35254053;35705054;37541260;39531497;39534244,og_consensus_gaps5-8-10-12-15_core-gap10_min3_strict-v1
og_consensus_gaps5-8-10-12-15_core-gap10_min3_strict-v1:Q12830:2229-2261,Q12830,2239,S,4,34846842;35254053;35289036;35705054,og_consensus_gaps5-8-10-12-15_core-gap10_min3_strict-v1
og_consensus_gaps5-8-10-12-15_core-gap10_min3_strict-v1:Q12830:2229-2261,Q12830,2240,S,3,34846842;35289036;35705054,og_consensus_gaps5-8-10-12-15_core-gap10_min3_strict-v1
og_consensus_gaps5-8-10-12-15_core-gap10_min3_strict-v1:Q12830:2229-2261,Q12830,2241,T,1,35289036,og_consensus_gaps5-8-10-12-15_core-gap10_min3_strict-v1
og_consensus_gaps5-8-10-12-15_core-gap10_min3_strict-v1:Q12830:2229-2261,Q12830,2246,S,3,34846842;35254053;39531497,og_consensus_gaps5-8-10-12-15_core-gap10_min3_strict-v1
og_consensus_gaps5-8-10-12-15_core-gap10_min3_strict-v1:Q12830:2229-2261,Q12830,2252,S,1,34846842,og_consensus_gaps5-8-10-12-15_core-gap10_min3_strict-v1
og_consensus_gaps5-8-10-12-15_core-gap10_min3_strict-v1:Q12830:2229-2261,Q12830,2254,S,1,34846842,og_consensus_gaps5-8-10-12-15_core-gap10_min3_strict-v1
og_consensus_gaps5-8-10-12-15_core-gap10_min3_strict-v1:Q12830:2229-2261,Q12830,2259,S,1,39534244,og_consensus_gaps5-8-10-12-15_core-gap10_min3_strict-v1
og_consensus_gaps5-8-10-12-15_core-gap10_min3_strict-v1:Q12830:2229-2261,Q12830,2261,S,2,35132862;39534244,og_consensus_gaps5-8-10-12-15_core-gap10_min3_strict-v1
og_consensus_gaps5-8-10-12-15_core-gap10_min3_strict-v1:Q12830:2338-2361,Q12830,2338,T,3,35289036;35705054;39534244,og_consensus_gaps5-8-10-12-15_core-gap10_min3_strict-v1
og_consensus_gaps5-8-10-12-15_core-gap10_min3_strict-v1:Q12830:2338-2361,Q12830,2342,T,5,32938750;35289036;35705054;39302247;39534244,og_consensus_gaps5-8-10-12-15_core-gap10_min3_strict-v1
og_consensus_gaps5-8-10-12-15_core-gap10_min3_strict-v1:Q12830:2338-2361,Q12830,2343,T,6,32938750;35254053;35289036;37541260;39302247;39534244,og_consensus_gaps5-8-10-12-15_core-gap10_min3_strict-v1
og_consensus_gaps5-8-10-12-15_core-gap10_min3_strict-v1:Q12830:2338-2361,Q12830,2345,T,4,32938750;35254053;35289036;39534244,og_consensus_gaps5-8-10-12-15_core-gap10_min3_strict-v1
og_consensus_gaps5-8-10-12-15_core-gap10_min3_strict-v1:Q12830:2338-2361,Q12830,2346,T,6,31637018;32938750;35254053;35289036;39302247;39534244,og_consensus_gaps5-8-10-12-15_core-gap10_min3_strict-v1
og_consensus_gaps5-8-10-12-15_core-gap10_min3_strict-v1:Q12830:2338-2361,Q12830,2348,S,4,31637018;35289036;35705054;39534244,og_consensus_gaps5-8-10-12-15_core-gap10_min3_strict-v1
og_consensus_gaps5-8-10-12-15_core-gap10_min3_strict-v1:Q12830:2338-2361,Q12830,2349,T,3,35289036;35705054;39534244,og_consensus_gaps5-8-10-12-15_core-gap10_min3_strict-v1
og_consensus_gaps5-8-10-12-15_core-gap10_min3_strict-v1:Q12830:2338-2361,Q12830,2350,T,1,39534244,og_consensus_gaps5-8-10-12-15_core-gap10_min3_strict-v1
og_consensus_gaps5-8-10-12-15_core-gap10_min3_strict-v1:Q12830:2338-2361,Q12830,2351,T,1,39534244,og_consensus_gaps5-8-10-12-15_core-gap10_min3_strict-v1
og_consensus_gaps5-8-10-12-15_core-gap10_min3_strict-v1:Q12830:2338-2361,Q12830,2352,T,1,39534244,og_consensus_gaps5-8-10-12-15_core-gap10_min3_strict-v1
og_consensus_gaps5-8-10-12-15_core-gap10_min3_strict-v1:Q12830:2338-2361,Q12830,2353,T,1,39534244,og_consensus_gaps5-8-10-12-15_core-gap10_min3_strict-v1
og_consensus_gaps5-8-10-12-15_core-gap10_min3_strict-v1:Q12830:2338-2361,Q12830,2355,S,1,39534244,og_consensus_gaps5-8-10-12-15_core-gap10_min3_strict-v1
og_consensus_gaps5-8-10-12-15_core-gap10_min3_strict-v1:Q12830:2338-2361,Q12830,2356,T,1,39534244,og_consensus_gaps5-8-10-12-15_core-gap10_min3_strict-v1
og_consensus_gaps5-8-10-12-15_core-gap10_min3_strict-v1:Q12830:2338-2361,Q12830,2357,T,1,39534244,og_consensus_gaps5-8-10-12-15_core-gap10_min3_strict-v1
og_consensus_gaps5-8-10-12-15_core-gap10_min3_strict-v1:Q12830:2338-2361,Q12830,2361,T,2,39302247;39534244,og_consensus_gaps5-8-10-12-15_core-gap10_min3_strict-v1
og_consensus_gaps5-8-10-12-15_core-gap10_min3_strict-v1:Q12857:265-271,Q12857,265,S,2,34846842;35254053,og_consensus_gaps5-8-10-12-15_core-gap10_min3_strict-v1
og_consensus_gaps5-8-10-12-15_core-gap10_min3_strict-v1:Q12857:265-271,Q12857,268,S,1,34846842,og_consensus_gaps5-8-10-12-15_core-gap10_min3_strict-v1
og_consensus_gaps5-8-10-12-15_core-gap10_min3_strict-v1:Q12857:265-271,Q12857,270,S,3,30059200;31492838;34846842,og_consensus_gaps5-8-10-12-15_core-gap10_min3_strict-v1
og_consensus_gaps5-8-10-12-15_core-gap10_min3_strict-v1:Q12857:265-271,Q12857,271,S,1,35289036,og_consensus_gaps5-8-10-12-15_core-gap10_min3_strict-v1
og_consensus_gaps5-8-10-12-15_core-gap10_min3_strict-v1:Q12857:329-347,Q12857,329,S,4,35254053;37541260;39531497;39534244,og_consensus_gaps5-8-10-12-15_core-gap10_min3_strict-v1
og_consensus_gaps5-8-10-12-15_core-gap10_min3_strict-v1:Q12857:329-347,Q12857,332,S,2,35254053;35513511,og_consensus_gaps5-8-10-12-15_core-gap10_min3_strict-v1
og_consensus_gaps5-8-10-12-15_core-gap10_min3_strict-v1:Q12857:329-347,Q12857,335,S,2,35254053;39531497,og_consensus_gaps5-8-10-12-15_core-gap10_min3_strict-v1
og_consensus_gaps5-8-10-12-15_core-gap10_min3_strict-v1:Q12857:329-347,Q12857,337,S,1,39534244,og_consensus_gaps5-8-10-12-15_core-gap10_min3_strict-v1
og_consensus_gaps5-8-10-12-15_core-gap10_min3_strict-v1:Q12857:329-347,Q12857,339,T,3,35254053;37541260;39534244,og_consensus_gaps5-8-10-12-15_core-gap10_min3_strict-v1
og_consensus_gaps5-8-10-12-15_core-gap10_min3_strict-v1:Q12857:329-347,Q12857,340,S,2,35254053;39534244,og_consensus_gaps5-8-10-12-15_core-gap10_min3_strict-v1
og_consensus_gaps5-8-10-12-15_core-gap10_min3_strict-v1:Q12857:329-347,Q12857,341,S,1,39534244,og_consensus_gaps5-8-10-12-15_core-gap10_min3_strict-v1
og_consensus_gaps5-8-10-12-15_core-gap10_min3_strict-v1:Q12857:329-347,Q12857,344,T,2,35254053;39534244,og_consensus_gaps5-8-10-12-15_core-gap10_min3_strict-v1
og_consensus_gaps5-8-10-12-15_core-gap10_min3_strict-v1:Q12857:329-347,Q12857,347,T,1,39534244,og_consensus_gaps5-8-10-12-15_core-gap10_min3_strict-v1
og_consensus_gaps5-8-10-12-15_core-gap10_min3_strict-v1:Q12857:366-373,Q12857,366,S,1,35289036,og_consensus_gaps5-8-10-12-15_core-gap10_min3_strict-v1
og_consensus_gaps5-8-10-12-15_core-gap10_min3_strict-v1:Q12857:366-373,Q12857,367,T,7,29351928;30059200;31492838;35254053;35513511;39531497;39534244,og_consensus_gaps5-8-10-12-15_core-gap10_min3_strict-v1
og_consensus_gaps5-8-10-12-15_core-gap10_min3_strict-v1:Q12857:366-373,Q12857,372,T,1,39534244,og_consensus_gaps5-8-10-12-15_core-gap10_min3_strict-v1
og_consensus_gaps5-8-10-12-15_core-gap10_min3_strict-v1:Q12857:366-373,Q12857,373,S,2,39531497;39534244,og_consensus_gaps5-8-10-12-15_core-gap10_min3_strict-v1
og_consensus_gaps5-8-10-12-15_core-gap10_min3_strict-v1:Q12857:456-476,Q12857,456,T,1,35289036,og_consensus_gaps5-8-10-12-15_core-gap10_min3_strict-v1
og_consensus_gaps5-8-10-12-15_core-gap10_min3_strict-v1:Q12857:456-476,Q12857,460,T,1,35289036,og_consensus_gaps5-8-10-12-15_core-gap10_min3_strict-v1
og_consensus_gaps5-8-10-12-15_core-gap10_min3_strict-v1:Q12857:456-476,Q12857,461,T,1,35289036,og_consensus_gaps5-8-10-12-15_core-gap10_min3_strict-v1
og_consensus_gaps5-8-10-12-15_core-gap10_min3_strict-v1:Q12857:456-476,Q12857,462,S,1,35289036,og_consensus_gaps5-8-10-12-15_core-gap10_min3_strict-v1
og_consensus_gaps5-8-10-12-15_core-gap10_min3_strict-v1:Q12857:456-476,Q12857,463,T,2,35289036;39531497,og_consensus_gaps5-8-10-12-15_core-gap10_min3_strict-v1
og_consensus_gaps5-8-10-12-15_core-gap10_min3_strict-v1:Q12857:456-476,Q12857,469,S,1,35289036,og_consensus_gaps5-8-10-12-15_core-gap10_min3_strict-v1
og_consensus_gaps5-8-10-12-15_core-gap10_min3_strict-v1:Q12857:456-476,Q12857,472,S,1,35289036,og_consensus_gaps5-8-10-12-15_core-gap10_min3_strict-v1
og_consensus_gaps5-8-10-12-15_core-gap10_min3_strict-v1:Q12857:456-476,Q12857,474,T,1,35289036,og_consensus_gaps5-8-10-12-15_core-gap10_min3_strict-v1
og_consensus_gaps5-8-10-12-15_core-gap10_min3_strict-v1:Q12857:456-476,Q12857,476,S,1,39531497,og_consensus_gaps5-8-10-12-15_core-gap10_min3_strict-v1
og_consensus_gaps5-8-10-12-15_core-gap10_min3_strict-v1:Q12888:1642-1646,Q12888,1642,S,2,34846842;35132862,og_consensus_gaps5-8-10-12-15_core-gap10_min3_strict-v1
og_consensus_gaps5-8-10-12-15_core-gap10_min3_strict-v1:Q12888:1642-1646,Q12888,1643,S,3,31492838;35254053;39531497,og_consensus_gaps5-8-10-12-15_core-gap10_min3_strict-v1
og_consensus_gaps5-8-10-12-15_core-gap10_min3_strict-v1:Q12888:1642-1646,Q12888,1646,S,1,34846842,og_consensus_gaps5-8-10-12-15_core-gap10_min3_strict-v1
og_consensus_gaps5-8-10-12-15_core-gap10_min3_strict-v1:Q12948:335-340,Q12948,335,S,1,34846842,og_consensus_gaps5-8-10-12-15_core-gap10_min3_strict-v1
og_consensus_gaps5-8-10-12-15_core-gap10_min3_strict-v1:Q12948:335-340,Q12948,339,S,3,35254053;35289036;39534244,og_consensus_gaps5-8-10-12-15_core-gap10_min3_strict-v1
og_consensus_gaps5-8-10-12-15_core-gap10_min3_strict-v1:Q12948:335-340,Q12948,340,S,7,31492838;35254053;35289036;35513511;37541260;38838015;39534244,og_consensus_gaps5-8-10-12-15_core-gap10_min3_strict-v1
og_consensus_gaps5-8-10-12-15_core-gap10_min3_strict-v1:Q12955:1557-1565,Q12955,1557,T,1,28657654,og_consensus_gaps5-8-10-12-15_core-gap10_min3_strict-v1
og_consensus_gaps5-8-10-12-15_core-gap10_min3_strict-v1:Q12955:1557-1565,Q12955,1558,T,1,28657654,og_consensus_gaps5-8-10-12-15_core-gap10_min3_strict-v1
og_consensus_gaps5-8-10-12-15_core-gap10_min3_strict-v1:Q12955:1557-1565,Q12955,1563,S,2,28657654;30379171,og_consensus_gaps5-8-10-12-15_core-gap10_min3_strict-v1
og_consensus_gaps5-8-10-12-15_core-gap10_min3_strict-v1:Q12955:1557-1565,Q12955,1565,S,1,28657654,og_consensus_gaps5-8-10-12-15_core-gap10_min3_strict-v1
og_consensus_gaps5-8-10-12-15_core-gap10_min3_strict-v1:Q13243:225-231,Q13243,225,S,1,33465208,og_consensus_gaps5-8-10-12-15_core-gap10_min3_strict-v1
og_consensus_gaps5-8-10-12-15_core-gap10_min3_strict-v1:Q13243:225-231,Q13243,229,S,1,33465208,og_consensus_gaps5-8-10-12-15_core-gap10_min3_strict-v1
og_consensus_gaps5-8-10-12-15_core-gap10_min3_strict-v1:Q13243:225-231,Q13243,231,S,1,33465208,og_consensus_gaps5-8-10-12-15_core-gap10_min3_strict-v1
og_consensus_gaps5-8-10-12-15_core-gap10_min3_strict-v1:Q13330:237-246,Q13330,237,S,1,34019948,og_consensus_gaps5-8-10-12-15_core-gap10_min3_strict-v1
og_consensus_gaps5-8-10-12-15_core-gap10_min3_strict-v1:Q13330:237-246,Q13330,241,S,1,34019948,og_consensus_gaps5-8-10-12-15_core-gap10_min3_strict-v1
og_consensus_gaps5-8-10-12-15_core-gap10_min3_strict-v1:Q13330:237-246,Q13330,246,S,1,34019948,og_consensus_gaps5-8-10-12-15_core-gap10_min3_strict-v1
og_consensus_gaps5-8-10-12-15_core-gap10_min3_strict-v1:Q13443:383-386,Q13443,383,S,2,34846842;35289036,og_consensus_gaps5-8-10-12-15_core-gap10_min3_strict-v1
og_consensus_gaps5-8-10-12-15_core-gap10_min3_strict-v1:Q13443:383-386,Q13443,384,S,2,34846842;35289036,og_consensus_gaps5-8-10-12-15_core-gap10_min3_strict-v1
og_consensus_gaps5-8-10-12-15_core-gap10_min3_strict-v1:Q13443:383-386,Q13443,386,S,2,34846842;35289036,og_consensus_gaps5-8-10-12-15_core-gap10_min3_strict-v1
og_consensus_gaps5-8-10-12-15_core-gap10_min3_strict-v1:Q13474:909-913,Q13474,909,T,1,36240223,og_consensus_gaps5-8-10-12-15_core-gap10_min3_strict-v1
og_consensus_gaps5-8-10-12-15_core-gap10_min3_strict-v1:Q13474:909-913,Q13474,910,T,1,36240223,og_consensus_gaps5-8-10-12-15_core-gap10_min3_strict-v1
og_consensus_gaps5-8-10-12-15_core-gap10_min3_strict-v1:Q13474:909-913,Q13474,913,T,1,36240223,og_consensus_gaps5-8-10-12-15_core-gap10_min3_strict-v1
og_consensus_gaps5-8-10-12-15_core-gap10_min3_strict-v1:Q13485:59-63,Q13485,59,T,1,33199824,og_consensus_gaps5-8-10-12-15_core-gap10_min3_strict-v1
og_consensus_gaps5-8-10-12-15_core-gap10_min3_strict-v1:Q13485:59-63,Q13485,62,T,1,33199824,og_consensus_gaps5-8-10-12-15_core-gap10_min3_strict-v1
og_consensus_gaps5-8-10-12-15_core-gap10_min3_strict-v1:Q13485:59-63,Q13485,63,T,1,33199824,og_consensus_gaps5-8-10-12-15_core-gap10_min3_strict-v1
og_consensus_gaps5-8-10-12-15_core-gap10_min3_strict-v1:Q13492:352-364,Q13492,352,T,1,39534244,og_consensus_gaps5-8-10-12-15_core-gap10_min3_strict-v1
og_consensus_gaps5-8-10-12-15_core-gap10_min3_strict-v1:Q13492:352-364,Q13492,353,S,1,39534244,og_consensus_gaps5-8-10-12-15_core-gap10_min3_strict-v1
og_consensus_gaps5-8-10-12-15_core-gap10_min3_strict-v1:Q13492:352-364,Q13492,356,T,5,29351928;35254053;35513511;39531497;39534244,og_consensus_gaps5-8-10-12-15_core-gap10_min3_strict-v1
og_consensus_gaps5-8-10-12-15_core-gap10_min3_strict-v1:Q13492:352-364,Q13492,359,S,1,39534244,og_consensus_gaps5-8-10-12-15_core-gap10_min3_strict-v1
og_consensus_gaps5-8-10-12-15_core-gap10_min3_strict-v1:Q13492:352-364,Q13492,362,S,1,39534244,og_consensus_gaps5-8-10-12-15_core-gap10_min3_strict-v1
og_consensus_gaps5-8-10-12-15_core-gap10_min3_strict-v1:Q13492:352-364,Q13492,363,T,3,32938750;35254053;39534244,og_consensus_gaps5-8-10-12-15_core-gap10_min3_strict-v1
og_consensus_gaps5-8-10-12-15_core-gap10_min3_strict-v1:Q13492:352-364,Q13492,364,S,4,32938750;35254053;39531497;39534244,og_consensus_gaps5-8-10-12-15_core-gap10_min3_strict-v1
og_consensus_gaps5-8-10-12-15_core-gap10_min3_strict-v1:Q13492:409-417,Q13492,409,S,1,28314751,og_consensus_gaps5-8-10-12-15_core-gap10_min3_strict-v1
og_consensus_gaps5-8-10-12-15_core-gap10_min3_strict-v1:Q13492:409-417,Q13492,410,T,1,39534244,og_consensus_gaps5-8-10-12-15_core-gap10_min3_strict-v1
og_consensus_gaps5-8-10-12-15_core-gap10_min3_strict-v1:Q13492:409-417,Q13492,412,S,1,39534244,og_consensus_gaps5-8-10-12-15_core-gap10_min3_strict-v1
og_consensus_gaps5-8-10-12-15_core-gap10_min3_strict-v1:Q13492:409-417,Q13492,416,S,1,39531497,og_consensus_gaps5-8-10-12-15_core-gap10_min3_strict-v1
og_consensus_gaps5-8-10-12-15_core-gap10_min3_strict-v1:Q13492:409-417,Q13492,417,T,1,39534244,og_consensus_gaps5-8-10-12-15_core-gap10_min3_strict-v1
og_consensus_gaps5-8-10-12-15_core-gap10_min3_strict-v1:Q13492:450-453,Q13492,450,S,1,35254053,og_consensus_gaps5-8-10-12-15_core-gap10_min3_strict-v1
og_consensus_gaps5-8-10-12-15_core-gap10_min3_strict-v1:Q13492:450-453,Q13492,452,S,2,31492838;35254053,og_consensus_gaps5-8-10-12-15_core-gap10_min3_strict-v1
og_consensus_gaps5-8-10-12-15_core-gap10_min3_strict-v1:Q13492:450-453,Q13492,453,S,4,29237092;30059200;30620550;35254053,og_consensus_gaps5-8-10-12-15_core-gap10_min3_strict-v1
og_consensus_gaps5-8-10-12-15_core-gap10_min3_strict-v1:Q13495:512-515,Q13495,512,S,1,31492838,og_consensus_gaps5-8-10-12-15_core-gap10_min3_strict-v1
og_consensus_gaps5-8-10-12-15_core-gap10_min3_strict-v1:Q13495:512-515,Q13495,514,S,1,31492838,og_consensus_gaps5-8-10-12-15_core-gap10_min3_strict-v1
og_consensus_gaps5-8-10-12-15_core-gap10_min3_strict-v1:Q13495:512-515,Q13495,515,S,1,31492838,og_consensus_gaps5-8-10-12-15_core-gap10_min3_strict-v1
og_consensus_gaps5-8-10-12-15_core-gap10_min3_strict-v1:Q13554:320-333,Q13554,320,T,1,28657654,og_consensus_gaps5-8-10-12-15_core-gap10_min3_strict-v1
og_consensus_gaps5-8-10-12-15_core-gap10_min3_strict-v1:Q13554:320-333,Q13554,321,T,1,28657654,og_consensus_gaps5-8-10-12-15_core-gap10_min3_strict-v1
og_consensus_gaps5-8-10-12-15_core-gap10_min3_strict-v1:Q13554:320-333,Q13554,325,T,1,28657654,og_consensus_gaps5-8-10-12-15_core-gap10_min3_strict-v1
og_consensus_gaps5-8-10-12-15_core-gap10_min3_strict-v1:Q13554:320-333,Q13554,328,T,1,28657654,og_consensus_gaps5-8-10-12-15_core-gap10_min3_strict-v1
og_consensus_gaps5-8-10-12-15_core-gap10_min3_strict-v1:Q13554:320-333,Q13554,333,T,1,28657654,og_consensus_gaps5-8-10-12-15_core-gap10_min3_strict-v1
og_consensus_gaps5-8-10-12-15_core-gap10_min3_strict-v1:Q13576:595-599,Q13576,595,S,1,35254053,og_consensus_gaps5-8-10-12-15_core-gap10_min3_strict-v1
og_consensus_gaps5-8-10-12-15_core-gap10_min3_strict-v1:Q13576:595-599,Q13576,596,S,1,35254053,og_consensus_gaps5-8-10-12-15_core-gap10_min3_strict-v1
og_consensus_gaps5-8-10-12-15_core-gap10_min3_strict-v1:Q13576:595-599,Q13576,599,S,1,35254053,og_consensus_gaps5-8-10-12-15_core-gap10_min3_strict-v1
og_consensus_gaps5-8-10-12-15_core-gap10_min3_strict-v1:Q13620:139-152,Q13620,139,S,1,39531497,og_consensus_gaps5-8-10-12-15_core-gap10_min3_strict-v1
og_consensus_gaps5-8-10-12-15_core-gap10_min3_strict-v1:Q13620:139-152,Q13620,144,S,1,39531497,og_consensus_gaps5-8-10-12-15_core-gap10_min3_strict-v1
og_consensus_gaps5-8-10-12-15_core-gap10_min3_strict-v1:Q13620:139-152,Q13620,148,T,2,29351928;38838015,og_consensus_gaps5-8-10-12-15_core-gap10_min3_strict-v1
og_consensus_gaps5-8-10-12-15_core-gap10_min3_strict-v1:Q13620:139-152,Q13620,151,T,1,35132862,og_consensus_gaps5-8-10-12-15_core-gap10_min3_strict-v1
og_consensus_gaps5-8-10-12-15_core-gap10_min3_strict-v1:Q13620:139-152,Q13620,152,S,10,29237092;29351928;30059200;30620550;31492838;35254053;35513511;37541260;38838015;39531497,og_consensus_gaps5-8-10-12-15_core-gap10_min3_strict-v1
og_consensus_gaps5-8-10-12-15_core-gap10_min3_strict-v1:Q13952:339-346,Q13952,339,T,3,30059200;34846842;35289036,og_consensus_gaps5-8-10-12-15_core-gap10_min3_strict-v1
og_consensus_gaps5-8-10-12-15_core-gap10_min3_strict-v1:Q13952:339-346,Q13952,343,T,2,30059200;32574038,og_consensus_gaps5-8-10-12-15_core-gap10_min3_strict-v1
og_consensus_gaps5-8-10-12-15_core-gap10_min3_strict-v1:Q13952:339-346,Q13952,346,T,1,30059200,og_consensus_gaps5-8-10-12-15_core-gap10_min3_strict-v1
og_consensus_gaps5-8-10-12-15_core-gap10_min3_strict-v1:Q14004:1286-1292,Q14004,1286,T,6,29351928;30059200;30620550;31492838;35254053;39531497,og_consensus_gaps5-8-10-12-15_core-gap10_min3_strict-v1
og_consensus_gaps5-8-10-12-15_core-gap10_min3_strict-v1:Q14004:1286-1292,Q14004,1287,T,12,28314751;29351928;30059200;30620550;31492838;32938750;35254053;35513511;37541260;39302247;39531497;39534244,og_consensus_gaps5-8-10-12-15_core-gap10_min3_strict-v1
og_consensus_gaps5-8-10-12-15_core-gap10_min3_strict-v1:Q14004:1286-1292,Q14004,1288,S,10,29351928;30059200;31492838;35132862;35254053;35513511;37541260;39302247;39531497;39534244,og_consensus_gaps5-8-10-12-15_core-gap10_min3_strict-v1
og_consensus_gaps5-8-10-12-15_core-gap10_min3_strict-v1:Q14004:1286-1292,Q14004,1289,S,5,30059200;32574038;39302247;39531497;39534244,og_consensus_gaps5-8-10-12-15_core-gap10_min3_strict-v1
og_consensus_gaps5-8-10-12-15_core-gap10_min3_strict-v1:Q14004:1286-1292,Q14004,1290,S,4,34846842;35132862;39531497;39534244,og_consensus_gaps5-8-10-12-15_core-gap10_min3_strict-v1
og_consensus_gaps5-8-10-12-15_core-gap10_min3_strict-v1:Q14004:1286-1292,Q14004,1292,T,2,32574038;39534244,og_consensus_gaps5-8-10-12-15_core-gap10_min3_strict-v1
og_consensus_gaps5-8-10-12-15_core-gap10_min3_strict-v1:Q14119:108-144,Q14119,108,T,6,34846842;35254053;35289036;35705054;39531497;39534244,og_consensus_gaps5-8-10-12-15_core-gap10_min3_strict-v1
og_consensus_gaps5-8-10-12-15_core-gap10_min3_strict-v1:Q14119:108-144,Q14119,110,T,6,34846842;35254053;35289036;37541260;39531497;39534244,og_consensus_gaps5-8-10-12-15_core-gap10_min3_strict-v1
og_consensus_gaps5-8-10-12-15_core-gap10_min3_strict-v1:Q14119:108-144,Q14119,111,T,13,29237092;29351928;31492838;31637018;32938750;34846842;35132862;35254053;35289036;35705054;39302247;39531497;39534244,og_consensus_gaps5-8-10-12-15_core-gap10_min3_strict-v1
og_consensus_gaps5-8-10-12-15_core-gap10_min3_strict-v1:Q14119:108-144,Q14119,117,S,14,29237092;29351928;30059200;31492838;31637018;32938750;34846842;35132862;35254053;35289036;35705054;39302247;39531497;39534244,og_consensus_gaps5-8-10-12-15_core-gap10_min3_strict-v1
og_consensus_gaps5-8-10-12-15_core-gap10_min3_strict-v1:Q14119:108-144,Q14119,118,T,14,28657654;29237092;29351928;30059200;31492838;31637018;32938750;35254053;35289036;35705054;37541260;39302247;39531497;39534244,og_consensus_gaps5-8-10-12-15_core-gap10_min3_strict-v1
og_consensus_gaps5-8-10-12-15_core-gap10_min3_strict-v1:Q14119:108-144,Q14119,123,S,4,31637018;34846842;35289036;39302247,og_consensus_gaps5-8-10-12-15_core-gap10_min3_strict-v1
og_consensus_gaps5-8-10-12-15_core-gap10_min3_strict-v1:Q14119:108-144,Q14119,124,S,3,31637018;35289036;39302247,og_consensus_gaps5-8-10-12-15_core-gap10_min3_strict-v1
og_consensus_gaps5-8-10-12-15_core-gap10_min3_strict-v1:Q14119:108-144,Q14119,127,S,1,39534244,og_consensus_gaps5-8-10-12-15_core-gap10_min3_strict-v1
og_consensus_gaps5-8-10-12-15_core-gap10_min3_strict-v1:Q14119:108-144,Q14119,131,T,2,32938750;39534244,og_consensus_gaps5-8-10-12-15_core-gap10_min3_strict-v1
og_consensus_gaps5-8-10-12-15_core-gap10_min3_strict-v1:Q14119:108-144,Q14119,137,S,1,39534244,og_consensus_gaps5-8-10-12-15_core-gap10_min3_strict-v1
og_consensus_gaps5-8-10-12-15_core-gap10_min3_strict-v1:Q14119:108-144,Q14119,138,T,1,29351928,og_consensus_gaps5-8-10-12-15_core-gap10_min3_strict-v1
og_consensus_gaps5-8-10-12-15_core-gap10_min3_strict-v1:Q14119:108-144,Q14119,141,T,1,39534244,og_consensus_gaps5-8-10-12-15_core-gap10_min3_strict-v1
og_consensus_gaps5-8-10-12-15_core-gap10_min3_strict-v1:Q14119:108-144,Q14119,142,S,2,29351928;39534244,og_consensus_gaps5-8-10-12-15_core-gap10_min3_strict-v1
og_consensus_gaps5-8-10-12-15_core-gap10_min3_strict-v1:Q14119:108-144,Q14119,144,S,1,35254053,og_consensus_gaps5-8-10-12-15_core-gap10_min3_strict-v1
og_consensus_gaps5-8-10-12-15_core-gap10_min3_strict-v1:Q14119:402-406,Q14119,402,S,1,39531497,og_consensus_gaps5-8-10-12-15_core-gap10_min3_strict-v1
og_consensus_gaps5-8-10-12-15_core-gap10_min3_strict-v1:Q14119:402-406,Q14119,405,S,1,39531497,og_consensus_gaps5-8-10-12-15_core-gap10_min3_strict-v1
og_consensus_gaps5-8-10-12-15_core-gap10_min3_strict-v1:Q14119:402-406,Q14119,406,S,1,39531497,og_consensus_gaps5-8-10-12-15_core-gap10_min3_strict-v1
og_consensus_gaps5-8-10-12-15_core-gap10_min3_strict-v1:Q14145:388-391,Q14145,388,T,1,28663241,og_consensus_gaps5-8-10-12-15_core-gap10_min3_strict-v1
og_consensus_gaps5-8-10-12-15_core-gap10_min3_strict-v1:Q14145:388-391,Q14145,390,S,1,28663241,og_consensus_gaps5-8-10-12-15_core-gap10_min3_strict-v1
og_consensus_gaps5-8-10-12-15_core-gap10_min3_strict-v1:Q14145:388-391,Q14145,391,S,1,28663241,og_consensus_gaps5-8-10-12-15_core-gap10_min3_strict-v1
og_consensus_gaps5-8-10-12-15_core-gap10_min3_strict-v1:Q14157:260-266,Q14157,260,T,3,32938750;34846842;35254053,og_consensus_gaps5-8-10-12-15_core-gap10_min3_strict-v1
og_consensus_gaps5-8-10-12-15_core-gap10_min3_strict-v1:Q14157:260-266,Q14157,262,S,4,30620550;35254053;35513511;39534244,og_consensus_gaps5-8-10-12-15_core-gap10_min3_strict-v1
og_consensus_gaps5-8-10-12-15_core-gap10_min3_strict-v1:Q14157:260-266,Q14157,266,S,1,39534244,og_consensus_gaps5-8-10-12-15_core-gap10_min3_strict-v1
og_consensus_gaps5-8-10-12-15_core-gap10_min3_strict-v1:Q14157:322-334,Q14157,322,T,5,30059200;35254053;35513511;37541260;39531497,og_consensus_gaps5-8-10-12-15_core-gap10_min3_strict-v1
og_consensus_gaps5-8-10-12-15_core-gap10_min3_strict-v1:Q14157:322-334,Q14157,325,S,7,29351928;30059200;31492838;32938750;35254053;35513511;39531497,og_consensus_gaps5-8-10-12-15_core-gap10_min3_strict-v1
og_consensus_gaps5-8-10-12-15_core-gap10_min3_strict-v1:Q14157:322-334,Q14157,329,S,4,32574038;35254053;39531497;39534244,og_consensus_gaps5-8-10-12-15_core-gap10_min3_strict-v1
og_consensus_gaps5-8-10-12-15_core-gap10_min3_strict-v1:Q14157:322-334,Q14157,332,T,2,32574038;39534244,og_consensus_gaps5-8-10-12-15_core-gap10_min3_strict-v1
og_consensus_gaps5-8-10-12-15_core-gap10_min3_strict-v1:Q14157:322-334,Q14157,334,S,2,32574038;39534244,og_consensus_gaps5-8-10-12-15_core-gap10_min3_strict-v1
og_consensus_gaps5-8-10-12-15_core-gap10_min3_strict-v1:Q14157:380-389,Q14157,380,S,2,29351928;39302247,og_consensus_gaps5-8-10-12-15_core-gap10_min3_strict-v1
og_consensus_gaps5-8-10-12-15_core-gap10_min3_strict-v1:Q14157:380-389,Q14157,384,S,1,39534244,og_consensus_gaps5-8-10-12-15_core-gap10_min3_strict-v1
og_consensus_gaps5-8-10-12-15_core-gap10_min3_strict-v1:Q14157:380-389,Q14157,385,T,1,39534244,og_consensus_gaps5-8-10-12-15_core-gap10_min3_strict-v1
og_consensus_gaps5-8-10-12-15_core-gap10_min3_strict-v1:Q14157:380-389,Q14157,386,T,1,39534244,og_consensus_gaps5-8-10-12-15_core-gap10_min3_strict-v1
og_consensus_gaps5-8-10-12-15_core-gap10_min3_strict-v1:Q14157:380-389,Q14157,387,T,1,39534244,og_consensus_gaps5-8-10-12-15_core-gap10_min3_strict-v1
og_consensus_gaps5-8-10-12-15_core-gap10_min3_strict-v1:Q14157:380-389,Q14157,388,S,1,39534244,og_consensus_gaps5-8-10-12-15_core-gap10_min3_strict-v1
og_consensus_gaps5-8-10-12-15_core-gap10_min3_strict-v1:Q14157:380-389,Q14157,389,S,1,39534244,og_consensus_gaps5-8-10-12-15_core-gap10_min3_strict-v1
og_consensus_gaps5-8-10-12-15_core-gap10_min3_strict-v1:Q14157:425-458,Q14157,425,T,3,35254053;39531497;39534244,og_consensus_gaps5-8-10-12-15_core-gap10_min3_strict-v1
og_consensus_gaps5-8-10-12-15_core-gap10_min3_strict-v1:Q14157:425-458,Q14157,427,S,1,39534244,og_consensus_gaps5-8-10-12-15_core-gap10_min3_strict-v1
og_consensus_gaps5-8-10-12-15_core-gap10_min3_strict-v1:Q14157:425-458,Q14157,428,S,7,30059200;31492838;35254053;35513511;35705054;39531497;39534244,og_consensus_gaps5-8-10-12-15_core-gap10_min3_strict-v1
og_consensus_gaps5-8-10-12-15_core-gap10_min3_strict-v1:Q14157:425-458,Q14157,429,T,5,30059200;30620550;35254053;39531497;39534244,og_consensus_gaps5-8-10-12-15_core-gap10_min3_strict-v1
og_consensus_gaps5-8-10-12-15_core-gap10_min3_strict-v1:Q14157:425-458,Q14157,439,S,10,28604694;30059200;30379171;31637018;34846842;35254053;35289036;37541260;39531497;39534244,og_consensus_gaps5-8-10-12-15_core-gap10_min3_strict-v1
og_consensus_gaps5-8-10-12-15_core-gap10_min3_strict-v1:Q14157:425-458,Q14157,444,T,5,29249144;34105348;35254053;35289036;39534244,og_consensus_gaps5-8-10-12-15_core-gap10_min3_strict-v1
og_consensus_gaps5-8-10-12-15_core-gap10_min3_strict-v1:Q14157:425-458,Q14157,445,S,16,21740066;23301498;28604694;29249144;29351928;30059200;31373491;31492838;32938750;34105348;35254053;35289036;38838015;39302247;39531497;39534244,og_consensus_gaps5-8-10-12-15_core-gap10_min3_strict-v1
og_consensus_gaps5-8-10-12-15_core-gap10_min3_strict-v1:Q14157:425-458,Q14157,446,T,14,21740066;23301498;29249144;30059200;31492838;32574038;32938750;34105348;35132862;35254053;35289036;35705054;37541260;39534244,og_consensus_gaps5-8-10-12-15_core-gap10_min3_strict-v1
og_consensus_gaps5-8-10-12-15_core-gap10_min3_strict-v1:Q14157:425-458,Q14157,453,S,2,32574038;35289036,og_consensus_gaps5-8-10-12-15_core-gap10_min3_strict-v1
og_consensus_gaps5-8-10-12-15_core-gap10_min3_strict-v1:Q14157:425-458,Q14157,454,S,1,35132862,og_consensus_gaps5-8-10-12-15_core-gap10_min3_strict-v1
og_consensus_gaps5-8-10-12-15_core-gap10_min3_strict-v1:Q14157:425-458,Q14157,458,S,3,34846842;35254053;35289036,og_consensus_gaps5-8-10-12-15_core-gap10_min3_strict-v1
og_consensus_gaps5-8-10-12-15_core-gap10_min3_strict-v1:Q14157:534-543,Q14157,534,S,1,39531497,og_consensus_gaps5-8-10-12-15_core-gap10_min3_strict-v1
og_consensus_gaps5-8-10-12-15_core-gap10_min3_strict-v1:Q14157:534-543,Q14157,535,T,1,39531497,og_consensus_gaps5-8-10-12-15_core-gap10_min3_strict-v1
og_consensus_gaps5-8-10-12-15_core-gap10_min3_strict-v1:Q14157:534-543,Q14157,537,T,1,39531497,og_consensus_gaps5-8-10-12-15_core-gap10_min3_strict-v1
og_consensus_gaps5-8-10-12-15_core-gap10_min3_strict-v1:Q14157:534-543,Q14157,538,T,1,39531497,og_consensus_gaps5-8-10-12-15_core-gap10_min3_strict-v1
og_consensus_gaps5-8-10-12-15_core-gap10_min3_strict-v1:Q14157:534-543,Q14157,539,S,1,39531497,og_consensus_gaps5-8-10-12-15_core-gap10_min3_strict-v1
og_consensus_gaps5-8-10-12-15_core-gap10_min3_strict-v1:Q14157:534-543,Q14157,543,S,1,39531497,og_consensus_gaps5-8-10-12-15_core-gap10_min3_strict-v1
og_consensus_gaps5-8-10-12-15_core-gap10_min3_strict-v1:Q14157:689-691,Q14157,689,T,1,39531497,og_consensus_gaps5-8-10-12-15_core-gap10_min3_strict-v1
og_consensus_gaps5-8-10-12-15_core-gap10_min3_strict-v1:Q14157:689-691,Q14157,690,T,1,39531497,og_consensus_gaps5-8-10-12-15_core-gap10_min3_strict-v1
og_consensus_gaps5-8-10-12-15_core-gap10_min3_strict-v1:Q14157:689-691,Q14157,691,T,2,29351928;39531497,og_consensus_gaps5-8-10-12-15_core-gap10_min3_strict-v1
og_consensus_gaps5-8-10-12-15_core-gap10_min3_strict-v1:Q14157:731-744,Q14157,731,S,2,29351928;39531497,og_consensus_gaps5-8-10-12-15_core-gap10_min3_strict-v1
og_consensus_gaps5-8-10-12-15_core-gap10_min3_strict-v1:Q14157:731-744,Q14157,733,S,1,29351928,og_consensus_gaps5-8-10-12-15_core-gap10_min3_strict-v1
og_consensus_gaps5-8-10-12-15_core-gap10_min3_strict-v1:Q14157:731-744,Q14157,734,S,1,39531497,og_consensus_gaps5-8-10-12-15_core-gap10_min3_strict-v1
og_consensus_gaps5-8-10-12-15_core-gap10_min3_strict-v1:Q14157:731-744,Q14157,735,T,1,39531497,og_consensus_gaps5-8-10-12-15_core-gap10_min3_strict-v1
og_consensus_gaps5-8-10-12-15_core-gap10_min3_strict-v1:Q14157:731-744,Q14157,739,T,1,39531497,og_consensus_gaps5-8-10-12-15_core-gap10_min3_strict-v1
og_consensus_gaps5-8-10-12-15_core-gap10_min3_strict-v1:Q14157:731-744,Q14157,744,S,1,39531497,og_consensus_gaps5-8-10-12-15_core-gap10_min3_strict-v1
og_consensus_gaps5-8-10-12-15_core-gap10_min3_strict-v1:Q14157:776-784,Q14157,776,T,1,28657654,og_consensus_gaps5-8-10-12-15_core-gap10_min3_strict-v1
og_consensus_gaps5-8-10-12-15_core-gap10_min3_strict-v1:Q14157:776-784,Q14157,778,S,2,31637018;34846842,og_consensus_gaps5-8-10-12-15_core-gap10_min3_strict-v1
og_consensus_gaps5-8-10-12-15_core-gap10_min3_strict-v1:Q14157:776-784,Q14157,779,S,4,30620550;34846842;35254053;38838015,og_consensus_gaps5-8-10-12-15_core-gap10_min3_strict-v1
og_consensus_gaps5-8-10-12-15_core-gap10_min3_strict-v1:Q14157:776-784,Q14157,782,T,2,20068230;35254053,og_consensus_gaps5-8-10-12-15_core-gap10_min3_strict-v1
og_consensus_gaps5-8-10-12-15_core-gap10_min3_strict-v1:Q14157:776-784,Q14157,783,T,3,20068230;30620550;38838015,og_consensus_gaps5-8-10-12-15_core-gap10_min3_strict-v1
og_consensus_gaps5-8-10-12-15_core-gap10_min3_strict-v1:Q14157:776-784,Q14157,784,S,2,35254053;38838015,og_consensus_gaps5-8-10-12-15_core-gap10_min3_strict-v1
og_consensus_gaps5-8-10-12-15_core-gap10_min3_strict-v1:Q14157:841-863,Q14157,841,T,1,39534244,og_consensus_gaps5-8-10-12-15_core-gap10_min3_strict-v1
og_consensus_gaps5-8-10-12-15_core-gap10_min3_strict-v1:Q14157:841-863,Q14157,843,T,1,39534244,og_consensus_gaps5-8-10-12-15_core-gap10_min3_strict-v1
og_consensus_gaps5-8-10-12-15_core-gap10_min3_strict-v1:Q14157:841-863,Q14157,847,T,1,39534244,og_consensus_gaps5-8-10-12-15_core-gap10_min3_strict-v1
og_consensus_gaps5-8-10-12-15_core-gap10_min3_strict-v1:Q14157:841-863,Q14157,852,S,2,34846842;39531497,og_consensus_gaps5-8-10-12-15_core-gap10_min3_strict-v1
og_consensus_gaps5-8-10-12-15_core-gap10_min3_strict-v1:Q14157:841-863,Q14157,855,S,1,35705054,og_consensus_gaps5-8-10-12-15_core-gap10_min3_strict-v1
og_consensus_gaps5-8-10-12-15_core-gap10_min3_strict-v1:Q14157:841-863,Q14157,859,S,8,29237092;30059200;31492838;32938750;35254053;35513511;37541260;39531497,og_consensus_gaps5-8-10-12-15_core-gap10_min3_strict-v1
og_consensus_gaps5-8-10-12-15_core-gap10_min3_strict-v1:Q14157:841-863,Q14157,863,T,1,30059200,og_consensus_gaps5-8-10-12-15_core-gap10_min3_strict-v1
og_consensus_gaps5-8-10-12-15_core-gap10_min3_strict-v1:Q14157:887-893,Q14157,887,T,1,39534244,og_consensus_gaps5-8-10-12-15_core-gap10_min3_strict-v1
og_consensus_gaps5-8-10-12-15_core-gap10_min3_strict-v1:Q14157:887-893,Q14157,889,T,1,39534244,og_consensus_gaps5-8-10-12-15_core-gap10_min3_strict-v1
og_consensus_gaps5-8-10-12-15_core-gap10_min3_strict-v1:Q14157:887-893,Q14157,892,T,2,39531497;39534244,og_consensus_gaps5-8-10-12-15_core-gap10_min3_strict-v1
og_consensus_gaps5-8-10-12-15_core-gap10_min3_strict-v1:Q14157:887-893,Q14157,893,T,1,39534244,og_consensus_gaps5-8-10-12-15_core-gap10_min3_strict-v1
og_consensus_gaps5-8-10-12-15_core-gap10_min3_strict-v1:Q14157:936-952,Q14157,936,T,1,39534244,og_consensus_gaps5-8-10-12-15_core-gap10_min3_strict-v1
og_consensus_gaps5-8-10-12-15_core-gap10_min3_strict-v1:Q14157:936-952,Q14157,937,S,1,39534244,og_consensus_gaps5-8-10-12-15_core-gap10_min3_strict-v1
og_consensus_gaps5-8-10-12-15_core-gap10_min3_strict-v1:Q14157:936-952,Q14157,938,S,1,39534244,og_consensus_gaps5-8-10-12-15_core-gap10_min3_strict-v1
og_consensus_gaps5-8-10-12-15_core-gap10_min3_strict-v1:Q14157:936-952,Q14157,946,S,2,29351928;39534244,og_consensus_gaps5-8-10-12-15_core-gap10_min3_strict-v1
og_consensus_gaps5-8-10-12-15_core-gap10_min3_strict-v1:Q14157:936-952,Q14157,950,S,1,39534244,og_consensus_gaps5-8-10-12-15_core-gap10_min3_strict-v1
og_consensus_gaps5-8-10-12-15_core-gap10_min3_strict-v1:Q14157:936-952,Q14157,952,T,2,39531497;39534244,og_consensus_gaps5-8-10-12-15_core-gap10_min3_strict-v1
og_consensus_gaps5-8-10-12-15_core-gap10_min3_strict-v1:Q14161:551-557,Q14161,551,S,3,32938750;35254053;39531497,og_consensus_gaps5-8-10-12-15_core-gap10_min3_strict-v1
og_consensus_gaps5-8-10-12-15_core-gap10_min3_strict-v1:Q14161:551-557,Q14161,555,T,3,35254053;37541260;39531497,og_consensus_gaps5-8-10-12-15_core-gap10_min3_strict-v1
og_consensus_gaps5-8-10-12-15_core-gap10_min3_strict-v1:Q14161:551-557,Q14161,556,S,3,29351928;35254053;39531497,og_consensus_gaps5-8-10-12-15_core-gap10_min3_strict-v1
og_consensus_gaps5-8-10-12-15_core-gap10_min3_strict-v1:Q14161:551-557,Q14161,557,S,1,29351928,og_consensus_gaps5-8-10-12-15_core-gap10_min3_strict-v1
og_consensus_gaps5-8-10-12-15_core-gap10_min3_strict-v1:Q14247:322-337,Q14247,322,S,4,35254053;37541260;39302247;39531497,og_consensus_gaps5-8-10-12-15_core-gap10_min3_strict-v1
og_consensus_gaps5-8-10-12-15_core-gap10_min3_strict-v1:Q14247:322-337,Q14247,323,T,2,35132862;35254053,og_consensus_gaps5-8-10-12-15_core-gap10_min3_strict-v1
og_consensus_gaps5-8-10-12-15_core-gap10_min3_strict-v1:Q14247:322-337,Q14247,328,T,2,35132862;39531497,og_consensus_gaps5-8-10-12-15_core-gap10_min3_strict-v1
og_consensus_gaps5-8-10-12-15_core-gap10_min3_strict-v1:Q14247:322-337,Q14247,331,S,10,28657654;30059200;31373491;31492838;35132862;35254053;35513511;37541260;39531497;39534244,og_consensus_gaps5-8-10-12-15_core-gap10_min3_strict-v1
og_consensus_gaps5-8-10-12-15_core-gap10_min3_strict-v1:Q14247:322-337,Q14247,332,S,1,31492838,og_consensus_gaps5-8-10-12-15_core-gap10_min3_strict-v1
og_consensus_gaps5-8-10-12-15_core-gap10_min3_strict-v1:Q14247:322-337,Q14247,337,T,1,39531497,og_consensus_gaps5-8-10-12-15_core-gap10_min3_strict-v1
og_consensus_gaps5-8-10-12-15_core-gap10_min3_strict-v1:Q14444:470-488,Q14444,470,T,1,28604694,og_consensus_gaps5-8-10-12-15_core-gap10_min3_strict-v1
og_consensus_gaps5-8-10-12-15_core-gap10_min3_strict-v1:Q14444:470-488,Q14444,472,S,1,28604694,og_consensus_gaps5-8-10-12-15_core-gap10_min3_strict-v1
og_consensus_gaps5-8-10-12-15_core-gap10_min3_strict-v1:Q14444:470-488,Q14444,475,T,1,28604694,og_consensus_gaps5-8-10-12-15_core-gap10_min3_strict-v1
og_consensus_gaps5-8-10-12-15_core-gap10_min3_strict-v1:Q14444:470-488,Q14444,478,T,2,28604694;39534244,og_consensus_gaps5-8-10-12-15_core-gap10_min3_strict-v1
og_consensus_gaps5-8-10-12-15_core-gap10_min3_strict-v1:Q14444:470-488,Q14444,479,T,3,28604694;35254053;39531497,og_consensus_gaps5-8-10-12-15_core-gap10_min3_strict-v1
og_consensus_gaps5-8-10-12-15_core-gap10_min3_strict-v1:Q14444:470-488,Q14444,481,S,2,28604694;35254053,og_consensus_gaps5-8-10-12-15_core-gap10_min3_strict-v1
og_consensus_gaps5-8-10-12-15_core-gap10_min3_strict-v1:Q14444:470-488,Q14444,482,S,1,28604694,og_consensus_gaps5-8-10-12-15_core-gap10_min3_strict-v1
og_consensus_gaps5-8-10-12-15_core-gap10_min3_strict-v1:Q14444:470-488,Q14444,483,S,2,28604694;39534244,og_consensus_gaps5-8-10-12-15_core-gap10_min3_strict-v1
og_consensus_gaps5-8-10-12-15_core-gap10_min3_strict-v1:Q14444:470-488,Q14444,488,S,2,39531497;39534244,og_consensus_gaps5-8-10-12-15_core-gap10_min3_strict-v1
og_consensus_gaps5-8-10-12-15_core-gap10_min3_strict-v1:Q14667:1637-1640,Q14667,1637,T,1,39534244,og_consensus_gaps5-8-10-12-15_core-gap10_min3_strict-v1
og_consensus_gaps5-8-10-12-15_core-gap10_min3_strict-v1:Q14667:1637-1640,Q14667,1638,T,1,39534244,og_consensus_gaps5-8-10-12-15_core-gap10_min3_strict-v1
og_consensus_gaps5-8-10-12-15_core-gap10_min3_strict-v1:Q14667:1637-1640,Q14667,1640,S,1,39534244,og_consensus_gaps5-8-10-12-15_core-gap10_min3_strict-v1
og_consensus_gaps5-8-10-12-15_core-gap10_min3_strict-v1:Q14671:797-815,Q14671,797,S,7,30059200;30379171;31492838;35254053;35513511;37541260;39534244,og_consensus_gaps5-8-10-12-15_core-gap10_min3_strict-v1
og_consensus_gaps5-8-10-12-15_core-gap10_min3_strict-v1:Q14671:797-815,Q14671,799,S,7,28657654;29351928;30379171;35254053;38838015;39531497;39534244,og_consensus_gaps5-8-10-12-15_core-gap10_min3_strict-v1
og_consensus_gaps5-8-10-12-15_core-gap10_min3_strict-v1:Q14671:797-815,Q14671,800,S,7,29237092;30059200;31492838;35254053;35705054;39531497;39534244,og_consensus_gaps5-8-10-12-15_core-gap10_min3_strict-v1
og_consensus_gaps5-8-10-12-15_core-gap10_min3_strict-v1:Q14671:797-815,Q14671,802,S,1,35705054,og_consensus_gaps5-8-10-12-15_core-gap10_min3_strict-v1
og_consensus_gaps5-8-10-12-15_core-gap10_min3_strict-v1:Q14671:797-815,Q14671,803,S,2,35132862;39534244,og_consensus_gaps5-8-10-12-15_core-gap10_min3_strict-v1
og_consensus_gaps5-8-10-12-15_core-gap10_min3_strict-v1:Q14671:797-815,Q14671,806,S,2,35132862;39534244,og_consensus_gaps5-8-10-12-15_core-gap10_min3_strict-v1
og_consensus_gaps5-8-10-12-15_core-gap10_min3_strict-v1:Q14671:797-815,Q14671,808,S,1,39534244,og_consensus_gaps5-8-10-12-15_core-gap10_min3_strict-v1
og_consensus_gaps5-8-10-12-15_core-gap10_min3_strict-v1:Q14671:797-815,Q14671,809,S,1,39534244,og_consensus_gaps5-8-10-12-15_core-gap10_min3_strict-v1
og_consensus_gaps5-8-10-12-15_core-gap10_min3_strict-v1:Q14671:797-815,Q14671,810,T,1,39534244,og_consensus_gaps5-8-10-12-15_core-gap10_min3_strict-v1
og_consensus_gaps5-8-10-12-15_core-gap10_min3_strict-v1:Q14671:797-815,Q14671,815,S,1,39534244,og_consensus_gaps5-8-10-12-15_core-gap10_min3_strict-v1
og_consensus_gaps5-8-10-12-15_core-gap10_min3_strict-v1:Q14676:1130-1138,Q14676,1130,S,1,35289036,og_consensus_gaps5-8-10-12-15_core-gap10_min3_strict-v1
og_consensus_gaps5-8-10-12-15_core-gap10_min3_strict-v1:Q14676:1130-1138,Q14676,1132,S,3,32574038;35254053;35513511,og_consensus_gaps5-8-10-12-15_core-gap10_min3_strict-v1
og_consensus_gaps5-8-10-12-15_core-gap10_min3_strict-v1:Q14676:1130-1138,Q14676,1133,T,1,35254053,og_consensus_gaps5-8-10-12-15_core-gap10_min3_strict-v1
og_consensus_gaps5-8-10-12-15_core-gap10_min3_strict-v1:Q14676:1130-1138,Q14676,1138,T,2,35132862;35289036,og_consensus_gaps5-8-10-12-15_core-gap10_min3_strict-v1
og_consensus_gaps5-8-10-12-15_core-gap10_min3_strict-v1:Q14677:311-320,Q14677,311,S,1,31373491,og_consensus_gaps5-8-10-12-15_core-gap10_min3_strict-v1
og_consensus_gaps5-8-10-12-15_core-gap10_min3_strict-v1:Q14677:311-320,Q14677,316,S,1,35254053,og_consensus_gaps5-8-10-12-15_core-gap10_min3_strict-v1
og_consensus_gaps5-8-10-12-15_core-gap10_min3_strict-v1:Q14677:311-320,Q14677,320,S,2,35254053;38838015,og_consensus_gaps5-8-10-12-15_core-gap10_min3_strict-v1
og_consensus_gaps5-8-10-12-15_core-gap10_min3_strict-v1:Q14684:728-736,Q14684,728,T,9,32574038;34846842;35254053;35289036;35513511;37541260;38838015;39531497;39534244,og_consensus_gaps5-8-10-12-15_core-gap10_min3_strict-v1
og_consensus_gaps5-8-10-12-15_core-gap10_min3_strict-v1:Q14684:728-736,Q14684,730,T,4,30379171;32574038;35254053;35289036,og_consensus_gaps5-8-10-12-15_core-gap10_min3_strict-v1
og_consensus_gaps5-8-10-12-15_core-gap10_min3_strict-v1:Q14684:728-736,Q14684,731,S,11,20068230;23301498;30059200;30379171;31492838;32938750;35254053;35513511;35705054;38838015;39531497,og_consensus_gaps5-8-10-12-15_core-gap10_min3_strict-v1
og_consensus_gaps5-8-10-12-15_core-gap10_min3_strict-v1:Q14684:728-736,Q14684,732,S,3,35132862;35289036;35705054,og_consensus_gaps5-8-10-12-15_core-gap10_min3_strict-v1
og_consensus_gaps5-8-10-12-15_core-gap10_min3_strict-v1:Q14684:728-736,Q14684,735,S,2,35132862;39534244,og_consensus_gaps5-8-10-12-15_core-gap10_min3_strict-v1
og_consensus_gaps5-8-10-12-15_core-gap10_min3_strict-v1:Q14684:728-736,Q14684,736,S,1,32574038,og_consensus_gaps5-8-10-12-15_core-gap10_min3_strict-v1
og_consensus_gaps5-8-10-12-15_core-gap10_min3_strict-v1:Q14686:1232-1238,Q14686,1232,T,3,29351928;35513511;39534244,og_consensus_gaps5-8-10-12-15_core-gap10_min3_strict-v1
og_consensus_gaps5-8-10-12-15_core-gap10_min3_strict-v1:Q14686:1232-1238,Q14686,1235,S,1,29351928,og_consensus_gaps5-8-10-12-15_core-gap10_min3_strict-v1
og_consensus_gaps5-8-10-12-15_core-gap10_min3_strict-v1:Q14686:1232-1238,Q14686,1238,S,1,32574038,og_consensus_gaps5-8-10-12-15_core-gap10_min3_strict-v1
og_consensus_gaps5-8-10-12-15_core-gap10_min3_strict-v1:Q14686:1608-1618,Q14686,1608,T,1,38253038,og_consensus_gaps5-8-10-12-15_core-gap10_min3_strict-v1
og_consensus_gaps5-8-10-12-15_core-gap10_min3_strict-v1:Q14686:1608-1618,Q14686,1609,S,1,38253038,og_consensus_gaps5-8-10-12-15_core-gap10_min3_strict-v1
og_consensus_gaps5-8-10-12-15_core-gap10_min3_strict-v1:Q14686:1608-1618,Q14686,1612,T,1,38253038,og_consensus_gaps5-8-10-12-15_core-gap10_min3_strict-v1
og_consensus_gaps5-8-10-12-15_core-gap10_min3_strict-v1:Q14686:1608-1618,Q14686,1613,S,1,38253038,og_consensus_gaps5-8-10-12-15_core-gap10_min3_strict-v1
og_consensus_gaps5-8-10-12-15_core-gap10_min3_strict-v1:Q14686:1608-1618,Q14686,1618,T,1,38253038,og_consensus_gaps5-8-10-12-15_core-gap10_min3_strict-v1
og_consensus_gaps5-8-10-12-15_core-gap10_min3_strict-v1:Q14686:1641-1649,Q14686,1641,S,10,28604694;28657654;30059200;31492838;35254053;35513511;38253038;38838015;39531497;39534244,og_consensus_gaps5-8-10-12-15_core-gap10_min3_strict-v1
og_consensus_gaps5-8-10-12-15_core-gap10_min3_strict-v1:Q14686:1641-1649,Q14686,1645,S,2,35132862;38253038,og_consensus_gaps5-8-10-12-15_core-gap10_min3_strict-v1
og_consensus_gaps5-8-10-12-15_core-gap10_min3_strict-v1:Q14686:1641-1649,Q14686,1649,S,1,38838015,og_consensus_gaps5-8-10-12-15_core-gap10_min3_strict-v1
og_consensus_gaps5-8-10-12-15_core-gap10_min3_strict-v1:Q14686:1928-1933,Q14686,1928,S,1,35705054,og_consensus_gaps5-8-10-12-15_core-gap10_min3_strict-v1
og_consensus_gaps5-8-10-12-15_core-gap10_min3_strict-v1:Q14686:1928-1933,Q14686,1932,T,3,35254053;35705054;39534244,og_consensus_gaps5-8-10-12-15_core-gap10_min3_strict-v1
og_consensus_gaps5-8-10-12-15_core-gap10_min3_strict-v1:Q14686:1928-1933,Q14686,1933,T,8,29351928;30059200;31492838;32938750;35254053;38838015;39531497;39534244,og_consensus_gaps5-8-10-12-15_core-gap10_min3_strict-v1
og_consensus_gaps5-8-10-12-15_core-gap10_min3_strict-v1:Q14814:145-160,Q14814,145,T,1,39534244,og_consensus_gaps5-8-10-12-15_core-gap10_min3_strict-v1
og_consensus_gaps5-8-10-12-15_core-gap10_min3_strict-v1:Q14814:145-160,Q14814,149,S,4,28314751;29351928;39531497;39534244,og_consensus_gaps5-8-10-12-15_core-gap10_min3_strict-v1
og_consensus_gaps5-8-10-12-15_core-gap10_min3_strict-v1:Q14814:145-160,Q14814,152,S,1,39534244,og_consensus_gaps5-8-10-12-15_core-gap10_min3_strict-v1
og_consensus_gaps5-8-10-12-15_core-gap10_min3_strict-v1:Q14814:145-160,Q14814,153,S,2,29351928;39534244,og_consensus_gaps5-8-10-12-15_core-gap10_min3_strict-v1
og_consensus_gaps5-8-10-12-15_core-gap10_min3_strict-v1:Q14814:145-160,Q14814,157,S,3,29351928;39531497;39534244,og_consensus_gaps5-8-10-12-15_core-gap10_min3_strict-v1
og_consensus_gaps5-8-10-12-15_core-gap10_min3_strict-v1:Q14814:145-160,Q14814,160,S,2,39531497;39534244,og_consensus_gaps5-8-10-12-15_core-gap10_min3_strict-v1
og_consensus_gaps5-8-10-12-15_core-gap10_min3_strict-v1:Q14814:251-259,Q14814,251,S,3,34846842;35289036;39531497,og_consensus_gaps5-8-10-12-15_core-gap10_min3_strict-v1
og_consensus_gaps5-8-10-12-15_core-gap10_min3_strict-v1:Q14814:251-259,Q14814,256,T,1,32574038,og_consensus_gaps5-8-10-12-15_core-gap10_min3_strict-v1
og_consensus_gaps5-8-10-12-15_core-gap10_min3_strict-v1:Q14814:251-259,Q14814,258,S,8,29237092;29351928;30059200;31492838;34846842;35254053;35289036;39302247,og_consensus_gaps5-8-10-12-15_core-gap10_min3_strict-v1
og_consensus_gaps5-8-10-12-15_core-gap10_min3_strict-v1:Q14814:251-259,Q14814,259,T,2,32574038;35132862,og_consensus_gaps5-8-10-12-15_core-gap10_min3_strict-v1
og_consensus_gaps5-8-10-12-15_core-gap10_min3_strict-v1:Q14966:310-324,Q14966,310,S,1,39534244,og_consensus_gaps5-8-10-12-15_core-gap10_min3_strict-v1
og_consensus_gaps5-8-10-12-15_core-gap10_min3_strict-v1:Q14966:310-324,Q14966,314,S,1,39534244,og_consensus_gaps5-8-10-12-15_core-gap10_min3_strict-v1
og_consensus_gaps5-8-10-12-15_core-gap10_min3_strict-v1:Q14966:310-324,Q14966,318,T,1,39534244,og_consensus_gaps5-8-10-12-15_core-gap10_min3_strict-v1
og_consensus_gaps5-8-10-12-15_core-gap10_min3_strict-v1:Q14966:310-324,Q14966,320,S,1,39531497,og_consensus_gaps5-8-10-12-15_core-gap10_min3_strict-v1
og_consensus_gaps5-8-10-12-15_core-gap10_min3_strict-v1:Q14966:310-324,Q14966,322,T,2,39531497;39534244,og_consensus_gaps5-8-10-12-15_core-gap10_min3_strict-v1
og_consensus_gaps5-8-10-12-15_core-gap10_min3_strict-v1:Q14966:310-324,Q14966,324,S,1,39534244,og_consensus_gaps5-8-10-12-15_core-gap10_min3_strict-v1
og_consensus_gaps5-8-10-12-15_core-gap10_min3_strict-v1:Q14980:1840-1854,Q14980,1840,S,4,32574038;34846842;35254053;35289036,og_consensus_gaps5-8-10-12-15_core-gap10_min3_strict-v1
og_consensus_gaps5-8-10-12-15_core-gap10_min3_strict-v1:Q14980:1840-1854,Q14980,1844,S,7,20068230;23301498;30059200;31492838;32574038;35254053;39531497,og_consensus_gaps5-8-10-12-15_core-gap10_min3_strict-v1
og_consensus_gaps5-8-10-12-15_core-gap10_min3_strict-v1:Q14980:1840-1854,Q14980,1847,S,4,30620550;32574038;35289036;39534244,og_consensus_gaps5-8-10-12-15_core-gap10_min3_strict-v1
og_consensus_gaps5-8-10-12-15_core-gap10_min3_strict-v1:Q14980:1840-1854,Q14980,1851,T,1,32574038,og_consensus_gaps5-8-10-12-15_core-gap10_min3_strict-v1
og_consensus_gaps5-8-10-12-15_core-gap10_min3_strict-v1:Q14980:1840-1854,Q14980,1854,T,1,32574038,og_consensus_gaps5-8-10-12-15_core-gap10_min3_strict-v1
og_consensus_gaps5-8-10-12-15_core-gap10_min3_strict-v1:Q14980:2092-2094,Q14980,2092,T,4,35254053;35289036;39531497;39534244,og_consensus_gaps5-8-10-12-15_core-gap10_min3_strict-v1
og_consensus_gaps5-8-10-12-15_core-gap10_min3_strict-v1:Q14980:2092-2094,Q14980,2093,T,5,31492838;32574038;32938750;35254053;39531497,og_consensus_gaps5-8-10-12-15_core-gap10_min3_strict-v1
og_consensus_gaps5-8-10-12-15_core-gap10_min3_strict-v1:Q14980:2092-2094,Q14980,2094,T,2,34846842;39534244,og_consensus_gaps5-8-10-12-15_core-gap10_min3_strict-v1
og_consensus_gaps5-8-10-12-15_core-gap10_min3_strict-v1:Q15042:453-457,Q15042,453,S,1,39534244,og_consensus_gaps5-8-10-12-15_core-gap10_min3_strict-v1
og_consensus_gaps5-8-10-12-15_core-gap10_min3_strict-v1:Q15042:453-457,Q15042,455,S,1,39534244,og_consensus_gaps5-8-10-12-15_core-gap10_min3_strict-v1
og_consensus_gaps5-8-10-12-15_core-gap10_min3_strict-v1:Q15042:453-457,Q15042,457,T,1,39534244,og_consensus_gaps5-8-10-12-15_core-gap10_min3_strict-v1
og_consensus_gaps5-8-10-12-15_core-gap10_min3_strict-v1:Q15058:223-227,Q15058,223,S,5,30059200;32938750;35254053;39531497;39534244,og_consensus_gaps5-8-10-12-15_core-gap10_min3_strict-v1
og_consensus_gaps5-8-10-12-15_core-gap10_min3_strict-v1:Q15058:223-227,Q15058,225,S,1,39531497,og_consensus_gaps5-8-10-12-15_core-gap10_min3_strict-v1
og_consensus_gaps5-8-10-12-15_core-gap10_min3_strict-v1:Q15058:223-227,Q15058,227,T,1,39534244,og_consensus_gaps5-8-10-12-15_core-gap10_min3_strict-v1
og_consensus_gaps5-8-10-12-15_core-gap10_min3_strict-v1:Q15154:1235-1238,Q15154,1235,S,1,39534244,og_consensus_gaps5-8-10-12-15_core-gap10_min3_strict-v1
og_consensus_gaps5-8-10-12-15_core-gap10_min3_strict-v1:Q15154:1235-1238,Q15154,1237,S,1,39534244,og_consensus_gaps5-8-10-12-15_core-gap10_min3_strict-v1
og_consensus_gaps5-8-10-12-15_core-gap10_min3_strict-v1:Q15154:1235-1238,Q15154,1238,S,1,39534244,og_consensus_gaps5-8-10-12-15_core-gap10_min3_strict-v1
og_consensus_gaps5-8-10-12-15_core-gap10_min3_strict-v1:Q15437:641-643,Q15437,641,S,1,29161034,og_consensus_gaps5-8-10-12-15_core-gap10_min3_strict-v1
og_consensus_gaps5-8-10-12-15_core-gap10_min3_strict-v1:Q15437:641-643,Q15437,642,S,1,29161034,og_consensus_gaps5-8-10-12-15_core-gap10_min3_strict-v1
og_consensus_gaps5-8-10-12-15_core-gap10_min3_strict-v1:Q15437:641-643,Q15437,643,S,1,29161034,og_consensus_gaps5-8-10-12-15_core-gap10_min3_strict-v1
og_consensus_gaps5-8-10-12-15_core-gap10_min3_strict-v1:Q15459:588-592,Q15459,588,T,1,39302247,og_consensus_gaps5-8-10-12-15_core-gap10_min3_strict-v1
og_consensus_gaps5-8-10-12-15_core-gap10_min3_strict-v1:Q15459:588-592,Q15459,589,T,1,39302247,og_consensus_gaps5-8-10-12-15_core-gap10_min3_strict-v1
og_consensus_gaps5-8-10-12-15_core-gap10_min3_strict-v1:Q15459:588-592,Q15459,592,S,1,39302247,og_consensus_gaps5-8-10-12-15_core-gap10_min3_strict-v1
og_consensus_gaps5-8-10-12-15_core-gap10_min3_strict-v1:Q15637:328-342,Q15637,328,S,9,28604694;29351928;30059200;30620550;31492838;35254053;37541260;39531497;39534244,og_consensus_gaps5-8-10-12-15_core-gap10_min3_strict-v1
og_consensus_gaps5-8-10-12-15_core-gap10_min3_strict-v1:Q15637:328-342,Q15637,331,S,3,35289036;39531497;39534244,og_consensus_gaps5-8-10-12-15_core-gap10_min3_strict-v1
og_consensus_gaps5-8-10-12-15_core-gap10_min3_strict-v1:Q15637:328-342,Q15637,333,S,1,39531497,og_consensus_gaps5-8-10-12-15_core-gap10_min3_strict-v1
og_consensus_gaps5-8-10-12-15_core-gap10_min3_strict-v1:Q15637:328-342,Q15637,337,T,1,39531497,og_consensus_gaps5-8-10-12-15_core-gap10_min3_strict-v1
og_consensus_gaps5-8-10-12-15_core-gap10_min3_strict-v1:Q15637:328-342,Q15637,338,T,1,39531497,og_consensus_gaps5-8-10-12-15_core-gap10_min3_strict-v1
og_consensus_gaps5-8-10-12-15_core-gap10_min3_strict-v1:Q15637:328-342,Q15637,342,S,1,35289036,og_consensus_gaps5-8-10-12-15_core-gap10_min3_strict-v1
og_consensus_gaps5-8-10-12-15_core-gap10_min3_strict-v1:Q15648:616-623,Q15648,616,S,1,39534244,og_consensus_gaps5-8-10-12-15_core-gap10_min3_strict-v1
og_consensus_gaps5-8-10-12-15_core-gap10_min3_strict-v1:Q15648:616-623,Q15648,620,S,1,39534244,og_consensus_gaps5-8-10-12-15_core-gap10_min3_strict-v1
og_consensus_gaps5-8-10-12-15_core-gap10_min3_strict-v1:Q15648:616-623,Q15648,623,T,1,39534244,og_consensus_gaps5-8-10-12-15_core-gap10_min3_strict-v1
og_consensus_gaps5-8-10-12-15_core-gap10_min3_strict-v1:Q15648:1021-1040,Q15648,1021,S,3,34846842;35289036;39534244,og_consensus_gaps5-8-10-12-15_core-gap10_min3_strict-v1
og_consensus_gaps5-8-10-12-15_core-gap10_min3_strict-v1:Q15648:1021-1040,Q15648,1023,S,1,34846842,og_consensus_gaps5-8-10-12-15_core-gap10_min3_strict-v1
og_consensus_gaps5-8-10-12-15_core-gap10_min3_strict-v1:Q15648:1021-1040,Q15648,1027,S,1,30379171,og_consensus_gaps5-8-10-12-15_core-gap10_min3_strict-v1
og_consensus_gaps5-8-10-12-15_core-gap10_min3_strict-v1:Q15648:1021-1040,Q15648,1032,T,2,39531497;39534244,og_consensus_gaps5-8-10-12-15_core-gap10_min3_strict-v1
og_consensus_gaps5-8-10-12-15_core-gap10_min3_strict-v1:Q15648:1021-1040,Q15648,1035,T,1,35289036,og_consensus_gaps5-8-10-12-15_core-gap10_min3_strict-v1
og_consensus_gaps5-8-10-12-15_core-gap10_min3_strict-v1:Q15648:1021-1040,Q15648,1036,S,4,29351928;35254053;39531497;39534244,og_consensus_gaps5-8-10-12-15_core-gap10_min3_strict-v1
og_consensus_gaps5-8-10-12-15_core-gap10_min3_strict-v1:Q15648:1021-1040,Q15648,1040,S,1,39534244,og_consensus_gaps5-8-10-12-15_core-gap10_min3_strict-v1
og_consensus_gaps5-8-10-12-15_core-gap10_min3_strict-v1:Q15648:1263-1270,Q15648,1263,S,2,35254053;35513511,og_consensus_gaps5-8-10-12-15_core-gap10_min3_strict-v1
og_consensus_gaps5-8-10-12-15_core-gap10_min3_strict-v1:Q15648:1263-1270,Q15648,1265,S,1,35254053,og_consensus_gaps5-8-10-12-15_core-gap10_min3_strict-v1
og_consensus_gaps5-8-10-12-15_core-gap10_min3_strict-v1:Q15648:1263-1270,Q15648,1270,S,1,39531497,og_consensus_gaps5-8-10-12-15_core-gap10_min3_strict-v1
og_consensus_gaps5-8-10-12-15_core-gap10_min3_strict-v1:Q15652:650-655,Q15652,650,T,7,21158410;30059200;30620550;34846842;35254053;38838015;39534244,og_consensus_gaps5-8-10-12-15_core-gap10_min3_strict-v1
og_consensus_gaps5-8-10-12-15_core-gap10_min3_strict-v1:Q15652:650-655,Q15652,652,S,1,30059200,og_consensus_gaps5-8-10-12-15_core-gap10_min3_strict-v1
og_consensus_gaps5-8-10-12-15_core-gap10_min3_strict-v1:Q15652:650-655,Q15652,655,S,1,32574038,og_consensus_gaps5-8-10-12-15_core-gap10_min3_strict-v1
og_consensus_gaps5-8-10-12-15_core-gap10_min3_strict-v1:Q15652:1083-1098,Q15652,1083,S,2,35254053;39534244,og_consensus_gaps5-8-10-12-15_core-gap10_min3_strict-v1
og_consensus_gaps5-8-10-12-15_core-gap10_min3_strict-v1:Q15652:1083-1098,Q15652,1087,S,7,30059200;31492838;32938750;35254053;35513511;39531497;39534244,og_consensus_gaps5-8-10-12-15_core-gap10_min3_strict-v1
og_consensus_gaps5-8-10-12-15_core-gap10_min3_strict-v1:Q15652:1083-1098,Q15652,1091,S,4,31637018;35254053;35705054;39531497,og_consensus_gaps5-8-10-12-15_core-gap10_min3_strict-v1
og_consensus_gaps5-8-10-12-15_core-gap10_min3_strict-v1:Q15652:1083-1098,Q15652,1095,T,2,39531497;39534244,og_consensus_gaps5-8-10-12-15_core-gap10_min3_strict-v1
og_consensus_gaps5-8-10-12-15_core-gap10_min3_strict-v1:Q15652:1083-1098,Q15652,1096,T,1,39531497,og_consensus_gaps5-8-10-12-15_core-gap10_min3_strict-v1
og_consensus_gaps5-8-10-12-15_core-gap10_min3_strict-v1:Q15652:1083-1098,Q15652,1098,S,2,34846842;39534244,og_consensus_gaps5-8-10-12-15_core-gap10_min3_strict-v1
og_consensus_gaps5-8-10-12-15_core-gap10_min3_strict-v1:Q15652:1185-1194,Q15652,1185,S,6,34846842;35254053;35289036;35513511;39531497;39534244,og_consensus_gaps5-8-10-12-15_core-gap10_min3_strict-v1
og_consensus_gaps5-8-10-12-15_core-gap10_min3_strict-v1:Q15652:1185-1194,Q15652,1190,T,1,35254053,og_consensus_gaps5-8-10-12-15_core-gap10_min3_strict-v1
og_consensus_gaps5-8-10-12-15_core-gap10_min3_strict-v1:Q15652:1185-1194,Q15652,1192,S,6,29237092;30059200;31492838;32938750;35254053;39531497,og_consensus_gaps5-8-10-12-15_core-gap10_min3_strict-v1
og_consensus_gaps5-8-10-12-15_core-gap10_min3_strict-v1:Q15652:1185-1194,Q15652,1193,S,1,34846842,og_consensus_gaps5-8-10-12-15_core-gap10_min3_strict-v1
og_consensus_gaps5-8-10-12-15_core-gap10_min3_strict-v1:Q15652:1185-1194,Q15652,1194,T,1,32938750,og_consensus_gaps5-8-10-12-15_core-gap10_min3_strict-v1
og_consensus_gaps5-8-10-12-15_core-gap10_min3_strict-v1:Q15652:1376-1383,Q15652,1376,S,2,32938750;39531497,og_consensus_gaps5-8-10-12-15_core-gap10_min3_strict-v1
og_consensus_gaps5-8-10-12-15_core-gap10_min3_strict-v1:Q15652:1376-1383,Q15652,1379,S,3,32938750;35254053;39531497,og_consensus_gaps5-8-10-12-15_core-gap10_min3_strict-v1
og_consensus_gaps5-8-10-12-15_core-gap10_min3_strict-v1:Q15652:1376-1383,Q15652,1382,S,1,39531497,og_consensus_gaps5-8-10-12-15_core-gap10_min3_strict-v1
og_consensus_gaps5-8-10-12-15_core-gap10_min3_strict-v1:Q15652:1376-1383,Q15652,1383,S,2,32938750;39531497,og_consensus_gaps5-8-10-12-15_core-gap10_min3_strict-v1
og_consensus_gaps5-8-10-12-15_core-gap10_min3_strict-v1:Q15652:1451-1460,Q15652,1451,S,2,30059200;35254053,og_consensus_gaps5-8-10-12-15_core-gap10_min3_strict-v1
og_consensus_gaps5-8-10-12-15_core-gap10_min3_strict-v1:Q15652:1451-1460,Q15652,1452,T,4,20068230;30059200;35254053;35705054,og_consensus_gaps5-8-10-12-15_core-gap10_min3_strict-v1
og_consensus_gaps5-8-10-12-15_core-gap10_min3_strict-v1:Q15652:1451-1460,Q15652,1453,T,5,20068230;28657654;35254053;39302247;39531497,og_consensus_gaps5-8-10-12-15_core-gap10_min3_strict-v1
og_consensus_gaps5-8-10-12-15_core-gap10_min3_strict-v1:Q15652:1451-1460,Q15652,1457,T,9,20068230;28657654;30059200;34846842;35254053;37541260;38838015;39302247;39531497,og_consensus_gaps5-8-10-12-15_core-gap10_min3_strict-v1
og_consensus_gaps5-8-10-12-15_core-gap10_min3_strict-v1:Q15652:1451-1460,Q15652,1460,S,1,35705054,og_consensus_gaps5-8-10-12-15_core-gap10_min3_strict-v1
og_consensus_gaps5-8-10-12-15_core-gap10_min3_strict-v1:Q15654:153-158,Q15654,153,T,3,32574038;35254053;39534244,og_consensus_gaps5-8-10-12-15_core-gap10_min3_strict-v1
og_consensus_gaps5-8-10-12-15_core-gap10_min3_strict-v1:Q15654:153-158,Q15654,156,S,2,32574038;35254053,og_consensus_gaps5-8-10-12-15_core-gap10_min3_strict-v1
og_consensus_gaps5-8-10-12-15_core-gap10_min3_strict-v1:Q15654:153-158,Q15654,158,T,2,32938750;35254053,og_consensus_gaps5-8-10-12-15_core-gap10_min3_strict-v1
og_consensus_gaps5-8-10-12-15_core-gap10_min3_strict-v1:Q15691:154-157,Q15691,154,T,2,31373491;35513511,og_consensus_gaps5-8-10-12-15_core-gap10_min3_strict-v1
og_consensus_gaps5-8-10-12-15_core-gap10_min3_strict-v1:Q15691:154-157,Q15691,155,S,4,30059200;31373491;31492838;35513511,og_consensus_gaps5-8-10-12-15_core-gap10_min3_strict-v1
og_consensus_gaps5-8-10-12-15_core-gap10_min3_strict-v1:Q15691:154-157,Q15691,156,S,1,31373491,og_consensus_gaps5-8-10-12-15_core-gap10_min3_strict-v1
og_consensus_gaps5-8-10-12-15_core-gap10_min3_strict-v1:Q15691:154-157,Q15691,157,S,1,39534244,og_consensus_gaps5-8-10-12-15_core-gap10_min3_strict-v1
og_consensus_gaps5-8-10-12-15_core-gap10_min3_strict-v1:Q15723:369-382,Q15723,369,S,1,35289036,og_consensus_gaps5-8-10-12-15_core-gap10_min3_strict-v1
og_consensus_gaps5-8-10-12-15_core-gap10_min3_strict-v1:Q15723:369-382,Q15723,370,S,2,30059200;35254053,og_consensus_gaps5-8-10-12-15_core-gap10_min3_strict-v1
og_consensus_gaps5-8-10-12-15_core-gap10_min3_strict-v1:Q15723:369-382,Q15723,372,S,8,30620550;31492838;32574038;34846842;35254053;35289036;37541260;39531497,og_consensus_gaps5-8-10-12-15_core-gap10_min3_strict-v1
og_consensus_gaps5-8-10-12-15_core-gap10_min3_strict-v1:Q15723:369-382,Q15723,374,T,4,31492838;35132862;35254053;39531497,og_consensus_gaps5-8-10-12-15_core-gap10_min3_strict-v1
og_consensus_gaps5-8-10-12-15_core-gap10_min3_strict-v1:Q15723:369-382,Q15723,375,T,9,23301498;29351928;30059200;30620550;31492838;32938750;35254053;35289036;38838015,og_consensus_gaps5-8-10-12-15_core-gap10_min3_strict-v1
og_consensus_gaps5-8-10-12-15_core-gap10_min3_strict-v1:Q15723:369-382,Q15723,376,T,8,23301498;29351928;30059200;31492838;35132862;35254053;37541260;38838015,og_consensus_gaps5-8-10-12-15_core-gap10_min3_strict-v1
og_consensus_gaps5-8-10-12-15_core-gap10_min3_strict-v1:Q15723:369-382,Q15723,378,S,3,34846842;35132862;35289036,og_consensus_gaps5-8-10-12-15_core-gap10_min3_strict-v1
og_consensus_gaps5-8-10-12-15_core-gap10_min3_strict-v1:Q15723:369-382,Q15723,380,S,1,35289036,og_consensus_gaps5-8-10-12-15_core-gap10_min3_strict-v1
og_consensus_gaps5-8-10-12-15_core-gap10_min3_strict-v1:Q15723:369-382,Q15723,382,T,1,35289036,og_consensus_gaps5-8-10-12-15_core-gap10_min3_strict-v1
og_consensus_gaps5-8-10-12-15_core-gap10_min3_strict-v1:Q15723:497-505,Q15723,497,T,5,35254053;35289036;37541260;39531497;39534244,og_consensus_gaps5-8-10-12-15_core-gap10_min3_strict-v1
og_consensus_gaps5-8-10-12-15_core-gap10_min3_strict-v1:Q15723:497-505,Q15723,500,S,12,23301498;29237092;29351928;30059200;31492838;32938750;35132862;35254053;35289036;35513511;39531497;39534244,og_consensus_gaps5-8-10-12-15_core-gap10_min3_strict-v1
og_consensus_gaps5-8-10-12-15_core-gap10_min3_strict-v1:Q15723:497-505,Q15723,505,T,1,39534244,og_consensus_gaps5-8-10-12-15_core-gap10_min3_strict-v1
og_consensus_gaps5-8-10-12-15_core-gap10_min3_strict-v1:Q15750:391-401,Q15750,391,S,4,28609614;35254053;35705054;39534244,og_consensus_gaps5-8-10-12-15_core-gap10_min3_strict-v1
og_consensus_gaps5-8-10-12-15_core-gap10_min3_strict-v1:Q15750:391-401,Q15750,395,S,19,22307082;23301498;28609614;28657654;29237092;29351928;30059200;31492838;32510947;32574038;32938750;35132862;35254053;35513511;35705054;37541260;38838015;39531497;39534244,og_consensus_gaps5-8-10-12-15_core-gap10_min3_strict-v1
og_consensus_gaps5-8-10-12-15_core-gap10_min3_strict-v1:Q15750:391-401,Q15750,396,S,8,30059200;31492838;32510947;32574038;35132862;35254053;35513511;37541260,og_consensus_gaps5-8-10-12-15_core-gap10_min3_strict-v1
og_consensus_gaps5-8-10-12-15_core-gap10_min3_strict-v1:Q15750:391-401,Q15750,399,S,4,32510947;32574038;35254053;39534244,og_consensus_gaps5-8-10-12-15_core-gap10_min3_strict-v1
og_consensus_gaps5-8-10-12-15_core-gap10_min3_strict-v1:Q15750:391-401,Q15750,400,T,2,32574038;39534244,og_consensus_gaps5-8-10-12-15_core-gap10_min3_strict-v1
og_consensus_gaps5-8-10-12-15_core-gap10_min3_strict-v1:Q15750:391-401,Q15750,401,S,3,32510947;35289036;39534244,og_consensus_gaps5-8-10-12-15_core-gap10_min3_strict-v1
og_consensus_gaps5-8-10-12-15_core-gap10_min3_strict-v1:Q15788:638-640,Q15788,638,T,3,35254053;37541260;39531497,og_consensus_gaps5-8-10-12-15_core-gap10_min3_strict-v1
og_consensus_gaps5-8-10-12-15_core-gap10_min3_strict-v1:Q15788:638-640,Q15788,639,T,1,28657654,og_consensus_gaps5-8-10-12-15_core-gap10_min3_strict-v1
og_consensus_gaps5-8-10-12-15_core-gap10_min3_strict-v1:Q15788:638-640,Q15788,640,T,2,28657654;39302247,og_consensus_gaps5-8-10-12-15_core-gap10_min3_strict-v1
og_consensus_gaps5-8-10-12-15_core-gap10_min3_strict-v1:Q15942:7-15,Q15942,7,S,2,35254053;35513511,og_consensus_gaps5-8-10-12-15_core-gap10_min3_strict-v1
og_consensus_gaps5-8-10-12-15_core-gap10_min3_strict-v1:Q15942:7-15,Q15942,11,S,6,29351928;30059200;31373491;35254053;39531497;39534244,og_consensus_gaps5-8-10-12-15_core-gap10_min3_strict-v1
og_consensus_gaps5-8-10-12-15_core-gap10_min3_strict-v1:Q15942:7-15,Q15942,13,S,10,29237092;29351928;30059200;31373491;31492838;35132862;35254053;35513511;39531497;39534244,og_consensus_gaps5-8-10-12-15_core-gap10_min3_strict-v1
og_consensus_gaps5-8-10-12-15_core-gap10_min3_strict-v1:Q15942:7-15,Q15942,15,S,8,29237092;29351928;30059200;31373491;31492838;35132862;39531497;39534244,og_consensus_gaps5-8-10-12-15_core-gap10_min3_strict-v1
og_consensus_gaps5-8-10-12-15_core-gap10_min3_strict-v1:Q15942:240-250,Q15942,240,S,4,29351928;32574038;35254053;39534244,og_consensus_gaps5-8-10-12-15_core-gap10_min3_strict-v1
og_consensus_gaps5-8-10-12-15_core-gap10_min3_strict-v1:Q15942:240-250,Q15942,242,T,2,39531497;39534244,og_consensus_gaps5-8-10-12-15_core-gap10_min3_strict-v1
og_consensus_gaps5-8-10-12-15_core-gap10_min3_strict-v1:Q15942:240-250,Q15942,246,S,13,28657654;29351928;30059200;31492838;31637018;35132862;35227760;35254053;35513511;37541260;39302247;39531497;39534244,og_consensus_gaps5-8-10-12-15_core-gap10_min3_strict-v1
og_consensus_gaps5-8-10-12-15_core-gap10_min3_strict-v1:Q15942:240-250,Q15942,250,T,3,35289036;39531497;39534244,og_consensus_gaps5-8-10-12-15_core-gap10_min3_strict-v1
og_consensus_gaps5-8-10-12-15_core-gap10_min3_strict-v1:Q16186:209-225,Q16186,209,S,1,39534244,og_consensus_gaps5-8-10-12-15_core-gap10_min3_strict-v1
og_consensus_gaps5-8-10-12-15_core-gap10_min3_strict-v1:Q16186:209-225,Q16186,211,S,11,29351928;30059200;30379171;30620550;31492838;32574038;35254053;35289036;35705054;37541260;38838015,og_consensus_gaps5-8-10-12-15_core-gap10_min3_strict-v1
og_consensus_gaps5-8-10-12-15_core-gap10_min3_strict-v1:Q16186:209-225,Q16186,213,S,9,23301498;29351928;30059200;30379171;30620550;35254053;35705054;38838015;39534244,og_consensus_gaps5-8-10-12-15_core-gap10_min3_strict-v1
og_consensus_gaps5-8-10-12-15_core-gap10_min3_strict-v1:Q16186:209-225,Q16186,217,T,1,35132862,og_consensus_gaps5-8-10-12-15_core-gap10_min3_strict-v1
og_consensus_gaps5-8-10-12-15_core-gap10_min3_strict-v1:Q16186:209-225,Q16186,219,S,4,32574038;34105348;34846842;35254053,og_consensus_gaps5-8-10-12-15_core-gap10_min3_strict-v1
og_consensus_gaps5-8-10-12-15_core-gap10_min3_strict-v1:Q16186:209-225,Q16186,220,S,9,30059200;31373491;31492838;32574038;34105348;34846842;35254053;35705054;38838015,og_consensus_gaps5-8-10-12-15_core-gap10_min3_strict-v1
og_consensus_gaps5-8-10-12-15_core-gap10_min3_strict-v1:Q16186:209-225,Q16186,221,T,12,29351928;30059200;30379171;30620550;31492838;32574038;34105348;35254053;35513511;37541260;38838015;39534244,og_consensus_gaps5-8-10-12-15_core-gap10_min3_strict-v1
og_consensus_gaps5-8-10-12-15_core-gap10_min3_strict-v1:Q16186:209-225,Q16186,222,T,2,32574038;34105348,og_consensus_gaps5-8-10-12-15_core-gap10_min3_strict-v1
og_consensus_gaps5-8-10-12-15_core-gap10_min3_strict-v1:Q16186:209-225,Q16186,223,S,2,32574038;35289036,og_consensus_gaps5-8-10-12-15_core-gap10_min3_strict-v1
og_consensus_gaps5-8-10-12-15_core-gap10_min3_strict-v1:Q16186:209-225,Q16186,224,S,2,32574038;35705054,og_consensus_gaps5-8-10-12-15_core-gap10_min3_strict-v1
og_consensus_gaps5-8-10-12-15_core-gap10_min3_strict-v1:Q16186:209-225,Q16186,225,T,2,32574038;35705054,og_consensus_gaps5-8-10-12-15_core-gap10_min3_strict-v1
og_consensus_gaps5-8-10-12-15_core-gap10_min3_strict-v1:Q16204:367-386,Q16204,367,S,2,39531497;39534244,og_consensus_gaps5-8-10-12-15_core-gap10_min3_strict-v1
og_consensus_gaps5-8-10-12-15_core-gap10_min3_strict-v1:Q16204:367-386,Q16204,371,S,1,39534244,og_consensus_gaps5-8-10-12-15_core-gap10_min3_strict-v1
og_consensus_gaps5-8-10-12-15_core-gap10_min3_strict-v1:Q16204:367-386,Q16204,374,S,1,39534244,og_consensus_gaps5-8-10-12-15_core-gap10_min3_strict-v1
og_consensus_gaps5-8-10-12-15_core-gap10_min3_strict-v1:Q16204:367-386,Q16204,376,T,1,39534244,og_consensus_gaps5-8-10-12-15_core-gap10_min3_strict-v1
og_consensus_gaps5-8-10-12-15_core-gap10_min3_strict-v1:Q16204:367-386,Q16204,383,T,1,39534244,og_consensus_gaps5-8-10-12-15_core-gap10_min3_strict-v1
og_consensus_gaps5-8-10-12-15_core-gap10_min3_strict-v1:Q16204:367-386,Q16204,384,S,2,30059200;39534244,og_consensus_gaps5-8-10-12-15_core-gap10_min3_strict-v1
og_consensus_gaps5-8-10-12-15_core-gap10_min3_strict-v1:Q16204:367-386,Q16204,386,T,1,39534244,og_consensus_gaps5-8-10-12-15_core-gap10_min3_strict-v1
og_consensus_gaps5-8-10-12-15_core-gap10_min3_strict-v1:Q16555:507-517,Q16555,507,S,2,35132862;35705054,og_consensus_gaps5-8-10-12-15_core-gap10_min3_strict-v1
og_consensus_gaps5-8-10-12-15_core-gap10_min3_strict-v1:Q16555:507-517,Q16555,512,T,2,28657654;31637018,og_consensus_gaps5-8-10-12-15_core-gap10_min3_strict-v1
og_consensus_gaps5-8-10-12-15_core-gap10_min3_strict-v1:Q16555:507-517,Q16555,517,S,1,28808029,og_consensus_gaps5-8-10-12-15_core-gap10_min3_strict-v1
og_consensus_gaps5-8-10-12-15_core-gap10_min3_strict-v1:Q16594:149-155,Q16594,149,S,1,35289036,og_consensus_gaps5-8-10-12-15_core-gap10_min3_strict-v1
og_consensus_gaps5-8-10-12-15_core-gap10_min3_strict-v1:Q16594:149-155,Q16594,152,S,2,35132862;39531497,og_consensus_gaps5-8-10-12-15_core-gap10_min3_strict-v1
og_consensus_gaps5-8-10-12-15_core-gap10_min3_strict-v1:Q16594:149-155,Q16594,155,S,4,35254053;35289036;35513511;39531497,og_consensus_gaps5-8-10-12-15_core-gap10_min3_strict-v1
og_consensus_gaps5-8-10-12-15_core-gap10_min3_strict-v1:Q16594:188-194,Q16594,188,T,2,35289036;35705054,og_consensus_gaps5-8-10-12-15_core-gap10_min3_strict-v1
og_consensus_gaps5-8-10-12-15_core-gap10_min3_strict-v1:Q16594:188-194,Q16594,193,T,1,35254053,og_consensus_gaps5-8-10-12-15_core-gap10_min3_strict-v1
og_consensus_gaps5-8-10-12-15_core-gap10_min3_strict-v1:Q16594:188-194,Q16594,194,S,5,29237092;32574038;35132862;35254053;39534244,og_consensus_gaps5-8-10-12-15_core-gap10_min3_strict-v1
og_consensus_gaps5-8-10-12-15_core-gap10_min3_strict-v1:Q17RS7:752-759,Q17RS7,752,T,1,39531497,og_consensus_gaps5-8-10-12-15_core-gap10_min3_strict-v1
og_consensus_gaps5-8-10-12-15_core-gap10_min3_strict-v1:Q17RS7:752-759,Q17RS7,753,S,2,35254053;39531497,og_consensus_gaps5-8-10-12-15_core-gap10_min3_strict-v1
og_consensus_gaps5-8-10-12-15_core-gap10_min3_strict-v1:Q17RS7:752-759,Q17RS7,757,S,2,35254053;39531497,og_consensus_gaps5-8-10-12-15_core-gap10_min3_strict-v1
og_consensus_gaps5-8-10-12-15_core-gap10_min3_strict-v1:Q17RS7:752-759,Q17RS7,759,S,1,35254053,og_consensus_gaps5-8-10-12-15_core-gap10_min3_strict-v1
og_consensus_gaps5-8-10-12-15_core-gap10_min3_strict-v1:Q2KHR3:5-11,Q2KHR3,5,S,2,34846842;35289036,og_consensus_gaps5-8-10-12-15_core-gap10_min3_strict-v1
og_consensus_gaps5-8-10-12-15_core-gap10_min3_strict-v1:Q2KHR3:5-11,Q2KHR3,9,S,1,35289036,og_consensus_gaps5-8-10-12-15_core-gap10_min3_strict-v1
og_consensus_gaps5-8-10-12-15_core-gap10_min3_strict-v1:Q2KHR3:5-11,Q2KHR3,11,T,5,32574038;34846842;35254053;35289036;39531497,og_consensus_gaps5-8-10-12-15_core-gap10_min3_strict-v1
og_consensus_gaps5-8-10-12-15_core-gap10_min3_strict-v1:Q2KHR3:83-89,Q2KHR3,83,S,1,39531497,og_consensus_gaps5-8-10-12-15_core-gap10_min3_strict-v1
og_consensus_gaps5-8-10-12-15_core-gap10_min3_strict-v1:Q2KHR3:83-89,Q2KHR3,84,T,1,39531497,og_consensus_gaps5-8-10-12-15_core-gap10_min3_strict-v1
og_consensus_gaps5-8-10-12-15_core-gap10_min3_strict-v1:Q2KHR3:83-89,Q2KHR3,87,T,1,39534244,og_consensus_gaps5-8-10-12-15_core-gap10_min3_strict-v1
og_consensus_gaps5-8-10-12-15_core-gap10_min3_strict-v1:Q2KHR3:83-89,Q2KHR3,88,T,1,39534244,og_consensus_gaps5-8-10-12-15_core-gap10_min3_strict-v1
og_consensus_gaps5-8-10-12-15_core-gap10_min3_strict-v1:Q2KHR3:83-89,Q2KHR3,89,S,1,39534244,og_consensus_gaps5-8-10-12-15_core-gap10_min3_strict-v1
og_consensus_gaps5-8-10-12-15_core-gap10_min3_strict-v1:Q2KHR3:104-111,Q2KHR3,104,T,8,32574038;35254053;35289036;35513511;37541260;38838015;39531497;39534244,og_consensus_gaps5-8-10-12-15_core-gap10_min3_strict-v1
og_consensus_gaps5-8-10-12-15_core-gap10_min3_strict-v1:Q2KHR3:104-111,Q2KHR3,105,S,12,23301498;28657654;30059200;34846842;35254053;35289036;35513511;35705054;37541260;38838015;39531497;39534244,og_consensus_gaps5-8-10-12-15_core-gap10_min3_strict-v1
og_consensus_gaps5-8-10-12-15_core-gap10_min3_strict-v1:Q2KHR3:104-111,Q2KHR3,108,T,2,35132862;39534244,og_consensus_gaps5-8-10-12-15_core-gap10_min3_strict-v1
og_consensus_gaps5-8-10-12-15_core-gap10_min3_strict-v1:Q2KHR3:104-111,Q2KHR3,111,T,1,32574038,og_consensus_gaps5-8-10-12-15_core-gap10_min3_strict-v1
og_consensus_gaps5-8-10-12-15_core-gap10_min3_strict-v1:Q2KHR3:306-310,Q2KHR3,306,T,3,35254053;35289036;39531497,og_consensus_gaps5-8-10-12-15_core-gap10_min3_strict-v1
og_consensus_gaps5-8-10-12-15_core-gap10_min3_strict-v1:Q2KHR3:306-310,Q2KHR3,308,S,1,35289036,og_consensus_gaps5-8-10-12-15_core-gap10_min3_strict-v1
og_consensus_gaps5-8-10-12-15_core-gap10_min3_strict-v1:Q2KHR3:306-310,Q2KHR3,310,S,2,35289036;39531497,og_consensus_gaps5-8-10-12-15_core-gap10_min3_strict-v1
og_consensus_gaps5-8-10-12-15_core-gap10_min3_strict-v1:Q2KHR3:595-600,Q2KHR3,595,S,1,35132862,og_consensus_gaps5-8-10-12-15_core-gap10_min3_strict-v1
og_consensus_gaps5-8-10-12-15_core-gap10_min3_strict-v1:Q2KHR3:595-600,Q2KHR3,596,T,1,35132862,og_consensus_gaps5-8-10-12-15_core-gap10_min3_strict-v1
og_consensus_gaps5-8-10-12-15_core-gap10_min3_strict-v1:Q2KHR3:595-600,Q2KHR3,600,S,4,29237092;31492838;35513511;39531497,og_consensus_gaps5-8-10-12-15_core-gap10_min3_strict-v1
og_consensus_gaps5-8-10-12-15_core-gap10_min3_strict-v1:Q2KHR3:1270-1283,Q2KHR3,1270,T,2,35254053;39531497,og_consensus_gaps5-8-10-12-15_core-gap10_min3_strict-v1
og_consensus_gaps5-8-10-12-15_core-gap10_min3_strict-v1:Q2KHR3:1270-1283,Q2KHR3,1271,T,8,21740066;30059200;32938750;35254053;37541260;38838015;39302247;39531497,og_consensus_gaps5-8-10-12-15_core-gap10_min3_strict-v1
og_consensus_gaps5-8-10-12-15_core-gap10_min3_strict-v1:Q2KHR3:1270-1283,Q2KHR3,1272,S,3,35254053;37541260;39531497,og_consensus_gaps5-8-10-12-15_core-gap10_min3_strict-v1
og_consensus_gaps5-8-10-12-15_core-gap10_min3_strict-v1:Q2KHR3:1270-1283,Q2KHR3,1274,T,2,28604694;39531497,og_consensus_gaps5-8-10-12-15_core-gap10_min3_strict-v1
og_consensus_gaps5-8-10-12-15_core-gap10_min3_strict-v1:Q2KHR3:1270-1283,Q2KHR3,1277,T,2,28604694;39531497,og_consensus_gaps5-8-10-12-15_core-gap10_min3_strict-v1
og_consensus_gaps5-8-10-12-15_core-gap10_min3_strict-v1:Q2KHR3:1270-1283,Q2KHR3,1278,T,1,28604694,og_consensus_gaps5-8-10-12-15_core-gap10_min3_strict-v1
og_consensus_gaps5-8-10-12-15_core-gap10_min3_strict-v1:Q2KHR3:1270-1283,Q2KHR3,1283,T,2,35254053;37541260,og_consensus_gaps5-8-10-12-15_core-gap10_min3_strict-v1
og_consensus_gaps5-8-10-12-15_core-gap10_min3_strict-v1:Q2M2I8:441-448,Q2M2I8,441,T,1,39531497,og_consensus_gaps5-8-10-12-15_core-gap10_min3_strict-v1
og_consensus_gaps5-8-10-12-15_core-gap10_min3_strict-v1:Q2M2I8:441-448,Q2M2I8,445,T,1,32938750,og_consensus_gaps5-8-10-12-15_core-gap10_min3_strict-v1
og_consensus_gaps5-8-10-12-15_core-gap10_min3_strict-v1:Q2M2I8:441-448,Q2M2I8,447,S,1,35705054,og_consensus_gaps5-8-10-12-15_core-gap10_min3_strict-v1
og_consensus_gaps5-8-10-12-15_core-gap10_min3_strict-v1:Q2M2I8:441-448,Q2M2I8,448,T,4,29351928;35132862;35254053;39531497,og_consensus_gaps5-8-10-12-15_core-gap10_min3_strict-v1
og_consensus_gaps5-8-10-12-15_core-gap10_min3_strict-v1:Q2NL68:162-168,Q2NL68,162,T,1,39531497,og_consensus_gaps5-8-10-12-15_core-gap10_min3_strict-v1
og_consensus_gaps5-8-10-12-15_core-gap10_min3_strict-v1:Q2NL68:162-168,Q2NL68,167,T,6,29237092;35254053;35513511;37541260;39531497;39534244,og_consensus_gaps5-8-10-12-15_core-gap10_min3_strict-v1
og_consensus_gaps5-8-10-12-15_core-gap10_min3_strict-v1:Q2NL68:162-168,Q2NL68,168,S,1,39534244,og_consensus_gaps5-8-10-12-15_core-gap10_min3_strict-v1
og_consensus_gaps5-8-10-12-15_core-gap10_min3_strict-v1:Q2TAL8:364-366,Q2TAL8,364,T,9,28657654;29237092;30059200;31373491;31492838;32574038;35254053;35513511;39534244,og_consensus_gaps5-8-10-12-15_core-gap10_min3_strict-v1
og_consensus_gaps5-8-10-12-15_core-gap10_min3_strict-v1:Q2TAL8:364-366,Q2TAL8,365,T,3,28657654;30059200;35254053,og_consensus_gaps5-8-10-12-15_core-gap10_min3_strict-v1
og_consensus_gaps5-8-10-12-15_core-gap10_min3_strict-v1:Q2TAL8:364-366,Q2TAL8,366,S,1,31373491,og_consensus_gaps5-8-10-12-15_core-gap10_min3_strict-v1
og_consensus_gaps5-8-10-12-15_core-gap10_min3_strict-v1:Q4KMP7:43-47,Q4KMP7,43,T,3,35254053;37541260;39531497,og_consensus_gaps5-8-10-12-15_core-gap10_min3_strict-v1
og_consensus_gaps5-8-10-12-15_core-gap10_min3_strict-v1:Q4KMP7:43-47,Q4KMP7,44,T,1,35254053,og_consensus_gaps5-8-10-12-15_core-gap10_min3_strict-v1
og_consensus_gaps5-8-10-12-15_core-gap10_min3_strict-v1:Q4KMP7:43-47,Q4KMP7,47,S,1,39302247,og_consensus_gaps5-8-10-12-15_core-gap10_min3_strict-v1
og_consensus_gaps5-8-10-12-15_core-gap10_min3_strict-v1:Q4KMP7:177-181,Q4KMP7,177,T,1,32574038,og_consensus_gaps5-8-10-12-15_core-gap10_min3_strict-v1
og_consensus_gaps5-8-10-12-15_core-gap10_min3_strict-v1:Q4KMP7:177-181,Q4KMP7,178,T,2,28657654;35254053,og_consensus_gaps5-8-10-12-15_core-gap10_min3_strict-v1
og_consensus_gaps5-8-10-12-15_core-gap10_min3_strict-v1:Q4KMP7:177-181,Q4KMP7,181,S,1,35254053,og_consensus_gaps5-8-10-12-15_core-gap10_min3_strict-v1
og_consensus_gaps5-8-10-12-15_core-gap10_min3_strict-v1:Q4LDE5:2088-2092,Q4LDE5,2088,S,1,35254053,og_consensus_gaps5-8-10-12-15_core-gap10_min3_strict-v1
og_consensus_gaps5-8-10-12-15_core-gap10_min3_strict-v1:Q4LDE5:2088-2092,Q4LDE5,2090,S,1,35254053,og_consensus_gaps5-8-10-12-15_core-gap10_min3_strict-v1
og_consensus_gaps5-8-10-12-15_core-gap10_min3_strict-v1:Q4LDE5:2088-2092,Q4LDE5,2092,S,1,35254053,og_consensus_gaps5-8-10-12-15_core-gap10_min3_strict-v1
og_consensus_gaps5-8-10-12-15_core-gap10_min3_strict-v1:Q53ET0:489-492,Q53ET0,489,S,4,32574038;35254053;39302247;39534244,og_consensus_gaps5-8-10-12-15_core-gap10_min3_strict-v1
og_consensus_gaps5-8-10-12-15_core-gap10_min3_strict-v1:Q53ET0:489-492,Q53ET0,490,S,1,39534244,og_consensus_gaps5-8-10-12-15_core-gap10_min3_strict-v1
og_consensus_gaps5-8-10-12-15_core-gap10_min3_strict-v1:Q53ET0:489-492,Q53ET0,492,S,1,39534244,og_consensus_gaps5-8-10-12-15_core-gap10_min3_strict-v1
og_consensus_gaps5-8-10-12-15_core-gap10_min3_strict-v1:Q5BJH7:42-47,Q5BJH7,42,T,2,35132862;39531497,og_consensus_gaps5-8-10-12-15_core-gap10_min3_strict-v1
og_consensus_gaps5-8-10-12-15_core-gap10_min3_strict-v1:Q5BJH7:42-47,Q5BJH7,43,S,1,35289036,og_consensus_gaps5-8-10-12-15_core-gap10_min3_strict-v1
og_consensus_gaps5-8-10-12-15_core-gap10_min3_strict-v1:Q5BJH7:42-47,Q5BJH7,44,S,2,35132862;39534244,og_consensus_gaps5-8-10-12-15_core-gap10_min3_strict-v1
og_consensus_gaps5-8-10-12-15_core-gap10_min3_strict-v1:Q5BJH7:42-47,Q5BJH7,47,S,1,35289036,og_consensus_gaps5-8-10-12-15_core-gap10_min3_strict-v1
og_consensus_gaps5-8-10-12-15_core-gap10_min3_strict-v1:Q5H9F3:648-653,Q5H9F3,648,T,1,39531497,og_consensus_gaps5-8-10-12-15_core-gap10_min3_strict-v1
og_consensus_gaps5-8-10-12-15_core-gap10_min3_strict-v1:Q5H9F3:648-653,Q5H9F3,652,T,7,30059200;32938750;35254053;35289036;37541260;39302247;39531497,og_consensus_gaps5-8-10-12-15_core-gap10_min3_strict-v1
og_consensus_gaps5-8-10-12-15_core-gap10_min3_strict-v1:Q5H9F3:648-653,Q5H9F3,653,S,1,39302247,og_consensus_gaps5-8-10-12-15_core-gap10_min3_strict-v1
og_consensus_gaps5-8-10-12-15_core-gap10_min3_strict-v1:Q5H9F3:706-716,Q5H9F3,706,S,1,39531497,og_consensus_gaps5-8-10-12-15_core-gap10_min3_strict-v1
og_consensus_gaps5-8-10-12-15_core-gap10_min3_strict-v1:Q5H9F3:706-716,Q5H9F3,707,T,1,39534244,og_consensus_gaps5-8-10-12-15_core-gap10_min3_strict-v1
og_consensus_gaps5-8-10-12-15_core-gap10_min3_strict-v1:Q5H9F3:706-716,Q5H9F3,712,T,1,39534244,og_consensus_gaps5-8-10-12-15_core-gap10_min3_strict-v1
og_consensus_gaps5-8-10-12-15_core-gap10_min3_strict-v1:Q5H9F3:706-716,Q5H9F3,716,T,1,39531497,og_consensus_gaps5-8-10-12-15_core-gap10_min3_strict-v1
og_consensus_gaps5-8-10-12-15_core-gap10_min3_strict-v1:Q5JSZ5:1793-1801,Q5JSZ5,1793,S,3,34846842;35254053;35513511,og_consensus_gaps5-8-10-12-15_core-gap10_min3_strict-v1
og_consensus_gaps5-8-10-12-15_core-gap10_min3_strict-v1:Q5JSZ5:1793-1801,Q5JSZ5,1796,S,1,39531497,og_consensus_gaps5-8-10-12-15_core-gap10_min3_strict-v1
og_consensus_gaps5-8-10-12-15_core-gap10_min3_strict-v1:Q5JSZ5:1793-1801,Q5JSZ5,1801,S,9,29237092;30059200;31492838;32938750;35132862;35254053;35513511;37541260;39531497,og_consensus_gaps5-8-10-12-15_core-gap10_min3_strict-v1
og_consensus_gaps5-8-10-12-15_core-gap10_min3_strict-v1:Q5JSZ5:1982-1990,Q5JSZ5,1982,S,15,23301498;28604694;28657654;29237092;29351928;30059200;31492838;32574038;32938750;35254053;35705054;37541260;38838015;39531497;39534244,og_consensus_gaps5-8-10-12-15_core-gap10_min3_strict-v1
og_consensus_gaps5-8-10-12-15_core-gap10_min3_strict-v1:Q5JSZ5:1982-1990,Q5JSZ5,1984,S,3,35132862;35289036;35705054,og_consensus_gaps5-8-10-12-15_core-gap10_min3_strict-v1
og_consensus_gaps5-8-10-12-15_core-gap10_min3_strict-v1:Q5JSZ5:1982-1990,Q5JSZ5,1989,S,1,34846842,og_consensus_gaps5-8-10-12-15_core-gap10_min3_strict-v1
og_consensus_gaps5-8-10-12-15_core-gap10_min3_strict-v1:Q5JSZ5:1982-1990,Q5JSZ5,1990,S,2,35289036;39534244,og_consensus_gaps5-8-10-12-15_core-gap10_min3_strict-v1
og_consensus_gaps5-8-10-12-15_core-gap10_min3_strict-v1:Q5SW79:1325-1328,Q5SW79,1325,S,1,39531497,og_consensus_gaps5-8-10-12-15_core-gap10_min3_strict-v1
og_consensus_gaps5-8-10-12-15_core-gap10_min3_strict-v1:Q5SW79:1325-1328,Q5SW79,1327,T,1,32938750,og_consensus_gaps5-8-10-12-15_core-gap10_min3_strict-v1
og_consensus_gaps5-8-10-12-15_core-gap10_min3_strict-v1:Q5SW79:1325-1328,Q5SW79,1328,S,1,39531497,og_consensus_gaps5-8-10-12-15_core-gap10_min3_strict-v1
og_consensus_gaps5-8-10-12-15_core-gap10_min3_strict-v1:Q5T0B9:112-130,Q5T0B9,112,T,2,35254053;35289036,og_consensus_gaps5-8-10-12-15_core-gap10_min3_strict-v1
og_consensus_gaps5-8-10-12-15_core-gap10_min3_strict-v1:Q5T0B9:112-130,Q5T0B9,113,S,4,30059200;35254053;35513511;39531497,og_consensus_gaps5-8-10-12-15_core-gap10_min3_strict-v1
og_consensus_gaps5-8-10-12-15_core-gap10_min3_strict-v1:Q5T0B9:112-130,Q5T0B9,114,T,1,39534244,og_consensus_gaps5-8-10-12-15_core-gap10_min3_strict-v1
og_consensus_gaps5-8-10-12-15_core-gap10_min3_strict-v1:Q5T0B9:112-130,Q5T0B9,116,T,2,32574038;35132862,og_consensus_gaps5-8-10-12-15_core-gap10_min3_strict-v1
og_consensus_gaps5-8-10-12-15_core-gap10_min3_strict-v1:Q5T0B9:112-130,Q5T0B9,121,S,2,32574038;39534244,og_consensus_gaps5-8-10-12-15_core-gap10_min3_strict-v1
og_consensus_gaps5-8-10-12-15_core-gap10_min3_strict-v1:Q5T0B9:112-130,Q5T0B9,122,T,1,32574038,og_consensus_gaps5-8-10-12-15_core-gap10_min3_strict-v1
og_consensus_gaps5-8-10-12-15_core-gap10_min3_strict-v1:Q5T0B9:112-130,Q5T0B9,124,T,1,35705054,og_consensus_gaps5-8-10-12-15_core-gap10_min3_strict-v1
og_consensus_gaps5-8-10-12-15_core-gap10_min3_strict-v1:Q5T0B9:112-130,Q5T0B9,128,S,2,35254053;35705054,og_consensus_gaps5-8-10-12-15_core-gap10_min3_strict-v1
og_consensus_gaps5-8-10-12-15_core-gap10_min3_strict-v1:Q5T0B9:112-130,Q5T0B9,130,S,2,32938750;35254053,og_consensus_gaps5-8-10-12-15_core-gap10_min3_strict-v1
og_consensus_gaps5-8-10-12-15_core-gap10_min3_strict-v1:Q5T3F8:531-536,Q5T3F8,531,S,1,39531497,og_consensus_gaps5-8-10-12-15_core-gap10_min3_strict-v1
og_consensus_gaps5-8-10-12-15_core-gap10_min3_strict-v1:Q5T3F8:531-536,Q5T3F8,535,S,1,39531497,og_consensus_gaps5-8-10-12-15_core-gap10_min3_strict-v1
og_consensus_gaps5-8-10-12-15_core-gap10_min3_strict-v1:Q5T3F8:531-536,Q5T3F8,536,S,1,39531497,og_consensus_gaps5-8-10-12-15_core-gap10_min3_strict-v1
og_consensus_gaps5-8-10-12-15_core-gap10_min3_strict-v1:Q5T5J6:2-6,Q5T5J6,2,S,1,30379171,og_consensus_gaps5-8-10-12-15_core-gap10_min3_strict-v1
og_consensus_gaps5-8-10-12-15_core-gap10_min3_strict-v1:Q5T5J6:2-6,Q5T5J6,3,S,1,30379171,og_consensus_gaps5-8-10-12-15_core-gap10_min3_strict-v1
og_consensus_gaps5-8-10-12-15_core-gap10_min3_strict-v1:Q5T5J6:2-6,Q5T5J6,6,S,1,30379171,og_consensus_gaps5-8-10-12-15_core-gap10_min3_strict-v1
og_consensus_gaps5-8-10-12-15_core-gap10_min3_strict-v1:Q5T6F2:303-310,Q5T6F2,303,S,2,29351928;39531497,og_consensus_gaps5-8-10-12-15_core-gap10_min3_strict-v1
og_consensus_gaps5-8-10-12-15_core-gap10_min3_strict-v1:Q5T6F2:303-310,Q5T6F2,306,S,2,29351928;39531497,og_consensus_gaps5-8-10-12-15_core-gap10_min3_strict-v1
og_consensus_gaps5-8-10-12-15_core-gap10_min3_strict-v1:Q5T6F2:303-310,Q5T6F2,310,S,1,39531497,og_consensus_gaps5-8-10-12-15_core-gap10_min3_strict-v1
og_consensus_gaps5-8-10-12-15_core-gap10_min3_strict-v1:Q5T6F2:389-421,Q5T6F2,389,T,1,39531497,og_consensus_gaps5-8-10-12-15_core-gap10_min3_strict-v1
og_consensus_gaps5-8-10-12-15_core-gap10_min3_strict-v1:Q5T6F2:389-421,Q5T6F2,390,T,2,39531497;39534244,og_consensus_gaps5-8-10-12-15_core-gap10_min3_strict-v1
og_consensus_gaps5-8-10-12-15_core-gap10_min3_strict-v1:Q5T6F2:389-421,Q5T6F2,391,T,1,39534244,og_consensus_gaps5-8-10-12-15_core-gap10_min3_strict-v1
og_consensus_gaps5-8-10-12-15_core-gap10_min3_strict-v1:Q5T6F2:389-421,Q5T6F2,394,T,2,29351928;39531497,og_consensus_gaps5-8-10-12-15_core-gap10_min3_strict-v1
og_consensus_gaps5-8-10-12-15_core-gap10_min3_strict-v1:Q5T6F2:389-421,Q5T6F2,398,S,1,39534244,og_consensus_gaps5-8-10-12-15_core-gap10_min3_strict-v1
og_consensus_gaps5-8-10-12-15_core-gap10_min3_strict-v1:Q5T6F2:389-421,Q5T6F2,399,T,2,39531497;39534244,og_consensus_gaps5-8-10-12-15_core-gap10_min3_strict-v1
og_consensus_gaps5-8-10-12-15_core-gap10_min3_strict-v1:Q5T6F2:389-421,Q5T6F2,400,S,1,39534244,og_consensus_gaps5-8-10-12-15_core-gap10_min3_strict-v1
og_consensus_gaps5-8-10-12-15_core-gap10_min3_strict-v1:Q5T6F2:389-421,Q5T6F2,403,T,1,39534244,og_consensus_gaps5-8-10-12-15_core-gap10_min3_strict-v1
og_consensus_gaps5-8-10-12-15_core-gap10_min3_strict-v1:Q5T6F2:389-421,Q5T6F2,404,T,1,39534244,og_consensus_gaps5-8-10-12-15_core-gap10_min3_strict-v1
og_consensus_gaps5-8-10-12-15_core-gap10_min3_strict-v1:Q5T6F2:389-421,Q5T6F2,405,T,1,39531497,og_consensus_gaps5-8-10-12-15_core-gap10_min3_strict-v1
og_consensus_gaps5-8-10-12-15_core-gap10_min3_strict-v1:Q5T6F2:389-421,Q5T6F2,407,S,1,39531497,og_consensus_gaps5-8-10-12-15_core-gap10_min3_strict-v1
og_consensus_gaps5-8-10-12-15_core-gap10_min3_strict-v1:Q5T6F2:389-421,Q5T6F2,414,T,2,28314751;39534244,og_consensus_gaps5-8-10-12-15_core-gap10_min3_strict-v1
og_consensus_gaps5-8-10-12-15_core-gap10_min3_strict-v1:Q5T6F2:389-421,Q5T6F2,415,S,3,35254053;39531497;39534244,og_consensus_gaps5-8-10-12-15_core-gap10_min3_strict-v1
og_consensus_gaps5-8-10-12-15_core-gap10_min3_strict-v1:Q5T6F2:389-421,Q5T6F2,417,S,1,39534244,og_consensus_gaps5-8-10-12-15_core-gap10_min3_strict-v1
og_consensus_gaps5-8-10-12-15_core-gap10_min3_strict-v1:Q5T6F2:389-421,Q5T6F2,418,S,1,35289036,og_consensus_gaps5-8-10-12-15_core-gap10_min3_strict-v1
og_consensus_gaps5-8-10-12-15_core-gap10_min3_strict-v1:Q5T6F2:389-421,Q5T6F2,421,S,1,39534244,og_consensus_gaps5-8-10-12-15_core-gap10_min3_strict-v1
og_consensus_gaps5-8-10-12-15_core-gap10_min3_strict-v1:Q5T6F2:485-494,Q5T6F2,485,S,4,21740066;35254053;37541260;39531497,og_consensus_gaps5-8-10-12-15_core-gap10_min3_strict-v1
og_consensus_gaps5-8-10-12-15_core-gap10_min3_strict-v1:Q5T6F2:485-494,Q5T6F2,486,T,3,32938750;35254053;39531497,og_consensus_gaps5-8-10-12-15_core-gap10_min3_strict-v1
og_consensus_gaps5-8-10-12-15_core-gap10_min3_strict-v1:Q5T6F2:485-494,Q5T6F2,487,T,7,21740066;30059200;31492838;35132862;35254053;39531497;39534244,og_consensus_gaps5-8-10-12-15_core-gap10_min3_strict-v1
og_consensus_gaps5-8-10-12-15_core-gap10_min3_strict-v1:Q5T6F2:485-494,Q5T6F2,492,S,6,30059200;32574038;34846842;35132862;35254053;39534244,og_consensus_gaps5-8-10-12-15_core-gap10_min3_strict-v1
og_consensus_gaps5-8-10-12-15_core-gap10_min3_strict-v1:Q5T6F2:485-494,Q5T6F2,494,S,12,21740066;29237092;29351928;30059200;31492838;32938750;35254053;35289036;35513511;37541260;39531497;39534244,og_consensus_gaps5-8-10-12-15_core-gap10_min3_strict-v1
og_consensus_gaps5-8-10-12-15_core-gap10_min3_strict-v1:Q5T6F2:578-583,Q5T6F2,578,S,1,39531497,og_consensus_gaps5-8-10-12-15_core-gap10_min3_strict-v1
og_consensus_gaps5-8-10-12-15_core-gap10_min3_strict-v1:Q5T6F2:578-583,Q5T6F2,582,T,1,39531497,og_consensus_gaps5-8-10-12-15_core-gap10_min3_strict-v1
og_consensus_gaps5-8-10-12-15_core-gap10_min3_strict-v1:Q5T6F2:578-583,Q5T6F2,583,S,1,39531497,og_consensus_gaps5-8-10-12-15_core-gap10_min3_strict-v1
og_consensus_gaps5-8-10-12-15_core-gap10_min3_strict-v1:Q5T6F2:630-641,Q5T6F2,630,S,2,35254053;37541260,og_consensus_gaps5-8-10-12-15_core-gap10_min3_strict-v1
og_consensus_gaps5-8-10-12-15_core-gap10_min3_strict-v1:Q5T6F2:630-641,Q5T6F2,633,S,6,30059200;31492838;35132862;35254053;37541260;39531497,og_consensus_gaps5-8-10-12-15_core-gap10_min3_strict-v1
og_consensus_gaps5-8-10-12-15_core-gap10_min3_strict-v1:Q5T6F2:630-641,Q5T6F2,634,S,3,35132862;35254053;39534244,og_consensus_gaps5-8-10-12-15_core-gap10_min3_strict-v1
og_consensus_gaps5-8-10-12-15_core-gap10_min3_strict-v1:Q5T6F2:630-641,Q5T6F2,635,S,2,39531497;39534244,og_consensus_gaps5-8-10-12-15_core-gap10_min3_strict-v1
og_consensus_gaps5-8-10-12-15_core-gap10_min3_strict-v1:Q5T6F2:630-641,Q5T6F2,637,S,1,39531497,og_consensus_gaps5-8-10-12-15_core-gap10_min3_strict-v1
og_consensus_gaps5-8-10-12-15_core-gap10_min3_strict-v1:Q5T6F2:630-641,Q5T6F2,641,T,1,39534244,og_consensus_gaps5-8-10-12-15_core-gap10_min3_strict-v1
og_consensus_gaps5-8-10-12-15_core-gap10_min3_strict-v1:Q5T6F2:1004-1010,Q5T6F2,1004,S,10,23301498;28604694;30059200;30379171;35254053;35289036;35513511;37541260;38838015;39531497,og_consensus_gaps5-8-10-12-15_core-gap10_min3_strict-v1
og_consensus_gaps5-8-10-12-15_core-gap10_min3_strict-v1:Q5T6F2:1004-1010,Q5T6F2,1006,S,11,21740066;28604694;29237092;30059200;30379171;31492838;35254053;35513511;38838015;39531497;39534244,og_consensus_gaps5-8-10-12-15_core-gap10_min3_strict-v1
og_consensus_gaps5-8-10-12-15_core-gap10_min3_strict-v1:Q5T6F2:1004-1010,Q5T6F2,1007,S,2,28604694;39531497,og_consensus_gaps5-8-10-12-15_core-gap10_min3_strict-v1
og_consensus_gaps5-8-10-12-15_core-gap10_min3_strict-v1:Q5T6F2:1004-1010,Q5T6F2,1008,S,4,28604694;31492838;32938750;35254053,og_consensus_gaps5-8-10-12-15_core-gap10_min3_strict-v1
og_consensus_gaps5-8-10-12-15_core-gap10_min3_strict-v1:Q5T6F2:1004-1010,Q5T6F2,1009,T,1,39534244,og_consensus_gaps5-8-10-12-15_core-gap10_min3_strict-v1
og_consensus_gaps5-8-10-12-15_core-gap10_min3_strict-v1:Q5T6F2:1004-1010,Q5T6F2,1010,T,4,29237092;35132862;35705054;39534244,og_consensus_gaps5-8-10-12-15_core-gap10_min3_strict-v1
og_consensus_gaps5-8-10-12-15_core-gap10_min3_strict-v1:Q5T8P6:677-695,Q5T8P6,677,S,1,21740066,og_consensus_gaps5-8-10-12-15_core-gap10_min3_strict-v1
og_consensus_gaps5-8-10-12-15_core-gap10_min3_strict-v1:Q5T8P6:677-695,Q5T8P6,682,S,1,35254053,og_consensus_gaps5-8-10-12-15_core-gap10_min3_strict-v1
og_consensus_gaps5-8-10-12-15_core-gap10_min3_strict-v1:Q5T8P6:677-695,Q5T8P6,684,T,1,21740066,og_consensus_gaps5-8-10-12-15_core-gap10_min3_strict-v1
og_consensus_gaps5-8-10-12-15_core-gap10_min3_strict-v1:Q5T8P6:677-695,Q5T8P6,689,S,2,33465208;35289036,og_consensus_gaps5-8-10-12-15_core-gap10_min3_strict-v1
og_consensus_gaps5-8-10-12-15_core-gap10_min3_strict-v1:Q5T8P6:677-695,Q5T8P6,690,T,2,28657654;35254053,og_consensus_gaps5-8-10-12-15_core-gap10_min3_strict-v1
og_consensus_gaps5-8-10-12-15_core-gap10_min3_strict-v1:Q5T8P6:677-695,Q5T8P6,691,S,8,28657654;30059200;30620550;31492838;34846842;35254053;37541260;39531497,og_consensus_gaps5-8-10-12-15_core-gap10_min3_strict-v1
og_consensus_gaps5-8-10-12-15_core-gap10_min3_strict-v1:Q5T8P6:677-695,Q5T8P6,695,T,1,35289036,og_consensus_gaps5-8-10-12-15_core-gap10_min3_strict-v1
og_consensus_gaps5-8-10-12-15_core-gap10_min3_strict-v1:Q5VT52:396-438,Q5VT52,396,S,9,29351928;30059200;30620550;31637018;34846842;35254053;35289036;39302247;39531497,og_consensus_gaps5-8-10-12-15_core-gap10_min3_strict-v1
og_consensus_gaps5-8-10-12-15_core-gap10_min3_strict-v1:Q5VT52:396-438,Q5VT52,399,S,15,20068230;23301498;29351928;30379171;30620550;32574038;35132862;35254053;35289036;35513511;36240223;37541260;39302247;39531497;39534244,og_consensus_gaps5-8-10-12-15_core-gap10_min3_strict-v1
og_consensus_gaps5-8-10-12-15_core-gap10_min3_strict-v1:Q5VT52:396-438,Q5VT52,400,T,13,20068230;29351928;30059200;30379171;30620550;32574038;35132862;35254053;35513511;37541260;39302247;39531497;39534244,og_consensus_gaps5-8-10-12-15_core-gap10_min3_strict-v1
og_consensus_gaps5-8-10-12-15_core-gap10_min3_strict-v1:Q5VT52:396-438,Q5VT52,401,S,5,30059200;32574038;35132862;35289036;39534244,og_consensus_gaps5-8-10-12-15_core-gap10_min3_strict-v1
og_consensus_gaps5-8-10-12-15_core-gap10_min3_strict-v1:Q5VT52:396-438,Q5VT52,404,T,7,29249144;30059200;31637018;32574038;35132862;35289036;39534244,og_consensus_gaps5-8-10-12-15_core-gap10_min3_strict-v1
og_consensus_gaps5-8-10-12-15_core-gap10_min3_strict-v1:Q5VT52:396-438,Q5VT52,407,T,2,29249144;32574038,og_consensus_gaps5-8-10-12-15_core-gap10_min3_strict-v1
og_consensus_gaps5-8-10-12-15_core-gap10_min3_strict-v1:Q5VT52:396-438,Q5VT52,411,S,8,30059200;31492838;32574038;35254053;35289036;35513511;37541260;39302247,og_consensus_gaps5-8-10-12-15_core-gap10_min3_strict-v1
og_consensus_gaps5-8-10-12-15_core-gap10_min3_strict-v1:Q5VT52:396-438,Q5VT52,414,S,3,30059200;35254053;35289036,og_consensus_gaps5-8-10-12-15_core-gap10_min3_strict-v1
og_consensus_gaps5-8-10-12-15_core-gap10_min3_strict-v1:Q5VT52:396-438,Q5VT52,422,T,7,29249144;29351928;30059200;32938750;35254053;39302247;39531497,og_consensus_gaps5-8-10-12-15_core-gap10_min3_strict-v1
og_consensus_gaps5-8-10-12-15_core-gap10_min3_strict-v1:Q5VT52:396-438,Q5VT52,424,T,1,29249144,og_consensus_gaps5-8-10-12-15_core-gap10_min3_strict-v1
og_consensus_gaps5-8-10-12-15_core-gap10_min3_strict-v1:Q5VT52:396-438,Q5VT52,426,T,1,29249144,og_consensus_gaps5-8-10-12-15_core-gap10_min3_strict-v1
og_consensus_gaps5-8-10-12-15_core-gap10_min3_strict-v1:Q5VT52:396-438,Q5VT52,435,T,1,39534244,og_consensus_gaps5-8-10-12-15_core-gap10_min3_strict-v1
og_consensus_gaps5-8-10-12-15_core-gap10_min3_strict-v1:Q5VT52:396-438,Q5VT52,436,S,1,39534244,og_consensus_gaps5-8-10-12-15_core-gap10_min3_strict-v1
og_consensus_gaps5-8-10-12-15_core-gap10_min3_strict-v1:Q5VT52:396-438,Q5VT52,438,S,1,39531497,og_consensus_gaps5-8-10-12-15_core-gap10_min3_strict-v1
og_consensus_gaps5-8-10-12-15_core-gap10_min3_strict-v1:Q5VT52:476-503,Q5VT52,476,S,6,30059200;31492838;34846842;35254053;39531497;39534244,og_consensus_gaps5-8-10-12-15_core-gap10_min3_strict-v1
og_consensus_gaps5-8-10-12-15_core-gap10_min3_strict-v1:Q5VT52:476-503,Q5VT52,479,S,1,39534244,og_consensus_gaps5-8-10-12-15_core-gap10_min3_strict-v1
og_consensus_gaps5-8-10-12-15_core-gap10_min3_strict-v1:Q5VT52:476-503,Q5VT52,482,T,1,32574038,og_consensus_gaps5-8-10-12-15_core-gap10_min3_strict-v1
og_consensus_gaps5-8-10-12-15_core-gap10_min3_strict-v1:Q5VT52:476-503,Q5VT52,484,T,3,32574038;35132862;39534244,og_consensus_gaps5-8-10-12-15_core-gap10_min3_strict-v1
og_consensus_gaps5-8-10-12-15_core-gap10_min3_strict-v1:Q5VT52:476-503,Q5VT52,485,S,1,34846842,og_consensus_gaps5-8-10-12-15_core-gap10_min3_strict-v1
og_consensus_gaps5-8-10-12-15_core-gap10_min3_strict-v1:Q5VT52:476-503,Q5VT52,487,S,1,35289036,og_consensus_gaps5-8-10-12-15_core-gap10_min3_strict-v1
og_consensus_gaps5-8-10-12-15_core-gap10_min3_strict-v1:Q5VT52:476-503,Q5VT52,490,T,1,35132862,og_consensus_gaps5-8-10-12-15_core-gap10_min3_strict-v1
og_consensus_gaps5-8-10-12-15_core-gap10_min3_strict-v1:Q5VT52:476-503,Q5VT52,495,T,4,34846842;35254053;35289036;39531497,og_consensus_gaps5-8-10-12-15_core-gap10_min3_strict-v1
og_consensus_gaps5-8-10-12-15_core-gap10_min3_strict-v1:Q5VT52:476-503,Q5VT52,500,T,3,32574038;35254053;39534244,og_consensus_gaps5-8-10-12-15_core-gap10_min3_strict-v1
og_consensus_gaps5-8-10-12-15_core-gap10_min3_strict-v1:Q5VT52:476-503,Q5VT52,501,T,11,27114449;29351928;30059200;31492838;34846842;35254053;35513511;37541260;39302247;39531497;39534244,og_consensus_gaps5-8-10-12-15_core-gap10_min3_strict-v1
og_consensus_gaps5-8-10-12-15_core-gap10_min3_strict-v1:Q5VT52:476-503,Q5VT52,502,T,3,30059200;32574038;39534244,og_consensus_gaps5-8-10-12-15_core-gap10_min3_strict-v1
og_consensus_gaps5-8-10-12-15_core-gap10_min3_strict-v1:Q5VT52:476-503,Q5VT52,503,S,4,30059200;32574038;34846842;39534244,og_consensus_gaps5-8-10-12-15_core-gap10_min3_strict-v1
og_consensus_gaps5-8-10-12-15_core-gap10_min3_strict-v1:Q5VT52:540-562,Q5VT52,540,S,1,39534244,og_consensus_gaps5-8-10-12-15_core-gap10_min3_strict-v1
og_consensus_gaps5-8-10-12-15_core-gap10_min3_strict-v1:Q5VT52:540-562,Q5VT52,541,S,1,39534244,og_consensus_gaps5-8-10-12-15_core-gap10_min3_strict-v1
og_consensus_gaps5-8-10-12-15_core-gap10_min3_strict-v1:Q5VT52:540-562,Q5VT52,545,S,2,39531497;39534244,og_consensus_gaps5-8-10-12-15_core-gap10_min3_strict-v1
og_consensus_gaps5-8-10-12-15_core-gap10_min3_strict-v1:Q5VT52:540-562,Q5VT52,547,T,2,29351928;39534244,og_consensus_gaps5-8-10-12-15_core-gap10_min3_strict-v1
og_consensus_gaps5-8-10-12-15_core-gap10_min3_strict-v1:Q5VT52:540-562,Q5VT52,554,S,3,29351928;39531497;39534244,og_consensus_gaps5-8-10-12-15_core-gap10_min3_strict-v1
og_consensus_gaps5-8-10-12-15_core-gap10_min3_strict-v1:Q5VT52:540-562,Q5VT52,558,S,1,39534244,og_consensus_gaps5-8-10-12-15_core-gap10_min3_strict-v1
og_consensus_gaps5-8-10-12-15_core-gap10_min3_strict-v1:Q5VT52:540-562,Q5VT52,560,S,1,39534244,og_consensus_gaps5-8-10-12-15_core-gap10_min3_strict-v1
og_consensus_gaps5-8-10-12-15_core-gap10_min3_strict-v1:Q5VT52:540-562,Q5VT52,562,S,1,39534244,og_consensus_gaps5-8-10-12-15_core-gap10_min3_strict-v1
og_consensus_gaps5-8-10-12-15_core-gap10_min3_strict-v1:Q5VT52:589-607,Q5VT52,589,S,6,30379171;34846842;35254053;35289036;35513511;39534244,og_consensus_gaps5-8-10-12-15_core-gap10_min3_strict-v1
og_consensus_gaps5-8-10-12-15_core-gap10_min3_strict-v1:Q5VT52:589-607,Q5VT52,593,S,2,35705054;39531497,og_consensus_gaps5-8-10-12-15_core-gap10_min3_strict-v1
og_consensus_gaps5-8-10-12-15_core-gap10_min3_strict-v1:Q5VT52:589-607,Q5VT52,596,S,3,35254053;35705054;39534244,og_consensus_gaps5-8-10-12-15_core-gap10_min3_strict-v1
og_consensus_gaps5-8-10-12-15_core-gap10_min3_strict-v1:Q5VT52:589-607,Q5VT52,597,S,7,30059200;30620550;31492838;32938750;35254053;35705054;39531497,og_consensus_gaps5-8-10-12-15_core-gap10_min3_strict-v1
og_consensus_gaps5-8-10-12-15_core-gap10_min3_strict-v1:Q5VT52:589-607,Q5VT52,598,T,2,35132862;35254053,og_consensus_gaps5-8-10-12-15_core-gap10_min3_strict-v1
og_consensus_gaps5-8-10-12-15_core-gap10_min3_strict-v1:Q5VT52:589-607,Q5VT52,599,S,2,34846842;39534244,og_consensus_gaps5-8-10-12-15_core-gap10_min3_strict-v1
og_consensus_gaps5-8-10-12-15_core-gap10_min3_strict-v1:Q5VT52:589-607,Q5VT52,602,S,1,39534244,og_consensus_gaps5-8-10-12-15_core-gap10_min3_strict-v1
og_consensus_gaps5-8-10-12-15_core-gap10_min3_strict-v1:Q5VT52:589-607,Q5VT52,604,T,1,35254053,og_consensus_gaps5-8-10-12-15_core-gap10_min3_strict-v1
og_consensus_gaps5-8-10-12-15_core-gap10_min3_strict-v1:Q5VT52:589-607,Q5VT52,607,S,3,30059200;35254053;35513511,og_consensus_gaps5-8-10-12-15_core-gap10_min3_strict-v1
og_consensus_gaps5-8-10-12-15_core-gap10_min3_strict-v1:Q5VT52:973-991,Q5VT52,973,S,2,34846842;37541260,og_consensus_gaps5-8-10-12-15_core-gap10_min3_strict-v1
og_consensus_gaps5-8-10-12-15_core-gap10_min3_strict-v1:Q5VT52:973-991,Q5VT52,976,S,3,34846842;35254053;39531497,og_consensus_gaps5-8-10-12-15_core-gap10_min3_strict-v1
og_consensus_gaps5-8-10-12-15_core-gap10_min3_strict-v1:Q5VT52:973-991,Q5VT52,980,T,1,35254053,og_consensus_gaps5-8-10-12-15_core-gap10_min3_strict-v1
og_consensus_gaps5-8-10-12-15_core-gap10_min3_strict-v1:Q5VT52:973-991,Q5VT52,985,T,6,32574038;34846842;35132862;35254053;35289036;35705054,og_consensus_gaps5-8-10-12-15_core-gap10_min3_strict-v1
og_consensus_gaps5-8-10-12-15_core-gap10_min3_strict-v1:Q5VT52:973-991,Q5VT52,990,T,5,32574038;34846842;35132862;39531497;39534244,og_consensus_gaps5-8-10-12-15_core-gap10_min3_strict-v1
og_consensus_gaps5-8-10-12-15_core-gap10_min3_strict-v1:Q5VT52:973-991,Q5VT52,991,S,11,29351928;30059200;31492838;34846842;35254053;35289036;35513511;37541260;39302247;39531497;39534244,og_consensus_gaps5-8-10-12-15_core-gap10_min3_strict-v1
og_consensus_gaps5-8-10-12-15_core-gap10_min3_strict-v1:Q5VUA4:807-811,Q5VUA4,807,T,1,39534244,og_consensus_gaps5-8-10-12-15_core-gap10_min3_strict-v1
og_consensus_gaps5-8-10-12-15_core-gap10_min3_strict-v1:Q5VUA4:807-811,Q5VUA4,808,S,1,39302247,og_consensus_gaps5-8-10-12-15_core-gap10_min3_strict-v1
og_consensus_gaps5-8-10-12-15_core-gap10_min3_strict-v1:Q5VUA4:807-811,Q5VUA4,811,S,1,39534244,og_consensus_gaps5-8-10-12-15_core-gap10_min3_strict-v1
og_consensus_gaps5-8-10-12-15_core-gap10_min3_strict-v1:Q5VUA4:1328-1343,Q5VUA4,1328,T,3,35254053;35289036;39531497,og_consensus_gaps5-8-10-12-15_core-gap10_min3_strict-v1
og_consensus_gaps5-8-10-12-15_core-gap10_min3_strict-v1:Q5VUA4:1328-1343,Q5VUA4,1333,T,4,32574038;32938750;35254053;39531497,og_consensus_gaps5-8-10-12-15_core-gap10_min3_strict-v1
og_consensus_gaps5-8-10-12-15_core-gap10_min3_strict-v1:Q5VUA4:1328-1343,Q5VUA4,1334,S,4,32574038;35289036;39531497;39534244,og_consensus_gaps5-8-10-12-15_core-gap10_min3_strict-v1
og_consensus_gaps5-8-10-12-15_core-gap10_min3_strict-v1:Q5VUA4:1328-1343,Q5VUA4,1341,T,6,32938750;35254053;35289036;39302247;39531497;39534244,og_consensus_gaps5-8-10-12-15_core-gap10_min3_strict-v1
og_consensus_gaps5-8-10-12-15_core-gap10_min3_strict-v1:Q5VUA4:1328-1343,Q5VUA4,1342,T,6,32938750;35254053;37541260;39302247;39531497;39534244,og_consensus_gaps5-8-10-12-15_core-gap10_min3_strict-v1
og_consensus_gaps5-8-10-12-15_core-gap10_min3_strict-v1:Q5VUA4:1328-1343,Q5VUA4,1343,S,1,39534244,og_consensus_gaps5-8-10-12-15_core-gap10_min3_strict-v1
og_consensus_gaps5-8-10-12-15_core-gap10_min3_strict-v1:Q5VUA4:1693-1702,Q5VUA4,1693,T,3,35254053;39531497;39534244,og_consensus_gaps5-8-10-12-15_core-gap10_min3_strict-v1
og_consensus_gaps5-8-10-12-15_core-gap10_min3_strict-v1:Q5VUA4:1693-1702,Q5VUA4,1695,T,1,39534244,og_consensus_gaps5-8-10-12-15_core-gap10_min3_strict-v1
og_consensus_gaps5-8-10-12-15_core-gap10_min3_strict-v1:Q5VUA4:1693-1702,Q5VUA4,1700,T,1,39531497,og_consensus_gaps5-8-10-12-15_core-gap10_min3_strict-v1
og_consensus_gaps5-8-10-12-15_core-gap10_min3_strict-v1:Q5VUA4:1693-1702,Q5VUA4,1702,S,1,39534244,og_consensus_gaps5-8-10-12-15_core-gap10_min3_strict-v1
og_consensus_gaps5-8-10-12-15_core-gap10_min3_strict-v1:Q5VWN6:967-978,Q5VWN6,967,S,2,35254053;39531497,og_consensus_gaps5-8-10-12-15_core-gap10_min3_strict-v1
og_consensus_gaps5-8-10-12-15_core-gap10_min3_strict-v1:Q5VWN6:967-978,Q5VWN6,969,S,4,30620550;32938750;35254053;39531497,og_consensus_gaps5-8-10-12-15_core-gap10_min3_strict-v1
og_consensus_gaps5-8-10-12-15_core-gap10_min3_strict-v1:Q5VWN6:967-978,Q5VWN6,971,T,1,35254053,og_consensus_gaps5-8-10-12-15_core-gap10_min3_strict-v1
og_consensus_gaps5-8-10-12-15_core-gap10_min3_strict-v1:Q5VWN6:967-978,Q5VWN6,973,T,1,35254053,og_consensus_gaps5-8-10-12-15_core-gap10_min3_strict-v1
og_consensus_gaps5-8-10-12-15_core-gap10_min3_strict-v1:Q5VWN6:967-978,Q5VWN6,976,T,2,32574038;34846842,og_consensus_gaps5-8-10-12-15_core-gap10_min3_strict-v1
og_consensus_gaps5-8-10-12-15_core-gap10_min3_strict-v1:Q5VWN6:967-978,Q5VWN6,978,T,2,32574038;34846842,og_consensus_gaps5-8-10-12-15_core-gap10_min3_strict-v1
og_consensus_gaps5-8-10-12-15_core-gap10_min3_strict-v1:Q5VWN6:1145-1153,Q5VWN6,1145,T,3,34846842;35254053;35289036,og_consensus_gaps5-8-10-12-15_core-gap10_min3_strict-v1
og_consensus_gaps5-8-10-12-15_core-gap10_min3_strict-v1:Q5VWN6:1145-1153,Q5VWN6,1150,S,7,28657654;32938750;34846842;35254053;35705054;37541260;39531497,og_consensus_gaps5-8-10-12-15_core-gap10_min3_strict-v1
og_consensus_gaps5-8-10-12-15_core-gap10_min3_strict-v1:Q5VWN6:1145-1153,Q5VWN6,1153,S,2,32574038;35289036,og_consensus_gaps5-8-10-12-15_core-gap10_min3_strict-v1
og_consensus_gaps5-8-10-12-15_core-gap10_min3_strict-v1:Q5VYK3:1430-1436,Q5VYK3,1430,T,1,30379171,og_consensus_gaps5-8-10-12-15_core-gap10_min3_strict-v1
og_consensus_gaps5-8-10-12-15_core-gap10_min3_strict-v1:Q5VYK3:1430-1436,Q5VYK3,1434,S,1,30379171,og_consensus_gaps5-8-10-12-15_core-gap10_min3_strict-v1
og_consensus_gaps5-8-10-12-15_core-gap10_min3_strict-v1:Q5VYK3:1430-1436,Q5VYK3,1436,T,1,30379171,og_consensus_gaps5-8-10-12-15_core-gap10_min3_strict-v1
og_consensus_gaps5-8-10-12-15_core-gap10_min3_strict-v1:Q68CP9:676-682,Q68CP9,676,T,4,32938750;35254053;39531497;39534244,og_consensus_gaps5-8-10-12-15_core-gap10_min3_strict-v1
og_consensus_gaps5-8-10-12-15_core-gap10_min3_strict-v1:Q68CP9:676-682,Q68CP9,680,T,1,39534244,og_consensus_gaps5-8-10-12-15_core-gap10_min3_strict-v1
og_consensus_gaps5-8-10-12-15_core-gap10_min3_strict-v1:Q68CP9:676-682,Q68CP9,682,S,1,39534244,og_consensus_gaps5-8-10-12-15_core-gap10_min3_strict-v1
og_consensus_gaps5-8-10-12-15_core-gap10_min3_strict-v1:Q68CP9:1494-1505,Q68CP9,1494,S,6,30059200;30620550;31492838;34846842;35254053;35289036,og_consensus_gaps5-8-10-12-15_core-gap10_min3_strict-v1
og_consensus_gaps5-8-10-12-15_core-gap10_min3_strict-v1:Q68CP9:1494-1505,Q68CP9,1496,S,2,32574038;35132862,og_consensus_gaps5-8-10-12-15_core-gap10_min3_strict-v1
og_consensus_gaps5-8-10-12-15_core-gap10_min3_strict-v1:Q68CP9:1494-1505,Q68CP9,1501,S,1,30379171,og_consensus_gaps5-8-10-12-15_core-gap10_min3_strict-v1
og_consensus_gaps5-8-10-12-15_core-gap10_min3_strict-v1:Q68CP9:1494-1505,Q68CP9,1505,S,1,30379171,og_consensus_gaps5-8-10-12-15_core-gap10_min3_strict-v1
og_consensus_gaps5-8-10-12-15_core-gap10_min3_strict-v1:Q68CP9:1723-1726,Q68CP9,1723,T,1,30379171,og_consensus_gaps5-8-10-12-15_core-gap10_min3_strict-v1
og_consensus_gaps5-8-10-12-15_core-gap10_min3_strict-v1:Q68CP9:1723-1726,Q68CP9,1724,S,1,30379171,og_consensus_gaps5-8-10-12-15_core-gap10_min3_strict-v1
og_consensus_gaps5-8-10-12-15_core-gap10_min3_strict-v1:Q68CP9:1723-1726,Q68CP9,1725,S,1,30379171,og_consensus_gaps5-8-10-12-15_core-gap10_min3_strict-v1
og_consensus_gaps5-8-10-12-15_core-gap10_min3_strict-v1:Q68CP9:1723-1726,Q68CP9,1726,T,1,30379171,og_consensus_gaps5-8-10-12-15_core-gap10_min3_strict-v1
og_consensus_gaps5-8-10-12-15_core-gap10_min3_strict-v1:Q6AI39:577-592,Q6AI39,577,T,4,35254053;35289036;39531497;39534244,og_consensus_gaps5-8-10-12-15_core-gap10_min3_strict-v1
og_consensus_gaps5-8-10-12-15_core-gap10_min3_strict-v1:Q6AI39:577-592,Q6AI39,582,S,10,29351928;30059200;31492838;32938750;35254053;35289036;35513511;37541260;39531497;39534244,og_consensus_gaps5-8-10-12-15_core-gap10_min3_strict-v1
og_consensus_gaps5-8-10-12-15_core-gap10_min3_strict-v1:Q6AI39:577-592,Q6AI39,584,S,2,32574038;39534244,og_consensus_gaps5-8-10-12-15_core-gap10_min3_strict-v1
og_consensus_gaps5-8-10-12-15_core-gap10_min3_strict-v1:Q6AI39:577-592,Q6AI39,590,S,1,35254053,og_consensus_gaps5-8-10-12-15_core-gap10_min3_strict-v1
og_consensus_gaps5-8-10-12-15_core-gap10_min3_strict-v1:Q6AI39:577-592,Q6AI39,591,S,1,32574038,og_consensus_gaps5-8-10-12-15_core-gap10_min3_strict-v1
og_consensus_gaps5-8-10-12-15_core-gap10_min3_strict-v1:Q6AI39:577-592,Q6AI39,592,S,2,32574038;35513511,og_consensus_gaps5-8-10-12-15_core-gap10_min3_strict-v1
og_consensus_gaps5-8-10-12-15_core-gap10_min3_strict-v1:Q6KC79:129-140,Q6KC79,129,S,2,35289036;39531497,og_consensus_gaps5-8-10-12-15_core-gap10_min3_strict-v1
og_consensus_gaps5-8-10-12-15_core-gap10_min3_strict-v1:Q6KC79:129-140,Q6KC79,132,S,1,39531497,og_consensus_gaps5-8-10-12-15_core-gap10_min3_strict-v1
og_consensus_gaps5-8-10-12-15_core-gap10_min3_strict-v1:Q6KC79:129-140,Q6KC79,136,S,1,35132862,og_consensus_gaps5-8-10-12-15_core-gap10_min3_strict-v1
og_consensus_gaps5-8-10-12-15_core-gap10_min3_strict-v1:Q6KC79:129-140,Q6KC79,140,S,5,31492838;35254053;35513511;39302247;39534244,og_consensus_gaps5-8-10-12-15_core-gap10_min3_strict-v1
og_consensus_gaps5-8-10-12-15_core-gap10_min3_strict-v1:Q6KC79:160-162,Q6KC79,160,T,4,32574038;34846842;35254053;37541260,og_consensus_gaps5-8-10-12-15_core-gap10_min3_strict-v1
og_consensus_gaps5-8-10-12-15_core-gap10_min3_strict-v1:Q6KC79:160-162,Q6KC79,161,S,9,30059200;30620550;31492838;32574038;34846842;35254053;35289036;37541260;39534244,og_consensus_gaps5-8-10-12-15_core-gap10_min3_strict-v1
og_consensus_gaps5-8-10-12-15_core-gap10_min3_strict-v1:Q6KC79:160-162,Q6KC79,162,S,3,34846842;35289036;39534244,og_consensus_gaps5-8-10-12-15_core-gap10_min3_strict-v1
og_consensus_gaps5-8-10-12-15_core-gap10_min3_strict-v1:Q6MZP7:106-111,Q6MZP7,106,T,6,21740066;35254053;35513511;35705054;38838015;39531497,og_consensus_gaps5-8-10-12-15_core-gap10_min3_strict-v1
og_consensus_gaps5-8-10-12-15_core-gap10_min3_strict-v1:Q6MZP7:106-111,Q6MZP7,109,T,14,21740066;28657654;29237092;29351928;30059200;31492838;32574038;32938750;35132862;35254053;35289036;35705054;39531497;39534244,og_consensus_gaps5-8-10-12-15_core-gap10_min3_strict-v1
og_consensus_gaps5-8-10-12-15_core-gap10_min3_strict-v1:Q6MZP7:106-111,Q6MZP7,111,S,7,29249144;32574038;34846842;35132862;35513511;35705054;39534244,og_consensus_gaps5-8-10-12-15_core-gap10_min3_strict-v1
og_consensus_gaps5-8-10-12-15_core-gap10_min3_strict-v1:Q6MZP7:235-261,Q6MZP7,235,T,9,32574038;34846842;35132862;35254053;35289036;35513511;35705054;37541260;38838015,og_consensus_gaps5-8-10-12-15_core-gap10_min3_strict-v1
og_consensus_gaps5-8-10-12-15_core-gap10_min3_strict-v1:Q6MZP7:235-261,Q6MZP7,237,T,4,32574038;34846842;35254053;35289036,og_consensus_gaps5-8-10-12-15_core-gap10_min3_strict-v1
og_consensus_gaps5-8-10-12-15_core-gap10_min3_strict-v1:Q6MZP7:235-261,Q6MZP7,238,S,13,20068230;21158410;21740066;23301498;28657654;30059200;30620550;32574038;35132862;35254053;35289036;35705054;39531497,og_consensus_gaps5-8-10-12-15_core-gap10_min3_strict-v1
og_consensus_gaps5-8-10-12-15_core-gap10_min3_strict-v1:Q6MZP7:235-261,Q6MZP7,243,T,4,32574038;35254053;35705054;39531497,og_consensus_gaps5-8-10-12-15_core-gap10_min3_strict-v1
og_consensus_gaps5-8-10-12-15_core-gap10_min3_strict-v1:Q6MZP7:235-261,Q6MZP7,253,S,2,35254053;35513511,og_consensus_gaps5-8-10-12-15_core-gap10_min3_strict-v1
og_consensus_gaps5-8-10-12-15_core-gap10_min3_strict-v1:Q6MZP7:235-261,Q6MZP7,257,T,1,35254053,og_consensus_gaps5-8-10-12-15_core-gap10_min3_strict-v1
og_consensus_gaps5-8-10-12-15_core-gap10_min3_strict-v1:Q6MZP7:235-261,Q6MZP7,260,T,1,35254053,og_consensus_gaps5-8-10-12-15_core-gap10_min3_strict-v1
og_consensus_gaps5-8-10-12-15_core-gap10_min3_strict-v1:Q6MZP7:235-261,Q6MZP7,261,T,1,35254053,og_consensus_gaps5-8-10-12-15_core-gap10_min3_strict-v1
og_consensus_gaps5-8-10-12-15_core-gap10_min3_strict-v1:Q6MZP7:274-301,Q6MZP7,274,S,3,32574038;34846842;35254053,og_consensus_gaps5-8-10-12-15_core-gap10_min3_strict-v1
og_consensus_gaps5-8-10-12-15_core-gap10_min3_strict-v1:Q6MZP7:274-301,Q6MZP7,276,S,5,30059200;31492838;34846842;35254053;37541260,og_consensus_gaps5-8-10-12-15_core-gap10_min3_strict-v1
og_consensus_gaps5-8-10-12-15_core-gap10_min3_strict-v1:Q6MZP7:274-301,Q6MZP7,280,T,2,32574038;35132862,og_consensus_gaps5-8-10-12-15_core-gap10_min3_strict-v1
og_consensus_gaps5-8-10-12-15_core-gap10_min3_strict-v1:Q6MZP7:274-301,Q6MZP7,284,T,1,34846842,og_consensus_gaps5-8-10-12-15_core-gap10_min3_strict-v1
og_consensus_gaps5-8-10-12-15_core-gap10_min3_strict-v1:Q6MZP7:274-301,Q6MZP7,286,T,1,35254053,og_consensus_gaps5-8-10-12-15_core-gap10_min3_strict-v1
og_consensus_gaps5-8-10-12-15_core-gap10_min3_strict-v1:Q6MZP7:274-301,Q6MZP7,288,S,5,29351928;31492838;32938750;34846842;35513511,og_consensus_gaps5-8-10-12-15_core-gap10_min3_strict-v1
og_consensus_gaps5-8-10-12-15_core-gap10_min3_strict-v1:Q6MZP7:274-301,Q6MZP7,290,S,1,35132862,og_consensus_gaps5-8-10-12-15_core-gap10_min3_strict-v1
og_consensus_gaps5-8-10-12-15_core-gap10_min3_strict-v1:Q6MZP7:274-301,Q6MZP7,295,S,2,35132862;39531497,og_consensus_gaps5-8-10-12-15_core-gap10_min3_strict-v1
og_consensus_gaps5-8-10-12-15_core-gap10_min3_strict-v1:Q6MZP7:274-301,Q6MZP7,296,T,1,35705054,og_consensus_gaps5-8-10-12-15_core-gap10_min3_strict-v1
og_consensus_gaps5-8-10-12-15_core-gap10_min3_strict-v1:Q6MZP7:274-301,Q6MZP7,301,T,1,35289036,og_consensus_gaps5-8-10-12-15_core-gap10_min3_strict-v1
og_consensus_gaps5-8-10-12-15_core-gap10_min3_strict-v1:Q6MZP7:327-338,Q6MZP7,327,T,1,32938750,og_consensus_gaps5-8-10-12-15_core-gap10_min3_strict-v1
og_consensus_gaps5-8-10-12-15_core-gap10_min3_strict-v1:Q6MZP7:327-338,Q6MZP7,332,S,2,35254053;35289036,og_consensus_gaps5-8-10-12-15_core-gap10_min3_strict-v1
og_consensus_gaps5-8-10-12-15_core-gap10_min3_strict-v1:Q6MZP7:327-338,Q6MZP7,333,T,2,31492838;34846842,og_consensus_gaps5-8-10-12-15_core-gap10_min3_strict-v1
og_consensus_gaps5-8-10-12-15_core-gap10_min3_strict-v1:Q6MZP7:327-338,Q6MZP7,338,T,5,32938750;35254053;35289036;37541260;39531497,og_consensus_gaps5-8-10-12-15_core-gap10_min3_strict-v1
og_consensus_gaps5-8-10-12-15_core-gap10_min3_strict-v1:Q6MZP7:367-372,Q6MZP7,367,T,1,35254053,og_consensus_gaps5-8-10-12-15_core-gap10_min3_strict-v1
og_consensus_gaps5-8-10-12-15_core-gap10_min3_strict-v1:Q6MZP7:367-372,Q6MZP7,368,S,1,35254053,og_consensus_gaps5-8-10-12-15_core-gap10_min3_strict-v1
og_consensus_gaps5-8-10-12-15_core-gap10_min3_strict-v1:Q6MZP7:367-372,Q6MZP7,371,S,1,35254053,og_consensus_gaps5-8-10-12-15_core-gap10_min3_strict-v1
og_consensus_gaps5-8-10-12-15_core-gap10_min3_strict-v1:Q6MZP7:367-372,Q6MZP7,372,S,1,35289036,og_consensus_gaps5-8-10-12-15_core-gap10_min3_strict-v1
og_consensus_gaps5-8-10-12-15_core-gap10_min3_strict-v1:Q6MZP7:423-430,Q6MZP7,423,T,3,35254053;39531497;39534244,og_consensus_gaps5-8-10-12-15_core-gap10_min3_strict-v1
og_consensus_gaps5-8-10-12-15_core-gap10_min3_strict-v1:Q6MZP7:423-430,Q6MZP7,428,T,2,35132862;35254053,og_consensus_gaps5-8-10-12-15_core-gap10_min3_strict-v1
og_consensus_gaps5-8-10-12-15_core-gap10_min3_strict-v1:Q6MZP7:423-430,Q6MZP7,429,T,4,30059200;35254053;35289036;39302247,og_consensus_gaps5-8-10-12-15_core-gap10_min3_strict-v1
og_consensus_gaps5-8-10-12-15_core-gap10_min3_strict-v1:Q6MZP7:423-430,Q6MZP7,430,S,9,30059200;31492838;34846842;35254053;35289036;35513511;39302247;39531497;39534244,og_consensus_gaps5-8-10-12-15_core-gap10_min3_strict-v1
og_consensus_gaps5-8-10-12-15_core-gap10_min3_strict-v1:Q6N021:1480-1486,Q6N021,1480,S,1,30379171,og_consensus_gaps5-8-10-12-15_core-gap10_min3_strict-v1
og_consensus_gaps5-8-10-12-15_core-gap10_min3_strict-v1:Q6N021:1480-1486,Q6N021,1481,S,1,30379171,og_consensus_gaps5-8-10-12-15_core-gap10_min3_strict-v1
og_consensus_gaps5-8-10-12-15_core-gap10_min3_strict-v1:Q6N021:1480-1486,Q6N021,1486,S,1,30379171,og_consensus_gaps5-8-10-12-15_core-gap10_min3_strict-v1
og_consensus_gaps5-8-10-12-15_core-gap10_min3_strict-v1:Q6N043:90-98,Q6N043,90,S,1,39534244,og_consensus_gaps5-8-10-12-15_core-gap10_min3_strict-v1
og_consensus_gaps5-8-10-12-15_core-gap10_min3_strict-v1:Q6N043:90-98,Q6N043,94,T,1,39534244,og_consensus_gaps5-8-10-12-15_core-gap10_min3_strict-v1
og_consensus_gaps5-8-10-12-15_core-gap10_min3_strict-v1:Q6N043:90-98,Q6N043,97,T,1,39534244,og_consensus_gaps5-8-10-12-15_core-gap10_min3_strict-v1
og_consensus_gaps5-8-10-12-15_core-gap10_min3_strict-v1:Q6N043:90-98,Q6N043,98,S,1,39534244,og_consensus_gaps5-8-10-12-15_core-gap10_min3_strict-v1
og_consensus_gaps5-8-10-12-15_core-gap10_min3_strict-v1:Q6NXT4:374-376,Q6NXT4,374,T,3,32938750;35254053;39531497,og_consensus_gaps5-8-10-12-15_core-gap10_min3_strict-v1
og_consensus_gaps5-8-10-12-15_core-gap10_min3_strict-v1:Q6NXT4:374-376,Q6NXT4,375,S,2,35254053;35289036,og_consensus_gaps5-8-10-12-15_core-gap10_min3_strict-v1
og_consensus_gaps5-8-10-12-15_core-gap10_min3_strict-v1:Q6NXT4:374-376,Q6NXT4,376,T,1,35254053,og_consensus_gaps5-8-10-12-15_core-gap10_min3_strict-v1
og_consensus_gaps5-8-10-12-15_core-gap10_min3_strict-v1:Q6P3W7:729-734,Q6P3W7,729,S,2,35705054;39534244,og_consensus_gaps5-8-10-12-15_core-gap10_min3_strict-v1
og_consensus_gaps5-8-10-12-15_core-gap10_min3_strict-v1:Q6P3W7:729-734,Q6P3W7,731,T,1,39534244,og_consensus_gaps5-8-10-12-15_core-gap10_min3_strict-v1
og_consensus_gaps5-8-10-12-15_core-gap10_min3_strict-v1:Q6P3W7:729-734,Q6P3W7,732,S,2,30059200;39534244,og_consensus_gaps5-8-10-12-15_core-gap10_min3_strict-v1
og_consensus_gaps5-8-10-12-15_core-gap10_min3_strict-v1:Q6P3W7:729-734,Q6P3W7,734,S,1,32938750,og_consensus_gaps5-8-10-12-15_core-gap10_min3_strict-v1
og_consensus_gaps5-8-10-12-15_core-gap10_min3_strict-v1:Q6P4R8:746-759,Q6P4R8,746,S,5,31637018;32574038;34846842;35289036;35705054,og_consensus_gaps5-8-10-12-15_core-gap10_min3_strict-v1
og_consensus_gaps5-8-10-12-15_core-gap10_min3_strict-v1:Q6P4R8:746-759,Q6P4R8,749,S,5,30059200;32574038;34846842;35289036;35705054,og_consensus_gaps5-8-10-12-15_core-gap10_min3_strict-v1
og_consensus_gaps5-8-10-12-15_core-gap10_min3_strict-v1:Q6P4R8:746-759,Q6P4R8,750,T,10,20068230;30059200;30620550;31492838;32574038;35132862;35254053;35513511;37541260;38838015,og_consensus_gaps5-8-10-12-15_core-gap10_min3_strict-v1
og_consensus_gaps5-8-10-12-15_core-gap10_min3_strict-v1:Q6P4R8:746-759,Q6P4R8,752,S,3,30059200;32574038;35289036,og_consensus_gaps5-8-10-12-15_core-gap10_min3_strict-v1
og_consensus_gaps5-8-10-12-15_core-gap10_min3_strict-v1:Q6P4R8:746-759,Q6P4R8,757,S,2,35254053;39534244,og_consensus_gaps5-8-10-12-15_core-gap10_min3_strict-v1
og_consensus_gaps5-8-10-12-15_core-gap10_min3_strict-v1:Q6P4R8:746-759,Q6P4R8,759,S,1,39534244,og_consensus_gaps5-8-10-12-15_core-gap10_min3_strict-v1
og_consensus_gaps5-8-10-12-15_core-gap10_min3_strict-v1:Q6P4R8:781-787,Q6P4R8,781,S,1,39534244,og_consensus_gaps5-8-10-12-15_core-gap10_min3_strict-v1
og_consensus_gaps5-8-10-12-15_core-gap10_min3_strict-v1:Q6P4R8:781-787,Q6P4R8,786,S,1,39534244,og_consensus_gaps5-8-10-12-15_core-gap10_min3_strict-v1
og_consensus_gaps5-8-10-12-15_core-gap10_min3_strict-v1:Q6P4R8:781-787,Q6P4R8,787,S,1,39534244,og_consensus_gaps5-8-10-12-15_core-gap10_min3_strict-v1
og_consensus_gaps5-8-10-12-15_core-gap10_min3_strict-v1:Q6P4R8:841-845,Q6P4R8,841,T,7,20068230;30059200;30620550;32574038;34846842;35254053;38838015,og_consensus_gaps5-8-10-12-15_core-gap10_min3_strict-v1
og_consensus_gaps5-8-10-12-15_core-gap10_min3_strict-v1:Q6P4R8:841-845,Q6P4R8,843,T,1,32574038,og_consensus_gaps5-8-10-12-15_core-gap10_min3_strict-v1
og_consensus_gaps5-8-10-12-15_core-gap10_min3_strict-v1:Q6P4R8:841-845,Q6P4R8,845,T,2,32574038;35289036,og_consensus_gaps5-8-10-12-15_core-gap10_min3_strict-v1
og_consensus_gaps5-8-10-12-15_core-gap10_min3_strict-v1:Q6P4R8:875-905,Q6P4R8,875,T,1,39534244,og_consensus_gaps5-8-10-12-15_core-gap10_min3_strict-v1
og_consensus_gaps5-8-10-12-15_core-gap10_min3_strict-v1:Q6P4R8:875-905,Q6P4R8,878,T,2,35254053;39531497,og_consensus_gaps5-8-10-12-15_core-gap10_min3_strict-v1
og_consensus_gaps5-8-10-12-15_core-gap10_min3_strict-v1:Q6P4R8:875-905,Q6P4R8,880,T,1,35254053,og_consensus_gaps5-8-10-12-15_core-gap10_min3_strict-v1
og_consensus_gaps5-8-10-12-15_core-gap10_min3_strict-v1:Q6P4R8:875-905,Q6P4R8,881,S,3,30059200;35254053;39531497,og_consensus_gaps5-8-10-12-15_core-gap10_min3_strict-v1
og_consensus_gaps5-8-10-12-15_core-gap10_min3_strict-v1:Q6P4R8:875-905,Q6P4R8,885,T,1,39534244,og_consensus_gaps5-8-10-12-15_core-gap10_min3_strict-v1
og_consensus_gaps5-8-10-12-15_core-gap10_min3_strict-v1:Q6P4R8:875-905,Q6P4R8,887,S,2,35289036;39534244,og_consensus_gaps5-8-10-12-15_core-gap10_min3_strict-v1
og_consensus_gaps5-8-10-12-15_core-gap10_min3_strict-v1:Q6P4R8:875-905,Q6P4R8,890,S,1,35289036,og_consensus_gaps5-8-10-12-15_core-gap10_min3_strict-v1
og_consensus_gaps5-8-10-12-15_core-gap10_min3_strict-v1:Q6P4R8:875-905,Q6P4R8,894,T,1,35289036,og_consensus_gaps5-8-10-12-15_core-gap10_min3_strict-v1
og_consensus_gaps5-8-10-12-15_core-gap10_min3_strict-v1:Q6P4R8:875-905,Q6P4R8,895,S,3,35254053;35289036;39531497,og_consensus_gaps5-8-10-12-15_core-gap10_min3_strict-v1
og_consensus_gaps5-8-10-12-15_core-gap10_min3_strict-v1:Q6P4R8:875-905,Q6P4R8,900,S,1,35289036,og_consensus_gaps5-8-10-12-15_core-gap10_min3_strict-v1
og_consensus_gaps5-8-10-12-15_core-gap10_min3_strict-v1:Q6P4R8:875-905,Q6P4R8,905,S,1,35254053,og_consensus_gaps5-8-10-12-15_core-gap10_min3_strict-v1
og_consensus_gaps5-8-10-12-15_core-gap10_min3_strict-v1:Q6P4R8:1027-1034,Q6P4R8,1027,S,6,30059200;31492838;32574038;35254053;35289036;35513511,og_consensus_gaps5-8-10-12-15_core-gap10_min3_strict-v1
og_consensus_gaps5-8-10-12-15_core-gap10_min3_strict-v1:Q6P4R8:1027-1034,Q6P4R8,1028,S,1,34846842,og_consensus_gaps5-8-10-12-15_core-gap10_min3_strict-v1
og_consensus_gaps5-8-10-12-15_core-gap10_min3_strict-v1:Q6P4R8:1027-1034,Q6P4R8,1030,S,2,31492838;35254053,og_consensus_gaps5-8-10-12-15_core-gap10_min3_strict-v1
og_consensus_gaps5-8-10-12-15_core-gap10_min3_strict-v1:Q6P4R8:1027-1034,Q6P4R8,1034,S,1,35254053,og_consensus_gaps5-8-10-12-15_core-gap10_min3_strict-v1
og_consensus_gaps5-8-10-12-15_core-gap10_min3_strict-v1:Q6P4R8:1126-1157,Q6P4R8,1126,T,2,32938750;39534244,og_consensus_gaps5-8-10-12-15_core-gap10_min3_strict-v1
og_consensus_gaps5-8-10-12-15_core-gap10_min3_strict-v1:Q6P4R8:1126-1157,Q6P4R8,1127,S,1,39534244,og_consensus_gaps5-8-10-12-15_core-gap10_min3_strict-v1
og_consensus_gaps5-8-10-12-15_core-gap10_min3_strict-v1:Q6P4R8:1126-1157,Q6P4R8,1130,S,6,30059200;32938750;35132862;35254053;35513511;39531497,og_consensus_gaps5-8-10-12-15_core-gap10_min3_strict-v1
og_consensus_gaps5-8-10-12-15_core-gap10_min3_strict-v1:Q6P4R8:1126-1157,Q6P4R8,1139,S,1,39531497,og_consensus_gaps5-8-10-12-15_core-gap10_min3_strict-v1
og_consensus_gaps5-8-10-12-15_core-gap10_min3_strict-v1:Q6P4R8:1126-1157,Q6P4R8,1141,T,7,31637018;32938750;34846842;35254053;35289036;35705054;37541260,og_consensus_gaps5-8-10-12-15_core-gap10_min3_strict-v1
og_consensus_gaps5-8-10-12-15_core-gap10_min3_strict-v1:Q6P4R8:1126-1157,Q6P4R8,1146,S,4,32938750;35254053;35705054;37541260,og_consensus_gaps5-8-10-12-15_core-gap10_min3_strict-v1
og_consensus_gaps5-8-10-12-15_core-gap10_min3_strict-v1:Q6P4R8:1126-1157,Q6P4R8,1150,S,2,35289036;39531497,og_consensus_gaps5-8-10-12-15_core-gap10_min3_strict-v1
og_consensus_gaps5-8-10-12-15_core-gap10_min3_strict-v1:Q6P4R8:1126-1157,Q6P4R8,1151,T,6,29351928;31492838;35254053;35289036;39531497;39534244,og_consensus_gaps5-8-10-12-15_core-gap10_min3_strict-v1
og_consensus_gaps5-8-10-12-15_core-gap10_min3_strict-v1:Q6P4R8:1126-1157,Q6P4R8,1154,S,9,29351928;31637018;35132862;35254053;35289036;35513511;35705054;39531497;39534244,og_consensus_gaps5-8-10-12-15_core-gap10_min3_strict-v1
og_consensus_gaps5-8-10-12-15_core-gap10_min3_strict-v1:Q6P4R8:1126-1157,Q6P4R8,1156,S,2,34846842;35289036,og_consensus_gaps5-8-10-12-15_core-gap10_min3_strict-v1
og_consensus_gaps5-8-10-12-15_core-gap10_min3_strict-v1:Q6P4R8:1126-1157,Q6P4R8,1157,T,2,32938750;35289036,og_consensus_gaps5-8-10-12-15_core-gap10_min3_strict-v1
og_consensus_gaps5-8-10-12-15_core-gap10_min3_strict-v1:Q6P4R8:1168-1175,Q6P4R8,1168,S,10,29237092;29351928;31492838;32574038;32938750;35254053;35513511;35705054;39531497;39534244,og_consensus_gaps5-8-10-12-15_core-gap10_min3_strict-v1
og_consensus_gaps5-8-10-12-15_core-gap10_min3_strict-v1:Q6P4R8:1168-1175,Q6P4R8,1170,T,5,34846842;35132862;35254053;35705054;39534244,og_consensus_gaps5-8-10-12-15_core-gap10_min3_strict-v1
og_consensus_gaps5-8-10-12-15_core-gap10_min3_strict-v1:Q6P4R8:1168-1175,Q6P4R8,1173,S,4,34846842;35254053;35289036;39534244,og_consensus_gaps5-8-10-12-15_core-gap10_min3_strict-v1
og_consensus_gaps5-8-10-12-15_core-gap10_min3_strict-v1:Q6P4R8:1168-1175,Q6P4R8,1174,T,5,30059200;32574038;35132862;35254053;39531497,og_consensus_gaps5-8-10-12-15_core-gap10_min3_strict-v1
og_consensus_gaps5-8-10-12-15_core-gap10_min3_strict-v1:Q6P4R8:1168-1175,Q6P4R8,1175,S,16,23301498;28657654;29237092;29351928;30059200;31492838;32938750;34846842;35132862;35254053;35289036;35513511;37541260;38838015;39531497;39534244,og_consensus_gaps5-8-10-12-15_core-gap10_min3_strict-v1
og_consensus_gaps5-8-10-12-15_core-gap10_min3_strict-v1:Q6P4R8:1224-1230,Q6P4R8,1224,T,2,35254053;39531497,og_consensus_gaps5-8-10-12-15_core-gap10_min3_strict-v1
og_consensus_gaps5-8-10-12-15_core-gap10_min3_strict-v1:Q6P4R8:1224-1230,Q6P4R8,1225,T,4,31492838;35289036;39302247;39531497,og_consensus_gaps5-8-10-12-15_core-gap10_min3_strict-v1
og_consensus_gaps5-8-10-12-15_core-gap10_min3_strict-v1:Q6P4R8:1224-1230,Q6P4R8,1230,T,1,39302247,og_consensus_gaps5-8-10-12-15_core-gap10_min3_strict-v1
og_consensus_gaps5-8-10-12-15_core-gap10_min3_strict-v1:Q6P4R8:1273-1288,Q6P4R8,1273,T,17,20068230;23301498;29237092;29351928;30059200;30620550;31492838;32574038;32938750;34846842;35254053;35513511;35705054;37541260;38838015;39531497;39534244,og_consensus_gaps5-8-10-12-15_core-gap10_min3_strict-v1
og_consensus_gaps5-8-10-12-15_core-gap10_min3_strict-v1:Q6P4R8:1273-1288,Q6P4R8,1275,S,2,34846842;35289036,og_consensus_gaps5-8-10-12-15_core-gap10_min3_strict-v1
og_consensus_gaps5-8-10-12-15_core-gap10_min3_strict-v1:Q6P4R8:1273-1288,Q6P4R8,1277,S,3,34846842;35132862;35289036,og_consensus_gaps5-8-10-12-15_core-gap10_min3_strict-v1
og_consensus_gaps5-8-10-12-15_core-gap10_min3_strict-v1:Q6P4R8:1273-1288,Q6P4R8,1278,S,4,32574038;34846842;35289036;35513511,og_consensus_gaps5-8-10-12-15_core-gap10_min3_strict-v1
og_consensus_gaps5-8-10-12-15_core-gap10_min3_strict-v1:Q6P4R8:1273-1288,Q6P4R8,1282,S,2,35254053;39531497,og_consensus_gaps5-8-10-12-15_core-gap10_min3_strict-v1
og_consensus_gaps5-8-10-12-15_core-gap10_min3_strict-v1:Q6P4R8:1273-1288,Q6P4R8,1283,T,1,35254053,og_consensus_gaps5-8-10-12-15_core-gap10_min3_strict-v1
og_consensus_gaps5-8-10-12-15_core-gap10_min3_strict-v1:Q6P4R8:1273-1288,Q6P4R8,1287,T,1,37541260,og_consensus_gaps5-8-10-12-15_core-gap10_min3_strict-v1
og_consensus_gaps5-8-10-12-15_core-gap10_min3_strict-v1:Q6P4R8:1273-1288,Q6P4R8,1288,T,1,35254053,og_consensus_gaps5-8-10-12-15_core-gap10_min3_strict-v1
og_consensus_gaps5-8-10-12-15_core-gap10_min3_strict-v1:Q6PCB5:114-117,Q6PCB5,114,S,1,39534244,og_consensus_gaps5-8-10-12-15_core-gap10_min3_strict-v1
og_consensus_gaps5-8-10-12-15_core-gap10_min3_strict-v1:Q6PCB5:114-117,Q6PCB5,115,S,1,35254053,og_consensus_gaps5-8-10-12-15_core-gap10_min3_strict-v1
og_consensus_gaps5-8-10-12-15_core-gap10_min3_strict-v1:Q6PCB5:114-117,Q6PCB5,117,S,1,39534244,og_consensus_gaps5-8-10-12-15_core-gap10_min3_strict-v1
og_consensus_gaps5-8-10-12-15_core-gap10_min3_strict-v1:Q6PJG2:57-59,Q6PJG2,57,S,1,39534244,og_consensus_gaps5-8-10-12-15_core-gap10_min3_strict-v1
og_consensus_gaps5-8-10-12-15_core-gap10_min3_strict-v1:Q6PJG2:57-59,Q6PJG2,58,T,3,29351928;39531497;39534244,og_consensus_gaps5-8-10-12-15_core-gap10_min3_strict-v1
og_consensus_gaps5-8-10-12-15_core-gap10_min3_strict-v1:Q6PJG2:57-59,Q6PJG2,59,S,2,29351928;39531497,og_consensus_gaps5-8-10-12-15_core-gap10_min3_strict-v1
og_consensus_gaps5-8-10-12-15_core-gap10_min3_strict-v1:Q6PJG2:83-94,Q6PJG2,83,T,2,32938750;35254053,og_consensus_gaps5-8-10-12-15_core-gap10_min3_strict-v1
og_consensus_gaps5-8-10-12-15_core-gap10_min3_strict-v1:Q6PJG2:83-94,Q6PJG2,84,S,1,39534244,og_consensus_gaps5-8-10-12-15_core-gap10_min3_strict-v1
og_consensus_gaps5-8-10-12-15_core-gap10_min3_strict-v1:Q6PJG2:83-94,Q6PJG2,89,S,1,39531497,og_consensus_gaps5-8-10-12-15_core-gap10_min3_strict-v1
og_consensus_gaps5-8-10-12-15_core-gap10_min3_strict-v1:Q6PJG2:83-94,Q6PJG2,94,S,1,39534244,og_consensus_gaps5-8-10-12-15_core-gap10_min3_strict-v1
og_consensus_gaps5-8-10-12-15_core-gap10_min3_strict-v1:Q6PJT7:75-78,Q6PJT7,75,S,2,34846842;35289036,og_consensus_gaps5-8-10-12-15_core-gap10_min3_strict-v1
og_consensus_gaps5-8-10-12-15_core-gap10_min3_strict-v1:Q6PJT7:75-78,Q6PJT7,77,T,1,35254053,og_consensus_gaps5-8-10-12-15_core-gap10_min3_strict-v1
og_consensus_gaps5-8-10-12-15_core-gap10_min3_strict-v1:Q6PJT7:75-78,Q6PJT7,78,T,6,30059200;30620550;35254053;35513511;37541260;39534244,og_consensus_gaps5-8-10-12-15_core-gap10_min3_strict-v1
og_consensus_gaps5-8-10-12-15_core-gap10_min3_strict-v1:Q6PJT7:132-135,Q6PJT7,132,S,4,32574038;35254053;35513511;39531497,og_consensus_gaps5-8-10-12-15_core-gap10_min3_strict-v1
og_consensus_gaps5-8-10-12-15_core-gap10_min3_strict-v1:Q6PJT7:132-135,Q6PJT7,133,T,3,30059200;35254053;39531497,og_consensus_gaps5-8-10-12-15_core-gap10_min3_strict-v1
og_consensus_gaps5-8-10-12-15_core-gap10_min3_strict-v1:Q6PJT7:132-135,Q6PJT7,134,S,3,30059200;34846842;35254053,og_consensus_gaps5-8-10-12-15_core-gap10_min3_strict-v1
og_consensus_gaps5-8-10-12-15_core-gap10_min3_strict-v1:Q6PJT7:132-135,Q6PJT7,135,S,1,34846842,og_consensus_gaps5-8-10-12-15_core-gap10_min3_strict-v1
og_consensus_gaps5-8-10-12-15_core-gap10_min3_strict-v1:Q6PJT7:200-211,Q6PJT7,200,T,1,39531497,og_consensus_gaps5-8-10-12-15_core-gap10_min3_strict-v1
og_consensus_gaps5-8-10-12-15_core-gap10_min3_strict-v1:Q6PJT7:200-211,Q6PJT7,202,T,3,30059200;35254053;39531497,og_consensus_gaps5-8-10-12-15_core-gap10_min3_strict-v1
og_consensus_gaps5-8-10-12-15_core-gap10_min3_strict-v1:Q6PJT7:200-211,Q6PJT7,204,T,1,35254053,og_consensus_gaps5-8-10-12-15_core-gap10_min3_strict-v1
og_consensus_gaps5-8-10-12-15_core-gap10_min3_strict-v1:Q6PJT7:200-211,Q6PJT7,207,S,1,39534244,og_consensus_gaps5-8-10-12-15_core-gap10_min3_strict-v1
og_consensus_gaps5-8-10-12-15_core-gap10_min3_strict-v1:Q6PJT7:200-211,Q6PJT7,208,S,1,39534244,og_consensus_gaps5-8-10-12-15_core-gap10_min3_strict-v1
og_consensus_gaps5-8-10-12-15_core-gap10_min3_strict-v1:Q6PJT7:200-211,Q6PJT7,211,S,3,35254053;39531497;39534244,og_consensus_gaps5-8-10-12-15_core-gap10_min3_strict-v1
og_consensus_gaps5-8-10-12-15_core-gap10_min3_strict-v1:Q6PJT7:325-331,Q6PJT7,325,T,2,35254053;39531497,og_consensus_gaps5-8-10-12-15_core-gap10_min3_strict-v1
og_consensus_gaps5-8-10-12-15_core-gap10_min3_strict-v1:Q6PJT7:325-331,Q6PJT7,327,S,1,34846842,og_consensus_gaps5-8-10-12-15_core-gap10_min3_strict-v1
og_consensus_gaps5-8-10-12-15_core-gap10_min3_strict-v1:Q6PJT7:325-331,Q6PJT7,329,S,2,35254053;39302247,og_consensus_gaps5-8-10-12-15_core-gap10_min3_strict-v1
og_consensus_gaps5-8-10-12-15_core-gap10_min3_strict-v1:Q6PJT7:325-331,Q6PJT7,331,S,5,30059200;31492838;35254053;35513511;39302247,og_consensus_gaps5-8-10-12-15_core-gap10_min3_strict-v1
og_consensus_gaps5-8-10-12-15_core-gap10_min3_strict-v1:Q6PJT7:360-374,Q6PJT7,360,S,14,23301498;29237092;29351928;30059200;30620550;31373491;31492838;34846842;35254053;35289036;35513511;35705054;37541260;39534244,og_consensus_gaps5-8-10-12-15_core-gap10_min3_strict-v1
og_consensus_gaps5-8-10-12-15_core-gap10_min3_strict-v1:Q6PJT7:360-374,Q6PJT7,365,S,5,29249144;30620550;32574038;34846842;35132862,og_consensus_gaps5-8-10-12-15_core-gap10_min3_strict-v1
og_consensus_gaps5-8-10-12-15_core-gap10_min3_strict-v1:Q6PJT7:360-374,Q6PJT7,367,T,4,32574038;34846842;35254053;37541260,og_consensus_gaps5-8-10-12-15_core-gap10_min3_strict-v1
og_consensus_gaps5-8-10-12-15_core-gap10_min3_strict-v1:Q6PJT7:360-374,Q6PJT7,369,T,7,30059200;31492838;32574038;34846842;35254053;35289036;37541260,og_consensus_gaps5-8-10-12-15_core-gap10_min3_strict-v1
og_consensus_gaps5-8-10-12-15_core-gap10_min3_strict-v1:Q6PJT7:360-374,Q6PJT7,370,T,9,29237092;30059200;30620550;31492838;34846842;35254053;35513511;37541260;39531497,og_consensus_gaps5-8-10-12-15_core-gap10_min3_strict-v1
og_consensus_gaps5-8-10-12-15_core-gap10_min3_strict-v1:Q6PJT7:360-374,Q6PJT7,373,S,1,31637018,og_consensus_gaps5-8-10-12-15_core-gap10_min3_strict-v1
og_consensus_gaps5-8-10-12-15_core-gap10_min3_strict-v1:Q6PJT7:360-374,Q6PJT7,374,T,2,32574038;33465208,og_consensus_gaps5-8-10-12-15_core-gap10_min3_strict-v1
og_consensus_gaps5-8-10-12-15_core-gap10_min3_strict-v1:Q6PKG0:766-770,Q6PKG0,766,S,1,35254053,og_consensus_gaps5-8-10-12-15_core-gap10_min3_strict-v1
og_consensus_gaps5-8-10-12-15_core-gap10_min3_strict-v1:Q6PKG0:766-770,Q6PKG0,769,T,1,35254053,og_consensus_gaps5-8-10-12-15_core-gap10_min3_strict-v1
og_consensus_gaps5-8-10-12-15_core-gap10_min3_strict-v1:Q6PKG0:766-770,Q6PKG0,770,T,2,28657654;35254053,og_consensus_gaps5-8-10-12-15_core-gap10_min3_strict-v1
og_consensus_gaps5-8-10-12-15_core-gap10_min3_strict-v1:Q6Q0C0:59-65,Q6Q0C0,59,T,1,38253038,og_consensus_gaps5-8-10-12-15_core-gap10_min3_strict-v1
og_consensus_gaps5-8-10-12-15_core-gap10_min3_strict-v1:Q6Q0C0:59-65,Q6Q0C0,61,S,1,38253038,og_consensus_gaps5-8-10-12-15_core-gap10_min3_strict-v1
og_consensus_gaps5-8-10-12-15_core-gap10_min3_strict-v1:Q6Q0C0:59-65,Q6Q0C0,62,S,1,38253038,og_consensus_gaps5-8-10-12-15_core-gap10_min3_strict-v1
og_consensus_gaps5-8-10-12-15_core-gap10_min3_strict-v1:Q6Q0C0:59-65,Q6Q0C0,63,S,1,38253038,og_consensus_gaps5-8-10-12-15_core-gap10_min3_strict-v1
og_consensus_gaps5-8-10-12-15_core-gap10_min3_strict-v1:Q6Q0C0:59-65,Q6Q0C0,64,S,1,38253038,og_consensus_gaps5-8-10-12-15_core-gap10_min3_strict-v1
og_consensus_gaps5-8-10-12-15_core-gap10_min3_strict-v1:Q6Q0C0:59-65,Q6Q0C0,65,T,1,38253038,og_consensus_gaps5-8-10-12-15_core-gap10_min3_strict-v1
og_consensus_gaps5-8-10-12-15_core-gap10_min3_strict-v1:Q6UN15:205-208,Q6UN15,205,T,5,28657654;32574038;35132862;35289036;39531497,og_consensus_gaps5-8-10-12-15_core-gap10_min3_strict-v1
og_consensus_gaps5-8-10-12-15_core-gap10_min3_strict-v1:Q6UN15:205-208,Q6UN15,206,S,7,28657654;29237092;30059200;31492838;35289036;35705054;39531497,og_consensus_gaps5-8-10-12-15_core-gap10_min3_strict-v1
og_consensus_gaps5-8-10-12-15_core-gap10_min3_strict-v1:Q6UN15:205-208,Q6UN15,207,T,2,30059200;31492838,og_consensus_gaps5-8-10-12-15_core-gap10_min3_strict-v1
og_consensus_gaps5-8-10-12-15_core-gap10_min3_strict-v1:Q6UN15:205-208,Q6UN15,208,T,3,30059200;35289036;35513511,og_consensus_gaps5-8-10-12-15_core-gap10_min3_strict-v1
og_consensus_gaps5-8-10-12-15_core-gap10_min3_strict-v1:Q6UN15:241-259,Q6UN15,241,T,1,32574038,og_consensus_gaps5-8-10-12-15_core-gap10_min3_strict-v1
og_consensus_gaps5-8-10-12-15_core-gap10_min3_strict-v1:Q6UN15:241-259,Q6UN15,244,S,1,32574038,og_consensus_gaps5-8-10-12-15_core-gap10_min3_strict-v1
og_consensus_gaps5-8-10-12-15_core-gap10_min3_strict-v1:Q6UN15:241-259,Q6UN15,248,T,2,34846842;35289036,og_consensus_gaps5-8-10-12-15_core-gap10_min3_strict-v1
og_consensus_gaps5-8-10-12-15_core-gap10_min3_strict-v1:Q6UN15:241-259,Q6UN15,252,S,6,29237092;30379171;32574038;34846842;35132862;35289036,og_consensus_gaps5-8-10-12-15_core-gap10_min3_strict-v1
og_consensus_gaps5-8-10-12-15_core-gap10_min3_strict-v1:Q6UN15:241-259,Q6UN15,253,T,9,28657654;29351928;30059200;30379171;31492838;32574038;35513511;38838015;39531497,og_consensus_gaps5-8-10-12-15_core-gap10_min3_strict-v1
og_consensus_gaps5-8-10-12-15_core-gap10_min3_strict-v1:Q6UN15:241-259,Q6UN15,258,T,3,32574038;35132862;39531497,og_consensus_gaps5-8-10-12-15_core-gap10_min3_strict-v1
og_consensus_gaps5-8-10-12-15_core-gap10_min3_strict-v1:Q6UN15:241-259,Q6UN15,259,S,1,32574038,og_consensus_gaps5-8-10-12-15_core-gap10_min3_strict-v1
og_consensus_gaps5-8-10-12-15_core-gap10_min3_strict-v1:Q6UUV7:62-71,Q6UUV7,62,S,1,39534244,og_consensus_gaps5-8-10-12-15_core-gap10_min3_strict-v1
og_consensus_gaps5-8-10-12-15_core-gap10_min3_strict-v1:Q6UUV7:62-71,Q6UUV7,67,S,1,39534244,og_consensus_gaps5-8-10-12-15_core-gap10_min3_strict-v1
og_consensus_gaps5-8-10-12-15_core-gap10_min3_strict-v1:Q6UUV7:62-71,Q6UUV7,71,S,2,30059200;35513511,og_consensus_gaps5-8-10-12-15_core-gap10_min3_strict-v1
og_consensus_gaps5-8-10-12-15_core-gap10_min3_strict-v1:Q6UUV7:320-329,Q6UUV7,320,S,1,30059200,og_consensus_gaps5-8-10-12-15_core-gap10_min3_strict-v1
og_consensus_gaps5-8-10-12-15_core-gap10_min3_strict-v1:Q6UUV7:320-329,Q6UUV7,321,S,3,30059200;35254053;35513511,og_consensus_gaps5-8-10-12-15_core-gap10_min3_strict-v1
og_consensus_gaps5-8-10-12-15_core-gap10_min3_strict-v1:Q6UUV7:320-329,Q6UUV7,326,S,1,35289036,og_consensus_gaps5-8-10-12-15_core-gap10_min3_strict-v1
og_consensus_gaps5-8-10-12-15_core-gap10_min3_strict-v1:Q6UUV7:320-329,Q6UUV7,327,S,2,30059200;35254053,og_consensus_gaps5-8-10-12-15_core-gap10_min3_strict-v1
og_consensus_gaps5-8-10-12-15_core-gap10_min3_strict-v1:Q6UUV7:320-329,Q6UUV7,329,S,7,29237092;30059200;31492838;34846842;35254053;35289036;39534244,og_consensus_gaps5-8-10-12-15_core-gap10_min3_strict-v1
og_consensus_gaps5-8-10-12-15_core-gap10_min3_strict-v1:Q6UUV7:340-363,Q6UUV7,340,T,3,34846842;35254053;39531497,og_consensus_gaps5-8-10-12-15_core-gap10_min3_strict-v1
og_consensus_gaps5-8-10-12-15_core-gap10_min3_strict-v1:Q6UUV7:340-363,Q6UUV7,343,S,2,34846842;39534244,og_consensus_gaps5-8-10-12-15_core-gap10_min3_strict-v1
og_consensus_gaps5-8-10-12-15_core-gap10_min3_strict-v1:Q6UUV7:340-363,Q6UUV7,344,S,2,34846842;35289036,og_consensus_gaps5-8-10-12-15_core-gap10_min3_strict-v1
og_consensus_gaps5-8-10-12-15_core-gap10_min3_strict-v1:Q6UUV7:340-363,Q6UUV7,352,T,3,29351928;35254053;39534244,og_consensus_gaps5-8-10-12-15_core-gap10_min3_strict-v1
og_consensus_gaps5-8-10-12-15_core-gap10_min3_strict-v1:Q6UUV7:340-363,Q6UUV7,353,S,9,29237092;29351928;30059200;31492838;34846842;35254053;35513511;39302247;39534244,og_consensus_gaps5-8-10-12-15_core-gap10_min3_strict-v1
og_consensus_gaps5-8-10-12-15_core-gap10_min3_strict-v1:Q6UUV7:340-363,Q6UUV7,358,S,1,39534244,og_consensus_gaps5-8-10-12-15_core-gap10_min3_strict-v1
og_consensus_gaps5-8-10-12-15_core-gap10_min3_strict-v1:Q6UUV7:340-363,Q6UUV7,363,S,1,39534244,og_consensus_gaps5-8-10-12-15_core-gap10_min3_strict-v1
og_consensus_gaps5-8-10-12-15_core-gap10_min3_strict-v1:Q6UVJ0:493-504,Q6UVJ0,493,S,2,39531497;39534244,og_consensus_gaps5-8-10-12-15_core-gap10_min3_strict-v1
og_consensus_gaps5-8-10-12-15_core-gap10_min3_strict-v1:Q6UVJ0:493-504,Q6UVJ0,495,T,1,35132862,og_consensus_gaps5-8-10-12-15_core-gap10_min3_strict-v1
og_consensus_gaps5-8-10-12-15_core-gap10_min3_strict-v1:Q6UVJ0:493-504,Q6UVJ0,500,S,11,29237092;30059200;30620550;31492838;32574038;35254053;35513511;37541260;38838015;39531497;39534244,og_consensus_gaps5-8-10-12-15_core-gap10_min3_strict-v1
og_consensus_gaps5-8-10-12-15_core-gap10_min3_strict-v1:Q6UVJ0:493-504,Q6UVJ0,502,S,1,35132862,og_consensus_gaps5-8-10-12-15_core-gap10_min3_strict-v1
og_consensus_gaps5-8-10-12-15_core-gap10_min3_strict-v1:Q6UVJ0:493-504,Q6UVJ0,504,T,1,35254053,og_consensus_gaps5-8-10-12-15_core-gap10_min3_strict-v1
og_consensus_gaps5-8-10-12-15_core-gap10_min3_strict-v1:Q6VMQ6:712-721,Q6VMQ6,712,S,2,35132862;39531497,og_consensus_gaps5-8-10-12-15_core-gap10_min3_strict-v1
og_consensus_gaps5-8-10-12-15_core-gap10_min3_strict-v1:Q6VMQ6:712-721,Q6VMQ6,715,T,2,35132862;39531497,og_consensus_gaps5-8-10-12-15_core-gap10_min3_strict-v1
og_consensus_gaps5-8-10-12-15_core-gap10_min3_strict-v1:Q6VMQ6:712-721,Q6VMQ6,719,T,4,32938750;35254053;37541260;39531497,og_consensus_gaps5-8-10-12-15_core-gap10_min3_strict-v1
og_consensus_gaps5-8-10-12-15_core-gap10_min3_strict-v1:Q6VMQ6:712-721,Q6VMQ6,721,S,1,39531497,og_consensus_gaps5-8-10-12-15_core-gap10_min3_strict-v1
og_consensus_gaps5-8-10-12-15_core-gap10_min3_strict-v1:Q6VMQ6:834-842,Q6VMQ6,834,S,7,28314751;29351928;31492838;32938750;35254053;35705054;39531497,og_consensus_gaps5-8-10-12-15_core-gap10_min3_strict-v1
og_consensus_gaps5-8-10-12-15_core-gap10_min3_strict-v1:Q6VMQ6:834-842,Q6VMQ6,837,S,5,35132862;35254053;35289036;35705054;39534244,og_consensus_gaps5-8-10-12-15_core-gap10_min3_strict-v1
og_consensus_gaps5-8-10-12-15_core-gap10_min3_strict-v1:Q6VMQ6:834-842,Q6VMQ6,842,T,10,30059200;31492838;32938750;35132862;35254053;35705054;37541260;39302247;39531497;39534244,og_consensus_gaps5-8-10-12-15_core-gap10_min3_strict-v1
og_consensus_gaps5-8-10-12-15_core-gap10_min3_strict-v1:Q6VMQ6:877-888,Q6VMQ6,877,T,2,35254053;39534244,og_consensus_gaps5-8-10-12-15_core-gap10_min3_strict-v1
og_consensus_gaps5-8-10-12-15_core-gap10_min3_strict-v1:Q6VMQ6:877-888,Q6VMQ6,880,S,1,39302247,og_consensus_gaps5-8-10-12-15_core-gap10_min3_strict-v1
og_consensus_gaps5-8-10-12-15_core-gap10_min3_strict-v1:Q6VMQ6:877-888,Q6VMQ6,885,T,2,35254053;39302247,og_consensus_gaps5-8-10-12-15_core-gap10_min3_strict-v1
og_consensus_gaps5-8-10-12-15_core-gap10_min3_strict-v1:Q6VMQ6:877-888,Q6VMQ6,888,S,3,34846842;35705054;39534244,og_consensus_gaps5-8-10-12-15_core-gap10_min3_strict-v1
og_consensus_gaps5-8-10-12-15_core-gap10_min3_strict-v1:Q6VMQ6:914-920,Q6VMQ6,914,S,10,29351928;30059200;31373491;32938750;34846842;35254053;35513511;35705054;38838015;39531497,og_consensus_gaps5-8-10-12-15_core-gap10_min3_strict-v1
og_consensus_gaps5-8-10-12-15_core-gap10_min3_strict-v1:Q6VMQ6:914-920,Q6VMQ6,917,S,2,34846842;35254053,og_consensus_gaps5-8-10-12-15_core-gap10_min3_strict-v1
og_consensus_gaps5-8-10-12-15_core-gap10_min3_strict-v1:Q6VMQ6:914-920,Q6VMQ6,918,T,2,35132862;39534244,og_consensus_gaps5-8-10-12-15_core-gap10_min3_strict-v1
og_consensus_gaps5-8-10-12-15_core-gap10_min3_strict-v1:Q6VMQ6:914-920,Q6VMQ6,920,S,2,31492838;39534244,og_consensus_gaps5-8-10-12-15_core-gap10_min3_strict-v1
og_consensus_gaps5-8-10-12-15_core-gap10_min3_strict-v1:Q6VMQ6:988-1000,Q6VMQ6,988,T,4,35254053;37541260;39531497;39534244,og_consensus_gaps5-8-10-12-15_core-gap10_min3_strict-v1
og_consensus_gaps5-8-10-12-15_core-gap10_min3_strict-v1:Q6VMQ6:988-1000,Q6VMQ6,991,S,6,30059200;35132862;35254053;35289036;39531497;39534244,og_consensus_gaps5-8-10-12-15_core-gap10_min3_strict-v1
og_consensus_gaps5-8-10-12-15_core-gap10_min3_strict-v1:Q6VMQ6:988-1000,Q6VMQ6,992,T,3,30059200;32574038;35254053,og_consensus_gaps5-8-10-12-15_core-gap10_min3_strict-v1
og_consensus_gaps5-8-10-12-15_core-gap10_min3_strict-v1:Q6VMQ6:988-1000,Q6VMQ6,994,S,4,32574038;35132862;35254053;39531497,og_consensus_gaps5-8-10-12-15_core-gap10_min3_strict-v1
og_consensus_gaps5-8-10-12-15_core-gap10_min3_strict-v1:Q6VMQ6:988-1000,Q6VMQ6,995,S,1,32574038,og_consensus_gaps5-8-10-12-15_core-gap10_min3_strict-v1
og_consensus_gaps5-8-10-12-15_core-gap10_min3_strict-v1:Q6VMQ6:988-1000,Q6VMQ6,996,S,1,39534244,og_consensus_gaps5-8-10-12-15_core-gap10_min3_strict-v1
og_consensus_gaps5-8-10-12-15_core-gap10_min3_strict-v1:Q6VMQ6:988-1000,Q6VMQ6,1000,S,1,39531497,og_consensus_gaps5-8-10-12-15_core-gap10_min3_strict-v1
og_consensus_gaps5-8-10-12-15_core-gap10_min3_strict-v1:Q6W2J9:365-378,Q6W2J9,365,S,10,20068230;30059200;31492838;35254053;35289036;35513511;35705054;37541260;39531497;39534244,og_consensus_gaps5-8-10-12-15_core-gap10_min3_strict-v1
og_consensus_gaps5-8-10-12-15_core-gap10_min3_strict-v1:Q6W2J9:365-378,Q6W2J9,366,T,2,39531497;39534244,og_consensus_gaps5-8-10-12-15_core-gap10_min3_strict-v1
og_consensus_gaps5-8-10-12-15_core-gap10_min3_strict-v1:Q6W2J9:365-378,Q6W2J9,367,S,2,35132862;39534244,og_consensus_gaps5-8-10-12-15_core-gap10_min3_strict-v1
og_consensus_gaps5-8-10-12-15_core-gap10_min3_strict-v1:Q6W2J9:365-378,Q6W2J9,369,S,1,35705054,og_consensus_gaps5-8-10-12-15_core-gap10_min3_strict-v1
og_consensus_gaps5-8-10-12-15_core-gap10_min3_strict-v1:Q6W2J9:365-378,Q6W2J9,373,S,2,35705054;39531497,og_consensus_gaps5-8-10-12-15_core-gap10_min3_strict-v1
og_consensus_gaps5-8-10-12-15_core-gap10_min3_strict-v1:Q6W2J9:365-378,Q6W2J9,378,T,1,32574038,og_consensus_gaps5-8-10-12-15_core-gap10_min3_strict-v1
og_consensus_gaps5-8-10-12-15_core-gap10_min3_strict-v1:Q6ZN30:514-519,Q6ZN30,514,T,1,35254053,og_consensus_gaps5-8-10-12-15_core-gap10_min3_strict-v1
og_consensus_gaps5-8-10-12-15_core-gap10_min3_strict-v1:Q6ZN30:514-519,Q6ZN30,515,S,2,31492838;35254053,og_consensus_gaps5-8-10-12-15_core-gap10_min3_strict-v1
og_consensus_gaps5-8-10-12-15_core-gap10_min3_strict-v1:Q6ZN30:514-519,Q6ZN30,519,T,1,39531497,og_consensus_gaps5-8-10-12-15_core-gap10_min3_strict-v1
og_consensus_gaps5-8-10-12-15_core-gap10_min3_strict-v1:Q6ZRI6:672-678,Q6ZRI6,672,T,2,39531497;39534244,og_consensus_gaps5-8-10-12-15_core-gap10_min3_strict-v1
og_consensus_gaps5-8-10-12-15_core-gap10_min3_strict-v1:Q6ZRI6:672-678,Q6ZRI6,673,S,2,32938750;39531497,og_consensus_gaps5-8-10-12-15_core-gap10_min3_strict-v1
og_consensus_gaps5-8-10-12-15_core-gap10_min3_strict-v1:Q6ZRI6:672-678,Q6ZRI6,678,T,1,39534244,og_consensus_gaps5-8-10-12-15_core-gap10_min3_strict-v1
og_consensus_gaps5-8-10-12-15_core-gap10_min3_strict-v1:Q6ZRS2:1124-1126,Q6ZRS2,1124,S,1,35289036,og_consensus_gaps5-8-10-12-15_core-gap10_min3_strict-v1
og_consensus_gaps5-8-10-12-15_core-gap10_min3_strict-v1:Q6ZRS2:1124-1126,Q6ZRS2,1125,S,1,35289036,og_consensus_gaps5-8-10-12-15_core-gap10_min3_strict-v1
og_consensus_gaps5-8-10-12-15_core-gap10_min3_strict-v1:Q6ZRS2:1124-1126,Q6ZRS2,1126,S,1,35289036,og_consensus_gaps5-8-10-12-15_core-gap10_min3_strict-v1
og_consensus_gaps5-8-10-12-15_core-gap10_min3_strict-v1:Q6ZRS2:1774-1778,Q6ZRS2,1774,S,1,39531497,og_consensus_gaps5-8-10-12-15_core-gap10_min3_strict-v1
og_consensus_gaps5-8-10-12-15_core-gap10_min3_strict-v1:Q6ZRS2:1774-1778,Q6ZRS2,1775,S,1,39531497,og_consensus_gaps5-8-10-12-15_core-gap10_min3_strict-v1
og_consensus_gaps5-8-10-12-15_core-gap10_min3_strict-v1:Q6ZRS2:1774-1778,Q6ZRS2,1778,S,1,39531497,og_consensus_gaps5-8-10-12-15_core-gap10_min3_strict-v1
og_consensus_gaps5-8-10-12-15_core-gap10_min3_strict-v1:Q6ZRS2:1812-1818,Q6ZRS2,1812,S,1,39531497,og_consensus_gaps5-8-10-12-15_core-gap10_min3_strict-v1
og_consensus_gaps5-8-10-12-15_core-gap10_min3_strict-v1:Q6ZRS2:1812-1818,Q6ZRS2,1813,T,1,39531497,og_consensus_gaps5-8-10-12-15_core-gap10_min3_strict-v1
og_consensus_gaps5-8-10-12-15_core-gap10_min3_strict-v1:Q6ZRS2:1812-1818,Q6ZRS2,1818,S,1,39531497,og_consensus_gaps5-8-10-12-15_core-gap10_min3_strict-v1
og_consensus_gaps5-8-10-12-15_core-gap10_min3_strict-v1:Q6ZRS2:2412-2420,Q6ZRS2,2412,T,6,32574038;34846842;35132862;35289036;39531497;39534244,og_consensus_gaps5-8-10-12-15_core-gap10_min3_strict-v1
og_consensus_gaps5-8-10-12-15_core-gap10_min3_strict-v1:Q6ZRS2:2412-2420,Q6ZRS2,2416,S,15,20068230;23301498;29237092;29351928;30059200;31492838;32574038;32938750;34846842;35132862;35289036;35513511;38838015;39531497;39534244,og_consensus_gaps5-8-10-12-15_core-gap10_min3_strict-v1
og_consensus_gaps5-8-10-12-15_core-gap10_min3_strict-v1:Q6ZRS2:2412-2420,Q6ZRS2,2420,T,3,32574038;34846842;39531497,og_consensus_gaps5-8-10-12-15_core-gap10_min3_strict-v1
og_consensus_gaps5-8-10-12-15_core-gap10_min3_strict-v1:Q6ZSR9:313-319,Q6ZSR9,313,S,1,30379171,og_consensus_gaps5-8-10-12-15_core-gap10_min3_strict-v1
og_consensus_gaps5-8-10-12-15_core-gap10_min3_strict-v1:Q6ZSR9:313-319,Q6ZSR9,315,T,1,30379171,og_consensus_gaps5-8-10-12-15_core-gap10_min3_strict-v1
og_consensus_gaps5-8-10-12-15_core-gap10_min3_strict-v1:Q6ZSR9:313-319,Q6ZSR9,319,S,2,31492838;35705054,og_consensus_gaps5-8-10-12-15_core-gap10_min3_strict-v1
og_consensus_gaps5-8-10-12-15_core-gap10_min3_strict-v1:Q6ZU65:996-1010,Q6ZU65,996,S,1,39534244,og_consensus_gaps5-8-10-12-15_core-gap10_min3_strict-v1
og_consensus_gaps5-8-10-12-15_core-gap10_min3_strict-v1:Q6ZU65:996-1010,Q6ZU65,1001,S,1,39534244,og_consensus_gaps5-8-10-12-15_core-gap10_min3_strict-v1
og_consensus_gaps5-8-10-12-15_core-gap10_min3_strict-v1:Q6ZU65:996-1010,Q6ZU65,1003,T,8,31637018;32938750;34846842;35254053;35289036;35705054;37541260;39531497,og_consensus_gaps5-8-10-12-15_core-gap10_min3_strict-v1
og_consensus_gaps5-8-10-12-15_core-gap10_min3_strict-v1:Q6ZU65:996-1010,Q6ZU65,1006,S,1,30059200,og_consensus_gaps5-8-10-12-15_core-gap10_min3_strict-v1
og_consensus_gaps5-8-10-12-15_core-gap10_min3_strict-v1:Q6ZU65:996-1010,Q6ZU65,1007,T,4,30059200;30620550;35254053;37541260,og_consensus_gaps5-8-10-12-15_core-gap10_min3_strict-v1
og_consensus_gaps5-8-10-12-15_core-gap10_min3_strict-v1:Q6ZU65:996-1010,Q6ZU65,1008,T,1,37541260,og_consensus_gaps5-8-10-12-15_core-gap10_min3_strict-v1
og_consensus_gaps5-8-10-12-15_core-gap10_min3_strict-v1:Q6ZU65:996-1010,Q6ZU65,1010,S,1,31637018,og_consensus_gaps5-8-10-12-15_core-gap10_min3_strict-v1
og_consensus_gaps5-8-10-12-15_core-gap10_min3_strict-v1:Q71RG4:152-154,Q71RG4,152,S,1,39302247,og_consensus_gaps5-8-10-12-15_core-gap10_min3_strict-v1
og_consensus_gaps5-8-10-12-15_core-gap10_min3_strict-v1:Q71RG4:152-154,Q71RG4,153,S,1,39302247,og_consensus_gaps5-8-10-12-15_core-gap10_min3_strict-v1
og_consensus_gaps5-8-10-12-15_core-gap10_min3_strict-v1:Q71RG4:152-154,Q71RG4,154,S,1,39302247,og_consensus_gaps5-8-10-12-15_core-gap10_min3_strict-v1
og_consensus_gaps5-8-10-12-15_core-gap10_min3_strict-v1:Q7KZ85:1523-1528,Q7KZ85,1523,T,1,39531497,og_consensus_gaps5-8-10-12-15_core-gap10_min3_strict-v1
og_consensus_gaps5-8-10-12-15_core-gap10_min3_strict-v1:Q7KZ85:1523-1528,Q7KZ85,1525,S,5,32574038;35254053;35289036;39531497;39534244,og_consensus_gaps5-8-10-12-15_core-gap10_min3_strict-v1
og_consensus_gaps5-8-10-12-15_core-gap10_min3_strict-v1:Q7KZ85:1523-1528,Q7KZ85,1526,S,9,29237092;29351928;30059200;31492838;35254053;35513511;37541260;39531497;39534244,og_consensus_gaps5-8-10-12-15_core-gap10_min3_strict-v1
og_consensus_gaps5-8-10-12-15_core-gap10_min3_strict-v1:Q7KZ85:1523-1528,Q7KZ85,1528,S,1,39534244,og_consensus_gaps5-8-10-12-15_core-gap10_min3_strict-v1
og_consensus_gaps5-8-10-12-15_core-gap10_min3_strict-v1:Q7L592:89-94,Q7L592,89,T,1,38253038,og_consensus_gaps5-8-10-12-15_core-gap10_min3_strict-v1
og_consensus_gaps5-8-10-12-15_core-gap10_min3_strict-v1:Q7L592:89-94,Q7L592,90,S,1,38253038,og_consensus_gaps5-8-10-12-15_core-gap10_min3_strict-v1
og_consensus_gaps5-8-10-12-15_core-gap10_min3_strict-v1:Q7L592:89-94,Q7L592,94,S,1,38253038,og_consensus_gaps5-8-10-12-15_core-gap10_min3_strict-v1
og_consensus_gaps5-8-10-12-15_core-gap10_min3_strict-v1:Q7LBC6:420-430,Q7LBC6,420,S,6,35132862;35254053;35705054;37541260;39531497;39534244,og_consensus_gaps5-8-10-12-15_core-gap10_min3_strict-v1
og_consensus_gaps5-8-10-12-15_core-gap10_min3_strict-v1:Q7LBC6:420-430,Q7LBC6,425,T,8,29351928;32938750;35132862;35254053;35705054;37541260;39302247;39531497,og_consensus_gaps5-8-10-12-15_core-gap10_min3_strict-v1
og_consensus_gaps5-8-10-12-15_core-gap10_min3_strict-v1:Q7LBC6:420-430,Q7LBC6,426,T,8,29351928;32938750;35254053;35705054;37541260;39302247;39531497;39534244,og_consensus_gaps5-8-10-12-15_core-gap10_min3_strict-v1
og_consensus_gaps5-8-10-12-15_core-gap10_min3_strict-v1:Q7LBC6:420-430,Q7LBC6,429,S,3,35132862;35705054;39531497,og_consensus_gaps5-8-10-12-15_core-gap10_min3_strict-v1
og_consensus_gaps5-8-10-12-15_core-gap10_min3_strict-v1:Q7LBC6:420-430,Q7LBC6,430,T,2,35132862;39531497,og_consensus_gaps5-8-10-12-15_core-gap10_min3_strict-v1
og_consensus_gaps5-8-10-12-15_core-gap10_min3_strict-v1:Q7LBC6:465-480,Q7LBC6,465,S,1,35254053,og_consensus_gaps5-8-10-12-15_core-gap10_min3_strict-v1
og_consensus_gaps5-8-10-12-15_core-gap10_min3_strict-v1:Q7LBC6:465-480,Q7LBC6,469,S,1,39531497,og_consensus_gaps5-8-10-12-15_core-gap10_min3_strict-v1
og_consensus_gaps5-8-10-12-15_core-gap10_min3_strict-v1:Q7LBC6:465-480,Q7LBC6,470,S,1,35254053,og_consensus_gaps5-8-10-12-15_core-gap10_min3_strict-v1
og_consensus_gaps5-8-10-12-15_core-gap10_min3_strict-v1:Q7LBC6:465-480,Q7LBC6,478,S,1,39534244,og_consensus_gaps5-8-10-12-15_core-gap10_min3_strict-v1
og_consensus_gaps5-8-10-12-15_core-gap10_min3_strict-v1:Q7LBC6:465-480,Q7LBC6,479,S,1,39534244,og_consensus_gaps5-8-10-12-15_core-gap10_min3_strict-v1
og_consensus_gaps5-8-10-12-15_core-gap10_min3_strict-v1:Q7LBC6:465-480,Q7LBC6,480,S,3,30620550;32938750;39534244,og_consensus_gaps5-8-10-12-15_core-gap10_min3_strict-v1
og_consensus_gaps5-8-10-12-15_core-gap10_min3_strict-v1:Q7LBC6:647-661,Q7LBC6,647,S,2,34846842;35254053,og_consensus_gaps5-8-10-12-15_core-gap10_min3_strict-v1
og_consensus_gaps5-8-10-12-15_core-gap10_min3_strict-v1:Q7LBC6:647-661,Q7LBC6,650,S,1,35254053,og_consensus_gaps5-8-10-12-15_core-gap10_min3_strict-v1
og_consensus_gaps5-8-10-12-15_core-gap10_min3_strict-v1:Q7LBC6:647-661,Q7LBC6,651,S,6,31492838;32938750;34846842;35254053;35513511;39531497,og_consensus_gaps5-8-10-12-15_core-gap10_min3_strict-v1
og_consensus_gaps5-8-10-12-15_core-gap10_min3_strict-v1:Q7LBC6:647-661,Q7LBC6,654,S,13,29237092;29351928;30059200;31492838;32574038;32938750;35132862;35254053;35513511;37541260;38838015;39531497;39534244,og_consensus_gaps5-8-10-12-15_core-gap10_min3_strict-v1
og_consensus_gaps5-8-10-12-15_core-gap10_min3_strict-v1:Q7LBC6:647-661,Q7LBC6,657,S,7,30059200;32574038;34846842;35132862;35254053;39531497;39534244,og_consensus_gaps5-8-10-12-15_core-gap10_min3_strict-v1
og_consensus_gaps5-8-10-12-15_core-gap10_min3_strict-v1:Q7LBC6:647-661,Q7LBC6,659,S,6,30059200;32938750;35132862;35254053;37541260;39534244,og_consensus_gaps5-8-10-12-15_core-gap10_min3_strict-v1
og_consensus_gaps5-8-10-12-15_core-gap10_min3_strict-v1:Q7LBC6:647-661,Q7LBC6,660,S,6,29237092;30059200;31492838;34846842;35289036;39534244,og_consensus_gaps5-8-10-12-15_core-gap10_min3_strict-v1
og_consensus_gaps5-8-10-12-15_core-gap10_min3_strict-v1:Q7LBC6:647-661,Q7LBC6,661,S,1,39534244,og_consensus_gaps5-8-10-12-15_core-gap10_min3_strict-v1
og_consensus_gaps5-8-10-12-15_core-gap10_min3_strict-v1:Q7Z2W4:316-322,Q7Z2W4,316,T,2,30620550;39531497,og_consensus_gaps5-8-10-12-15_core-gap10_min3_strict-v1
og_consensus_gaps5-8-10-12-15_core-gap10_min3_strict-v1:Q7Z2W4:316-322,Q7Z2W4,321,T,1,35132862,og_consensus_gaps5-8-10-12-15_core-gap10_min3_strict-v1
og_consensus_gaps5-8-10-12-15_core-gap10_min3_strict-v1:Q7Z2W4:316-322,Q7Z2W4,322,S,2,31492838;35254053,og_consensus_gaps5-8-10-12-15_core-gap10_min3_strict-v1
og_consensus_gaps5-8-10-12-15_core-gap10_min3_strict-v1:Q7Z3B4:32-42,Q7Z3B4,32,S,1,39531497,og_consensus_gaps5-8-10-12-15_core-gap10_min3_strict-v1
og_consensus_gaps5-8-10-12-15_core-gap10_min3_strict-v1:Q7Z3B4:32-42,Q7Z3B4,33,T,1,39531497,og_consensus_gaps5-8-10-12-15_core-gap10_min3_strict-v1
og_consensus_gaps5-8-10-12-15_core-gap10_min3_strict-v1:Q7Z3B4:32-42,Q7Z3B4,34,T,1,39531497,og_consensus_gaps5-8-10-12-15_core-gap10_min3_strict-v1
og_consensus_gaps5-8-10-12-15_core-gap10_min3_strict-v1:Q7Z3B4:32-42,Q7Z3B4,37,S,1,39531497,og_consensus_gaps5-8-10-12-15_core-gap10_min3_strict-v1
og_consensus_gaps5-8-10-12-15_core-gap10_min3_strict-v1:Q7Z3B4:32-42,Q7Z3B4,40,S,2,34846842;35289036,og_consensus_gaps5-8-10-12-15_core-gap10_min3_strict-v1
og_consensus_gaps5-8-10-12-15_core-gap10_min3_strict-v1:Q7Z3B4:32-42,Q7Z3B4,42,S,1,35289036,og_consensus_gaps5-8-10-12-15_core-gap10_min3_strict-v1
og_consensus_gaps5-8-10-12-15_core-gap10_min3_strict-v1:Q7Z3K3:239-266,Q7Z3K3,239,S,1,34846842,og_consensus_gaps5-8-10-12-15_core-gap10_min3_strict-v1
og_consensus_gaps5-8-10-12-15_core-gap10_min3_strict-v1:Q7Z3K3:239-266,Q7Z3K3,240,T,2,35254053;35705054,og_consensus_gaps5-8-10-12-15_core-gap10_min3_strict-v1
og_consensus_gaps5-8-10-12-15_core-gap10_min3_strict-v1:Q7Z3K3:239-266,Q7Z3K3,244,S,5,20068230;30059200;30620550;35254053;39534244,og_consensus_gaps5-8-10-12-15_core-gap10_min3_strict-v1
og_consensus_gaps5-8-10-12-15_core-gap10_min3_strict-v1:Q7Z3K3:239-266,Q7Z3K3,246,S,1,34846842,og_consensus_gaps5-8-10-12-15_core-gap10_min3_strict-v1
og_consensus_gaps5-8-10-12-15_core-gap10_min3_strict-v1:Q7Z3K3:239-266,Q7Z3K3,249,T,1,32574038,og_consensus_gaps5-8-10-12-15_core-gap10_min3_strict-v1
og_consensus_gaps5-8-10-12-15_core-gap10_min3_strict-v1:Q7Z3K3:239-266,Q7Z3K3,251,S,5,30620550;32938750;34846842;35254053;35289036,og_consensus_gaps5-8-10-12-15_core-gap10_min3_strict-v1
og_consensus_gaps5-8-10-12-15_core-gap10_min3_strict-v1:Q7Z3K3:239-266,Q7Z3K3,255,T,1,38838015,og_consensus_gaps5-8-10-12-15_core-gap10_min3_strict-v1
og_consensus_gaps5-8-10-12-15_core-gap10_min3_strict-v1:Q7Z3K3:239-266,Q7Z3K3,256,S,4,32938750;35254053;35289036;39531497,og_consensus_gaps5-8-10-12-15_core-gap10_min3_strict-v1
og_consensus_gaps5-8-10-12-15_core-gap10_min3_strict-v1:Q7Z3K3:239-266,Q7Z3K3,258,T,2,32938750;35289036,og_consensus_gaps5-8-10-12-15_core-gap10_min3_strict-v1
og_consensus_gaps5-8-10-12-15_core-gap10_min3_strict-v1:Q7Z3K3:239-266,Q7Z3K3,260,T,1,35254053,og_consensus_gaps5-8-10-12-15_core-gap10_min3_strict-v1
og_consensus_gaps5-8-10-12-15_core-gap10_min3_strict-v1:Q7Z3K3:239-266,Q7Z3K3,262,T,2,32938750;35254053,og_consensus_gaps5-8-10-12-15_core-gap10_min3_strict-v1
og_consensus_gaps5-8-10-12-15_core-gap10_min3_strict-v1:Q7Z3K3:239-266,Q7Z3K3,265,T,4,31637018;35254053;39531497;39534244,og_consensus_gaps5-8-10-12-15_core-gap10_min3_strict-v1
og_consensus_gaps5-8-10-12-15_core-gap10_min3_strict-v1:Q7Z3K3:239-266,Q7Z3K3,266,S,5,31637018;35254053;35513511;39531497;39534244,og_consensus_gaps5-8-10-12-15_core-gap10_min3_strict-v1
og_consensus_gaps5-8-10-12-15_core-gap10_min3_strict-v1:Q7Z3K3:289-303,Q7Z3K3,289,S,4,35254053;37541260;39531497;39534244,og_consensus_gaps5-8-10-12-15_core-gap10_min3_strict-v1
og_consensus_gaps5-8-10-12-15_core-gap10_min3_strict-v1:Q7Z3K3:289-303,Q7Z3K3,292,S,3,29249144;35705054;39531497,og_consensus_gaps5-8-10-12-15_core-gap10_min3_strict-v1
og_consensus_gaps5-8-10-12-15_core-gap10_min3_strict-v1:Q7Z3K3:289-303,Q7Z3K3,297,S,13,23301498;29237092;29249144;29351928;30059200;31492838;32574038;32938750;35132862;35254053;35705054;39531497;39534244,og_consensus_gaps5-8-10-12-15_core-gap10_min3_strict-v1
og_consensus_gaps5-8-10-12-15_core-gap10_min3_strict-v1:Q7Z3K3:289-303,Q7Z3K3,300,S,3,29249144;29351928;39534244,og_consensus_gaps5-8-10-12-15_core-gap10_min3_strict-v1
og_consensus_gaps5-8-10-12-15_core-gap10_min3_strict-v1:Q7Z3K3:289-303,Q7Z3K3,303,T,3,35254053;35289036;39534244,og_consensus_gaps5-8-10-12-15_core-gap10_min3_strict-v1
og_consensus_gaps5-8-10-12-15_core-gap10_min3_strict-v1:Q7Z3K3:340-348,Q7Z3K3,340,S,2,31492838;39534244,og_consensus_gaps5-8-10-12-15_core-gap10_min3_strict-v1
og_consensus_gaps5-8-10-12-15_core-gap10_min3_strict-v1:Q7Z3K3:340-348,Q7Z3K3,343,S,1,35132862,og_consensus_gaps5-8-10-12-15_core-gap10_min3_strict-v1
og_consensus_gaps5-8-10-12-15_core-gap10_min3_strict-v1:Q7Z3K3:340-348,Q7Z3K3,348,S,1,35289036,og_consensus_gaps5-8-10-12-15_core-gap10_min3_strict-v1
og_consensus_gaps5-8-10-12-15_core-gap10_min3_strict-v1:Q7Z3K3:429-438,Q7Z3K3,429,T,3,35254053;35289036;39531497,og_consensus_gaps5-8-10-12-15_core-gap10_min3_strict-v1
og_consensus_gaps5-8-10-12-15_core-gap10_min3_strict-v1:Q7Z3K3:429-438,Q7Z3K3,434,S,4,35254053;35289036;39302247;39531497,og_consensus_gaps5-8-10-12-15_core-gap10_min3_strict-v1
og_consensus_gaps5-8-10-12-15_core-gap10_min3_strict-v1:Q7Z3K3:429-438,Q7Z3K3,438,S,1,35289036,og_consensus_gaps5-8-10-12-15_core-gap10_min3_strict-v1
og_consensus_gaps5-8-10-12-15_core-gap10_min3_strict-v1:Q7Z417:369-387,Q7Z417,369,T,3,30379171;39302247;39531497,og_consensus_gaps5-8-10-12-15_core-gap10_min3_strict-v1
og_consensus_gaps5-8-10-12-15_core-gap10_min3_strict-v1:Q7Z417:369-387,Q7Z417,373,S,2,30379171;39531497,og_consensus_gaps5-8-10-12-15_core-gap10_min3_strict-v1
og_consensus_gaps5-8-10-12-15_core-gap10_min3_strict-v1:Q7Z417:369-387,Q7Z417,374,S,1,30379171,og_consensus_gaps5-8-10-12-15_core-gap10_min3_strict-v1
og_consensus_gaps5-8-10-12-15_core-gap10_min3_strict-v1:Q7Z417:369-387,Q7Z417,376,S,4,30379171;35132862;35254053;39531497,og_consensus_gaps5-8-10-12-15_core-gap10_min3_strict-v1
og_consensus_gaps5-8-10-12-15_core-gap10_min3_strict-v1:Q7Z417:369-387,Q7Z417,378,T,2,30379171;38838015,og_consensus_gaps5-8-10-12-15_core-gap10_min3_strict-v1
og_consensus_gaps5-8-10-12-15_core-gap10_min3_strict-v1:Q7Z417:369-387,Q7Z417,379,S,4,30379171;35254053;35705054;38838015,og_consensus_gaps5-8-10-12-15_core-gap10_min3_strict-v1
og_consensus_gaps5-8-10-12-15_core-gap10_min3_strict-v1:Q7Z417:369-387,Q7Z417,380,S,4,30379171;35254053;37541260;38838015,og_consensus_gaps5-8-10-12-15_core-gap10_min3_strict-v1
og_consensus_gaps5-8-10-12-15_core-gap10_min3_strict-v1:Q7Z417:369-387,Q7Z417,381,S,2,30379171;39531497,og_consensus_gaps5-8-10-12-15_core-gap10_min3_strict-v1
og_consensus_gaps5-8-10-12-15_core-gap10_min3_strict-v1:Q7Z417:369-387,Q7Z417,382,S,2,30379171;36240223,og_consensus_gaps5-8-10-12-15_core-gap10_min3_strict-v1
og_consensus_gaps5-8-10-12-15_core-gap10_min3_strict-v1:Q7Z417:369-387,Q7Z417,383,S,4,30379171;35705054;38838015;39534244,og_consensus_gaps5-8-10-12-15_core-gap10_min3_strict-v1
og_consensus_gaps5-8-10-12-15_core-gap10_min3_strict-v1:Q7Z417:369-387,Q7Z417,384,S,1,30379171,og_consensus_gaps5-8-10-12-15_core-gap10_min3_strict-v1
og_consensus_gaps5-8-10-12-15_core-gap10_min3_strict-v1:Q7Z417:369-387,Q7Z417,385,S,1,30379171,og_consensus_gaps5-8-10-12-15_core-gap10_min3_strict-v1
og_consensus_gaps5-8-10-12-15_core-gap10_min3_strict-v1:Q7Z417:369-387,Q7Z417,386,S,1,30379171,og_consensus_gaps5-8-10-12-15_core-gap10_min3_strict-v1
og_consensus_gaps5-8-10-12-15_core-gap10_min3_strict-v1:Q7Z417:369-387,Q7Z417,387,T,1,30379171,og_consensus_gaps5-8-10-12-15_core-gap10_min3_strict-v1
og_consensus_gaps5-8-10-12-15_core-gap10_min3_strict-v1:Q7Z434:365-370,Q7Z434,365,T,8,30059200;31492838;32574038;35254053;35289036;37541260;39531497;39534244,og_consensus_gaps5-8-10-12-15_core-gap10_min3_strict-v1
og_consensus_gaps5-8-10-12-15_core-gap10_min3_strict-v1:Q7Z434:365-370,Q7Z434,366,S,14,29237092;29351928;30059200;30543776;30620550;31492838;32574038;32938750;35132862;35254053;35513511;37541260;39531497;39534244,og_consensus_gaps5-8-10-12-15_core-gap10_min3_strict-v1
og_consensus_gaps5-8-10-12-15_core-gap10_min3_strict-v1:Q7Z434:365-370,Q7Z434,370,T,3,32574038;35289036;35513511,og_consensus_gaps5-8-10-12-15_core-gap10_min3_strict-v1
og_consensus_gaps5-8-10-12-15_core-gap10_min3_strict-v1:Q7Z589:228-288,Q7Z589,228,S,11,20068230;21158410;29237092;29351928;30059200;32574038;34846842;35254053;35289036;35513511;35705054,og_consensus_gaps5-8-10-12-15_core-gap10_min3_strict-v1
og_consensus_gaps5-8-10-12-15_core-gap10_min3_strict-v1:Q7Z589:228-288,Q7Z589,230,T,3,32574038;34846842;35289036,og_consensus_gaps5-8-10-12-15_core-gap10_min3_strict-v1
og_consensus_gaps5-8-10-12-15_core-gap10_min3_strict-v1:Q7Z589:228-288,Q7Z589,232,T,4,32574038;34846842;35132862;35254053,og_consensus_gaps5-8-10-12-15_core-gap10_min3_strict-v1
og_consensus_gaps5-8-10-12-15_core-gap10_min3_strict-v1:Q7Z589:228-288,Q7Z589,236,S,14,20068230;28657654;29237092;30059200;30620550;31492838;32574038;34846842;35132862;35254053;35513511;39302247;39531497;39534244,og_consensus_gaps5-8-10-12-15_core-gap10_min3_strict-v1
og_consensus_gaps5-8-10-12-15_core-gap10_min3_strict-v1:Q7Z589:228-288,Q7Z589,238,S,5,32574038;35289036;35513511;39302247;39534244,og_consensus_gaps5-8-10-12-15_core-gap10_min3_strict-v1
og_consensus_gaps5-8-10-12-15_core-gap10_min3_strict-v1:Q7Z589:228-288,Q7Z589,242,S,1,35289036,og_consensus_gaps5-8-10-12-15_core-gap10_min3_strict-v1
og_consensus_gaps5-8-10-12-15_core-gap10_min3_strict-v1:Q7Z589:228-288,Q7Z589,247,S,2,30059200;39534244,og_consensus_gaps5-8-10-12-15_core-gap10_min3_strict-v1
og_consensus_gaps5-8-10-12-15_core-gap10_min3_strict-v1:Q7Z589:228-288,Q7Z589,251,S,1,39534244,og_consensus_gaps5-8-10-12-15_core-gap10_min3_strict-v1
og_consensus_gaps5-8-10-12-15_core-gap10_min3_strict-v1:Q7Z589:228-288,Q7Z589,257,S,1,39534244,og_consensus_gaps5-8-10-12-15_core-gap10_min3_strict-v1
og_consensus_gaps5-8-10-12-15_core-gap10_min3_strict-v1:Q7Z589:228-288,Q7Z589,262,T,6,30059200;31492838;35254053;35289036;37541260;39531497,og_consensus_gaps5-8-10-12-15_core-gap10_min3_strict-v1
og_consensus_gaps5-8-10-12-15_core-gap10_min3_strict-v1:Q7Z589:228-288,Q7Z589,264,T,10,21740066;29351928;30059200;32574038;35132862;35254053;35513511;37541260;39531497;39534244,og_consensus_gaps5-8-10-12-15_core-gap10_min3_strict-v1
og_consensus_gaps5-8-10-12-15_core-gap10_min3_strict-v1:Q7Z589:228-288,Q7Z589,267,S,5,30059200;32574038;35289036;39531497;39534244,og_consensus_gaps5-8-10-12-15_core-gap10_min3_strict-v1
og_consensus_gaps5-8-10-12-15_core-gap10_min3_strict-v1:Q7Z589:228-288,Q7Z589,268,T,7,21740066;30059200;31492838;32574038;32938750;35254053;39531497,og_consensus_gaps5-8-10-12-15_core-gap10_min3_strict-v1
og_consensus_gaps5-8-10-12-15_core-gap10_min3_strict-v1:Q7Z589:228-288,Q7Z589,270,T,5,32574038;35254053;35289036;35705054;39534244,og_consensus_gaps5-8-10-12-15_core-gap10_min3_strict-v1
og_consensus_gaps5-8-10-12-15_core-gap10_min3_strict-v1:Q7Z589:228-288,Q7Z589,271,T,6,21740066;29351928;30059200;31492838;35254053;39534244,og_consensus_gaps5-8-10-12-15_core-gap10_min3_strict-v1
og_consensus_gaps5-8-10-12-15_core-gap10_min3_strict-v1:Q7Z589:228-288,Q7Z589,273,T,4,32574038;35254053;35289036;39534244,og_consensus_gaps5-8-10-12-15_core-gap10_min3_strict-v1
og_consensus_gaps5-8-10-12-15_core-gap10_min3_strict-v1:Q7Z589:228-288,Q7Z589,274,T,1,39534244,og_consensus_gaps5-8-10-12-15_core-gap10_min3_strict-v1
og_consensus_gaps5-8-10-12-15_core-gap10_min3_strict-v1:Q7Z589:228-288,Q7Z589,282,T,9,30059200;31492838;35254053;35289036;35705054;37541260;39302247;39531497;39534244,og_consensus_gaps5-8-10-12-15_core-gap10_min3_strict-v1
og_consensus_gaps5-8-10-12-15_core-gap10_min3_strict-v1:Q7Z589:228-288,Q7Z589,283,T,13,29237092;29351928;30059200;31492838;35132862;35254053;35289036;35513511;35705054;37541260;39302247;39531497;39534244,og_consensus_gaps5-8-10-12-15_core-gap10_min3_strict-v1
og_consensus_gaps5-8-10-12-15_core-gap10_min3_strict-v1:Q7Z589:228-288,Q7Z589,284,S,5,21740066;34846842;35132862;35289036;39534244,og_consensus_gaps5-8-10-12-15_core-gap10_min3_strict-v1
og_consensus_gaps5-8-10-12-15_core-gap10_min3_strict-v1:Q7Z589:228-288,Q7Z589,286,S,3,29249144;30059200;39534244,og_consensus_gaps5-8-10-12-15_core-gap10_min3_strict-v1
og_consensus_gaps5-8-10-12-15_core-gap10_min3_strict-v1:Q7Z589:228-288,Q7Z589,287,S,4,29249144;34846842;35289036;39534244,og_consensus_gaps5-8-10-12-15_core-gap10_min3_strict-v1
og_consensus_gaps5-8-10-12-15_core-gap10_min3_strict-v1:Q7Z589:228-288,Q7Z589,288,T,3,29249144;35132862;39534244,og_consensus_gaps5-8-10-12-15_core-gap10_min3_strict-v1
og_consensus_gaps5-8-10-12-15_core-gap10_min3_strict-v1:Q7Z589:501-516,Q7Z589,501,T,6,20068230;30059200;32938750;35254053;37541260;39531497,og_consensus_gaps5-8-10-12-15_core-gap10_min3_strict-v1
og_consensus_gaps5-8-10-12-15_core-gap10_min3_strict-v1:Q7Z589:501-516,Q7Z589,504,T,3,32574038;35705054;39534244,og_consensus_gaps5-8-10-12-15_core-gap10_min3_strict-v1
og_consensus_gaps5-8-10-12-15_core-gap10_min3_strict-v1:Q7Z589:501-516,Q7Z589,506,T,13,20068230;29237092;29351928;30059200;31492838;32574038;32938750;35132862;35254053;35513511;37541260;39531497;39534244,og_consensus_gaps5-8-10-12-15_core-gap10_min3_strict-v1
og_consensus_gaps5-8-10-12-15_core-gap10_min3_strict-v1:Q7Z589:501-516,Q7Z589,509,T,3,32574038;35254053;39534244,og_consensus_gaps5-8-10-12-15_core-gap10_min3_strict-v1
og_consensus_gaps5-8-10-12-15_core-gap10_min3_strict-v1:Q7Z589:501-516,Q7Z589,511,T,2,32574038;39534244,og_consensus_gaps5-8-10-12-15_core-gap10_min3_strict-v1
og_consensus_gaps5-8-10-12-15_core-gap10_min3_strict-v1:Q7Z589:501-516,Q7Z589,516,S,1,35132862,og_consensus_gaps5-8-10-12-15_core-gap10_min3_strict-v1
og_consensus_gaps5-8-10-12-15_core-gap10_min3_strict-v1:Q7Z589:534-574,Q7Z589,534,T,7,30059200;32574038;34846842;35254053;35289036;39531497;39534244,og_consensus_gaps5-8-10-12-15_core-gap10_min3_strict-v1
og_consensus_gaps5-8-10-12-15_core-gap10_min3_strict-v1:Q7Z589:534-574,Q7Z589,535,T,15,21740066;28657654;29237092;29351928;30059200;32574038;34846842;35254053;35289036;35705054;36240223;37541260;39302247;39531497;39534244,og_consensus_gaps5-8-10-12-15_core-gap10_min3_strict-v1
og_consensus_gaps5-8-10-12-15_core-gap10_min3_strict-v1:Q7Z589:534-574,Q7Z589,536,S,7,30059200;31492838;32574038;34846842;35289036;39302247;39534244,og_consensus_gaps5-8-10-12-15_core-gap10_min3_strict-v1
og_consensus_gaps5-8-10-12-15_core-gap10_min3_strict-v1:Q7Z589:534-574,Q7Z589,538,S,4,32574038;35132862;35289036;39534244,og_consensus_gaps5-8-10-12-15_core-gap10_min3_strict-v1
og_consensus_gaps5-8-10-12-15_core-gap10_min3_strict-v1:Q7Z589:534-574,Q7Z589,541,T,4,29249144;32574038;34846842;35132862,og_consensus_gaps5-8-10-12-15_core-gap10_min3_strict-v1
og_consensus_gaps5-8-10-12-15_core-gap10_min3_strict-v1:Q7Z589:534-574,Q7Z589,546,S,2,34846842;35289036,og_consensus_gaps5-8-10-12-15_core-gap10_min3_strict-v1
og_consensus_gaps5-8-10-12-15_core-gap10_min3_strict-v1:Q7Z589:534-574,Q7Z589,556,S,7,30059200;32574038;34846842;35254053;35289036;39531497;39534244,og_consensus_gaps5-8-10-12-15_core-gap10_min3_strict-v1
og_consensus_gaps5-8-10-12-15_core-gap10_min3_strict-v1:Q7Z589:534-574,Q7Z589,557,S,17,20068230;21740066;23301498;28657654;29237092;30059200;30620550;31492838;34846842;35132862;35254053;35289036;35513511;35705054;38838015;39531497;39534244,og_consensus_gaps5-8-10-12-15_core-gap10_min3_strict-v1
og_consensus_gaps5-8-10-12-15_core-gap10_min3_strict-v1:Q7Z589:534-574,Q7Z589,561,S,8,29249144;34846842;35132862;35254053;35289036;35705054;39531497;39534244,og_consensus_gaps5-8-10-12-15_core-gap10_min3_strict-v1
og_consensus_gaps5-8-10-12-15_core-gap10_min3_strict-v1:Q7Z589:534-574,Q7Z589,563,T,3,29249144;30059200;39534244,og_consensus_gaps5-8-10-12-15_core-gap10_min3_strict-v1
og_consensus_gaps5-8-10-12-15_core-gap10_min3_strict-v1:Q7Z589:534-574,Q7Z589,564,T,3,29249144;34846842;35289036,og_consensus_gaps5-8-10-12-15_core-gap10_min3_strict-v1
og_consensus_gaps5-8-10-12-15_core-gap10_min3_strict-v1:Q7Z589:534-574,Q7Z589,565,T,4,29249144;32574038;34846842;35254053,og_consensus_gaps5-8-10-12-15_core-gap10_min3_strict-v1
og_consensus_gaps5-8-10-12-15_core-gap10_min3_strict-v1:Q7Z589:534-574,Q7Z589,568,T,1,35289036,og_consensus_gaps5-8-10-12-15_core-gap10_min3_strict-v1
og_consensus_gaps5-8-10-12-15_core-gap10_min3_strict-v1:Q7Z589:534-574,Q7Z589,569,T,2,32574038;35289036,og_consensus_gaps5-8-10-12-15_core-gap10_min3_strict-v1
og_consensus_gaps5-8-10-12-15_core-gap10_min3_strict-v1:Q7Z589:534-574,Q7Z589,573,T,1,32574038,og_consensus_gaps5-8-10-12-15_core-gap10_min3_strict-v1
og_consensus_gaps5-8-10-12-15_core-gap10_min3_strict-v1:Q7Z589:534-574,Q7Z589,574,S,12,29237092;29351928;30059200;31492838;32574038;35254053;35289036;35513511;36240223;39302247;39531497;39534244,og_consensus_gaps5-8-10-12-15_core-gap10_min3_strict-v1
og_consensus_gaps5-8-10-12-15_core-gap10_min3_strict-v1:Q7Z589:876-898,Q7Z589,876,S,9,29237092;29351928;30059200;31492838;35254053;35513511;39302247;39531497;39534244,og_consensus_gaps5-8-10-12-15_core-gap10_min3_strict-v1
og_consensus_gaps5-8-10-12-15_core-gap10_min3_strict-v1:Q7Z589:876-898,Q7Z589,878,T,1,39534244,og_consensus_gaps5-8-10-12-15_core-gap10_min3_strict-v1
og_consensus_gaps5-8-10-12-15_core-gap10_min3_strict-v1:Q7Z589:876-898,Q7Z589,880,T,1,35132862,og_consensus_gaps5-8-10-12-15_core-gap10_min3_strict-v1
og_consensus_gaps5-8-10-12-15_core-gap10_min3_strict-v1:Q7Z589:876-898,Q7Z589,882,T,1,39534244,og_consensus_gaps5-8-10-12-15_core-gap10_min3_strict-v1
og_consensus_gaps5-8-10-12-15_core-gap10_min3_strict-v1:Q7Z589:876-898,Q7Z589,883,S,1,35289036,og_consensus_gaps5-8-10-12-15_core-gap10_min3_strict-v1
og_consensus_gaps5-8-10-12-15_core-gap10_min3_strict-v1:Q7Z589:876-898,Q7Z589,888,S,2,35513511;39534244,og_consensus_gaps5-8-10-12-15_core-gap10_min3_strict-v1
og_consensus_gaps5-8-10-12-15_core-gap10_min3_strict-v1:Q7Z589:876-898,Q7Z589,892,S,1,39534244,og_consensus_gaps5-8-10-12-15_core-gap10_min3_strict-v1
og_consensus_gaps5-8-10-12-15_core-gap10_min3_strict-v1:Q7Z589:876-898,Q7Z589,893,S,1,39534244,og_consensus_gaps5-8-10-12-15_core-gap10_min3_strict-v1
og_consensus_gaps5-8-10-12-15_core-gap10_min3_strict-v1:Q7Z589:876-898,Q7Z589,898,T,1,39534244,og_consensus_gaps5-8-10-12-15_core-gap10_min3_strict-v1
og_consensus_gaps5-8-10-12-15_core-gap10_min3_strict-v1:Q7Z589:1117-1134,Q7Z589,1117,T,1,35254053,og_consensus_gaps5-8-10-12-15_core-gap10_min3_strict-v1
og_consensus_gaps5-8-10-12-15_core-gap10_min3_strict-v1:Q7Z589:1117-1134,Q7Z589,1120,T,14,20068230;21158410;28657654;29351928;30059200;30620550;31492838;31637018;32574038;34846842;35254053;35289036;35513511;37541260,og_consensus_gaps5-8-10-12-15_core-gap10_min3_strict-v1
og_consensus_gaps5-8-10-12-15_core-gap10_min3_strict-v1:Q7Z589:1117-1134,Q7Z589,1123,S,1,32574038,og_consensus_gaps5-8-10-12-15_core-gap10_min3_strict-v1
og_consensus_gaps5-8-10-12-15_core-gap10_min3_strict-v1:Q7Z589:1117-1134,Q7Z589,1124,S,1,32574038,og_consensus_gaps5-8-10-12-15_core-gap10_min3_strict-v1
og_consensus_gaps5-8-10-12-15_core-gap10_min3_strict-v1:Q7Z589:1117-1134,Q7Z589,1129,T,2,34846842;35254053,og_consensus_gaps5-8-10-12-15_core-gap10_min3_strict-v1
og_consensus_gaps5-8-10-12-15_core-gap10_min3_strict-v1:Q7Z589:1117-1134,Q7Z589,1130,S,1,35254053,og_consensus_gaps5-8-10-12-15_core-gap10_min3_strict-v1
og_consensus_gaps5-8-10-12-15_core-gap10_min3_strict-v1:Q7Z589:1117-1134,Q7Z589,1133,T,1,35254053,og_consensus_gaps5-8-10-12-15_core-gap10_min3_strict-v1
og_consensus_gaps5-8-10-12-15_core-gap10_min3_strict-v1:Q7Z589:1117-1134,Q7Z589,1134,S,1,31492838,og_consensus_gaps5-8-10-12-15_core-gap10_min3_strict-v1
og_consensus_gaps5-8-10-12-15_core-gap10_min3_strict-v1:Q7Z5J4:213-225,Q7Z5J4,213,S,3,39302247;39531497;39534244,og_consensus_gaps5-8-10-12-15_core-gap10_min3_strict-v1
og_consensus_gaps5-8-10-12-15_core-gap10_min3_strict-v1:Q7Z5J4:213-225,Q7Z5J4,215,S,1,39534244,og_consensus_gaps5-8-10-12-15_core-gap10_min3_strict-v1
og_consensus_gaps5-8-10-12-15_core-gap10_min3_strict-v1:Q7Z5J4:213-225,Q7Z5J4,218,T,1,39534244,og_consensus_gaps5-8-10-12-15_core-gap10_min3_strict-v1
og_consensus_gaps5-8-10-12-15_core-gap10_min3_strict-v1:Q7Z5J4:213-225,Q7Z5J4,219,S,1,39534244,og_consensus_gaps5-8-10-12-15_core-gap10_min3_strict-v1
og_consensus_gaps5-8-10-12-15_core-gap10_min3_strict-v1:Q7Z5J4:213-225,Q7Z5J4,220,S,2,39302247;39534244,og_consensus_gaps5-8-10-12-15_core-gap10_min3_strict-v1
og_consensus_gaps5-8-10-12-15_core-gap10_min3_strict-v1:Q7Z5J4:213-225,Q7Z5J4,221,T,1,39534244,og_consensus_gaps5-8-10-12-15_core-gap10_min3_strict-v1
og_consensus_gaps5-8-10-12-15_core-gap10_min3_strict-v1:Q7Z5J4:213-225,Q7Z5J4,225,S,1,39534244,og_consensus_gaps5-8-10-12-15_core-gap10_min3_strict-v1
og_consensus_gaps5-8-10-12-15_core-gap10_min3_strict-v1:Q7Z5J4:337-345,Q7Z5J4,337,T,1,39531497,og_consensus_gaps5-8-10-12-15_core-gap10_min3_strict-v1
og_consensus_gaps5-8-10-12-15_core-gap10_min3_strict-v1:Q7Z5J4:337-345,Q7Z5J4,339,S,1,32574038,og_consensus_gaps5-8-10-12-15_core-gap10_min3_strict-v1
og_consensus_gaps5-8-10-12-15_core-gap10_min3_strict-v1:Q7Z5J4:337-345,Q7Z5J4,341,S,2,32574038;39534244,og_consensus_gaps5-8-10-12-15_core-gap10_min3_strict-v1
og_consensus_gaps5-8-10-12-15_core-gap10_min3_strict-v1:Q7Z5J4:337-345,Q7Z5J4,343,S,3,31492838;39531497;39534244,og_consensus_gaps5-8-10-12-15_core-gap10_min3_strict-v1
og_consensus_gaps5-8-10-12-15_core-gap10_min3_strict-v1:Q7Z5J4:337-345,Q7Z5J4,345,S,1,39534244,og_consensus_gaps5-8-10-12-15_core-gap10_min3_strict-v1
og_consensus_gaps5-8-10-12-15_core-gap10_min3_strict-v1:Q7Z5L9:212-230,Q7Z5L9,212,S,6,30059200;31492838;32938750;35254053;37541260;39531497,og_consensus_gaps5-8-10-12-15_core-gap10_min3_strict-v1
og_consensus_gaps5-8-10-12-15_core-gap10_min3_strict-v1:Q7Z5L9:212-230,Q7Z5L9,217,S,6,29351928;35254053;35513511;37541260;39531497;39534244,og_consensus_gaps5-8-10-12-15_core-gap10_min3_strict-v1
og_consensus_gaps5-8-10-12-15_core-gap10_min3_strict-v1:Q7Z5L9:212-230,Q7Z5L9,219,T,2,35254053;39531497,og_consensus_gaps5-8-10-12-15_core-gap10_min3_strict-v1
og_consensus_gaps5-8-10-12-15_core-gap10_min3_strict-v1:Q7Z5L9:212-230,Q7Z5L9,223,S,3,35705054;38838015;39534244,og_consensus_gaps5-8-10-12-15_core-gap10_min3_strict-v1
og_consensus_gaps5-8-10-12-15_core-gap10_min3_strict-v1:Q7Z5L9:212-230,Q7Z5L9,226,S,1,39534244,og_consensus_gaps5-8-10-12-15_core-gap10_min3_strict-v1
og_consensus_gaps5-8-10-12-15_core-gap10_min3_strict-v1:Q7Z5L9:212-230,Q7Z5L9,230,T,1,39534244,og_consensus_gaps5-8-10-12-15_core-gap10_min3_strict-v1
og_consensus_gaps5-8-10-12-15_core-gap10_min3_strict-v1:Q7Z5L9:381-383,Q7Z5L9,381,S,1,39531497,og_consensus_gaps5-8-10-12-15_core-gap10_min3_strict-v1
og_consensus_gaps5-8-10-12-15_core-gap10_min3_strict-v1:Q7Z5L9:381-383,Q7Z5L9,382,T,1,35254053,og_consensus_gaps5-8-10-12-15_core-gap10_min3_strict-v1
og_consensus_gaps5-8-10-12-15_core-gap10_min3_strict-v1:Q7Z5L9:381-383,Q7Z5L9,383,S,10,29351928;30059200;30620550;31492838;32938750;35254053;35513511;35705054;37541260;39531497,og_consensus_gaps5-8-10-12-15_core-gap10_min3_strict-v1
og_consensus_gaps5-8-10-12-15_core-gap10_min3_strict-v1:Q7Z6B7:999-1006,Q7Z6B7,999,S,5,34846842;35254053;35513511;39531497;39534244,og_consensus_gaps5-8-10-12-15_core-gap10_min3_strict-v1
og_consensus_gaps5-8-10-12-15_core-gap10_min3_strict-v1:Q7Z6B7:999-1006,Q7Z6B7,1001,T,1,35254053,og_consensus_gaps5-8-10-12-15_core-gap10_min3_strict-v1
og_consensus_gaps5-8-10-12-15_core-gap10_min3_strict-v1:Q7Z6B7:999-1006,Q7Z6B7,1004,T,1,35254053,og_consensus_gaps5-8-10-12-15_core-gap10_min3_strict-v1
og_consensus_gaps5-8-10-12-15_core-gap10_min3_strict-v1:Q7Z6B7:999-1006,Q7Z6B7,1005,S,4,30059200;31492838;35254053;39531497,og_consensus_gaps5-8-10-12-15_core-gap10_min3_strict-v1
og_consensus_gaps5-8-10-12-15_core-gap10_min3_strict-v1:Q7Z6B7:999-1006,Q7Z6B7,1006,T,2,30620550;32574038,og_consensus_gaps5-8-10-12-15_core-gap10_min3_strict-v1
og_consensus_gaps5-8-10-12-15_core-gap10_min3_strict-v1:Q7Z6J0:519-532,Q7Z6J0,519,S,8,23301498;29237092;30059200;31492838;32574038;35254053;35513511;39531497,og_consensus_gaps5-8-10-12-15_core-gap10_min3_strict-v1
og_consensus_gaps5-8-10-12-15_core-gap10_min3_strict-v1:Q7Z6J0:519-532,Q7Z6J0,520,T,7,23301498;29237092;30059200;31492838;35254053;35513511;39531497,og_consensus_gaps5-8-10-12-15_core-gap10_min3_strict-v1
og_consensus_gaps5-8-10-12-15_core-gap10_min3_strict-v1:Q7Z6J0:519-532,Q7Z6J0,525,S,1,31492838,og_consensus_gaps5-8-10-12-15_core-gap10_min3_strict-v1
og_consensus_gaps5-8-10-12-15_core-gap10_min3_strict-v1:Q7Z6J0:519-532,Q7Z6J0,529,T,1,39531497,og_consensus_gaps5-8-10-12-15_core-gap10_min3_strict-v1
og_consensus_gaps5-8-10-12-15_core-gap10_min3_strict-v1:Q7Z6J0:519-532,Q7Z6J0,532,S,1,39531497,og_consensus_gaps5-8-10-12-15_core-gap10_min3_strict-v1
og_consensus_gaps5-8-10-12-15_core-gap10_min3_strict-v1:Q7Z6Z7:3116-3118,Q7Z6Z7,3116,S,1,35254053,og_consensus_gaps5-8-10-12-15_core-gap10_min3_strict-v1
og_consensus_gaps5-8-10-12-15_core-gap10_min3_strict-v1:Q7Z6Z7:3116-3118,Q7Z6Z7,3117,S,1,30059200,og_consensus_gaps5-8-10-12-15_core-gap10_min3_strict-v1
og_consensus_gaps5-8-10-12-15_core-gap10_min3_strict-v1:Q7Z6Z7:3116-3118,Q7Z6Z7,3118,T,2,30059200;35254053,og_consensus_gaps5-8-10-12-15_core-gap10_min3_strict-v1
og_consensus_gaps5-8-10-12-15_core-gap10_min3_strict-v1:Q7Z739:201-230,Q7Z739,201,T,6,29249144;31492838;34846842;35132862;35289036;39531497,og_consensus_gaps5-8-10-12-15_core-gap10_min3_strict-v1
og_consensus_gaps5-8-10-12-15_core-gap10_min3_strict-v1:Q7Z739:201-230,Q7Z739,205,T,22,20068230;27114449;28657654;29237092;29249144;29351928;30059200;30620550;31373491;31492838;32574038;34846842;35132862;35254053;35289036;35513511;35705054;36240223;37541260;38838015;39531497;39534244,og_consensus_gaps5-8-10-12-15_core-gap10_min3_strict-v1
og_consensus_gaps5-8-10-12-15_core-gap10_min3_strict-v1:Q7Z739:201-230,Q7Z739,210,T,1,39531497,og_consensus_gaps5-8-10-12-15_core-gap10_min3_strict-v1
og_consensus_gaps5-8-10-12-15_core-gap10_min3_strict-v1:Q7Z739:201-230,Q7Z739,213,S,2,35254053;39534244,og_consensus_gaps5-8-10-12-15_core-gap10_min3_strict-v1
og_consensus_gaps5-8-10-12-15_core-gap10_min3_strict-v1:Q7Z739:201-230,Q7Z739,214,S,1,39534244,og_consensus_gaps5-8-10-12-15_core-gap10_min3_strict-v1
og_consensus_gaps5-8-10-12-15_core-gap10_min3_strict-v1:Q7Z739:201-230,Q7Z739,215,S,1,39534244,og_consensus_gaps5-8-10-12-15_core-gap10_min3_strict-v1
og_consensus_gaps5-8-10-12-15_core-gap10_min3_strict-v1:Q7Z739:201-230,Q7Z739,219,S,1,39531497,og_consensus_gaps5-8-10-12-15_core-gap10_min3_strict-v1
og_consensus_gaps5-8-10-12-15_core-gap10_min3_strict-v1:Q7Z739:201-230,Q7Z739,222,T,2,35132862;39534244,og_consensus_gaps5-8-10-12-15_core-gap10_min3_strict-v1
og_consensus_gaps5-8-10-12-15_core-gap10_min3_strict-v1:Q7Z739:201-230,Q7Z739,224,S,2,35254053;39534244,og_consensus_gaps5-8-10-12-15_core-gap10_min3_strict-v1
og_consensus_gaps5-8-10-12-15_core-gap10_min3_strict-v1:Q7Z739:201-230,Q7Z739,229,S,5,29351928;35254053;35513511;39531497;39534244,og_consensus_gaps5-8-10-12-15_core-gap10_min3_strict-v1
og_consensus_gaps5-8-10-12-15_core-gap10_min3_strict-v1:Q7Z739:201-230,Q7Z739,230,S,2,35289036;39534244,og_consensus_gaps5-8-10-12-15_core-gap10_min3_strict-v1
og_consensus_gaps5-8-10-12-15_core-gap10_min3_strict-v1:Q86TC9:389-391,Q86TC9,389,T,1,35254053,og_consensus_gaps5-8-10-12-15_core-gap10_min3_strict-v1
og_consensus_gaps5-8-10-12-15_core-gap10_min3_strict-v1:Q86TC9:389-391,Q86TC9,390,T,3,31492838;35254053;39531497,og_consensus_gaps5-8-10-12-15_core-gap10_min3_strict-v1
og_consensus_gaps5-8-10-12-15_core-gap10_min3_strict-v1:Q86TC9:389-391,Q86TC9,391,S,2,35254053;39531497,og_consensus_gaps5-8-10-12-15_core-gap10_min3_strict-v1
og_consensus_gaps5-8-10-12-15_core-gap10_min3_strict-v1:Q86TC9:704-706,Q86TC9,704,T,2,35254053;39531497,og_consensus_gaps5-8-10-12-15_core-gap10_min3_strict-v1
og_consensus_gaps5-8-10-12-15_core-gap10_min3_strict-v1:Q86TC9:704-706,Q86TC9,705,T,1,39531497,og_consensus_gaps5-8-10-12-15_core-gap10_min3_strict-v1
og_consensus_gaps5-8-10-12-15_core-gap10_min3_strict-v1:Q86TC9:704-706,Q86TC9,706,S,1,39531497,og_consensus_gaps5-8-10-12-15_core-gap10_min3_strict-v1
og_consensus_gaps5-8-10-12-15_core-gap10_min3_strict-v1:Q86TC9:732-741,Q86TC9,732,T,2,39302247;39531497,og_consensus_gaps5-8-10-12-15_core-gap10_min3_strict-v1
og_consensus_gaps5-8-10-12-15_core-gap10_min3_strict-v1:Q86TC9:732-741,Q86TC9,733,T,2,39302247;39531497,og_consensus_gaps5-8-10-12-15_core-gap10_min3_strict-v1
og_consensus_gaps5-8-10-12-15_core-gap10_min3_strict-v1:Q86TC9:732-741,Q86TC9,736,T,2,39302247;39531497,og_consensus_gaps5-8-10-12-15_core-gap10_min3_strict-v1
og_consensus_gaps5-8-10-12-15_core-gap10_min3_strict-v1:Q86TC9:732-741,Q86TC9,740,S,1,39531497,og_consensus_gaps5-8-10-12-15_core-gap10_min3_strict-v1
og_consensus_gaps5-8-10-12-15_core-gap10_min3_strict-v1:Q86TC9:732-741,Q86TC9,741,S,1,39531497,og_consensus_gaps5-8-10-12-15_core-gap10_min3_strict-v1
og_consensus_gaps5-8-10-12-15_core-gap10_min3_strict-v1:Q86U42:270-286,Q86U42,270,T,1,33465208,og_consensus_gaps5-8-10-12-15_core-gap10_min3_strict-v1
og_consensus_gaps5-8-10-12-15_core-gap10_min3_strict-v1:Q86U42:270-286,Q86U42,275,S,1,33465208,og_consensus_gaps5-8-10-12-15_core-gap10_min3_strict-v1
og_consensus_gaps5-8-10-12-15_core-gap10_min3_strict-v1:Q86U42:270-286,Q86U42,278,S,1,30379171,og_consensus_gaps5-8-10-12-15_core-gap10_min3_strict-v1
og_consensus_gaps5-8-10-12-15_core-gap10_min3_strict-v1:Q86U42:270-286,Q86U42,282,S,1,30379171,og_consensus_gaps5-8-10-12-15_core-gap10_min3_strict-v1
og_consensus_gaps5-8-10-12-15_core-gap10_min3_strict-v1:Q86U42:270-286,Q86U42,286,S,1,30379171,og_consensus_gaps5-8-10-12-15_core-gap10_min3_strict-v1
og_consensus_gaps5-8-10-12-15_core-gap10_min3_strict-v1:Q86U70:402-410,Q86U70,402,S,3,35254053;35289036;38838015,og_consensus_gaps5-8-10-12-15_core-gap10_min3_strict-v1
og_consensus_gaps5-8-10-12-15_core-gap10_min3_strict-v1:Q86U70:402-410,Q86U70,406,T,1,39531497,og_consensus_gaps5-8-10-12-15_core-gap10_min3_strict-v1
og_consensus_gaps5-8-10-12-15_core-gap10_min3_strict-v1:Q86U70:402-410,Q86U70,407,S,4,30620550;35254053;35705054;38838015,og_consensus_gaps5-8-10-12-15_core-gap10_min3_strict-v1
og_consensus_gaps5-8-10-12-15_core-gap10_min3_strict-v1:Q86U70:402-410,Q86U70,410,S,3,30379171;35513511;35705054,og_consensus_gaps5-8-10-12-15_core-gap10_min3_strict-v1
og_consensus_gaps5-8-10-12-15_core-gap10_min3_strict-v1:Q86UE4:492-496,Q86UE4,492,T,4,35254053;35289036;37541260;39531497,og_consensus_gaps5-8-10-12-15_core-gap10_min3_strict-v1
og_consensus_gaps5-8-10-12-15_core-gap10_min3_strict-v1:Q86UE4:492-496,Q86UE4,494,S,1,37541260,og_consensus_gaps5-8-10-12-15_core-gap10_min3_strict-v1
og_consensus_gaps5-8-10-12-15_core-gap10_min3_strict-v1:Q86UE4:492-496,Q86UE4,495,T,4,35132862;35254053;39302247;39531497,og_consensus_gaps5-8-10-12-15_core-gap10_min3_strict-v1
og_consensus_gaps5-8-10-12-15_core-gap10_min3_strict-v1:Q86UE4:492-496,Q86UE4,496,S,2,28657654;31373491,og_consensus_gaps5-8-10-12-15_core-gap10_min3_strict-v1
og_consensus_gaps5-8-10-12-15_core-gap10_min3_strict-v1:Q86UU0:942-949,Q86UU0,942,S,1,35254053,og_consensus_gaps5-8-10-12-15_core-gap10_min3_strict-v1
og_consensus_gaps5-8-10-12-15_core-gap10_min3_strict-v1:Q86UU0:942-949,Q86UU0,946,T,6,29351928;30059200;31492838;32938750;35254053;35513511,og_consensus_gaps5-8-10-12-15_core-gap10_min3_strict-v1
og_consensus_gaps5-8-10-12-15_core-gap10_min3_strict-v1:Q86UU0:942-949,Q86UU0,949,S,1,39534244,og_consensus_gaps5-8-10-12-15_core-gap10_min3_strict-v1
og_consensus_gaps5-8-10-12-15_core-gap10_min3_strict-v1:Q86V15:433-444,Q86V15,433,S,1,35513511,og_consensus_gaps5-8-10-12-15_core-gap10_min3_strict-v1
og_consensus_gaps5-8-10-12-15_core-gap10_min3_strict-v1:Q86V15:433-444,Q86V15,435,T,1,32574038,og_consensus_gaps5-8-10-12-15_core-gap10_min3_strict-v1
og_consensus_gaps5-8-10-12-15_core-gap10_min3_strict-v1:Q86V15:433-444,Q86V15,437,S,1,32574038,og_consensus_gaps5-8-10-12-15_core-gap10_min3_strict-v1
og_consensus_gaps5-8-10-12-15_core-gap10_min3_strict-v1:Q86V15:433-444,Q86V15,440,T,1,32574038,og_consensus_gaps5-8-10-12-15_core-gap10_min3_strict-v1
og_consensus_gaps5-8-10-12-15_core-gap10_min3_strict-v1:Q86V15:433-444,Q86V15,442,T,1,32574038,og_consensus_gaps5-8-10-12-15_core-gap10_min3_strict-v1
og_consensus_gaps5-8-10-12-15_core-gap10_min3_strict-v1:Q86V15:433-444,Q86V15,444,S,1,35132862,og_consensus_gaps5-8-10-12-15_core-gap10_min3_strict-v1
og_consensus_gaps5-8-10-12-15_core-gap10_min3_strict-v1:Q86V40:372-375,Q86V40,372,T,1,39534244,og_consensus_gaps5-8-10-12-15_core-gap10_min3_strict-v1
og_consensus_gaps5-8-10-12-15_core-gap10_min3_strict-v1:Q86V40:372-375,Q86V40,374,S,1,39534244,og_consensus_gaps5-8-10-12-15_core-gap10_min3_strict-v1
og_consensus_gaps5-8-10-12-15_core-gap10_min3_strict-v1:Q86V40:372-375,Q86V40,375,T,1,39534244,og_consensus_gaps5-8-10-12-15_core-gap10_min3_strict-v1
og_consensus_gaps5-8-10-12-15_core-gap10_min3_strict-v1:Q86VY4:409-416,Q86VY4,409,T,1,35132862,og_consensus_gaps5-8-10-12-15_core-gap10_min3_strict-v1
og_consensus_gaps5-8-10-12-15_core-gap10_min3_strict-v1:Q86VY4:409-416,Q86VY4,414,S,2,35132862;39531497,og_consensus_gaps5-8-10-12-15_core-gap10_min3_strict-v1
og_consensus_gaps5-8-10-12-15_core-gap10_min3_strict-v1:Q86VY4:409-416,Q86VY4,416,S,1,35705054,og_consensus_gaps5-8-10-12-15_core-gap10_min3_strict-v1
og_consensus_gaps5-8-10-12-15_core-gap10_min3_strict-v1:Q86X95:261-263,Q86X95,261,S,1,38253038,og_consensus_gaps5-8-10-12-15_core-gap10_min3_strict-v1
og_consensus_gaps5-8-10-12-15_core-gap10_min3_strict-v1:Q86X95:261-263,Q86X95,262,S,1,38253038,og_consensus_gaps5-8-10-12-15_core-gap10_min3_strict-v1
og_consensus_gaps5-8-10-12-15_core-gap10_min3_strict-v1:Q86X95:261-263,Q86X95,263,S,1,38253038,og_consensus_gaps5-8-10-12-15_core-gap10_min3_strict-v1
og_consensus_gaps5-8-10-12-15_core-gap10_min3_strict-v1:Q86XE5:43-47,Q86XE5,43,T,1,38253038,og_consensus_gaps5-8-10-12-15_core-gap10_min3_strict-v1
og_consensus_gaps5-8-10-12-15_core-gap10_min3_strict-v1:Q86XE5:43-47,Q86XE5,44,T,1,38253038,og_consensus_gaps5-8-10-12-15_core-gap10_min3_strict-v1
og_consensus_gaps5-8-10-12-15_core-gap10_min3_strict-v1:Q86XE5:43-47,Q86XE5,47,T,1,38253038,og_consensus_gaps5-8-10-12-15_core-gap10_min3_strict-v1
og_consensus_gaps5-8-10-12-15_core-gap10_min3_strict-v1:Q86XN7:596-602,Q86XN7,596,S,1,35289036,og_consensus_gaps5-8-10-12-15_core-gap10_min3_strict-v1
og_consensus_gaps5-8-10-12-15_core-gap10_min3_strict-v1:Q86XN7:596-602,Q86XN7,601,T,2,32938750;39531497,og_consensus_gaps5-8-10-12-15_core-gap10_min3_strict-v1
og_consensus_gaps5-8-10-12-15_core-gap10_min3_strict-v1:Q86XN7:596-602,Q86XN7,602,T,5,30059200;32938750;35254053;35513511;39302247,og_consensus_gaps5-8-10-12-15_core-gap10_min3_strict-v1
og_consensus_gaps5-8-10-12-15_core-gap10_min3_strict-v1:Q86XP3:35-46,Q86XP3,35,S,3,34846842;39531497;39534244,og_consensus_gaps5-8-10-12-15_core-gap10_min3_strict-v1
og_consensus_gaps5-8-10-12-15_core-gap10_min3_strict-v1:Q86XP3:35-46,Q86XP3,37,S,2,35254053;39534244,og_consensus_gaps5-8-10-12-15_core-gap10_min3_strict-v1
og_consensus_gaps5-8-10-12-15_core-gap10_min3_strict-v1:Q86XP3:35-46,Q86XP3,42,T,2,35132862;39531497,og_consensus_gaps5-8-10-12-15_core-gap10_min3_strict-v1
og_consensus_gaps5-8-10-12-15_core-gap10_min3_strict-v1:Q86XP3:35-46,Q86XP3,43,S,8,30059200;31373491;31492838;34846842;35254053;35513511;39531497;39534244,og_consensus_gaps5-8-10-12-15_core-gap10_min3_strict-v1
og_consensus_gaps5-8-10-12-15_core-gap10_min3_strict-v1:Q86XP3:35-46,Q86XP3,44,S,1,39534244,og_consensus_gaps5-8-10-12-15_core-gap10_min3_strict-v1
og_consensus_gaps5-8-10-12-15_core-gap10_min3_strict-v1:Q86XP3:35-46,Q86XP3,45,S,1,35132862,og_consensus_gaps5-8-10-12-15_core-gap10_min3_strict-v1
og_consensus_gaps5-8-10-12-15_core-gap10_min3_strict-v1:Q86XP3:35-46,Q86XP3,46,S,1,39534244,og_consensus_gaps5-8-10-12-15_core-gap10_min3_strict-v1
og_consensus_gaps5-8-10-12-15_core-gap10_min3_strict-v1:Q86Y37:108-118,Q86Y37,108,T,1,39531497,og_consensus_gaps5-8-10-12-15_core-gap10_min3_strict-v1
og_consensus_gaps5-8-10-12-15_core-gap10_min3_strict-v1:Q86Y37:108-118,Q86Y37,112,T,1,35705054,og_consensus_gaps5-8-10-12-15_core-gap10_min3_strict-v1
og_consensus_gaps5-8-10-12-15_core-gap10_min3_strict-v1:Q86Y37:108-118,Q86Y37,117,T,1,35705054,og_consensus_gaps5-8-10-12-15_core-gap10_min3_strict-v1
og_consensus_gaps5-8-10-12-15_core-gap10_min3_strict-v1:Q86Y37:108-118,Q86Y37,118,S,5,29237092;31492838;35254053;35513511;39534244,og_consensus_gaps5-8-10-12-15_core-gap10_min3_strict-v1
og_consensus_gaps5-8-10-12-15_core-gap10_min3_strict-v1:Q86YP4:175-189,Q86YP4,175,T,1,35254053,og_consensus_gaps5-8-10-12-15_core-gap10_min3_strict-v1
og_consensus_gaps5-8-10-12-15_core-gap10_min3_strict-v1:Q86YP4:175-189,Q86YP4,180,T,2,35254053;35289036,og_consensus_gaps5-8-10-12-15_core-gap10_min3_strict-v1
og_consensus_gaps5-8-10-12-15_core-gap10_min3_strict-v1:Q86YP4:175-189,Q86YP4,182,S,7,30059200;31492838;32938750;35254053;35513511;39302247;39531497,og_consensus_gaps5-8-10-12-15_core-gap10_min3_strict-v1
og_consensus_gaps5-8-10-12-15_core-gap10_min3_strict-v1:Q86YP4:175-189,Q86YP4,185,S,1,35289036,og_consensus_gaps5-8-10-12-15_core-gap10_min3_strict-v1
og_consensus_gaps5-8-10-12-15_core-gap10_min3_strict-v1:Q86YP4:175-189,Q86YP4,186,T,1,32574038,og_consensus_gaps5-8-10-12-15_core-gap10_min3_strict-v1
og_consensus_gaps5-8-10-12-15_core-gap10_min3_strict-v1:Q86YP4:175-189,Q86YP4,188,T,4,32574038;34846842;35132862;39531497,og_consensus_gaps5-8-10-12-15_core-gap10_min3_strict-v1
og_consensus_gaps5-8-10-12-15_core-gap10_min3_strict-v1:Q86YP4:175-189,Q86YP4,189,T,1,34846842,og_consensus_gaps5-8-10-12-15_core-gap10_min3_strict-v1
og_consensus_gaps5-8-10-12-15_core-gap10_min3_strict-v1:Q86YP4:206-210,Q86YP4,206,S,1,35132862,og_consensus_gaps5-8-10-12-15_core-gap10_min3_strict-v1
og_consensus_gaps5-8-10-12-15_core-gap10_min3_strict-v1:Q86YP4:206-210,Q86YP4,209,T,1,32574038,og_consensus_gaps5-8-10-12-15_core-gap10_min3_strict-v1
og_consensus_gaps5-8-10-12-15_core-gap10_min3_strict-v1:Q86YP4:206-210,Q86YP4,210,S,7,29237092;29351928;30059200;31492838;32574038;35289036;35513511,og_consensus_gaps5-8-10-12-15_core-gap10_min3_strict-v1
og_consensus_gaps5-8-10-12-15_core-gap10_min3_strict-v1:Q86YP4:317-337,Q86YP4,317,T,2,34846842;35289036,og_consensus_gaps5-8-10-12-15_core-gap10_min3_strict-v1
og_consensus_gaps5-8-10-12-15_core-gap10_min3_strict-v1:Q86YP4:317-337,Q86YP4,318,T,1,35289036,og_consensus_gaps5-8-10-12-15_core-gap10_min3_strict-v1
og_consensus_gaps5-8-10-12-15_core-gap10_min3_strict-v1:Q86YP4:317-337,Q86YP4,320,T,1,35705054,og_consensus_gaps5-8-10-12-15_core-gap10_min3_strict-v1
og_consensus_gaps5-8-10-12-15_core-gap10_min3_strict-v1:Q86YP4:317-337,Q86YP4,321,S,4,34846842;35289036;35705054;39534244,og_consensus_gaps5-8-10-12-15_core-gap10_min3_strict-v1
og_consensus_gaps5-8-10-12-15_core-gap10_min3_strict-v1:Q86YP4:317-337,Q86YP4,326,S,2,35289036;35705054,og_consensus_gaps5-8-10-12-15_core-gap10_min3_strict-v1
og_consensus_gaps5-8-10-12-15_core-gap10_min3_strict-v1:Q86YP4:317-337,Q86YP4,327,T,3,29351928;35254053;35705054,og_consensus_gaps5-8-10-12-15_core-gap10_min3_strict-v1
og_consensus_gaps5-8-10-12-15_core-gap10_min3_strict-v1:Q86YP4:317-337,Q86YP4,329,T,1,35705054,og_consensus_gaps5-8-10-12-15_core-gap10_min3_strict-v1
og_consensus_gaps5-8-10-12-15_core-gap10_min3_strict-v1:Q86YP4:317-337,Q86YP4,330,S,11,29351928;32574038;32938750;34846842;35254053;35289036;35513511;35705054;38838015;39531497;39534244,og_consensus_gaps5-8-10-12-15_core-gap10_min3_strict-v1
og_consensus_gaps5-8-10-12-15_core-gap10_min3_strict-v1:Q86YP4:317-337,Q86YP4,333,S,4,28657654;34846842;35132862;35289036,og_consensus_gaps5-8-10-12-15_core-gap10_min3_strict-v1
og_consensus_gaps5-8-10-12-15_core-gap10_min3_strict-v1:Q86YP4:317-337,Q86YP4,337,S,1,34846842,og_consensus_gaps5-8-10-12-15_core-gap10_min3_strict-v1
og_consensus_gaps5-8-10-12-15_core-gap10_min3_strict-v1:Q86YP4:586-600,Q86YP4,586,T,3,30059200;34846842;35254053,og_consensus_gaps5-8-10-12-15_core-gap10_min3_strict-v1
og_consensus_gaps5-8-10-12-15_core-gap10_min3_strict-v1:Q86YP4:586-600,Q86YP4,589,S,9,29237092;29351928;30059200;31492838;32938750;35254053;35513511;39531497;39534244,og_consensus_gaps5-8-10-12-15_core-gap10_min3_strict-v1
og_consensus_gaps5-8-10-12-15_core-gap10_min3_strict-v1:Q86YP4:586-600,Q86YP4,590,T,1,39534244,og_consensus_gaps5-8-10-12-15_core-gap10_min3_strict-v1
og_consensus_gaps5-8-10-12-15_core-gap10_min3_strict-v1:Q86YP4:586-600,Q86YP4,593,T,1,32574038,og_consensus_gaps5-8-10-12-15_core-gap10_min3_strict-v1
og_consensus_gaps5-8-10-12-15_core-gap10_min3_strict-v1:Q86YP4:586-600,Q86YP4,598,S,3,32574038;35132862;35254053,og_consensus_gaps5-8-10-12-15_core-gap10_min3_strict-v1
og_consensus_gaps5-8-10-12-15_core-gap10_min3_strict-v1:Q86YP4:586-600,Q86YP4,600,S,1,32574038,og_consensus_gaps5-8-10-12-15_core-gap10_min3_strict-v1
og_consensus_gaps5-8-10-12-15_core-gap10_min3_strict-v1:Q86YP4:625-631,Q86YP4,625,S,10,29237092;30059200;31492838;32574038;34846842;35132862;35254053;35289036;35513511;35705054,og_consensus_gaps5-8-10-12-15_core-gap10_min3_strict-v1
og_consensus_gaps5-8-10-12-15_core-gap10_min3_strict-v1:Q86YP4:625-631,Q86YP4,629,S,2,32574038;35705054,og_consensus_gaps5-8-10-12-15_core-gap10_min3_strict-v1
og_consensus_gaps5-8-10-12-15_core-gap10_min3_strict-v1:Q86YP4:625-631,Q86YP4,631,T,1,32574038,og_consensus_gaps5-8-10-12-15_core-gap10_min3_strict-v1
og_consensus_gaps5-8-10-12-15_core-gap10_min3_strict-v1:Q8IVF2:5504-5515,Q8IVF2,5504,S,2,30059200;35254053,og_consensus_gaps5-8-10-12-15_core-gap10_min3_strict-v1
og_consensus_gaps5-8-10-12-15_core-gap10_min3_strict-v1:Q8IVF2:5504-5515,Q8IVF2,5509,S,4,30059200;35254053;39531497;39534244,og_consensus_gaps5-8-10-12-15_core-gap10_min3_strict-v1
og_consensus_gaps5-8-10-12-15_core-gap10_min3_strict-v1:Q8IVF2:5504-5515,Q8IVF2,5513,T,2,39531497;39534244,og_consensus_gaps5-8-10-12-15_core-gap10_min3_strict-v1
og_consensus_gaps5-8-10-12-15_core-gap10_min3_strict-v1:Q8IVF2:5504-5515,Q8IVF2,5515,S,1,39534244,og_consensus_gaps5-8-10-12-15_core-gap10_min3_strict-v1
og_consensus_gaps5-8-10-12-15_core-gap10_min3_strict-v1:Q8IVH2:390-394,Q8IVH2,390,S,3,32574038;35254053;39534244,og_consensus_gaps5-8-10-12-15_core-gap10_min3_strict-v1
og_consensus_gaps5-8-10-12-15_core-gap10_min3_strict-v1:Q8IVH2:390-394,Q8IVH2,392,S,1,35289036,og_consensus_gaps5-8-10-12-15_core-gap10_min3_strict-v1
og_consensus_gaps5-8-10-12-15_core-gap10_min3_strict-v1:Q8IVH2:390-394,Q8IVH2,394,S,1,35289036,og_consensus_gaps5-8-10-12-15_core-gap10_min3_strict-v1
og_consensus_gaps5-8-10-12-15_core-gap10_min3_strict-v1:Q8IVL0:982-988,Q8IVL0,982,S,1,35254053,og_consensus_gaps5-8-10-12-15_core-gap10_min3_strict-v1
og_consensus_gaps5-8-10-12-15_core-gap10_min3_strict-v1:Q8IVL0:982-988,Q8IVL0,984,S,1,35254053,og_consensus_gaps5-8-10-12-15_core-gap10_min3_strict-v1
og_consensus_gaps5-8-10-12-15_core-gap10_min3_strict-v1:Q8IVL0:982-988,Q8IVL0,988,S,1,35254053,og_consensus_gaps5-8-10-12-15_core-gap10_min3_strict-v1
og_consensus_gaps5-8-10-12-15_core-gap10_min3_strict-v1:Q8IVL1:1545-1552,Q8IVL1,1545,T,1,35254053,og_consensus_gaps5-8-10-12-15_core-gap10_min3_strict-v1
og_consensus_gaps5-8-10-12-15_core-gap10_min3_strict-v1:Q8IVL1:1545-1552,Q8IVL1,1549,S,3,32574038;35254053;39531497,og_consensus_gaps5-8-10-12-15_core-gap10_min3_strict-v1
og_consensus_gaps5-8-10-12-15_core-gap10_min3_strict-v1:Q8IVL1:1545-1552,Q8IVL1,1552,S,6,29237092;30059200;32574038;35254053;35513511;39531497,og_consensus_gaps5-8-10-12-15_core-gap10_min3_strict-v1
og_consensus_gaps5-8-10-12-15_core-gap10_min3_strict-v1:Q8IVW6:408-416,Q8IVW6,408,T,10,23301498;29351928;32938750;35132862;35254053;35705054;37541260;38838015;39302247;39531497,og_consensus_gaps5-8-10-12-15_core-gap10_min3_strict-v1
og_consensus_gaps5-8-10-12-15_core-gap10_min3_strict-v1:Q8IVW6:408-416,Q8IVW6,411,S,1,35132862,og_consensus_gaps5-8-10-12-15_core-gap10_min3_strict-v1
og_consensus_gaps5-8-10-12-15_core-gap10_min3_strict-v1:Q8IVW6:408-416,Q8IVW6,416,T,1,35705054,og_consensus_gaps5-8-10-12-15_core-gap10_min3_strict-v1
og_consensus_gaps5-8-10-12-15_core-gap10_min3_strict-v1:Q8IWB9:170-181,Q8IWB9,170,S,4,35254053;35289036;39531497;39534244,og_consensus_gaps5-8-10-12-15_core-gap10_min3_strict-v1
og_consensus_gaps5-8-10-12-15_core-gap10_min3_strict-v1:Q8IWB9:170-181,Q8IWB9,174,S,1,39534244,og_consensus_gaps5-8-10-12-15_core-gap10_min3_strict-v1
og_consensus_gaps5-8-10-12-15_core-gap10_min3_strict-v1:Q8IWB9:170-181,Q8IWB9,175,S,4,28657654;35254053;39531497;39534244,og_consensus_gaps5-8-10-12-15_core-gap10_min3_strict-v1
og_consensus_gaps5-8-10-12-15_core-gap10_min3_strict-v1:Q8IWB9:170-181,Q8IWB9,176,S,3,28657654;35254053;39531497,og_consensus_gaps5-8-10-12-15_core-gap10_min3_strict-v1
og_consensus_gaps5-8-10-12-15_core-gap10_min3_strict-v1:Q8IWB9:170-181,Q8IWB9,178,S,1,35289036,og_consensus_gaps5-8-10-12-15_core-gap10_min3_strict-v1
og_consensus_gaps5-8-10-12-15_core-gap10_min3_strict-v1:Q8IWB9:170-181,Q8IWB9,179,T,1,39534244,og_consensus_gaps5-8-10-12-15_core-gap10_min3_strict-v1
og_consensus_gaps5-8-10-12-15_core-gap10_min3_strict-v1:Q8IWB9:170-181,Q8IWB9,180,S,1,39534244,og_consensus_gaps5-8-10-12-15_core-gap10_min3_strict-v1
og_consensus_gaps5-8-10-12-15_core-gap10_min3_strict-v1:Q8IWB9:170-181,Q8IWB9,181,T,1,39534244,og_consensus_gaps5-8-10-12-15_core-gap10_min3_strict-v1
og_consensus_gaps5-8-10-12-15_core-gap10_min3_strict-v1:Q8IWI9:1557-1565,Q8IWI9,1557,S,17,21740066;23301498;28657654;29237092;30059200;31492838;32574038;32938750;34846842;35254053;35289036;35513511;37541260;38838015;39302247;39531497;39534244,og_consensus_gaps5-8-10-12-15_core-gap10_min3_strict-v1
og_consensus_gaps5-8-10-12-15_core-gap10_min3_strict-v1:Q8IWI9:1557-1565,Q8IWI9,1558,T,4,34846842;35132862;39302247;39534244,og_consensus_gaps5-8-10-12-15_core-gap10_min3_strict-v1
og_consensus_gaps5-8-10-12-15_core-gap10_min3_strict-v1:Q8IWI9:1557-1565,Q8IWI9,1561,T,4,32938750;35254053;39302247;39534244,og_consensus_gaps5-8-10-12-15_core-gap10_min3_strict-v1
og_consensus_gaps5-8-10-12-15_core-gap10_min3_strict-v1:Q8IWI9:1557-1565,Q8IWI9,1565,T,3,32574038;35289036;39534244,og_consensus_gaps5-8-10-12-15_core-gap10_min3_strict-v1
og_consensus_gaps5-8-10-12-15_core-gap10_min3_strict-v1:Q8IWI9:1663-1672,Q8IWI9,1663,T,5,32574038;34846842;35254053;35289036;39531497,og_consensus_gaps5-8-10-12-15_core-gap10_min3_strict-v1
og_consensus_gaps5-8-10-12-15_core-gap10_min3_strict-v1:Q8IWI9:1663-1672,Q8IWI9,1664,T,6,28657654;32574038;35254053;35289036;37541260;39531497,og_consensus_gaps5-8-10-12-15_core-gap10_min3_strict-v1
og_consensus_gaps5-8-10-12-15_core-gap10_min3_strict-v1:Q8IWI9:1663-1672,Q8IWI9,1667,T,3,32574038;34846842;39302247,og_consensus_gaps5-8-10-12-15_core-gap10_min3_strict-v1
og_consensus_gaps5-8-10-12-15_core-gap10_min3_strict-v1:Q8IWI9:1663-1672,Q8IWI9,1668,T,4,35132862;35254053;35705054;39531497,og_consensus_gaps5-8-10-12-15_core-gap10_min3_strict-v1
og_consensus_gaps5-8-10-12-15_core-gap10_min3_strict-v1:Q8IWI9:1663-1672,Q8IWI9,1672,S,9,32938750;34846842;35254053;35289036;35705054;37541260;38838015;39302247;39531497,og_consensus_gaps5-8-10-12-15_core-gap10_min3_strict-v1
og_consensus_gaps5-8-10-12-15_core-gap10_min3_strict-v1:Q8IWP9:271-274,Q8IWP9,271,T,1,30620550,og_consensus_gaps5-8-10-12-15_core-gap10_min3_strict-v1
og_consensus_gaps5-8-10-12-15_core-gap10_min3_strict-v1:Q8IWP9:271-274,Q8IWP9,272,S,1,35254053,og_consensus_gaps5-8-10-12-15_core-gap10_min3_strict-v1
og_consensus_gaps5-8-10-12-15_core-gap10_min3_strict-v1:Q8IWP9:271-274,Q8IWP9,274,S,2,30620550;35254053,og_consensus_gaps5-8-10-12-15_core-gap10_min3_strict-v1
og_consensus_gaps5-8-10-12-15_core-gap10_min3_strict-v1:Q8IWZ3:1793-1823,Q8IWZ3,1793,S,4,32938750;35289036;39302247;39531497,og_consensus_gaps5-8-10-12-15_core-gap10_min3_strict-v1
og_consensus_gaps5-8-10-12-15_core-gap10_min3_strict-v1:Q8IWZ3:1793-1823,Q8IWZ3,1794,S,3,32938750;39531497;39534244,og_consensus_gaps5-8-10-12-15_core-gap10_min3_strict-v1
og_consensus_gaps5-8-10-12-15_core-gap10_min3_strict-v1:Q8IWZ3:1793-1823,Q8IWZ3,1798,T,7,30059200;30620550;32938750;35132862;35254053;39531497;39534244,og_consensus_gaps5-8-10-12-15_core-gap10_min3_strict-v1
og_consensus_gaps5-8-10-12-15_core-gap10_min3_strict-v1:Q8IWZ3:1793-1823,Q8IWZ3,1799,T,10,29237092;29351928;30059200;31492838;32938750;35132862;35254053;35513511;39531497;39534244,og_consensus_gaps5-8-10-12-15_core-gap10_min3_strict-v1
og_consensus_gaps5-8-10-12-15_core-gap10_min3_strict-v1:Q8IWZ3:1793-1823,Q8IWZ3,1802,S,4,35132862;35254053;35289036;39534244,og_consensus_gaps5-8-10-12-15_core-gap10_min3_strict-v1
og_consensus_gaps5-8-10-12-15_core-gap10_min3_strict-v1:Q8IWZ3:1793-1823,Q8IWZ3,1803,S,9,30059200;31492838;35254053;35289036;35513511;37541260;39302247;39531497;39534244,og_consensus_gaps5-8-10-12-15_core-gap10_min3_strict-v1
og_consensus_gaps5-8-10-12-15_core-gap10_min3_strict-v1:Q8IWZ3:1793-1823,Q8IWZ3,1813,T,7,28604694;29351928;30059200;35132862;35254053;37541260;38838015,og_consensus_gaps5-8-10-12-15_core-gap10_min3_strict-v1
og_consensus_gaps5-8-10-12-15_core-gap10_min3_strict-v1:Q8IWZ3:1793-1823,Q8IWZ3,1816,T,4,21740066;35254053;37541260;39534244,og_consensus_gaps5-8-10-12-15_core-gap10_min3_strict-v1
og_consensus_gaps5-8-10-12-15_core-gap10_min3_strict-v1:Q8IWZ3:1793-1823,Q8IWZ3,1817,S,11,21740066;29351928;30059200;31492838;35132862;35254053;35289036;35705054;38838015;39531497;39534244,og_consensus_gaps5-8-10-12-15_core-gap10_min3_strict-v1
og_consensus_gaps5-8-10-12-15_core-gap10_min3_strict-v1:Q8IWZ3:1793-1823,Q8IWZ3,1820,T,2,35289036;35705054,og_consensus_gaps5-8-10-12-15_core-gap10_min3_strict-v1
og_consensus_gaps5-8-10-12-15_core-gap10_min3_strict-v1:Q8IWZ3:1793-1823,Q8IWZ3,1821,T,1,35705054,og_consensus_gaps5-8-10-12-15_core-gap10_min3_strict-v1
og_consensus_gaps5-8-10-12-15_core-gap10_min3_strict-v1:Q8IWZ3:1793-1823,Q8IWZ3,1823,S,2,34846842;35289036,og_consensus_gaps5-8-10-12-15_core-gap10_min3_strict-v1
og_consensus_gaps5-8-10-12-15_core-gap10_min3_strict-v1:Q8IWZ8:101-120,Q8IWZ8,101,T,1,39531497,og_consensus_gaps5-8-10-12-15_core-gap10_min3_strict-v1
og_consensus_gaps5-8-10-12-15_core-gap10_min3_strict-v1:Q8IWZ8:101-120,Q8IWZ8,102,S,1,34846842,og_consensus_gaps5-8-10-12-15_core-gap10_min3_strict-v1
og_consensus_gaps5-8-10-12-15_core-gap10_min3_strict-v1:Q8IWZ8:101-120,Q8IWZ8,103,T,1,39534244,og_consensus_gaps5-8-10-12-15_core-gap10_min3_strict-v1
og_consensus_gaps5-8-10-12-15_core-gap10_min3_strict-v1:Q8IWZ8:101-120,Q8IWZ8,107,T,1,29351928,og_consensus_gaps5-8-10-12-15_core-gap10_min3_strict-v1
og_consensus_gaps5-8-10-12-15_core-gap10_min3_strict-v1:Q8IWZ8:101-120,Q8IWZ8,108,S,10,29351928;31492838;32938750;34846842;35132862;35254053;35513511;35705054;38838015;39531497,og_consensus_gaps5-8-10-12-15_core-gap10_min3_strict-v1
og_consensus_gaps5-8-10-12-15_core-gap10_min3_strict-v1:Q8IWZ8:101-120,Q8IWZ8,111,S,5,29351928;32574038;34846842;35132862;39534244,og_consensus_gaps5-8-10-12-15_core-gap10_min3_strict-v1
og_consensus_gaps5-8-10-12-15_core-gap10_min3_strict-v1:Q8IWZ8:101-120,Q8IWZ8,115,S,1,35289036,og_consensus_gaps5-8-10-12-15_core-gap10_min3_strict-v1
og_consensus_gaps5-8-10-12-15_core-gap10_min3_strict-v1:Q8IWZ8:101-120,Q8IWZ8,120,S,2,34846842;35289036,og_consensus_gaps5-8-10-12-15_core-gap10_min3_strict-v1
og_consensus_gaps5-8-10-12-15_core-gap10_min3_strict-v1:Q8IX12:116-120,Q8IX12,116,S,1,29351928,og_consensus_gaps5-8-10-12-15_core-gap10_min3_strict-v1
og_consensus_gaps5-8-10-12-15_core-gap10_min3_strict-v1:Q8IX12:116-120,Q8IX12,118,S,1,29351928,og_consensus_gaps5-8-10-12-15_core-gap10_min3_strict-v1
og_consensus_gaps5-8-10-12-15_core-gap10_min3_strict-v1:Q8IX12:116-120,Q8IX12,120,S,1,29351928,og_consensus_gaps5-8-10-12-15_core-gap10_min3_strict-v1
og_consensus_gaps5-8-10-12-15_core-gap10_min3_strict-v1:Q8IX12:253-263,Q8IX12,253,S,1,29351928,og_consensus_gaps5-8-10-12-15_core-gap10_min3_strict-v1
og_consensus_gaps5-8-10-12-15_core-gap10_min3_strict-v1:Q8IX12:253-263,Q8IX12,258,T,1,39531497,og_consensus_gaps5-8-10-12-15_core-gap10_min3_strict-v1
og_consensus_gaps5-8-10-12-15_core-gap10_min3_strict-v1:Q8IX12:253-263,Q8IX12,263,T,1,39534244,og_consensus_gaps5-8-10-12-15_core-gap10_min3_strict-v1
og_consensus_gaps5-8-10-12-15_core-gap10_min3_strict-v1:Q8IY33:309-313,Q8IY33,309,T,6,31492838;32574038;32938750;35254053;35513511;39531497,og_consensus_gaps5-8-10-12-15_core-gap10_min3_strict-v1
og_consensus_gaps5-8-10-12-15_core-gap10_min3_strict-v1:Q8IY33:309-313,Q8IY33,310,S,3,32574038;35254053;39531497,og_consensus_gaps5-8-10-12-15_core-gap10_min3_strict-v1
og_consensus_gaps5-8-10-12-15_core-gap10_min3_strict-v1:Q8IY33:309-313,Q8IY33,312,T,2,32574038;39531497,og_consensus_gaps5-8-10-12-15_core-gap10_min3_strict-v1
og_consensus_gaps5-8-10-12-15_core-gap10_min3_strict-v1:Q8IY33:309-313,Q8IY33,313,S,1,32574038,og_consensus_gaps5-8-10-12-15_core-gap10_min3_strict-v1
og_consensus_gaps5-8-10-12-15_core-gap10_min3_strict-v1:Q8IY33:521-526,Q8IY33,521,S,1,38253038,og_consensus_gaps5-8-10-12-15_core-gap10_min3_strict-v1
og_consensus_gaps5-8-10-12-15_core-gap10_min3_strict-v1:Q8IY33:521-526,Q8IY33,522,T,1,38253038,og_consensus_gaps5-8-10-12-15_core-gap10_min3_strict-v1
og_consensus_gaps5-8-10-12-15_core-gap10_min3_strict-v1:Q8IY33:521-526,Q8IY33,523,S,1,38253038,og_consensus_gaps5-8-10-12-15_core-gap10_min3_strict-v1
og_consensus_gaps5-8-10-12-15_core-gap10_min3_strict-v1:Q8IY33:521-526,Q8IY33,524,S,1,38253038,og_consensus_gaps5-8-10-12-15_core-gap10_min3_strict-v1
og_consensus_gaps5-8-10-12-15_core-gap10_min3_strict-v1:Q8IY33:521-526,Q8IY33,525,T,1,38253038,og_consensus_gaps5-8-10-12-15_core-gap10_min3_strict-v1
og_consensus_gaps5-8-10-12-15_core-gap10_min3_strict-v1:Q8IY33:521-526,Q8IY33,526,S,1,38253038,og_consensus_gaps5-8-10-12-15_core-gap10_min3_strict-v1
og_consensus_gaps5-8-10-12-15_core-gap10_min3_strict-v1:Q8IZ21:201-220,Q8IZ21,201,S,6,31492838;32938750;35254053;37541260;39302247;39531497,og_consensus_gaps5-8-10-12-15_core-gap10_min3_strict-v1
og_consensus_gaps5-8-10-12-15_core-gap10_min3_strict-v1:Q8IZ21:201-220,Q8IZ21,202,T,6,31492838;32938750;35254053;37541260;39302247;39531497,og_consensus_gaps5-8-10-12-15_core-gap10_min3_strict-v1
og_consensus_gaps5-8-10-12-15_core-gap10_min3_strict-v1:Q8IZ21:201-220,Q8IZ21,203,S,6,31492838;32938750;35254053;37541260;39531497;39534244,og_consensus_gaps5-8-10-12-15_core-gap10_min3_strict-v1
og_consensus_gaps5-8-10-12-15_core-gap10_min3_strict-v1:Q8IZ21:201-220,Q8IZ21,205,T,6,31492838;35254053;37541260;39302247;39531497;39534244,og_consensus_gaps5-8-10-12-15_core-gap10_min3_strict-v1
og_consensus_gaps5-8-10-12-15_core-gap10_min3_strict-v1:Q8IZ21:201-220,Q8IZ21,206,T,2,39531497;39534244,og_consensus_gaps5-8-10-12-15_core-gap10_min3_strict-v1
og_consensus_gaps5-8-10-12-15_core-gap10_min3_strict-v1:Q8IZ21:201-220,Q8IZ21,211,T,5,32938750;37541260;39302247;39531497;39534244,og_consensus_gaps5-8-10-12-15_core-gap10_min3_strict-v1
og_consensus_gaps5-8-10-12-15_core-gap10_min3_strict-v1:Q8IZ21:201-220,Q8IZ21,212,T,2,39531497;39534244,og_consensus_gaps5-8-10-12-15_core-gap10_min3_strict-v1
og_consensus_gaps5-8-10-12-15_core-gap10_min3_strict-v1:Q8IZ21:201-220,Q8IZ21,216,S,2,35254053;39534244,og_consensus_gaps5-8-10-12-15_core-gap10_min3_strict-v1
og_consensus_gaps5-8-10-12-15_core-gap10_min3_strict-v1:Q8IZ21:201-220,Q8IZ21,220,T,1,35254053,og_consensus_gaps5-8-10-12-15_core-gap10_min3_strict-v1
og_consensus_gaps5-8-10-12-15_core-gap10_min3_strict-v1:Q8IZH2:1625-1634,Q8IZH2,1625,S,1,37541260,og_consensus_gaps5-8-10-12-15_core-gap10_min3_strict-v1
og_consensus_gaps5-8-10-12-15_core-gap10_min3_strict-v1:Q8IZH2:1625-1634,Q8IZH2,1629,T,4,32938750;35132862;35254053;39531497,og_consensus_gaps5-8-10-12-15_core-gap10_min3_strict-v1
og_consensus_gaps5-8-10-12-15_core-gap10_min3_strict-v1:Q8IZH2:1625-1634,Q8IZH2,1634,S,3,30059200;30620550;35254053,og_consensus_gaps5-8-10-12-15_core-gap10_min3_strict-v1
og_consensus_gaps5-8-10-12-15_core-gap10_min3_strict-v1:Q8N1F7:51-55,Q8N1F7,51,T,5,30620550;34846842;35254053;35513511;38838015,og_consensus_gaps5-8-10-12-15_core-gap10_min3_strict-v1
og_consensus_gaps5-8-10-12-15_core-gap10_min3_strict-v1:Q8N1F7:51-55,Q8N1F7,52,S,8,30059200;30620550;32574038;34846842;35289036;35705054;38838015;39531497,og_consensus_gaps5-8-10-12-15_core-gap10_min3_strict-v1
og_consensus_gaps5-8-10-12-15_core-gap10_min3_strict-v1:Q8N1F7:51-55,Q8N1F7,55,T,3,21158410;32574038;39531497,og_consensus_gaps5-8-10-12-15_core-gap10_min3_strict-v1
og_consensus_gaps5-8-10-12-15_core-gap10_min3_strict-v1:Q8N1G0:374-380,Q8N1G0,374,S,1,32574038,og_consensus_gaps5-8-10-12-15_core-gap10_min3_strict-v1
og_consensus_gaps5-8-10-12-15_core-gap10_min3_strict-v1:Q8N1G0:374-380,Q8N1G0,377,T,1,32574038,og_consensus_gaps5-8-10-12-15_core-gap10_min3_strict-v1
og_consensus_gaps5-8-10-12-15_core-gap10_min3_strict-v1:Q8N1G0:374-380,Q8N1G0,379,T,2,32574038;35132862,og_consensus_gaps5-8-10-12-15_core-gap10_min3_strict-v1
og_consensus_gaps5-8-10-12-15_core-gap10_min3_strict-v1:Q8N1G0:374-380,Q8N1G0,380,S,4,30059200;30620550;31492838;32574038,og_consensus_gaps5-8-10-12-15_core-gap10_min3_strict-v1
og_consensus_gaps5-8-10-12-15_core-gap10_min3_strict-v1:Q8N283:8-10,Q8N283,8,S,1,30379171,og_consensus_gaps5-8-10-12-15_core-gap10_min3_strict-v1
og_consensus_gaps5-8-10-12-15_core-gap10_min3_strict-v1:Q8N283:8-10,Q8N283,9,S,1,30379171,og_consensus_gaps5-8-10-12-15_core-gap10_min3_strict-v1
og_consensus_gaps5-8-10-12-15_core-gap10_min3_strict-v1:Q8N283:8-10,Q8N283,10,T,1,30379171,og_consensus_gaps5-8-10-12-15_core-gap10_min3_strict-v1
og_consensus_gaps5-8-10-12-15_core-gap10_min3_strict-v1:Q8N3V7:405-415,Q8N3V7,405,S,3,35254053;39531497;39534244,og_consensus_gaps5-8-10-12-15_core-gap10_min3_strict-v1
og_consensus_gaps5-8-10-12-15_core-gap10_min3_strict-v1:Q8N3V7:405-415,Q8N3V7,406,T,4,30059200;35254053;39531497;39534244,og_consensus_gaps5-8-10-12-15_core-gap10_min3_strict-v1
og_consensus_gaps5-8-10-12-15_core-gap10_min3_strict-v1:Q8N3V7:405-415,Q8N3V7,409,T,8,20068230;28657654;29237092;30059200;31492838;35254053;39531497;39534244,og_consensus_gaps5-8-10-12-15_core-gap10_min3_strict-v1
og_consensus_gaps5-8-10-12-15_core-gap10_min3_strict-v1:Q8N3V7:405-415,Q8N3V7,410,T,5,28657654;30059200;31492838;35254053;39531497,og_consensus_gaps5-8-10-12-15_core-gap10_min3_strict-v1
og_consensus_gaps5-8-10-12-15_core-gap10_min3_strict-v1:Q8N3V7:405-415,Q8N3V7,411,T,2,28657654;35254053,og_consensus_gaps5-8-10-12-15_core-gap10_min3_strict-v1
og_consensus_gaps5-8-10-12-15_core-gap10_min3_strict-v1:Q8N3V7:405-415,Q8N3V7,412,S,1,39531497,og_consensus_gaps5-8-10-12-15_core-gap10_min3_strict-v1
og_consensus_gaps5-8-10-12-15_core-gap10_min3_strict-v1:Q8N3V7:405-415,Q8N3V7,413,T,2,39531497;39534244,og_consensus_gaps5-8-10-12-15_core-gap10_min3_strict-v1
og_consensus_gaps5-8-10-12-15_core-gap10_min3_strict-v1:Q8N3V7:405-415,Q8N3V7,415,S,1,39534244,og_consensus_gaps5-8-10-12-15_core-gap10_min3_strict-v1
og_consensus_gaps5-8-10-12-15_core-gap10_min3_strict-v1:Q8N3V7:560-566,Q8N3V7,560,T,1,30059200,og_consensus_gaps5-8-10-12-15_core-gap10_min3_strict-v1
og_consensus_gaps5-8-10-12-15_core-gap10_min3_strict-v1:Q8N3V7:560-566,Q8N3V7,564,T,1,30059200,og_consensus_gaps5-8-10-12-15_core-gap10_min3_strict-v1
og_consensus_gaps5-8-10-12-15_core-gap10_min3_strict-v1:Q8N3V7:560-566,Q8N3V7,566,T,2,39531497;39534244,og_consensus_gaps5-8-10-12-15_core-gap10_min3_strict-v1
og_consensus_gaps5-8-10-12-15_core-gap10_min3_strict-v1:Q8N3X1:794-798,Q8N3X1,794,T,6,32574038;34846842;35254053;35289036;37541260;39531497,og_consensus_gaps5-8-10-12-15_core-gap10_min3_strict-v1
og_consensus_gaps5-8-10-12-15_core-gap10_min3_strict-v1:Q8N3X1:794-798,Q8N3X1,797,S,19,20068230;23301498;28657654;29237092;29351928;30059200;30620550;31373491;31492838;32574038;34846842;35132862;35254053;35289036;35513511;35705054;37541260;38838015;39531497,og_consensus_gaps5-8-10-12-15_core-gap10_min3_strict-v1
og_consensus_gaps5-8-10-12-15_core-gap10_min3_strict-v1:Q8N3X1:794-798,Q8N3X1,798,T,3,31492838;32574038;39534244,og_consensus_gaps5-8-10-12-15_core-gap10_min3_strict-v1
og_consensus_gaps5-8-10-12-15_core-gap10_min3_strict-v1:Q8N3Y7:2-8,Q8N3Y7,2,S,1,30379171,og_consensus_gaps5-8-10-12-15_core-gap10_min3_strict-v1
og_consensus_gaps5-8-10-12-15_core-gap10_min3_strict-v1:Q8N3Y7:2-8,Q8N3Y7,7,S,1,30379171,og_consensus_gaps5-8-10-12-15_core-gap10_min3_strict-v1
og_consensus_gaps5-8-10-12-15_core-gap10_min3_strict-v1:Q8N3Y7:2-8,Q8N3Y7,8,S,1,30379171,og_consensus_gaps5-8-10-12-15_core-gap10_min3_strict-v1
og_consensus_gaps5-8-10-12-15_core-gap10_min3_strict-v1:Q8N4C6:280-284,Q8N4C6,280,T,1,30379171,og_consensus_gaps5-8-10-12-15_core-gap10_min3_strict-v1
og_consensus_gaps5-8-10-12-15_core-gap10_min3_strict-v1:Q8N4C6:280-284,Q8N4C6,281,T,1,30379171,og_consensus_gaps5-8-10-12-15_core-gap10_min3_strict-v1
og_consensus_gaps5-8-10-12-15_core-gap10_min3_strict-v1:Q8N4C6:280-284,Q8N4C6,282,T,1,30379171,og_consensus_gaps5-8-10-12-15_core-gap10_min3_strict-v1
og_consensus_gaps5-8-10-12-15_core-gap10_min3_strict-v1:Q8N4C6:280-284,Q8N4C6,283,S,1,30379171,og_consensus_gaps5-8-10-12-15_core-gap10_min3_strict-v1
og_consensus_gaps5-8-10-12-15_core-gap10_min3_strict-v1:Q8N4C6:280-284,Q8N4C6,284,S,1,30379171,og_consensus_gaps5-8-10-12-15_core-gap10_min3_strict-v1
og_consensus_gaps5-8-10-12-15_core-gap10_min3_strict-v1:Q8N8S7:477-482,Q8N8S7,477,S,1,32574038,og_consensus_gaps5-8-10-12-15_core-gap10_min3_strict-v1
og_consensus_gaps5-8-10-12-15_core-gap10_min3_strict-v1:Q8N8S7:477-482,Q8N8S7,481,T,2,30620550;35132862,og_consensus_gaps5-8-10-12-15_core-gap10_min3_strict-v1
og_consensus_gaps5-8-10-12-15_core-gap10_min3_strict-v1:Q8N8S7:477-482,Q8N8S7,482,S,8,30059200;30620550;31492838;35254053;35513511;37541260;38838015;39531497,og_consensus_gaps5-8-10-12-15_core-gap10_min3_strict-v1
og_consensus_gaps5-8-10-12-15_core-gap10_min3_strict-v1:Q8NA82:83-88,Q8NA82,83,S,1,30379171,og_consensus_gaps5-8-10-12-15_core-gap10_min3_strict-v1
og_consensus_gaps5-8-10-12-15_core-gap10_min3_strict-v1:Q8NA82:83-88,Q8NA82,84,S,1,30379171,og_consensus_gaps5-8-10-12-15_core-gap10_min3_strict-v1
og_consensus_gaps5-8-10-12-15_core-gap10_min3_strict-v1:Q8NA82:83-88,Q8NA82,88,S,1,30379171,og_consensus_gaps5-8-10-12-15_core-gap10_min3_strict-v1
og_consensus_gaps5-8-10-12-15_core-gap10_min3_strict-v1:Q8ND83:412-414,Q8ND83,412,S,1,35254053,og_consensus_gaps5-8-10-12-15_core-gap10_min3_strict-v1
og_consensus_gaps5-8-10-12-15_core-gap10_min3_strict-v1:Q8ND83:412-414,Q8ND83,413,T,5,28657654;29237092;30620550;32938750;35254053,og_consensus_gaps5-8-10-12-15_core-gap10_min3_strict-v1
og_consensus_gaps5-8-10-12-15_core-gap10_min3_strict-v1:Q8ND83:412-414,Q8ND83,414,T,3,32938750;35254053;37541260,og_consensus_gaps5-8-10-12-15_core-gap10_min3_strict-v1
og_consensus_gaps5-8-10-12-15_core-gap10_min3_strict-v1:Q8NDV7:1659-1712,Q8NDV7,1659,S,2,35254053;39531497,og_consensus_gaps5-8-10-12-15_core-gap10_min3_strict-v1
og_consensus_gaps5-8-10-12-15_core-gap10_min3_strict-v1:Q8NDV7:1659-1712,Q8NDV7,1660,S,1,39531497,og_consensus_gaps5-8-10-12-15_core-gap10_min3_strict-v1
og_consensus_gaps5-8-10-12-15_core-gap10_min3_strict-v1:Q8NDV7:1659-1712,Q8NDV7,1661,S,1,39531497,og_consensus_gaps5-8-10-12-15_core-gap10_min3_strict-v1
og_consensus_gaps5-8-10-12-15_core-gap10_min3_strict-v1:Q8NDV7:1659-1712,Q8NDV7,1662,S,1,39531497,og_consensus_gaps5-8-10-12-15_core-gap10_min3_strict-v1
og_consensus_gaps5-8-10-12-15_core-gap10_min3_strict-v1:Q8NDV7:1659-1712,Q8NDV7,1666,T,3,35254053;39531497;39534244,og_consensus_gaps5-8-10-12-15_core-gap10_min3_strict-v1
og_consensus_gaps5-8-10-12-15_core-gap10_min3_strict-v1:Q8NDV7:1659-1712,Q8NDV7,1669,S,2,39531497;39534244,og_consensus_gaps5-8-10-12-15_core-gap10_min3_strict-v1
og_consensus_gaps5-8-10-12-15_core-gap10_min3_strict-v1:Q8NDV7:1659-1712,Q8NDV7,1670,T,1,39531497,og_consensus_gaps5-8-10-12-15_core-gap10_min3_strict-v1
og_consensus_gaps5-8-10-12-15_core-gap10_min3_strict-v1:Q8NDV7:1659-1712,Q8NDV7,1671,S,6,31492838;32938750;35254053;37541260;39531497;39534244,og_consensus_gaps5-8-10-12-15_core-gap10_min3_strict-v1
og_consensus_gaps5-8-10-12-15_core-gap10_min3_strict-v1:Q8NDV7:1659-1712,Q8NDV7,1674,S,1,35254053,og_consensus_gaps5-8-10-12-15_core-gap10_min3_strict-v1
og_consensus_gaps5-8-10-12-15_core-gap10_min3_strict-v1:Q8NDV7:1659-1712,Q8NDV7,1679,S,2,35254053;39531497,og_consensus_gaps5-8-10-12-15_core-gap10_min3_strict-v1
og_consensus_gaps5-8-10-12-15_core-gap10_min3_strict-v1:Q8NDV7:1659-1712,Q8NDV7,1686,S,6,34846842;35132862;35254053;37541260;39531497;39534244,og_consensus_gaps5-8-10-12-15_core-gap10_min3_strict-v1
og_consensus_gaps5-8-10-12-15_core-gap10_min3_strict-v1:Q8NDV7:1659-1712,Q8NDV7,1687,S,10,29237092;30059200;30620550;31492838;32938750;34846842;35254053;37541260;38838015;39531497,og_consensus_gaps5-8-10-12-15_core-gap10_min3_strict-v1
og_consensus_gaps5-8-10-12-15_core-gap10_min3_strict-v1:Q8NDV7:1659-1712,Q8NDV7,1688,T,5,29237092;35254053;37541260;39531497;39534244,og_consensus_gaps5-8-10-12-15_core-gap10_min3_strict-v1
og_consensus_gaps5-8-10-12-15_core-gap10_min3_strict-v1:Q8NDV7:1659-1712,Q8NDV7,1691,S,3,35254053;35705054;39531497,og_consensus_gaps5-8-10-12-15_core-gap10_min3_strict-v1
og_consensus_gaps5-8-10-12-15_core-gap10_min3_strict-v1:Q8NDV7:1659-1712,Q8NDV7,1692,T,3,35132862;39531497;39534244,og_consensus_gaps5-8-10-12-15_core-gap10_min3_strict-v1
og_consensus_gaps5-8-10-12-15_core-gap10_min3_strict-v1:Q8NDV7:1659-1712,Q8NDV7,1702,T,3,34846842;35254053;39531497,og_consensus_gaps5-8-10-12-15_core-gap10_min3_strict-v1
og_consensus_gaps5-8-10-12-15_core-gap10_min3_strict-v1:Q8NDV7:1659-1712,Q8NDV7,1704,S,2,39531497;39534244,og_consensus_gaps5-8-10-12-15_core-gap10_min3_strict-v1
og_consensus_gaps5-8-10-12-15_core-gap10_min3_strict-v1:Q8NDV7:1659-1712,Q8NDV7,1707,S,1,39531497,og_consensus_gaps5-8-10-12-15_core-gap10_min3_strict-v1
og_consensus_gaps5-8-10-12-15_core-gap10_min3_strict-v1:Q8NDV7:1659-1712,Q8NDV7,1711,T,1,35254053,og_consensus_gaps5-8-10-12-15_core-gap10_min3_strict-v1
og_consensus_gaps5-8-10-12-15_core-gap10_min3_strict-v1:Q8NDV7:1659-1712,Q8NDV7,1712,S,11,29237092;29351928;30059200;31492838;35254053;35513511;36240223;37541260;39302247;39531497;39534244,og_consensus_gaps5-8-10-12-15_core-gap10_min3_strict-v1
og_consensus_gaps5-8-10-12-15_core-gap10_min3_strict-v1:Q8NDX5:37-42,Q8NDX5,37,S,4,29237092;31492838;39531497;39534244,og_consensus_gaps5-8-10-12-15_core-gap10_min3_strict-v1
og_consensus_gaps5-8-10-12-15_core-gap10_min3_strict-v1:Q8NDX5:37-42,Q8NDX5,40,S,1,39534244,og_consensus_gaps5-8-10-12-15_core-gap10_min3_strict-v1
og_consensus_gaps5-8-10-12-15_core-gap10_min3_strict-v1:Q8NDX5:37-42,Q8NDX5,42,S,1,39534244,og_consensus_gaps5-8-10-12-15_core-gap10_min3_strict-v1
og_consensus_gaps5-8-10-12-15_core-gap10_min3_strict-v1:Q8NDX5:142-156,Q8NDX5,142,S,2,35254053;39531497,og_consensus_gaps5-8-10-12-15_core-gap10_min3_strict-v1
og_consensus_gaps5-8-10-12-15_core-gap10_min3_strict-v1:Q8NDX5:142-156,Q8NDX5,145,S,1,39531497,og_consensus_gaps5-8-10-12-15_core-gap10_min3_strict-v1
og_consensus_gaps5-8-10-12-15_core-gap10_min3_strict-v1:Q8NDX5:142-156,Q8NDX5,146,S,1,39531497,og_consensus_gaps5-8-10-12-15_core-gap10_min3_strict-v1
og_consensus_gaps5-8-10-12-15_core-gap10_min3_strict-v1:Q8NDX5:142-156,Q8NDX5,151,S,1,39531497,og_consensus_gaps5-8-10-12-15_core-gap10_min3_strict-v1
og_consensus_gaps5-8-10-12-15_core-gap10_min3_strict-v1:Q8NDX5:142-156,Q8NDX5,153,T,1,39531497,og_consensus_gaps5-8-10-12-15_core-gap10_min3_strict-v1
og_consensus_gaps5-8-10-12-15_core-gap10_min3_strict-v1:Q8NDX5:142-156,Q8NDX5,156,T,1,39531497,og_consensus_gaps5-8-10-12-15_core-gap10_min3_strict-v1
og_consensus_gaps5-8-10-12-15_core-gap10_min3_strict-v1:Q8NDX5:236-244,Q8NDX5,236,S,8,28604694;29351928;30059200;31637018;34846842;35254053;35289036;35513511,og_consensus_gaps5-8-10-12-15_core-gap10_min3_strict-v1
og_consensus_gaps5-8-10-12-15_core-gap10_min3_strict-v1:Q8NDX5:236-244,Q8NDX5,237,T,3,28604694;32574038;35254053,og_consensus_gaps5-8-10-12-15_core-gap10_min3_strict-v1
og_consensus_gaps5-8-10-12-15_core-gap10_min3_strict-v1:Q8NDX5:236-244,Q8NDX5,238,S,4,31637018;32574038;34846842;35289036,og_consensus_gaps5-8-10-12-15_core-gap10_min3_strict-v1
og_consensus_gaps5-8-10-12-15_core-gap10_min3_strict-v1:Q8NDX5:236-244,Q8NDX5,240,T,9,29351928;30059200;31492838;32574038;32938750;35254053;35289036;35513511;37541260,og_consensus_gaps5-8-10-12-15_core-gap10_min3_strict-v1
og_consensus_gaps5-8-10-12-15_core-gap10_min3_strict-v1:Q8NDX5:236-244,Q8NDX5,242,S,3,31637018;32574038;35289036,og_consensus_gaps5-8-10-12-15_core-gap10_min3_strict-v1
og_consensus_gaps5-8-10-12-15_core-gap10_min3_strict-v1:Q8NDX5:236-244,Q8NDX5,244,T,3,31637018;32574038;35289036,og_consensus_gaps5-8-10-12-15_core-gap10_min3_strict-v1
og_consensus_gaps5-8-10-12-15_core-gap10_min3_strict-v1:Q8NEM7:492-503,Q8NEM7,492,S,2,34846842;35289036,og_consensus_gaps5-8-10-12-15_core-gap10_min3_strict-v1
og_consensus_gaps5-8-10-12-15_core-gap10_min3_strict-v1:Q8NEM7:492-503,Q8NEM7,494,T,4,32574038;35132862;35289036;39531497,og_consensus_gaps5-8-10-12-15_core-gap10_min3_strict-v1
og_consensus_gaps5-8-10-12-15_core-gap10_min3_strict-v1:Q8NEM7:492-503,Q8NEM7,498,S,1,35289036,og_consensus_gaps5-8-10-12-15_core-gap10_min3_strict-v1
og_consensus_gaps5-8-10-12-15_core-gap10_min3_strict-v1:Q8NEM7:492-503,Q8NEM7,499,S,6,29351928;30059200;31492838;32574038;32938750;39531497,og_consensus_gaps5-8-10-12-15_core-gap10_min3_strict-v1
og_consensus_gaps5-8-10-12-15_core-gap10_min3_strict-v1:Q8NEM7:492-503,Q8NEM7,502,S,2,35132862;35289036,og_consensus_gaps5-8-10-12-15_core-gap10_min3_strict-v1
og_consensus_gaps5-8-10-12-15_core-gap10_min3_strict-v1:Q8NEM7:492-503,Q8NEM7,503,S,2,32574038;35289036,og_consensus_gaps5-8-10-12-15_core-gap10_min3_strict-v1
og_consensus_gaps5-8-10-12-15_core-gap10_min3_strict-v1:Q8NEZ2:169-187,Q8NEZ2,169,S,3,30059200;35254053;39534244,og_consensus_gaps5-8-10-12-15_core-gap10_min3_strict-v1
og_consensus_gaps5-8-10-12-15_core-gap10_min3_strict-v1:Q8NEZ2:169-187,Q8NEZ2,171,T,1,35254053,og_consensus_gaps5-8-10-12-15_core-gap10_min3_strict-v1
og_consensus_gaps5-8-10-12-15_core-gap10_min3_strict-v1:Q8NEZ2:169-187,Q8NEZ2,172,S,2,35254053;39531497,og_consensus_gaps5-8-10-12-15_core-gap10_min3_strict-v1
og_consensus_gaps5-8-10-12-15_core-gap10_min3_strict-v1:Q8NEZ2:169-187,Q8NEZ2,174,S,5,29351928;35254053;35513511;39531497;39534244,og_consensus_gaps5-8-10-12-15_core-gap10_min3_strict-v1
og_consensus_gaps5-8-10-12-15_core-gap10_min3_strict-v1:Q8NEZ2:169-187,Q8NEZ2,178,T,4,30059200;35132862;35254053;39534244,og_consensus_gaps5-8-10-12-15_core-gap10_min3_strict-v1
og_consensus_gaps5-8-10-12-15_core-gap10_min3_strict-v1:Q8NEZ2:169-187,Q8NEZ2,180,S,2,30059200;39534244,og_consensus_gaps5-8-10-12-15_core-gap10_min3_strict-v1
og_consensus_gaps5-8-10-12-15_core-gap10_min3_strict-v1:Q8NEZ2:169-187,Q8NEZ2,182,S,1,39534244,og_consensus_gaps5-8-10-12-15_core-gap10_min3_strict-v1
og_consensus_gaps5-8-10-12-15_core-gap10_min3_strict-v1:Q8NEZ2:169-187,Q8NEZ2,183,T,1,39534244,og_consensus_gaps5-8-10-12-15_core-gap10_min3_strict-v1
og_consensus_gaps5-8-10-12-15_core-gap10_min3_strict-v1:Q8NEZ2:169-187,Q8NEZ2,184,T,1,39534244,og_consensus_gaps5-8-10-12-15_core-gap10_min3_strict-v1
og_consensus_gaps5-8-10-12-15_core-gap10_min3_strict-v1:Q8NEZ2:169-187,Q8NEZ2,187,T,1,39534244,og_consensus_gaps5-8-10-12-15_core-gap10_min3_strict-v1
og_consensus_gaps5-8-10-12-15_core-gap10_min3_strict-v1:Q8NEZ4:1724-1729,Q8NEZ4,1724,S,1,30379171,og_consensus_gaps5-8-10-12-15_core-gap10_min3_strict-v1
og_consensus_gaps5-8-10-12-15_core-gap10_min3_strict-v1:Q8NEZ4:1724-1729,Q8NEZ4,1728,S,1,30379171,og_consensus_gaps5-8-10-12-15_core-gap10_min3_strict-v1
og_consensus_gaps5-8-10-12-15_core-gap10_min3_strict-v1:Q8NEZ4:1724-1729,Q8NEZ4,1729,S,1,30379171,og_consensus_gaps5-8-10-12-15_core-gap10_min3_strict-v1
og_consensus_gaps5-8-10-12-15_core-gap10_min3_strict-v1:Q8NEZ4:1836-1843,Q8NEZ4,1836,S,1,39531497,og_consensus_gaps5-8-10-12-15_core-gap10_min3_strict-v1
og_consensus_gaps5-8-10-12-15_core-gap10_min3_strict-v1:Q8NEZ4:1836-1843,Q8NEZ4,1837,T,2,32938750;39531497,og_consensus_gaps5-8-10-12-15_core-gap10_min3_strict-v1
og_consensus_gaps5-8-10-12-15_core-gap10_min3_strict-v1:Q8NEZ4:1836-1843,Q8NEZ4,1840,S,4,32938750;35254053;37541260;39531497,og_consensus_gaps5-8-10-12-15_core-gap10_min3_strict-v1
og_consensus_gaps5-8-10-12-15_core-gap10_min3_strict-v1:Q8NEZ4:1836-1843,Q8NEZ4,1843,S,1,35132862,og_consensus_gaps5-8-10-12-15_core-gap10_min3_strict-v1
og_consensus_gaps5-8-10-12-15_core-gap10_min3_strict-v1:Q8NF91:6710-6714,Q8NF91,6710,S,1,36240223,og_consensus_gaps5-8-10-12-15_core-gap10_min3_strict-v1
og_consensus_gaps5-8-10-12-15_core-gap10_min3_strict-v1:Q8NF91:6710-6714,Q8NF91,6711,S,1,36240223,og_consensus_gaps5-8-10-12-15_core-gap10_min3_strict-v1
og_consensus_gaps5-8-10-12-15_core-gap10_min3_strict-v1:Q8NF91:6710-6714,Q8NF91,6714,S,1,36240223,og_consensus_gaps5-8-10-12-15_core-gap10_min3_strict-v1
og_consensus_gaps5-8-10-12-15_core-gap10_min3_strict-v1:Q8NFC6:239-245,Q8NFC6,239,S,1,21740066,og_consensus_gaps5-8-10-12-15_core-gap10_min3_strict-v1
og_consensus_gaps5-8-10-12-15_core-gap10_min3_strict-v1:Q8NFC6:239-245,Q8NFC6,243,T,1,21740066,og_consensus_gaps5-8-10-12-15_core-gap10_min3_strict-v1
og_consensus_gaps5-8-10-12-15_core-gap10_min3_strict-v1:Q8NFC6:239-245,Q8NFC6,245,T,1,21740066,og_consensus_gaps5-8-10-12-15_core-gap10_min3_strict-v1
og_consensus_gaps5-8-10-12-15_core-gap10_min3_strict-v1:Q8NFD5:1656-1660,Q8NFD5,1656,T,1,39531497,og_consensus_gaps5-8-10-12-15_core-gap10_min3_strict-v1
og_consensus_gaps5-8-10-12-15_core-gap10_min3_strict-v1:Q8NFD5:1656-1660,Q8NFD5,1659,T,1,39531497,og_consensus_gaps5-8-10-12-15_core-gap10_min3_strict-v1
og_consensus_gaps5-8-10-12-15_core-gap10_min3_strict-v1:Q8NFD5:1656-1660,Q8NFD5,1660,S,1,39531497,og_consensus_gaps5-8-10-12-15_core-gap10_min3_strict-v1
og_consensus_gaps5-8-10-12-15_core-gap10_min3_strict-v1:Q8NFH5:291-298,Q8NFH5,291,T,1,39531497,og_consensus_gaps5-8-10-12-15_core-gap10_min3_strict-v1
og_consensus_gaps5-8-10-12-15_core-gap10_min3_strict-v1:Q8NFH5:291-298,Q8NFH5,296,S,4,30620550;35254053;35289036;39531497,og_consensus_gaps5-8-10-12-15_core-gap10_min3_strict-v1
og_consensus_gaps5-8-10-12-15_core-gap10_min3_strict-v1:Q8NFH5:291-298,Q8NFH5,297,T,2,35254053;39302247,og_consensus_gaps5-8-10-12-15_core-gap10_min3_strict-v1
og_consensus_gaps5-8-10-12-15_core-gap10_min3_strict-v1:Q8NFH5:291-298,Q8NFH5,298,S,9,28657654;29237092;30059200;30620550;32938750;35254053;35289036;39302247;39531497,og_consensus_gaps5-8-10-12-15_core-gap10_min3_strict-v1
og_consensus_gaps5-8-10-12-15_core-gap10_min3_strict-v1:Q8NG31:421-427,Q8NG31,421,T,1,39531497,og_consensus_gaps5-8-10-12-15_core-gap10_min3_strict-v1
og_consensus_gaps5-8-10-12-15_core-gap10_min3_strict-v1:Q8NG31:421-427,Q8NG31,425,S,2,30059200;39531497,og_consensus_gaps5-8-10-12-15_core-gap10_min3_strict-v1
og_consensus_gaps5-8-10-12-15_core-gap10_min3_strict-v1:Q8NG31:421-427,Q8NG31,427,T,1,39302247,og_consensus_gaps5-8-10-12-15_core-gap10_min3_strict-v1
og_consensus_gaps5-8-10-12-15_core-gap10_min3_strict-v1:Q8NG31:714-725,Q8NG31,714,T,2,35254053;39531497,og_consensus_gaps5-8-10-12-15_core-gap10_min3_strict-v1
og_consensus_gaps5-8-10-12-15_core-gap10_min3_strict-v1:Q8NG31:714-725,Q8NG31,716,S,5,30059200;35254053;35705054;39531497;39534244,og_consensus_gaps5-8-10-12-15_core-gap10_min3_strict-v1
og_consensus_gaps5-8-10-12-15_core-gap10_min3_strict-v1:Q8NG31:714-725,Q8NG31,720,S,2,35254053;39531497,og_consensus_gaps5-8-10-12-15_core-gap10_min3_strict-v1
og_consensus_gaps5-8-10-12-15_core-gap10_min3_strict-v1:Q8NG31:714-725,Q8NG31,725,T,1,39534244,og_consensus_gaps5-8-10-12-15_core-gap10_min3_strict-v1
og_consensus_gaps5-8-10-12-15_core-gap10_min3_strict-v1:Q8TC07:675-682,Q8TC07,675,S,2,35254053;39531497,og_consensus_gaps5-8-10-12-15_core-gap10_min3_strict-v1
og_consensus_gaps5-8-10-12-15_core-gap10_min3_strict-v1:Q8TC07:675-682,Q8TC07,677,T,1,35254053,og_consensus_gaps5-8-10-12-15_core-gap10_min3_strict-v1
og_consensus_gaps5-8-10-12-15_core-gap10_min3_strict-v1:Q8TC07:675-682,Q8TC07,682,S,4,32938750;35254053;35513511;35705054,og_consensus_gaps5-8-10-12-15_core-gap10_min3_strict-v1
og_consensus_gaps5-8-10-12-15_core-gap10_min3_strict-v1:Q8TC56:520-523,Q8TC56,520,S,1,30379171,og_consensus_gaps5-8-10-12-15_core-gap10_min3_strict-v1
og_consensus_gaps5-8-10-12-15_core-gap10_min3_strict-v1:Q8TC56:520-523,Q8TC56,522,S,1,30379171,og_consensus_gaps5-8-10-12-15_core-gap10_min3_strict-v1
og_consensus_gaps5-8-10-12-15_core-gap10_min3_strict-v1:Q8TC56:520-523,Q8TC56,523,S,1,30379171,og_consensus_gaps5-8-10-12-15_core-gap10_min3_strict-v1
og_consensus_gaps5-8-10-12-15_core-gap10_min3_strict-v1:Q8TCU4:848-855,Q8TCU4,848,T,1,39531497,og_consensus_gaps5-8-10-12-15_core-gap10_min3_strict-v1
og_consensus_gaps5-8-10-12-15_core-gap10_min3_strict-v1:Q8TCU4:848-855,Q8TCU4,850,T,1,39531497,og_consensus_gaps5-8-10-12-15_core-gap10_min3_strict-v1
og_consensus_gaps5-8-10-12-15_core-gap10_min3_strict-v1:Q8TCU4:848-855,Q8TCU4,855,S,1,39531497,og_consensus_gaps5-8-10-12-15_core-gap10_min3_strict-v1
og_consensus_gaps5-8-10-12-15_core-gap10_min3_strict-v1:Q8TCU4:1796-1803,Q8TCU4,1796,T,2,29351928;39531497,og_consensus_gaps5-8-10-12-15_core-gap10_min3_strict-v1
og_consensus_gaps5-8-10-12-15_core-gap10_min3_strict-v1:Q8TCU4:1796-1803,Q8TCU4,1799,S,1,39531497,og_consensus_gaps5-8-10-12-15_core-gap10_min3_strict-v1
og_consensus_gaps5-8-10-12-15_core-gap10_min3_strict-v1:Q8TCU4:1796-1803,Q8TCU4,1803,S,3,29351928;30059200;37541260,og_consensus_gaps5-8-10-12-15_core-gap10_min3_strict-v1
og_consensus_gaps5-8-10-12-15_core-gap10_min3_strict-v1:Q8TDM6:1181-1189,Q8TDM6,1181,S,6,28657654;32574038;34846842;35254053;35289036;39531497,og_consensus_gaps5-8-10-12-15_core-gap10_min3_strict-v1
og_consensus_gaps5-8-10-12-15_core-gap10_min3_strict-v1:Q8TDM6:1181-1189,Q8TDM6,1183,T,1,39531497,og_consensus_gaps5-8-10-12-15_core-gap10_min3_strict-v1
og_consensus_gaps5-8-10-12-15_core-gap10_min3_strict-v1:Q8TDM6:1181-1189,Q8TDM6,1186,T,5,28657654;32574038;35254053;39302247;39531497,og_consensus_gaps5-8-10-12-15_core-gap10_min3_strict-v1
og_consensus_gaps5-8-10-12-15_core-gap10_min3_strict-v1:Q8TDM6:1181-1189,Q8TDM6,1187,T,2,35254053;39531497,og_consensus_gaps5-8-10-12-15_core-gap10_min3_strict-v1
og_consensus_gaps5-8-10-12-15_core-gap10_min3_strict-v1:Q8TDM6:1181-1189,Q8TDM6,1189,S,1,32574038,og_consensus_gaps5-8-10-12-15_core-gap10_min3_strict-v1
og_consensus_gaps5-8-10-12-15_core-gap10_min3_strict-v1:Q8TEQ6:616-624,Q8TEQ6,616,T,3,34846842;35254053;37541260,og_consensus_gaps5-8-10-12-15_core-gap10_min3_strict-v1
og_consensus_gaps5-8-10-12-15_core-gap10_min3_strict-v1:Q8TEQ6:616-624,Q8TEQ6,620,S,3,30059200;32938750;39302247,og_consensus_gaps5-8-10-12-15_core-gap10_min3_strict-v1
og_consensus_gaps5-8-10-12-15_core-gap10_min3_strict-v1:Q8TEQ6:616-624,Q8TEQ6,624,S,1,35132862,og_consensus_gaps5-8-10-12-15_core-gap10_min3_strict-v1
og_consensus_gaps5-8-10-12-15_core-gap10_min3_strict-v1:Q8TF68:51-60,Q8TF68,51,T,1,35289036,og_consensus_gaps5-8-10-12-15_core-gap10_min3_strict-v1
og_consensus_gaps5-8-10-12-15_core-gap10_min3_strict-v1:Q8TF68:51-60,Q8TF68,54,T,1,35289036,og_consensus_gaps5-8-10-12-15_core-gap10_min3_strict-v1
og_consensus_gaps5-8-10-12-15_core-gap10_min3_strict-v1:Q8TF68:51-60,Q8TF68,58,S,2,35254053;39531497,og_consensus_gaps5-8-10-12-15_core-gap10_min3_strict-v1
og_consensus_gaps5-8-10-12-15_core-gap10_min3_strict-v1:Q8TF68:51-60,Q8TF68,60,S,1,39531497,og_consensus_gaps5-8-10-12-15_core-gap10_min3_strict-v1
og_consensus_gaps5-8-10-12-15_core-gap10_min3_strict-v1:Q8TF68:73-89,Q8TF68,73,S,1,35289036,og_consensus_gaps5-8-10-12-15_core-gap10_min3_strict-v1
og_consensus_gaps5-8-10-12-15_core-gap10_min3_strict-v1:Q8TF68:73-89,Q8TF68,77,T,1,35289036,og_consensus_gaps5-8-10-12-15_core-gap10_min3_strict-v1
og_consensus_gaps5-8-10-12-15_core-gap10_min3_strict-v1:Q8TF68:73-89,Q8TF68,80,S,6,29351928;32938750;35254053;35289036;35513511;39531497,og_consensus_gaps5-8-10-12-15_core-gap10_min3_strict-v1
og_consensus_gaps5-8-10-12-15_core-gap10_min3_strict-v1:Q8TF68:73-89,Q8TF68,85,T,3,29351928;32938750;39531497,og_consensus_gaps5-8-10-12-15_core-gap10_min3_strict-v1
og_consensus_gaps5-8-10-12-15_core-gap10_min3_strict-v1:Q8TF68:73-89,Q8TF68,89,T,3,35254053;35289036;39531497,og_consensus_gaps5-8-10-12-15_core-gap10_min3_strict-v1
og_consensus_gaps5-8-10-12-15_core-gap10_min3_strict-v1:Q8TF74:300-308,Q8TF74,300,T,1,39531497,og_consensus_gaps5-8-10-12-15_core-gap10_min3_strict-v1
og_consensus_gaps5-8-10-12-15_core-gap10_min3_strict-v1:Q8TF74:300-308,Q8TF74,301,S,2,31373491;39531497,og_consensus_gaps5-8-10-12-15_core-gap10_min3_strict-v1
og_consensus_gaps5-8-10-12-15_core-gap10_min3_strict-v1:Q8TF74:300-308,Q8TF74,303,S,1,39534244,og_consensus_gaps5-8-10-12-15_core-gap10_min3_strict-v1
og_consensus_gaps5-8-10-12-15_core-gap10_min3_strict-v1:Q8TF74:300-308,Q8TF74,308,S,1,39534244,og_consensus_gaps5-8-10-12-15_core-gap10_min3_strict-v1
og_consensus_gaps5-8-10-12-15_core-gap10_min3_strict-v1:Q8WUH6:70-77,Q8WUH6,70,T,3,28657654;32938750;35254053,og_consensus_gaps5-8-10-12-15_core-gap10_min3_strict-v1
og_consensus_gaps5-8-10-12-15_core-gap10_min3_strict-v1:Q8WUH6:70-77,Q8WUH6,73,T,4,28657654;33465208;35254053;39534244,og_consensus_gaps5-8-10-12-15_core-gap10_min3_strict-v1
og_consensus_gaps5-8-10-12-15_core-gap10_min3_strict-v1:Q8WUH6:70-77,Q8WUH6,74,T,4,28657654;32938750;33465208;35254053,og_consensus_gaps5-8-10-12-15_core-gap10_min3_strict-v1
og_consensus_gaps5-8-10-12-15_core-gap10_min3_strict-v1:Q8WUH6:70-77,Q8WUH6,77,S,1,28657654,og_consensus_gaps5-8-10-12-15_core-gap10_min3_strict-v1
og_consensus_gaps5-8-10-12-15_core-gap10_min3_strict-v1:Q8WW12:139-142,Q8WW12,139,T,3,35132862;35513511;38838015,og_consensus_gaps5-8-10-12-15_core-gap10_min3_strict-v1
og_consensus_gaps5-8-10-12-15_core-gap10_min3_strict-v1:Q8WW12:139-142,Q8WW12,141,T,2,30620550;39531497,og_consensus_gaps5-8-10-12-15_core-gap10_min3_strict-v1
og_consensus_gaps5-8-10-12-15_core-gap10_min3_strict-v1:Q8WW12:139-142,Q8WW12,142,S,6,30059200;30620550;31373491;31492838;35254053;39531497,og_consensus_gaps5-8-10-12-15_core-gap10_min3_strict-v1
og_consensus_gaps5-8-10-12-15_core-gap10_min3_strict-v1:Q8WWI1:1563-1593,Q8WWI1,1563,S,2,30059200;39531497,og_consensus_gaps5-8-10-12-15_core-gap10_min3_strict-v1
og_consensus_gaps5-8-10-12-15_core-gap10_min3_strict-v1:Q8WWI1:1563-1593,Q8WWI1,1564,S,1,35289036,og_consensus_gaps5-8-10-12-15_core-gap10_min3_strict-v1
og_consensus_gaps5-8-10-12-15_core-gap10_min3_strict-v1:Q8WWI1:1563-1593,Q8WWI1,1565,S,5,30059200;31373491;31492838;35254053;35289036,og_consensus_gaps5-8-10-12-15_core-gap10_min3_strict-v1
og_consensus_gaps5-8-10-12-15_core-gap10_min3_strict-v1:Q8WWI1:1563-1593,Q8WWI1,1570,S,4,31373491;31492838;35132862;35254053,og_consensus_gaps5-8-10-12-15_core-gap10_min3_strict-v1
og_consensus_gaps5-8-10-12-15_core-gap10_min3_strict-v1:Q8WWI1:1563-1593,Q8WWI1,1573,S,1,34846842,og_consensus_gaps5-8-10-12-15_core-gap10_min3_strict-v1
og_consensus_gaps5-8-10-12-15_core-gap10_min3_strict-v1:Q8WWI1:1563-1593,Q8WWI1,1576,T,3,30379171;31637018;35254053,og_consensus_gaps5-8-10-12-15_core-gap10_min3_strict-v1
og_consensus_gaps5-8-10-12-15_core-gap10_min3_strict-v1:Q8WWI1:1563-1593,Q8WWI1,1577,S,6,30059200;30379171;34846842;35254053;35289036;39534244,og_consensus_gaps5-8-10-12-15_core-gap10_min3_strict-v1
og_consensus_gaps5-8-10-12-15_core-gap10_min3_strict-v1:Q8WWI1:1563-1593,Q8WWI1,1578,T,4,20068230;30059200;35254053;39534244,og_consensus_gaps5-8-10-12-15_core-gap10_min3_strict-v1
og_consensus_gaps5-8-10-12-15_core-gap10_min3_strict-v1:Q8WWI1:1563-1593,Q8WWI1,1579,T,2,30059200;35254053,og_consensus_gaps5-8-10-12-15_core-gap10_min3_strict-v1
og_consensus_gaps5-8-10-12-15_core-gap10_min3_strict-v1:Q8WWI1:1563-1593,Q8WWI1,1583,T,4,30059200;30379171;32574038;34846842,og_consensus_gaps5-8-10-12-15_core-gap10_min3_strict-v1
og_consensus_gaps5-8-10-12-15_core-gap10_min3_strict-v1:Q8WWI1:1563-1593,Q8WWI1,1584,T,11,28657654;29237092;29351928;30059200;31492838;32574038;34846842;35254053;35289036;35513511;37541260,og_consensus_gaps5-8-10-12-15_core-gap10_min3_strict-v1
og_consensus_gaps5-8-10-12-15_core-gap10_min3_strict-v1:Q8WWI1:1563-1593,Q8WWI1,1586,S,3,31637018;34846842;39534244,og_consensus_gaps5-8-10-12-15_core-gap10_min3_strict-v1
og_consensus_gaps5-8-10-12-15_core-gap10_min3_strict-v1:Q8WWI1:1563-1593,Q8WWI1,1588,T,1,32574038,og_consensus_gaps5-8-10-12-15_core-gap10_min3_strict-v1
og_consensus_gaps5-8-10-12-15_core-gap10_min3_strict-v1:Q8WWI1:1563-1593,Q8WWI1,1593,S,1,33465208,og_consensus_gaps5-8-10-12-15_core-gap10_min3_strict-v1
og_consensus_gaps5-8-10-12-15_core-gap10_min3_strict-v1:Q8WWM7:493-504,Q8WWM7,493,S,1,39302247,og_consensus_gaps5-8-10-12-15_core-gap10_min3_strict-v1
og_consensus_gaps5-8-10-12-15_core-gap10_min3_strict-v1:Q8WWM7:493-504,Q8WWM7,496,S,1,39302247,og_consensus_gaps5-8-10-12-15_core-gap10_min3_strict-v1
og_consensus_gaps5-8-10-12-15_core-gap10_min3_strict-v1:Q8WWM7:493-504,Q8WWM7,500,S,8,28657654;30059200;31373491;31492838;35254053;35705054;37541260;39531497,og_consensus_gaps5-8-10-12-15_core-gap10_min3_strict-v1
og_consensus_gaps5-8-10-12-15_core-gap10_min3_strict-v1:Q8WWM7:493-504,Q8WWM7,504,T,1,32574038,og_consensus_gaps5-8-10-12-15_core-gap10_min3_strict-v1
og_consensus_gaps5-8-10-12-15_core-gap10_min3_strict-v1:Q8WWM7:669-684,Q8WWM7,669,T,1,35513511,og_consensus_gaps5-8-10-12-15_core-gap10_min3_strict-v1
og_consensus_gaps5-8-10-12-15_core-gap10_min3_strict-v1:Q8WWM7:669-684,Q8WWM7,674,S,2,35132862;35254053,og_consensus_gaps5-8-10-12-15_core-gap10_min3_strict-v1
og_consensus_gaps5-8-10-12-15_core-gap10_min3_strict-v1:Q8WWM7:669-684,Q8WWM7,678,S,12,20068230;29237092;30059200;30620550;31492838;31637018;32574038;34846842;35254053;35513511;35705054;38838015,og_consensus_gaps5-8-10-12-15_core-gap10_min3_strict-v1
og_consensus_gaps5-8-10-12-15_core-gap10_min3_strict-v1:Q8WWM7:669-684,Q8WWM7,679,T,4,30620550;31373491;35254053;37541260,og_consensus_gaps5-8-10-12-15_core-gap10_min3_strict-v1
og_consensus_gaps5-8-10-12-15_core-gap10_min3_strict-v1:Q8WWM7:669-684,Q8WWM7,680,S,3,32574038;35254053;38838015,og_consensus_gaps5-8-10-12-15_core-gap10_min3_strict-v1
og_consensus_gaps5-8-10-12-15_core-gap10_min3_strict-v1:Q8WWM7:669-684,Q8WWM7,681,T,1,32574038,og_consensus_gaps5-8-10-12-15_core-gap10_min3_strict-v1
og_consensus_gaps5-8-10-12-15_core-gap10_min3_strict-v1:Q8WWM7:669-684,Q8WWM7,683,T,1,32574038,og_consensus_gaps5-8-10-12-15_core-gap10_min3_strict-v1
og_consensus_gaps5-8-10-12-15_core-gap10_min3_strict-v1:Q8WWM7:669-684,Q8WWM7,684,S,8,20068230;30620550;31373491;31492838;32574038;35254053;35513511;37541260,og_consensus_gaps5-8-10-12-15_core-gap10_min3_strict-v1
og_consensus_gaps5-8-10-12-15_core-gap10_min3_strict-v1:Q8WX93:390-400,Q8WX93,390,T,1,30379171,og_consensus_gaps5-8-10-12-15_core-gap10_min3_strict-v1
og_consensus_gaps5-8-10-12-15_core-gap10_min3_strict-v1:Q8WX93:390-400,Q8WX93,391,T,2,30379171;35254053,og_consensus_gaps5-8-10-12-15_core-gap10_min3_strict-v1
og_consensus_gaps5-8-10-12-15_core-gap10_min3_strict-v1:Q8WX93:390-400,Q8WX93,392,S,3,30379171;31492838;35254053,og_consensus_gaps5-8-10-12-15_core-gap10_min3_strict-v1
og_consensus_gaps5-8-10-12-15_core-gap10_min3_strict-v1:Q8WX93:390-400,Q8WX93,396,T,1,35254053,og_consensus_gaps5-8-10-12-15_core-gap10_min3_strict-v1
og_consensus_gaps5-8-10-12-15_core-gap10_min3_strict-v1:Q8WX93:390-400,Q8WX93,400,S,1,39534244,og_consensus_gaps5-8-10-12-15_core-gap10_min3_strict-v1
og_consensus_gaps5-8-10-12-15_core-gap10_min3_strict-v1:Q8WXI9:287-289,Q8WXI9,287,T,2,29351928;39531497,og_consensus_gaps5-8-10-12-15_core-gap10_min3_strict-v1
og_consensus_gaps5-8-10-12-15_core-gap10_min3_strict-v1:Q8WXI9:287-289,Q8WXI9,288,T,1,39531497,og_consensus_gaps5-8-10-12-15_core-gap10_min3_strict-v1
og_consensus_gaps5-8-10-12-15_core-gap10_min3_strict-v1:Q8WXI9:287-289,Q8WXI9,289,T,1,35254053,og_consensus_gaps5-8-10-12-15_core-gap10_min3_strict-v1
og_consensus_gaps5-8-10-12-15_core-gap10_min3_strict-v1:Q8WXI9:486-497,Q8WXI9,486,S,3,35254053;35289036;39531497,og_consensus_gaps5-8-10-12-15_core-gap10_min3_strict-v1
og_consensus_gaps5-8-10-12-15_core-gap10_min3_strict-v1:Q8WXI9:486-497,Q8WXI9,488,T,1,39531497,og_consensus_gaps5-8-10-12-15_core-gap10_min3_strict-v1
og_consensus_gaps5-8-10-12-15_core-gap10_min3_strict-v1:Q8WXI9:486-497,Q8WXI9,489,T,5,31492838;32938750;35254053;37541260;39531497,og_consensus_gaps5-8-10-12-15_core-gap10_min3_strict-v1
og_consensus_gaps5-8-10-12-15_core-gap10_min3_strict-v1:Q8WXI9:486-497,Q8WXI9,494,S,9,29351928;30059200;31492838;32574038;35254053;35289036;37541260;39531497;39534244,og_consensus_gaps5-8-10-12-15_core-gap10_min3_strict-v1
og_consensus_gaps5-8-10-12-15_core-gap10_min3_strict-v1:Q8WXI9:486-497,Q8WXI9,495,S,5,34846842;35132862;35254053;35289036;39534244,og_consensus_gaps5-8-10-12-15_core-gap10_min3_strict-v1
og_consensus_gaps5-8-10-12-15_core-gap10_min3_strict-v1:Q8WXI9:486-497,Q8WXI9,497,S,8,30059200;31492838;32938750;35254053;35289036;38838015;39531497;39534244,og_consensus_gaps5-8-10-12-15_core-gap10_min3_strict-v1
og_consensus_gaps5-8-10-12-15_core-gap10_min3_strict-v1:Q8WXI9:584-590,Q8WXI9,584,S,17,20068230;28657654;29351928;30059200;30379171;31492838;31637018;32574038;34846842;35132862;35254053;35289036;35513511;35705054;37541260;38838015;39531497,og_consensus_gaps5-8-10-12-15_core-gap10_min3_strict-v1
og_consensus_gaps5-8-10-12-15_core-gap10_min3_strict-v1:Q8WXI9:584-590,Q8WXI9,586,S,4,30379171;32574038;35254053;39534244,og_consensus_gaps5-8-10-12-15_core-gap10_min3_strict-v1
og_consensus_gaps5-8-10-12-15_core-gap10_min3_strict-v1:Q8WXI9:584-590,Q8WXI9,588,S,2,35132862;39534244,og_consensus_gaps5-8-10-12-15_core-gap10_min3_strict-v1
og_consensus_gaps5-8-10-12-15_core-gap10_min3_strict-v1:Q8WXI9:584-590,Q8WXI9,590,S,3,32574038;34846842;35705054,og_consensus_gaps5-8-10-12-15_core-gap10_min3_strict-v1
og_consensus_gaps5-8-10-12-15_core-gap10_min3_strict-v1:Q8WY36:252-261,Q8WY36,252,S,2,39531497;39534244,og_consensus_gaps5-8-10-12-15_core-gap10_min3_strict-v1
og_consensus_gaps5-8-10-12-15_core-gap10_min3_strict-v1:Q8WY36:252-261,Q8WY36,256,S,2,30059200;39534244,og_consensus_gaps5-8-10-12-15_core-gap10_min3_strict-v1
og_consensus_gaps5-8-10-12-15_core-gap10_min3_strict-v1:Q8WY36:252-261,Q8WY36,258,S,8,29351928;30059200;31492838;32938750;35254053;35513511;39302247;39534244,og_consensus_gaps5-8-10-12-15_core-gap10_min3_strict-v1
og_consensus_gaps5-8-10-12-15_core-gap10_min3_strict-v1:Q8WY36:252-261,Q8WY36,261,S,2,35289036;39534244,og_consensus_gaps5-8-10-12-15_core-gap10_min3_strict-v1
og_consensus_gaps5-8-10-12-15_core-gap10_min3_strict-v1:Q8WYP5:1184-1195,Q8WYP5,1184,S,1,39534244,og_consensus_gaps5-8-10-12-15_core-gap10_min3_strict-v1
og_consensus_gaps5-8-10-12-15_core-gap10_min3_strict-v1:Q8WYP5:1184-1195,Q8WYP5,1188,S,2,33465208;39534244,og_consensus_gaps5-8-10-12-15_core-gap10_min3_strict-v1
og_consensus_gaps5-8-10-12-15_core-gap10_min3_strict-v1:Q8WYP5:1184-1195,Q8WYP5,1192,S,2,33465208;39534244,og_consensus_gaps5-8-10-12-15_core-gap10_min3_strict-v1
og_consensus_gaps5-8-10-12-15_core-gap10_min3_strict-v1:Q8WYP5:1184-1195,Q8WYP5,1195,S,1,39534244,og_consensus_gaps5-8-10-12-15_core-gap10_min3_strict-v1
og_consensus_gaps5-8-10-12-15_core-gap10_min3_strict-v1:Q8WYP5:2060-2065,Q8WYP5,2060,S,1,33465208,og_consensus_gaps5-8-10-12-15_core-gap10_min3_strict-v1
og_consensus_gaps5-8-10-12-15_core-gap10_min3_strict-v1:Q8WYP5:2060-2065,Q8WYP5,2063,S,1,33465208,og_consensus_gaps5-8-10-12-15_core-gap10_min3_strict-v1
og_consensus_gaps5-8-10-12-15_core-gap10_min3_strict-v1:Q8WYP5:2060-2065,Q8WYP5,2065,S,1,33465208,og_consensus_gaps5-8-10-12-15_core-gap10_min3_strict-v1
og_consensus_gaps5-8-10-12-15_core-gap10_min3_strict-v1:Q8WYQ9:618-623,Q8WYQ9,618,T,1,39531497,og_consensus_gaps5-8-10-12-15_core-gap10_min3_strict-v1
og_consensus_gaps5-8-10-12-15_core-gap10_min3_strict-v1:Q8WYQ9:618-623,Q8WYQ9,619,S,2,35254053;37541260,og_consensus_gaps5-8-10-12-15_core-gap10_min3_strict-v1
og_consensus_gaps5-8-10-12-15_core-gap10_min3_strict-v1:Q8WYQ9:618-623,Q8WYQ9,620,T,1,35254053,og_consensus_gaps5-8-10-12-15_core-gap10_min3_strict-v1
og_consensus_gaps5-8-10-12-15_core-gap10_min3_strict-v1:Q8WYQ9:618-623,Q8WYQ9,623,T,1,39534244,og_consensus_gaps5-8-10-12-15_core-gap10_min3_strict-v1
og_consensus_gaps5-8-10-12-15_core-gap10_min3_strict-v1:Q92540:624-632,Q92540,624,T,2,32574038;35254053,og_consensus_gaps5-8-10-12-15_core-gap10_min3_strict-v1
og_consensus_gaps5-8-10-12-15_core-gap10_min3_strict-v1:Q92540:624-632,Q92540,627,S,9,29351928;30059200;30379171;30620550;32574038;35254053;35513511;35705054;38838015,og_consensus_gaps5-8-10-12-15_core-gap10_min3_strict-v1
og_consensus_gaps5-8-10-12-15_core-gap10_min3_strict-v1:Q92540:624-632,Q92540,632,T,1,35254053,og_consensus_gaps5-8-10-12-15_core-gap10_min3_strict-v1
og_consensus_gaps5-8-10-12-15_core-gap10_min3_strict-v1:Q92541:674-677,Q92541,674,S,1,35254053,og_consensus_gaps5-8-10-12-15_core-gap10_min3_strict-v1
og_consensus_gaps5-8-10-12-15_core-gap10_min3_strict-v1:Q92541:674-677,Q92541,675,S,4,30059200;30620550;35254053;39531497,og_consensus_gaps5-8-10-12-15_core-gap10_min3_strict-v1
og_consensus_gaps5-8-10-12-15_core-gap10_min3_strict-v1:Q92541:674-677,Q92541,677,S,1,31492838,og_consensus_gaps5-8-10-12-15_core-gap10_min3_strict-v1
og_consensus_gaps5-8-10-12-15_core-gap10_min3_strict-v1:Q92576:1770-1796,Q92576,1770,T,4,32938750;35254053;35289036;39531497,og_consensus_gaps5-8-10-12-15_core-gap10_min3_strict-v1
og_consensus_gaps5-8-10-12-15_core-gap10_min3_strict-v1:Q92576:1770-1796,Q92576,1773,S,1,34846842,og_consensus_gaps5-8-10-12-15_core-gap10_min3_strict-v1
og_consensus_gaps5-8-10-12-15_core-gap10_min3_strict-v1:Q92576:1770-1796,Q92576,1777,S,1,34846842,og_consensus_gaps5-8-10-12-15_core-gap10_min3_strict-v1
og_consensus_gaps5-8-10-12-15_core-gap10_min3_strict-v1:Q92576:1770-1796,Q92576,1786,S,1,30379171,og_consensus_gaps5-8-10-12-15_core-gap10_min3_strict-v1
og_consensus_gaps5-8-10-12-15_core-gap10_min3_strict-v1:Q92576:1770-1796,Q92576,1788,S,1,30379171,og_consensus_gaps5-8-10-12-15_core-gap10_min3_strict-v1
og_consensus_gaps5-8-10-12-15_core-gap10_min3_strict-v1:Q92576:1770-1796,Q92576,1791,T,1,30379171,og_consensus_gaps5-8-10-12-15_core-gap10_min3_strict-v1
og_consensus_gaps5-8-10-12-15_core-gap10_min3_strict-v1:Q92576:1770-1796,Q92576,1792,S,1,30379171,og_consensus_gaps5-8-10-12-15_core-gap10_min3_strict-v1
og_consensus_gaps5-8-10-12-15_core-gap10_min3_strict-v1:Q92576:1770-1796,Q92576,1793,T,1,30379171,og_consensus_gaps5-8-10-12-15_core-gap10_min3_strict-v1
og_consensus_gaps5-8-10-12-15_core-gap10_min3_strict-v1:Q92576:1770-1796,Q92576,1796,S,1,30379171,og_consensus_gaps5-8-10-12-15_core-gap10_min3_strict-v1
og_consensus_gaps5-8-10-12-15_core-gap10_min3_strict-v1:Q92615:581-589,Q92615,581,S,2,35254053;39531497,og_consensus_gaps5-8-10-12-15_core-gap10_min3_strict-v1
og_consensus_gaps5-8-10-12-15_core-gap10_min3_strict-v1:Q92615:581-589,Q92615,585,S,6,32938750;35254053;35513511;37541260;38838015;39531497,og_consensus_gaps5-8-10-12-15_core-gap10_min3_strict-v1
og_consensus_gaps5-8-10-12-15_core-gap10_min3_strict-v1:Q92615:581-589,Q92615,589,S,6,30059200;31492838;32938750;35254053;35513511;38838015,og_consensus_gaps5-8-10-12-15_core-gap10_min3_strict-v1
og_consensus_gaps5-8-10-12-15_core-gap10_min3_strict-v1:Q92733:226-228,Q92733,226,T,3,30379171;34846842;35513511,og_consensus_gaps5-8-10-12-15_core-gap10_min3_strict-v1
og_consensus_gaps5-8-10-12-15_core-gap10_min3_strict-v1:Q92733:226-228,Q92733,227,S,1,34846842,og_consensus_gaps5-8-10-12-15_core-gap10_min3_strict-v1
og_consensus_gaps5-8-10-12-15_core-gap10_min3_strict-v1:Q92733:226-228,Q92733,228,S,2,31492838;35513511,og_consensus_gaps5-8-10-12-15_core-gap10_min3_strict-v1
og_consensus_gaps5-8-10-12-15_core-gap10_min3_strict-v1:Q92793:139-148,Q92793,139,S,4,32938750;35254053;37541260;39531497,og_consensus_gaps5-8-10-12-15_core-gap10_min3_strict-v1
og_consensus_gaps5-8-10-12-15_core-gap10_min3_strict-v1:Q92793:139-148,Q92793,140,T,1,39531497,og_consensus_gaps5-8-10-12-15_core-gap10_min3_strict-v1
og_consensus_gaps5-8-10-12-15_core-gap10_min3_strict-v1:Q92793:139-148,Q92793,141,S,1,35254053,og_consensus_gaps5-8-10-12-15_core-gap10_min3_strict-v1
og_consensus_gaps5-8-10-12-15_core-gap10_min3_strict-v1:Q92793:139-148,Q92793,144,T,2,35132862;35254053,og_consensus_gaps5-8-10-12-15_core-gap10_min3_strict-v1
og_consensus_gaps5-8-10-12-15_core-gap10_min3_strict-v1:Q92793:139-148,Q92793,148,S,6,31492838;35132862;35254053;37541260;38838015;39531497,og_consensus_gaps5-8-10-12-15_core-gap10_min3_strict-v1
og_consensus_gaps5-8-10-12-15_core-gap10_min3_strict-v1:Q92793:2356-2364,Q92793,2356,S,1,39534244,og_consensus_gaps5-8-10-12-15_core-gap10_min3_strict-v1
og_consensus_gaps5-8-10-12-15_core-gap10_min3_strict-v1:Q92793:2356-2364,Q92793,2361,S,2,31492838;32574038,og_consensus_gaps5-8-10-12-15_core-gap10_min3_strict-v1
og_consensus_gaps5-8-10-12-15_core-gap10_min3_strict-v1:Q92793:2356-2364,Q92793,2364,S,1,32574038,og_consensus_gaps5-8-10-12-15_core-gap10_min3_strict-v1
og_consensus_gaps5-8-10-12-15_core-gap10_min3_strict-v1:Q92841:663-674,Q92841,663,S,1,29351928,og_consensus_gaps5-8-10-12-15_core-gap10_min3_strict-v1
og_consensus_gaps5-8-10-12-15_core-gap10_min3_strict-v1:Q92841:663-674,Q92841,665,T,1,29351928,og_consensus_gaps5-8-10-12-15_core-gap10_min3_strict-v1
og_consensus_gaps5-8-10-12-15_core-gap10_min3_strict-v1:Q92841:663-674,Q92841,667,S,1,29351928,og_consensus_gaps5-8-10-12-15_core-gap10_min3_strict-v1
og_consensus_gaps5-8-10-12-15_core-gap10_min3_strict-v1:Q92841:663-674,Q92841,671,S,1,30059200,og_consensus_gaps5-8-10-12-15_core-gap10_min3_strict-v1
og_consensus_gaps5-8-10-12-15_core-gap10_min3_strict-v1:Q92841:663-674,Q92841,672,S,2,31373491;35254053,og_consensus_gaps5-8-10-12-15_core-gap10_min3_strict-v1
og_consensus_gaps5-8-10-12-15_core-gap10_min3_strict-v1:Q92841:663-674,Q92841,674,S,1,35254053,og_consensus_gaps5-8-10-12-15_core-gap10_min3_strict-v1
og_consensus_gaps5-8-10-12-15_core-gap10_min3_strict-v1:Q92917:12-24,Q92917,12,T,6,28657654;31373491;35254053;35705054;37541260;39531497,og_consensus_gaps5-8-10-12-15_core-gap10_min3_strict-v1
og_consensus_gaps5-8-10-12-15_core-gap10_min3_strict-v1:Q92917:12-24,Q92917,15,S,8,29237092;30059200;30620550;31492838;35254053;35705054;39531497;39534244,og_consensus_gaps5-8-10-12-15_core-gap10_min3_strict-v1
og_consensus_gaps5-8-10-12-15_core-gap10_min3_strict-v1:Q92917:12-24,Q92917,20,S,1,39534244,og_consensus_gaps5-8-10-12-15_core-gap10_min3_strict-v1
og_consensus_gaps5-8-10-12-15_core-gap10_min3_strict-v1:Q92917:12-24,Q92917,24,T,1,39534244,og_consensus_gaps5-8-10-12-15_core-gap10_min3_strict-v1
og_consensus_gaps5-8-10-12-15_core-gap10_min3_strict-v1:Q92945:94-100,Q92945,94,T,4,30059200;35254053;37541260;39531497,og_consensus_gaps5-8-10-12-15_core-gap10_min3_strict-v1
og_consensus_gaps5-8-10-12-15_core-gap10_min3_strict-v1:Q92945:94-100,Q92945,95,T,8,30059200;30620550;31373491;31492838;32574038;32938750;34846842;35254053,og_consensus_gaps5-8-10-12-15_core-gap10_min3_strict-v1
og_consensus_gaps5-8-10-12-15_core-gap10_min3_strict-v1:Q92945:94-100,Q92945,99,S,2,35132862;39534244,og_consensus_gaps5-8-10-12-15_core-gap10_min3_strict-v1
og_consensus_gaps5-8-10-12-15_core-gap10_min3_strict-v1:Q92945:94-100,Q92945,100,T,1,39534244,og_consensus_gaps5-8-10-12-15_core-gap10_min3_strict-v1
og_consensus_gaps5-8-10-12-15_core-gap10_min3_strict-v1:Q93052:209-217,Q93052,209,S,5,29351928;32574038;35254053;39531497;39534244,og_consensus_gaps5-8-10-12-15_core-gap10_min3_strict-v1
og_consensus_gaps5-8-10-12-15_core-gap10_min3_strict-v1:Q93052:209-217,Q93052,211,T,4,29351928;35254053;39531497;39534244,og_consensus_gaps5-8-10-12-15_core-gap10_min3_strict-v1
og_consensus_gaps5-8-10-12-15_core-gap10_min3_strict-v1:Q93052:209-217,Q93052,212,T,2,32574038;39534244,og_consensus_gaps5-8-10-12-15_core-gap10_min3_strict-v1
og_consensus_gaps5-8-10-12-15_core-gap10_min3_strict-v1:Q93052:209-217,Q93052,214,S,1,39534244,og_consensus_gaps5-8-10-12-15_core-gap10_min3_strict-v1
og_consensus_gaps5-8-10-12-15_core-gap10_min3_strict-v1:Q93052:209-217,Q93052,217,S,1,39534244,og_consensus_gaps5-8-10-12-15_core-gap10_min3_strict-v1
og_consensus_gaps5-8-10-12-15_core-gap10_min3_strict-v1:Q96B49:9-17,Q96B49,9,S,4,34846842;35254053;35289036;38838015,og_consensus_gaps5-8-10-12-15_core-gap10_min3_strict-v1
og_consensus_gaps5-8-10-12-15_core-gap10_min3_strict-v1:Q96B49:9-17,Q96B49,13,S,1,35289036,og_consensus_gaps5-8-10-12-15_core-gap10_min3_strict-v1
og_consensus_gaps5-8-10-12-15_core-gap10_min3_strict-v1:Q96B49:9-17,Q96B49,17,T,3,34846842;35289036;39534244,og_consensus_gaps5-8-10-12-15_core-gap10_min3_strict-v1
og_consensus_gaps5-8-10-12-15_core-gap10_min3_strict-v1:Q96B97:468-472,Q96B97,468,S,1,31373491,og_consensus_gaps5-8-10-12-15_core-gap10_min3_strict-v1
og_consensus_gaps5-8-10-12-15_core-gap10_min3_strict-v1:Q96B97:468-472,Q96B97,471,S,1,31373491,og_consensus_gaps5-8-10-12-15_core-gap10_min3_strict-v1
og_consensus_gaps5-8-10-12-15_core-gap10_min3_strict-v1:Q96B97:468-472,Q96B97,472,S,1,31373491,og_consensus_gaps5-8-10-12-15_core-gap10_min3_strict-v1
og_consensus_gaps5-8-10-12-15_core-gap10_min3_strict-v1:Q96BD5:117-127,Q96BD5,117,T,1,39534244,og_consensus_gaps5-8-10-12-15_core-gap10_min3_strict-v1
og_consensus_gaps5-8-10-12-15_core-gap10_min3_strict-v1:Q96BD5:117-127,Q96BD5,122,T,4,32574038;35254053;35289036;39302247,og_consensus_gaps5-8-10-12-15_core-gap10_min3_strict-v1
og_consensus_gaps5-8-10-12-15_core-gap10_min3_strict-v1:Q96BD5:117-127,Q96BD5,124,T,5,30059200;32938750;35254053;39302247;39534244,og_consensus_gaps5-8-10-12-15_core-gap10_min3_strict-v1
og_consensus_gaps5-8-10-12-15_core-gap10_min3_strict-v1:Q96BD5:117-127,Q96BD5,125,T,9,29237092;30059200;31492838;32938750;35254053;35513511;37541260;39302247;39534244,og_consensus_gaps5-8-10-12-15_core-gap10_min3_strict-v1
og_consensus_gaps5-8-10-12-15_core-gap10_min3_strict-v1:Q96BD5:117-127,Q96BD5,127,S,1,35289036,og_consensus_gaps5-8-10-12-15_core-gap10_min3_strict-v1
og_consensus_gaps5-8-10-12-15_core-gap10_min3_strict-v1:Q96BD5:270-280,Q96BD5,270,T,7,32938750;34846842;35132862;35254053;35289036;35513511;39531497,og_consensus_gaps5-8-10-12-15_core-gap10_min3_strict-v1
og_consensus_gaps5-8-10-12-15_core-gap10_min3_strict-v1:Q96BD5:270-280,Q96BD5,272,T,6,34846842;35132862;35254053;35289036;37541260;39531497,og_consensus_gaps5-8-10-12-15_core-gap10_min3_strict-v1
og_consensus_gaps5-8-10-12-15_core-gap10_min3_strict-v1:Q96BD5:270-280,Q96BD5,273,T,7,32574038;35132862;35254053;35513511;35705054;39302247;39531497,og_consensus_gaps5-8-10-12-15_core-gap10_min3_strict-v1
og_consensus_gaps5-8-10-12-15_core-gap10_min3_strict-v1:Q96BD5:270-280,Q96BD5,276,T,5,29351928;34846842;35254053;35289036;39534244,og_consensus_gaps5-8-10-12-15_core-gap10_min3_strict-v1
og_consensus_gaps5-8-10-12-15_core-gap10_min3_strict-v1:Q96BD5:270-280,Q96BD5,277,S,15,23301498;29351928;30059200;30620550;31492838;32574038;32938750;34846842;35254053;35289036;35513511;36240223;37541260;39302247;39531497,og_consensus_gaps5-8-10-12-15_core-gap10_min3_strict-v1
og_consensus_gaps5-8-10-12-15_core-gap10_min3_strict-v1:Q96BD5:270-280,Q96BD5,280,S,3,32574038;39302247;39534244,og_consensus_gaps5-8-10-12-15_core-gap10_min3_strict-v1
og_consensus_gaps5-8-10-12-15_core-gap10_min3_strict-v1:Q96CB8:277-284,Q96CB8,277,S,1,39534244,og_consensus_gaps5-8-10-12-15_core-gap10_min3_strict-v1
og_consensus_gaps5-8-10-12-15_core-gap10_min3_strict-v1:Q96CB8:277-284,Q96CB8,279,S,1,39534244,og_consensus_gaps5-8-10-12-15_core-gap10_min3_strict-v1
og_consensus_gaps5-8-10-12-15_core-gap10_min3_strict-v1:Q96CB8:277-284,Q96CB8,284,S,1,39534244,og_consensus_gaps5-8-10-12-15_core-gap10_min3_strict-v1
og_consensus_gaps5-8-10-12-15_core-gap10_min3_strict-v1:Q96CB8:318-325,Q96CB8,318,T,1,29351928,og_consensus_gaps5-8-10-12-15_core-gap10_min3_strict-v1
og_consensus_gaps5-8-10-12-15_core-gap10_min3_strict-v1:Q96CB8:318-325,Q96CB8,323,T,2,29351928;37541260,og_consensus_gaps5-8-10-12-15_core-gap10_min3_strict-v1
og_consensus_gaps5-8-10-12-15_core-gap10_min3_strict-v1:Q96CB8:318-325,Q96CB8,324,S,4,29351928;30059200;35254053;35513511,og_consensus_gaps5-8-10-12-15_core-gap10_min3_strict-v1
og_consensus_gaps5-8-10-12-15_core-gap10_min3_strict-v1:Q96CB8:318-325,Q96CB8,325,S,1,32574038,og_consensus_gaps5-8-10-12-15_core-gap10_min3_strict-v1
og_consensus_gaps5-8-10-12-15_core-gap10_min3_strict-v1:Q96EV2:722-727,Q96EV2,722,S,1,35289036,og_consensus_gaps5-8-10-12-15_core-gap10_min3_strict-v1
og_consensus_gaps5-8-10-12-15_core-gap10_min3_strict-v1:Q96EV2:722-727,Q96EV2,723,S,1,35289036,og_consensus_gaps5-8-10-12-15_core-gap10_min3_strict-v1
og_consensus_gaps5-8-10-12-15_core-gap10_min3_strict-v1:Q96EV2:722-727,Q96EV2,724,S,7,30620550;31492838;32938750;35289036;35513511;39531497;39534244,og_consensus_gaps5-8-10-12-15_core-gap10_min3_strict-v1
og_consensus_gaps5-8-10-12-15_core-gap10_min3_strict-v1:Q96EV2:722-727,Q96EV2,727,S,1,39531497,og_consensus_gaps5-8-10-12-15_core-gap10_min3_strict-v1
og_consensus_gaps5-8-10-12-15_core-gap10_min3_strict-v1:Q96HA1:650-660,Q96HA1,650,S,1,39534244,og_consensus_gaps5-8-10-12-15_core-gap10_min3_strict-v1
og_consensus_gaps5-8-10-12-15_core-gap10_min3_strict-v1:Q96HA1:650-660,Q96HA1,652,S,2,39531497;39534244,og_consensus_gaps5-8-10-12-15_core-gap10_min3_strict-v1
og_consensus_gaps5-8-10-12-15_core-gap10_min3_strict-v1:Q96HA1:650-660,Q96HA1,655,S,1,39534244,og_consensus_gaps5-8-10-12-15_core-gap10_min3_strict-v1
og_consensus_gaps5-8-10-12-15_core-gap10_min3_strict-v1:Q96HA1:650-660,Q96HA1,659,T,1,39534244,og_consensus_gaps5-8-10-12-15_core-gap10_min3_strict-v1
og_consensus_gaps5-8-10-12-15_core-gap10_min3_strict-v1:Q96HA1:650-660,Q96HA1,660,T,1,39534244,og_consensus_gaps5-8-10-12-15_core-gap10_min3_strict-v1
og_consensus_gaps5-8-10-12-15_core-gap10_min3_strict-v1:Q96HA1:681-697,Q96HA1,681,T,2,35289036;39531497,og_consensus_gaps5-8-10-12-15_core-gap10_min3_strict-v1
og_consensus_gaps5-8-10-12-15_core-gap10_min3_strict-v1:Q96HA1:681-697,Q96HA1,686,T,1,39531497,og_consensus_gaps5-8-10-12-15_core-gap10_min3_strict-v1
og_consensus_gaps5-8-10-12-15_core-gap10_min3_strict-v1:Q96HA1:681-697,Q96HA1,688,T,4,32938750;35132862;39531497;39534244,og_consensus_gaps5-8-10-12-15_core-gap10_min3_strict-v1
og_consensus_gaps5-8-10-12-15_core-gap10_min3_strict-v1:Q96HA1:681-697,Q96HA1,693,T,9,20068230;30059200;31492838;32938750;35254053;35289036;35513511;39531497;39534244,og_consensus_gaps5-8-10-12-15_core-gap10_min3_strict-v1
og_consensus_gaps5-8-10-12-15_core-gap10_min3_strict-v1:Q96HA1:681-697,Q96HA1,694,S,8,20068230;30059200;31492838;32938750;35254053;35289036;39302247;39531497,og_consensus_gaps5-8-10-12-15_core-gap10_min3_strict-v1
og_consensus_gaps5-8-10-12-15_core-gap10_min3_strict-v1:Q96HA1:681-697,Q96HA1,697,S,2,35254053;35289036,og_consensus_gaps5-8-10-12-15_core-gap10_min3_strict-v1
og_consensus_gaps5-8-10-12-15_core-gap10_min3_strict-v1:Q96HA1:802-804,Q96HA1,802,T,1,39531497,og_consensus_gaps5-8-10-12-15_core-gap10_min3_strict-v1
og_consensus_gaps5-8-10-12-15_core-gap10_min3_strict-v1:Q96HA1:802-804,Q96HA1,803,T,1,39531497,og_consensus_gaps5-8-10-12-15_core-gap10_min3_strict-v1
og_consensus_gaps5-8-10-12-15_core-gap10_min3_strict-v1:Q96HA1:802-804,Q96HA1,804,T,1,39531497,og_consensus_gaps5-8-10-12-15_core-gap10_min3_strict-v1
og_consensus_gaps5-8-10-12-15_core-gap10_min3_strict-v1:Q96HA1:892-898,Q96HA1,892,T,1,39531497,og_consensus_gaps5-8-10-12-15_core-gap10_min3_strict-v1
og_consensus_gaps5-8-10-12-15_core-gap10_min3_strict-v1:Q96HA1:892-898,Q96HA1,893,T,1,39531497,og_consensus_gaps5-8-10-12-15_core-gap10_min3_strict-v1
og_consensus_gaps5-8-10-12-15_core-gap10_min3_strict-v1:Q96HA1:892-898,Q96HA1,894,T,1,39531497,og_consensus_gaps5-8-10-12-15_core-gap10_min3_strict-v1
og_consensus_gaps5-8-10-12-15_core-gap10_min3_strict-v1:Q96HA1:892-898,Q96HA1,897,T,1,39531497,og_consensus_gaps5-8-10-12-15_core-gap10_min3_strict-v1
og_consensus_gaps5-8-10-12-15_core-gap10_min3_strict-v1:Q96HA1:892-898,Q96HA1,898,T,1,39531497,og_consensus_gaps5-8-10-12-15_core-gap10_min3_strict-v1
og_consensus_gaps5-8-10-12-15_core-gap10_min3_strict-v1:Q96HA1:990-1000,Q96HA1,990,S,1,39534244,og_consensus_gaps5-8-10-12-15_core-gap10_min3_strict-v1
og_consensus_gaps5-8-10-12-15_core-gap10_min3_strict-v1:Q96HA1:990-1000,Q96HA1,993,S,1,39534244,og_consensus_gaps5-8-10-12-15_core-gap10_min3_strict-v1
og_consensus_gaps5-8-10-12-15_core-gap10_min3_strict-v1:Q96HA1:990-1000,Q96HA1,996,T,1,35254053,og_consensus_gaps5-8-10-12-15_core-gap10_min3_strict-v1
og_consensus_gaps5-8-10-12-15_core-gap10_min3_strict-v1:Q96HA1:990-1000,Q96HA1,1000,S,2,35254053;39534244,og_consensus_gaps5-8-10-12-15_core-gap10_min3_strict-v1
og_consensus_gaps5-8-10-12-15_core-gap10_min3_strict-v1:Q96HC4:110-119,Q96HC4,110,T,17,20068230;28657654;29237092;29351928;30059200;31373491;31492838;32574038;32938750;35132862;35254053;35289036;35513511;37541260;38838015;39531497;39534244,og_consensus_gaps5-8-10-12-15_core-gap10_min3_strict-v1
og_consensus_gaps5-8-10-12-15_core-gap10_min3_strict-v1:Q96HC4:110-119,Q96HC4,111,S,5,29351928;32574038;35132862;35254053;35289036,og_consensus_gaps5-8-10-12-15_core-gap10_min3_strict-v1
og_consensus_gaps5-8-10-12-15_core-gap10_min3_strict-v1:Q96HC4:110-119,Q96HC4,115,S,10,30059200;31373491;31492838;32574038;32938750;35254053;35289036;35513511;38838015;39534244,og_consensus_gaps5-8-10-12-15_core-gap10_min3_strict-v1
og_consensus_gaps5-8-10-12-15_core-gap10_min3_strict-v1:Q96HC4:110-119,Q96HC4,118,T,1,35254053,og_consensus_gaps5-8-10-12-15_core-gap10_min3_strict-v1
og_consensus_gaps5-8-10-12-15_core-gap10_min3_strict-v1:Q96HC4:110-119,Q96HC4,119,S,1,31492838,og_consensus_gaps5-8-10-12-15_core-gap10_min3_strict-v1
og_consensus_gaps5-8-10-12-15_core-gap10_min3_strict-v1:Q96HC4:134-162,Q96HC4,134,S,4,29237092;31373491;35254053;35513511,og_consensus_gaps5-8-10-12-15_core-gap10_min3_strict-v1
og_consensus_gaps5-8-10-12-15_core-gap10_min3_strict-v1:Q96HC4:134-162,Q96HC4,136,S,1,35254053,og_consensus_gaps5-8-10-12-15_core-gap10_min3_strict-v1
og_consensus_gaps5-8-10-12-15_core-gap10_min3_strict-v1:Q96HC4:134-162,Q96HC4,141,T,2,29351928;39531497,og_consensus_gaps5-8-10-12-15_core-gap10_min3_strict-v1
og_consensus_gaps5-8-10-12-15_core-gap10_min3_strict-v1:Q96HC4:134-162,Q96HC4,142,S,1,39534244,og_consensus_gaps5-8-10-12-15_core-gap10_min3_strict-v1
og_consensus_gaps5-8-10-12-15_core-gap10_min3_strict-v1:Q96HC4:134-162,Q96HC4,151,T,1,29351928,og_consensus_gaps5-8-10-12-15_core-gap10_min3_strict-v1
og_consensus_gaps5-8-10-12-15_core-gap10_min3_strict-v1:Q96HC4:134-162,Q96HC4,156,T,1,39534244,og_consensus_gaps5-8-10-12-15_core-gap10_min3_strict-v1
og_consensus_gaps5-8-10-12-15_core-gap10_min3_strict-v1:Q96HC4:134-162,Q96HC4,157,T,1,39534244,og_consensus_gaps5-8-10-12-15_core-gap10_min3_strict-v1
og_consensus_gaps5-8-10-12-15_core-gap10_min3_strict-v1:Q96HC4:134-162,Q96HC4,159,S,2,29351928;39531497,og_consensus_gaps5-8-10-12-15_core-gap10_min3_strict-v1
og_consensus_gaps5-8-10-12-15_core-gap10_min3_strict-v1:Q96HC4:134-162,Q96HC4,162,S,1,39534244,og_consensus_gaps5-8-10-12-15_core-gap10_min3_strict-v1
og_consensus_gaps5-8-10-12-15_core-gap10_min3_strict-v1:Q96HC4:208-211,Q96HC4,208,T,1,35254053,og_consensus_gaps5-8-10-12-15_core-gap10_min3_strict-v1
og_consensus_gaps5-8-10-12-15_core-gap10_min3_strict-v1:Q96HC4:208-211,Q96HC4,210,T,1,35254053,og_consensus_gaps5-8-10-12-15_core-gap10_min3_strict-v1
og_consensus_gaps5-8-10-12-15_core-gap10_min3_strict-v1:Q96HC4:208-211,Q96HC4,211,S,1,31492838,og_consensus_gaps5-8-10-12-15_core-gap10_min3_strict-v1
og_consensus_gaps5-8-10-12-15_core-gap10_min3_strict-v1:Q96HC4:309-323,Q96HC4,309,S,2,35254053;39531497,og_consensus_gaps5-8-10-12-15_core-gap10_min3_strict-v1
og_consensus_gaps5-8-10-12-15_core-gap10_min3_strict-v1:Q96HC4:309-323,Q96HC4,313,S,2,35289036;39531497,og_consensus_gaps5-8-10-12-15_core-gap10_min3_strict-v1
og_consensus_gaps5-8-10-12-15_core-gap10_min3_strict-v1:Q96HC4:309-323,Q96HC4,318,S,1,35254053,og_consensus_gaps5-8-10-12-15_core-gap10_min3_strict-v1
og_consensus_gaps5-8-10-12-15_core-gap10_min3_strict-v1:Q96HC4:309-323,Q96HC4,319,S,12,29351928;30059200;30620550;31492838;34846842;35254053;35289036;35513511;37541260;38838015;39531497;39534244,og_consensus_gaps5-8-10-12-15_core-gap10_min3_strict-v1
og_consensus_gaps5-8-10-12-15_core-gap10_min3_strict-v1:Q96HC4:309-323,Q96HC4,322,S,2,35132862;39534244,og_consensus_gaps5-8-10-12-15_core-gap10_min3_strict-v1
og_consensus_gaps5-8-10-12-15_core-gap10_min3_strict-v1:Q96HC4:309-323,Q96HC4,323,T,1,35254053,og_consensus_gaps5-8-10-12-15_core-gap10_min3_strict-v1
og_consensus_gaps5-8-10-12-15_core-gap10_min3_strict-v1:Q96I24:474-491,Q96I24,474,S,1,39534244,og_consensus_gaps5-8-10-12-15_core-gap10_min3_strict-v1
og_consensus_gaps5-8-10-12-15_core-gap10_min3_strict-v1:Q96I24:474-491,Q96I24,475,T,1,39534244,og_consensus_gaps5-8-10-12-15_core-gap10_min3_strict-v1
og_consensus_gaps5-8-10-12-15_core-gap10_min3_strict-v1:Q96I24:474-491,Q96I24,478,S,1,39534244,og_consensus_gaps5-8-10-12-15_core-gap10_min3_strict-v1
og_consensus_gaps5-8-10-12-15_core-gap10_min3_strict-v1:Q96I24:474-491,Q96I24,485,T,1,39534244,og_consensus_gaps5-8-10-12-15_core-gap10_min3_strict-v1
og_consensus_gaps5-8-10-12-15_core-gap10_min3_strict-v1:Q96I24:474-491,Q96I24,490,S,1,39534244,og_consensus_gaps5-8-10-12-15_core-gap10_min3_strict-v1
og_consensus_gaps5-8-10-12-15_core-gap10_min3_strict-v1:Q96I24:474-491,Q96I24,491,T,1,39534244,og_consensus_gaps5-8-10-12-15_core-gap10_min3_strict-v1
og_consensus_gaps5-8-10-12-15_core-gap10_min3_strict-v1:Q96JH7:1073-1079,Q96JH7,1073,T,2,35132862;35254053,og_consensus_gaps5-8-10-12-15_core-gap10_min3_strict-v1
og_consensus_gaps5-8-10-12-15_core-gap10_min3_strict-v1:Q96JH7:1073-1079,Q96JH7,1075,S,2,35132862;35254053,og_consensus_gaps5-8-10-12-15_core-gap10_min3_strict-v1
og_consensus_gaps5-8-10-12-15_core-gap10_min3_strict-v1:Q96JH7:1073-1079,Q96JH7,1076,S,4,28657654;29237092;32938750;35254053,og_consensus_gaps5-8-10-12-15_core-gap10_min3_strict-v1
og_consensus_gaps5-8-10-12-15_core-gap10_min3_strict-v1:Q96JH7:1073-1079,Q96JH7,1079,S,1,35705054,og_consensus_gaps5-8-10-12-15_core-gap10_min3_strict-v1
og_consensus_gaps5-8-10-12-15_core-gap10_min3_strict-v1:Q96JM3:362-369,Q96JM3,362,T,2,32574038;39534244,og_consensus_gaps5-8-10-12-15_core-gap10_min3_strict-v1
og_consensus_gaps5-8-10-12-15_core-gap10_min3_strict-v1:Q96JM3:362-369,Q96JM3,364,S,2,35289036;39534244,og_consensus_gaps5-8-10-12-15_core-gap10_min3_strict-v1
og_consensus_gaps5-8-10-12-15_core-gap10_min3_strict-v1:Q96JM3:362-369,Q96JM3,366,S,3,29351928;39531497;39534244,og_consensus_gaps5-8-10-12-15_core-gap10_min3_strict-v1
og_consensus_gaps5-8-10-12-15_core-gap10_min3_strict-v1:Q96JM3:362-369,Q96JM3,367,S,2,35289036;39534244,og_consensus_gaps5-8-10-12-15_core-gap10_min3_strict-v1
og_consensus_gaps5-8-10-12-15_core-gap10_min3_strict-v1:Q96JM3:362-369,Q96JM3,369,S,2,35289036;39534244,og_consensus_gaps5-8-10-12-15_core-gap10_min3_strict-v1
og_consensus_gaps5-8-10-12-15_core-gap10_min3_strict-v1:Q96K21:163-167,Q96K21,163,S,1,32574038,og_consensus_gaps5-8-10-12-15_core-gap10_min3_strict-v1
og_consensus_gaps5-8-10-12-15_core-gap10_min3_strict-v1:Q96K21:163-167,Q96K21,165,S,4,29351928;30059200;31373491;31492838,og_consensus_gaps5-8-10-12-15_core-gap10_min3_strict-v1
og_consensus_gaps5-8-10-12-15_core-gap10_min3_strict-v1:Q96K21:163-167,Q96K21,167,S,2,30059200;31492838,og_consensus_gaps5-8-10-12-15_core-gap10_min3_strict-v1
og_consensus_gaps5-8-10-12-15_core-gap10_min3_strict-v1:Q96KM6:237-243,Q96KM6,237,T,11,29351928;30059200;31492838;32574038;35132862;35254053;35289036;37541260;39302247;39531497;39534244,og_consensus_gaps5-8-10-12-15_core-gap10_min3_strict-v1
og_consensus_gaps5-8-10-12-15_core-gap10_min3_strict-v1:Q96KM6:237-243,Q96KM6,241,T,3,32574038;35289036;39534244,og_consensus_gaps5-8-10-12-15_core-gap10_min3_strict-v1
og_consensus_gaps5-8-10-12-15_core-gap10_min3_strict-v1:Q96KM6:237-243,Q96KM6,243,S,2,32574038;35254053,og_consensus_gaps5-8-10-12-15_core-gap10_min3_strict-v1
og_consensus_gaps5-8-10-12-15_core-gap10_min3_strict-v1:Q96KM6:261-267,Q96KM6,261,T,1,32574038,og_consensus_gaps5-8-10-12-15_core-gap10_min3_strict-v1
og_consensus_gaps5-8-10-12-15_core-gap10_min3_strict-v1:Q96KM6:261-267,Q96KM6,263,S,5,30059200;32574038;35254053;35289036;39534244,og_consensus_gaps5-8-10-12-15_core-gap10_min3_strict-v1
og_consensus_gaps5-8-10-12-15_core-gap10_min3_strict-v1:Q96KM6:261-267,Q96KM6,267,T,7,29237092;29351928;31492838;32574038;35254053;35289036;37541260,og_consensus_gaps5-8-10-12-15_core-gap10_min3_strict-v1
og_consensus_gaps5-8-10-12-15_core-gap10_min3_strict-v1:Q96KM6:279-297,Q96KM6,279,T,1,39534244,og_consensus_gaps5-8-10-12-15_core-gap10_min3_strict-v1
og_consensus_gaps5-8-10-12-15_core-gap10_min3_strict-v1:Q96KM6:279-297,Q96KM6,283,T,1,35254053,og_consensus_gaps5-8-10-12-15_core-gap10_min3_strict-v1
og_consensus_gaps5-8-10-12-15_core-gap10_min3_strict-v1:Q96KM6:279-297,Q96KM6,285,T,1,32574038,og_consensus_gaps5-8-10-12-15_core-gap10_min3_strict-v1
og_consensus_gaps5-8-10-12-15_core-gap10_min3_strict-v1:Q96KM6:279-297,Q96KM6,291,T,5,32574038;35254053;35289036;39531497;39534244,og_consensus_gaps5-8-10-12-15_core-gap10_min3_strict-v1
og_consensus_gaps5-8-10-12-15_core-gap10_min3_strict-v1:Q96KM6:279-297,Q96KM6,295,T,3,35254053;35289036;39534244,og_consensus_gaps5-8-10-12-15_core-gap10_min3_strict-v1
og_consensus_gaps5-8-10-12-15_core-gap10_min3_strict-v1:Q96KM6:279-297,Q96KM6,297,S,3,32574038;35289036;39534244,og_consensus_gaps5-8-10-12-15_core-gap10_min3_strict-v1
og_consensus_gaps5-8-10-12-15_core-gap10_min3_strict-v1:Q96KR1:56-65,Q96KR1,56,S,3,29351928;35289036;39531497,og_consensus_gaps5-8-10-12-15_core-gap10_min3_strict-v1
og_consensus_gaps5-8-10-12-15_core-gap10_min3_strict-v1:Q96KR1:56-65,Q96KR1,59,T,1,39531497,og_consensus_gaps5-8-10-12-15_core-gap10_min3_strict-v1
og_consensus_gaps5-8-10-12-15_core-gap10_min3_strict-v1:Q96KR1:56-65,Q96KR1,60,T,1,39531497,og_consensus_gaps5-8-10-12-15_core-gap10_min3_strict-v1
og_consensus_gaps5-8-10-12-15_core-gap10_min3_strict-v1:Q96KR1:56-65,Q96KR1,63,S,2,29351928;35289036,og_consensus_gaps5-8-10-12-15_core-gap10_min3_strict-v1
og_consensus_gaps5-8-10-12-15_core-gap10_min3_strict-v1:Q96KR1:56-65,Q96KR1,65,T,2,29351928;39534244,og_consensus_gaps5-8-10-12-15_core-gap10_min3_strict-v1
og_consensus_gaps5-8-10-12-15_core-gap10_min3_strict-v1:Q96KR1:111-121,Q96KR1,111,T,2,35254053;39534244,og_consensus_gaps5-8-10-12-15_core-gap10_min3_strict-v1
og_consensus_gaps5-8-10-12-15_core-gap10_min3_strict-v1:Q96KR1:111-121,Q96KR1,114,T,4,35254053;37541260;39531497;39534244,og_consensus_gaps5-8-10-12-15_core-gap10_min3_strict-v1
og_consensus_gaps5-8-10-12-15_core-gap10_min3_strict-v1:Q96KR1:111-121,Q96KR1,116,T,2,35289036;39534244,og_consensus_gaps5-8-10-12-15_core-gap10_min3_strict-v1
og_consensus_gaps5-8-10-12-15_core-gap10_min3_strict-v1:Q96KR1:111-121,Q96KR1,121,T,1,39534244,og_consensus_gaps5-8-10-12-15_core-gap10_min3_strict-v1
og_consensus_gaps5-8-10-12-15_core-gap10_min3_strict-v1:Q96KR1:142-149,Q96KR1,142,S,7,29351928;34846842;35132862;35289036;39302247;39531497;39534244,og_consensus_gaps5-8-10-12-15_core-gap10_min3_strict-v1
og_consensus_gaps5-8-10-12-15_core-gap10_min3_strict-v1:Q96KR1:142-149,Q96KR1,144,S,3,35289036;39302247;39534244,og_consensus_gaps5-8-10-12-15_core-gap10_min3_strict-v1
og_consensus_gaps5-8-10-12-15_core-gap10_min3_strict-v1:Q96KR1:142-149,Q96KR1,148,S,11,30059200;30379171;30620550;31492838;34846842;35254053;35289036;35513511;38838015;39531497;39534244,og_consensus_gaps5-8-10-12-15_core-gap10_min3_strict-v1
og_consensus_gaps5-8-10-12-15_core-gap10_min3_strict-v1:Q96KR1:142-149,Q96KR1,149,T,8,28657654;30059200;30379171;30620550;34846842;37541260;39531497;39534244,og_consensus_gaps5-8-10-12-15_core-gap10_min3_strict-v1
og_consensus_gaps5-8-10-12-15_core-gap10_min3_strict-v1:Q96KR1:180-211,Q96KR1,180,S,7,35132862;35254053;35513511;37541260;38838015;39531497;39534244,og_consensus_gaps5-8-10-12-15_core-gap10_min3_strict-v1
og_consensus_gaps5-8-10-12-15_core-gap10_min3_strict-v1:Q96KR1:180-211,Q96KR1,184,T,1,35289036,og_consensus_gaps5-8-10-12-15_core-gap10_min3_strict-v1
og_consensus_gaps5-8-10-12-15_core-gap10_min3_strict-v1:Q96KR1:180-211,Q96KR1,188,T,2,34846842;35254053,og_consensus_gaps5-8-10-12-15_core-gap10_min3_strict-v1
og_consensus_gaps5-8-10-12-15_core-gap10_min3_strict-v1:Q96KR1:180-211,Q96KR1,195,S,20,20068230;23301498;28604694;29237092;29351928;30059200;30379171;30620550;31492838;32938750;34846842;35254053;35289036;35513511;35705054;37541260;38838015;39302247;39531497;39534244,og_consensus_gaps5-8-10-12-15_core-gap10_min3_strict-v1
og_consensus_gaps5-8-10-12-15_core-gap10_min3_strict-v1:Q96KR1:180-211,Q96KR1,199,T,8,32574038;34846842;35132862;35289036;35705054;38838015;39302247;39534244,og_consensus_gaps5-8-10-12-15_core-gap10_min3_strict-v1
og_consensus_gaps5-8-10-12-15_core-gap10_min3_strict-v1:Q96KR1:180-211,Q96KR1,202,T,19,20068230;23301498;29237092;29351928;30059200;30620550;31492838;32574038;32938750;34846842;35132862;35254053;35289036;35513511;35705054;37541260;38838015;39531497;39534244,og_consensus_gaps5-8-10-12-15_core-gap10_min3_strict-v1
og_consensus_gaps5-8-10-12-15_core-gap10_min3_strict-v1:Q96KR1:180-211,Q96KR1,207,T,7,32574038;34846842;35254053;35289036;35705054;39531497;39534244,og_consensus_gaps5-8-10-12-15_core-gap10_min3_strict-v1
og_consensus_gaps5-8-10-12-15_core-gap10_min3_strict-v1:Q96KR1:180-211,Q96KR1,211,T,1,39531497,og_consensus_gaps5-8-10-12-15_core-gap10_min3_strict-v1
og_consensus_gaps5-8-10-12-15_core-gap10_min3_strict-v1:Q96KR1:300-309,Q96KR1,300,T,13,28604694;29237092;29351928;30059200;31492838;32938750;35132862;35254053;35513511;35705054;37541260;39531497;39534244,og_consensus_gaps5-8-10-12-15_core-gap10_min3_strict-v1
og_consensus_gaps5-8-10-12-15_core-gap10_min3_strict-v1:Q96KR1:300-309,Q96KR1,304,T,2,28604694;39534244,og_consensus_gaps5-8-10-12-15_core-gap10_min3_strict-v1
og_consensus_gaps5-8-10-12-15_core-gap10_min3_strict-v1:Q96KR1:300-309,Q96KR1,307,T,2,28604694;35289036,og_consensus_gaps5-8-10-12-15_core-gap10_min3_strict-v1
og_consensus_gaps5-8-10-12-15_core-gap10_min3_strict-v1:Q96KR1:300-309,Q96KR1,309,T,1,28604694,og_consensus_gaps5-8-10-12-15_core-gap10_min3_strict-v1
og_consensus_gaps5-8-10-12-15_core-gap10_min3_strict-v1:Q96KR1:429-440,Q96KR1,429,S,5,30059200;35254053;35289036;39531497;39534244,og_consensus_gaps5-8-10-12-15_core-gap10_min3_strict-v1
og_consensus_gaps5-8-10-12-15_core-gap10_min3_strict-v1:Q96KR1:429-440,Q96KR1,432,T,1,39534244,og_consensus_gaps5-8-10-12-15_core-gap10_min3_strict-v1
og_consensus_gaps5-8-10-12-15_core-gap10_min3_strict-v1:Q96KR1:429-440,Q96KR1,433,S,2,35289036;39534244,og_consensus_gaps5-8-10-12-15_core-gap10_min3_strict-v1
og_consensus_gaps5-8-10-12-15_core-gap10_min3_strict-v1:Q96KR1:429-440,Q96KR1,434,S,3,30059200;35254053;35289036,og_consensus_gaps5-8-10-12-15_core-gap10_min3_strict-v1
og_consensus_gaps5-8-10-12-15_core-gap10_min3_strict-v1:Q96KR1:429-440,Q96KR1,435,T,1,39534244,og_consensus_gaps5-8-10-12-15_core-gap10_min3_strict-v1
og_consensus_gaps5-8-10-12-15_core-gap10_min3_strict-v1:Q96KR1:429-440,Q96KR1,438,S,1,39534244,og_consensus_gaps5-8-10-12-15_core-gap10_min3_strict-v1
og_consensus_gaps5-8-10-12-15_core-gap10_min3_strict-v1:Q96KR1:429-440,Q96KR1,440,S,2,35289036;39534244,og_consensus_gaps5-8-10-12-15_core-gap10_min3_strict-v1
og_consensus_gaps5-8-10-12-15_core-gap10_min3_strict-v1:Q96KR1:464-471,Q96KR1,464,S,1,35289036,og_consensus_gaps5-8-10-12-15_core-gap10_min3_strict-v1
og_consensus_gaps5-8-10-12-15_core-gap10_min3_strict-v1:Q96KR1:464-471,Q96KR1,465,S,1,35289036,og_consensus_gaps5-8-10-12-15_core-gap10_min3_strict-v1
og_consensus_gaps5-8-10-12-15_core-gap10_min3_strict-v1:Q96KR1:464-471,Q96KR1,470,T,1,35254053,og_consensus_gaps5-8-10-12-15_core-gap10_min3_strict-v1
og_consensus_gaps5-8-10-12-15_core-gap10_min3_strict-v1:Q96KR1:464-471,Q96KR1,471,T,4,30059200;31492838;35254053;38838015,og_consensus_gaps5-8-10-12-15_core-gap10_min3_strict-v1
og_consensus_gaps5-8-10-12-15_core-gap10_min3_strict-v1:Q96KR1:528-532,Q96KR1,528,S,6,31637018;34846842;35289036;38838015;39531497;39534244,og_consensus_gaps5-8-10-12-15_core-gap10_min3_strict-v1
og_consensus_gaps5-8-10-12-15_core-gap10_min3_strict-v1:Q96KR1:528-532,Q96KR1,529,T,4,32574038;35254053;35705054;39531497,og_consensus_gaps5-8-10-12-15_core-gap10_min3_strict-v1
og_consensus_gaps5-8-10-12-15_core-gap10_min3_strict-v1:Q96KR1:528-532,Q96KR1,532,T,7,28657654;30059200;34846842;35254053;35705054;37541260;39531497,og_consensus_gaps5-8-10-12-15_core-gap10_min3_strict-v1
og_consensus_gaps5-8-10-12-15_core-gap10_min3_strict-v1:Q96L91:700-717,Q96L91,700,T,1,39534244,og_consensus_gaps5-8-10-12-15_core-gap10_min3_strict-v1
og_consensus_gaps5-8-10-12-15_core-gap10_min3_strict-v1:Q96L91:700-717,Q96L91,701,S,2,35254053;39534244,og_consensus_gaps5-8-10-12-15_core-gap10_min3_strict-v1
og_consensus_gaps5-8-10-12-15_core-gap10_min3_strict-v1:Q96L91:700-717,Q96L91,702,S,2,35254053;35289036,og_consensus_gaps5-8-10-12-15_core-gap10_min3_strict-v1
og_consensus_gaps5-8-10-12-15_core-gap10_min3_strict-v1:Q96L91:700-717,Q96L91,705,S,1,35289036,og_consensus_gaps5-8-10-12-15_core-gap10_min3_strict-v1
og_consensus_gaps5-8-10-12-15_core-gap10_min3_strict-v1:Q96L91:700-717,Q96L91,710,S,4,30059200;35254053;39531497;39534244,og_consensus_gaps5-8-10-12-15_core-gap10_min3_strict-v1
og_consensus_gaps5-8-10-12-15_core-gap10_min3_strict-v1:Q96L91:700-717,Q96L91,712,S,1,39534244,og_consensus_gaps5-8-10-12-15_core-gap10_min3_strict-v1
og_consensus_gaps5-8-10-12-15_core-gap10_min3_strict-v1:Q96L91:700-717,Q96L91,717,S,2,35289036;39534244,og_consensus_gaps5-8-10-12-15_core-gap10_min3_strict-v1
og_consensus_gaps5-8-10-12-15_core-gap10_min3_strict-v1:Q96L91:1488-1495,Q96L91,1488,T,9,28657654;30059200;31637018;32574038;34846842;35254053;35289036;37541260;39531497,og_consensus_gaps5-8-10-12-15_core-gap10_min3_strict-v1
og_consensus_gaps5-8-10-12-15_core-gap10_min3_strict-v1:Q96L91:1488-1495,Q96L91,1492,T,3,35132862;35254053;35289036,og_consensus_gaps5-8-10-12-15_core-gap10_min3_strict-v1
og_consensus_gaps5-8-10-12-15_core-gap10_min3_strict-v1:Q96L91:1488-1495,Q96L91,1493,T,3,35254053;37541260;39531497,og_consensus_gaps5-8-10-12-15_core-gap10_min3_strict-v1
og_consensus_gaps5-8-10-12-15_core-gap10_min3_strict-v1:Q96L91:1488-1495,Q96L91,1495,S,4,32574038;35254053;39302247;39531497,og_consensus_gaps5-8-10-12-15_core-gap10_min3_strict-v1
og_consensus_gaps5-8-10-12-15_core-gap10_min3_strict-v1:Q96L91:1526-1547,Q96L91,1526,T,3,35254053;35705054;39531497,og_consensus_gaps5-8-10-12-15_core-gap10_min3_strict-v1
og_consensus_gaps5-8-10-12-15_core-gap10_min3_strict-v1:Q96L91:1526-1547,Q96L91,1527,S,5,29351928;30059200;30620550;35254053;39531497,og_consensus_gaps5-8-10-12-15_core-gap10_min3_strict-v1
og_consensus_gaps5-8-10-12-15_core-gap10_min3_strict-v1:Q96L91:1526-1547,Q96L91,1530,S,2,35132862;35289036,og_consensus_gaps5-8-10-12-15_core-gap10_min3_strict-v1
og_consensus_gaps5-8-10-12-15_core-gap10_min3_strict-v1:Q96L91:1526-1547,Q96L91,1532,S,2,34846842;35289036,og_consensus_gaps5-8-10-12-15_core-gap10_min3_strict-v1
og_consensus_gaps5-8-10-12-15_core-gap10_min3_strict-v1:Q96L91:1526-1547,Q96L91,1540,S,1,30059200,og_consensus_gaps5-8-10-12-15_core-gap10_min3_strict-v1
og_consensus_gaps5-8-10-12-15_core-gap10_min3_strict-v1:Q96L91:1526-1547,Q96L91,1543,S,2,34846842;35289036,og_consensus_gaps5-8-10-12-15_core-gap10_min3_strict-v1
og_consensus_gaps5-8-10-12-15_core-gap10_min3_strict-v1:Q96L91:1526-1547,Q96L91,1547,S,2,34846842;35289036,og_consensus_gaps5-8-10-12-15_core-gap10_min3_strict-v1
og_consensus_gaps5-8-10-12-15_core-gap10_min3_strict-v1:Q96L91:2604-2608,Q96L91,2604,T,9,30059200;32574038;32938750;35254053;35289036;35705054;37541260;39531497;39534244,og_consensus_gaps5-8-10-12-15_core-gap10_min3_strict-v1
og_consensus_gaps5-8-10-12-15_core-gap10_min3_strict-v1:Q96L91:2604-2608,Q96L91,2605,T,2,32938750;35254053,og_consensus_gaps5-8-10-12-15_core-gap10_min3_strict-v1
og_consensus_gaps5-8-10-12-15_core-gap10_min3_strict-v1:Q96L91:2604-2608,Q96L91,2608,S,4,31637018;34846842;35132862;35289036,og_consensus_gaps5-8-10-12-15_core-gap10_min3_strict-v1
og_consensus_gaps5-8-10-12-15_core-gap10_min3_strict-v1:Q96L91:2686-2716,Q96L91,2686,S,3,35254053;35289036;39531497,og_consensus_gaps5-8-10-12-15_core-gap10_min3_strict-v1
og_consensus_gaps5-8-10-12-15_core-gap10_min3_strict-v1:Q96L91:2686-2716,Q96L91,2689,T,4,35132862;35289036;39531497;39534244,og_consensus_gaps5-8-10-12-15_core-gap10_min3_strict-v1
og_consensus_gaps5-8-10-12-15_core-gap10_min3_strict-v1:Q96L91:2686-2716,Q96L91,2691,T,3,35132862;35289036;35705054,og_consensus_gaps5-8-10-12-15_core-gap10_min3_strict-v1
og_consensus_gaps5-8-10-12-15_core-gap10_min3_strict-v1:Q96L91:2686-2716,Q96L91,2696,S,13,29237092;29351928;30059200;30620550;31492838;32938750;35132862;35254053;35289036;35513511;35705054;39531497;39534244,og_consensus_gaps5-8-10-12-15_core-gap10_min3_strict-v1
og_consensus_gaps5-8-10-12-15_core-gap10_min3_strict-v1:Q96L91:2686-2716,Q96L91,2699,T,2,35132862;35289036,og_consensus_gaps5-8-10-12-15_core-gap10_min3_strict-v1
og_consensus_gaps5-8-10-12-15_core-gap10_min3_strict-v1:Q96L91:2686-2716,Q96L91,2700,T,8,30620550;31492838;32938750;35254053;35289036;35513511;35705054;39534244,og_consensus_gaps5-8-10-12-15_core-gap10_min3_strict-v1
og_consensus_gaps5-8-10-12-15_core-gap10_min3_strict-v1:Q96L91:2686-2716,Q96L91,2707,T,6,34846842;35254053;35289036;35513511;35705054;37541260,og_consensus_gaps5-8-10-12-15_core-gap10_min3_strict-v1
og_consensus_gaps5-8-10-12-15_core-gap10_min3_strict-v1:Q96L91:2686-2716,Q96L91,2708,S,3,34846842;35254053;35705054,og_consensus_gaps5-8-10-12-15_core-gap10_min3_strict-v1
og_consensus_gaps5-8-10-12-15_core-gap10_min3_strict-v1:Q96L91:2686-2716,Q96L91,2710,T,6,29351928;32938750;35254053;35705054;38838015;39534244,og_consensus_gaps5-8-10-12-15_core-gap10_min3_strict-v1
og_consensus_gaps5-8-10-12-15_core-gap10_min3_strict-v1:Q96L91:2686-2716,Q96L91,2712,S,3,35132862;35705054;39534244,og_consensus_gaps5-8-10-12-15_core-gap10_min3_strict-v1
og_consensus_gaps5-8-10-12-15_core-gap10_min3_strict-v1:Q96L91:2686-2716,Q96L91,2716,T,3,32938750;35254053;39534244,og_consensus_gaps5-8-10-12-15_core-gap10_min3_strict-v1
og_consensus_gaps5-8-10-12-15_core-gap10_min3_strict-v1:Q96L91:2875-2878,Q96L91,2875,T,1,39531497,og_consensus_gaps5-8-10-12-15_core-gap10_min3_strict-v1
og_consensus_gaps5-8-10-12-15_core-gap10_min3_strict-v1:Q96L91:2875-2878,Q96L91,2877,T,2,35254053;39534244,og_consensus_gaps5-8-10-12-15_core-gap10_min3_strict-v1
og_consensus_gaps5-8-10-12-15_core-gap10_min3_strict-v1:Q96L91:2875-2878,Q96L91,2878,T,4,30059200;35254053;39531497;39534244,og_consensus_gaps5-8-10-12-15_core-gap10_min3_strict-v1
og_consensus_gaps5-8-10-12-15_core-gap10_min3_strict-v1:Q96L91:3019-3027,Q96L91,3019,T,5,32574038;34846842;35254053;35289036;39531497,og_consensus_gaps5-8-10-12-15_core-gap10_min3_strict-v1
og_consensus_gaps5-8-10-12-15_core-gap10_min3_strict-v1:Q96L91:3019-3027,Q96L91,3023,T,2,34846842;39531497,og_consensus_gaps5-8-10-12-15_core-gap10_min3_strict-v1
og_consensus_gaps5-8-10-12-15_core-gap10_min3_strict-v1:Q96L91:3019-3027,Q96L91,3024,T,6,30620550;35132862;35254053;35289036;38838015;39531497,og_consensus_gaps5-8-10-12-15_core-gap10_min3_strict-v1
og_consensus_gaps5-8-10-12-15_core-gap10_min3_strict-v1:Q96L91:3019-3027,Q96L91,3027,S,16,23301498;28314751;28657654;29237092;30059200;30620550;31492838;32574038;34846842;35254053;35289036;35513511;35705054;37541260;39302247;39534244,og_consensus_gaps5-8-10-12-15_core-gap10_min3_strict-v1
og_consensus_gaps5-8-10-12-15_core-gap10_min3_strict-v1:Q96M27:37-46,Q96M27,37,T,1,39531497,og_consensus_gaps5-8-10-12-15_core-gap10_min3_strict-v1
og_consensus_gaps5-8-10-12-15_core-gap10_min3_strict-v1:Q96M27:37-46,Q96M27,38,S,1,39531497,og_consensus_gaps5-8-10-12-15_core-gap10_min3_strict-v1
og_consensus_gaps5-8-10-12-15_core-gap10_min3_strict-v1:Q96M27:37-46,Q96M27,41,S,1,39531497,og_consensus_gaps5-8-10-12-15_core-gap10_min3_strict-v1
og_consensus_gaps5-8-10-12-15_core-gap10_min3_strict-v1:Q96M27:37-46,Q96M27,42,S,1,39531497,og_consensus_gaps5-8-10-12-15_core-gap10_min3_strict-v1
og_consensus_gaps5-8-10-12-15_core-gap10_min3_strict-v1:Q96M27:37-46,Q96M27,46,S,1,39531497,og_consensus_gaps5-8-10-12-15_core-gap10_min3_strict-v1
og_consensus_gaps5-8-10-12-15_core-gap10_min3_strict-v1:Q96M27:114-119,Q96M27,114,T,1,39531497,og_consensus_gaps5-8-10-12-15_core-gap10_min3_strict-v1
og_consensus_gaps5-8-10-12-15_core-gap10_min3_strict-v1:Q96M27:114-119,Q96M27,115,S,1,39531497,og_consensus_gaps5-8-10-12-15_core-gap10_min3_strict-v1
og_consensus_gaps5-8-10-12-15_core-gap10_min3_strict-v1:Q96M27:114-119,Q96M27,119,T,1,39531497,og_consensus_gaps5-8-10-12-15_core-gap10_min3_strict-v1
og_consensus_gaps5-8-10-12-15_core-gap10_min3_strict-v1:Q96M27:157-179,Q96M27,157,S,1,39534244,og_consensus_gaps5-8-10-12-15_core-gap10_min3_strict-v1
og_consensus_gaps5-8-10-12-15_core-gap10_min3_strict-v1:Q96M27:157-179,Q96M27,159,S,5,29351928;32938750;39302247;39531497;39534244,og_consensus_gaps5-8-10-12-15_core-gap10_min3_strict-v1
og_consensus_gaps5-8-10-12-15_core-gap10_min3_strict-v1:Q96M27:157-179,Q96M27,162,S,1,39534244,og_consensus_gaps5-8-10-12-15_core-gap10_min3_strict-v1
og_consensus_gaps5-8-10-12-15_core-gap10_min3_strict-v1:Q96M27:157-179,Q96M27,169,T,3,32938750;39531497;39534244,og_consensus_gaps5-8-10-12-15_core-gap10_min3_strict-v1
og_consensus_gaps5-8-10-12-15_core-gap10_min3_strict-v1:Q96M27:157-179,Q96M27,172,T,4,29351928;35132862;39531497;39534244,og_consensus_gaps5-8-10-12-15_core-gap10_min3_strict-v1
og_consensus_gaps5-8-10-12-15_core-gap10_min3_strict-v1:Q96M27:157-179,Q96M27,176,S,1,39531497,og_consensus_gaps5-8-10-12-15_core-gap10_min3_strict-v1
og_consensus_gaps5-8-10-12-15_core-gap10_min3_strict-v1:Q96M27:157-179,Q96M27,178,T,1,39534244,og_consensus_gaps5-8-10-12-15_core-gap10_min3_strict-v1
og_consensus_gaps5-8-10-12-15_core-gap10_min3_strict-v1:Q96M27:157-179,Q96M27,179,S,1,39534244,og_consensus_gaps5-8-10-12-15_core-gap10_min3_strict-v1
og_consensus_gaps5-8-10-12-15_core-gap10_min3_strict-v1:Q96MY1:375-380,Q96MY1,375,S,4,30059200;35254053;35513511;39531497,og_consensus_gaps5-8-10-12-15_core-gap10_min3_strict-v1
og_consensus_gaps5-8-10-12-15_core-gap10_min3_strict-v1:Q96MY1:375-380,Q96MY1,378,S,2,34846842;39534244,og_consensus_gaps5-8-10-12-15_core-gap10_min3_strict-v1
og_consensus_gaps5-8-10-12-15_core-gap10_min3_strict-v1:Q96MY1:375-380,Q96MY1,379,T,1,39534244,og_consensus_gaps5-8-10-12-15_core-gap10_min3_strict-v1
og_consensus_gaps5-8-10-12-15_core-gap10_min3_strict-v1:Q96MY1:375-380,Q96MY1,380,T,1,39534244,og_consensus_gaps5-8-10-12-15_core-gap10_min3_strict-v1
og_consensus_gaps5-8-10-12-15_core-gap10_min3_strict-v1:Q96PK6:518-527,Q96PK6,518,T,4,32938750;35254053;37541260;39531497,og_consensus_gaps5-8-10-12-15_core-gap10_min3_strict-v1
og_consensus_gaps5-8-10-12-15_core-gap10_min3_strict-v1:Q96PK6:518-527,Q96PK6,520,S,1,35254053,og_consensus_gaps5-8-10-12-15_core-gap10_min3_strict-v1
og_consensus_gaps5-8-10-12-15_core-gap10_min3_strict-v1:Q96PK6:518-527,Q96PK6,521,S,3,35254053;35513511;38678556,og_consensus_gaps5-8-10-12-15_core-gap10_min3_strict-v1
og_consensus_gaps5-8-10-12-15_core-gap10_min3_strict-v1:Q96PK6:518-527,Q96PK6,523,S,3,35132862;35254053;35513511,og_consensus_gaps5-8-10-12-15_core-gap10_min3_strict-v1
og_consensus_gaps5-8-10-12-15_core-gap10_min3_strict-v1:Q96PK6:518-527,Q96PK6,527,S,9,29237092;31492838;32574038;32938750;35132862;35254053;35513511;39531497;39534244,og_consensus_gaps5-8-10-12-15_core-gap10_min3_strict-v1
og_consensus_gaps5-8-10-12-15_core-gap10_min3_strict-v1:Q96QT6:554-557,Q96QT6,554,S,1,38253038,og_consensus_gaps5-8-10-12-15_core-gap10_min3_strict-v1
og_consensus_gaps5-8-10-12-15_core-gap10_min3_strict-v1:Q96QT6:554-557,Q96QT6,555,S,1,38253038,og_consensus_gaps5-8-10-12-15_core-gap10_min3_strict-v1
og_consensus_gaps5-8-10-12-15_core-gap10_min3_strict-v1:Q96QT6:554-557,Q96QT6,557,T,1,38253038,og_consensus_gaps5-8-10-12-15_core-gap10_min3_strict-v1
og_consensus_gaps5-8-10-12-15_core-gap10_min3_strict-v1:Q96RN5:404-414,Q96RN5,404,T,3,34846842;35254053;35705054,og_consensus_gaps5-8-10-12-15_core-gap10_min3_strict-v1
og_consensus_gaps5-8-10-12-15_core-gap10_min3_strict-v1:Q96RN5:404-414,Q96RN5,405,T,6,30059200;32938750;35254053;35705054;37541260;39531497,og_consensus_gaps5-8-10-12-15_core-gap10_min3_strict-v1
og_consensus_gaps5-8-10-12-15_core-gap10_min3_strict-v1:Q96RN5:404-414,Q96RN5,408,S,3,34846842;35132862;35289036,og_consensus_gaps5-8-10-12-15_core-gap10_min3_strict-v1
og_consensus_gaps5-8-10-12-15_core-gap10_min3_strict-v1:Q96RN5:404-414,Q96RN5,412,S,1,34846842,og_consensus_gaps5-8-10-12-15_core-gap10_min3_strict-v1
og_consensus_gaps5-8-10-12-15_core-gap10_min3_strict-v1:Q96RN5:404-414,Q96RN5,413,S,1,35289036,og_consensus_gaps5-8-10-12-15_core-gap10_min3_strict-v1
og_consensus_gaps5-8-10-12-15_core-gap10_min3_strict-v1:Q96RN5:404-414,Q96RN5,414,S,1,35289036,og_consensus_gaps5-8-10-12-15_core-gap10_min3_strict-v1
og_consensus_gaps5-8-10-12-15_core-gap10_min3_strict-v1:Q96ST3:287-295,Q96ST3,287,T,4,29351928;35254053;39531497;39534244,og_consensus_gaps5-8-10-12-15_core-gap10_min3_strict-v1
og_consensus_gaps5-8-10-12-15_core-gap10_min3_strict-v1:Q96ST3:287-295,Q96ST3,289,S,1,39534244,og_consensus_gaps5-8-10-12-15_core-gap10_min3_strict-v1
og_consensus_gaps5-8-10-12-15_core-gap10_min3_strict-v1:Q96ST3:287-295,Q96ST3,292,T,2,35132862;39534244,og_consensus_gaps5-8-10-12-15_core-gap10_min3_strict-v1
og_consensus_gaps5-8-10-12-15_core-gap10_min3_strict-v1:Q96ST3:287-295,Q96ST3,295,S,4,35132862;35254053;39531497;39534244,og_consensus_gaps5-8-10-12-15_core-gap10_min3_strict-v1
og_consensus_gaps5-8-10-12-15_core-gap10_min3_strict-v1:Q96T58:2471-2476,Q96T58,2471,T,3,35254053;39302247;39531497,og_consensus_gaps5-8-10-12-15_core-gap10_min3_strict-v1
og_consensus_gaps5-8-10-12-15_core-gap10_min3_strict-v1:Q96T58:2471-2476,Q96T58,2474,S,1,39531497,og_consensus_gaps5-8-10-12-15_core-gap10_min3_strict-v1
og_consensus_gaps5-8-10-12-15_core-gap10_min3_strict-v1:Q96T58:2471-2476,Q96T58,2476,T,1,35254053,og_consensus_gaps5-8-10-12-15_core-gap10_min3_strict-v1
og_consensus_gaps5-8-10-12-15_core-gap10_min3_strict-v1:Q96T58:2512-2533,Q96T58,2512,S,2,34846842;39531497,og_consensus_gaps5-8-10-12-15_core-gap10_min3_strict-v1
og_consensus_gaps5-8-10-12-15_core-gap10_min3_strict-v1:Q96T58:2512-2533,Q96T58,2513,T,1,39531497,og_consensus_gaps5-8-10-12-15_core-gap10_min3_strict-v1
og_consensus_gaps5-8-10-12-15_core-gap10_min3_strict-v1:Q96T58:2512-2533,Q96T58,2515,S,3,34846842;35132862;39531497,og_consensus_gaps5-8-10-12-15_core-gap10_min3_strict-v1
og_consensus_gaps5-8-10-12-15_core-gap10_min3_strict-v1:Q96T58:2512-2533,Q96T58,2522,T,11,28657654;30059200;32938750;34846842;35132862;35254053;35289036;35705054;37541260;39531497;39534244,og_consensus_gaps5-8-10-12-15_core-gap10_min3_strict-v1
og_consensus_gaps5-8-10-12-15_core-gap10_min3_strict-v1:Q96T58:2512-2533,Q96T58,2525,S,7,30059200;34846842;35132862;35254053;35289036;37541260;39531497,og_consensus_gaps5-8-10-12-15_core-gap10_min3_strict-v1
og_consensus_gaps5-8-10-12-15_core-gap10_min3_strict-v1:Q96T58:2512-2533,Q96T58,2529,T,3,35132862;35254053;35289036,og_consensus_gaps5-8-10-12-15_core-gap10_min3_strict-v1
og_consensus_gaps5-8-10-12-15_core-gap10_min3_strict-v1:Q96T58:2512-2533,Q96T58,2530,S,12,23301498;29351928;30059200;30620550;31492838;32938750;35254053;35289036;35513511;37541260;38838015;39531497,og_consensus_gaps5-8-10-12-15_core-gap10_min3_strict-v1
og_consensus_gaps5-8-10-12-15_core-gap10_min3_strict-v1:Q96T58:2512-2533,Q96T58,2531,S,7,23301498;30059200;31492838;32574038;35254053;35513511;37541260,og_consensus_gaps5-8-10-12-15_core-gap10_min3_strict-v1
og_consensus_gaps5-8-10-12-15_core-gap10_min3_strict-v1:Q96T58:2512-2533,Q96T58,2532,S,3,32574038;34846842;35289036,og_consensus_gaps5-8-10-12-15_core-gap10_min3_strict-v1
og_consensus_gaps5-8-10-12-15_core-gap10_min3_strict-v1:Q96T58:2512-2533,Q96T58,2533,T,3,29351928;32574038;34846842,og_consensus_gaps5-8-10-12-15_core-gap10_min3_strict-v1
og_consensus_gaps5-8-10-12-15_core-gap10_min3_strict-v1:Q96T58:2548-2553,Q96T58,2548,S,2,35254053;39531497,og_consensus_gaps5-8-10-12-15_core-gap10_min3_strict-v1
og_consensus_gaps5-8-10-12-15_core-gap10_min3_strict-v1:Q96T58:2548-2553,Q96T58,2550,T,2,35254053;39531497,og_consensus_gaps5-8-10-12-15_core-gap10_min3_strict-v1
og_consensus_gaps5-8-10-12-15_core-gap10_min3_strict-v1:Q96T58:2548-2553,Q96T58,2551,S,1,39531497,og_consensus_gaps5-8-10-12-15_core-gap10_min3_strict-v1
og_consensus_gaps5-8-10-12-15_core-gap10_min3_strict-v1:Q96T58:2548-2553,Q96T58,2553,S,1,34846842,og_consensus_gaps5-8-10-12-15_core-gap10_min3_strict-v1
og_consensus_gaps5-8-10-12-15_core-gap10_min3_strict-v1:Q96T58:2619-2623,Q96T58,2619,T,4,30059200;35254053;35289036;37541260,og_consensus_gaps5-8-10-12-15_core-gap10_min3_strict-v1
og_consensus_gaps5-8-10-12-15_core-gap10_min3_strict-v1:Q96T58:2619-2623,Q96T58,2620,S,2,30059200;35254053,og_consensus_gaps5-8-10-12-15_core-gap10_min3_strict-v1
og_consensus_gaps5-8-10-12-15_core-gap10_min3_strict-v1:Q96T58:2619-2623,Q96T58,2623,S,3,30059200;31492838;35289036,og_consensus_gaps5-8-10-12-15_core-gap10_min3_strict-v1
og_consensus_gaps5-8-10-12-15_core-gap10_min3_strict-v1:Q96T58:2681-2685,Q96T58,2681,S,3,34846842;35254053;35289036,og_consensus_gaps5-8-10-12-15_core-gap10_min3_strict-v1
og_consensus_gaps5-8-10-12-15_core-gap10_min3_strict-v1:Q96T58:2681-2685,Q96T58,2684,S,5,30059200;31492838;34846842;35254053;39531497,og_consensus_gaps5-8-10-12-15_core-gap10_min3_strict-v1
og_consensus_gaps5-8-10-12-15_core-gap10_min3_strict-v1:Q96T58:2681-2685,Q96T58,2685,T,1,35705054,og_consensus_gaps5-8-10-12-15_core-gap10_min3_strict-v1
og_consensus_gaps5-8-10-12-15_core-gap10_min3_strict-v1:Q96T58:2860-2864,Q96T58,2860,S,1,39531497,og_consensus_gaps5-8-10-12-15_core-gap10_min3_strict-v1
og_consensus_gaps5-8-10-12-15_core-gap10_min3_strict-v1:Q96T58:2860-2864,Q96T58,2862,T,5,27114449;30059200;31492838;35254053;37541260,og_consensus_gaps5-8-10-12-15_core-gap10_min3_strict-v1
og_consensus_gaps5-8-10-12-15_core-gap10_min3_strict-v1:Q96T58:2860-2864,Q96T58,2864,S,2,35132862;35254053,og_consensus_gaps5-8-10-12-15_core-gap10_min3_strict-v1
og_consensus_gaps5-8-10-12-15_core-gap10_min3_strict-v1:Q96T58:2918-2928,Q96T58,2918,S,5,32574038;35254053;35289036;37541260;39534244,og_consensus_gaps5-8-10-12-15_core-gap10_min3_strict-v1
og_consensus_gaps5-8-10-12-15_core-gap10_min3_strict-v1:Q96T58:2918-2928,Q96T58,2920,S,2,35132862;35289036,og_consensus_gaps5-8-10-12-15_core-gap10_min3_strict-v1
og_consensus_gaps5-8-10-12-15_core-gap10_min3_strict-v1:Q96T58:2918-2928,Q96T58,2921,T,5,29351928;30059200;35132862;35254053;39531497,og_consensus_gaps5-8-10-12-15_core-gap10_min3_strict-v1
og_consensus_gaps5-8-10-12-15_core-gap10_min3_strict-v1:Q96T58:2918-2928,Q96T58,2924,T,15,20068230;21158410;27114449;29237092;29351928;30059200;31492838;32938750;35132862;35254053;35289036;35513511;37541260;39531497;39534244,og_consensus_gaps5-8-10-12-15_core-gap10_min3_strict-v1
og_consensus_gaps5-8-10-12-15_core-gap10_min3_strict-v1:Q96T58:2918-2928,Q96T58,2928,T,2,35254053;35289036,og_consensus_gaps5-8-10-12-15_core-gap10_min3_strict-v1
og_consensus_gaps5-8-10-12-15_core-gap10_min3_strict-v1:Q96T58:3461-3467,Q96T58,3461,T,2,35254053;39531497,og_consensus_gaps5-8-10-12-15_core-gap10_min3_strict-v1
og_consensus_gaps5-8-10-12-15_core-gap10_min3_strict-v1:Q96T58:3461-3467,Q96T58,3462,T,2,35254053;37541260,og_consensus_gaps5-8-10-12-15_core-gap10_min3_strict-v1
og_consensus_gaps5-8-10-12-15_core-gap10_min3_strict-v1:Q96T58:3461-3467,Q96T58,3463,S,2,35254053;39531497,og_consensus_gaps5-8-10-12-15_core-gap10_min3_strict-v1
og_consensus_gaps5-8-10-12-15_core-gap10_min3_strict-v1:Q96T58:3461-3467,Q96T58,3466,S,2,34846842;39534244,og_consensus_gaps5-8-10-12-15_core-gap10_min3_strict-v1
og_consensus_gaps5-8-10-12-15_core-gap10_min3_strict-v1:Q96T58:3461-3467,Q96T58,3467,T,2,35132862;39534244,og_consensus_gaps5-8-10-12-15_core-gap10_min3_strict-v1
og_consensus_gaps5-8-10-12-15_core-gap10_min3_strict-v1:Q99504:266-271,Q99504,266,S,1,39534244,og_consensus_gaps5-8-10-12-15_core-gap10_min3_strict-v1
og_consensus_gaps5-8-10-12-15_core-gap10_min3_strict-v1:Q99504:266-271,Q99504,268,T,1,39534244,og_consensus_gaps5-8-10-12-15_core-gap10_min3_strict-v1
og_consensus_gaps5-8-10-12-15_core-gap10_min3_strict-v1:Q99504:266-271,Q99504,271,S,1,39534244,og_consensus_gaps5-8-10-12-15_core-gap10_min3_strict-v1
og_consensus_gaps5-8-10-12-15_core-gap10_min3_strict-v1:Q99700:213-223,Q99700,213,S,1,39531497,og_consensus_gaps5-8-10-12-15_core-gap10_min3_strict-v1
og_consensus_gaps5-8-10-12-15_core-gap10_min3_strict-v1:Q99700:213-223,Q99700,215,S,1,28604694,og_consensus_gaps5-8-10-12-15_core-gap10_min3_strict-v1
og_consensus_gaps5-8-10-12-15_core-gap10_min3_strict-v1:Q99700:213-223,Q99700,216,S,5,28604694;35254053;37541260;39531497;39534244,og_consensus_gaps5-8-10-12-15_core-gap10_min3_strict-v1
og_consensus_gaps5-8-10-12-15_core-gap10_min3_strict-v1:Q99700:213-223,Q99700,217,S,2,28604694;39534244,og_consensus_gaps5-8-10-12-15_core-gap10_min3_strict-v1
og_consensus_gaps5-8-10-12-15_core-gap10_min3_strict-v1:Q99700:213-223,Q99700,218,S,4,28604694;35254053;39531497;39534244,og_consensus_gaps5-8-10-12-15_core-gap10_min3_strict-v1
og_consensus_gaps5-8-10-12-15_core-gap10_min3_strict-v1:Q99700:213-223,Q99700,220,S,4,28604694;35254053;39531497;39534244,og_consensus_gaps5-8-10-12-15_core-gap10_min3_strict-v1
og_consensus_gaps5-8-10-12-15_core-gap10_min3_strict-v1:Q99700:213-223,Q99700,221,S,2,28604694;39534244,og_consensus_gaps5-8-10-12-15_core-gap10_min3_strict-v1
og_consensus_gaps5-8-10-12-15_core-gap10_min3_strict-v1:Q99700:213-223,Q99700,222,S,1,28604694,og_consensus_gaps5-8-10-12-15_core-gap10_min3_strict-v1
og_consensus_gaps5-8-10-12-15_core-gap10_min3_strict-v1:Q99700:213-223,Q99700,223,S,2,28604694;39534244,og_consensus_gaps5-8-10-12-15_core-gap10_min3_strict-v1
og_consensus_gaps5-8-10-12-15_core-gap10_min3_strict-v1:Q9BS26:380-386,Q9BS26,380,S,2,29351928;39534244,og_consensus_gaps5-8-10-12-15_core-gap10_min3_strict-v1
og_consensus_gaps5-8-10-12-15_core-gap10_min3_strict-v1:Q9BS26:380-386,Q9BS26,381,S,2,35132862;39534244,og_consensus_gaps5-8-10-12-15_core-gap10_min3_strict-v1
og_consensus_gaps5-8-10-12-15_core-gap10_min3_strict-v1:Q9BS26:380-386,Q9BS26,386,S,1,22661428,og_consensus_gaps5-8-10-12-15_core-gap10_min3_strict-v1
og_consensus_gaps5-8-10-12-15_core-gap10_min3_strict-v1:Q9BTA9:257-262,Q9BTA9,257,T,1,39534244,og_consensus_gaps5-8-10-12-15_core-gap10_min3_strict-v1
og_consensus_gaps5-8-10-12-15_core-gap10_min3_strict-v1:Q9BTA9:257-262,Q9BTA9,259,T,1,39531497,og_consensus_gaps5-8-10-12-15_core-gap10_min3_strict-v1
og_consensus_gaps5-8-10-12-15_core-gap10_min3_strict-v1:Q9BTA9:257-262,Q9BTA9,261,S,1,39534244,og_consensus_gaps5-8-10-12-15_core-gap10_min3_strict-v1
og_consensus_gaps5-8-10-12-15_core-gap10_min3_strict-v1:Q9BTA9:257-262,Q9BTA9,262,T,1,39534244,og_consensus_gaps5-8-10-12-15_core-gap10_min3_strict-v1
og_consensus_gaps5-8-10-12-15_core-gap10_min3_strict-v1:Q9BTA9:391-401,Q9BTA9,391,T,3,35254053;35513511;39534244,og_consensus_gaps5-8-10-12-15_core-gap10_min3_strict-v1
og_consensus_gaps5-8-10-12-15_core-gap10_min3_strict-v1:Q9BTA9:391-401,Q9BTA9,395,T,3,32938750;35254053;39534244,og_consensus_gaps5-8-10-12-15_core-gap10_min3_strict-v1
og_consensus_gaps5-8-10-12-15_core-gap10_min3_strict-v1:Q9BTA9:391-401,Q9BTA9,398,S,1,39534244,og_consensus_gaps5-8-10-12-15_core-gap10_min3_strict-v1
og_consensus_gaps5-8-10-12-15_core-gap10_min3_strict-v1:Q9BTA9:391-401,Q9BTA9,401,S,1,39534244,og_consensus_gaps5-8-10-12-15_core-gap10_min3_strict-v1
og_consensus_gaps5-8-10-12-15_core-gap10_min3_strict-v1:Q9BTA9:456-460,Q9BTA9,456,S,5,30059200;35254053;35289036;39302247;39531497,og_consensus_gaps5-8-10-12-15_core-gap10_min3_strict-v1
og_consensus_gaps5-8-10-12-15_core-gap10_min3_strict-v1:Q9BTA9:456-460,Q9BTA9,457,T,2,35705054;39534244,og_consensus_gaps5-8-10-12-15_core-gap10_min3_strict-v1
og_consensus_gaps5-8-10-12-15_core-gap10_min3_strict-v1:Q9BTA9:456-460,Q9BTA9,460,T,1,35254053,og_consensus_gaps5-8-10-12-15_core-gap10_min3_strict-v1
og_consensus_gaps5-8-10-12-15_core-gap10_min3_strict-v1:Q9BTC0:603-609,Q9BTC0,603,T,1,39534244,og_consensus_gaps5-8-10-12-15_core-gap10_min3_strict-v1
og_consensus_gaps5-8-10-12-15_core-gap10_min3_strict-v1:Q9BTC0:603-609,Q9BTC0,606,S,8,29237092;30059200;31492838;32938750;35254053;35513511;39531497;39534244,og_consensus_gaps5-8-10-12-15_core-gap10_min3_strict-v1
og_consensus_gaps5-8-10-12-15_core-gap10_min3_strict-v1:Q9BTC0:603-609,Q9BTC0,609,S,2,32574038;35289036,og_consensus_gaps5-8-10-12-15_core-gap10_min3_strict-v1
og_consensus_gaps5-8-10-12-15_core-gap10_min3_strict-v1:Q9BTC0:947-964,Q9BTC0,947,S,1,39531497,og_consensus_gaps5-8-10-12-15_core-gap10_min3_strict-v1
og_consensus_gaps5-8-10-12-15_core-gap10_min3_strict-v1:Q9BTC0:947-964,Q9BTC0,952,S,4,32938750;35289036;35513511;39302247,og_consensus_gaps5-8-10-12-15_core-gap10_min3_strict-v1
og_consensus_gaps5-8-10-12-15_core-gap10_min3_strict-v1:Q9BTC0:947-964,Q9BTC0,955,S,2,35289036;39531497,og_consensus_gaps5-8-10-12-15_core-gap10_min3_strict-v1
og_consensus_gaps5-8-10-12-15_core-gap10_min3_strict-v1:Q9BTC0:947-964,Q9BTC0,959,T,1,35289036,og_consensus_gaps5-8-10-12-15_core-gap10_min3_strict-v1
og_consensus_gaps5-8-10-12-15_core-gap10_min3_strict-v1:Q9BTC0:947-964,Q9BTC0,960,T,1,35289036,og_consensus_gaps5-8-10-12-15_core-gap10_min3_strict-v1
og_consensus_gaps5-8-10-12-15_core-gap10_min3_strict-v1:Q9BTC0:947-964,Q9BTC0,962,T,1,32938750,og_consensus_gaps5-8-10-12-15_core-gap10_min3_strict-v1
og_consensus_gaps5-8-10-12-15_core-gap10_min3_strict-v1:Q9BTC0:947-964,Q9BTC0,964,S,1,34846842,og_consensus_gaps5-8-10-12-15_core-gap10_min3_strict-v1
og_consensus_gaps5-8-10-12-15_core-gap10_min3_strict-v1:Q9BTC0:1285-1308,Q9BTC0,1285,S,2,35289036;39534244,og_consensus_gaps5-8-10-12-15_core-gap10_min3_strict-v1
og_consensus_gaps5-8-10-12-15_core-gap10_min3_strict-v1:Q9BTC0:1285-1308,Q9BTC0,1288,T,7,32938750;35254053;35289036;35513511;37541260;39531497;39534244,og_consensus_gaps5-8-10-12-15_core-gap10_min3_strict-v1
og_consensus_gaps5-8-10-12-15_core-gap10_min3_strict-v1:Q9BTC0:1285-1308,Q9BTC0,1291,T,7,29351928;32938750;35254053;35289036;37541260;39531497;39534244,og_consensus_gaps5-8-10-12-15_core-gap10_min3_strict-v1
og_consensus_gaps5-8-10-12-15_core-gap10_min3_strict-v1:Q9BTC0:1285-1308,Q9BTC0,1292,T,12,29351928;30059200;31492838;32938750;35254053;35513511;36240223;37541260;38838015;39302247;39531497;39534244,og_consensus_gaps5-8-10-12-15_core-gap10_min3_strict-v1
og_consensus_gaps5-8-10-12-15_core-gap10_min3_strict-v1:Q9BTC0:1285-1308,Q9BTC0,1297,S,4,30059200;35289036;35513511;39534244,og_consensus_gaps5-8-10-12-15_core-gap10_min3_strict-v1
og_consensus_gaps5-8-10-12-15_core-gap10_min3_strict-v1:Q9BTC0:1285-1308,Q9BTC0,1298,T,1,39534244,og_consensus_gaps5-8-10-12-15_core-gap10_min3_strict-v1
og_consensus_gaps5-8-10-12-15_core-gap10_min3_strict-v1:Q9BTC0:1285-1308,Q9BTC0,1301,S,1,35289036,og_consensus_gaps5-8-10-12-15_core-gap10_min3_strict-v1
og_consensus_gaps5-8-10-12-15_core-gap10_min3_strict-v1:Q9BTC0:1285-1308,Q9BTC0,1303,T,1,39534244,og_consensus_gaps5-8-10-12-15_core-gap10_min3_strict-v1
og_consensus_gaps5-8-10-12-15_core-gap10_min3_strict-v1:Q9BTC0:1285-1308,Q9BTC0,1305,S,2,35289036;39534244,og_consensus_gaps5-8-10-12-15_core-gap10_min3_strict-v1
og_consensus_gaps5-8-10-12-15_core-gap10_min3_strict-v1:Q9BTC0:1285-1308,Q9BTC0,1308,S,1,39531497,og_consensus_gaps5-8-10-12-15_core-gap10_min3_strict-v1
og_consensus_gaps5-8-10-12-15_core-gap10_min3_strict-v1:Q9BTC0:1547-1555,Q9BTC0,1547,S,2,34846842;35289036,og_consensus_gaps5-8-10-12-15_core-gap10_min3_strict-v1
og_consensus_gaps5-8-10-12-15_core-gap10_min3_strict-v1:Q9BTC0:1547-1555,Q9BTC0,1552,S,3,32938750;35254053;35513511,og_consensus_gaps5-8-10-12-15_core-gap10_min3_strict-v1
og_consensus_gaps5-8-10-12-15_core-gap10_min3_strict-v1:Q9BTC0:1547-1555,Q9BTC0,1555,S,1,34846842,og_consensus_gaps5-8-10-12-15_core-gap10_min3_strict-v1
og_consensus_gaps5-8-10-12-15_core-gap10_min3_strict-v1:Q9BUJ2:738-746,Q9BUJ2,738,S,1,29351928,og_consensus_gaps5-8-10-12-15_core-gap10_min3_strict-v1
og_consensus_gaps5-8-10-12-15_core-gap10_min3_strict-v1:Q9BUJ2:738-746,Q9BUJ2,739,S,1,29351928,og_consensus_gaps5-8-10-12-15_core-gap10_min3_strict-v1
og_consensus_gaps5-8-10-12-15_core-gap10_min3_strict-v1:Q9BUJ2:738-746,Q9BUJ2,742,T,1,29351928,og_consensus_gaps5-8-10-12-15_core-gap10_min3_strict-v1
og_consensus_gaps5-8-10-12-15_core-gap10_min3_strict-v1:Q9BUJ2:738-746,Q9BUJ2,743,S,1,29351928,og_consensus_gaps5-8-10-12-15_core-gap10_min3_strict-v1
og_consensus_gaps5-8-10-12-15_core-gap10_min3_strict-v1:Q9BUJ2:738-746,Q9BUJ2,746,T,2,29351928;39531497,og_consensus_gaps5-8-10-12-15_core-gap10_min3_strict-v1
og_consensus_gaps5-8-10-12-15_core-gap10_min3_strict-v1:Q9BVL2:14-16,Q9BVL2,14,S,1,29351928,og_consensus_gaps5-8-10-12-15_core-gap10_min3_strict-v1
og_consensus_gaps5-8-10-12-15_core-gap10_min3_strict-v1:Q9BVL2:14-16,Q9BVL2,15,T,1,29351928,og_consensus_gaps5-8-10-12-15_core-gap10_min3_strict-v1
og_consensus_gaps5-8-10-12-15_core-gap10_min3_strict-v1:Q9BVL2:14-16,Q9BVL2,16,T,1,39531497,og_consensus_gaps5-8-10-12-15_core-gap10_min3_strict-v1
og_consensus_gaps5-8-10-12-15_core-gap10_min3_strict-v1:Q9BVL2:49-65,Q9BVL2,49,S,1,35289036,og_consensus_gaps5-8-10-12-15_core-gap10_min3_strict-v1
og_consensus_gaps5-8-10-12-15_core-gap10_min3_strict-v1:Q9BVL2:49-65,Q9BVL2,50,T,1,35289036,og_consensus_gaps5-8-10-12-15_core-gap10_min3_strict-v1
og_consensus_gaps5-8-10-12-15_core-gap10_min3_strict-v1:Q9BVL2:49-65,Q9BVL2,51,S,1,35289036,og_consensus_gaps5-8-10-12-15_core-gap10_min3_strict-v1
og_consensus_gaps5-8-10-12-15_core-gap10_min3_strict-v1:Q9BVL2:49-65,Q9BVL2,52,T,2,35289036;39531497,og_consensus_gaps5-8-10-12-15_core-gap10_min3_strict-v1
og_consensus_gaps5-8-10-12-15_core-gap10_min3_strict-v1:Q9BVL2:49-65,Q9BVL2,55,T,2,35289036;39531497,og_consensus_gaps5-8-10-12-15_core-gap10_min3_strict-v1
og_consensus_gaps5-8-10-12-15_core-gap10_min3_strict-v1:Q9BVL2:49-65,Q9BVL2,56,T,2,29351928;39531497,og_consensus_gaps5-8-10-12-15_core-gap10_min3_strict-v1
og_consensus_gaps5-8-10-12-15_core-gap10_min3_strict-v1:Q9BVL2:49-65,Q9BVL2,57,S,3,29351928;35289036;39531497,og_consensus_gaps5-8-10-12-15_core-gap10_min3_strict-v1
og_consensus_gaps5-8-10-12-15_core-gap10_min3_strict-v1:Q9BVL2:49-65,Q9BVL2,60,S,1,35289036,og_consensus_gaps5-8-10-12-15_core-gap10_min3_strict-v1
og_consensus_gaps5-8-10-12-15_core-gap10_min3_strict-v1:Q9BVL2:49-65,Q9BVL2,61,S,2,29351928;35289036,og_consensus_gaps5-8-10-12-15_core-gap10_min3_strict-v1
og_consensus_gaps5-8-10-12-15_core-gap10_min3_strict-v1:Q9BVL2:49-65,Q9BVL2,65,T,1,35289036,og_consensus_gaps5-8-10-12-15_core-gap10_min3_strict-v1
og_consensus_gaps5-8-10-12-15_core-gap10_min3_strict-v1:Q9BVL2:87-102,Q9BVL2,87,T,1,39531497,og_consensus_gaps5-8-10-12-15_core-gap10_min3_strict-v1
og_consensus_gaps5-8-10-12-15_core-gap10_min3_strict-v1:Q9BVL2:87-102,Q9BVL2,88,T,1,39531497,og_consensus_gaps5-8-10-12-15_core-gap10_min3_strict-v1
og_consensus_gaps5-8-10-12-15_core-gap10_min3_strict-v1:Q9BVL2:87-102,Q9BVL2,91,T,1,39531497,og_consensus_gaps5-8-10-12-15_core-gap10_min3_strict-v1
og_consensus_gaps5-8-10-12-15_core-gap10_min3_strict-v1:Q9BVL2:87-102,Q9BVL2,100,T,1,39531497,og_consensus_gaps5-8-10-12-15_core-gap10_min3_strict-v1
og_consensus_gaps5-8-10-12-15_core-gap10_min3_strict-v1:Q9BVL2:87-102,Q9BVL2,101,T,1,39531497,og_consensus_gaps5-8-10-12-15_core-gap10_min3_strict-v1
og_consensus_gaps5-8-10-12-15_core-gap10_min3_strict-v1:Q9BVL2:87-102,Q9BVL2,102,S,1,39531497,og_consensus_gaps5-8-10-12-15_core-gap10_min3_strict-v1
og_consensus_gaps5-8-10-12-15_core-gap10_min3_strict-v1:Q9BVL2:127-132,Q9BVL2,127,T,1,39531497,og_consensus_gaps5-8-10-12-15_core-gap10_min3_strict-v1
og_consensus_gaps5-8-10-12-15_core-gap10_min3_strict-v1:Q9BVL2:127-132,Q9BVL2,128,S,1,39531497,og_consensus_gaps5-8-10-12-15_core-gap10_min3_strict-v1
og_consensus_gaps5-8-10-12-15_core-gap10_min3_strict-v1:Q9BVL2:127-132,Q9BVL2,129,T,1,39531497,og_consensus_gaps5-8-10-12-15_core-gap10_min3_strict-v1
og_consensus_gaps5-8-10-12-15_core-gap10_min3_strict-v1:Q9BVL2:127-132,Q9BVL2,130,S,1,39531497,og_consensus_gaps5-8-10-12-15_core-gap10_min3_strict-v1
og_consensus_gaps5-8-10-12-15_core-gap10_min3_strict-v1:Q9BVL2:127-132,Q9BVL2,132,S,1,39531497,og_consensus_gaps5-8-10-12-15_core-gap10_min3_strict-v1
og_consensus_gaps5-8-10-12-15_core-gap10_min3_strict-v1:Q9BVL2:159-167,Q9BVL2,159,T,1,39531497,og_consensus_gaps5-8-10-12-15_core-gap10_min3_strict-v1
og_consensus_gaps5-8-10-12-15_core-gap10_min3_strict-v1:Q9BVL2:159-167,Q9BVL2,162,T,1,39531497,og_consensus_gaps5-8-10-12-15_core-gap10_min3_strict-v1
og_consensus_gaps5-8-10-12-15_core-gap10_min3_strict-v1:Q9BVL2:159-167,Q9BVL2,163,T,1,39531497,og_consensus_gaps5-8-10-12-15_core-gap10_min3_strict-v1
og_consensus_gaps5-8-10-12-15_core-gap10_min3_strict-v1:Q9BVL2:159-167,Q9BVL2,164,T,1,39531497,og_consensus_gaps5-8-10-12-15_core-gap10_min3_strict-v1
og_consensus_gaps5-8-10-12-15_core-gap10_min3_strict-v1:Q9BVL2:159-167,Q9BVL2,166,S,1,39531497,og_consensus_gaps5-8-10-12-15_core-gap10_min3_strict-v1
og_consensus_gaps5-8-10-12-15_core-gap10_min3_strict-v1:Q9BVL2:159-167,Q9BVL2,167,T,1,39531497,og_consensus_gaps5-8-10-12-15_core-gap10_min3_strict-v1
og_consensus_gaps5-8-10-12-15_core-gap10_min3_strict-v1:Q9BWF3:279-285,Q9BWF3,279,T,3,29351928;39531497;39534244,og_consensus_gaps5-8-10-12-15_core-gap10_min3_strict-v1
og_consensus_gaps5-8-10-12-15_core-gap10_min3_strict-v1:Q9BWF3:279-285,Q9BWF3,280,S,6,29351928;32938750;35254053;37541260;39531497;39534244,og_consensus_gaps5-8-10-12-15_core-gap10_min3_strict-v1
og_consensus_gaps5-8-10-12-15_core-gap10_min3_strict-v1:Q9BWF3:279-285,Q9BWF3,285,T,3,29351928;35254053;39534244,og_consensus_gaps5-8-10-12-15_core-gap10_min3_strict-v1
og_consensus_gaps5-8-10-12-15_core-gap10_min3_strict-v1:Q9BWF3:297-302,Q9BWF3,297,T,7,29351928;32938750;35254053;35513511;37541260;39531497;39534244,og_consensus_gaps5-8-10-12-15_core-gap10_min3_strict-v1
og_consensus_gaps5-8-10-12-15_core-gap10_min3_strict-v1:Q9BWF3:297-302,Q9BWF3,300,S,1,34846842,og_consensus_gaps5-8-10-12-15_core-gap10_min3_strict-v1
og_consensus_gaps5-8-10-12-15_core-gap10_min3_strict-v1:Q9BWF3:297-302,Q9BWF3,301,T,1,39534244,og_consensus_gaps5-8-10-12-15_core-gap10_min3_strict-v1
og_consensus_gaps5-8-10-12-15_core-gap10_min3_strict-v1:Q9BWF3:297-302,Q9BWF3,302,S,1,39534244,og_consensus_gaps5-8-10-12-15_core-gap10_min3_strict-v1
og_consensus_gaps5-8-10-12-15_core-gap10_min3_strict-v1:Q9BYJ9:130-137,Q9BYJ9,130,S,1,29351928,og_consensus_gaps5-8-10-12-15_core-gap10_min3_strict-v1
og_consensus_gaps5-8-10-12-15_core-gap10_min3_strict-v1:Q9BYJ9:130-137,Q9BYJ9,134,T,1,39534244,og_consensus_gaps5-8-10-12-15_core-gap10_min3_strict-v1
og_consensus_gaps5-8-10-12-15_core-gap10_min3_strict-v1:Q9BYJ9:130-137,Q9BYJ9,135,S,1,39534244,og_consensus_gaps5-8-10-12-15_core-gap10_min3_strict-v1
og_consensus_gaps5-8-10-12-15_core-gap10_min3_strict-v1:Q9BYJ9:130-137,Q9BYJ9,137,S,1,39534244,og_consensus_gaps5-8-10-12-15_core-gap10_min3_strict-v1
og_consensus_gaps5-8-10-12-15_core-gap10_min3_strict-v1:Q9BYJ9:152-161,Q9BYJ9,152,T,1,39534244,og_consensus_gaps5-8-10-12-15_core-gap10_min3_strict-v1
og_consensus_gaps5-8-10-12-15_core-gap10_min3_strict-v1:Q9BYJ9:152-161,Q9BYJ9,157,S,2,29351928;39531497,og_consensus_gaps5-8-10-12-15_core-gap10_min3_strict-v1
og_consensus_gaps5-8-10-12-15_core-gap10_min3_strict-v1:Q9BYJ9:152-161,Q9BYJ9,161,T,1,39534244,og_consensus_gaps5-8-10-12-15_core-gap10_min3_strict-v1
og_consensus_gaps5-8-10-12-15_core-gap10_min3_strict-v1:Q9BYJ9:196-209,Q9BYJ9,196,S,18,20068230;23301498;28657654;29237092;29351928;30059200;30379171;30620550;31492838;32574038;34846842;35254053;35289036;35513511;37541260;38838015;39531497;39534244,og_consensus_gaps5-8-10-12-15_core-gap10_min3_strict-v1
og_consensus_gaps5-8-10-12-15_core-gap10_min3_strict-v1:Q9BYJ9:196-209,Q9BYJ9,197,S,8,29237092;29351928;32574038;34846842;35132862;35254053;35289036;39534244,og_consensus_gaps5-8-10-12-15_core-gap10_min3_strict-v1
og_consensus_gaps5-8-10-12-15_core-gap10_min3_strict-v1:Q9BYJ9:196-209,Q9BYJ9,198,S,15,21158410;28657654;29237092;29351928;30059200;30620550;31492838;32574038;34846842;35254053;35289036;35513511;37541260;39531497;39534244,og_consensus_gaps5-8-10-12-15_core-gap10_min3_strict-v1
og_consensus_gaps5-8-10-12-15_core-gap10_min3_strict-v1:Q9BYJ9:196-209,Q9BYJ9,205,S,1,39534244,og_consensus_gaps5-8-10-12-15_core-gap10_min3_strict-v1
og_consensus_gaps5-8-10-12-15_core-gap10_min3_strict-v1:Q9BYJ9:196-209,Q9BYJ9,208,S,1,39534244,og_consensus_gaps5-8-10-12-15_core-gap10_min3_strict-v1
og_consensus_gaps5-8-10-12-15_core-gap10_min3_strict-v1:Q9BYJ9:196-209,Q9BYJ9,209,S,2,39531497;39534244,og_consensus_gaps5-8-10-12-15_core-gap10_min3_strict-v1
og_consensus_gaps5-8-10-12-15_core-gap10_min3_strict-v1:Q9C0A6:1249-1258,Q9C0A6,1249,T,1,37963940,og_consensus_gaps5-8-10-12-15_core-gap10_min3_strict-v1
og_consensus_gaps5-8-10-12-15_core-gap10_min3_strict-v1:Q9C0A6:1249-1258,Q9C0A6,1251,S,1,37963940,og_consensus_gaps5-8-10-12-15_core-gap10_min3_strict-v1
og_consensus_gaps5-8-10-12-15_core-gap10_min3_strict-v1:Q9C0A6:1249-1258,Q9C0A6,1253,S,1,37963940,og_consensus_gaps5-8-10-12-15_core-gap10_min3_strict-v1
og_consensus_gaps5-8-10-12-15_core-gap10_min3_strict-v1:Q9C0A6:1249-1258,Q9C0A6,1258,S,1,37963940,og_consensus_gaps5-8-10-12-15_core-gap10_min3_strict-v1
og_consensus_gaps5-8-10-12-15_core-gap10_min3_strict-v1:Q9C0A6:1380-1390,Q9C0A6,1380,S,1,37963940,og_consensus_gaps5-8-10-12-15_core-gap10_min3_strict-v1
og_consensus_gaps5-8-10-12-15_core-gap10_min3_strict-v1:Q9C0A6:1380-1390,Q9C0A6,1381,S,1,37963940,og_consensus_gaps5-8-10-12-15_core-gap10_min3_strict-v1
og_consensus_gaps5-8-10-12-15_core-gap10_min3_strict-v1:Q9C0A6:1380-1390,Q9C0A6,1384,S,1,37963940,og_consensus_gaps5-8-10-12-15_core-gap10_min3_strict-v1
og_consensus_gaps5-8-10-12-15_core-gap10_min3_strict-v1:Q9C0A6:1380-1390,Q9C0A6,1388,T,1,37963940,og_consensus_gaps5-8-10-12-15_core-gap10_min3_strict-v1
og_consensus_gaps5-8-10-12-15_core-gap10_min3_strict-v1:Q9C0A6:1380-1390,Q9C0A6,1390,S,1,37963940,og_consensus_gaps5-8-10-12-15_core-gap10_min3_strict-v1
og_consensus_gaps5-8-10-12-15_core-gap10_min3_strict-v1:Q9C0C7:440-449,Q9C0C7,440,T,6,28657654;30059200;32938750;35254053;37541260;39534244,og_consensus_gaps5-8-10-12-15_core-gap10_min3_strict-v1
og_consensus_gaps5-8-10-12-15_core-gap10_min3_strict-v1:Q9C0C7:440-449,Q9C0C7,441,S,3,30059200;35254053;37541260,og_consensus_gaps5-8-10-12-15_core-gap10_min3_strict-v1
og_consensus_gaps5-8-10-12-15_core-gap10_min3_strict-v1:Q9C0C7:440-449,Q9C0C7,443,S,1,39534244,og_consensus_gaps5-8-10-12-15_core-gap10_min3_strict-v1
og_consensus_gaps5-8-10-12-15_core-gap10_min3_strict-v1:Q9C0C7:440-449,Q9C0C7,444,S,2,35254053;39534244,og_consensus_gaps5-8-10-12-15_core-gap10_min3_strict-v1
og_consensus_gaps5-8-10-12-15_core-gap10_min3_strict-v1:Q9C0C7:440-449,Q9C0C7,446,S,1,39534244,og_consensus_gaps5-8-10-12-15_core-gap10_min3_strict-v1
og_consensus_gaps5-8-10-12-15_core-gap10_min3_strict-v1:Q9C0C7:440-449,Q9C0C7,449,S,1,39534244,og_consensus_gaps5-8-10-12-15_core-gap10_min3_strict-v1
og_consensus_gaps5-8-10-12-15_core-gap10_min3_strict-v1:Q9H0E3:300-321,Q9H0E3,300,S,5,34846842;35254053;35289036;39531497;39534244,og_consensus_gaps5-8-10-12-15_core-gap10_min3_strict-v1
og_consensus_gaps5-8-10-12-15_core-gap10_min3_strict-v1:Q9H0E3:300-321,Q9H0E3,304,T,4,35254053;35289036;39531497;39534244,og_consensus_gaps5-8-10-12-15_core-gap10_min3_strict-v1
og_consensus_gaps5-8-10-12-15_core-gap10_min3_strict-v1:Q9H0E3:300-321,Q9H0E3,305,T,7,30059200;34846842;35254053;35289036;39302247;39531497;39534244,og_consensus_gaps5-8-10-12-15_core-gap10_min3_strict-v1
og_consensus_gaps5-8-10-12-15_core-gap10_min3_strict-v1:Q9H0E3:300-321,Q9H0E3,306,T,6,30059200;35254053;37541260;39302247;39531497;39534244,og_consensus_gaps5-8-10-12-15_core-gap10_min3_strict-v1
og_consensus_gaps5-8-10-12-15_core-gap10_min3_strict-v1:Q9H0E3:300-321,Q9H0E3,311,T,1,35289036,og_consensus_gaps5-8-10-12-15_core-gap10_min3_strict-v1
og_consensus_gaps5-8-10-12-15_core-gap10_min3_strict-v1:Q9H0E3:300-321,Q9H0E3,313,S,2,35289036;39534244,og_consensus_gaps5-8-10-12-15_core-gap10_min3_strict-v1
og_consensus_gaps5-8-10-12-15_core-gap10_min3_strict-v1:Q9H0E3:300-321,Q9H0E3,316,S,2,35289036;39534244,og_consensus_gaps5-8-10-12-15_core-gap10_min3_strict-v1
og_consensus_gaps5-8-10-12-15_core-gap10_min3_strict-v1:Q9H0E3:300-321,Q9H0E3,319,T,4,35254053;35289036;39531497;39534244,og_consensus_gaps5-8-10-12-15_core-gap10_min3_strict-v1
og_consensus_gaps5-8-10-12-15_core-gap10_min3_strict-v1:Q9H0E3:300-321,Q9H0E3,321,S,4,35254053;35289036;39531497;39534244,og_consensus_gaps5-8-10-12-15_core-gap10_min3_strict-v1
og_consensus_gaps5-8-10-12-15_core-gap10_min3_strict-v1:Q9H0E3:454-460,Q9H0E3,454,S,2,35289036;39531497,og_consensus_gaps5-8-10-12-15_core-gap10_min3_strict-v1
og_consensus_gaps5-8-10-12-15_core-gap10_min3_strict-v1:Q9H0E3:454-460,Q9H0E3,455,S,1,34846842,og_consensus_gaps5-8-10-12-15_core-gap10_min3_strict-v1
og_consensus_gaps5-8-10-12-15_core-gap10_min3_strict-v1:Q9H0E3:454-460,Q9H0E3,460,S,7,29237092;31492838;32574038;34846842;35289036;39531497;39534244,og_consensus_gaps5-8-10-12-15_core-gap10_min3_strict-v1
og_consensus_gaps5-8-10-12-15_core-gap10_min3_strict-v1:Q9H0E3:503-512,Q9H0E3,503,T,1,39534244,og_consensus_gaps5-8-10-12-15_core-gap10_min3_strict-v1
og_consensus_gaps5-8-10-12-15_core-gap10_min3_strict-v1:Q9H0E3:503-512,Q9H0E3,505,T,1,39534244,og_consensus_gaps5-8-10-12-15_core-gap10_min3_strict-v1
og_consensus_gaps5-8-10-12-15_core-gap10_min3_strict-v1:Q9H0E3:503-512,Q9H0E3,508,T,2,29351928;39534244,og_consensus_gaps5-8-10-12-15_core-gap10_min3_strict-v1
og_consensus_gaps5-8-10-12-15_core-gap10_min3_strict-v1:Q9H0E3:503-512,Q9H0E3,509,S,3,29351928;39531497;39534244,og_consensus_gaps5-8-10-12-15_core-gap10_min3_strict-v1
og_consensus_gaps5-8-10-12-15_core-gap10_min3_strict-v1:Q9H0E3:503-512,Q9H0E3,512,S,2,35132862;39534244,og_consensus_gaps5-8-10-12-15_core-gap10_min3_strict-v1
og_consensus_gaps5-8-10-12-15_core-gap10_min3_strict-v1:Q9H0E9:276-290,Q9H0E9,276,T,1,35254053,og_consensus_gaps5-8-10-12-15_core-gap10_min3_strict-v1
og_consensus_gaps5-8-10-12-15_core-gap10_min3_strict-v1:Q9H0E9:276-290,Q9H0E9,279,T,1,35254053,og_consensus_gaps5-8-10-12-15_core-gap10_min3_strict-v1
og_consensus_gaps5-8-10-12-15_core-gap10_min3_strict-v1:Q9H0E9:276-290,Q9H0E9,280,T,2,35254053;38838015,og_consensus_gaps5-8-10-12-15_core-gap10_min3_strict-v1
og_consensus_gaps5-8-10-12-15_core-gap10_min3_strict-v1:Q9H0E9:276-290,Q9H0E9,284,S,3,29351928;35254053;39534244,og_consensus_gaps5-8-10-12-15_core-gap10_min3_strict-v1
og_consensus_gaps5-8-10-12-15_core-gap10_min3_strict-v1:Q9H0E9:276-290,Q9H0E9,286,T,1,39534244,og_consensus_gaps5-8-10-12-15_core-gap10_min3_strict-v1
og_consensus_gaps5-8-10-12-15_core-gap10_min3_strict-v1:Q9H0E9:276-290,Q9H0E9,287,T,6,29351928;32938750;35254053;37541260;39531497;39534244,og_consensus_gaps5-8-10-12-15_core-gap10_min3_strict-v1
og_consensus_gaps5-8-10-12-15_core-gap10_min3_strict-v1:Q9H0E9:276-290,Q9H0E9,290,S,1,39534244,og_consensus_gaps5-8-10-12-15_core-gap10_min3_strict-v1
og_consensus_gaps5-8-10-12-15_core-gap10_min3_strict-v1:Q9H1B7:179-186,Q9H1B7,179,S,15,23301498;29237092;29351928;30059200;31492838;32574038;32938750;35132862;35254053;35289036;35513511;37541260;39302247;39531497;39534244,og_consensus_gaps5-8-10-12-15_core-gap10_min3_strict-v1
og_consensus_gaps5-8-10-12-15_core-gap10_min3_strict-v1:Q9H1B7:179-186,Q9H1B7,182,S,1,39534244,og_consensus_gaps5-8-10-12-15_core-gap10_min3_strict-v1
og_consensus_gaps5-8-10-12-15_core-gap10_min3_strict-v1:Q9H1B7:179-186,Q9H1B7,183,S,2,34846842;35289036,og_consensus_gaps5-8-10-12-15_core-gap10_min3_strict-v1
og_consensus_gaps5-8-10-12-15_core-gap10_min3_strict-v1:Q9H1B7:179-186,Q9H1B7,184,S,1,34846842,og_consensus_gaps5-8-10-12-15_core-gap10_min3_strict-v1
og_consensus_gaps5-8-10-12-15_core-gap10_min3_strict-v1:Q9H1B7:179-186,Q9H1B7,186,T,1,39534244,og_consensus_gaps5-8-10-12-15_core-gap10_min3_strict-v1
og_consensus_gaps5-8-10-12-15_core-gap10_min3_strict-v1:Q9H1D0:723-727,Q9H1D0,723,S,1,38253038,og_consensus_gaps5-8-10-12-15_core-gap10_min3_strict-v1
og_consensus_gaps5-8-10-12-15_core-gap10_min3_strict-v1:Q9H1D0:723-727,Q9H1D0,725,S,1,38253038,og_consensus_gaps5-8-10-12-15_core-gap10_min3_strict-v1
og_consensus_gaps5-8-10-12-15_core-gap10_min3_strict-v1:Q9H1D0:723-727,Q9H1D0,727,S,1,38253038,og_consensus_gaps5-8-10-12-15_core-gap10_min3_strict-v1
og_consensus_gaps5-8-10-12-15_core-gap10_min3_strict-v1:Q9H2F5:758-762,Q9H2F5,758,T,2,35705054;39531497,og_consensus_gaps5-8-10-12-15_core-gap10_min3_strict-v1
og_consensus_gaps5-8-10-12-15_core-gap10_min3_strict-v1:Q9H2F5:758-762,Q9H2F5,761,S,1,35705054,og_consensus_gaps5-8-10-12-15_core-gap10_min3_strict-v1
og_consensus_gaps5-8-10-12-15_core-gap10_min3_strict-v1:Q9H2F5:758-762,Q9H2F5,762,S,3,35254053;35705054;39531497,og_consensus_gaps5-8-10-12-15_core-gap10_min3_strict-v1
og_consensus_gaps5-8-10-12-15_core-gap10_min3_strict-v1:Q9H2P0:358-365,Q9H2P0,358,S,5,30059200;31492838;35254053;35289036;39531497,og_consensus_gaps5-8-10-12-15_core-gap10_min3_strict-v1
og_consensus_gaps5-8-10-12-15_core-gap10_min3_strict-v1:Q9H2P0:358-365,Q9H2P0,363,S,1,39534244,og_consensus_gaps5-8-10-12-15_core-gap10_min3_strict-v1
og_consensus_gaps5-8-10-12-15_core-gap10_min3_strict-v1:Q9H2P0:358-365,Q9H2P0,365,S,1,39534244,og_consensus_gaps5-8-10-12-15_core-gap10_min3_strict-v1
og_consensus_gaps5-8-10-12-15_core-gap10_min3_strict-v1:Q9H334:415-422,Q9H334,415,T,2,29351928;35132862,og_consensus_gaps5-8-10-12-15_core-gap10_min3_strict-v1
og_consensus_gaps5-8-10-12-15_core-gap10_min3_strict-v1:Q9H334:415-422,Q9H334,418,T,3,29351928;32938750;39534244,og_consensus_gaps5-8-10-12-15_core-gap10_min3_strict-v1
og_consensus_gaps5-8-10-12-15_core-gap10_min3_strict-v1:Q9H334:415-422,Q9H334,422,S,1,35132862,og_consensus_gaps5-8-10-12-15_core-gap10_min3_strict-v1
og_consensus_gaps5-8-10-12-15_core-gap10_min3_strict-v1:Q9H4A3:1244-1248,Q9H4A3,1244,T,3,32574038;35705054;39534244,og_consensus_gaps5-8-10-12-15_core-gap10_min3_strict-v1
og_consensus_gaps5-8-10-12-15_core-gap10_min3_strict-v1:Q9H4A3:1244-1248,Q9H4A3,1245,S,4,32938750;35254053;35513511;39534244,og_consensus_gaps5-8-10-12-15_core-gap10_min3_strict-v1
og_consensus_gaps5-8-10-12-15_core-gap10_min3_strict-v1:Q9H4A3:1244-1248,Q9H4A3,1248,T,1,35132862,og_consensus_gaps5-8-10-12-15_core-gap10_min3_strict-v1
og_consensus_gaps5-8-10-12-15_core-gap10_min3_strict-v1:Q9H4A3:1276-1289,Q9H4A3,1276,S,3,29351928;35254053;39531497,og_consensus_gaps5-8-10-12-15_core-gap10_min3_strict-v1
og_consensus_gaps5-8-10-12-15_core-gap10_min3_strict-v1:Q9H4A3:1276-1289,Q9H4A3,1281,T,2,35254053;39531497,og_consensus_gaps5-8-10-12-15_core-gap10_min3_strict-v1
og_consensus_gaps5-8-10-12-15_core-gap10_min3_strict-v1:Q9H4A3:1276-1289,Q9H4A3,1285,S,3,29351928;35254053;39531497,og_consensus_gaps5-8-10-12-15_core-gap10_min3_strict-v1
og_consensus_gaps5-8-10-12-15_core-gap10_min3_strict-v1:Q9H4A3:1276-1289,Q9H4A3,1286,T,2,39531497;39534244,og_consensus_gaps5-8-10-12-15_core-gap10_min3_strict-v1
og_consensus_gaps5-8-10-12-15_core-gap10_min3_strict-v1:Q9H4A3:1276-1289,Q9H4A3,1289,S,2,39531497;39534244,og_consensus_gaps5-8-10-12-15_core-gap10_min3_strict-v1
og_consensus_gaps5-8-10-12-15_core-gap10_min3_strict-v1:Q9H4A3:1495-1500,Q9H4A3,1495,T,1,39531497,og_consensus_gaps5-8-10-12-15_core-gap10_min3_strict-v1
og_consensus_gaps5-8-10-12-15_core-gap10_min3_strict-v1:Q9H4A3:1495-1500,Q9H4A3,1497,S,1,39531497,og_consensus_gaps5-8-10-12-15_core-gap10_min3_strict-v1
og_consensus_gaps5-8-10-12-15_core-gap10_min3_strict-v1:Q9H4A3:1495-1500,Q9H4A3,1500,S,1,39531497,og_consensus_gaps5-8-10-12-15_core-gap10_min3_strict-v1
og_consensus_gaps5-8-10-12-15_core-gap10_min3_strict-v1:Q9H4A3:1848-1850,Q9H4A3,1848,T,14,21740066;28657654;29249144;30059200;30620550;32574038;32938750;34846842;35132862;35254053;35289036;37541260;38838015;39531497,og_consensus_gaps5-8-10-12-15_core-gap10_min3_strict-v1
og_consensus_gaps5-8-10-12-15_core-gap10_min3_strict-v1:Q9H4A3:1848-1850,Q9H4A3,1849,S,22,21740066;23301498;28657654;29237092;29249144;29351928;30059200;30620550;31373491;31492838;32574038;32938750;34846842;35132862;35254053;35289036;35513511;36240223;37541260;38838015;39531497;39534244,og_consensus_gaps5-8-10-12-15_core-gap10_min3_strict-v1
og_consensus_gaps5-8-10-12-15_core-gap10_min3_strict-v1:Q9H4A3:1848-1850,Q9H4A3,1850,S,7,29237092;29249144;30059200;31492838;32574038;35254053;39531497,og_consensus_gaps5-8-10-12-15_core-gap10_min3_strict-v1
og_consensus_gaps5-8-10-12-15_core-gap10_min3_strict-v1:Q9H4A3:1949-1951,Q9H4A3,1949,T,2,35254053;39531497,og_consensus_gaps5-8-10-12-15_core-gap10_min3_strict-v1
og_consensus_gaps5-8-10-12-15_core-gap10_min3_strict-v1:Q9H4A3:1949-1951,Q9H4A3,1950,T,12,28657654;29237092;30059200;30620550;31373491;31492838;32574038;35254053;35513511;37541260;38838015;39531497,og_consensus_gaps5-8-10-12-15_core-gap10_min3_strict-v1
og_consensus_gaps5-8-10-12-15_core-gap10_min3_strict-v1:Q9H4A3:1949-1951,Q9H4A3,1951,T,4,28657654;32574038;35513511;39531497,og_consensus_gaps5-8-10-12-15_core-gap10_min3_strict-v1
og_consensus_gaps5-8-10-12-15_core-gap10_min3_strict-v1:Q9H4A3:2297-2306,Q9H4A3,2297,S,1,39531497,og_consensus_gaps5-8-10-12-15_core-gap10_min3_strict-v1
og_consensus_gaps5-8-10-12-15_core-gap10_min3_strict-v1:Q9H4A3:2297-2306,Q9H4A3,2302,S,2,35254053;35513511,og_consensus_gaps5-8-10-12-15_core-gap10_min3_strict-v1
og_consensus_gaps5-8-10-12-15_core-gap10_min3_strict-v1:Q9H4A3:2297-2306,Q9H4A3,2306,S,5,21740066;29351928;35254053;35513511;39531497,og_consensus_gaps5-8-10-12-15_core-gap10_min3_strict-v1
og_consensus_gaps5-8-10-12-15_core-gap10_min3_strict-v1:Q9H4G0:793-812,Q9H4G0,793,T,1,35254053,og_consensus_gaps5-8-10-12-15_core-gap10_min3_strict-v1
og_consensus_gaps5-8-10-12-15_core-gap10_min3_strict-v1:Q9H4G0:793-812,Q9H4G0,794,S,5,30059200;35132862;35254053;35513511;39534244,og_consensus_gaps5-8-10-12-15_core-gap10_min3_strict-v1
og_consensus_gaps5-8-10-12-15_core-gap10_min3_strict-v1:Q9H4G0:793-812,Q9H4G0,799,T,1,35132862,og_consensus_gaps5-8-10-12-15_core-gap10_min3_strict-v1
og_consensus_gaps5-8-10-12-15_core-gap10_min3_strict-v1:Q9H4G0:793-812,Q9H4G0,802,T,2,32574038;39534244,og_consensus_gaps5-8-10-12-15_core-gap10_min3_strict-v1
og_consensus_gaps5-8-10-12-15_core-gap10_min3_strict-v1:Q9H4G0:793-812,Q9H4G0,804,S,1,32574038,og_consensus_gaps5-8-10-12-15_core-gap10_min3_strict-v1
og_consensus_gaps5-8-10-12-15_core-gap10_min3_strict-v1:Q9H4G0:793-812,Q9H4G0,809,T,1,34846842,og_consensus_gaps5-8-10-12-15_core-gap10_min3_strict-v1
og_consensus_gaps5-8-10-12-15_core-gap10_min3_strict-v1:Q9H4G0:793-812,Q9H4G0,812,T,1,39534244,og_consensus_gaps5-8-10-12-15_core-gap10_min3_strict-v1
og_consensus_gaps5-8-10-12-15_core-gap10_min3_strict-v1:Q9H4I2:240-246,Q9H4I2,240,S,12,29237092;30059200;31492838;32574038;32938750;34846842;35132862;35254053;35513511;35705054;37541260;39531497,og_consensus_gaps5-8-10-12-15_core-gap10_min3_strict-v1
og_consensus_gaps5-8-10-12-15_core-gap10_min3_strict-v1:Q9H4I2:240-246,Q9H4I2,243,S,2,34846842;35289036,og_consensus_gaps5-8-10-12-15_core-gap10_min3_strict-v1
og_consensus_gaps5-8-10-12-15_core-gap10_min3_strict-v1:Q9H4I2:240-246,Q9H4I2,246,S,2,34846842;35289036,og_consensus_gaps5-8-10-12-15_core-gap10_min3_strict-v1
og_consensus_gaps5-8-10-12-15_core-gap10_min3_strict-v1:Q9H4I2:586-599,Q9H4I2,586,T,5,32938750;34846842;35289036;36240223;39531497,og_consensus_gaps5-8-10-12-15_core-gap10_min3_strict-v1
og_consensus_gaps5-8-10-12-15_core-gap10_min3_strict-v1:Q9H4I2:586-599,Q9H4I2,590,T,4,30059200;32574038;34846842;39531497,og_consensus_gaps5-8-10-12-15_core-gap10_min3_strict-v1
og_consensus_gaps5-8-10-12-15_core-gap10_min3_strict-v1:Q9H4I2:586-599,Q9H4I2,591,T,8,29237092;30059200;31492838;32574038;35254053;35289036;35513511;39531497,og_consensus_gaps5-8-10-12-15_core-gap10_min3_strict-v1
og_consensus_gaps5-8-10-12-15_core-gap10_min3_strict-v1:Q9H4I2:586-599,Q9H4I2,593,T,3,32574038;35254053;39531497,og_consensus_gaps5-8-10-12-15_core-gap10_min3_strict-v1
og_consensus_gaps5-8-10-12-15_core-gap10_min3_strict-v1:Q9H4I2:586-599,Q9H4I2,596,T,2,35254053;35289036,og_consensus_gaps5-8-10-12-15_core-gap10_min3_strict-v1
og_consensus_gaps5-8-10-12-15_core-gap10_min3_strict-v1:Q9H4I2:586-599,Q9H4I2,599,S,2,32574038;35289036,og_consensus_gaps5-8-10-12-15_core-gap10_min3_strict-v1
og_consensus_gaps5-8-10-12-15_core-gap10_min3_strict-v1:Q9H792:500-512,Q9H792,500,S,2,34846842;35254053,og_consensus_gaps5-8-10-12-15_core-gap10_min3_strict-v1
og_consensus_gaps5-8-10-12-15_core-gap10_min3_strict-v1:Q9H792:500-512,Q9H792,501,S,2,34846842;35254053,og_consensus_gaps5-8-10-12-15_core-gap10_min3_strict-v1
og_consensus_gaps5-8-10-12-15_core-gap10_min3_strict-v1:Q9H792:500-512,Q9H792,502,S,1,35289036,og_consensus_gaps5-8-10-12-15_core-gap10_min3_strict-v1
og_consensus_gaps5-8-10-12-15_core-gap10_min3_strict-v1:Q9H792:500-512,Q9H792,504,T,1,39531497,og_consensus_gaps5-8-10-12-15_core-gap10_min3_strict-v1
og_consensus_gaps5-8-10-12-15_core-gap10_min3_strict-v1:Q9H792:500-512,Q9H792,510,T,3,32938750;35254053;39534244,og_consensus_gaps5-8-10-12-15_core-gap10_min3_strict-v1
og_consensus_gaps5-8-10-12-15_core-gap10_min3_strict-v1:Q9H792:500-512,Q9H792,511,S,5,35254053;35513511;37541260;39531497;39534244,og_consensus_gaps5-8-10-12-15_core-gap10_min3_strict-v1
og_consensus_gaps5-8-10-12-15_core-gap10_min3_strict-v1:Q9H792:500-512,Q9H792,512,S,1,39534244,og_consensus_gaps5-8-10-12-15_core-gap10_min3_strict-v1
og_consensus_gaps5-8-10-12-15_core-gap10_min3_strict-v1:Q9H8V3:879-882,Q9H8V3,879,S,2,30620550;39531497,og_consensus_gaps5-8-10-12-15_core-gap10_min3_strict-v1
og_consensus_gaps5-8-10-12-15_core-gap10_min3_strict-v1:Q9H8V3:879-882,Q9H8V3,880,S,1,39534244,og_consensus_gaps5-8-10-12-15_core-gap10_min3_strict-v1
og_consensus_gaps5-8-10-12-15_core-gap10_min3_strict-v1:Q9H8V3:879-882,Q9H8V3,882,S,1,39534244,og_consensus_gaps5-8-10-12-15_core-gap10_min3_strict-v1
og_consensus_gaps5-8-10-12-15_core-gap10_min3_strict-v1:Q9H8Y8:415-424,Q9H8Y8,415,T,1,35705054,og_consensus_gaps5-8-10-12-15_core-gap10_min3_strict-v1
og_consensus_gaps5-8-10-12-15_core-gap10_min3_strict-v1:Q9H8Y8:415-424,Q9H8Y8,418,T,2,35705054;38838015,og_consensus_gaps5-8-10-12-15_core-gap10_min3_strict-v1
og_consensus_gaps5-8-10-12-15_core-gap10_min3_strict-v1:Q9H8Y8:415-424,Q9H8Y8,423,T,2,32574038;39531497,og_consensus_gaps5-8-10-12-15_core-gap10_min3_strict-v1
og_consensus_gaps5-8-10-12-15_core-gap10_min3_strict-v1:Q9H8Y8:415-424,Q9H8Y8,424,T,2,30620550;32574038,og_consensus_gaps5-8-10-12-15_core-gap10_min3_strict-v1
og_consensus_gaps5-8-10-12-15_core-gap10_min3_strict-v1:Q9HAP2:602-607,Q9HAP2,602,S,2,35289036;39531497,og_consensus_gaps5-8-10-12-15_core-gap10_min3_strict-v1
og_consensus_gaps5-8-10-12-15_core-gap10_min3_strict-v1:Q9HAP2:602-607,Q9HAP2,603,T,5,30059200;30620550;32938750;37541260;39531497,og_consensus_gaps5-8-10-12-15_core-gap10_min3_strict-v1
og_consensus_gaps5-8-10-12-15_core-gap10_min3_strict-v1:Q9HAP2:602-607,Q9HAP2,605,S,4,30059200;32938750;35132862;39531497,og_consensus_gaps5-8-10-12-15_core-gap10_min3_strict-v1
og_consensus_gaps5-8-10-12-15_core-gap10_min3_strict-v1:Q9HAP2:602-607,Q9HAP2,607,S,1,30059200,og_consensus_gaps5-8-10-12-15_core-gap10_min3_strict-v1
og_consensus_gaps5-8-10-12-15_core-gap10_min3_strict-v1:Q9HB21:322-326,Q9HB21,322,T,2,29351928;35132862,og_consensus_gaps5-8-10-12-15_core-gap10_min3_strict-v1
og_consensus_gaps5-8-10-12-15_core-gap10_min3_strict-v1:Q9HB21:322-326,Q9HB21,323,S,1,29351928,og_consensus_gaps5-8-10-12-15_core-gap10_min3_strict-v1
og_consensus_gaps5-8-10-12-15_core-gap10_min3_strict-v1:Q9HB21:322-326,Q9HB21,325,S,1,35132862,og_consensus_gaps5-8-10-12-15_core-gap10_min3_strict-v1
og_consensus_gaps5-8-10-12-15_core-gap10_min3_strict-v1:Q9HB21:322-326,Q9HB21,326,T,1,35132862,og_consensus_gaps5-8-10-12-15_core-gap10_min3_strict-v1
og_consensus_gaps5-8-10-12-15_core-gap10_min3_strict-v1:Q9HBD1:468-472,Q9HBD1,468,T,4,34846842;35254053;37541260;39531497,og_consensus_gaps5-8-10-12-15_core-gap10_min3_strict-v1
og_consensus_gaps5-8-10-12-15_core-gap10_min3_strict-v1:Q9HBD1:468-472,Q9HBD1,470,T,3,35254053;37541260;39531497,og_consensus_gaps5-8-10-12-15_core-gap10_min3_strict-v1
og_consensus_gaps5-8-10-12-15_core-gap10_min3_strict-v1:Q9HBD1:468-472,Q9HBD1,471,T,4,30620550;32938750;35254053;39531497,og_consensus_gaps5-8-10-12-15_core-gap10_min3_strict-v1
og_consensus_gaps5-8-10-12-15_core-gap10_min3_strict-v1:Q9HBD1:468-472,Q9HBD1,472,T,6,30059200;30620550;32938750;35254053;37541260;39531497,og_consensus_gaps5-8-10-12-15_core-gap10_min3_strict-v1
og_consensus_gaps5-8-10-12-15_core-gap10_min3_strict-v1:Q9HBD1:556-566,Q9HBD1,556,S,1,39531497,og_consensus_gaps5-8-10-12-15_core-gap10_min3_strict-v1
og_consensus_gaps5-8-10-12-15_core-gap10_min3_strict-v1:Q9HBD1:556-566,Q9HBD1,561,T,2,35254053;39531497,og_consensus_gaps5-8-10-12-15_core-gap10_min3_strict-v1
og_consensus_gaps5-8-10-12-15_core-gap10_min3_strict-v1:Q9HBD1:556-566,Q9HBD1,562,S,2,35254053;39531497,og_consensus_gaps5-8-10-12-15_core-gap10_min3_strict-v1
og_consensus_gaps5-8-10-12-15_core-gap10_min3_strict-v1:Q9HBD1:556-566,Q9HBD1,566,S,2,35254053;39531497,og_consensus_gaps5-8-10-12-15_core-gap10_min3_strict-v1
og_consensus_gaps5-8-10-12-15_core-gap10_min3_strict-v1:Q9HBM6:147-165,Q9HBM6,147,S,1,35289036,og_consensus_gaps5-8-10-12-15_core-gap10_min3_strict-v1
og_consensus_gaps5-8-10-12-15_core-gap10_min3_strict-v1:Q9HBM6:147-165,Q9HBM6,152,S,4,35254053;35289036;35705054;39534244,og_consensus_gaps5-8-10-12-15_core-gap10_min3_strict-v1
og_consensus_gaps5-8-10-12-15_core-gap10_min3_strict-v1:Q9HBM6:147-165,Q9HBM6,153,S,10,29351928;30059200;31492838;32938750;35254053;35289036;35513511;39302247;39531497;39534244,og_consensus_gaps5-8-10-12-15_core-gap10_min3_strict-v1
og_consensus_gaps5-8-10-12-15_core-gap10_min3_strict-v1:Q9HBM6:147-165,Q9HBM6,156,T,2,35289036;39534244,og_consensus_gaps5-8-10-12-15_core-gap10_min3_strict-v1
og_consensus_gaps5-8-10-12-15_core-gap10_min3_strict-v1:Q9HBM6:147-165,Q9HBM6,159,T,4,32574038;35132862;35289036;39534244,og_consensus_gaps5-8-10-12-15_core-gap10_min3_strict-v1
og_consensus_gaps5-8-10-12-15_core-gap10_min3_strict-v1:Q9HBM6:147-165,Q9HBM6,162,T,1,35132862,og_consensus_gaps5-8-10-12-15_core-gap10_min3_strict-v1
og_consensus_gaps5-8-10-12-15_core-gap10_min3_strict-v1:Q9HBM6:147-165,Q9HBM6,165,T,1,35254053,og_consensus_gaps5-8-10-12-15_core-gap10_min3_strict-v1
og_consensus_gaps5-8-10-12-15_core-gap10_min3_strict-v1:Q9HC78:444-449,Q9HC78,444,T,1,35254053,og_consensus_gaps5-8-10-12-15_core-gap10_min3_strict-v1
og_consensus_gaps5-8-10-12-15_core-gap10_min3_strict-v1:Q9HC78:444-449,Q9HC78,447,T,1,35254053,og_consensus_gaps5-8-10-12-15_core-gap10_min3_strict-v1
og_consensus_gaps5-8-10-12-15_core-gap10_min3_strict-v1:Q9HC78:444-449,Q9HC78,449,S,1,35254053,og_consensus_gaps5-8-10-12-15_core-gap10_min3_strict-v1
og_consensus_gaps5-8-10-12-15_core-gap10_min3_strict-v1:Q9HCD5:416-427,Q9HCD5,416,S,1,39531497,og_consensus_gaps5-8-10-12-15_core-gap10_min3_strict-v1
og_consensus_gaps5-8-10-12-15_core-gap10_min3_strict-v1:Q9HCD5:416-427,Q9HCD5,418,T,3,29351928;35254053;37541260,og_consensus_gaps5-8-10-12-15_core-gap10_min3_strict-v1
og_consensus_gaps5-8-10-12-15_core-gap10_min3_strict-v1:Q9HCD5:416-427,Q9HCD5,422,S,1,35132862,og_consensus_gaps5-8-10-12-15_core-gap10_min3_strict-v1
og_consensus_gaps5-8-10-12-15_core-gap10_min3_strict-v1:Q9HCD5:416-427,Q9HCD5,426,T,3,29351928;35132862;35705054,og_consensus_gaps5-8-10-12-15_core-gap10_min3_strict-v1
og_consensus_gaps5-8-10-12-15_core-gap10_min3_strict-v1:Q9HCD5:416-427,Q9HCD5,427,S,4,29351928;35254053;35289036;38838015,og_consensus_gaps5-8-10-12-15_core-gap10_min3_strict-v1
og_consensus_gaps5-8-10-12-15_core-gap10_min3_strict-v1:Q9HCD5:449-454,Q9HCD5,449,S,1,29351928,og_consensus_gaps5-8-10-12-15_core-gap10_min3_strict-v1
og_consensus_gaps5-8-10-12-15_core-gap10_min3_strict-v1:Q9HCD5:449-454,Q9HCD5,452,S,1,39534244,og_consensus_gaps5-8-10-12-15_core-gap10_min3_strict-v1
og_consensus_gaps5-8-10-12-15_core-gap10_min3_strict-v1:Q9HCD5:449-454,Q9HCD5,454,S,1,39534244,og_consensus_gaps5-8-10-12-15_core-gap10_min3_strict-v1
og_consensus_gaps5-8-10-12-15_core-gap10_min3_strict-v1:Q9HCD5:520-530,Q9HCD5,520,S,2,39531497;39534244,og_consensus_gaps5-8-10-12-15_core-gap10_min3_strict-v1
og_consensus_gaps5-8-10-12-15_core-gap10_min3_strict-v1:Q9HCD5:520-530,Q9HCD5,524,S,1,35289036,og_consensus_gaps5-8-10-12-15_core-gap10_min3_strict-v1
og_consensus_gaps5-8-10-12-15_core-gap10_min3_strict-v1:Q9HCD5:520-530,Q9HCD5,529,S,2,35289036;39534244,og_consensus_gaps5-8-10-12-15_core-gap10_min3_strict-v1
og_consensus_gaps5-8-10-12-15_core-gap10_min3_strict-v1:Q9HCD5:520-530,Q9HCD5,530,S,5,29237092;30059200;31492838;35513511;39534244,og_consensus_gaps5-8-10-12-15_core-gap10_min3_strict-v1
og_consensus_gaps5-8-10-12-15_core-gap10_min3_strict-v1:Q9HCD6:1639-1647,Q9HCD6,1639,S,2,39302247;39534244,og_consensus_gaps5-8-10-12-15_core-gap10_min3_strict-v1
og_consensus_gaps5-8-10-12-15_core-gap10_min3_strict-v1:Q9HCD6:1639-1647,Q9HCD6,1642,S,1,39302247,og_consensus_gaps5-8-10-12-15_core-gap10_min3_strict-v1
og_consensus_gaps5-8-10-12-15_core-gap10_min3_strict-v1:Q9HCD6:1639-1647,Q9HCD6,1646,S,1,32574038,og_consensus_gaps5-8-10-12-15_core-gap10_min3_strict-v1
og_consensus_gaps5-8-10-12-15_core-gap10_min3_strict-v1:Q9HCD6:1639-1647,Q9HCD6,1647,S,6,30620550;31492838;32574038;35132862;35254053;35289036,og_consensus_gaps5-8-10-12-15_core-gap10_min3_strict-v1
og_consensus_gaps5-8-10-12-15_core-gap10_min3_strict-v1:Q9HCE3:479-485,Q9HCE3,479,T,5,34846842;35254053;35289036;35513511;39531497,og_consensus_gaps5-8-10-12-15_core-gap10_min3_strict-v1
og_consensus_gaps5-8-10-12-15_core-gap10_min3_strict-v1:Q9HCE3:479-485,Q9HCE3,482,S,6,29237092;31492838;32938750;35254053;35513511;39531497,og_consensus_gaps5-8-10-12-15_core-gap10_min3_strict-v1
og_consensus_gaps5-8-10-12-15_core-gap10_min3_strict-v1:Q9HCE3:479-485,Q9HCE3,485,S,1,34846842,og_consensus_gaps5-8-10-12-15_core-gap10_min3_strict-v1
og_consensus_gaps5-8-10-12-15_core-gap10_min3_strict-v1:Q9HCK8:2518-2523,Q9HCK8,2518,S,1,39534244,og_consensus_gaps5-8-10-12-15_core-gap10_min3_strict-v1
og_consensus_gaps5-8-10-12-15_core-gap10_min3_strict-v1:Q9HCK8:2518-2523,Q9HCK8,2519,S,1,35254053,og_consensus_gaps5-8-10-12-15_core-gap10_min3_strict-v1
og_consensus_gaps5-8-10-12-15_core-gap10_min3_strict-v1:Q9HCK8:2518-2523,Q9HCK8,2522,T,1,35254053,og_consensus_gaps5-8-10-12-15_core-gap10_min3_strict-v1
og_consensus_gaps5-8-10-12-15_core-gap10_min3_strict-v1:Q9HCK8:2518-2523,Q9HCK8,2523,T,1,35254053,og_consensus_gaps5-8-10-12-15_core-gap10_min3_strict-v1
og_consensus_gaps5-8-10-12-15_core-gap10_min3_strict-v1:Q9NPG3:857-884,Q9NPG3,857,S,2,34846842;35289036,og_consensus_gaps5-8-10-12-15_core-gap10_min3_strict-v1
og_consensus_gaps5-8-10-12-15_core-gap10_min3_strict-v1:Q9NPG3:857-884,Q9NPG3,861,T,2,32574038;39531497,og_consensus_gaps5-8-10-12-15_core-gap10_min3_strict-v1
og_consensus_gaps5-8-10-12-15_core-gap10_min3_strict-v1:Q9NPG3:857-884,Q9NPG3,862,S,3,30059200;34846842;35254053,og_consensus_gaps5-8-10-12-15_core-gap10_min3_strict-v1
og_consensus_gaps5-8-10-12-15_core-gap10_min3_strict-v1:Q9NPG3:857-884,Q9NPG3,866,S,2,34846842;35254053,og_consensus_gaps5-8-10-12-15_core-gap10_min3_strict-v1
og_consensus_gaps5-8-10-12-15_core-gap10_min3_strict-v1:Q9NPG3:857-884,Q9NPG3,868,S,1,34846842,og_consensus_gaps5-8-10-12-15_core-gap10_min3_strict-v1
og_consensus_gaps5-8-10-12-15_core-gap10_min3_strict-v1:Q9NPG3:857-884,Q9NPG3,869,S,1,34846842,og_consensus_gaps5-8-10-12-15_core-gap10_min3_strict-v1
og_consensus_gaps5-8-10-12-15_core-gap10_min3_strict-v1:Q9NPG3:857-884,Q9NPG3,870,S,2,35289036;39534244,og_consensus_gaps5-8-10-12-15_core-gap10_min3_strict-v1
og_consensus_gaps5-8-10-12-15_core-gap10_min3_strict-v1:Q9NPG3:857-884,Q9NPG3,872,S,1,34846842,og_consensus_gaps5-8-10-12-15_core-gap10_min3_strict-v1
og_consensus_gaps5-8-10-12-15_core-gap10_min3_strict-v1:Q9NPG3:857-884,Q9NPG3,875,T,4,35254053;35289036;35513511;39531497,og_consensus_gaps5-8-10-12-15_core-gap10_min3_strict-v1
og_consensus_gaps5-8-10-12-15_core-gap10_min3_strict-v1:Q9NPG3:857-884,Q9NPG3,878,S,7,28314751;29351928;30059200;35254053;35513511;37541260;39302247,og_consensus_gaps5-8-10-12-15_core-gap10_min3_strict-v1
og_consensus_gaps5-8-10-12-15_core-gap10_min3_strict-v1:Q9NPG3:857-884,Q9NPG3,879,S,2,29351928;30059200,og_consensus_gaps5-8-10-12-15_core-gap10_min3_strict-v1
og_consensus_gaps5-8-10-12-15_core-gap10_min3_strict-v1:Q9NPG3:857-884,Q9NPG3,881,S,1,35289036,og_consensus_gaps5-8-10-12-15_core-gap10_min3_strict-v1
og_consensus_gaps5-8-10-12-15_core-gap10_min3_strict-v1:Q9NPG3:857-884,Q9NPG3,884,S,1,35132862,og_consensus_gaps5-8-10-12-15_core-gap10_min3_strict-v1
og_consensus_gaps5-8-10-12-15_core-gap10_min3_strict-v1:Q9NPG3:996-1004,Q9NPG3,996,S,1,35289036,og_consensus_gaps5-8-10-12-15_core-gap10_min3_strict-v1
og_consensus_gaps5-8-10-12-15_core-gap10_min3_strict-v1:Q9NPG3:996-1004,Q9NPG3,999,S,4,30059200;32938750;35254053;39531497,og_consensus_gaps5-8-10-12-15_core-gap10_min3_strict-v1
og_consensus_gaps5-8-10-12-15_core-gap10_min3_strict-v1:Q9NPG3:996-1004,Q9NPG3,1002,T,2,35254053;39531497,og_consensus_gaps5-8-10-12-15_core-gap10_min3_strict-v1
og_consensus_gaps5-8-10-12-15_core-gap10_min3_strict-v1:Q9NPG3:996-1004,Q9NPG3,1003,S,1,35289036,og_consensus_gaps5-8-10-12-15_core-gap10_min3_strict-v1
og_consensus_gaps5-8-10-12-15_core-gap10_min3_strict-v1:Q9NPG3:996-1004,Q9NPG3,1004,S,8,29237092;29351928;30059200;32938750;35254053;35513511;39531497;39534244,og_consensus_gaps5-8-10-12-15_core-gap10_min3_strict-v1
og_consensus_gaps5-8-10-12-15_core-gap10_min3_strict-v1:Q9NPG4:1179-1181,Q9NPG4,1179,S,1,31492838,og_consensus_gaps5-8-10-12-15_core-gap10_min3_strict-v1
og_consensus_gaps5-8-10-12-15_core-gap10_min3_strict-v1:Q9NPG4:1179-1181,Q9NPG4,1180,S,1,31492838,og_consensus_gaps5-8-10-12-15_core-gap10_min3_strict-v1
og_consensus_gaps5-8-10-12-15_core-gap10_min3_strict-v1:Q9NPG4:1179-1181,Q9NPG4,1181,S,1,31492838,og_consensus_gaps5-8-10-12-15_core-gap10_min3_strict-v1
og_consensus_gaps5-8-10-12-15_core-gap10_min3_strict-v1:Q9NPI6:491-499,Q9NPI6,491,T,1,32938750,og_consensus_gaps5-8-10-12-15_core-gap10_min3_strict-v1
og_consensus_gaps5-8-10-12-15_core-gap10_min3_strict-v1:Q9NPI6:491-499,Q9NPI6,494,T,1,39534244,og_consensus_gaps5-8-10-12-15_core-gap10_min3_strict-v1
og_consensus_gaps5-8-10-12-15_core-gap10_min3_strict-v1:Q9NPI6:491-499,Q9NPI6,495,T,3,32938750;39531497;39534244,og_consensus_gaps5-8-10-12-15_core-gap10_min3_strict-v1
og_consensus_gaps5-8-10-12-15_core-gap10_min3_strict-v1:Q9NPI6:491-499,Q9NPI6,498,S,2,32938750;39534244,og_consensus_gaps5-8-10-12-15_core-gap10_min3_strict-v1
og_consensus_gaps5-8-10-12-15_core-gap10_min3_strict-v1:Q9NPI6:491-499,Q9NPI6,499,S,2,39531497;39534244,og_consensus_gaps5-8-10-12-15_core-gap10_min3_strict-v1
og_consensus_gaps5-8-10-12-15_core-gap10_min3_strict-v1:Q9NQX3:260-265,Q9NQX3,260,T,2,28657654;35254053,og_consensus_gaps5-8-10-12-15_core-gap10_min3_strict-v1
og_consensus_gaps5-8-10-12-15_core-gap10_min3_strict-v1:Q9NQX3:260-265,Q9NQX3,262,S,1,31373491,og_consensus_gaps5-8-10-12-15_core-gap10_min3_strict-v1
og_consensus_gaps5-8-10-12-15_core-gap10_min3_strict-v1:Q9NQX3:260-265,Q9NQX3,265,T,1,28657654,og_consensus_gaps5-8-10-12-15_core-gap10_min3_strict-v1
og_consensus_gaps5-8-10-12-15_core-gap10_min3_strict-v1:Q9NR12:214-220,Q9NR12,214,T,1,39534244,og_consensus_gaps5-8-10-12-15_core-gap10_min3_strict-v1
og_consensus_gaps5-8-10-12-15_core-gap10_min3_strict-v1:Q9NR12:214-220,Q9NR12,217,S,1,39534244,og_consensus_gaps5-8-10-12-15_core-gap10_min3_strict-v1
og_consensus_gaps5-8-10-12-15_core-gap10_min3_strict-v1:Q9NR12:214-220,Q9NR12,219,T,1,39534244,og_consensus_gaps5-8-10-12-15_core-gap10_min3_strict-v1
og_consensus_gaps5-8-10-12-15_core-gap10_min3_strict-v1:Q9NR12:214-220,Q9NR12,220,S,1,39534244,og_consensus_gaps5-8-10-12-15_core-gap10_min3_strict-v1
og_consensus_gaps5-8-10-12-15_core-gap10_min3_strict-v1:Q9NSC7:171-177,Q9NSC7,171,T,1,38253038,og_consensus_gaps5-8-10-12-15_core-gap10_min3_strict-v1
og_consensus_gaps5-8-10-12-15_core-gap10_min3_strict-v1:Q9NSC7:171-177,Q9NSC7,175,T,1,38253038,og_consensus_gaps5-8-10-12-15_core-gap10_min3_strict-v1
og_consensus_gaps5-8-10-12-15_core-gap10_min3_strict-v1:Q9NSC7:171-177,Q9NSC7,177,S,1,38253038,og_consensus_gaps5-8-10-12-15_core-gap10_min3_strict-v1
og_consensus_gaps5-8-10-12-15_core-gap10_min3_strict-v1:Q9NTZ6:110-143,Q9NTZ6,110,S,1,32574038,og_consensus_gaps5-8-10-12-15_core-gap10_min3_strict-v1
og_consensus_gaps5-8-10-12-15_core-gap10_min3_strict-v1:Q9NTZ6:110-143,Q9NTZ6,111,S,1,31492838,og_consensus_gaps5-8-10-12-15_core-gap10_min3_strict-v1
og_consensus_gaps5-8-10-12-15_core-gap10_min3_strict-v1:Q9NTZ6:110-143,Q9NTZ6,114,S,1,32574038,og_consensus_gaps5-8-10-12-15_core-gap10_min3_strict-v1
og_consensus_gaps5-8-10-12-15_core-gap10_min3_strict-v1:Q9NTZ6:110-143,Q9NTZ6,115,S,1,32574038,og_consensus_gaps5-8-10-12-15_core-gap10_min3_strict-v1
og_consensus_gaps5-8-10-12-15_core-gap10_min3_strict-v1:Q9NTZ6:110-143,Q9NTZ6,121,T,5,29351928;35132862;35254053;39302247;39531497,og_consensus_gaps5-8-10-12-15_core-gap10_min3_strict-v1
og_consensus_gaps5-8-10-12-15_core-gap10_min3_strict-v1:Q9NTZ6:110-143,Q9NTZ6,122,T,9,30059200;31637018;32938750;35254053;35289036;37541260;39302247;39531497;39534244,og_consensus_gaps5-8-10-12-15_core-gap10_min3_strict-v1
og_consensus_gaps5-8-10-12-15_core-gap10_min3_strict-v1:Q9NTZ6:110-143,Q9NTZ6,124,S,9,31637018;32938750;35132862;35254053;35289036;37541260;39302247;39531497;39534244,og_consensus_gaps5-8-10-12-15_core-gap10_min3_strict-v1
og_consensus_gaps5-8-10-12-15_core-gap10_min3_strict-v1:Q9NTZ6:110-143,Q9NTZ6,130,S,7,31637018;35132862;35254053;35289036;37541260;39531497;39534244,og_consensus_gaps5-8-10-12-15_core-gap10_min3_strict-v1
og_consensus_gaps5-8-10-12-15_core-gap10_min3_strict-v1:Q9NTZ6:110-143,Q9NTZ6,132,S,5,31637018;35254053;35289036;39531497;39534244,og_consensus_gaps5-8-10-12-15_core-gap10_min3_strict-v1
og_consensus_gaps5-8-10-12-15_core-gap10_min3_strict-v1:Q9NTZ6:110-143,Q9NTZ6,135,T,7,31637018;32938750;35132862;35254053;35289036;39531497;39534244,og_consensus_gaps5-8-10-12-15_core-gap10_min3_strict-v1
og_consensus_gaps5-8-10-12-15_core-gap10_min3_strict-v1:Q9NTZ6:110-143,Q9NTZ6,137,T,5,29351928;31637018;35254053;39531497;39534244,og_consensus_gaps5-8-10-12-15_core-gap10_min3_strict-v1
og_consensus_gaps5-8-10-12-15_core-gap10_min3_strict-v1:Q9NTZ6:110-143,Q9NTZ6,138,T,4,29351928;35254053;37541260;39531497,og_consensus_gaps5-8-10-12-15_core-gap10_min3_strict-v1
og_consensus_gaps5-8-10-12-15_core-gap10_min3_strict-v1:Q9NTZ6:110-143,Q9NTZ6,139,S,6,23301498;29351928;35254053;37541260;39531497;39534244,og_consensus_gaps5-8-10-12-15_core-gap10_min3_strict-v1
og_consensus_gaps5-8-10-12-15_core-gap10_min3_strict-v1:Q9NTZ6:110-143,Q9NTZ6,143,S,1,36240223,og_consensus_gaps5-8-10-12-15_core-gap10_min3_strict-v1
og_consensus_gaps5-8-10-12-15_core-gap10_min3_strict-v1:Q9NUW8:11-18,Q9NUW8,11,T,1,30379171,og_consensus_gaps5-8-10-12-15_core-gap10_min3_strict-v1
og_consensus_gaps5-8-10-12-15_core-gap10_min3_strict-v1:Q9NUW8:11-18,Q9NUW8,13,S,1,30379171,og_consensus_gaps5-8-10-12-15_core-gap10_min3_strict-v1
og_consensus_gaps5-8-10-12-15_core-gap10_min3_strict-v1:Q9NUW8:11-18,Q9NUW8,14,S,1,30379171,og_consensus_gaps5-8-10-12-15_core-gap10_min3_strict-v1
og_consensus_gaps5-8-10-12-15_core-gap10_min3_strict-v1:Q9NUW8:11-18,Q9NUW8,15,S,1,30379171,og_consensus_gaps5-8-10-12-15_core-gap10_min3_strict-v1
og_consensus_gaps5-8-10-12-15_core-gap10_min3_strict-v1:Q9NUW8:11-18,Q9NUW8,18,S,1,30379171,og_consensus_gaps5-8-10-12-15_core-gap10_min3_strict-v1
og_consensus_gaps5-8-10-12-15_core-gap10_min3_strict-v1:Q9NXV6:209-212,Q9NXV6,209,S,4,30379171;34846842;35254053;39531497,og_consensus_gaps5-8-10-12-15_core-gap10_min3_strict-v1
og_consensus_gaps5-8-10-12-15_core-gap10_min3_strict-v1:Q9NXV6:209-212,Q9NXV6,211,S,1,30379171,og_consensus_gaps5-8-10-12-15_core-gap10_min3_strict-v1
og_consensus_gaps5-8-10-12-15_core-gap10_min3_strict-v1:Q9NXV6:209-212,Q9NXV6,212,S,2,30379171;35254053,og_consensus_gaps5-8-10-12-15_core-gap10_min3_strict-v1
og_consensus_gaps5-8-10-12-15_core-gap10_min3_strict-v1:Q9NXV6:323-330,Q9NXV6,323,T,11,20068230;28657654;30059200;30379171;31492838;31637018;33465208;35254053;35705054;37541260;38838015,og_consensus_gaps5-8-10-12-15_core-gap10_min3_strict-v1
og_consensus_gaps5-8-10-12-15_core-gap10_min3_strict-v1:Q9NXV6:323-330,Q9NXV6,324,S,5,30059200;30379171;34846842;35254053;35289036,og_consensus_gaps5-8-10-12-15_core-gap10_min3_strict-v1
og_consensus_gaps5-8-10-12-15_core-gap10_min3_strict-v1:Q9NXV6:323-330,Q9NXV6,325,S,1,35705054,og_consensus_gaps5-8-10-12-15_core-gap10_min3_strict-v1
og_consensus_gaps5-8-10-12-15_core-gap10_min3_strict-v1:Q9NXV6:323-330,Q9NXV6,330,S,1,32574038,og_consensus_gaps5-8-10-12-15_core-gap10_min3_strict-v1
og_consensus_gaps5-8-10-12-15_core-gap10_min3_strict-v1:Q9NXV6:349-352,Q9NXV6,349,S,18,20068230;28657654;29237092;29351928;30059200;30379171;31492838;31637018;32938750;34846842;35254053;35289036;35513511;35705054;37541260;38838015;39531497;39534244,og_consensus_gaps5-8-10-12-15_core-gap10_min3_strict-v1
og_consensus_gaps5-8-10-12-15_core-gap10_min3_strict-v1:Q9NXV6:349-352,Q9NXV6,350,S,3,30379171;34846842;35289036,og_consensus_gaps5-8-10-12-15_core-gap10_min3_strict-v1
og_consensus_gaps5-8-10-12-15_core-gap10_min3_strict-v1:Q9NXV6:349-352,Q9NXV6,351,S,3,31637018;35289036;35705054,og_consensus_gaps5-8-10-12-15_core-gap10_min3_strict-v1
og_consensus_gaps5-8-10-12-15_core-gap10_min3_strict-v1:Q9NXV6:349-352,Q9NXV6,352,S,1,34846842,og_consensus_gaps5-8-10-12-15_core-gap10_min3_strict-v1
og_consensus_gaps5-8-10-12-15_core-gap10_min3_strict-v1:Q9NXV6:373-389,Q9NXV6,373,S,4,31492838;35254053;39531497;39534244,og_consensus_gaps5-8-10-12-15_core-gap10_min3_strict-v1
og_consensus_gaps5-8-10-12-15_core-gap10_min3_strict-v1:Q9NXV6:373-389,Q9NXV6,375,S,3,31492838;34846842;35254053,og_consensus_gaps5-8-10-12-15_core-gap10_min3_strict-v1
og_consensus_gaps5-8-10-12-15_core-gap10_min3_strict-v1:Q9NXV6:373-389,Q9NXV6,379,T,1,20068230,og_consensus_gaps5-8-10-12-15_core-gap10_min3_strict-v1
og_consensus_gaps5-8-10-12-15_core-gap10_min3_strict-v1:Q9NXV6:373-389,Q9NXV6,385,S,3,30059200;31492838;35254053,og_consensus_gaps5-8-10-12-15_core-gap10_min3_strict-v1
og_consensus_gaps5-8-10-12-15_core-gap10_min3_strict-v1:Q9NXV6:373-389,Q9NXV6,387,S,5,29237092;34846842;35254053;39531497;39534244,og_consensus_gaps5-8-10-12-15_core-gap10_min3_strict-v1
og_consensus_gaps5-8-10-12-15_core-gap10_min3_strict-v1:Q9NXV6:373-389,Q9NXV6,389,S,1,35289036,og_consensus_gaps5-8-10-12-15_core-gap10_min3_strict-v1
og_consensus_gaps5-8-10-12-15_core-gap10_min3_strict-v1:Q9NYF8:485-494,Q9NYF8,485,S,1,33465208,og_consensus_gaps5-8-10-12-15_core-gap10_min3_strict-v1
og_consensus_gaps5-8-10-12-15_core-gap10_min3_strict-v1:Q9NYF8:485-494,Q9NYF8,489,T,1,33465208,og_consensus_gaps5-8-10-12-15_core-gap10_min3_strict-v1
og_consensus_gaps5-8-10-12-15_core-gap10_min3_strict-v1:Q9NYF8:485-494,Q9NYF8,494,T,1,33465208,og_consensus_gaps5-8-10-12-15_core-gap10_min3_strict-v1
og_consensus_gaps5-8-10-12-15_core-gap10_min3_strict-v1:Q9NYJ8:349-357,Q9NYJ8,349,S,1,39531497,og_consensus_gaps5-8-10-12-15_core-gap10_min3_strict-v1
og_consensus_gaps5-8-10-12-15_core-gap10_min3_strict-v1:Q9NYJ8:349-357,Q9NYJ8,350,S,1,30657688,og_consensus_gaps5-8-10-12-15_core-gap10_min3_strict-v1
og_consensus_gaps5-8-10-12-15_core-gap10_min3_strict-v1:Q9NYJ8:349-357,Q9NYJ8,353,S,1,30379171,og_consensus_gaps5-8-10-12-15_core-gap10_min3_strict-v1
og_consensus_gaps5-8-10-12-15_core-gap10_min3_strict-v1:Q9NYJ8:349-357,Q9NYJ8,354,S,4,30059200;30657688;35254053;38838015,og_consensus_gaps5-8-10-12-15_core-gap10_min3_strict-v1
og_consensus_gaps5-8-10-12-15_core-gap10_min3_strict-v1:Q9NYJ8:349-357,Q9NYJ8,357,S,2,32574038;39531497,og_consensus_gaps5-8-10-12-15_core-gap10_min3_strict-v1
og_consensus_gaps5-8-10-12-15_core-gap10_min3_strict-v1:Q9NYV4:592-601,Q9NYV4,592,T,10,20068230;30059200;30379171;30620550;31637018;32938750;35254053;35289036;35513511;39531497,og_consensus_gaps5-8-10-12-15_core-gap10_min3_strict-v1
og_consensus_gaps5-8-10-12-15_core-gap10_min3_strict-v1:Q9NYV4:592-601,Q9NYV4,593,S,8,30379171;31637018;32938750;34846842;35254053;35289036;37541260;39531497,og_consensus_gaps5-8-10-12-15_core-gap10_min3_strict-v1
og_consensus_gaps5-8-10-12-15_core-gap10_min3_strict-v1:Q9NYV4:592-601,Q9NYV4,596,S,5,34846842;35254053;35289036;37541260;39531497,og_consensus_gaps5-8-10-12-15_core-gap10_min3_strict-v1
og_consensus_gaps5-8-10-12-15_core-gap10_min3_strict-v1:Q9NYV4:592-601,Q9NYV4,597,S,9,20068230;32938750;35132862;35254053;35289036;35705054;37541260;39302247;39531497,og_consensus_gaps5-8-10-12-15_core-gap10_min3_strict-v1
og_consensus_gaps5-8-10-12-15_core-gap10_min3_strict-v1:Q9NYV4:592-601,Q9NYV4,601,S,6,29249144;31637018;34846842;35132862;35289036;35705054,og_consensus_gaps5-8-10-12-15_core-gap10_min3_strict-v1
og_consensus_gaps5-8-10-12-15_core-gap10_min3_strict-v1:Q9NYV4:1447-1466,Q9NYV4,1447,T,3,34846842;35254053;39531497,og_consensus_gaps5-8-10-12-15_core-gap10_min3_strict-v1
og_consensus_gaps5-8-10-12-15_core-gap10_min3_strict-v1:Q9NYV4:1447-1466,Q9NYV4,1448,T,3,31492838;35254053;35513511,og_consensus_gaps5-8-10-12-15_core-gap10_min3_strict-v1
og_consensus_gaps5-8-10-12-15_core-gap10_min3_strict-v1:Q9NYV4:1447-1466,Q9NYV4,1451,S,1,34846842,og_consensus_gaps5-8-10-12-15_core-gap10_min3_strict-v1
og_consensus_gaps5-8-10-12-15_core-gap10_min3_strict-v1:Q9NYV4:1447-1466,Q9NYV4,1452,S,1,39534244,og_consensus_gaps5-8-10-12-15_core-gap10_min3_strict-v1
og_consensus_gaps5-8-10-12-15_core-gap10_min3_strict-v1:Q9NYV4:1447-1466,Q9NYV4,1453,S,2,34846842;39534244,og_consensus_gaps5-8-10-12-15_core-gap10_min3_strict-v1
og_consensus_gaps5-8-10-12-15_core-gap10_min3_strict-v1:Q9NYV4:1447-1466,Q9NYV4,1463,T,1,39534244,og_consensus_gaps5-8-10-12-15_core-gap10_min3_strict-v1
og_consensus_gaps5-8-10-12-15_core-gap10_min3_strict-v1:Q9NYV4:1447-1466,Q9NYV4,1465,S,1,34846842,og_consensus_gaps5-8-10-12-15_core-gap10_min3_strict-v1
og_consensus_gaps5-8-10-12-15_core-gap10_min3_strict-v1:Q9NYV4:1447-1466,Q9NYV4,1466,S,1,35289036,og_consensus_gaps5-8-10-12-15_core-gap10_min3_strict-v1
og_consensus_gaps5-8-10-12-15_core-gap10_min3_strict-v1:Q9NZN8:99-120,Q9NZN8,99,S,2,39531497;39534244,og_consensus_gaps5-8-10-12-15_core-gap10_min3_strict-v1
og_consensus_gaps5-8-10-12-15_core-gap10_min3_strict-v1:Q9NZN8:99-120,Q9NZN8,101,S,1,35254053,og_consensus_gaps5-8-10-12-15_core-gap10_min3_strict-v1
og_consensus_gaps5-8-10-12-15_core-gap10_min3_strict-v1:Q9NZN8:99-120,Q9NZN8,104,T,2,39531497;39534244,og_consensus_gaps5-8-10-12-15_core-gap10_min3_strict-v1
og_consensus_gaps5-8-10-12-15_core-gap10_min3_strict-v1:Q9NZN8:99-120,Q9NZN8,108,S,2,39531497;39534244,og_consensus_gaps5-8-10-12-15_core-gap10_min3_strict-v1
og_consensus_gaps5-8-10-12-15_core-gap10_min3_strict-v1:Q9NZN8:99-120,Q9NZN8,111,T,4,35132862;35254053;39531497;39534244,og_consensus_gaps5-8-10-12-15_core-gap10_min3_strict-v1
og_consensus_gaps5-8-10-12-15_core-gap10_min3_strict-v1:Q9NZN8:99-120,Q9NZN8,113,T,3,35132862;35254053;39534244,og_consensus_gaps5-8-10-12-15_core-gap10_min3_strict-v1
og_consensus_gaps5-8-10-12-15_core-gap10_min3_strict-v1:Q9NZN8:99-120,Q9NZN8,114,T,7,32574038;35254053;35513511;37541260;39302247;39531497;39534244,og_consensus_gaps5-8-10-12-15_core-gap10_min3_strict-v1
og_consensus_gaps5-8-10-12-15_core-gap10_min3_strict-v1:Q9NZN8:99-120,Q9NZN8,118,T,2,35132862;39534244,og_consensus_gaps5-8-10-12-15_core-gap10_min3_strict-v1
og_consensus_gaps5-8-10-12-15_core-gap10_min3_strict-v1:Q9NZN8:99-120,Q9NZN8,120,S,1,35132862,og_consensus_gaps5-8-10-12-15_core-gap10_min3_strict-v1
og_consensus_gaps5-8-10-12-15_core-gap10_min3_strict-v1:Q9P2N5:472-477,Q9P2N5,472,S,1,39534244,og_consensus_gaps5-8-10-12-15_core-gap10_min3_strict-v1
og_consensus_gaps5-8-10-12-15_core-gap10_min3_strict-v1:Q9P2N5:472-477,Q9P2N5,475,S,1,39534244,og_consensus_gaps5-8-10-12-15_core-gap10_min3_strict-v1
og_consensus_gaps5-8-10-12-15_core-gap10_min3_strict-v1:Q9P2N5:472-477,Q9P2N5,477,T,2,39531497;39534244,og_consensus_gaps5-8-10-12-15_core-gap10_min3_strict-v1
og_consensus_gaps5-8-10-12-15_core-gap10_min3_strict-v1:Q9P2N5:495-499,Q9P2N5,495,S,1,39534244,og_consensus_gaps5-8-10-12-15_core-gap10_min3_strict-v1
og_consensus_gaps5-8-10-12-15_core-gap10_min3_strict-v1:Q9P2N5:495-499,Q9P2N5,497,T,3,32938750;39531497;39534244,og_consensus_gaps5-8-10-12-15_core-gap10_min3_strict-v1
og_consensus_gaps5-8-10-12-15_core-gap10_min3_strict-v1:Q9P2N5:495-499,Q9P2N5,498,S,1,39534244,og_consensus_gaps5-8-10-12-15_core-gap10_min3_strict-v1
og_consensus_gaps5-8-10-12-15_core-gap10_min3_strict-v1:Q9P2N5:495-499,Q9P2N5,499,S,1,39534244,og_consensus_gaps5-8-10-12-15_core-gap10_min3_strict-v1
og_consensus_gaps5-8-10-12-15_core-gap10_min3_strict-v1:Q9P2N5:546-552,Q9P2N5,546,S,10,20068230;29351928;30059200;34846842;35132862;35289036;35513511;38838015;39531497;39534244,og_consensus_gaps5-8-10-12-15_core-gap10_min3_strict-v1
og_consensus_gaps5-8-10-12-15_core-gap10_min3_strict-v1:Q9P2N5:546-552,Q9P2N5,549,S,4,34846842;35289036;39531497;39534244,og_consensus_gaps5-8-10-12-15_core-gap10_min3_strict-v1
og_consensus_gaps5-8-10-12-15_core-gap10_min3_strict-v1:Q9P2N5:546-552,Q9P2N5,552,T,2,34846842;35289036,og_consensus_gaps5-8-10-12-15_core-gap10_min3_strict-v1
og_consensus_gaps5-8-10-12-15_core-gap10_min3_strict-v1:Q9P2N5:719-738,Q9P2N5,719,S,2,39531497;39534244,og_consensus_gaps5-8-10-12-15_core-gap10_min3_strict-v1
og_consensus_gaps5-8-10-12-15_core-gap10_min3_strict-v1:Q9P2N5:719-738,Q9P2N5,722,S,1,39534244,og_consensus_gaps5-8-10-12-15_core-gap10_min3_strict-v1
og_consensus_gaps5-8-10-12-15_core-gap10_min3_strict-v1:Q9P2N5:719-738,Q9P2N5,723,T,1,39534244,og_consensus_gaps5-8-10-12-15_core-gap10_min3_strict-v1
og_consensus_gaps5-8-10-12-15_core-gap10_min3_strict-v1:Q9P2N5:719-738,Q9P2N5,733,S,2,35513511;39534244,og_consensus_gaps5-8-10-12-15_core-gap10_min3_strict-v1
og_consensus_gaps5-8-10-12-15_core-gap10_min3_strict-v1:Q9P2N5:719-738,Q9P2N5,737,T,2,30059200;39534244,og_consensus_gaps5-8-10-12-15_core-gap10_min3_strict-v1
og_consensus_gaps5-8-10-12-15_core-gap10_min3_strict-v1:Q9P2N5:719-738,Q9P2N5,738,S,11,20068230;23301498;29237092;30059200;31492838;32574038;35289036;35513511;39302247;39531497;39534244,og_consensus_gaps5-8-10-12-15_core-gap10_min3_strict-v1
og_consensus_gaps5-8-10-12-15_core-gap10_min3_strict-v1:Q9P2N6:531-534,Q9P2N6,531,S,1,35705054,og_consensus_gaps5-8-10-12-15_core-gap10_min3_strict-v1
og_consensus_gaps5-8-10-12-15_core-gap10_min3_strict-v1:Q9P2N6:531-534,Q9P2N6,532,S,1,30620550,og_consensus_gaps5-8-10-12-15_core-gap10_min3_strict-v1
og_consensus_gaps5-8-10-12-15_core-gap10_min3_strict-v1:Q9P2N6:531-534,Q9P2N6,534,S,5,32938750;35254053;35705054;37541260;39531497,og_consensus_gaps5-8-10-12-15_core-gap10_min3_strict-v1
og_consensus_gaps5-8-10-12-15_core-gap10_min3_strict-v1:Q9P2N6:700-720,Q9P2N6,700,S,3,32938750;34846842;35289036,og_consensus_gaps5-8-10-12-15_core-gap10_min3_strict-v1
og_consensus_gaps5-8-10-12-15_core-gap10_min3_strict-v1:Q9P2N6:700-720,Q9P2N6,703,S,1,35289036,og_consensus_gaps5-8-10-12-15_core-gap10_min3_strict-v1
og_consensus_gaps5-8-10-12-15_core-gap10_min3_strict-v1:Q9P2N6:700-720,Q9P2N6,708,S,2,32938750;39531497,og_consensus_gaps5-8-10-12-15_core-gap10_min3_strict-v1
og_consensus_gaps5-8-10-12-15_core-gap10_min3_strict-v1:Q9P2N6:700-720,Q9P2N6,710,S,2,35254053;39531497,og_consensus_gaps5-8-10-12-15_core-gap10_min3_strict-v1
og_consensus_gaps5-8-10-12-15_core-gap10_min3_strict-v1:Q9P2N6:700-720,Q9P2N6,714,S,3,35132862;35254053;35289036,og_consensus_gaps5-8-10-12-15_core-gap10_min3_strict-v1
og_consensus_gaps5-8-10-12-15_core-gap10_min3_strict-v1:Q9P2N6:700-720,Q9P2N6,717,S,1,35289036,og_consensus_gaps5-8-10-12-15_core-gap10_min3_strict-v1
og_consensus_gaps5-8-10-12-15_core-gap10_min3_strict-v1:Q9P2N6:700-720,Q9P2N6,719,S,3,34846842;35254053;39531497,og_consensus_gaps5-8-10-12-15_core-gap10_min3_strict-v1
og_consensus_gaps5-8-10-12-15_core-gap10_min3_strict-v1:Q9P2N6:700-720,Q9P2N6,720,T,2,35254053;37541260,og_consensus_gaps5-8-10-12-15_core-gap10_min3_strict-v1
og_consensus_gaps5-8-10-12-15_core-gap10_min3_strict-v1:Q9P2N6:787-805,Q9P2N6,787,T,3,35254053;35289036;39531497,og_consensus_gaps5-8-10-12-15_core-gap10_min3_strict-v1
og_consensus_gaps5-8-10-12-15_core-gap10_min3_strict-v1:Q9P2N6:787-805,Q9P2N6,791,S,3,35132862;35289036;39534244,og_consensus_gaps5-8-10-12-15_core-gap10_min3_strict-v1
og_consensus_gaps5-8-10-12-15_core-gap10_min3_strict-v1:Q9P2N6:787-805,Q9P2N6,796,T,4,32938750;35254053;39531497;39534244,og_consensus_gaps5-8-10-12-15_core-gap10_min3_strict-v1
og_consensus_gaps5-8-10-12-15_core-gap10_min3_strict-v1:Q9P2N6:787-805,Q9P2N6,797,T,4,32938750;35254053;37541260;39531497,og_consensus_gaps5-8-10-12-15_core-gap10_min3_strict-v1
og_consensus_gaps5-8-10-12-15_core-gap10_min3_strict-v1:Q9P2N6:787-805,Q9P2N6,799,T,1,39534244,og_consensus_gaps5-8-10-12-15_core-gap10_min3_strict-v1
og_consensus_gaps5-8-10-12-15_core-gap10_min3_strict-v1:Q9P2N6:787-805,Q9P2N6,800,S,3,35132862;35289036;39534244,og_consensus_gaps5-8-10-12-15_core-gap10_min3_strict-v1
og_consensus_gaps5-8-10-12-15_core-gap10_min3_strict-v1:Q9P2N6:787-805,Q9P2N6,801,T,1,39534244,og_consensus_gaps5-8-10-12-15_core-gap10_min3_strict-v1
og_consensus_gaps5-8-10-12-15_core-gap10_min3_strict-v1:Q9P2N6:787-805,Q9P2N6,805,T,1,35254053,og_consensus_gaps5-8-10-12-15_core-gap10_min3_strict-v1
og_consensus_gaps5-8-10-12-15_core-gap10_min3_strict-v1:Q9P2N6:859-864,Q9P2N6,859,T,4,32574038;35254053;39531497;39534244,og_consensus_gaps5-8-10-12-15_core-gap10_min3_strict-v1
og_consensus_gaps5-8-10-12-15_core-gap10_min3_strict-v1:Q9P2N6:859-864,Q9P2N6,860,T,12,20068230;23301498;28657654;29237092;30059200;30620550;31492838;32938750;35254053;37541260;39531497;39534244,og_consensus_gaps5-8-10-12-15_core-gap10_min3_strict-v1
og_consensus_gaps5-8-10-12-15_core-gap10_min3_strict-v1:Q9P2N6:859-864,Q9P2N6,862,T,2,35132862;39531497,og_consensus_gaps5-8-10-12-15_core-gap10_min3_strict-v1
og_consensus_gaps5-8-10-12-15_core-gap10_min3_strict-v1:Q9P2N6:859-864,Q9P2N6,864,T,2,32574038;39534244,og_consensus_gaps5-8-10-12-15_core-gap10_min3_strict-v1
og_consensus_gaps5-8-10-12-15_core-gap10_min3_strict-v1:Q9P2R6:577-583,Q9P2R6,577,S,1,30379171,og_consensus_gaps5-8-10-12-15_core-gap10_min3_strict-v1
og_consensus_gaps5-8-10-12-15_core-gap10_min3_strict-v1:Q9P2R6:577-583,Q9P2R6,580,S,1,30379171,og_consensus_gaps5-8-10-12-15_core-gap10_min3_strict-v1
og_consensus_gaps5-8-10-12-15_core-gap10_min3_strict-v1:Q9P2R6:577-583,Q9P2R6,582,S,1,30379171,og_consensus_gaps5-8-10-12-15_core-gap10_min3_strict-v1
og_consensus_gaps5-8-10-12-15_core-gap10_min3_strict-v1:Q9P2R6:577-583,Q9P2R6,583,T,1,30379171,og_consensus_gaps5-8-10-12-15_core-gap10_min3_strict-v1
og_consensus_gaps5-8-10-12-15_core-gap10_min3_strict-v1:Q9UGU0:216-220,Q9UGU0,216,T,1,39534244,og_consensus_gaps5-8-10-12-15_core-gap10_min3_strict-v1
og_consensus_gaps5-8-10-12-15_core-gap10_min3_strict-v1:Q9UGU0:216-220,Q9UGU0,219,S,1,39531497,og_consensus_gaps5-8-10-12-15_core-gap10_min3_strict-v1
og_consensus_gaps5-8-10-12-15_core-gap10_min3_strict-v1:Q9UGU0:216-220,Q9UGU0,220,S,3,35254053;39531497;39534244,og_consensus_gaps5-8-10-12-15_core-gap10_min3_strict-v1
og_consensus_gaps5-8-10-12-15_core-gap10_min3_strict-v1:Q9UGU0:237-249,Q9UGU0,237,S,4,32574038;34846842;39531497;39534244,og_consensus_gaps5-8-10-12-15_core-gap10_min3_strict-v1
og_consensus_gaps5-8-10-12-15_core-gap10_min3_strict-v1:Q9UGU0:237-249,Q9UGU0,238,S,4,34846842;35254053;39531497;39534244,og_consensus_gaps5-8-10-12-15_core-gap10_min3_strict-v1
og_consensus_gaps5-8-10-12-15_core-gap10_min3_strict-v1:Q9UGU0:237-249,Q9UGU0,240,S,6,29351928;30059200;34846842;35254053;39531497;39534244,og_consensus_gaps5-8-10-12-15_core-gap10_min3_strict-v1
og_consensus_gaps5-8-10-12-15_core-gap10_min3_strict-v1:Q9UGU0:237-249,Q9UGU0,241,S,7,31492838;32574038;34846842;35254053;35289036;35513511;39534244,og_consensus_gaps5-8-10-12-15_core-gap10_min3_strict-v1
og_consensus_gaps5-8-10-12-15_core-gap10_min3_strict-v1:Q9UGU0:237-249,Q9UGU0,242,S,4,34846842;35254053;35289036;39534244,og_consensus_gaps5-8-10-12-15_core-gap10_min3_strict-v1
og_consensus_gaps5-8-10-12-15_core-gap10_min3_strict-v1:Q9UGU0:237-249,Q9UGU0,243,S,3,34846842;35132862;35254053,og_consensus_gaps5-8-10-12-15_core-gap10_min3_strict-v1
og_consensus_gaps5-8-10-12-15_core-gap10_min3_strict-v1:Q9UGU0:237-249,Q9UGU0,244,S,2,34846842;35289036,og_consensus_gaps5-8-10-12-15_core-gap10_min3_strict-v1
og_consensus_gaps5-8-10-12-15_core-gap10_min3_strict-v1:Q9UGU0:237-249,Q9UGU0,245,S,1,34846842,og_consensus_gaps5-8-10-12-15_core-gap10_min3_strict-v1
og_consensus_gaps5-8-10-12-15_core-gap10_min3_strict-v1:Q9UGU0:237-249,Q9UGU0,246,S,2,34846842;35132862,og_consensus_gaps5-8-10-12-15_core-gap10_min3_strict-v1
og_consensus_gaps5-8-10-12-15_core-gap10_min3_strict-v1:Q9UGU0:237-249,Q9UGU0,249,S,1,34846842,og_consensus_gaps5-8-10-12-15_core-gap10_min3_strict-v1
og_consensus_gaps5-8-10-12-15_core-gap10_min3_strict-v1:Q9UH99:634-641,Q9UH99,634,S,5,30059200;35254053;35289036;37541260;39531497,og_consensus_gaps5-8-10-12-15_core-gap10_min3_strict-v1
og_consensus_gaps5-8-10-12-15_core-gap10_min3_strict-v1:Q9UH99:634-641,Q9UH99,637,S,2,34846842;35289036,og_consensus_gaps5-8-10-12-15_core-gap10_min3_strict-v1
og_consensus_gaps5-8-10-12-15_core-gap10_min3_strict-v1:Q9UH99:634-641,Q9UH99,638,T,1,39531497,og_consensus_gaps5-8-10-12-15_core-gap10_min3_strict-v1
og_consensus_gaps5-8-10-12-15_core-gap10_min3_strict-v1:Q9UH99:634-641,Q9UH99,640,S,1,34846842,og_consensus_gaps5-8-10-12-15_core-gap10_min3_strict-v1
og_consensus_gaps5-8-10-12-15_core-gap10_min3_strict-v1:Q9UH99:634-641,Q9UH99,641,S,1,34846842,og_consensus_gaps5-8-10-12-15_core-gap10_min3_strict-v1
og_consensus_gaps5-8-10-12-15_core-gap10_min3_strict-v1:Q9UHB7:851-855,Q9UHB7,851,T,1,31637018,og_consensus_gaps5-8-10-12-15_core-gap10_min3_strict-v1
og_consensus_gaps5-8-10-12-15_core-gap10_min3_strict-v1:Q9UHB7:851-855,Q9UHB7,854,S,1,31637018,og_consensus_gaps5-8-10-12-15_core-gap10_min3_strict-v1
og_consensus_gaps5-8-10-12-15_core-gap10_min3_strict-v1:Q9UHB7:851-855,Q9UHB7,855,S,1,31637018,og_consensus_gaps5-8-10-12-15_core-gap10_min3_strict-v1
og_consensus_gaps5-8-10-12-15_core-gap10_min3_strict-v1:Q9UHD9:112-127,Q9UHD9,112,S,3,30379171;31637018;39531497,og_consensus_gaps5-8-10-12-15_core-gap10_min3_strict-v1
og_consensus_gaps5-8-10-12-15_core-gap10_min3_strict-v1:Q9UHD9:112-127,Q9UHD9,113,T,15,29237092;29351928;30059200;30379171;31492838;31637018;32938750;35254053;35513511;36240223;37541260;38838015;39302247;39531497;39534244,og_consensus_gaps5-8-10-12-15_core-gap10_min3_strict-v1
og_consensus_gaps5-8-10-12-15_core-gap10_min3_strict-v1:Q9UHD9:112-127,Q9UHD9,116,S,8,30379171;31637018;32574038;35132862;35254053;35705054;39531497;39534244,og_consensus_gaps5-8-10-12-15_core-gap10_min3_strict-v1
og_consensus_gaps5-8-10-12-15_core-gap10_min3_strict-v1:Q9UHD9:112-127,Q9UHD9,121,T,7,30059200;30379171;32574038;35132862;35254053;39531497;39534244,og_consensus_gaps5-8-10-12-15_core-gap10_min3_strict-v1
og_consensus_gaps5-8-10-12-15_core-gap10_min3_strict-v1:Q9UHD9:112-127,Q9UHD9,123,T,3,30059200;30379171;38838015,og_consensus_gaps5-8-10-12-15_core-gap10_min3_strict-v1
og_consensus_gaps5-8-10-12-15_core-gap10_min3_strict-v1:Q9UHD9:112-127,Q9UHD9,124,T,10,29351928;30059200;30379171;32574038;35132862;35254053;35513511;38838015;39531497;39534244,og_consensus_gaps5-8-10-12-15_core-gap10_min3_strict-v1
og_consensus_gaps5-8-10-12-15_core-gap10_min3_strict-v1:Q9UHD9:112-127,Q9UHD9,125,S,5,30059200;30379171;35254053;35289036;37541260,og_consensus_gaps5-8-10-12-15_core-gap10_min3_strict-v1
og_consensus_gaps5-8-10-12-15_core-gap10_min3_strict-v1:Q9UHD9:112-127,Q9UHD9,127,S,2,35132862;35289036,og_consensus_gaps5-8-10-12-15_core-gap10_min3_strict-v1
og_consensus_gaps5-8-10-12-15_core-gap10_min3_strict-v1:Q9UHR5:231-245,Q9UHR5,231,T,5,30059200;30379171;35254053;35705054;37541260,og_consensus_gaps5-8-10-12-15_core-gap10_min3_strict-v1
og_consensus_gaps5-8-10-12-15_core-gap10_min3_strict-v1:Q9UHR5:231-245,Q9UHR5,232,T,13,23301498;29351928;30059200;30379171;30620550;31492838;32938750;34846842;35254053;35513511;37541260;38838015;39531497,og_consensus_gaps5-8-10-12-15_core-gap10_min3_strict-v1
og_consensus_gaps5-8-10-12-15_core-gap10_min3_strict-v1:Q9UHR5:231-245,Q9UHR5,233,T,14,29237092;29351928;30059200;30379171;30620550;31492838;32938750;35254053;35513511;35705054;37541260;38838015;39302247;39531497,og_consensus_gaps5-8-10-12-15_core-gap10_min3_strict-v1
og_consensus_gaps5-8-10-12-15_core-gap10_min3_strict-v1:Q9UHR5:231-245,Q9UHR5,236,T,3,30059200;35254053;37541260,og_consensus_gaps5-8-10-12-15_core-gap10_min3_strict-v1
og_consensus_gaps5-8-10-12-15_core-gap10_min3_strict-v1:Q9UHR5:231-245,Q9UHR5,237,S,9,29351928;30059200;32574038;32938750;35254053;35513511;35705054;37541260;39531497,og_consensus_gaps5-8-10-12-15_core-gap10_min3_strict-v1
og_consensus_gaps5-8-10-12-15_core-gap10_min3_strict-v1:Q9UHR5:231-245,Q9UHR5,238,T,2,32574038;35254053,og_consensus_gaps5-8-10-12-15_core-gap10_min3_strict-v1
og_consensus_gaps5-8-10-12-15_core-gap10_min3_strict-v1:Q9UHR5:231-245,Q9UHR5,239,T,6,30059200;31492838;32574038;32938750;35132862;35254053,og_consensus_gaps5-8-10-12-15_core-gap10_min3_strict-v1
og_consensus_gaps5-8-10-12-15_core-gap10_min3_strict-v1:Q9UHR5:231-245,Q9UHR5,240,T,6,30059200;32574038;35132862;35254053;35705054;39531497,og_consensus_gaps5-8-10-12-15_core-gap10_min3_strict-v1
og_consensus_gaps5-8-10-12-15_core-gap10_min3_strict-v1:Q9UHR5:231-245,Q9UHR5,241,T,7,29351928;32574038;34846842;35132862;35254053;37541260;39531497,og_consensus_gaps5-8-10-12-15_core-gap10_min3_strict-v1
og_consensus_gaps5-8-10-12-15_core-gap10_min3_strict-v1:Q9UHR5:231-245,Q9UHR5,242,T,2,32574038;35132862,og_consensus_gaps5-8-10-12-15_core-gap10_min3_strict-v1
og_consensus_gaps5-8-10-12-15_core-gap10_min3_strict-v1:Q9UHR5:231-245,Q9UHR5,244,S,3,32574038;34846842;35132862,og_consensus_gaps5-8-10-12-15_core-gap10_min3_strict-v1
og_consensus_gaps5-8-10-12-15_core-gap10_min3_strict-v1:Q9UHR5:231-245,Q9UHR5,245,T,2,32574038;35132862,og_consensus_gaps5-8-10-12-15_core-gap10_min3_strict-v1
og_consensus_gaps5-8-10-12-15_core-gap10_min3_strict-v1:Q9UHR5:264-277,Q9UHR5,264,T,5,29351928;32938750;39302247;39531497;39534244,og_consensus_gaps5-8-10-12-15_core-gap10_min3_strict-v1
og_consensus_gaps5-8-10-12-15_core-gap10_min3_strict-v1:Q9UHR5:264-277,Q9UHR5,265,T,3,32938750;39302247;39531497,og_consensus_gaps5-8-10-12-15_core-gap10_min3_strict-v1
og_consensus_gaps5-8-10-12-15_core-gap10_min3_strict-v1:Q9UHR5:264-277,Q9UHR5,270,T,3,29351928;32938750;39531497,og_consensus_gaps5-8-10-12-15_core-gap10_min3_strict-v1
og_consensus_gaps5-8-10-12-15_core-gap10_min3_strict-v1:Q9UHR5:264-277,Q9UHR5,273,T,3,32938750;39531497;39534244,og_consensus_gaps5-8-10-12-15_core-gap10_min3_strict-v1
og_consensus_gaps5-8-10-12-15_core-gap10_min3_strict-v1:Q9UHR5:264-277,Q9UHR5,274,T,3,29351928;32938750;39531497,og_consensus_gaps5-8-10-12-15_core-gap10_min3_strict-v1
og_consensus_gaps5-8-10-12-15_core-gap10_min3_strict-v1:Q9UHR5:264-277,Q9UHR5,277,T,1,32938750,og_consensus_gaps5-8-10-12-15_core-gap10_min3_strict-v1
og_consensus_gaps5-8-10-12-15_core-gap10_min3_strict-v1:Q9UHY1:532-535,Q9UHY1,532,T,5,30059200;35254053;37541260;38838015;39531497,og_consensus_gaps5-8-10-12-15_core-gap10_min3_strict-v1
og_consensus_gaps5-8-10-12-15_core-gap10_min3_strict-v1:Q9UHY1:532-535,Q9UHY1,534,S,5,30059200;31492838;35254053;35705054;38838015,og_consensus_gaps5-8-10-12-15_core-gap10_min3_strict-v1
og_consensus_gaps5-8-10-12-15_core-gap10_min3_strict-v1:Q9UHY1:532-535,Q9UHY1,535,S,3,35513511;38838015;39534244,og_consensus_gaps5-8-10-12-15_core-gap10_min3_strict-v1
og_consensus_gaps5-8-10-12-15_core-gap10_min3_strict-v1:Q9UIF8:9-19,Q9UIF8,9,S,1,35254053,og_consensus_gaps5-8-10-12-15_core-gap10_min3_strict-v1
og_consensus_gaps5-8-10-12-15_core-gap10_min3_strict-v1:Q9UIF8:9-19,Q9UIF8,10,S,2,32938750;35254053,og_consensus_gaps5-8-10-12-15_core-gap10_min3_strict-v1
og_consensus_gaps5-8-10-12-15_core-gap10_min3_strict-v1:Q9UIF8:9-19,Q9UIF8,15,T,2,32938750;39531497,og_consensus_gaps5-8-10-12-15_core-gap10_min3_strict-v1
og_consensus_gaps5-8-10-12-15_core-gap10_min3_strict-v1:Q9UIF8:9-19,Q9UIF8,16,T,1,39531497,og_consensus_gaps5-8-10-12-15_core-gap10_min3_strict-v1
og_consensus_gaps5-8-10-12-15_core-gap10_min3_strict-v1:Q9UIF8:9-19,Q9UIF8,19,S,2,32938750;35254053,og_consensus_gaps5-8-10-12-15_core-gap10_min3_strict-v1
og_consensus_gaps5-8-10-12-15_core-gap10_min3_strict-v1:Q9UIU6:432-437,Q9UIU6,432,T,1,39302247,og_consensus_gaps5-8-10-12-15_core-gap10_min3_strict-v1
og_consensus_gaps5-8-10-12-15_core-gap10_min3_strict-v1:Q9UIU6:432-437,Q9UIU6,433,T,1,39302247,og_consensus_gaps5-8-10-12-15_core-gap10_min3_strict-v1
og_consensus_gaps5-8-10-12-15_core-gap10_min3_strict-v1:Q9UIU6:432-437,Q9UIU6,435,S,1,39531497,og_consensus_gaps5-8-10-12-15_core-gap10_min3_strict-v1
og_consensus_gaps5-8-10-12-15_core-gap10_min3_strict-v1:Q9UIU6:432-437,Q9UIU6,437,S,1,35254053,og_consensus_gaps5-8-10-12-15_core-gap10_min3_strict-v1
og_consensus_gaps5-8-10-12-15_core-gap10_min3_strict-v1:Q9UIU6:547-556,Q9UIU6,547,S,2,39531497;39534244,og_consensus_gaps5-8-10-12-15_core-gap10_min3_strict-v1
og_consensus_gaps5-8-10-12-15_core-gap10_min3_strict-v1:Q9UIU6:547-556,Q9UIU6,551,S,3,32574038;35132862;39534244,og_consensus_gaps5-8-10-12-15_core-gap10_min3_strict-v1
og_consensus_gaps5-8-10-12-15_core-gap10_min3_strict-v1:Q9UIU6:547-556,Q9UIU6,556,T,1,32574038,og_consensus_gaps5-8-10-12-15_core-gap10_min3_strict-v1
og_consensus_gaps5-8-10-12-15_core-gap10_min3_strict-v1:Q9UIU6:640-649,Q9UIU6,640,S,2,30620550;39531497,og_consensus_gaps5-8-10-12-15_core-gap10_min3_strict-v1
og_consensus_gaps5-8-10-12-15_core-gap10_min3_strict-v1:Q9UIU6:640-649,Q9UIU6,644,S,1,35132862,og_consensus_gaps5-8-10-12-15_core-gap10_min3_strict-v1
og_consensus_gaps5-8-10-12-15_core-gap10_min3_strict-v1:Q9UIU6:640-649,Q9UIU6,649,S,3,30059200;30620550;35254053,og_consensus_gaps5-8-10-12-15_core-gap10_min3_strict-v1
og_consensus_gaps5-8-10-12-15_core-gap10_min3_strict-v1:Q9UJ99:592-596,Q9UJ99,592,T,1,34105348,og_consensus_gaps5-8-10-12-15_core-gap10_min3_strict-v1
og_consensus_gaps5-8-10-12-15_core-gap10_min3_strict-v1:Q9UJ99:592-596,Q9UJ99,594,T,1,34105348,og_consensus_gaps5-8-10-12-15_core-gap10_min3_strict-v1
og_consensus_gaps5-8-10-12-15_core-gap10_min3_strict-v1:Q9UJ99:592-596,Q9UJ99,596,T,1,34105348,og_consensus_gaps5-8-10-12-15_core-gap10_min3_strict-v1
og_consensus_gaps5-8-10-12-15_core-gap10_min3_strict-v1:Q9UK61:1124-1126,Q9UK61,1124,S,12,20068230;29351928;30059200;31492838;32574038;32938750;35254053;35513511;37541260;39302247;39531497;39534244,og_consensus_gaps5-8-10-12-15_core-gap10_min3_strict-v1
og_consensus_gaps5-8-10-12-15_core-gap10_min3_strict-v1:Q9UK61:1124-1126,Q9UK61,1125,S,1,35289036,og_consensus_gaps5-8-10-12-15_core-gap10_min3_strict-v1
og_consensus_gaps5-8-10-12-15_core-gap10_min3_strict-v1:Q9UK61:1124-1126,Q9UK61,1126,S,3,32574038;34846842;39534244,og_consensus_gaps5-8-10-12-15_core-gap10_min3_strict-v1
og_consensus_gaps5-8-10-12-15_core-gap10_min3_strict-v1:Q9UKD1:403-408,Q9UKD1,403,S,10,30059200;32574038;34846842;35254053;35289036;35705054;37541260;39302247;39531497;39534244,og_consensus_gaps5-8-10-12-15_core-gap10_min3_strict-v1
og_consensus_gaps5-8-10-12-15_core-gap10_min3_strict-v1:Q9UKD1:403-408,Q9UKD1,404,T,14,20068230;28657654;29237092;29351928;30059200;30379171;30620550;32574038;35254053;36240223;38838015;39302247;39531497;39534244,og_consensus_gaps5-8-10-12-15_core-gap10_min3_strict-v1
og_consensus_gaps5-8-10-12-15_core-gap10_min3_strict-v1:Q9UKD1:403-408,Q9UKD1,407,S,4,34846842;35132862;35289036;39534244,og_consensus_gaps5-8-10-12-15_core-gap10_min3_strict-v1
og_consensus_gaps5-8-10-12-15_core-gap10_min3_strict-v1:Q9UKD1:403-408,Q9UKD1,408,T,1,39534244,og_consensus_gaps5-8-10-12-15_core-gap10_min3_strict-v1
og_consensus_gaps5-8-10-12-15_core-gap10_min3_strict-v1:Q9UKY1:226-232,Q9UKY1,226,S,3,35254053;35289036;39531497,og_consensus_gaps5-8-10-12-15_core-gap10_min3_strict-v1
og_consensus_gaps5-8-10-12-15_core-gap10_min3_strict-v1:Q9UKY1:226-232,Q9UKY1,227,S,3,35254053;35289036;39531497,og_consensus_gaps5-8-10-12-15_core-gap10_min3_strict-v1
og_consensus_gaps5-8-10-12-15_core-gap10_min3_strict-v1:Q9UKY1:226-232,Q9UKY1,228,S,2,32938750;35254053,og_consensus_gaps5-8-10-12-15_core-gap10_min3_strict-v1
og_consensus_gaps5-8-10-12-15_core-gap10_min3_strict-v1:Q9UKY1:226-232,Q9UKY1,230,S,1,35289036,og_consensus_gaps5-8-10-12-15_core-gap10_min3_strict-v1
og_consensus_gaps5-8-10-12-15_core-gap10_min3_strict-v1:Q9UKY1:226-232,Q9UKY1,232,S,2,30059200;35289036,og_consensus_gaps5-8-10-12-15_core-gap10_min3_strict-v1
og_consensus_gaps5-8-10-12-15_core-gap10_min3_strict-v1:Q9UKY1:245-248,Q9UKY1,245,S,1,39531497,og_consensus_gaps5-8-10-12-15_core-gap10_min3_strict-v1
og_consensus_gaps5-8-10-12-15_core-gap10_min3_strict-v1:Q9UKY1:245-248,Q9UKY1,246,T,1,39534244,og_consensus_gaps5-8-10-12-15_core-gap10_min3_strict-v1
og_consensus_gaps5-8-10-12-15_core-gap10_min3_strict-v1:Q9UKY1:245-248,Q9UKY1,248,S,1,35289036,og_consensus_gaps5-8-10-12-15_core-gap10_min3_strict-v1
og_consensus_gaps5-8-10-12-15_core-gap10_min3_strict-v1:Q9UKY1:440-452,Q9UKY1,440,T,2,32574038;39534244,og_consensus_gaps5-8-10-12-15_core-gap10_min3_strict-v1
og_consensus_gaps5-8-10-12-15_core-gap10_min3_strict-v1:Q9UKY1:440-452,Q9UKY1,444,T,2,35132862;35289036,og_consensus_gaps5-8-10-12-15_core-gap10_min3_strict-v1
og_consensus_gaps5-8-10-12-15_core-gap10_min3_strict-v1:Q9UKY1:440-452,Q9UKY1,449,T,5,32574038;35132862;35254053;39531497;39534244,og_consensus_gaps5-8-10-12-15_core-gap10_min3_strict-v1
og_consensus_gaps5-8-10-12-15_core-gap10_min3_strict-v1:Q9UKY1:440-452,Q9UKY1,450,S,10,20068230;29237092;30059200;30620550;31492838;35132862;35254053;35289036;38838015;39531497,og_consensus_gaps5-8-10-12-15_core-gap10_min3_strict-v1
og_consensus_gaps5-8-10-12-15_core-gap10_min3_strict-v1:Q9UKY1:440-452,Q9UKY1,452,S,2,23301498;35289036,og_consensus_gaps5-8-10-12-15_core-gap10_min3_strict-v1
og_consensus_gaps5-8-10-12-15_core-gap10_min3_strict-v1:Q9ULH7:207-211,Q9ULH7,207,S,5,35254053;35289036;35705054;38838015;39531497,og_consensus_gaps5-8-10-12-15_core-gap10_min3_strict-v1
og_consensus_gaps5-8-10-12-15_core-gap10_min3_strict-v1:Q9ULH7:207-211,Q9ULH7,209,S,1,32938750,og_consensus_gaps5-8-10-12-15_core-gap10_min3_strict-v1
og_consensus_gaps5-8-10-12-15_core-gap10_min3_strict-v1:Q9ULH7:207-211,Q9ULH7,211,S,1,35705054,og_consensus_gaps5-8-10-12-15_core-gap10_min3_strict-v1
og_consensus_gaps5-8-10-12-15_core-gap10_min3_strict-v1:Q9ULM3:604-610,Q9ULM3,604,T,11,29351928;30059200;31492838;32574038;32938750;34846842;35132862;35254053;35513511;37541260;39531497,og_consensus_gaps5-8-10-12-15_core-gap10_min3_strict-v1
og_consensus_gaps5-8-10-12-15_core-gap10_min3_strict-v1:Q9ULM3:604-610,Q9ULM3,608,S,1,35289036,og_consensus_gaps5-8-10-12-15_core-gap10_min3_strict-v1
og_consensus_gaps5-8-10-12-15_core-gap10_min3_strict-v1:Q9ULM3:604-610,Q9ULM3,610,S,2,34846842;35132862,og_consensus_gaps5-8-10-12-15_core-gap10_min3_strict-v1
og_consensus_gaps5-8-10-12-15_core-gap10_min3_strict-v1:Q9ULM3:878-891,Q9ULM3,878,T,1,32938750,og_consensus_gaps5-8-10-12-15_core-gap10_min3_strict-v1
og_consensus_gaps5-8-10-12-15_core-gap10_min3_strict-v1:Q9ULM3:878-891,Q9ULM3,880,S,1,35254053,og_consensus_gaps5-8-10-12-15_core-gap10_min3_strict-v1
og_consensus_gaps5-8-10-12-15_core-gap10_min3_strict-v1:Q9ULM3:878-891,Q9ULM3,885,T,1,35132862,og_consensus_gaps5-8-10-12-15_core-gap10_min3_strict-v1
og_consensus_gaps5-8-10-12-15_core-gap10_min3_strict-v1:Q9ULM3:878-891,Q9ULM3,889,S,1,35254053,og_consensus_gaps5-8-10-12-15_core-gap10_min3_strict-v1
og_consensus_gaps5-8-10-12-15_core-gap10_min3_strict-v1:Q9ULM3:878-891,Q9ULM3,891,S,1,34846842,og_consensus_gaps5-8-10-12-15_core-gap10_min3_strict-v1
og_consensus_gaps5-8-10-12-15_core-gap10_min3_strict-v1:Q9ULM3:1011-1017,Q9ULM3,1011,T,1,35254053,og_consensus_gaps5-8-10-12-15_core-gap10_min3_strict-v1
og_consensus_gaps5-8-10-12-15_core-gap10_min3_strict-v1:Q9ULM3:1011-1017,Q9ULM3,1014,S,2,35254053;39531497,og_consensus_gaps5-8-10-12-15_core-gap10_min3_strict-v1
og_consensus_gaps5-8-10-12-15_core-gap10_min3_strict-v1:Q9ULM3:1011-1017,Q9ULM3,1016,T,1,21740066,og_consensus_gaps5-8-10-12-15_core-gap10_min3_strict-v1
og_consensus_gaps5-8-10-12-15_core-gap10_min3_strict-v1:Q9ULM3:1011-1017,Q9ULM3,1017,S,1,21740066,og_consensus_gaps5-8-10-12-15_core-gap10_min3_strict-v1
og_consensus_gaps5-8-10-12-15_core-gap10_min3_strict-v1:Q9ULM3:1059-1063,Q9ULM3,1059,S,3,35289036;39531497;39534244,og_consensus_gaps5-8-10-12-15_core-gap10_min3_strict-v1
og_consensus_gaps5-8-10-12-15_core-gap10_min3_strict-v1:Q9ULM3:1059-1063,Q9ULM3,1062,T,1,35289036,og_consensus_gaps5-8-10-12-15_core-gap10_min3_strict-v1
og_consensus_gaps5-8-10-12-15_core-gap10_min3_strict-v1:Q9ULM3:1059-1063,Q9ULM3,1063,S,3,35289036;39531497;39534244,og_consensus_gaps5-8-10-12-15_core-gap10_min3_strict-v1
og_consensus_gaps5-8-10-12-15_core-gap10_min3_strict-v1:Q9ULT8:1350-1361,Q9ULT8,1350,S,8,28604694;30059200;35254053;35513511;37541260;38838015;39531497;39534244,og_consensus_gaps5-8-10-12-15_core-gap10_min3_strict-v1
og_consensus_gaps5-8-10-12-15_core-gap10_min3_strict-v1:Q9ULT8:1350-1361,Q9ULT8,1352,T,2,35132862;39534244,og_consensus_gaps5-8-10-12-15_core-gap10_min3_strict-v1
og_consensus_gaps5-8-10-12-15_core-gap10_min3_strict-v1:Q9ULT8:1350-1361,Q9ULT8,1354,S,1,39531497,og_consensus_gaps5-8-10-12-15_core-gap10_min3_strict-v1
og_consensus_gaps5-8-10-12-15_core-gap10_min3_strict-v1:Q9ULT8:1350-1361,Q9ULT8,1356,T,1,35132862,og_consensus_gaps5-8-10-12-15_core-gap10_min3_strict-v1
og_consensus_gaps5-8-10-12-15_core-gap10_min3_strict-v1:Q9ULT8:1350-1361,Q9ULT8,1357,T,1,35132862,og_consensus_gaps5-8-10-12-15_core-gap10_min3_strict-v1
og_consensus_gaps5-8-10-12-15_core-gap10_min3_strict-v1:Q9ULT8:1350-1361,Q9ULT8,1361,S,1,39534244,og_consensus_gaps5-8-10-12-15_core-gap10_min3_strict-v1
og_consensus_gaps5-8-10-12-15_core-gap10_min3_strict-v1:Q9ULT8:1529-1533,Q9ULT8,1529,S,1,39534244,og_consensus_gaps5-8-10-12-15_core-gap10_min3_strict-v1
og_consensus_gaps5-8-10-12-15_core-gap10_min3_strict-v1:Q9ULT8:1529-1533,Q9ULT8,1530,S,1,31492838,og_consensus_gaps5-8-10-12-15_core-gap10_min3_strict-v1
og_consensus_gaps5-8-10-12-15_core-gap10_min3_strict-v1:Q9ULT8:1529-1533,Q9ULT8,1531,S,1,39534244,og_consensus_gaps5-8-10-12-15_core-gap10_min3_strict-v1
og_consensus_gaps5-8-10-12-15_core-gap10_min3_strict-v1:Q9ULT8:1529-1533,Q9ULT8,1533,S,1,39534244,og_consensus_gaps5-8-10-12-15_core-gap10_min3_strict-v1
og_consensus_gaps5-8-10-12-15_core-gap10_min3_strict-v1:Q9ULU4:746-756,Q9ULU4,746,T,5,34846842;35254053;37541260;39302247;39531497,og_consensus_gaps5-8-10-12-15_core-gap10_min3_strict-v1
og_consensus_gaps5-8-10-12-15_core-gap10_min3_strict-v1:Q9ULU4:746-756,Q9ULU4,749,S,1,34846842,og_consensus_gaps5-8-10-12-15_core-gap10_min3_strict-v1
og_consensus_gaps5-8-10-12-15_core-gap10_min3_strict-v1:Q9ULU4:746-756,Q9ULU4,750,T,3,32938750;35254053;39302247,og_consensus_gaps5-8-10-12-15_core-gap10_min3_strict-v1
og_consensus_gaps5-8-10-12-15_core-gap10_min3_strict-v1:Q9ULU4:746-756,Q9ULU4,751,T,5,32938750;35254053;37541260;39302247;39531497,og_consensus_gaps5-8-10-12-15_core-gap10_min3_strict-v1
og_consensus_gaps5-8-10-12-15_core-gap10_min3_strict-v1:Q9ULU4:746-756,Q9ULU4,754,S,1,32574038,og_consensus_gaps5-8-10-12-15_core-gap10_min3_strict-v1
og_consensus_gaps5-8-10-12-15_core-gap10_min3_strict-v1:Q9ULU4:746-756,Q9ULU4,756,S,1,32574038,og_consensus_gaps5-8-10-12-15_core-gap10_min3_strict-v1
og_consensus_gaps5-8-10-12-15_core-gap10_min3_strict-v1:Q9ULU4:771-780,Q9ULU4,771,S,2,32938750;35254053,og_consensus_gaps5-8-10-12-15_core-gap10_min3_strict-v1
og_consensus_gaps5-8-10-12-15_core-gap10_min3_strict-v1:Q9ULU4:771-780,Q9ULU4,776,T,1,32938750,og_consensus_gaps5-8-10-12-15_core-gap10_min3_strict-v1
og_consensus_gaps5-8-10-12-15_core-gap10_min3_strict-v1:Q9ULU4:771-780,Q9ULU4,779,T,2,32938750;35254053,og_consensus_gaps5-8-10-12-15_core-gap10_min3_strict-v1
og_consensus_gaps5-8-10-12-15_core-gap10_min3_strict-v1:Q9ULU4:771-780,Q9ULU4,780,S,3,32938750;35254053;37541260,og_consensus_gaps5-8-10-12-15_core-gap10_min3_strict-v1
og_consensus_gaps5-8-10-12-15_core-gap10_min3_strict-v1:Q9UM11:39-42,Q9UM11,39,S,1,27080259,og_consensus_gaps5-8-10-12-15_core-gap10_min3_strict-v1
og_consensus_gaps5-8-10-12-15_core-gap10_min3_strict-v1:Q9UM11:39-42,Q9UM11,40,S,1,27080259,og_consensus_gaps5-8-10-12-15_core-gap10_min3_strict-v1
og_consensus_gaps5-8-10-12-15_core-gap10_min3_strict-v1:Q9UM11:39-42,Q9UM11,42,S,1,27080259,og_consensus_gaps5-8-10-12-15_core-gap10_min3_strict-v1
og_consensus_gaps5-8-10-12-15_core-gap10_min3_strict-v1:Q9UM82:400-408,Q9UM82,400,S,1,35254053,og_consensus_gaps5-8-10-12-15_core-gap10_min3_strict-v1
og_consensus_gaps5-8-10-12-15_core-gap10_min3_strict-v1:Q9UM82:400-408,Q9UM82,403,T,1,35254053,og_consensus_gaps5-8-10-12-15_core-gap10_min3_strict-v1
og_consensus_gaps5-8-10-12-15_core-gap10_min3_strict-v1:Q9UM82:400-408,Q9UM82,408,S,4,28657654;32938750;39302247;39531497,og_consensus_gaps5-8-10-12-15_core-gap10_min3_strict-v1
og_consensus_gaps5-8-10-12-15_core-gap10_min3_strict-v1:Q9UMS4:148-152,Q9UMS4,148,S,3,29351928;35289036;39534244,og_consensus_gaps5-8-10-12-15_core-gap10_min3_strict-v1
og_consensus_gaps5-8-10-12-15_core-gap10_min3_strict-v1:Q9UMS4:148-152,Q9UMS4,149,S,3,29351928;39531497;39534244,og_consensus_gaps5-8-10-12-15_core-gap10_min3_strict-v1
og_consensus_gaps5-8-10-12-15_core-gap10_min3_strict-v1:Q9UMS4:148-152,Q9UMS4,152,S,4,29351928;35289036;39531497;39534244,og_consensus_gaps5-8-10-12-15_core-gap10_min3_strict-v1
og_consensus_gaps5-8-10-12-15_core-gap10_min3_strict-v1:Q9UPA5:1646-1652,Q9UPA5,1646,S,1,28657654,og_consensus_gaps5-8-10-12-15_core-gap10_min3_strict-v1
og_consensus_gaps5-8-10-12-15_core-gap10_min3_strict-v1:Q9UPA5:1646-1652,Q9UPA5,1647,S,1,28657654,og_consensus_gaps5-8-10-12-15_core-gap10_min3_strict-v1
og_consensus_gaps5-8-10-12-15_core-gap10_min3_strict-v1:Q9UPA5:1646-1652,Q9UPA5,1651,T,1,28657654,og_consensus_gaps5-8-10-12-15_core-gap10_min3_strict-v1
og_consensus_gaps5-8-10-12-15_core-gap10_min3_strict-v1:Q9UPA5:1646-1652,Q9UPA5,1652,S,1,28657654,og_consensus_gaps5-8-10-12-15_core-gap10_min3_strict-v1
og_consensus_gaps5-8-10-12-15_core-gap10_min3_strict-v1:Q9UPA5:2018-2024,Q9UPA5,2018,S,1,28657654,og_consensus_gaps5-8-10-12-15_core-gap10_min3_strict-v1
og_consensus_gaps5-8-10-12-15_core-gap10_min3_strict-v1:Q9UPA5:2018-2024,Q9UPA5,2022,S,1,28657654,og_consensus_gaps5-8-10-12-15_core-gap10_min3_strict-v1
og_consensus_gaps5-8-10-12-15_core-gap10_min3_strict-v1:Q9UPA5:2018-2024,Q9UPA5,2024,S,1,28657654,og_consensus_gaps5-8-10-12-15_core-gap10_min3_strict-v1
og_consensus_gaps5-8-10-12-15_core-gap10_min3_strict-v1:Q9UPA5:2086-2094,Q9UPA5,2086,S,1,28657654,og_consensus_gaps5-8-10-12-15_core-gap10_min3_strict-v1
og_consensus_gaps5-8-10-12-15_core-gap10_min3_strict-v1:Q9UPA5:2086-2094,Q9UPA5,2091,S,1,28657654,og_consensus_gaps5-8-10-12-15_core-gap10_min3_strict-v1
og_consensus_gaps5-8-10-12-15_core-gap10_min3_strict-v1:Q9UPA5:2086-2094,Q9UPA5,2093,T,1,28657654,og_consensus_gaps5-8-10-12-15_core-gap10_min3_strict-v1
og_consensus_gaps5-8-10-12-15_core-gap10_min3_strict-v1:Q9UPA5:2086-2094,Q9UPA5,2094,T,1,28657654,og_consensus_gaps5-8-10-12-15_core-gap10_min3_strict-v1
og_consensus_gaps5-8-10-12-15_core-gap10_min3_strict-v1:Q9UPA5:2313-2315,Q9UPA5,2313,T,1,28657654,og_consensus_gaps5-8-10-12-15_core-gap10_min3_strict-v1
og_consensus_gaps5-8-10-12-15_core-gap10_min3_strict-v1:Q9UPA5:2313-2315,Q9UPA5,2314,T,1,28657654,og_consensus_gaps5-8-10-12-15_core-gap10_min3_strict-v1
og_consensus_gaps5-8-10-12-15_core-gap10_min3_strict-v1:Q9UPA5:2313-2315,Q9UPA5,2315,T,1,28657654,og_consensus_gaps5-8-10-12-15_core-gap10_min3_strict-v1
og_consensus_gaps5-8-10-12-15_core-gap10_min3_strict-v1:Q9UPN6:611-617,Q9UPN6,611,T,5,34846842;35254053;35289036;37541260;39531497,og_consensus_gaps5-8-10-12-15_core-gap10_min3_strict-v1
og_consensus_gaps5-8-10-12-15_core-gap10_min3_strict-v1:Q9UPN6:611-617,Q9UPN6,614,T,6,30059200;30620550;32938750;35254053;35705054;39531497,og_consensus_gaps5-8-10-12-15_core-gap10_min3_strict-v1
og_consensus_gaps5-8-10-12-15_core-gap10_min3_strict-v1:Q9UPN6:611-617,Q9UPN6,615,T,8,23301498;30059200;30620550;34846842;35254053;37541260;38838015;39531497,og_consensus_gaps5-8-10-12-15_core-gap10_min3_strict-v1
og_consensus_gaps5-8-10-12-15_core-gap10_min3_strict-v1:Q9UPN6:611-617,Q9UPN6,617,S,1,35132862,og_consensus_gaps5-8-10-12-15_core-gap10_min3_strict-v1
og_consensus_gaps5-8-10-12-15_core-gap10_min3_strict-v1:Q9UPN6:821-824,Q9UPN6,821,S,3,29351928;35254053;39531497,og_consensus_gaps5-8-10-12-15_core-gap10_min3_strict-v1
og_consensus_gaps5-8-10-12-15_core-gap10_min3_strict-v1:Q9UPN6:821-824,Q9UPN6,822,S,1,35289036,og_consensus_gaps5-8-10-12-15_core-gap10_min3_strict-v1
og_consensus_gaps5-8-10-12-15_core-gap10_min3_strict-v1:Q9UPN6:821-824,Q9UPN6,824,S,2,29351928;39534244,og_consensus_gaps5-8-10-12-15_core-gap10_min3_strict-v1
og_consensus_gaps5-8-10-12-15_core-gap10_min3_strict-v1:Q9UPN9:634-643,Q9UPN9,634,S,6,32938750;35132862;35254053;35513511;37541260;39531497,og_consensus_gaps5-8-10-12-15_core-gap10_min3_strict-v1
og_consensus_gaps5-8-10-12-15_core-gap10_min3_strict-v1:Q9UPN9:634-643,Q9UPN9,638,T,3,32574038;35254053;39534244,og_consensus_gaps5-8-10-12-15_core-gap10_min3_strict-v1
og_consensus_gaps5-8-10-12-15_core-gap10_min3_strict-v1:Q9UPN9:634-643,Q9UPN9,639,T,2,32574038;39534244,og_consensus_gaps5-8-10-12-15_core-gap10_min3_strict-v1
og_consensus_gaps5-8-10-12-15_core-gap10_min3_strict-v1:Q9UPN9:634-643,Q9UPN9,643,T,3,35132862;35254053;39531497,og_consensus_gaps5-8-10-12-15_core-gap10_min3_strict-v1
og_consensus_gaps5-8-10-12-15_core-gap10_min3_strict-v1:Q9UPQ0:500-506,Q9UPQ0,500,T,2,28657654;35254053,og_consensus_gaps5-8-10-12-15_core-gap10_min3_strict-v1
og_consensus_gaps5-8-10-12-15_core-gap10_min3_strict-v1:Q9UPQ0:500-506,Q9UPQ0,502,T,2,28657654;35254053,og_consensus_gaps5-8-10-12-15_core-gap10_min3_strict-v1
og_consensus_gaps5-8-10-12-15_core-gap10_min3_strict-v1:Q9UPQ0:500-506,Q9UPQ0,506,T,3,28657654;31373491;35254053,og_consensus_gaps5-8-10-12-15_core-gap10_min3_strict-v1
og_consensus_gaps5-8-10-12-15_core-gap10_min3_strict-v1:Q9UPZ3:553-559,Q9UPZ3,553,T,1,39531497,og_consensus_gaps5-8-10-12-15_core-gap10_min3_strict-v1
og_consensus_gaps5-8-10-12-15_core-gap10_min3_strict-v1:Q9UPZ3:553-559,Q9UPZ3,554,T,1,39531497,og_consensus_gaps5-8-10-12-15_core-gap10_min3_strict-v1
og_consensus_gaps5-8-10-12-15_core-gap10_min3_strict-v1:Q9UPZ3:553-559,Q9UPZ3,559,T,1,39531497,og_consensus_gaps5-8-10-12-15_core-gap10_min3_strict-v1
og_consensus_gaps5-8-10-12-15_core-gap10_min3_strict-v1:Q9UQ35:1791-1798,Q9UQ35,1791,S,1,30379171,og_consensus_gaps5-8-10-12-15_core-gap10_min3_strict-v1
og_consensus_gaps5-8-10-12-15_core-gap10_min3_strict-v1:Q9UQ35:1791-1798,Q9UQ35,1794,S,1,30379171,og_consensus_gaps5-8-10-12-15_core-gap10_min3_strict-v1
og_consensus_gaps5-8-10-12-15_core-gap10_min3_strict-v1:Q9UQ35:1791-1798,Q9UQ35,1798,S,1,30379171,og_consensus_gaps5-8-10-12-15_core-gap10_min3_strict-v1
og_consensus_gaps5-8-10-12-15_core-gap10_min3_strict-v1:Q9UQ35:2090-2096,Q9UQ35,2090,S,1,30379171,og_consensus_gaps5-8-10-12-15_core-gap10_min3_strict-v1
og_consensus_gaps5-8-10-12-15_core-gap10_min3_strict-v1:Q9UQ35:2090-2096,Q9UQ35,2092,T,1,30379171,og_consensus_gaps5-8-10-12-15_core-gap10_min3_strict-v1
og_consensus_gaps5-8-10-12-15_core-gap10_min3_strict-v1:Q9UQ35:2090-2096,Q9UQ35,2096,T,1,30379171,og_consensus_gaps5-8-10-12-15_core-gap10_min3_strict-v1
og_consensus_gaps5-8-10-12-15_core-gap10_min3_strict-v1:Q9UQ35:2186-2192,Q9UQ35,2186,T,1,39531497,og_consensus_gaps5-8-10-12-15_core-gap10_min3_strict-v1
og_consensus_gaps5-8-10-12-15_core-gap10_min3_strict-v1:Q9UQ35:2186-2192,Q9UQ35,2189,S,2,39531497;39534244,og_consensus_gaps5-8-10-12-15_core-gap10_min3_strict-v1
og_consensus_gaps5-8-10-12-15_core-gap10_min3_strict-v1:Q9UQ35:2186-2192,Q9UQ35,2192,T,1,39534244,og_consensus_gaps5-8-10-12-15_core-gap10_min3_strict-v1
og_consensus_gaps5-8-10-12-15_core-gap10_min3_strict-v1:Q9UQ35:2310-2329,Q9UQ35,2310,S,1,35254053,og_consensus_gaps5-8-10-12-15_core-gap10_min3_strict-v1
og_consensus_gaps5-8-10-12-15_core-gap10_min3_strict-v1:Q9UQ35:2310-2329,Q9UQ35,2314,S,1,39534244,og_consensus_gaps5-8-10-12-15_core-gap10_min3_strict-v1
og_consensus_gaps5-8-10-12-15_core-gap10_min3_strict-v1:Q9UQ35:2310-2329,Q9UQ35,2316,T,1,39534244,og_consensus_gaps5-8-10-12-15_core-gap10_min3_strict-v1
og_consensus_gaps5-8-10-12-15_core-gap10_min3_strict-v1:Q9UQ35:2310-2329,Q9UQ35,2326,S,1,39534244,og_consensus_gaps5-8-10-12-15_core-gap10_min3_strict-v1
og_consensus_gaps5-8-10-12-15_core-gap10_min3_strict-v1:Q9UQ35:2310-2329,Q9UQ35,2327,S,2,35254053;39534244,og_consensus_gaps5-8-10-12-15_core-gap10_min3_strict-v1
og_consensus_gaps5-8-10-12-15_core-gap10_min3_strict-v1:Q9UQ35:2310-2329,Q9UQ35,2329,T,4,35132862;35289036;37541260;39531497,og_consensus_gaps5-8-10-12-15_core-gap10_min3_strict-v1
og_consensus_gaps5-8-10-12-15_core-gap10_min3_strict-v1:Q9UQR0:567-574,Q9UQR0,567,T,4,32574038;32938750;35132862;39534244,og_consensus_gaps5-8-10-12-15_core-gap10_min3_strict-v1
og_consensus_gaps5-8-10-12-15_core-gap10_min3_strict-v1:Q9UQR0:567-574,Q9UQR0,568,S,10,23301498;29237092;30059200;31492838;32938750;35254053;35289036;35513511;39531497;39534244,og_consensus_gaps5-8-10-12-15_core-gap10_min3_strict-v1
og_consensus_gaps5-8-10-12-15_core-gap10_min3_strict-v1:Q9UQR0:567-574,Q9UQR0,570,S,2,30059200;35132862,og_consensus_gaps5-8-10-12-15_core-gap10_min3_strict-v1
og_consensus_gaps5-8-10-12-15_core-gap10_min3_strict-v1:Q9UQR0:567-574,Q9UQR0,574,S,2,35289036;39534244,og_consensus_gaps5-8-10-12-15_core-gap10_min3_strict-v1
og_consensus_gaps5-8-10-12-15_core-gap10_min3_strict-v1:Q9Y2W1:237-243,Q9Y2W1,237,S,1,35254053,og_consensus_gaps5-8-10-12-15_core-gap10_min3_strict-v1
og_consensus_gaps5-8-10-12-15_core-gap10_min3_strict-v1:Q9Y2W1:237-243,Q9Y2W1,240,S,1,35254053,og_consensus_gaps5-8-10-12-15_core-gap10_min3_strict-v1
og_consensus_gaps5-8-10-12-15_core-gap10_min3_strict-v1:Q9Y2W1:237-243,Q9Y2W1,243,S,1,35254053,og_consensus_gaps5-8-10-12-15_core-gap10_min3_strict-v1
og_consensus_gaps5-8-10-12-15_core-gap10_min3_strict-v1:Q9Y2X9:864-893,Q9Y2X9,864,S,2,29351928;39531497,og_consensus_gaps5-8-10-12-15_core-gap10_min3_strict-v1
og_consensus_gaps5-8-10-12-15_core-gap10_min3_strict-v1:Q9Y2X9:864-893,Q9Y2X9,869,S,1,39531497,og_consensus_gaps5-8-10-12-15_core-gap10_min3_strict-v1
og_consensus_gaps5-8-10-12-15_core-gap10_min3_strict-v1:Q9Y2X9:864-893,Q9Y2X9,872,T,1,39531497,og_consensus_gaps5-8-10-12-15_core-gap10_min3_strict-v1
og_consensus_gaps5-8-10-12-15_core-gap10_min3_strict-v1:Q9Y2X9:864-893,Q9Y2X9,876,S,1,39531497,og_consensus_gaps5-8-10-12-15_core-gap10_min3_strict-v1
og_consensus_gaps5-8-10-12-15_core-gap10_min3_strict-v1:Q9Y2X9:864-893,Q9Y2X9,883,S,1,34846842,og_consensus_gaps5-8-10-12-15_core-gap10_min3_strict-v1
og_consensus_gaps5-8-10-12-15_core-gap10_min3_strict-v1:Q9Y2X9:864-893,Q9Y2X9,888,T,4,32574038;35132862;35254053;37541260,og_consensus_gaps5-8-10-12-15_core-gap10_min3_strict-v1
og_consensus_gaps5-8-10-12-15_core-gap10_min3_strict-v1:Q9Y2X9:864-893,Q9Y2X9,890,T,2,32574038;35289036,og_consensus_gaps5-8-10-12-15_core-gap10_min3_strict-v1
og_consensus_gaps5-8-10-12-15_core-gap10_min3_strict-v1:Q9Y2X9:864-893,Q9Y2X9,891,S,8,20068230;23301498;26280087;30620550;32574038;35132862;35254053;37541260,og_consensus_gaps5-8-10-12-15_core-gap10_min3_strict-v1
og_consensus_gaps5-8-10-12-15_core-gap10_min3_strict-v1:Q9Y2X9:864-893,Q9Y2X9,893,S,1,32574038,og_consensus_gaps5-8-10-12-15_core-gap10_min3_strict-v1
og_consensus_gaps5-8-10-12-15_core-gap10_min3_strict-v1:Q9Y467:253-263,Q9Y467,253,T,1,38838015,og_consensus_gaps5-8-10-12-15_core-gap10_min3_strict-v1
og_consensus_gaps5-8-10-12-15_core-gap10_min3_strict-v1:Q9Y467:253-263,Q9Y467,256,S,1,31637018,og_consensus_gaps5-8-10-12-15_core-gap10_min3_strict-v1
og_consensus_gaps5-8-10-12-15_core-gap10_min3_strict-v1:Q9Y467:253-263,Q9Y467,259,S,1,30620550,og_consensus_gaps5-8-10-12-15_core-gap10_min3_strict-v1
og_consensus_gaps5-8-10-12-15_core-gap10_min3_strict-v1:Q9Y467:253-263,Q9Y467,261,S,1,35132862,og_consensus_gaps5-8-10-12-15_core-gap10_min3_strict-v1
og_consensus_gaps5-8-10-12-15_core-gap10_min3_strict-v1:Q9Y467:253-263,Q9Y467,263,S,1,31637018,og_consensus_gaps5-8-10-12-15_core-gap10_min3_strict-v1
og_consensus_gaps5-8-10-12-15_core-gap10_min3_strict-v1:Q9Y4B4:1073-1075,Q9Y4B4,1073,T,2,30620550;35705054,og_consensus_gaps5-8-10-12-15_core-gap10_min3_strict-v1
og_consensus_gaps5-8-10-12-15_core-gap10_min3_strict-v1:Q9Y4B4:1073-1075,Q9Y4B4,1074,T,3,30620550;32938750;35705054,og_consensus_gaps5-8-10-12-15_core-gap10_min3_strict-v1
og_consensus_gaps5-8-10-12-15_core-gap10_min3_strict-v1:Q9Y4B4:1073-1075,Q9Y4B4,1075,T,7,30620550;32938750;34846842;35132862;35254053;35705054;37541260,og_consensus_gaps5-8-10-12-15_core-gap10_min3_strict-v1
og_consensus_gaps5-8-10-12-15_core-gap10_min3_strict-v1:Q9Y520:2186-2200,Q9Y520,2186,S,2,30620550;34846842,og_consensus_gaps5-8-10-12-15_core-gap10_min3_strict-v1
og_consensus_gaps5-8-10-12-15_core-gap10_min3_strict-v1:Q9Y520:2186-2200,Q9Y520,2191,T,1,35254053,og_consensus_gaps5-8-10-12-15_core-gap10_min3_strict-v1
og_consensus_gaps5-8-10-12-15_core-gap10_min3_strict-v1:Q9Y520:2186-2200,Q9Y520,2195,S,2,21740066;38838015,og_consensus_gaps5-8-10-12-15_core-gap10_min3_strict-v1
og_consensus_gaps5-8-10-12-15_core-gap10_min3_strict-v1:Q9Y520:2186-2200,Q9Y520,2196,S,8,21740066;29351928;31492838;32574038;35132862;35254053;38838015;39531497,og_consensus_gaps5-8-10-12-15_core-gap10_min3_strict-v1
og_consensus_gaps5-8-10-12-15_core-gap10_min3_strict-v1:Q9Y520:2186-2200,Q9Y520,2200,T,4,30620550;32938750;35254053;35289036,og_consensus_gaps5-8-10-12-15_core-gap10_min3_strict-v1
og_consensus_gaps5-8-10-12-15_core-gap10_min3_strict-v1:Q9Y520:2233-2247,Q9Y520,2233,S,1,35254053,og_consensus_gaps5-8-10-12-15_core-gap10_min3_strict-v1
og_consensus_gaps5-8-10-12-15_core-gap10_min3_strict-v1:Q9Y520:2233-2247,Q9Y520,2237,T,3,32574038;35254053;35705054,og_consensus_gaps5-8-10-12-15_core-gap10_min3_strict-v1
og_consensus_gaps5-8-10-12-15_core-gap10_min3_strict-v1:Q9Y520:2233-2247,Q9Y520,2238,S,8,21740066;29237092;29351928;30620550;35254053;35705054;39531497;39534244,og_consensus_gaps5-8-10-12-15_core-gap10_min3_strict-v1
og_consensus_gaps5-8-10-12-15_core-gap10_min3_strict-v1:Q9Y520:2233-2247,Q9Y520,2242,T,5,29351928;31492838;35254053;35705054;39534244,og_consensus_gaps5-8-10-12-15_core-gap10_min3_strict-v1
og_consensus_gaps5-8-10-12-15_core-gap10_min3_strict-v1:Q9Y520:2233-2247,Q9Y520,2243,T,14,20068230;21740066;29237092;29351928;30059200;30620550;31492838;32938750;35254053;35513511;35705054;37541260;39531497;39534244,og_consensus_gaps5-8-10-12-15_core-gap10_min3_strict-v1
og_consensus_gaps5-8-10-12-15_core-gap10_min3_strict-v1:Q9Y520:2233-2247,Q9Y520,2245,S,2,35132862;35254053,og_consensus_gaps5-8-10-12-15_core-gap10_min3_strict-v1
og_consensus_gaps5-8-10-12-15_core-gap10_min3_strict-v1:Q9Y520:2233-2247,Q9Y520,2247,T,2,35254053;39534244,og_consensus_gaps5-8-10-12-15_core-gap10_min3_strict-v1
og_consensus_gaps5-8-10-12-15_core-gap10_min3_strict-v1:Q9Y520:2268-2272,Q9Y520,2268,S,1,29351928,og_consensus_gaps5-8-10-12-15_core-gap10_min3_strict-v1
og_consensus_gaps5-8-10-12-15_core-gap10_min3_strict-v1:Q9Y520:2268-2272,Q9Y520,2271,T,1,29351928,og_consensus_gaps5-8-10-12-15_core-gap10_min3_strict-v1
og_consensus_gaps5-8-10-12-15_core-gap10_min3_strict-v1:Q9Y520:2268-2272,Q9Y520,2272,S,1,29351928,og_consensus_gaps5-8-10-12-15_core-gap10_min3_strict-v1
og_consensus_gaps5-8-10-12-15_core-gap10_min3_strict-v1:Q9Y520:2330-2332,Q9Y520,2330,S,3,30059200;35254053;37541260,og_consensus_gaps5-8-10-12-15_core-gap10_min3_strict-v1
og_consensus_gaps5-8-10-12-15_core-gap10_min3_strict-v1:Q9Y520:2330-2332,Q9Y520,2331,T,5,21740066;28657654;35254053;37541260;38838015,og_consensus_gaps5-8-10-12-15_core-gap10_min3_strict-v1
og_consensus_gaps5-8-10-12-15_core-gap10_min3_strict-v1:Q9Y520:2330-2332,Q9Y520,2332,T,2,28657654;35254053,og_consensus_gaps5-8-10-12-15_core-gap10_min3_strict-v1
og_consensus_gaps5-8-10-12-15_core-gap10_min3_strict-v1:Q9Y520:2421-2425,Q9Y520,2421,S,1,39534244,og_consensus_gaps5-8-10-12-15_core-gap10_min3_strict-v1
og_consensus_gaps5-8-10-12-15_core-gap10_min3_strict-v1:Q9Y520:2421-2425,Q9Y520,2424,T,1,39534244,og_consensus_gaps5-8-10-12-15_core-gap10_min3_strict-v1
og_consensus_gaps5-8-10-12-15_core-gap10_min3_strict-v1:Q9Y520:2421-2425,Q9Y520,2425,S,1,39534244,og_consensus_gaps5-8-10-12-15_core-gap10_min3_strict-v1
og_consensus_gaps5-8-10-12-15_core-gap10_min3_strict-v1:Q9Y520:2476-2488,Q9Y520,2476,S,2,39531497;39534244,og_consensus_gaps5-8-10-12-15_core-gap10_min3_strict-v1
og_consensus_gaps5-8-10-12-15_core-gap10_min3_strict-v1:Q9Y520:2476-2488,Q9Y520,2477,S,4,29351928;35254053;39302247;39534244,og_consensus_gaps5-8-10-12-15_core-gap10_min3_strict-v1
og_consensus_gaps5-8-10-12-15_core-gap10_min3_strict-v1:Q9Y520:2476-2488,Q9Y520,2479,S,4,35132862;35254053;39531497;39534244,og_consensus_gaps5-8-10-12-15_core-gap10_min3_strict-v1
og_consensus_gaps5-8-10-12-15_core-gap10_min3_strict-v1:Q9Y520:2476-2488,Q9Y520,2482,S,2,39531497;39534244,og_consensus_gaps5-8-10-12-15_core-gap10_min3_strict-v1
og_consensus_gaps5-8-10-12-15_core-gap10_min3_strict-v1:Q9Y520:2476-2488,Q9Y520,2486,S,1,39534244,og_consensus_gaps5-8-10-12-15_core-gap10_min3_strict-v1
og_consensus_gaps5-8-10-12-15_core-gap10_min3_strict-v1:Q9Y520:2476-2488,Q9Y520,2488,T,2,32574038;39534244,og_consensus_gaps5-8-10-12-15_core-gap10_min3_strict-v1
og_consensus_gaps5-8-10-12-15_core-gap10_min3_strict-v1:Q9Y520:2680-2693,Q9Y520,2680,S,1,39534244,og_consensus_gaps5-8-10-12-15_core-gap10_min3_strict-v1
og_consensus_gaps5-8-10-12-15_core-gap10_min3_strict-v1:Q9Y520:2680-2693,Q9Y520,2681,T,2,34846842;35254053,og_consensus_gaps5-8-10-12-15_core-gap10_min3_strict-v1
og_consensus_gaps5-8-10-12-15_core-gap10_min3_strict-v1:Q9Y520:2680-2693,Q9Y520,2682,T,1,39531497,og_consensus_gaps5-8-10-12-15_core-gap10_min3_strict-v1
og_consensus_gaps5-8-10-12-15_core-gap10_min3_strict-v1:Q9Y520:2680-2693,Q9Y520,2684,T,1,32574038,og_consensus_gaps5-8-10-12-15_core-gap10_min3_strict-v1
og_consensus_gaps5-8-10-12-15_core-gap10_min3_strict-v1:Q9Y520:2680-2693,Q9Y520,2685,S,7,23301498;31373491;31492838;32574038;34846842;39531497;39534244,og_consensus_gaps5-8-10-12-15_core-gap10_min3_strict-v1
og_consensus_gaps5-8-10-12-15_core-gap10_min3_strict-v1:Q9Y520:2680-2693,Q9Y520,2686,S,2,32574038;39534244,og_consensus_gaps5-8-10-12-15_core-gap10_min3_strict-v1
og_consensus_gaps5-8-10-12-15_core-gap10_min3_strict-v1:Q9Y520:2680-2693,Q9Y520,2691,T,3,34846842;35254053;38838015,og_consensus_gaps5-8-10-12-15_core-gap10_min3_strict-v1
og_consensus_gaps5-8-10-12-15_core-gap10_min3_strict-v1:Q9Y520:2680-2693,Q9Y520,2692,S,4,21740066;30059200;35254053;38838015,og_consensus_gaps5-8-10-12-15_core-gap10_min3_strict-v1
og_consensus_gaps5-8-10-12-15_core-gap10_min3_strict-v1:Q9Y520:2680-2693,Q9Y520,2693,T,2,30059200;38838015,og_consensus_gaps5-8-10-12-15_core-gap10_min3_strict-v1
og_consensus_gaps5-8-10-12-15_core-gap10_min3_strict-v1:Q9Y580:115-126,Q9Y580,115,S,1,34105348,og_consensus_gaps5-8-10-12-15_core-gap10_min3_strict-v1
og_consensus_gaps5-8-10-12-15_core-gap10_min3_strict-v1:Q9Y580:115-126,Q9Y580,120,T,1,39531497,og_consensus_gaps5-8-10-12-15_core-gap10_min3_strict-v1
og_consensus_gaps5-8-10-12-15_core-gap10_min3_strict-v1:Q9Y580:115-126,Q9Y580,125,T,2,31373491;39531497,og_consensus_gaps5-8-10-12-15_core-gap10_min3_strict-v1
og_consensus_gaps5-8-10-12-15_core-gap10_min3_strict-v1:Q9Y580:115-126,Q9Y580,126,S,2,30059200;31492838,og_consensus_gaps5-8-10-12-15_core-gap10_min3_strict-v1
og_consensus_gaps5-8-10-12-15_core-gap10_min3_strict-v1:Q9Y5M8:213-218,Q9Y5M8,213,S,1,33465208,og_consensus_gaps5-8-10-12-15_core-gap10_min3_strict-v1
og_consensus_gaps5-8-10-12-15_core-gap10_min3_strict-v1:Q9Y5M8:213-218,Q9Y5M8,217,S,1,33465208,og_consensus_gaps5-8-10-12-15_core-gap10_min3_strict-v1
og_consensus_gaps5-8-10-12-15_core-gap10_min3_strict-v1:Q9Y5M8:213-218,Q9Y5M8,218,S,1,33465208,og_consensus_gaps5-8-10-12-15_core-gap10_min3_strict-v1
og_consensus_gaps5-8-10-12-15_core-gap10_min3_strict-v1:Q9Y618:1516-1518,Q9Y618,1516,S,1,29351928,og_consensus_gaps5-8-10-12-15_core-gap10_min3_strict-v1
og_consensus_gaps5-8-10-12-15_core-gap10_min3_strict-v1:Q9Y618:1516-1518,Q9Y618,1517,S,2,29351928;39531497,og_consensus_gaps5-8-10-12-15_core-gap10_min3_strict-v1
og_consensus_gaps5-8-10-12-15_core-gap10_min3_strict-v1:Q9Y618:1516-1518,Q9Y618,1518,S,2,32574038;35289036,og_consensus_gaps5-8-10-12-15_core-gap10_min3_strict-v1
og_consensus_gaps5-8-10-12-15_core-gap10_min3_strict-v1:Q9Y618:1558-1566,Q9Y618,1558,S,2,35289036;39531497,og_consensus_gaps5-8-10-12-15_core-gap10_min3_strict-v1
og_consensus_gaps5-8-10-12-15_core-gap10_min3_strict-v1:Q9Y618:1558-1566,Q9Y618,1561,T,1,38838015,og_consensus_gaps5-8-10-12-15_core-gap10_min3_strict-v1
og_consensus_gaps5-8-10-12-15_core-gap10_min3_strict-v1:Q9Y618:1558-1566,Q9Y618,1562,T,5,29351928;35289036;38838015;39531497;39534244,og_consensus_gaps5-8-10-12-15_core-gap10_min3_strict-v1
og_consensus_gaps5-8-10-12-15_core-gap10_min3_strict-v1:Q9Y618:1558-1566,Q9Y618,1566,T,1,35289036,og_consensus_gaps5-8-10-12-15_core-gap10_min3_strict-v1
og_consensus_gaps5-8-10-12-15_core-gap10_min3_strict-v1:Q9Y618:1786-1791,Q9Y618,1786,T,1,39534244,og_consensus_gaps5-8-10-12-15_core-gap10_min3_strict-v1
og_consensus_gaps5-8-10-12-15_core-gap10_min3_strict-v1:Q9Y618:1786-1791,Q9Y618,1789,T,1,34846842,og_consensus_gaps5-8-10-12-15_core-gap10_min3_strict-v1
og_consensus_gaps5-8-10-12-15_core-gap10_min3_strict-v1:Q9Y618:1786-1791,Q9Y618,1791,T,2,37541260;39534244,og_consensus_gaps5-8-10-12-15_core-gap10_min3_strict-v1
og_consensus_gaps5-8-10-12-15_core-gap10_min3_strict-v1:Q9Y618:1813-1817,Q9Y618,1813,S,4,34846842;35289036;39531497;39534244,og_consensus_gaps5-8-10-12-15_core-gap10_min3_strict-v1
og_consensus_gaps5-8-10-12-15_core-gap10_min3_strict-v1:Q9Y618:1813-1817,Q9Y618,1816,T,1,39534244,og_consensus_gaps5-8-10-12-15_core-gap10_min3_strict-v1
og_consensus_gaps5-8-10-12-15_core-gap10_min3_strict-v1:Q9Y618:1813-1817,Q9Y618,1817,S,2,29351928;39534244,og_consensus_gaps5-8-10-12-15_core-gap10_min3_strict-v1
og_consensus_gaps5-8-10-12-15_core-gap10_min3_strict-v1:Q9Y618:2137-2145,Q9Y618,2137,S,3,34846842;35289036;39534244,og_consensus_gaps5-8-10-12-15_core-gap10_min3_strict-v1
og_consensus_gaps5-8-10-12-15_core-gap10_min3_strict-v1:Q9Y618:2137-2145,Q9Y618,2141,T,1,39534244,og_consensus_gaps5-8-10-12-15_core-gap10_min3_strict-v1
og_consensus_gaps5-8-10-12-15_core-gap10_min3_strict-v1:Q9Y618:2137-2145,Q9Y618,2145,T,3,35289036;39531497;39534244,og_consensus_gaps5-8-10-12-15_core-gap10_min3_strict-v1
og_consensus_gaps5-8-10-12-15_core-gap10_min3_strict-v1:Q9Y678:132-135,Q9Y678,132,T,1,30459710,og_consensus_gaps5-8-10-12-15_core-gap10_min3_strict-v1
og_consensus_gaps5-8-10-12-15_core-gap10_min3_strict-v1:Q9Y678:132-135,Q9Y678,134,S,1,30459710,og_consensus_gaps5-8-10-12-15_core-gap10_min3_strict-v1
og_consensus_gaps5-8-10-12-15_core-gap10_min3_strict-v1:Q9Y678:132-135,Q9Y678,135,T,1,30459710,og_consensus_gaps5-8-10-12-15_core-gap10_min3_strict-v1
og_consensus_gaps5-8-10-12-15_core-gap10_min3_strict-v1:Q9Y692:450-454,Q9Y692,450,T,1,39531497,og_consensus_gaps5-8-10-12-15_core-gap10_min3_strict-v1
og_consensus_gaps5-8-10-12-15_core-gap10_min3_strict-v1:Q9Y692:450-454,Q9Y692,453,S,9,28657654;29351928;30059200;31373491;31492838;32574038;34846842;35254053;35289036,og_consensus_gaps5-8-10-12-15_core-gap10_min3_strict-v1
og_consensus_gaps5-8-10-12-15_core-gap10_min3_strict-v1:Q9Y692:450-454,Q9Y692,454,S,3,30059200;32574038;35289036,og_consensus_gaps5-8-10-12-15_core-gap10_min3_strict-v1
og_consensus_gaps5-8-10-12-15_core-gap10_min3_strict-v1:Q9Y6Q9:857-863,Q9Y6Q9,857,S,3,35254053;35513511;39531497,og_consensus_gaps5-8-10-12-15_core-gap10_min3_strict-v1
og_consensus_gaps5-8-10-12-15_core-gap10_min3_strict-v1:Q9Y6Q9:857-863,Q9Y6Q9,860,S,2,35254053;35705054,og_consensus_gaps5-8-10-12-15_core-gap10_min3_strict-v1
og_consensus_gaps5-8-10-12-15_core-gap10_min3_strict-v1:Q9Y6Q9:857-863,Q9Y6Q9,863,S,3,31492838;35254053;35705054,og_consensus_gaps5-8-10-12-15_core-gap10_min3_strict-v1
og_consensus_gaps5-8-10-12-15_core-gap10_min3_strict-v1:Q9Y6Q9:910-917,Q9Y6Q9,910,T,2,35254053;39531497,og_consensus_gaps5-8-10-12-15_core-gap10_min3_strict-v1
og_consensus_gaps5-8-10-12-15_core-gap10_min3_strict-v1:Q9Y6Q9:910-917,Q9Y6Q9,914,T,1,35254053,og_consensus_gaps5-8-10-12-15_core-gap10_min3_strict-v1
og_consensus_gaps5-8-10-12-15_core-gap10_min3_strict-v1:Q9Y6Q9:910-917,Q9Y6Q9,917,S,2,31492838;39531497,og_consensus_gaps5-8-10-12-15_core-gap10_min3_strict-v1
og_consensus_gaps5-8-10-12-15_core-gap10_min3_strict-v1:Q9Y6Y8:70-79,Q9Y6Y8,70,T,1,39531497,og_consensus_gaps5-8-10-12-15_core-gap10_min3_strict-v1
og_consensus_gaps5-8-10-12-15_core-gap10_min3_strict-v1:Q9Y6Y8:70-79,Q9Y6Y8,71,S,1,39531497,og_consensus_gaps5-8-10-12-15_core-gap10_min3_strict-v1
og_consensus_gaps5-8-10-12-15_core-gap10_min3_strict-v1:Q9Y6Y8:70-79,Q9Y6Y8,74,T,1,39531497,og_consensus_gaps5-8-10-12-15_core-gap10_min3_strict-v1
og_consensus_gaps5-8-10-12-15_core-gap10_min3_strict-v1:Q9Y6Y8:70-79,Q9Y6Y8,75,S,1,39531497,og_consensus_gaps5-8-10-12-15_core-gap10_min3_strict-v1
og_consensus_gaps5-8-10-12-15_core-gap10_min3_strict-v1:Q9Y6Y8:70-79,Q9Y6Y8,79,T,1,39531497,og_consensus_gaps5-8-10-12-15_core-gap10_min3_strict-v1
og_consensus_gaps5-8-10-12-15_core-gap10_min3_strict-v1:Q9Y6Y8:99-107,Q9Y6Y8,99,S,1,39531497,og_consensus_gaps5-8-10-12-15_core-gap10_min3_strict-v1
og_consensus_gaps5-8-10-12-15_core-gap10_min3_strict-v1:Q9Y6Y8:99-107,Q9Y6Y8,102,T,1,39531497,og_consensus_gaps5-8-10-12-15_core-gap10_min3_strict-v1
og_consensus_gaps5-8-10-12-15_core-gap10_min3_strict-v1:Q9Y6Y8:99-107,Q9Y6Y8,103,T,1,39531497,og_consensus_gaps5-8-10-12-15_core-gap10_min3_strict-v1
og_consensus_gaps5-8-10-12-15_core-gap10_min3_strict-v1:Q9Y6Y8:99-107,Q9Y6Y8,107,S,1,39531497,og_consensus_gaps5-8-10-12-15_core-gap10_min3_strict-v1
og_consensus_gaps5-8-10-12-15_core-gap10_min3_strict-v1:Q9Y6Y8:118-138,Q9Y6Y8,118,T,3,28604694;35254053;35289036,og_consensus_gaps5-8-10-12-15_core-gap10_min3_strict-v1
og_consensus_gaps5-8-10-12-15_core-gap10_min3_strict-v1:Q9Y6Y8:118-138,Q9Y6Y8,123,T,4,29249144;35254053;37541260;39531497,og_consensus_gaps5-8-10-12-15_core-gap10_min3_strict-v1
og_consensus_gaps5-8-10-12-15_core-gap10_min3_strict-v1:Q9Y6Y8:118-138,Q9Y6Y8,124,T,4,29249144;30059200;35254053;39531497,og_consensus_gaps5-8-10-12-15_core-gap10_min3_strict-v1
og_consensus_gaps5-8-10-12-15_core-gap10_min3_strict-v1:Q9Y6Y8:118-138,Q9Y6Y8,126,S,4,29249144;35254053;39531497;39534244,og_consensus_gaps5-8-10-12-15_core-gap10_min3_strict-v1
og_consensus_gaps5-8-10-12-15_core-gap10_min3_strict-v1:Q9Y6Y8:118-138,Q9Y6Y8,130,S,3,29249144;35289036;39534244,og_consensus_gaps5-8-10-12-15_core-gap10_min3_strict-v1
og_consensus_gaps5-8-10-12-15_core-gap10_min3_strict-v1:Q9Y6Y8:118-138,Q9Y6Y8,134,S,1,35289036,og_consensus_gaps5-8-10-12-15_core-gap10_min3_strict-v1
og_consensus_gaps5-8-10-12-15_core-gap10_min3_strict-v1:Q9Y6Y8:118-138,Q9Y6Y8,136,S,3,28604694;35132862;39534244,og_consensus_gaps5-8-10-12-15_core-gap10_min3_strict-v1
og_consensus_gaps5-8-10-12-15_core-gap10_min3_strict-v1:Q9Y6Y8:118-138,Q9Y6Y8,138,S,7,28604694;30059200;31492838;35254053;37541260;39531497;39534244,og_consensus_gaps5-8-10-12-15_core-gap10_min3_strict-v1
og_consensus_gaps5-8-10-12-15_core-gap10_min3_strict-v1:Q9Y6Y8:154-166,Q9Y6Y8,154,S,1,39534244,og_consensus_gaps5-8-10-12-15_core-gap10_min3_strict-v1
og_consensus_gaps5-8-10-12-15_core-gap10_min3_strict-v1:Q9Y6Y8:154-166,Q9Y6Y8,158,S,1,39534244,og_consensus_gaps5-8-10-12-15_core-gap10_min3_strict-v1
og_consensus_gaps5-8-10-12-15_core-gap10_min3_strict-v1:Q9Y6Y8:154-166,Q9Y6Y8,161,S,1,39534244,og_consensus_gaps5-8-10-12-15_core-gap10_min3_strict-v1
og_consensus_gaps5-8-10-12-15_core-gap10_min3_strict-v1:Q9Y6Y8:154-166,Q9Y6Y8,166,S,1,39534244,og_consensus_gaps5-8-10-12-15_core-gap10_min3_strict-v1
