accession,gene,has_region,is_fg_nup,is_fg_nup_complex,length,disorder_fraction,st_fraction,n_sites
A0A087WXM9,MEIKIN,False,False,False,373,0.2898089171974522,0.21447721179624665,3
A0A0B4J1W7,NPIPA9,False,False,False,369,0.2898089171974522,0.13821138211382114,1
A0A286YF58,TMEM271,False,False,False,385,0.2898089171974522,0.12727272727272726,1
A0AV96,RBM47,False,False,False,593,0.10961214165261383,0.08263069139966273,3
A0AVK6,E2F8,True,False,False,867,0.49480968858131485,0.1787773933102653,6
A0MZ66,SHTN1,False,False,False,631,0.6497622820919176,0.13946117274167988,1
A1L188,NDUFAF8,False,False,False,74,0.2898089171974522,0.0945945945945946,1
A2RRH5,WDR27,False,False,False,827,0.022974607013301087,0.15114873035066506,1
A2RRP1,NBAS,False,False,False,2371,0.04892450442851118,0.12948123154787008,2
A2RTY3,HEATR9,False,False,False,570,0.2898089171974522,0.10350877192982456,1
A2RUB1,MEIOC,False,False,False,952,0.3392857142857143,0.17016806722689076,1
A2RUS2,DENND3,False,False,False,1198,0.04757929883138564,0.12186978297161936,1
A3KMH1,VWA8,False,False,False,1905,0.08661417322834646,0.12125984251968504,2
A3KN83,SBNO1,True,False,False,1393,0.31299353912419237,0.14501076812634603,14
A4D161,FAM221A,False,False,False,298,0.18791946308724833,0.14093959731543623,1
A4FU49,SH3D21,False,False,False,640,0.8953125,0.1578125,1
A4UGR9,XIRP2,False,False,False,3374,0.528452874925904,0.17042086544161233,3
A5D8V7,ODAD3,False,False,False,595,0.3058823529411765,0.10252100840336134,1
A5YKK6,CNOT1,True,False,False,2376,0.09427609427609428,0.11616161616161616,16
A6H8Y1,BDP1,False,False,False,2624,0.850609756097561,0.16501524390243902,5
A6NC57,ANKRD62,False,False,False,917,0.2202835332606325,0.11668484187568157,1
A6NDG6,PGP,False,False,False,321,0.018691588785046728,0.09034267912772585,1
A6NE01,FAM186A,False,False,False,2351,0.42705231816248407,0.1509995746490855,2
A6NEL2,SOWAHB,False,False,False,793,0.592686002522068,0.13240857503152584,2
A6NF01,POM121B,True,False,False,834,0.7110311750599521,0.29136690647482016,10
A6NGB9,WIPF3,False,False,False,483,0.9917184265010351,0.14285714285714285,1
A6NGG3,LINC03041,False,False,False,77,0.2898089171974522,0.14285714285714285,1
A6NGU5,GGT3P,False,False,False,568,0.2898089171974522,0.12147887323943662,2
A6NHR9,SMCHD1,False,False,False,2005,0.07281795511221945,0.11521197007481297,1
A6NHT5,HMX3,False,False,False,357,0.5014005602240896,0.12044817927170869,2
A6NIH7,UNC119B,False,False,False,251,0.22709163346613545,0.099601593625498,1
A6NIV6,LRRIQ4,False,False,False,560,0.09107142857142857,0.09821428571428571,2
A6NKN8,PCP4L1,False,False,False,68,0.2898089171974522,0.1323529411764706,2
A6NKT7,RGPD3,False,False,False,1758,0.19965870307167236,0.14789533560864618,4
A6NNA5,DRGX,False,False,False,263,0.2898089171974522,0.1634980988593156,1
A6NNZ2,TUBB8B,False,False,False,444,0.2898089171974522,0.12837837837837837,2
A6QL63,ABTB3,False,False,False,1104,0.2898089171974522,0.12590579710144928,1
A7E2V4,ZSWIM8,False,False,False,1837,0.3772455089820359,0.15187806205770277,2
A7KAX9,ARHGAP32,False,False,False,2087,0.5888835649257307,0.16914230953521803,2
A8CG34,POM121C,True,False,True,1229,0.7379983726606998,0.25874694873881204,48
A8MPP1,DDX11L8,False,False,False,907,0.16758544652701213,0.09922822491730982,1
A8MUU9,nan,False,False,False,505,0.2898089171974522,0.3821782178217822,2
A8MW92,PHF20L1,False,False,False,1017,0.5290068829891839,0.14355948869223206,2
A8MWD9,SNRPGP15,False,False,False,76,0.07894736842105263,0.07894736842105263,1
A8MXV6,CDRT15L2,False,False,False,281,0.49466192170818507,0.10676156583629894,1
B1AJZ9,FHAD1,False,False,False,1412,0.4454674220963173,0.11756373937677053,4
B2RTY4,MYO9A,False,False,False,2548,0.2898089171974522,0.13932496075353218,2
B3KS81,SRRM5,False,False,False,715,1.0,0.3202797202797203,3
B4DXR9,ZNF732,False,False,False,585,0.2898089171974522,0.13333333333333333,1
B4DYI2,SPATA31C2,False,False,False,1134,0.2898089171974522,0.1763668430335097,1
B7Z368,LINC02881,False,False,False,130,0.2898089171974522,0.13846153846153847,1
E9PAV3,NACA,False,False,False,2078,0.8358999037536092,0.2343599615014437,7
H7BZ55,CROCC2,False,False,False,1653,0.2898089171974522,0.10465819721718088,2
O00151,PDLIM1,True,False,False,329,0.44984802431610943,0.1458966565349544,7
O00154,ACOT7,False,False,False,380,0.14210526315789473,0.12105263157894737,1
O00165,HAX1,False,False,False,279,0.7491039426523297,0.13978494623655913,1
O00203,AP3B1,False,False,False,1094,0.23491773308957953,0.16087751371115175,1
O00213,APBB1,False,False,False,710,0.5056338028169014,0.13661971830985917,1
O00220,TNFRSF10A,False,False,False,468,0.25854700854700857,0.13034188034188035,1
O00267,SUPT5H,False,False,False,1087,0.43514259429622815,0.1343146274149034,3
O00268,TAF4,True,False,False,1085,0.7576036866359447,0.13732718894009216,21
O00291,HIP1,False,False,False,1037,0.19575699132111862,0.1369334619093539,1
O00327,BMAL1,False,False,False,626,0.39456869009584666,0.16613418530351437,1
O00338,SULT1C2,False,False,False,296,0.030405405405405407,0.11486486486486487,2
O00410,IPO5,False,False,False,1097,0.2898089171974522,0.08659981768459435,1
O00422,SAP18,False,False,False,153,0.40522875816993464,0.1503267973856209,2
O00429,DNM1L,False,False,False,736,0.19972826086956522,0.12228260869565218,1
O00443,PIK3C2A,False,False,False,1686,0.08540925266903915,0.14709371293001186,3
O00468,AGRN,False,False,False,2068,0.15618955512572533,0.12959381044487428,1
O00469,PLOD2,False,False,False,737,0.0,0.08548168249660787,3
O00470,MEIS1,False,False,False,390,0.5358974358974359,0.12564102564102564,1
O00487,PSMD14,False,False,False,310,0.13870967741935483,0.0935483870967742,1
O00507,USP9Y,False,False,False,2555,0.09784735812133072,0.10528375733855186,1
O00512,BCL9,False,False,False,1426,1.0,0.1458625525946704,2
O00548,DLL1,False,False,False,723,0.2898089171974522,0.1272475795297372,1
O00555,CACNA1A,False,False,False,2506,0.42019154030327216,0.11292897047086992,2
O00566,MPHOSPH10,True,False,False,681,0.2898089171974522,0.11160058737151249,3
O00567,NOP56,False,False,False,594,0.28619528619528617,0.13636363636363635,2
O00571,DDX3X,False,False,False,662,0.24773413897280966,0.14954682779456194,3
O00584,RNASET2,False,False,False,256,0.08984375,0.0703125,1
O00592,PODXL,False,False,False,558,0.7258064516129032,0.2831541218637993,3
O00635,TRIM38,False,False,False,465,0.02795698924731183,0.14623655913978495,1
O00712,NFIB,True,False,False,420,0.5,0.16666666666666666,6
O00743,PPP6C,False,False,False,305,0.0,0.09836065573770492,1
O00754,MAN2B1,False,False,False,1011,0.04945598417408507,0.11572700296735905,1
O14490,DLGAP1,False,False,False,977,0.5465711361310133,0.1862845445240532,1
O14497,ARID1A,True,False,False,2285,0.7763676148796499,0.1536105032822757,21
O14512,SOCS7,False,False,False,581,0.5593803786574871,0.13080895008605853,1
O14513,NCKAP5,False,False,False,1909,0.7653221581980094,0.2037716081718177,2
O14519,CDK2AP1,True,False,False,115,0.34782608695652173,0.17391304347826086,6
O14523,C2CD2L,False,False,False,706,0.5269121813031161,0.18696883852691218,2
O14543,SOCS3,False,False,False,225,0.2088888888888889,0.18222222222222223,1
O14559,ARHGAP33,False,False,False,1287,0.5959595959595959,0.15151515151515152,1
O14576,DYNC1I1,False,False,False,645,0.2961240310077519,0.14263565891472868,1
O14594,NCAN,False,False,False,1321,0.5283875851627555,0.14912944738834216,2
O14607,UTY,False,False,False,1347,0.31328878990348924,0.15961395694135114,1
O14639,ABLIM1,True,False,False,778,0.41259640102827766,0.14395886889460155,9
O14647,CHD2,False,False,False,1828,0.5273522975929978,0.1263676148796499,2
O14654,IRS4,False,False,False,1257,0.5521081941129674,0.1360381861575179,2
O14672,ADAM10,False,False,False,748,0.11229946524064172,0.12566844919786097,2
O14686,KMT2D,False,False,False,5537,0.7411955932815604,0.1343687917644934,6
O14709,ZNF197,False,False,False,1029,0.09718172983479106,0.12439261418853255,1
O14715,RGPD8,False,False,False,1765,0.20793201133144476,0.14560906515580738,3
O14744,PRMT5,False,False,False,637,0.2898089171974522,0.11459968602825746,2
O14757,CHEK1,False,False,False,476,0.06092436974789916,0.11554621848739496,1
O14764,GABRD,False,False,False,452,0.017699115044247787,0.12831858407079647,1
O14795,UNC13B,False,False,False,1591,0.18478944060339408,0.14016341923318668,3
O14818,PSMA7,False,False,False,248,0.07258064516129033,0.10887096774193548,2
O14827,RASGRF2,False,False,False,1237,0.13904607922392886,0.13177041228779304,2
O14828,SCAMP3,False,False,False,347,0.34870317002881845,0.12103746397694524,2
O14841,OPLAH,False,False,False,1288,0.10947204968944099,0.11335403726708075,1
O14907,TAX1BP3,False,False,False,124,0.21774193548387097,0.12903225806451613,1
O14920,IKBKB,False,False,False,756,0.11243386243386243,0.12169312169312169,1
O14925,TIMM23,False,False,False,209,0.03349282296650718,0.1339712918660287,2
O14964,HGS,True,False,False,777,0.5482625482625483,0.1274131274131274,7
O14974,PPP1R12A,True,False,False,1030,0.6873786407766991,0.20388349514563106,46
O14978,ZNF263,False,False,False,683,0.49194729136163984,0.13323572474377746,1
O14980,XPO1,False,False,False,1071,0.008403361344537815,0.10830999066293184,1
O14990,PPP1R2C,False,False,False,202,0.8564356435643564,0.1782178217821782,2
O14994,SYN3,False,False,False,580,0.44482758620689655,0.1724137931034483,1
O15014,ZNF609,True,False,False,1411,0.8504606661941885,0.19064493267186391,9
O15015,ZNF646,False,False,False,1832,0.6200873362445415,0.14301310043668122,1
O15016,TRIM66,False,False,False,1351,0.4934210526315789,0.14877868245743894,1
O15018,PDZD2,False,False,False,2839,0.6903839380063402,0.1905600563578725,3
O15027,SEC16A,True,False,False,2357,0.7331353415358507,0.15103945693678406,17
O15031,PLXNB2,False,False,False,1838,0.06147986942328618,0.12731229597388466,3
O15034,RIMBP2,False,False,False,1052,0.42585551330798477,0.13403041825095058,1
O15040,TECPR2,False,False,False,1411,0.2806520198440822,0.17221828490432317,1
O15042,U2SURP,False,False,False,1029,0.652089407191448,0.14091350826044705,1
O15047,SETD1A,True,False,False,1707,0.6971294669009959,0.17340363210310486,15
O15050,TRANK1,False,False,False,2925,0.09196581196581197,0.09743589743589744,1
O15055,PER2,False,False,False,1255,0.4820717131474104,0.17768924302788844,10
O15061,SYNM,False,False,False,1565,0.6492012779552716,0.15271565495207667,1
O15067,PFAS,False,False,False,1338,0.1397608370702541,0.10239162929745889,2
O15083,ERC2,False,False,False,957,0.5600835945663531,0.12643678160919541,1
O15084,ANKRD28,False,False,False,1053,0.022792022792022793,0.12630579297245964,1
O15085,ARHGEF11,False,False,False,1522,0.5749014454664915,0.14586070959264127,3
O15090,ZNF536,False,False,False,1300,0.5476923076923077,0.14461538461538462,1
O15111,CHUK,False,False,False,745,0.2898089171974522,0.12080536912751678,1
O15117,FYB1,False,False,False,783,0.8122605363984674,0.14431673052362706,1
O15119,TBX3,False,False,False,743,0.2898089171974522,0.1655450874831763,3
O15126,SCAMP1,False,False,False,338,0.2898089171974522,0.11834319526627218,1
O15164,TRIM24,True,False,False,1050,0.4180952380952381,0.1457142857142857,7
O15178,TBXT,True,False,False,435,0.3563218390804598,0.17011494252873563,4
O15230,LAMA5,False,False,False,3695,0.08470906630581868,0.11718538565629229,3
O15231,ZNF185,False,False,False,689,0.7895500725689405,0.193033381712627,4
O15234,CASC3,False,False,False,703,0.972972972972973,0.12802275960170698,1
O15265,ATXN7,False,False,False,892,0.8026905829596412,0.20739910313901344,1
O15294,OGT,False,False,False,1046,0.017208413001912046,0.09082217973231357,4
O15297,PPM1D,False,False,False,605,0.4479338842975207,0.13884297520661157,1
O15315,RAD51B,False,False,False,384,0.0,0.16666666666666666,1
O15342,ATP6V0E1,False,False,False,81,0.2898089171974522,0.07407407407407407,1
O15355,PPM1G,False,False,False,546,0.5128205128205128,0.12454212454212454,2
O15357,INPPL1,False,False,False,1258,0.35294117647058826,0.14308426073131955,1
O15371,EIF3D,False,False,False,548,0.15145985401459855,0.11861313868613138,1
O15372,EIF3H,False,False,False,352,0.25,0.12215909090909091,1
O15409,FOXP2,False,False,False,715,0.5174825174825175,0.16223776223776223,1
O15417,TNRC18,False,False,False,2968,0.7611185983827493,0.14521563342318058,3
O15427,SLC16A3,False,False,False,465,0.060215053763440864,0.0989247311827957,1
O15455,TLR3,False,False,False,904,0.0,0.13716814159292035,1
O15457,MSH4,False,False,False,936,0.15918803418803418,0.1762820512820513,1
O15460,P4HA2,True,False,False,535,0.024299065420560748,0.11214953271028037,3
O15504,NUP42,False,True,True,423,0.21040189125295508,0.21513002364066194,2
O15511,ARPC5,True,False,False,151,0.2119205298013245,0.11920529801324503,4
O15516,CLOCK,False,False,False,846,0.42907801418439717,0.20094562647754138,1
O15525,MAFG,False,False,False,162,0.4382716049382716,0.1419753086419753,1
O15530,PDPK1,False,False,False,556,0.14568345323741008,0.12589928057553956,1
O15534,PER1,False,False,False,1290,0.6457364341085271,0.18294573643410852,2
O15550,KDM6A,True,False,False,1401,0.3882940756602427,0.16059957173447537,8
O15554,KCNN4,False,False,False,427,0.2898089171974522,0.10070257611241218,1
O43143,DHX15,False,False,False,795,0.17358490566037735,0.11823899371069183,1
O43150,ASAP2,False,False,False,1006,0.3101391650099404,0.12922465208747516,1
O43151,TET3,False,False,False,1795,0.5392757660167131,0.1426183844011142,10
O43159,RRP8,False,False,False,456,0.5350877192982456,0.11842105263157894,3
O43166,SIPA1L1,False,False,False,1804,0.49722838137472286,0.20121951219512196,6
O43172,PRPF4,False,False,False,522,0.12835249042145594,0.1360153256704981,1
O43175,PHGDH,False,False,False,533,0.01125703564727955,0.12570356472795496,3
O43189,PHF1,False,False,False,567,0.42857142857142855,0.13580246913580246,1
O43237,DYNC1LI2,False,False,False,492,0.3048780487804878,0.14227642276422764,1
O43242,PSMD3,False,False,False,534,0.2303370786516854,0.10674157303370786,3
O43247,CIMIP4,False,False,False,280,0.2898089171974522,0.17857142857142858,1
O43251,RBFOX2,False,False,False,390,0.36153846153846153,0.14871794871794872,1
O43264,ZW10,False,False,False,779,0.03465982028241335,0.13735558408215662,1
O43278,SPINT1,False,False,False,529,0.2898089171974522,0.1266540642722117,1
O43294,TGFB1I1,False,False,False,461,0.4403470715835141,0.15835140997830802,1
O43299,AP5Z1,False,False,False,807,0.058240396530359353,0.14745972738537794,1
O43301,HSPA12A,False,False,False,675,0.09481481481481481,0.1348148148148148,1
O43303,CCP110,False,False,False,1012,0.4189723320158103,0.15612648221343872,3
O43309,ZSCAN12,False,False,False,611,0.2898089171974522,0.132569558101473,1
O43312,MTSS1,True,False,False,755,0.6423841059602649,0.19735099337748344,4
O43314,PPIP5K2,False,False,False,1243,0.21158487530168946,0.14561544650040226,1
O43318,MAP3K7,False,False,False,606,0.4471947194719472,0.16996699669966997,2
O43324,EEF1E1,False,False,False,174,0.011494252873563218,0.13793103448275862,2
O43347,MSI1,False,False,False,362,0.17955801104972377,0.15193370165745856,1
O43379,WDR62,True,False,False,1518,0.2898089171974522,0.1613965744400527,5
O43390,HNRNPR,False,False,False,633,0.39652448657187994,0.07898894154818326,1
O43395,PRPF3,True,False,False,683,0.4992679355783309,0.11273792093704246,7
O43399,TPD52L2,False,False,False,206,0.5145631067961165,0.18932038834951456,7
O43426,SYNJ1,False,False,False,1573,0.3382072472981564,0.161474888747616,3
O43432,EIF4G3,True,False,False,1585,0.5425867507886435,0.14321766561514196,12
O43439,CBFA2T2,False,False,False,604,0.5347682119205298,0.152317880794702,2
O43491,EPB41L2,False,False,False,1005,0.5890547263681593,0.14925373134328357,5
O43493,TGOLN2,False,False,False,437,0.8741418764302059,0.21967963386727687,6
O43516,WIPF1,False,False,False,503,1.0,0.16500994035785288,2
O43524,FOXO3,False,False,False,673,0.7800891530460624,0.21693907875185736,10
O43525,KCNQ3,False,False,False,872,0.33715596330275227,0.13188073394495411,1
O43548,TGM5,False,False,False,720,0.04861111111111111,0.1375,2
O43561,LAT,False,False,False,262,0.6603053435114504,0.16030534351145037,2
O43567,RNF13,False,False,False,381,0.2388451443569554,0.12073490813648294,1
O43597,SPRY2,False,False,False,315,0.49523809523809526,0.16507936507936508,1
O43615,TIMM44,True,False,False,452,0.18141592920353983,0.11283185840707964,4
O43660,PLRG1,False,False,False,514,0.32490272373540857,0.1575875486381323,2
O43670,ZNF207,True,False,False,478,0.8598326359832636,0.12761506276150628,26
O43683,BUB1,False,False,False,1085,0.27926267281105993,0.12350230414746544,2
O43684,BUB3,False,False,False,328,0.10060975609756098,0.1524390243902439,2
O43707,ACTN4,False,False,False,911,0.06695938529088913,0.09659714599341383,3
O43709,BUD23,False,False,False,281,0.18149466192170818,0.11387900355871886,1
O43768,ENSA,False,False,False,121,1.0,0.10743801652892562,1
O43791,SPOP,False,False,False,374,0.045454545454545456,0.11764705882352941,1
O43823,AKAP8,True,False,False,692,0.6632947976878613,0.11416184971098266,4
O43847,NRDC,False,False,False,1151,0.14943527367506515,0.11207645525629888,1
O43852,CALU,False,False,False,315,0.16825396825396827,0.07936507936507936,1
O43909,EXTL3,False,False,False,919,0.055495103373231776,0.11099020674646355,2
O43913,ORC5,False,False,False,435,0.0,0.12643678160919541,1
O60231,DHX16,False,False,False,1041,0.23246878001921228,0.11239193083573487,1
O60232,ZNRD2,False,False,False,199,0.4221105527638191,0.11557788944723618,1
O60237,PPP1R12B,False,False,False,982,0.714867617107943,0.17413441955193482,1
O60240,PLIN1,False,False,False,522,0.39655172413793105,0.14942528735632185,1
O60244,MED14,False,False,False,1454,0.18707015130674004,0.1375515818431912,2
O60245,PCDH7,False,False,False,1069,0.31805425631431244,0.14967259120673526,2
O60256,PRPSAP2,False,False,False,369,0.016260162601626018,0.12195121951219512,1
O60259,KLK8,False,False,False,260,0.2898089171974522,0.11538461538461539,1
O60266,ADCY3,False,False,False,1144,0.2898089171974522,0.12237762237762238,1
O60281,ZNF292,False,False,False,2723,0.36246786632390743,0.1615864854939405,1
O60291,MGRN1,False,False,False,552,0.3170289855072464,0.14673913043478262,1
O60292,SIPA1L3,False,False,False,1781,0.6305446378439079,0.1695676586187535,2
O60293,ZFC3H1,False,False,False,1989,0.4193061840120664,0.14630467571644043,4
O60294,LCMT2,False,False,False,686,0.030612244897959183,0.12682215743440234,1
O60296,TRAK2,False,False,False,914,0.28665207877461707,0.18161925601750548,5
O60299,LZTS3,False,False,False,673,0.6225854383358098,0.1515601783060921,1
O60308,CEP104,False,False,False,925,0.2898089171974522,0.10918918918918918,2
O60313,OPA1,False,False,False,960,0.020833333333333332,0.121875,1
O60318,MCM3AP,True,False,False,1980,0.22626262626262628,0.15454545454545454,15
O60333,KIF1B,False,False,False,1816,0.15693832599118943,0.16024229074889867,3
O60341,KDM1A,False,False,False,852,0.2687793427230047,0.11384976525821597,1
O60346,PHLPP1,False,False,False,1717,0.3768200349446709,0.1322073383808969,3
O60347,TBC1D12,False,False,False,775,0.4696774193548387,0.11612903225806452,1
O60381,HBP1,False,False,False,514,0.2840466926070039,0.17120622568093385,1
O60437,PPL,False,False,False,1756,0.260250569476082,0.08769931662870159,1
O60443,GSDME,False,False,False,496,0.2898089171974522,0.12298387096774194,1
O60447,EVI5,False,False,False,810,0.2898089171974522,0.13703703703703704,1
O60477,BRINP1,False,False,False,761,0.006570302233902759,0.14191852825229961,2
O60487,MPZL2,False,False,False,215,0.2898089171974522,0.11162790697674418,2
O60488,ACSL4,True,False,False,711,0.029535864978902954,0.11392405063291139,3
O60502,OGA,False,False,False,916,0.212882096069869,0.12336244541484716,3
O60504,SORBS3,False,False,False,671,0.7049180327868853,0.14456035767511177,1
O60563,CCNT1,False,False,False,726,0.6267217630853994,0.19696969696969696,1
O60566,BUB1B,False,False,False,1050,0.29904761904761906,0.13428571428571429,2
O60568,PLOD3,False,False,False,738,0.02710027100271003,0.0989159891598916,2
O60610,DIAPH1,True,False,False,1272,0.37971698113207547,0.10534591194968554,4
O60637,TSPAN3,False,False,False,253,0.0,0.10276679841897234,1
O60641,SNAP91,False,False,False,907,0.6284454244762955,0.19294377067254687,3
O60662,KLHL41,False,False,False,606,0.02145214521452145,0.09900990099009901,1
O60664,PLIN3,True,False,False,434,0.17511520737327188,0.16820276497695852,11
O60669,SLC16A7,False,False,False,478,0.12552301255230125,0.13807531380753138,1
O60673,REV3L,False,False,False,3130,0.3929712460063898,0.16773162939297126,2
O60675,MAFK,True,False,False,156,0.40384615384615385,0.1794871794871795,10
O60701,UGDH,False,False,False,494,0.04251012145748988,0.11740890688259109,1
O60706,ABCC9,False,False,False,1549,0.03744351194318916,0.13879922530664945,2
O60749,SNX2,False,False,False,519,0.2898089171974522,0.1348747591522158,1
O60760,HPGDS,False,False,False,199,0.2898089171974522,0.09547738693467336,1
O60825,PFKFB2,False,False,False,505,0.16435643564356436,0.11485148514851486,2
O60828,PQBP1,False,False,False,265,0.8226415094339623,0.12075471698113208,2
O60841,EIF5B,True,False,False,1220,0.5409836065573771,0.09836065573770492,4
O60880,SH2D1A,False,False,False,128,0.0703125,0.15625,1
O60885,BRD4,True,False,False,1362,0.8472834067547724,0.12408223201174744,8
O60907,TBL1X,False,False,False,577,0.14904679376083188,0.1733102253032929,2
O60925,PFDN1,False,False,False,122,0.2898089171974522,0.09016393442622951,1
O60927,PPP1R11,False,False,False,126,0.8650793650793651,0.1984126984126984,1
O60934,NBN,False,False,False,754,0.4376657824933687,0.15782493368700265,1
O60938,KERA,False,False,False,352,0.017045454545454544,0.10511363636363637,1
O60941,DTNB,False,False,False,627,0.44178628389154706,0.13078149920255183,1
O75027,ABCB7,False,False,False,752,0.057180851063829786,0.12632978723404256,1
O75030,MITF,True,False,False,526,0.564638783269962,0.1596958174904943,4
O75038,PLCH2,False,False,False,1416,0.4399717514124294,0.1440677966101695,1
O75044,SRGAP2,False,False,False,1071,0.3510737628384687,0.1549953314659197,5
O75071,EFCAB14,False,False,False,495,0.2898089171974522,0.16161616161616163,1
O75094,SLIT3,False,False,False,1523,0.0,0.12606697307944845,2
O75113,N4BP1,False,False,False,896,0.33482142857142855,0.13950892857142858,5
O75116,ROCK2,True,False,False,1388,0.34942363112391933,0.10302593659942363,6
O75122,CLASP2,False,False,False,1294,0.4034003091190108,0.18701700154559506,1
O75131,CPNE3,False,False,False,537,0.024208566108007448,0.12104283054003724,1
O75132,ZBED4,False,False,False,1171,0.1776259607173356,0.17591801878736124,2
O75140,DEPDC5,False,False,False,1603,0.25701809107922646,0.15907673112913287,1
O75143,ATG13,False,False,False,517,0.2940038684719536,0.1760154738878143,1
O75144,ICOSLG,False,False,False,302,0.2898089171974522,0.15894039735099338,2
O75145,PPFIA3,False,False,False,1194,0.567001675041876,0.13400335008375208,1
O75147,OBSL1,False,False,False,1896,0.11181434599156118,0.10864978902953587,1
O75152,ZC3H11A,False,False,False,810,0.7246913580246913,0.17530864197530865,7
O75155,CAND2,False,False,False,1236,0.04611650485436893,0.11326860841423948,1
O75157,TSC22D2,True,False,False,780,0.8064102564102564,0.18717948717948718,10
O75165,DNAJC13,False,False,False,2243,0.015158270173874276,0.11457868925546144,1
O75170,PPP6R2,True,False,False,966,0.34679089026915116,0.13664596273291926,7
O75175,CNOT3,False,False,False,753,0.5869853917662683,0.16733067729083664,1
O75179,ANKRD17,True,False,False,2603,0.5416826738378794,0.17595082597003459,58
O75191,XYLB,False,False,False,536,0.2898089171974522,0.13246268656716417,1
O75306,NDUFS2,False,False,False,463,0.04319654427645788,0.07991360691144708,1
O75312,ZPR1,False,False,False,459,0.2898089171974522,0.11764705882352941,1
O75335,PPFIA4,False,False,False,1185,0.5426160337552742,0.13924050632911392,3
O75346,ZNF253,False,False,False,499,0.02404809619238477,0.1462925851703407,2
O75362,ZNF217,False,False,False,1048,0.5658396946564885,0.15839694656488548,5
O75363,BCAS1,False,False,False,584,0.9965753424657534,0.1695205479452055,1
O75367,MACROH2A1,False,False,False,369,0.24731182795698925,0.13279132791327913,1
O75369,FLNB,False,False,False,2602,0.16102997694081475,0.13297463489623368,4
O75376,NCOR1,True,False,False,2440,0.875,0.17254098360655737,75
O75385,ULK1,False,False,False,1050,0.5152380952380953,0.1619047619047619,2
O75391,SPAG7,False,False,False,227,0.4933920704845815,0.09691629955947137,2
O75394,MRPL33,False,False,False,65,0.2898089171974522,0.12307692307692308,1
O75396,SEC22B,False,False,False,215,0.027906976744186046,0.11162790697674418,1
O75400,PRPF40A,False,False,False,957,0.5882967607105538,0.16614420062695925,2
O75417,POLQ,False,False,False,2590,0.17142857142857143,0.1498069498069498,2
O75420,GIGYF1,False,False,False,1035,0.6888888888888889,0.11304347826086956,2
O75439,PMPCB,False,False,False,489,0.0,0.13496932515337423,2
O75475,PSIP1,False,False,False,530,0.7905660377358491,0.13018867924528302,1
O75494,SRSF10,False,False,False,262,0.6793893129770993,0.22519083969465647,2
O75496,GMNN,False,False,False,209,0.7751196172248804,0.15311004784688995,1
O75506,HSBP1,False,False,False,76,0.7236842105263158,0.17105263157894737,2
O75533,SF3B1,False,False,False,1304,0.3220858895705521,0.10812883435582822,1
O75534,CSDE1,False,False,False,798,0.10902255639097744,0.11027568922305764,1
O75554,WBP4,False,False,False,376,0.723404255319149,0.16489361702127658,1
O75570,MTRF1,False,False,False,445,0.2898089171974522,0.08764044943820225,1
O75592,MYCBP2,False,False,False,4678,0.18405301410859343,0.1519880290722531,2
O75626,PRDM1,False,False,False,825,0.25696969696969696,0.14666666666666667,2
O75628,REM1,False,False,False,298,0.348993288590604,0.1610738255033557,2
O75629,CREG1,False,False,False,220,0.07272727272727272,0.15,1
O75643,SNRNP200,False,False,False,2136,0.05852059925093633,0.1104868913857678,10
O75663,TIPRL,False,False,False,272,0.2898089171974522,0.13970588235294118,1
O75694,NUP155,False,False,True,1391,0.04529115744069015,0.1286843997124371,4
O75717,WDHD1,True,False,False,1129,0.33215234720992026,0.14968999114260406,10
O75718,CRTAP,False,False,False,401,0.0,0.07481296758104738,3
O75746,SLC25A12,False,False,False,678,0.02064896755162242,0.10914454277286136,1
O75747,PIK3C2G,False,False,False,1486,0.0657439446366782,0.13997308209959622,1
O75807,PPP1R15A,False,False,False,674,0.2898089171974522,0.14391691394658754,1
O75821,EIF3G,False,False,False,320,0.578125,0.146875,5
O75874,IDH1,False,False,False,414,0.2898089171974522,0.1111111111111111,1
O75882,ATRN,False,False,False,1429,0.013995801259622114,0.13925822253324002,4
O75886,STAM2,False,False,False,525,0.3942857142857143,0.14666666666666667,2
O75901,RASSF9,False,False,False,435,0.18850574712643678,0.1310344827586207,1
O75909,CCNK,True,False,False,580,0.5810344827586207,0.10172413793103448,4
O75920,SERF1A,False,False,False,110,0.509090909090909,0.14545454545454545,3
O75923,DYSF,False,False,False,2080,0.08990384615384615,0.10625,3
O75925,PIAS1,False,False,False,651,0.1966205837173579,0.19508448540706605,1
O75928,PIAS2,False,False,False,621,0.2898089171974522,0.1996779388083736,1
O75934,BCAS2,False,False,False,225,0.03111111111111111,0.08444444444444445,1
O75940,SMNDC1,False,False,False,238,0.4957983193277311,0.12605042016806722,2
O75943,RAD17,False,False,False,681,0.2898089171974522,0.14390602055800295,2
O75962,TRIO,False,False,False,3097,0.22537939941879237,0.1365837907652567,1
O75976,CPD,False,False,False,1380,0.20869565217391303,0.1427536231884058,3
O76021,RSL1D1,False,False,False,490,0.5040816326530613,0.16938775510204082,2
O76027,ANXA9,False,False,False,345,0.043478260869565216,0.13333333333333333,1
O76031,CLPX,False,False,False,633,0.21011058451816747,0.12164296998420221,2
O76038,SCGN,False,False,False,276,0.2898089171974522,0.08695652173913043,2
O76039,CDKL5,False,False,False,960,0.6310679611650486,0.18854166666666666,2
O76041,NEBL,False,False,False,1014,0.4457593688362919,0.1291913214990138,2
O76070,SNCG,True,False,False,127,0.6771653543307087,0.15748031496062992,8
O76094,SRP72,False,False,False,671,0.2563338301043219,0.12071535022354694,1
O76096,CST7,False,False,False,145,0.027586206896551724,0.14482758620689656,1
O94761,RECQL4,False,False,False,1208,0.3824503311258278,0.1076158940397351,1
O94762,RECQL5,False,False,False,991,0.39152371342078707,0.12512613521695257,2
O94763,URI1,False,False,False,535,0.5588785046728972,0.14766355140186915,3
O94766,B3GAT3,False,False,False,335,0.2898089171974522,0.08656716417910448,1
O94811,TPPP,True,False,False,219,0.3972602739726027,0.1461187214611872,4
O94817,ATG12,False,False,False,140,0.30714285714285716,0.16428571428571428,1
O94822,LTN1,False,False,False,1766,0.028312570781426953,0.14835787089467722,1
O94823,ATP10B,False,False,False,1461,0.2898089171974522,0.15605749486652978,2
O94842,TOX4,True,False,False,621,0.6924315619967794,0.178743961352657,15
O94851,MICAL2,False,False,False,1957,0.2606761565836299,0.14512008175779254,1
O94855,SEC24D,False,False,False,1032,0.28972868217054265,0.12209302325581395,7
O94856,NFASC,False,False,False,1347,0.30066815144766146,0.15812917594654788,1
O94864,SUPT7L,False,False,False,414,0.5458937198067633,0.1473429951690821,2
O94868,FCHSD2,False,False,False,740,0.31216216216216214,0.13648648648648648,2
O94875,SORBS2,False,False,False,1100,0.5790909090909091,0.17181818181818181,2
O94900,TOX,False,False,False,526,0.7813688212927756,0.1482889733840304,3
O94905,ERLIN2,False,False,False,339,0.02064896755162242,0.11209439528023599,3
O94906,PRPF6,False,False,False,941,0.30818278427205104,0.09139213602550478,4
O94913,PCF11,True,False,False,1555,0.727331189710611,0.1337620578778135,6
O94916,NFAT5,False,False,False,1531,0.7315480078380143,0.21358589157413455,2
O94929,ABLIM3,False,False,False,683,0.2562225475841874,0.1698389458272328,1
O94972,TRIM37,False,False,False,964,0.4024896265560166,0.15871369294605808,1
O94979,SEC31A,False,False,False,1220,0.32704918032786884,0.14426229508196722,16
O94986,CEP152,False,False,False,1710,0.29005847953216374,0.12222222222222222,1
O94992,HEXIM1,False,False,False,359,0.8161559888579387,0.10584958217270195,1
O94993,SOX30,False,False,False,753,0.7051792828685259,0.16334661354581673,1
O95049,TJP3,False,False,False,919,0.5549510337323177,0.14472252448313383,1
O95071,UBR5,False,False,False,2799,0.3386923901393355,0.15219721329046088,2
O95081,AGFG2,True,False,False,481,0.6382536382536382,0.18503118503118504,11
O95104,SCAF4,False,False,False,1147,0.7602441150828247,0.11072362685265912,3
O95147,DUSP14,False,False,False,198,0.015151515151515152,0.12121212121212122,1
O95155,UBE4B,False,False,False,1302,0.2511520737327189,0.16282642089093702,2
O95163,ELP1,False,False,False,1332,0.046546546546546545,0.13063063063063063,2
O95169,NDUFB8,False,False,False,186,0.11290322580645161,0.06451612903225806,1
O95180,CACNA1H,False,False,False,2353,0.40458988525286865,0.1249468763280918,1
O95185,UNC5C,False,False,False,931,0.034371643394199784,0.1385606874328679,1
O95197,RTN3,False,False,False,1032,0.49806201550387597,0.1996124031007752,3
O95231,VENTX,False,False,False,258,0.5658914728682171,0.1744186046511628,1
O95232,LUC7L3,False,False,False,432,0.6064814814814815,0.14814814814814814,3
O95236,APOL3,False,False,False,402,0.04228855721393035,0.1691542288557214,2
O95251,KAT7,False,False,False,611,0.2898089171974522,0.1685761047463175,2
O95255,ABCC6,False,False,False,1503,0.05854956753160346,0.12242182302062542,3
O95259,KCNH1,False,False,False,989,0.1506572295247725,0.13245702730030334,1
O95292,VAPB,True,False,False,243,0.22633744855967078,0.1440329218106996,5
O95319,CELF2,False,False,False,508,0.16141732283464566,0.14566929133858267,1
O95336,PGLS,False,False,False,258,0.06589147286821706,0.10852713178294573,1
O95347,SMC2,False,False,False,1197,0.2932330827067669,0.1060985797827903,2
O95373,IPO7,False,False,False,1038,0.13005780346820808,0.09152215799614644,2
O95382,MAP3K6,False,False,False,1288,0.19487577639751552,0.1187888198757764,2
O95391,SLU7,False,False,False,586,0.5665529010238908,0.09897610921501707,1
O95405,ZFYVE9,False,False,False,1425,0.29403508771929826,0.14736842105263157,1
O95425,SVIL,True,False,False,2214,0.5388437217705511,0.15447154471544716,6
O95429,BAG4,False,False,False,457,0.8271334792122538,0.175054704595186,1
O95447,LCA5L,False,False,False,670,0.5686567164179105,0.1537313432835821,1
O95456,PSMG1,False,False,False,288,0.07291666666666667,0.15625,1
O95466,FMNL1,False,False,False,1100,0.3563636363636364,0.11,1
O95486,SEC24A,True,False,False,1093,0.3421774931381519,0.16651418115279049,11
O95487,SEC24B,True,False,False,1268,0.35252365930599366,0.1837539432176656,35
O95613,PCNT,False,False,False,3336,0.454136690647482,0.12020383693045564,4
O95625,ZBTB11,False,False,False,1053,0.31339031339031337,0.144349477682811,2
O95628,CNOT4,True,False,False,575,0.5060869565217392,0.17565217391304347,14
O95677,EYA4,False,False,False,639,0.36306729264475746,0.2222222222222222,7
O95696,BRD1,False,False,False,1058,0.2665406427221172,0.10396975425330812,2
O95714,HERC2,False,False,False,4834,0.10591642532064542,0.1379809681423252,2
O95721,SNAP29,False,False,False,258,0.7558139534883721,0.13178294573643412,4
O95747,OXSR1,False,False,False,527,0.2808349146110057,0.13851992409867173,1
O95777,LSM8,False,False,False,96,0.0,0.14583333333333334,1
O95782,AP2A1,False,False,False,977,0.14534288638689866,0.11258955987717502,2
O95785,WIZ,False,False,False,1651,0.5875227135069655,0.11265899454875833,1
O95786,RIGI,False,False,False,925,0.01945945945945946,0.10594594594594595,1
O95789,ZMYM6,False,False,False,1325,0.06943396226415094,0.17056603773584905,6
O95800,GPR75,False,False,False,540,0.07407407407407407,0.1814814814814815,1
O95816,BAG2,False,False,False,211,0.24170616113744076,0.13744075829383887,1
O95817,BAG3,True,False,False,575,0.9391304347826087,0.1443478260869565,10
O95819,MAP4K4,False,False,False,1239,0.4124293785310734,0.13236481033091202,1
O95822,MLYCD,False,False,False,493,0.0872210953346856,0.10953346855983773,1
O95835,LATS1,True,False,False,1130,0.6407079646017699,0.14601769911504425,5
O95861,BPNT1,False,False,False,308,0.0,0.11038961038961038,1
O95863,SNAI1,False,False,False,264,0.25757575757575757,0.16287878787878787,1
O95865,DDAH2,False,False,False,285,0.06315789473684211,0.12280701754385964,4
O95881,TXNDC12,False,False,False,172,0.046511627906976744,0.09883720930232558,1
O95922,TTLL1,False,False,False,423,0.04964539007092199,0.12293144208037825,1
O95948,ONECUT2,False,False,False,504,0.7242063492063492,0.17063492063492064,2
O95996,APC2,False,False,False,2303,0.6387320885801129,0.15544941380807642,1
O96005,CLPTM1,False,False,False,669,0.17937219730941703,0.13153961136023917,1
O96008,TOMM40,False,False,False,361,0.19113573407202217,0.14958448753462603,2
O96017,CHEK2,False,False,False,543,0.22283609576427257,0.15653775322283608,1
O96019,ACTL6A,False,False,False,429,0.03263403263403263,0.13286713286713286,2
O96020,CCNE2,False,False,False,404,0.15594059405940594,0.12871287128712872,2
O96028,NSD2,False,False,False,1365,0.315018315018315,0.13553113553113552,3
P00338,LDHA,False,False,False,332,0.0,0.1144578313253012,2
P00387,CYB5R3,False,False,False,301,0.013289036544850499,0.09634551495016612,2
P00505,GOT2,False,False,False,430,0.2898089171974522,0.10465116279069768,1
P00519,ABL1,False,False,False,1130,0.4495575221238938,0.16371681415929204,2
P00533,EGFR,False,False,False,1210,0.11074380165289256,0.12231404958677686,7
P00558,PGK1,False,False,False,417,0.019184652278177457,0.09832134292565947,1
P00738,HP,False,False,False,406,0.027093596059113302,0.09852216748768473,1
P00915,CA1,False,False,False,261,0.2222222222222222,0.1685823754789272,2
P00966,ASS1,True,False,False,412,0.2898089171974522,0.10194174757281553,3
P01100,FOS,False,False,False,380,0.5078947368421053,0.20789473684210527,3
P01215,CGA,False,False,False,116,0.0,0.16379310344827586,2
P01344,IGF2,False,False,False,180,0.17777777777777778,0.12222222222222222,2
P01876,IGHA1,False,False,False,398,0.22096317280453256,0.22110552763819097,1
P02511,CRYAB,False,False,False,175,0.2057142857142857,0.14857142857142858,1
P02545,LMNA,True,False,False,664,0.5120481927710844,0.15813253012048192,27
P02549,SPTA1,False,False,False,2419,0.11120297643654403,0.09218685407193054,3
P02686,MBP,False,False,False,304,0.9506578947368421,0.17434210526315788,1
P02724,GYPA,False,False,False,150,0.47333333333333333,0.24,2
P02730,SLC4A1,False,False,False,911,0.09001097694840834,0.11086717892425905,3
P02786,TFRC,False,False,False,760,0.046052631578947366,0.13157894736842105,5
P02794,FTH1,False,False,False,183,0.15300546448087432,0.10382513661202186,2
P03897,MT-ND3,False,False,False,115,0.0,0.11304347826086956,1
P04004,VTN,False,False,False,478,0.2615062761506276,0.1108786610878661,1
P04035,HMGCR,False,False,False,888,0.036036036036036036,0.13851351351351351,1
P04040,CAT,False,False,False,527,0.15370018975332067,0.09297912713472485,3
P04049,RAF1,False,False,False,648,0.20679012345679013,0.16512345679012347,1
P04062,GBA1,False,False,False,536,0.014925373134328358,0.1417910447761194,2
P04066,FUCA1,False,False,False,466,0.006437768240343348,0.12875536480686695,1
P04075,ALDOA,False,False,False,364,0.038461538461538464,0.11538461538461539,2
P04114,APOB,False,False,False,4563,0.2898089171974522,0.15165461319307474,1
P04150,NR3C1,True,False,False,777,0.31917631917631917,0.17245817245817247,7
P04181,OAT,False,False,False,439,0.00683371298405467,0.10250569476082004,2
P04198,MYCN,False,False,False,464,0.7262931034482759,0.1336206896551724,1
P04201,MAS1,False,False,False,325,0.2898089171974522,0.16615384615384615,1
P04217,A1BG,False,False,False,495,0.2898089171974522,0.13737373737373737,1
P04264,KRT1,False,False,False,644,0.38509316770186336,0.17701863354037267,2
P04406,GAPDH,False,False,False,335,0.011940298507462687,0.1253731343283582,2
P04439,HLA-A,False,False,False,365,0.19726027397260273,0.14520547945205478,1
P04632,CAPNS1,False,False,False,268,0.13432835820895522,0.10820895522388059,2
P04637,TP53,False,False,False,393,0.5038167938931297,0.15267175572519084,1
P04792,HSPB1,True,False,False,205,0.37073170731707317,0.17073170731707318,7
P04818,TYMS,False,False,False,313,0.09584664536741214,0.08945686900958466,2
P04843,RPN1,False,False,False,607,0.042833607907743,0.13344316309719934,5
P04844,RPN2,False,False,False,631,0.0,0.16798732171156894,5
P04899,GNAI2,False,False,False,355,0.02535211267605634,0.12112676056338029,4
P04908,H2AC4,False,False,False,130,0.2898089171974522,0.07692307692307693,1
P05026,ATP1B1,False,False,False,303,0.0297029702970297,0.08250825082508251,2
P05067,APP,False,False,False,770,0.35974025974025975,0.11038961038961038,6
P05090,APOD,False,False,False,189,0.2898089171974522,0.10052910052910052,1
P05160,F13B,False,False,False,661,0.009077155824508321,0.13767019667170954,2
P05164,MPO,False,False,False,745,0.006711409395973154,0.11409395973154363,1
P05166,PCCB,False,False,False,539,0.03525046382189239,0.11131725417439703,1
P05186,ALPL,False,False,False,524,0.12213740458015267,0.12595419847328243,2
P05187,ALPP,False,False,False,535,0.2898089171974522,0.12149532710280374,1
P05198,EIF2S1,False,False,False,315,0.13968253968253969,0.09841269841269841,3
P05387,RPLP2,False,False,False,115,0.2956521739130435,0.10434782608695652,4
P05388,RPLP0,False,False,False,317,0.056782334384858045,0.1167192429022082,4
P05412,JUN,False,False,False,331,0.6374622356495468,0.14803625377643503,3
P05549,TFAP2A,False,False,False,437,0.4988558352402746,0.13501144164759726,3
P05556,ITGB1,True,False,False,798,0.05012531328320802,0.12907268170426064,7
P05783,KRT18,True,False,False,430,0.10232558139534884,0.1558139534883721,12
P05787,KRT8,True,False,False,483,0.09523809523809523,0.16977225672877846,23
P06280,GLA,False,False,False,429,0.2898089171974522,0.08857808857808858,2
P06396,GSN,False,False,False,782,0.1969309462915601,0.11125319693094629,1
P06401,PGR,True,False,False,933,0.43193997856377275,0.13183279742765272,11
P06454,PTMA,False,False,False,111,0.2898089171974522,0.09009009009009009,1
P06730,EIF4E,False,False,False,217,0.15207373271889402,0.1382488479262673,2
P06733,ENO1,False,False,False,434,0.0,0.10138248847926268,2
P06737,PYGL,False,False,False,847,0.0070838252656434475,0.0885478158205431,1
P06748,NPM1,True,False,False,294,0.5782312925170068,0.12244897959183673,5
P06756,ITGAV,False,False,False,1048,0.04961832061068702,0.11641221374045801,1
P07093,SERPINE2,False,False,False,398,0.0,0.14321608040201006,1
P07196,NEFL,True,False,False,543,0.283609576427256,0.14548802946593,12
P07197,NEFM,True,False,False,916,0.6451965065502183,0.1408296943231441,5
P07339,CTSD,True,False,False,412,0.0048543689320388345,0.1407766990291262,3
P07355,ANXA2,False,False,False,339,0.0,0.12979351032448377,1
P07359,GP1BA,False,False,False,652,0.2745398773006135,0.19938650306748465,2
P07437,TUBB,False,False,False,444,0.08108108108108109,0.12837837837837837,9
P07476,IVL,False,False,False,585,0.2898089171974522,0.023931623931623933,1
P07477,PRSS1,False,False,False,247,0.2898089171974522,0.1214574898785425,1
P07478,PRSS2,False,False,False,247,0.012145748987854251,0.12955465587044535,1
P07492,GRP,False,False,False,148,0.2898089171974522,0.10810810810810811,1
P07602,PSAP,False,False,False,524,0.02099236641221374,0.10305343511450382,8
P07711,CTSL,False,False,False,333,0.015015015015015015,0.1111111111111111,1
P07814,EPRS1,False,False,False,1512,0.1527777777777778,0.11375661375661375,6
P07858,CTSB,False,False,False,339,0.0,0.12389380530973451,3
P07910,HNRNPC,False,False,False,306,0.6535947712418301,0.13398692810457516,2
P07942,LAMB1,False,False,False,1786,0.12094064949608063,0.11926091825307951,2
P07954,FH,False,False,False,510,0.060784313725490195,0.11176470588235295,2
P08047,SP1,True,False,False,785,0.5159235668789809,0.2089171974522293,14
P08133,ANXA6,False,False,False,673,0.02526002971768202,0.11589895988112928,2
P08235,NR3C2,True,False,False,984,0.3231707317073171,0.20121951219512196,4
P08236,GUSB,False,False,False,651,0.2898089171974522,0.1228878648233487,1
P08238,HSP90AB1,False,False,False,724,0.19613259668508287,0.1132596685082873,2
P08240,SRPRA,False,False,False,638,0.29310344827586204,0.13322884012539185,3
P08476,INHBA,False,False,False,426,0.19718309859154928,0.11971830985915492,1
P08572,COL4A2,False,False,False,1712,0.8276869158878505,0.06717289719626168,2
P08575,PTPRC,False,False,False,1306,0.2833078101071976,0.15773353751914243,2
P08581,MET,False,False,False,1390,0.002158273381294964,0.14892086330935253,1
P08603,CFH,False,False,False,1231,0.2898089171974522,0.1372867587327376,1
P08648,ITGA5,False,False,False,1049,0.08293612964728313,0.12678741658722592,1
P08651,NFIC,True,False,False,508,0.5492125984251969,0.17913385826771652,9
P08670,VIM,True,False,False,466,0.2167381974248927,0.1459227467811159,25
P08727,KRT19,False,False,False,400,0.1025,0.15,4
P08729,KRT7,False,False,False,469,0.1023454157782516,0.13646055437100213,1
P08754,GNAI3,False,False,False,354,0.002824858757062147,0.12146892655367232,1
P08758,ANXA5,False,False,False,320,0.015625,0.1375,2
P09012,SNRPA,False,False,False,282,0.450354609929078,0.0851063829787234,2
P09429,HMGB1,False,False,False,215,0.6558139534883721,0.07441860465116279,3
P09467,FBP1,False,False,False,338,0.2898089171974522,0.10946745562130178,1
P09622,DLD,False,False,False,509,0.0,0.11394891944990176,1
P09630,HOXC6,False,False,False,235,0.2898089171974522,0.16595744680851063,1
P09651,HNRNPA1,True,False,False,372,0.5564516129032258,0.14516129032258066,6
P09758,TACSTD2,False,False,False,323,0.03715170278637771,0.09907120743034056,1
P09769,FGR,False,False,False,529,0.015122873345935728,0.11720226843100189,2
P09912,IFI6,False,False,False,130,0.038461538461538464,0.15384615384615385,1
P0C0L4,C4A,False,False,False,1744,0.0716743119266055,0.1341743119266055,2
P0C0L5,C4B,False,False,False,1744,0.2898089171974522,0.1353211009174312,2
P0C0S5,H2AZ1,False,False,False,128,0.2898089171974522,0.1328125,1
P0C629,OR10J4,False,False,False,311,0.2898089171974522,0.15112540192926044,1
P0C671,BNIP5,False,False,False,652,0.2898089171974522,0.13957055214723926,1
P0C6C1,ANKRD34C,False,False,False,535,0.5588785046728972,0.17383177570093458,1
P0C7M7,ACSM4,False,False,False,580,0.0,0.12413793103448276,1
P0C7P4,UQCRFS1P1,False,False,False,283,0.014134275618374558,0.14487632508833923,1
P0C7T5,ATXN1L,True,False,False,689,0.532656023222061,0.1683599419448476,12
P0C7U0,ELFN1,False,False,False,828,0.27053140096618356,0.1388888888888889,1
P0C881,RSPH10B,False,False,False,870,0.1896551724137931,0.1310344827586207,1
P0CAP2,POLR2M,False,False,False,368,0.6875,0.15217391304347827,1
P0CF97,FAM200B,False,False,False,657,0.0243531202435312,0.15220700152207,1
P0CG12,DERPC,False,False,False,524,0.9847328244274809,0.13740458015267176,4
P0CG13,CHTF8,True,False,False,121,0.024793388429752067,0.10743801652892562,3
P0CJ78,ZNF865,False,False,False,1059,0.3833805476864967,0.11803588290840415,2
P0CW18,PRSS56,False,False,False,603,0.2898089171974522,0.08955223880597014,1
P0CW24,PNMA6A,False,False,False,399,0.2898089171974522,0.08020050125313283,1
P0DMR3,ATXN8OS,False,False,False,200,0.2898089171974522,0.15,1
P0DN25,C1GALT1C1L,True,False,False,315,0.2898089171974522,0.11746031746031746,3
P10070,GLI2,True,False,False,1586,0.7105926860025221,0.16960907944514503,3
P10071,GLI3,False,False,False,1580,0.6873417721518987,0.1930379746835443,1
P10144,GZMB,False,False,False,247,0.12955465587044535,0.10931174089068826,1
P10155,RO60,False,False,False,538,0.020446096654275093,0.1171003717472119,1
P10244,MYBL2,False,False,False,700,0.49142857142857144,0.16428571428571428,1
P10253,GAA,False,False,False,952,0.08298319327731092,0.13550420168067226,4
P10321,HLA-C,False,False,False,366,0.226775956284153,0.13934426229508196,1
P10636,MAPT,False,False,False,758,0.9340369393139841,0.17018469656992086,5
P10644,PRKAR1A,False,False,False,381,0.12073490813648294,0.11023622047244094,1
P10768,ESD,False,False,False,282,0.0,0.11702127659574468,1
P10809,HSPD1,False,False,False,573,0.05410122164048865,0.10296684118673648,4
P10826,RARB,False,False,False,455,0.2087912087912088,0.16703296703296702,1
P10909,CLU,False,False,False,449,0.1091314031180401,0.1358574610244989,1
P11021,HSPA5,False,False,False,654,0.20030581039755352,0.11773700305810397,3
P11047,LAMC1,False,False,False,1609,0.22374145431945308,0.12181479179614667,5
P11117,ACP2,True,False,False,423,0.07565011820330969,0.11347517730496454,5
P11137,MAP2,False,False,False,1827,0.866447728516694,0.1746031746031746,4
P11161,EGR2,False,False,False,476,0.5126050420168067,0.19327731092436976,1
P11166,SLC2A1,False,False,False,492,0.012195121951219513,0.12398373983739837,1
P11171,EPB41,False,False,False,864,0.6111111111111112,0.1550925925925926,3
P11177,PDHB,False,False,False,359,0.0,0.08635097493036212,1
P11245,NAT2,False,False,False,290,0.0,0.13448275862068965,1
P11274,BCR,False,False,False,1271,0.3839496459480724,0.14004720692368214,1
P11277,SPTB,False,False,False,2137,0.10060832943378568,0.0959288722508189,6
P11279,LAMP1,True,False,False,417,0.1079136690647482,0.17985611510791366,8
P11310,ACADM,False,False,False,421,0.007125890736342043,0.0855106888361045,1
P11387,TOP1,False,False,False,765,0.3111111111111111,0.07581699346405228,1
P11388,TOP2A,False,False,False,1531,0.27106466361855,0.1280209013716525,8
P11413,G6PD,False,False,False,515,0.021359223300970873,0.08932038834951456,1
P11498,PC,False,False,False,1178,0.2898089171974522,0.0967741935483871,1
P11532,DMD,False,False,False,3685,0.1761194029850746,0.12021709633649932,2
P11586,MTHFD1,False,False,False,935,0.006417112299465241,0.11336898395721925,1
P11717,IGF2R,True,False,False,2491,0.06985146527498996,0.15897230028101164,6
P11831,SRF,False,False,False,508,0.6929133858267716,0.2421259842519685,6
P11940,PABPC1,True,False,False,636,0.3238993710691824,0.10849056603773585,5
P12004,PCNA,False,False,False,261,0.0421455938697318,0.1417624521072797,1
P12036,NEFH,False,False,False,1020,0.716374269005848,0.11960784313725491,7
P12107,COL11A1,False,False,False,1806,0.7613510520487264,0.07862679955703211,1
P12110,COL6A2,False,False,False,1019,0.3837095191364082,0.0971540726202159,1
P12236,SLC25A6,False,False,False,298,0.0,0.09731543624161074,1
P12270,TPR,True,False,True,2363,0.6242065171392298,0.15404147270418958,21
P12645,BMP3,False,False,False,472,0.19491525423728814,0.13135593220338984,1
P12755,SKI,False,False,False,728,0.3956043956043956,0.12362637362637363,2
P12757,SKIL,True,False,False,684,0.30409356725146197,0.15350877192982457,3
P12814,ACTN1,False,False,False,892,0.05493273542600897,0.09641255605381166,1
P12883,MYH7,False,False,False,1935,0.3028423772609819,0.09354005167958657,1
P12956,XRCC6,False,False,False,609,0.1116584564860427,0.11658456486042693,1
P13010,XRCC5,False,False,False,732,0.2898089171974522,0.11748633879781421,2
P13056,NR2C1,False,False,False,603,0.0779436152570481,0.16417910447761194,2
P13378,HOXD8,False,False,False,290,0.5896551724137931,0.09310344827586207,1
P13473,LAMP2,False,False,False,410,0.06341463414634146,0.18048780487804877,3
P13611,VCAN,False,False,False,3396,0.6142520612485277,0.22379269729093051,1
P13639,EEF2,False,False,False,858,0.018648018648018648,0.09906759906759907,2
P13646,KRT13,False,False,False,458,0.2898089171974522,0.1572052401746725,1
P13667,PDIA4,False,False,False,645,0.08372093023255814,0.09147286821705426,5
P13682,ZNF35,False,False,False,527,0.2898089171974522,0.13282732447817835,1
P13796,LCP1,True,False,False,627,0.022328548644338118,0.08931419457735247,4
P13797,PLS3,False,False,False,630,0.026984126984126985,0.08888888888888889,1
P13807,GYS1,False,False,False,737,0.1560379918588874,0.13568521031207598,1
P13984,GTF2F2,False,False,False,249,0.18875502008032127,0.11244979919678715,1
P13987,CD59,False,False,False,128,0.2898089171974522,0.1328125,1
P14136,GFAP,False,False,False,432,0.21064814814814814,0.09953703703703703,1
P14174,MIF,False,False,False,115,0.0,0.12173913043478261,2
P14209,CD99,False,False,False,185,0.2898089171974522,0.08108108108108109,1
P14314,PRKCSH,False,False,False,528,0.48863636363636365,0.125,3
P14317,HCLS1,False,False,False,486,0.808641975308642,0.10905349794238683,2
P14324,FDPS,False,False,False,419,0.0,0.07875894988066826,1
P14543,NID1,False,False,False,1247,0.13712910986367283,0.15236567762630313,1
P14618,PKM,False,False,False,531,0.032015065913371,0.10734463276836158,5
P14625,HSP90B1,False,False,False,803,0.18929016189290163,0.1295143212951432,4
P14653,HOXB1,False,False,False,301,0.2898089171974522,0.17940199335548174,2
P14859,POU2F1,True,False,False,743,0.3997308209959623,0.24360699865410498,10
P14923,JUP,False,False,False,745,0.06711409395973154,0.13020134228187918,2
P15104,GLUL,False,False,False,373,0.2898089171974522,0.10991957104557641,1
P15121,AKR1B1,False,False,False,316,0.02531645569620253,0.10126582278481013,1
P15153,RAC2,False,False,False,192,0.0,0.125,1
P15170,GSPT1,False,False,False,499,0.20240480961923848,0.09819639278557114,1
P15291,B4GALT1,False,False,False,398,0.19597989949748743,0.11557788944723618,4
P15311,EZR,False,False,False,586,0.4522184300341297,0.07167235494880546,3
P15328,FOLR1,True,False,False,257,0.2898089171974522,0.10894941634241245,4
P15336,ATF2,True,False,False,505,0.7683168316831683,0.20594059405940593,11
P15407,FOSL1,False,False,False,271,0.959409594095941,0.16236162361623616,2
P15408,FOSL2,False,False,False,326,0.8251533742331288,0.19325153374233128,4
P15498,VAV1,False,False,False,845,0.04260355029585799,0.09230769230769231,1
P15529,CD46,False,False,False,392,0.09438775510204081,0.1326530612244898,1
P15531,NME1,False,False,False,152,0.013157894736842105,0.07894736842105263,2
P15586,GNS,True,False,False,552,0.0018115942028985507,0.13043478260869565,5
P15735,PHKG2,False,False,False,406,0.07389162561576355,0.10344827586206896,1
P15822,HIVEP1,True,False,False,2718,0.6740250183958794,0.19904341427520236,56
P15848,ARSB,False,False,False,533,0.06191369606003752,0.1200750469043152,1
P15880,RPS2,False,False,False,293,0.20136518771331058,0.11945392491467577,3
P15923,TCF3,False,False,False,654,0.9021406727828746,0.18654434250764526,4
P15924,DSP,False,False,False,2871,0.17311041448972483,0.12852664576802508,4
P15927,RPA2,False,False,False,270,0.2740740740740741,0.15925925925925927,2
P15941,MUC1,False,False,False,1255,0.8199203187250996,0.25816733067729086,5
P16104,H2AX,False,False,False,143,0.2727272727272727,0.0979020979020979,2
P16118,PFKFB1,False,False,False,471,0.05307855626326964,0.11252653927813164,2
P16144,ITGB4,False,False,False,1822,0.20691547749725575,0.14544456641053788,2
P16157,ANK1,False,False,False,1881,0.2743221690590112,0.1318447634237108,4
P16220,CREB1,False,False,False,327,0.6363636363636364,0.1834862385321101,1
P16415,ZNF823,False,False,False,610,0.05245901639344262,0.14754098360655737,1
P16435,POR,False,False,False,677,0.2898089171974522,0.11669128508124077,2
P16452,EPB42,False,False,False,691,0.0361794500723589,0.12735166425470332,1
P16615,ATP2A2,False,False,False,1042,0.013435700575815739,0.1276391554702495,1
P16671,CD36,False,False,False,472,0.006355932203389831,0.1228813559322034,3
P16949,STMN1,False,False,False,149,0.9194630872483222,0.087248322147651,1
P16989,YBX3,False,False,False,372,0.9086021505376344,0.11021505376344086,1
P17027,ZNF23,False,False,False,643,0.1119751166407465,0.13996889580093314,1
P17029,ZKSCAN1,False,False,False,563,0.2898089171974522,0.1492007104795737,1
P17030,ZNF25,False,False,False,456,0.08333333333333333,0.13815789473684212,3
P17039,ZNF30,False,False,False,623,0.012841091492776886,0.1348314606741573,1
P17066,HSPA6,False,False,False,643,0.16640746500777606,0.11975116640746501,3
P17252,PRKCA,False,False,False,672,0.09077380952380952,0.09226190476190477,1
P17275,JUNB,True,False,False,347,0.6685878962536023,0.14697406340057637,22
P17480,UBTF,False,False,False,764,0.5235602094240838,0.12303664921465969,1
P17509,HOXB6,False,False,False,224,0.3125,0.14732142857142858,2
P17535,JUND,True,False,False,347,0.5936599423631124,0.12968299711815562,3
P17544,ATF7,False,False,False,483,0.8036437246963563,0.18219461697722567,8
P17600,SYN1,False,False,False,705,0.5900709219858156,0.13049645390070921,2
P17661,DES,False,False,False,470,0.1851063829787234,0.12978723404255318,1
P17677,GAP43,False,False,False,238,0.9873949579831933,0.13865546218487396,1
P17706,PTPN2,False,False,False,415,0.12530120481927712,0.12771084337349398,2
P17752,TPH1,False,False,False,444,0.02252252252252252,0.12162162162162163,1
P17844,DDX5,False,False,False,614,0.22312703583061888,0.11074918566775244,4
P17858,PFKL,False,False,False,780,0.008974358974358974,0.12179487179487179,1
P17931,LGALS3,False,False,False,250,0.2898089171974522,0.084,4
P18031,PTPN1,False,False,False,435,0.2898089171974522,0.11724137931034483,3
P18054,ALOX12,False,False,False,663,0.0392156862745098,0.0889894419306184,1
P18085,ARF4,False,False,False,180,0.0,0.12222222222222222,1
P18146,EGR1,True,False,False,543,0.7219152854511971,0.2559852670349908,9
P18583,SON,True,False,False,2426,0.6970321516900247,0.21063478977741137,15
P18615,NELFE,False,False,False,380,0.7315789473684211,0.14210526315789473,1
P18669,PGAM1,False,False,False,254,0.2898089171974522,0.08267716535433071,1
P18827,SDC1,False,False,False,310,0.2898089171974522,0.18064516129032257,2
P18846,ATF1,True,False,False,271,0.7121771217712177,0.23985239852398524,11
P18850,ATF6,False,False,False,670,0.46417910447761196,0.16716417910447762,2
P18887,XRCC1,False,False,False,633,0.5529225908372828,0.14375987361769352,1
P19013,KRT4,False,False,False,520,0.2898089171974522,0.1576923076923077,1
P19022,CDH2,False,False,False,906,0.25165562913907286,0.12141280353200883,3
P19338,NCL,False,False,False,710,0.6830985915492958,0.10422535211267606,4
P19367,HK1,False,False,False,917,0.010905125408942203,0.11886586695747,2
P19419,ELK1,False,False,False,428,0.6799065420560748,0.1588785046728972,1
P19429,TNNI3,False,False,False,210,0.3523809523809524,0.09523809523809523,1
P19532,TFE3,False,False,False,575,0.7391304347826086,0.17043478260869566,1
P19622,EN2,False,False,False,333,0.8828828828828829,0.12912912912912913,1
P19634,SLC9A1,False,False,False,815,0.25030674846625767,0.12269938650306748,1
P19784,CSNK2A2,False,False,False,350,0.005714285714285714,0.07428571428571429,2
P19835,CEL,False,False,False,753,0.2898089171974522,0.13811420982735723,1
P19838,NFKB1,False,False,False,968,0.20351239669421486,0.125,3
P20226,TBP,False,False,False,339,0.4778761061946903,0.13864306784660768,1
P20337,RAB3B,False,False,False,219,0.0547945205479452,0.1598173515981735,1
P20340,RAB6A,False,False,False,208,0.16826923076923078,0.15384615384615385,1
P20618,PSMB1,False,False,False,241,0.0,0.14107883817427386,2
P20700,LMNB1,False,False,False,586,0.4112627986348123,0.14675767918088736,1
P20719,HOXA5,False,False,False,270,0.6333333333333333,0.1814814814814815,1
P20807,CAPN3,False,False,False,821,0.12667478684531058,0.11449451887941535,1
P20810,CAST,False,False,False,708,1.0,0.1638418079096045,2
P20815,CYP3A5,False,False,False,502,0.00398406374501992,0.12749003984063745,1
P20823,HNF1A,True,False,False,631,0.6798732171156894,0.196513470681458,14
P20908,COL5A1,False,False,False,1838,0.7589771490750816,0.07616974972796518,2
P20916,MAG,False,False,False,626,0.019169329073482427,0.1389776357827476,1
P20933,AGA,False,False,False,346,0.05491329479768786,0.13583815028901733,1
P21291,CSRP1,False,False,False,193,0.10880829015544041,0.10880829015544041,1
P21333,FLNA,False,False,False,2647,0.26369474877219495,0.1360030222893842,6
P21359,NF1,False,False,False,2839,0.08171891511095457,0.14758717858400847,2
P21397,MAOA,False,False,False,527,0.0,0.10436432637571158,1
P21796,VDAC1,False,False,False,283,0.038869257950530034,0.1696113074204947,1
P21912,SDHB,False,False,False,280,0.014285714285714285,0.11428571428571428,1
P21917,DRD4,False,False,False,419,0.2898089171974522,0.09069212410501193,3
P22059,OSBP,False,False,False,807,0.3110285006195787,0.137546468401487,1
P22061,PCMT1,False,False,False,227,0.00881057268722467,0.09251101321585903,1
P22087,FBL,False,False,False,321,0.3302180685358255,0.07476635514018691,1
P22102,GART,False,False,False,1010,0.01485148514851485,0.11089108910891089,1
P22105,TNXB,False,False,False,4244,0.4785579641847314,0.14420358152686144,1
P22309,UGT1A1,False,False,False,533,0.2898089171974522,0.1200750469043152,1
P22314,UBA1,False,False,False,1058,0.07183364839319471,0.11247637051039698,5
P22392,NME2,False,False,False,152,0.019736842105263157,0.07894736842105263,1
P22626,HNRNPA2B1,False,False,False,353,0.5297450424929179,0.1048158640226629,2
P22670,RFX1,False,False,False,979,0.4330949948927477,0.15832482124616956,4
P22681,CBL,True,False,False,906,0.5077262693156733,0.1534216335540839,11
P22694,PRKACB,False,False,False,351,0.03133903133903134,0.09401709401709402,1
P23229,ITGA6,False,False,False,1130,0.1,0.1256637168141593,1
P23246,SFPQ,True,False,False,707,0.7666195190947667,0.08486562942008487,5
P23284,PPIB,False,False,False,216,0.009259259259259259,0.09722222222222222,1
P23396,RPS3,False,False,False,243,0.13991769547325103,0.09465020576131687,1
P23416,GLRA2,False,False,False,452,0.2898089171974522,0.13274336283185842,1
P23443,RPS6KB1,False,False,False,525,0.26476190476190475,0.10666666666666667,2
P23471,PTPRZ1,False,False,False,2315,0.2712742980561555,0.19913606911447085,1
P23497,SP100,False,False,False,879,0.5824800910125142,0.13310580204778158,1
P23511,NFYA,False,False,False,347,0.2824207492795389,0.12968299711815562,4
P23515,OMG,False,False,False,440,0.15681818181818183,0.22045454545454546,1
P23527,H2BC17,False,False,False,126,0.2898089171974522,0.1746031746031746,3
P23528,CFL1,False,False,False,166,0.0,0.1144578313253012,4
P23588,EIF4B,True,False,False,611,0.88379705400982,0.15711947626841244,10
P23634,ATP2B4,False,False,False,1241,0.0991136180499597,0.11764705882352941,1
P23769,GATA2,False,False,False,480,0.6270833333333333,0.16666666666666666,4
P23771,GATA3,False,False,False,443,0.654627539503386,0.2076749435665914,1
P23921,RRM1,False,False,False,792,0.022727272727272728,0.12121212121212122,1
P24386,CHM,False,False,False,653,0.21898928024502298,0.16079632465543645,1
P24752,ACAT1,False,False,False,427,0.0,0.11475409836065574,1
P24821,TNC,False,False,False,2201,0.1226715129486597,0.1490231712857792,1
P24844,MYL9,False,False,False,172,0.18023255813953487,0.10465116279069768,1
P24928,POLR2A,False,False,False,1970,0.30558375634517765,0.18984771573604062,2
P25024,CXCR1,False,False,False,350,0.2898089171974522,0.12,2
P25054,APC,False,False,False,2843,0.7478016180091452,0.21209989447766445,4
P25205,MCM3,False,False,False,808,0.2660891089108911,0.13366336633663367,2
P25398,RPS12,False,False,False,132,0.0,0.03787878787878788,1
P25440,BRD2,False,False,False,801,0.6566791510611736,0.15355805243445692,5
P25490,YY1,False,False,False,414,0.7342995169082126,0.11352657004830918,1
P25686,DNAJB2,False,False,False,324,0.5524691358024691,0.16666666666666666,1
P25786,PSMA1,False,False,False,263,0.12167300380228137,0.10646387832699619,1
P25789,PSMA4,False,False,False,261,0.09195402298850575,0.10344827586206896,2
P26006,ITGA3,False,False,False,1051,0.06470028544243578,0.11893434823977164,3
P26196,DDX6,False,False,False,483,0.2028985507246377,0.12422360248447205,2
P26374,CHML,False,False,False,656,0.17378048780487804,0.15701219512195122,1
P26599,PTBP1,False,False,False,557,0.12617702448210924,0.1310592459605027,6
P26640,VARS1,False,False,False,1264,0.10759493670886076,0.09651898734177215,4
P26715,KLRC1,False,False,False,233,0.12446351931330472,0.15450643776824036,1
P27105,STOM,False,False,False,288,0.041666666666666664,0.1388888888888889,1
P27348,YWHAQ,False,False,False,245,0.04081632653061224,0.1306122448979592,5
P27540,ARNT,True,False,False,789,0.5792141951837769,0.18124207858048164,14
P27694,RPA1,False,False,False,616,0.07305194805194805,0.1444805194805195,1
P27695,APEX1,False,False,False,318,0.22641509433962265,0.09748427672955975,1
P27708,CAD,False,False,False,2225,0.07865168539325842,0.12314606741573034,2
P27816,MAP4,True,False,False,1152,0.9045138888888888,0.18663194444444445,25
P27824,CANX,False,False,False,592,0.40540540540540543,0.08108108108108109,3
P28066,PSMA5,False,False,False,241,0.0,0.14522821576763487,3
P28070,PSMB4,False,False,False,264,0.0,0.13636363636363635,2
P28074,PSMB5,False,False,False,263,0.2898089171974522,0.11787072243346007,2
P28161,GSTM2,False,False,False,218,0.2898089171974522,0.09174311926605505,1
P28300,LOX,False,False,False,417,0.33573141486810554,0.12470023980815348,1
P28331,NDUFS1,False,False,False,727,0.008253094910591471,0.11966987620357634,2
P28347,TEAD1,True,False,False,426,0.24178403755868544,0.12910798122065728,4
P28356,HOXD9,True,False,False,352,0.6420454545454546,0.17045454545454544,4
P28698,MZF1,False,False,False,734,0.5013623978201635,0.11716621253405994,2
P28799,GRN,False,False,False,593,0.01011804384485666,0.1315345699831366,1
P28827,PTPRM,False,False,False,1452,0.12258953168044077,0.14325068870523416,1
P29084,GTF2E2,False,False,False,291,0.3333333333333333,0.14432989690721648,1
P29323,EPHB2,False,False,False,1055,0.07014218009478673,0.14028436018957346,1
P29350,PTPN6,False,False,False,595,0.1546218487394958,0.12436974789915967,2
P29372,MPG,True,False,False,298,0.31543624161073824,0.10738255033557047,5
P29401,TKT,False,False,False,623,0.05778491171749599,0.1187800963081862,1
P29474,NOS3,False,False,False,1203,0.17539484621778886,0.12053200332502079,2
P29475,NOS1,False,False,False,1434,0.2898089171974522,0.1206415620641562,1
P29972,AQP1,False,False,False,269,0.0,0.1412639405204461,1
P30084,ECHS1,False,False,False,290,0.0,0.09310344827586207,1
P30085,CMPK1,False,False,False,196,0.0663265306122449,0.09183673469387756,2
P30101,PDIA3,False,False,False,505,0.03762376237623762,0.09900990099009901,1
P30153,PPP2R1A,False,False,False,589,0.0,0.11205432937181664,1
P30260,CDC27,False,False,False,824,0.29975728155339804,0.1650485436893204,4
P30291,WEE1,False,False,False,646,0.43653250773993807,0.14551083591331268,1
P30414,NKTR,False,False,False,1462,0.8666210670314638,0.24897400820793433,4
P30520,ADSS2,False,False,False,456,0.05263157894736842,0.08333333333333333,2
P30530,AXL,False,False,False,894,0.26286353467561524,0.12304250559284116,2
P30533,LRPAP1,True,False,False,357,0.21008403361344538,0.09803921568627451,4
P30622,CLIP1,True,False,False,1438,0.5563282336578581,0.1474269819193324,11
P30939,HTR1F,False,False,False,366,0.0,0.16120218579234974,1
P31040,SDHA,False,False,False,664,0.015060240963855422,0.11897590361445783,1
P31153,MAT2A,False,False,False,395,0.017721518987341773,0.09873417721518987,4
P31270,HOXA11,True,False,False,313,0.3738019169329074,0.18210862619808307,9
P31274,HOXC9,False,False,False,260,0.3153846153846154,0.13846153846153847,5
P31277,HOXD11,False,False,False,338,0.5029585798816568,0.08875739644970414,1
P31327,CPS1,False,False,False,1500,0.004,0.128,2
P31629,HIVEP2,True,False,False,2446,0.6811120196238757,0.1856091578086672,31
P31749,AKT1,False,False,False,480,0.15833333333333333,0.11041666666666666,5
P31930,UQCRC1,False,False,False,480,0.04583333333333333,0.125,1
P31939,ATIC,False,False,False,592,0.015202702702702704,0.11993243243243243,1
P31943,HNRNPH1,False,False,False,449,0.155902004454343,0.11804008908685969,3
P31947,SFN,False,False,False,248,0.18548387096774194,0.11693548387096774,2
P31948,STIP1,False,False,False,543,0.26151012891344383,0.06998158379373849,1
P32004,L1CAM,False,False,False,1257,0.1662688941925219,0.1360381861575179,1
P32019,INPP5B,False,False,False,993,0.08459214501510574,0.11883182275931521,1
P32119,PRDX2,False,False,False,198,0.09090909090909091,0.10101010101010101,2
P32243,OTX2,True,False,False,289,0.35294117647058826,0.23183391003460208,3
P32321,DCTD,False,False,False,178,0.2898089171974522,0.11235955056179775,1
P32322,PYCR1,False,False,False,319,0.12852664576802508,0.13479623824451412,3
P32519,ELF1,True,False,False,619,0.5815831987075929,0.1825525040387722,7
P32926,DSG3,False,False,False,999,0.0920920920920921,0.16716716716716717,2
P32929,CTH,False,False,False,405,0.06172839506172839,0.13333333333333333,2
P32942,ICAM3,False,False,False,547,0.10968921389396709,0.1590493601462523,1
P32969,RPL9,False,False,False,192,0.010416666666666666,0.109375,1
P33076,CIITA,True,False,False,1130,0.14513274336283186,0.12920353982300886,5
P33121,ACSL1,False,False,False,698,0.012893982808022923,0.0988538681948424,2
P33176,KIF5B,False,False,False,963,0.3790238836967809,0.11838006230529595,1
P33240,CSTF2,False,False,False,577,0.7417677642980935,0.08665511265164645,3
P33241,LSP1,False,False,False,339,0.9174041297935103,0.1504424778761062,2
P33778,H2BC3,False,False,False,126,0.2898089171974522,0.18253968253968253,1
P33991,MCM4,False,False,False,863,0.17265353418308227,0.13789107763615296,2
P33993,MCM7,False,False,False,719,0.054242002781641166,0.1070931849791377,3
P34810,CD68,False,False,False,354,0.4406779661016949,0.2598870056497175,2
P34931,HSPA1L,False,False,False,641,0.0405616224648986,0.11388455538221529,1
P34932,HSPA4,False,False,False,840,0.2761904761904762,0.12261904761904761,3
P35030,PRSS3,False,False,False,304,0.02631578947368421,0.10855263157894737,4
P35052,GPC1,False,False,False,558,0.1863799283154122,0.11648745519713262,1
P35221,CTNNA1,False,False,False,906,0.1291390728476821,0.10596026490066225,1
P35222,CTNNB1,False,False,False,781,0.23047375160051217,0.11523687580025609,4
P35226,BMI1,False,False,False,326,0.37116564417177916,0.1656441717791411,1
P35232,PHB1,False,False,False,272,0.0,0.11397058823529412,2
P35236,PTPN7,False,False,False,360,0.21666666666666667,0.1111111111111111,1
P35251,RFC1,False,False,False,1148,0.47735191637630664,0.16463414634146342,1
P35398,RORA,False,False,False,523,0.23709369024856597,0.14149139579349904,2
P35453,HOXD13,False,False,False,343,0.2898089171974522,0.1661807580174927,2
P35527,KRT9,False,False,False,623,0.2898089171974522,0.16853932584269662,3
P35555,FBN1,False,False,False,2871,0.025078369905956112,0.1180773249738767,2
P35558,PCK1,False,False,False,622,0.04340836012861737,0.09646302250803858,1
P35568,IRS1,False,False,False,1242,0.7761674718196457,0.19484702093397746,2
P35573,AGL,False,False,False,1532,0.0293733681462141,0.10509138381201044,2
P35579,MYH9,False,False,False,1960,0.40969387755102044,0.08163265306122448,5
P35580,MYH10,False,False,False,1976,0.35020242914979755,0.08451417004048584,1
P35611,ADD1,True,False,False,737,0.5183175033921302,0.13704206241519673,6
P35612,ADD2,False,False,False,726,0.4807162534435262,0.1652892561983471,2
P35613,BSG,True,False,False,385,0.2077922077922078,0.14285714285714285,4
P35637,FUS,False,False,False,526,0.94106463878327,0.16539923954372623,1
P35658,NUP214,True,True,True,2090,0.5076555023923445,0.2535885167464115,212
P35659,DEK,False,False,False,375,0.6373333333333333,0.16266666666666665,1
P35663,CYLC1,False,False,False,651,0.2898089171974522,0.19047619047619047,2
P35711,SOX5,False,False,False,763,0.6697247706422018,0.13237221494102228,1
P35749,MYH11,False,False,False,1972,0.4208924949290061,0.08924949290060852,1
P35754,GLRX,False,False,False,106,0.0,0.10377358490566038,1
P35789,ZNF93,False,False,False,620,0.024193548387096774,0.15161290322580645,2
P35813,PPM1A,False,False,False,382,0.21204188481675393,0.10732984293193717,1
P35913,PDE6B,False,False,False,854,0.0,0.09953161592505855,2
P35968,KDR,False,False,False,1356,0.10250737463126844,0.1504424778761062,2
P36507,MAP2K2,True,False,False,400,0.1475,0.0975,5
P36543,ATP6V1E1,False,False,False,226,0.0,0.05309734513274336,1
P36578,RPL4,False,False,False,427,0.3325526932084309,0.08899297423887588,2
P36871,PGM1,False,False,False,562,0.010676156583629894,0.12099644128113879,1
P36952,SERPINB5,False,False,False,375,0.02666666666666667,0.14133333333333334,1
P36957,DLST,False,False,False,453,0.30242825607064017,0.11699779249448124,2
P37088,SCNN1A,False,False,False,669,0.16442451420029897,0.15246636771300448,1
P37108,SRP14,False,False,False,136,0.2647058823529412,0.16911764705882354,3
P37198,NUP62,True,True,True,522,0.37547892720306514,0.25862068965517243,97
P37802,TAGLN2,False,False,False,199,0.19597989949748743,0.08542713567839195,4
P37840,SNCA,False,False,False,140,0.39285714285714285,0.1,3
P38117,ETFB,False,False,False,255,0.027450980392156862,0.08235294117647059,1
P38159,RBMX,False,False,False,391,0.8976982097186701,0.1867007672634271,2
P38435,GGCX,False,False,False,758,0.13192612137203166,0.12532981530343007,1
P38571,LIPA,False,False,False,399,0.007518796992481203,0.12531328320802004,1
P38606,ATP6V1A,True,False,False,617,0.0,0.13452188006482982,5
P39060,COL18A1,False,False,False,1754,0.6584948688711516,0.10832383124287344,1
P39748,FEN1,False,False,False,380,0.2898089171974522,0.10263157894736842,1
P39880,CUX1,True,False,False,1505,0.7249169435215946,0.16411960132890366,8
P40121,CAPG,False,False,False,348,0.2898089171974522,0.09195402298850575,1
P40189,IL6ST,False,False,False,918,0.2298474945533769,0.1786492374727669,2
P40222,TXLNA,False,False,False,546,0.7344322344322345,0.11538461538461539,3
P40227,CCT6A,False,False,False,531,0.0,0.1016949152542373,1
P40425,PBX2,True,False,False,430,0.5627906976744186,0.1511627906976744,4
P40692,MLH1,False,False,False,756,0.19973544973544974,0.15079365079365079,2
P40763,STAT3,True,False,False,770,0.09610389610389611,0.12727272727272726,6
P40818,USP8,False,False,False,1118,0.43202146690518783,0.14311270125223613,1
P40855,PEX19,False,False,False,299,0.7190635451505016,0.13712374581939799,3
P40925,MDH1,False,False,False,334,0.2898089171974522,0.11676646706586827,1
P40926,MDH2,False,False,False,338,0.0,0.13609467455621302,1
P40939,HADHA,False,False,False,763,0.0,0.1127129750982962,1
P41091,EIF2S3,False,False,False,472,0.036016949152542374,0.11228813559322035,1
P41218,MNDA,False,False,False,407,0.2898089171974522,0.1375921375921376,1
P41222,PTGDS,False,False,False,190,0.2898089171974522,0.18421052631578946,1
P41223,BUD31,False,False,False,144,0.1111111111111111,0.08333333333333333,1
P41235,HNF4A,False,False,False,474,0.20042194092827004,0.12025316455696203,1
P41236,PPP1R2,True,False,False,205,0.8975609756097561,0.16097560975609757,5
P41252,IARS1,False,False,False,1262,0.2898089171974522,0.1196513470681458,1
P41271,NBL1,False,False,False,181,0.2898089171974522,0.11049723756906077,1
P41594,GRM5,False,False,False,1212,0.21947194719471946,0.1551155115511551,3
P41970,ELK3,False,False,False,407,0.23095823095823095,0.20147420147420148,3
P42025,ACTR1B,False,False,False,376,0.013297872340425532,0.11170212765957446,1
P42166,TMPO,True,False,False,694,0.4755043227665706,0.1786743515850144,6
P42167,TMPO,False,False,False,454,0.2898089171974522,0.1696035242290749,5
P42224,STAT1,False,False,False,750,0.068,0.11466666666666667,1
P42229,STAT5A,False,False,False,794,0.0654911838790932,0.1070528967254408,1
P42261,GRIA1,False,False,False,906,0.04415011037527594,0.12693156732891833,1
P42345,MTOR,False,False,False,2549,0.05492349941153393,0.11769321302471558,1
P42356,PI4KA,False,False,False,2102,0.02521408182683159,0.12511893434823979,1
P42566,EPS15,False,False,False,896,0.48549107142857145,0.15959821428571427,1
P42568,MLLT3,False,False,False,568,0.6443661971830986,0.24119718309859156,1
P42694,HELZ,False,False,False,1942,0.37950566426364574,0.13594232749742532,5
P42702,LIFR,False,False,False,1097,0.16043755697356427,0.1577028258887876,2
P42704,LRPPRC,False,False,False,1394,0.003586800573888092,0.10401721664275466,1
P42765,ACAA2,False,False,False,397,0.060453400503778336,0.12090680100755667,1
P42785,PRCP,False,False,False,496,0.0,0.1350806451612903,5
P42858,HTT,False,False,False,3142,0.1651814131126671,0.1514958625079567,5
P42892,ECE1,False,False,False,770,0.04025974025974026,0.13246753246753246,2
P43121,MCAM,False,False,False,646,0.25077399380804954,0.1346749226006192,2
P43155,CRAT,True,False,False,626,0.011182108626198083,0.12300319488817892,3
P43243,MATR3,True,False,False,847,0.5785123966942148,0.1334120425029516,10
P43307,SSR1,False,False,False,286,0.2692307692307692,0.1048951048951049,2
P43308,SSR2,True,False,False,183,0.0273224043715847,0.14754098360655737,6
P43366,MAGEB1,False,False,False,347,0.2898089171974522,0.1440922190201729,1
P43405,SYK,False,False,False,635,0.11338582677165354,0.09606299212598425,1
P43487,RANBP1,False,False,False,201,0.43781094527363185,0.08955223880597014,1
P43686,PSMC4,False,False,False,418,0.0,0.08851674641148326,2
P43694,GATA4,False,False,False,442,0.502262443438914,0.18778280542986425,3
P45844,ABCG1,False,False,False,678,0.0014749262536873156,0.13421828908554573,2
P45880,VDAC2,False,False,False,294,0.0,0.1836734693877551,2
P45973,CBX5,False,False,False,191,0.2898089171974522,0.11518324607329843,1
P46013,MKI67,True,False,False,3256,0.9066339066339066,0.17997542997542998,19
P46020,PHKA1,False,False,False,1223,0.06950122649223221,0.1381847914963205,1
P46060,RANGAP1,False,False,False,587,0.21465076660988075,0.10902896081771721,1
P46063,RECQL,False,False,False,649,0.08936825885978428,0.12480739599383667,1
P46087,NOP2,False,False,False,812,0.5775862068965517,0.13177339901477833,4
P46100,ATRX,True,False,False,2492,0.5774478330658106,0.16211878009630817,18
P46109,CRKL,False,False,False,303,0.3432343234323432,0.12871287128712872,1
P46379,BAG6,False,False,False,1132,0.2898089171974522,0.14045936395759717,2
P46527,CDKN1B,False,False,False,198,0.9646464646464646,0.13636363636363635,5
P46531,NOTCH1,False,False,False,2555,0.2101761252446184,0.12915851272015655,6
P46821,MAP1B,False,False,False,2468,0.7406807131280388,0.1932739059967585,2
P46934,NEDD4,False,False,False,1319,0.33586050037907506,0.17664897649734648,1
P46937,YAP1,False,False,False,504,0.9305555555555556,0.17261904761904762,6
P46939,UTRN,False,False,False,3433,0.17390037867754152,0.12321584619866006,3
P46940,IQGAP1,False,False,False,1657,0.10138805069402534,0.0971635485817743,1
P46977,STT3A,True,False,False,705,0.00425531914893617,0.14184397163120568,4
P47756,CAPZB,False,False,False,272,0.05054151624548736,0.125,1
P47897,QARS1,False,False,False,775,0.01935483870967742,0.10193548387096774,1
P47902,CDX1,False,False,False,265,0.8075471698113208,0.1169811320754717,2
P47914,RPL29,False,False,False,159,1.0,0.08176100628930817,4
P47974,ZFP36L2,False,False,False,494,0.4777327935222672,0.19635627530364372,1
P47985,UQCRFS1,True,False,False,274,0.01824817518248175,0.145985401459854,3
P48023,FASLG,False,False,False,281,0.29537366548042704,0.13523131672597866,1
P48029,SLC6A8,False,False,False,635,0.01732283464566929,0.10078740157480315,1
P48200,IREB2,False,False,False,963,0.03115264797507788,0.1308411214953271,1
P48382,RFX5,False,False,False,616,0.6753246753246753,0.12824675324675325,3
P48431,SOX2,True,False,False,317,0.7444794952681388,0.15772870662460567,7
P48436,SOX9,False,False,False,509,0.8821218074656189,0.16699410609037327,2
P48444,ARCN1,False,False,False,511,0.24853228962818003,0.13111545988258316,1
P48552,NRIP1,False,False,False,1158,0.6105354058721935,0.19343696027633853,2
P48556,PSMD8,False,False,False,350,0.12571428571428572,0.11428571428571428,1
P48634,PRRC2A,True,False,False,2157,0.9638386648122392,0.14000927213722764,8
P48681,NES,False,False,False,1621,0.8075262183837137,0.11412708204811844,2
P48723,HSPA13,False,False,False,471,0.06794055201698514,0.12314225053078556,1
P48745,CCN3,False,False,False,357,0.0056022408963585435,0.14285714285714285,1
P48960,ADGRE5,False,False,False,835,0.031137724550898204,0.15808383233532936,2
P49005,POLD2,False,False,False,469,0.031982942430703626,0.14285714285714285,1
P49023,PXN,False,False,False,591,0.5583756345177665,0.14890016920473773,4
P49116,NR2C2,False,False,False,596,0.11241610738255034,0.1761744966442953,2
P49247,RPIA,False,False,False,311,0.2572347266881029,0.10610932475884244,2
P49257,LMAN1,False,False,False,510,0.21764705882352942,0.09803921568627451,5
P49321,NASP,True,False,False,788,0.7157360406091371,0.12690355329949238,14
P49327,FASN,False,False,False,2511,0.050577459179609714,0.12504978096375946,2
P49336,CDK8,True,False,False,464,0.27155172413793105,0.10991379310344827,9
P49406,MRPL19,False,False,False,292,0.1232876712328767,0.0821917808219178,2
P49407,ARRB1,False,False,False,418,0.2898089171974522,0.10526315789473684,7
P49419,ALDH7A1,False,False,False,539,0.03339517625231911,0.10760667903525047,2
P49427,CDC34,False,False,False,236,0.1864406779661017,0.11864406779661017,1
P49448,GLUD2,False,False,False,558,0.05197132616487455,0.11469534050179211,1
P49454,CENPF,False,False,False,3114,0.37797045600513807,0.13423249839434812,3
P49588,AARS1,False,False,False,968,0.014462809917355372,0.10433884297520661,1
P49589,CARS1,False,False,False,748,0.10695187165775401,0.10427807486631016,1
P49591,SARS1,False,False,False,514,0.09922178988326848,0.09727626459143969,1
P49641,MAN2A2,False,False,False,1150,0.014782608695652174,0.11826086956521739,1
P49736,MCM2,False,False,False,904,0.22898230088495575,0.10951327433628319,2
P49748,ACADVL,False,False,False,655,0.08702290076335878,0.11450381679389313,3
P49750,YLPM1,True,False,False,2146,0.8122087604846225,0.12488350419384903,16
P49755,TMED10,False,False,False,219,0.2898089171974522,0.1141552511415525,2
P49756,RBM25,True,False,False,843,0.5195729537366548,0.08066429418742586,5
P49759,CLK1,False,False,False,484,0.20867768595041322,0.13636363636363635,2
P49790,NUP153,True,True,True,1475,0.5132203389830509,0.2711864406779661,141
P49792,RANBP2,True,True,True,3224,0.2633374689826303,0.1606699751861042,55
P49840,GSK3A,False,False,False,483,0.30434782608695654,0.16149068322981366,3
P49841,GSK3B,False,False,False,420,0.2642857142857143,0.14761904761904762,1
P49848,TAF6,True,False,False,677,0.38995568685376664,0.15805022156573117,16
P49916,LIG3,True,False,False,1009,0.17641228939544104,0.12685827552031714,5
P49959,MRE11,False,False,False,708,0.3290960451977401,0.1426553672316384,3
P50402,EMD,True,False,False,254,0.31496062992125984,0.20866141732283464,9
P50416,CPT1A,False,False,False,773,0.040103492884864166,0.13065976714100905,3
P50454,SERPINH1,False,False,False,418,0.023923444976076555,0.12440191387559808,1
P50502,ST13,False,False,False,369,0.6937669376693767,0.06233062330623306,3
P50539,MXI1,False,False,False,228,0.6403508771929824,0.19298245614035087,2
P50570,DNM2,False,False,False,870,0.23103448275862068,0.1206896551724138,1
P50579,METAP2,False,False,False,478,0.34309623430962344,0.10460251046025104,1
P50616,TOB1,False,False,False,345,0.4260869565217391,0.13623188405797101,2
P50748,KNTC1,False,False,False,2209,0.2898089171974522,0.13173381620642824,1
P50851,LRBA,False,False,False,2863,0.17918267551519385,0.14844568634299685,2
P50897,PPT1,False,False,False,306,0.0,0.09477124183006536,1
P50990,CCT8,False,False,False,548,0.03467153284671533,0.10401459854014598,2
P50991,CCT4,False,False,False,539,0.07235621521335807,0.14285714285714285,2
P51003,PAPOLA,False,False,False,745,0.3691275167785235,0.17181208053691274,6
P51114,FXR1,False,False,False,621,0.4219001610305958,0.1320450885668277,1
P51116,FXR2,False,False,False,673,0.4710252600297177,0.14710252600297177,2
P51148,RAB5C,False,False,False,216,0.19444444444444445,0.1111111111111111,1
P51149,RAB7A,False,False,False,207,0.0,0.12077294685990338,1
P51178,PLCD1,False,False,False,756,0.05555555555555555,0.1164021164021164,2
P51511,MMP15,False,False,False,669,0.22720478325859492,0.07772795216741404,1
P51532,SMARCA4,False,False,False,1647,0.5500910746812386,0.11050394656952034,5
P51553,IDH3G,False,False,False,393,0.08142493638676845,0.11704834605597965,1
P51570,GALK1,False,False,False,392,0.04846938775510204,0.11989795918367346,1
P51608,MECP2,False,False,False,486,0.9423868312757202,0.15843621399176955,7
P51610,HCFC1,True,False,False,2035,0.5076167076167076,0.22063882063882065,174
P51617,IRAK1,False,False,False,712,0.33707865168539325,0.14325842696629212,1
P51659,HSD17B4,False,False,False,736,0.019021739130434784,0.11548913043478261,4
P51692,STAT5B,False,False,False,787,0.2898089171974522,0.10800508259212198,1
P51787,KCNQ1,False,False,False,676,0.17455621301775148,0.13313609467455623,1
P51812,RPS6KA3,False,False,False,740,0.07837837837837838,0.11621621621621622,3
P51816,AFF2,False,False,False,1311,0.6483600305110603,0.1945080091533181,1
P51826,AFF3,True,False,False,1226,0.7716150081566069,0.19575856443719414,5
P51858,HDGF,False,False,False,240,0.7625,0.09583333333333334,1
P51991,HNRNPA3,True,False,False,378,0.4444444444444444,0.09788359788359788,4
P52179,MYOM1,False,False,False,1685,0.22255192878338279,0.14718100890207717,3
P52209,PGD,False,False,False,483,0.012422360248447204,0.09937888198757763,2
P52292,KPNA2,False,False,False,529,0.18525519848771266,0.1342155009451796,1
P52306,RAP1GDS1,False,False,False,607,0.0,0.1070840197693575,1
P52333,JAK3,False,False,False,1124,0.017793594306049824,0.11298932384341637,1
P52564,MAP2K6,False,False,False,334,0.10778443113772455,0.12275449101796407,1
P52594,AGFG1,True,False,False,562,0.3807829181494662,0.22597864768683273,18
P52597,HNRNPF,False,False,False,415,0.03132530120481928,0.13493975903614458,3
P52655,GTF2A1,False,False,False,376,0.43882978723404253,0.10372340425531915,4
P52701,MSH6,False,False,False,1360,0.19926470588235295,0.1426470588235294,1
P52741,ZNF134,False,False,False,427,0.2898089171974522,0.15456674473067916,1
P52746,ZNF142,False,False,False,1687,0.3941908713692946,0.12566686425607587,3
P52789,HK2,False,False,False,917,0.007633587786259542,0.1025081788440567,2
P52824,DGKQ,False,False,False,942,0.2898089171974522,0.10615711252653928,2
P52943,CRIP2,False,False,False,208,0.23076923076923078,0.1201923076923077,2
P52948,NUP98,True,True,True,1817,0.36268574573472756,0.19097413318657128,102
P53350,PLK1,False,False,False,603,0.10281923714759536,0.11774461028192372,1
P53370,NUDT6,False,False,False,316,0.2898089171974522,0.11392405063291139,1
P53396,ACLY,False,False,False,1101,0.07266121707538602,0.11262488646684832,3
P53801,PTTG1IP,False,False,False,180,0.1388888888888889,0.09444444444444444,1
P53814,SMTN,True,False,False,917,0.7666303162486369,0.1821155943293348,6
P53992,SEC24C,True,False,False,1094,0.3372943327239488,0.13528336380255943,12
P53999,SUB1,False,False,False,127,0.6929133858267716,0.18110236220472442,1
P54105,CLNS1A,False,False,False,237,0.6540084388185654,0.14345991561181434,1
P54132,BLM,False,False,False,1417,0.2898089171974522,0.1743119266055046,1
P54198,HIRA,False,False,False,1017,0.20845624385447395,0.17010816125860373,1
P54252,ATXN3,False,False,False,361,0.4265927977839335,0.12465373961218837,1
P54253,ATXN1,True,False,False,815,0.6098159509202454,0.16809815950920245,9
P54259,ATN1,False,False,False,1190,0.9117647058823529,0.1689075630252101,7
P54296,MYOM2,False,False,False,1465,0.06825938566552901,0.1385665529010239,2
P54577,YARS1,False,False,False,528,0.08712121212121213,0.0928030303030303,3
P54578,USP14,False,False,False,494,0.09109311740890688,0.13360323886639677,6
P54652,HSPA2,False,False,False,639,0.16901408450704225,0.12832550860719874,1
P54709,ATP1B3,False,False,False,279,0.0035842293906810036,0.1039426523297491,1
P54727,RAD23B,True,False,False,409,0.6161369193154034,0.17359413202933985,17
P54819,AK2,False,False,False,239,0.13389121338912133,0.1087866108786611,1
P54920,NAPA,False,False,False,295,0.003389830508474576,0.1016949152542373,1
P55010,EIF5,False,False,False,431,0.28074245939675174,0.09744779582366589,1
P55058,PLTP,False,False,False,493,0.034482758620689655,0.1359026369168357,1
P55061,TMBIM6,False,False,False,237,0.2898089171974522,0.10970464135021098,1
P55072,VCP,False,False,False,806,0.12158808933002481,0.08933002481389578,1
P55103,INHBC,False,False,False,352,0.2898089171974522,0.13068181818181818,1
P55196,AFDN,False,False,False,1824,0.5668859649122807,0.13212719298245615,4
P55197,MLLT10,True,False,False,1068,0.6769662921348315,0.2153558052434457,9
P55198,MLLT6,True,False,False,1093,0.6267154620311071,0.19945105215004574,18
P55209,NAP1L1,False,False,False,391,0.37595907928388744,0.0792838874680307,1
P55212,CASP6,False,False,False,293,0.06484641638225255,0.11604095563139932,1
P55265,ADAR,True,False,False,1226,0.333605220228385,0.14192495921696574,11
P55268,LAMB2,False,False,False,1798,0.135706340378198,0.10622914349276974,2
P55285,CDH6,False,False,False,790,0.1670886075949367,0.14810126582278482,2
P55290,CDH13,False,False,False,713,0.1402524544179523,0.1402524544179523,2
P55317,FOXA1,True,False,False,472,0.4004237288135593,0.1885593220338983,11
P55327,TPD52,False,False,False,224,0.4955357142857143,0.18303571428571427,1
P55735,SEC13,False,False,True,322,0.07142857142857142,0.15217391304347827,1
P55795,HNRNPH2,False,False,False,449,0.1603563474387528,0.1291759465478842,1
P55884,EIF3B,False,False,False,814,0.23464373464373464,0.10565110565110565,3
P55916,UCP3,False,False,False,312,0.0,0.13782051282051283,1
P56199,ITGA1,False,False,False,1179,0.021204410517387615,0.15860899067005937,1
P56270,MAZ,False,False,False,477,0.2809224318658281,0.11320754716981132,2
P56385,ATP5ME,False,False,False,69,0.10144927536231885,0.057971014492753624,1
P56524,HDAC4,False,False,False,1084,0.5535055350553506,0.12638376383763839,4
P56537,EIF6,False,False,False,245,0.0,0.15510204081632653,1
P56545,CTBP2,False,False,False,445,0.09213483146067415,0.09438202247191012,3
P56715,RP1,True,False,False,2156,0.34786641929499074,0.1725417439703154,6
P57058,HUNK,False,False,False,714,0.2898089171974522,0.12184873949579832,1
P57075,UBASH3A,False,False,False,661,0.0015128593040847202,0.14523449319213314,1
P57103,SLC8A3,False,False,False,927,0.07119741100323625,0.12405609492988134,1
P57740,NUP107,True,False,True,925,0.10594594594594595,0.12756756756756757,7
P57764,GSDMD,False,False,False,484,0.16115702479338842,0.13636363636363635,1
P57768,SNX16,False,False,False,344,0.4186046511627907,0.17151162790697674,1
P57771,RGS8,False,False,False,180,0.2898089171974522,0.15,1
P58004,SESN2,False,False,False,480,0.19791666666666666,0.12083333333333333,1
P58012,FOXL2,False,False,False,376,0.4654255319148936,0.0797872340425532,1
P58107,EPPK1,False,False,False,5088,0.14268867924528303,0.1157625786163522,1
P58876,H2BC5,False,False,False,126,0.35714285714285715,0.18253968253968253,3
P59045,NLRP11,False,False,False,1033,0.2898089171974522,0.13746369796708616,1
P59923,ZNF445,False,False,False,1031,0.2318137730358875,0.1425800193986421,1
P60201,PLP1,False,False,False,277,0.0,0.1371841155234657,1
P60468,SEC61B,False,False,False,96,0.5,0.22916666666666666,2
P60484,PTEN,False,False,False,403,0.141439205955335,0.10669975186104218,1
P60709,ACTB,False,False,False,375,0.018666666666666668,0.136,1
P60842,EIF4A1,False,False,False,406,0.05665024630541872,0.11822660098522167,2
P60880,SNAP25,False,False,False,206,0.6213592233009708,0.0825242718446602,1
P60891,PRPS1,False,False,False,318,0.0,0.11635220125786164,2
P61011,SRP54,False,False,False,504,0.08333333333333333,0.10317460317460317,2
P61019,RAB2A,False,False,False,212,0.16981132075471697,0.1179245283018868,1
P61160,ACTR2,False,False,False,394,0.0,0.09390862944162437,1
P61163,ACTR1A,False,False,False,376,0.007978723404255319,0.11436170212765957,1
P61201,COPS2,False,False,False,443,0.04966139954853273,0.10835214446952596,1
P61221,ABCE1,False,False,False,599,0.0,0.1001669449081803,1
P61604,HSPE1,False,False,False,102,0.0,0.08823529411764706,1
P61764,STXBP1,False,False,False,594,0.08417508417508418,0.13973063973063973,1
P61769,B2M,True,False,False,119,0.0,0.15126050420168066,3
P61812,TGFB2,False,False,False,414,0.04830917874396135,0.14009661835748793,1
P61927,RPL37,True,False,False,97,0.6907216494845361,0.1958762886597938,3
P61964,WDR5,False,False,False,334,0.08682634730538923,0.19161676646706588,2
P61978,HNRNPK,False,False,False,463,0.4535637149028078,0.12095032397408208,1
P62070,RRAS2,False,False,False,204,0.10294117647058823,0.08823529411764706,1
P62072,TIMM10,False,False,False,90,0.25555555555555554,0.1,1
P62249,RPS16,False,False,False,146,0.00684931506849315,0.07534246575342465,2
P62280,RPS11,False,False,False,158,0.2898089171974522,0.10759493670886076,1
P62316,SNRPD2,False,False,False,118,0.3898305084745763,0.11016949152542373,1
P62495,ETF1,False,False,False,437,0.02745995423340961,0.11212814645308924,2
P62685,ERVK-8,False,False,False,647,0.2898089171974522,0.10510046367851623,2
P62701,RPS4X,False,False,False,263,0.030418250950570342,0.10266159695817491,1
P62736,ACTA2,False,False,False,377,0.026525198938992044,0.13262599469496023,1
P62750,RPL23A,False,False,False,156,0.4358974358974359,0.07051282051282051,1
P62805,H4C1,False,False,False,103,0.2898089171974522,0.08737864077669903,1
P62807,H2BC4,False,False,False,126,0.3492063492063492,0.1746031746031746,1
P62910,RPL32,False,False,False,135,0.08888888888888889,0.07407407407407407,1
P62937,PPIA,False,False,False,165,0.0,0.11515151515151516,1
P63119,ERVK-21,False,False,False,156,0.2898089171974522,0.12179487179487179,3
P63244,RACK1,False,False,False,317,0.0,0.19242902208201892,1
P63261,ACTG1,True,False,False,375,0.018666666666666668,0.136,4
P67809,YBX1,False,False,False,324,0.9290123456790124,0.08641975308641975,7
P67936,TPM4,False,False,False,248,0.4838709677419355,0.056451612903225805,1
P68032,ACTC1,False,False,False,377,0.026525198938992044,0.13262599469496023,2
P68104,EEF1A1,False,False,False,462,0.08008658008658008,0.11255411255411256,5
P68363,TUBA1B,False,False,False,451,0.057649667405764965,0.11529933481152993,3
P68366,TUBA4A,False,False,False,448,0.044642857142857144,0.11160714285714286,1
P68400,CSNK2A1,True,False,False,391,0.13554987212276215,0.09718670076726342,5
P68431,H3C1,False,False,False,136,0.3235294117647059,0.11029411764705882,3
P68871,HBB,False,False,False,147,0.0,0.08163265306122448,3
P69849,NOMO3,False,False,False,1222,0.049099836333878884,0.14893617021276595,2
P69905,HBA1,False,False,False,142,0.2898089171974522,0.14084507042253522,3
P78310,CXADR,False,False,False,365,0.2410958904109589,0.15616438356164383,1
P78316,NOP14,False,False,False,857,0.4982497082847141,0.1073512252042007,3
P78317,RNF4,False,False,False,190,0.4789473684210526,0.1631578947368421,1
P78324,SIRPA,False,False,False,504,0.4087301587301587,0.1626984126984127,2
P78330,PSPH,False,False,False,225,0.008888888888888889,0.08888888888888889,1
P78332,RBM6,False,False,False,1123,0.7996438112199465,0.1246660730186999,3
P78337,PITX1,False,False,False,314,0.4299363057324841,0.16878980891719744,2
P78344,EIF4G2,False,False,False,907,0.3274531422271224,0.10584343991179714,2
P78347,GTF2I,False,False,False,998,0.2845691382765531,0.12324649298597194,4
P78357,CNTNAP1,False,False,False,1384,0.05057803468208093,0.11343930635838151,1
P78362,SRPK2,False,False,False,688,0.45348837209302323,0.11482558139534883,4
P78363,ABCA4,False,False,False,2273,0.06819181698196217,0.12802463704355477,1
P78364,PHC1,True,False,False,1004,0.7051792828685259,0.17231075697211157,10
P78406,RAE1,True,False,False,368,0.08423913043478261,0.15760869565217392,7
P78417,GSTO1,False,False,False,241,0.06224066390041494,0.1078838174273859,1
P78524,DENND2B,False,False,False,1137,0.4951627088830255,0.1723834652594547,2
P78527,PRKDC,False,False,False,4128,0.04844961240310078,0.12354651162790697,2
P78536,ADAM17,False,False,False,824,0.14684466019417475,0.12742718446601942,3
P78559,MAP1A,True,False,False,2803,0.8480199785943632,0.14983945772386728,3
P80188,LCN2,False,False,False,198,0.0,0.1111111111111111,2
P80303,NUCB2,False,False,False,420,0.3357142857142857,0.07380952380952381,3
P80723,BASP1,False,False,False,227,1.0,0.11013215859030837,3
P81605,DCD,False,False,False,110,0.2898089171974522,0.08181818181818182,1
P81877,SSBP2,False,False,False,361,0.7479224376731302,0.13019390581717452,2
P82650,MRPS22,False,False,False,360,0.058333333333333334,0.12222222222222222,1
P82909,KGD4,False,False,False,103,0.2898089171974522,0.1553398058252427,1
P82912,MRPS11,False,False,False,194,0.17010309278350516,0.12371134020618557,1
P82933,MRPS9,False,False,False,396,0.06060606060606061,0.10606060606060606,1
P82970,HMGN5,False,False,False,282,1.0,0.06028368794326241,1
P82979,SARNP,True,False,False,210,0.7142857142857143,0.12857142857142856,7
P83436,COG7,False,False,False,770,0.015584415584415584,0.12727272727272726,1
P83876,TXNL4A,False,False,False,142,0.0,0.07746478873239436,1
P84098,RPL19,False,False,False,196,0.413265306122449,0.08673469387755102,1
P84243,H3-3A,False,False,False,136,0.2898089171974522,0.11764705882352941,1
P85037,FOXK1,True,False,False,733,0.4201909959072306,0.17189631650750342,30
P86452,ZBED6,False,False,False,979,0.1961184882533197,0.1634320735444331,2
P98082,DAB2,True,False,False,770,0.7363636363636363,0.16753246753246753,13
P98095,FBLN2,False,False,False,1184,0.2668918918918919,0.1097972972972973,3
P98160,HSPG2,False,False,False,4391,0.19995445228877248,0.1548622181735368,1
P98170,XIAP,False,False,False,497,0.04225352112676056,0.13480885311871227,1
P98171,ARHGAP4,True,False,False,946,0.32452431289640593,0.12790697674418605,5
P98175,RBM10,False,False,False,930,0.7021505376344086,0.15161290322580645,4
Q00059,TFAM,False,False,False,246,0.13008130081300814,0.12195121951219512,1
Q00444,HOXC5,False,False,False,222,0.2898089171974522,0.13063063063063063,1
Q00535,CDK5,True,False,False,292,0.0,0.08904109589041095,4
Q00587,CDC42EP1,False,False,False,391,0.8772378516624041,0.16624040920716113,1
Q00610,CLTC,False,False,False,1675,0.013134328358208954,0.08895522388059701,2
Q00613,HSF1,False,False,False,529,0.2898089171974522,0.17958412098298676,2
Q00653,NFKB2,False,False,False,900,0.4022222222222222,0.12555555555555556,1
Q00722,PLCB2,False,False,False,1185,0.23459915611814347,0.11308016877637131,2
Q00839,HNRNPU,True,False,False,825,0.5490909090909091,0.08121212121212121,6
Q01082,SPTBN1,True,False,False,2364,0.17470389170896786,0.11336717428087986,22
Q01105,SET,False,False,False,290,0.6793103448275862,0.09655172413793103,1
Q01130,SRSF2,False,False,False,221,0.8235294117647058,0.248868778280543,1
Q01167,FOXK2,True,False,False,660,0.6333333333333333,0.1621212121212121,7
Q01196,RUNX1,True,False,False,453,0.5607064017660044,0.19646799116997793,8
Q01201,RELB,False,False,False,579,0.41968911917098445,0.12435233160621761,1
Q01484,ANK2,False,False,False,3957,0.5835228708617639,0.18321961081627497,3
Q01518,CAP1,False,False,False,475,0.2168421052631579,0.14105263157894737,2
Q01543,FLI1,False,False,False,452,0.4336283185840708,0.16592920353982302,3
Q01546,KRT76,False,False,False,638,0.2898089171974522,0.1896551724137931,1
Q01664,TFAP4,True,False,False,338,0.6568047337278107,0.13313609467455623,7
Q01780,EXOSC10,False,False,False,885,0.24519774011299436,0.1096045197740113,1
Q01804,OTUD4,False,False,False,1114,0.6023339317773788,0.1490125673249551,4
Q01826,SATB1,False,False,False,763,0.4783748361730013,0.12450851900393185,1
Q01831,XPC,False,False,False,940,0.44680851063829785,0.12659574468085105,2
Q01844,EWSR1,False,False,False,656,0.9070121951219512,0.15701219512195122,13
Q01860,POU5F1,False,False,False,360,0.425,0.11388888888888889,5
Q01955,COL4A3,False,False,False,1670,0.8479041916167664,0.08203592814371258,1
Q01968,OCRL,False,False,False,901,0.08546059933407325,0.09988901220865705,1
Q01995,TAGLN,False,False,False,201,0.263681592039801,0.08955223880597014,3
Q02040,AKAP17A,False,False,False,695,0.48776978417266187,0.11510791366906475,2
Q02078,MEF2A,False,False,False,507,0.8323471400394478,0.1992110453648915,2
Q02083,NAAA,False,False,False,359,0.2898089171974522,0.116991643454039,1
Q02086,SP2,False,False,False,613,0.5546492659053833,0.17455138662316477,4
Q02218,OGDH,False,False,False,1023,0.02346041055718475,0.11143695014662756,1
Q02224,CENPE,False,False,False,2701,0.32432432432432434,0.12439837097371344,1
Q02241,KIF23,False,False,False,960,0.3770833333333333,0.12604166666666666,1
Q02297,NRG1,False,False,False,640,0.6953125,0.20625,2
Q02388,COL7A1,False,False,False,2944,0.6742527173913043,0.10122282608695653,1
Q02413,DSG1,False,False,False,1049,0.25071496663489035,0.16682554814108674,2
Q02446,SP4,False,False,False,784,0.46811224489795916,0.21173469387755103,3
Q02447,SP3,False,False,False,781,0.5057618437900128,0.18437900128040974,7
Q02505,MUC3A,True,False,False,3323,0.7267529340956966,0.49593740595847124,21
Q02543,RPL18A,False,False,False,176,0.0625,0.11931818181818182,1
Q02790,FKBP4,False,False,False,459,0.16122004357298475,0.10021786492374728,3
Q02809,PLOD1,False,False,False,727,0.0,0.09353507565337002,2
Q02818,NUCB1,True,False,False,461,0.579175704989154,0.07158351409978309,5
Q02846,GUCY2D,False,False,False,1103,0.05983680870353581,0.10607434270172257,1
Q02880,TOP2B,False,False,False,1626,0.2859778597785978,0.12484624846248463,3
Q02962,PAX2,False,False,False,417,0.5299760191846523,0.1630695443645084,2
Q02978,SLC25A11,False,False,False,314,0.012738853503184714,0.14012738853503184,2
Q03001,DST,False,False,False,7570,0.21003963011889035,0.13857331571994716,8
Q03111,MLLT1,False,False,False,559,0.631484794275492,0.19856887298747763,1
Q03164,KMT2A,True,False,False,3969,0.7079868984630889,0.20030234315948603,23
Q03188,CENPC,False,False,False,943,0.7009544008483564,0.18875927889713678,2
Q03252,LMNB2,False,False,False,620,0.38548387096774195,0.12741935483870967,3
Q03405,PLAUR,False,False,False,335,0.011940298507462687,0.15522388059701492,1
Q03518,TAP1,False,False,False,748,0.054455445544554455,0.13770053475935828,1
Q04206,RELA,False,False,False,551,0.5390199637023594,0.12704174228675136,9
Q04323,UBXN1,False,False,False,297,0.2898089171974522,0.08754208754208755,3
Q04637,EIF4G1,True,False,False,1599,0.5972482801751094,0.1282051282051282,16
Q04656,ATP7A,False,False,False,1500,0.030666666666666665,0.15466666666666667,1
Q04695,KRT17,False,False,False,432,0.07175925925925926,0.14583333333333334,4
Q04721,NOTCH2,False,False,False,2471,0.2055847834884662,0.12788344799676243,7
Q04724,TLE1,False,False,False,770,0.4064935064935065,0.15454545454545454,2
Q04725,TLE2,False,False,False,743,0.2732166890982503,0.1695827725437416,1
Q04726,TLE3,True,False,False,772,0.4028497409326425,0.17098445595854922,11
Q04727,TLE4,True,False,False,773,0.35705045278137126,0.16041397153945666,12
Q04759,PRKCQ,False,False,False,706,0.2898089171974522,0.08498583569405099,1
Q04837,SSBP1,False,False,False,148,0.0,0.13513513513513514,1
Q04864,REL,False,False,False,619,0.38449111470113084,0.1567043618739903,3
Q05086,UBE3A,False,False,False,875,0.10742857142857143,0.10628571428571429,1
Q05193,DNM1,False,False,False,864,0.2199074074074074,0.11458333333333333,1
Q05209,PTPN12,True,False,False,780,0.5897435897435898,0.16153846153846155,6
Q05519,SRSF11,False,False,False,484,0.6756198347107438,0.19008264462809918,5
Q05586,GRIN1,False,False,False,938,0.08742004264392324,0.13539445628997868,1
Q05639,EEF1A2,False,False,False,463,0.11879049676025918,0.11879049676025918,2
Q05682,CALD1,False,False,False,793,0.978562421185372,0.1034047919293821,3
Q05823,RNASEL,False,False,False,741,0.08636977058029689,0.09986504723346828,1
Q06330,RBPJ,False,False,False,500,0.186,0.152,2
Q06413,MEF2C,False,False,False,473,0.7293868921775899,0.20718816067653276,3
Q06416,POU5F1B,False,False,False,359,0.415041782729805,0.10584958217270195,1
Q06546,GABPA,False,False,False,454,0.05286343612334802,0.1211453744493392,4
Q06547,GABPB1,False,False,False,395,0.28354430379746837,0.1518987341772152,1
Q06830,PRDX1,False,False,False,199,0.035175879396984924,0.11055276381909548,1
Q07020,RPL18,True,False,False,188,0.35106382978723405,0.12234042553191489,3
Q07021,C1QBP,False,False,False,282,0.2127659574468085,0.1276595744680851,1
Q07065,CKAP4,False,False,False,602,0.3787375415282392,0.1461794019933555,3
Q07157,TJP1,True,False,False,1748,0.7008009153318078,0.15217391304347827,9
Q07617,SPAG1,False,False,False,926,0.30129589632829373,0.10475161987041037,1
Q07666,KHDRBS1,True,False,False,443,0.7516930022573364,0.10609480812641084,11
Q07889,SOS1,False,False,False,1333,0.2528132033008252,0.12678169542385595,1
Q07890,SOS2,False,False,False,1332,0.21171171171171171,0.11786786786786786,2
Q07912,TNK2,True,False,False,1038,0.45183044315992293,0.11175337186897881,5
Q07954,LRP1,False,False,False,4544,0.023107394366197184,0.125,3
Q08050,FOXM1,False,False,False,763,0.2898089171974522,0.16775884665792923,1
Q08117,TLE5,False,False,False,197,0.22842639593908629,0.1319796954314721,2
Q08170,SRSF4,False,False,False,494,0.7692307692307693,0.25708502024291496,1
Q08209,PPP3CA,False,False,False,521,0.1381957773512476,0.12092130518234165,2
Q08211,DHX9,False,False,False,1270,0.1377952755905512,0.1062992125984252,2
Q08378,GOLGA3,False,False,False,1498,0.5921228304405874,0.1341789052069426,3
Q08379,GOLGA2,False,False,False,1002,0.6287425149700598,0.10678642714570859,1
Q08380,LGALS3BP,False,False,False,585,0.006837606837606838,0.15384615384615385,2
Q08431,MFGE8,False,False,False,387,0.0,0.12144702842377261,1
Q08495,DMTN,False,False,False,405,0.7382716049382716,0.17777777777777778,3
Q08945,SSRP1,False,False,False,709,0.4033850493653032,0.1466854724964739,1
Q08999,RBL2,False,False,False,1139,0.3107989464442493,0.14486391571553994,1
Q08AD1,CAMSAP2,False,False,False,1489,0.5815983881799865,0.15513767629281397,1
Q08AE8,SPIRE1,False,False,False,756,0.39814814814814814,0.14947089947089948,1
Q08AF3,SLFN5,False,False,False,891,0.03254769921436588,0.1111111111111111,1
Q09028,RBBP4,False,False,False,425,0.2,0.14352941176470588,1
Q09472,EP300,False,False,False,2414,0.6685998342999171,0.13173156586578294,7
Q09666,AHNAK,True,False,False,5890,0.7706281833616299,0.07249575551782683,96
Q0D2I5,IFFO1,False,False,False,559,0.2898089171974522,0.1252236135957066,2
Q0IIN9,ZNF252P-AS1,False,False,False,211,0.2898089171974522,0.14218009478672985,2
Q0JRZ9,FCHO2,False,False,False,810,0.32222222222222224,0.18518518518518517,4
Q0P6H9,TMEM62,False,False,False,643,0.04510108864696734,0.1368584758942457,1
Q0VDD8,DNAH14,False,False,False,3507,0.05360707157114343,0.13886512688907898,2
Q0VF49,KIAA2012,False,False,False,1180,0.7169491525423729,0.12203389830508475,1
Q0VG06,FAAP100,False,False,False,881,0.15209988649262202,0.1373439273552781,1
Q10469,MGAT2,False,False,False,447,0.029082774049217,0.1029082774049217,1
Q10471,GALNT2,False,False,False,571,0.12609457092819615,0.09106830122591944,4
Q10472,GALNT1,False,False,False,559,0.06440071556350627,0.1037567084078712,1
Q10570,CPSF1,False,False,False,1443,0.14206514206514206,0.12474012474012475,1
Q10589,BST2,False,False,False,180,0.0,0.1111111111111111,2
Q10713,PMPCA,False,False,False,525,0.0,0.13333333333333333,3
Q11206,ST3GAL4,False,False,False,333,0.0,0.10810810810810811,1
Q12768,WASHC5,False,False,False,1159,0.0,0.11044003451251079,3
Q12769,NUP160,False,False,True,1436,0.2898089171974522,0.12047353760445682,1
Q12772,SREBF2,False,False,False,1141,0.19456617002629273,0.16827344434706398,3
Q12774,ARHGEF5,False,False,False,1597,0.2898089171974522,0.16530995616781466,2
Q12778,FOXO1,True,False,False,655,0.7343511450381679,0.2,5
Q12789,GTF3C1,False,False,False,2109,0.24039829302987198,0.12849691797060217,3
Q12791,KCNMA1,False,False,False,1236,0.12702265372168284,0.15210355987055016,1
Q12797,ASPH,False,False,False,758,0.3786279683377309,0.11081794195250659,2
Q12815,TROAP,False,False,False,778,0.7326478149100257,0.15938303341902313,5
Q12829,RAB40B,False,False,False,278,0.08273381294964029,0.14388489208633093,1
Q12830,BPTF,True,False,False,3046,0.6057124097176625,0.18220617202889033,80
Q12841,FSTL1,False,False,False,308,0.11363636363636363,0.11688311688311688,1
Q12857,NFIA,True,False,False,509,0.5658153241650294,0.18860510805500982,27
Q12860,CNTN1,False,False,False,1018,0.09430255402750491,0.13064833005893908,1
Q12872,SFSWAP,False,False,False,951,0.6719242902208202,0.1608832807570978,1
Q12874,SF3A3,False,False,False,501,0.2898089171974522,0.09780439121756487,1
Q12882,DPYD,False,False,False,1025,0.014634146341463415,0.13463414634146342,4
Q12888,TP53BP1,True,False,False,1972,0.7946247464503042,0.1881338742393509,6
Q12901,ZNF155,False,False,False,538,0.08736059479553904,0.12639405204460966,2
Q12904,AIMP1,False,False,False,312,0.266025641025641,0.10256410256410256,1
Q12906,ILF3,False,False,False,894,0.6420581655480985,0.12527964205816555,3
Q12931,TRAP1,False,False,False,704,0.06676136363636363,0.12357954545454546,2
Q12934,BFSP1,False,False,False,665,0.512781954887218,0.12030075187969924,1
Q12948,FOXC1,True,False,False,553,0.5605786618444847,0.15732368896925858,6
Q12955,ANK3,True,False,False,4377,0.5236463331048663,0.18551519305460362,24
Q12962,TAF10,False,False,False,218,0.47706422018348627,0.16055045871559634,1
Q12967,RALGDS,False,False,False,914,0.2833698030634573,0.15973741794310722,1
Q12968,NFATC3,False,False,False,1075,0.5227906976744187,0.1972093023255814,2
Q13011,ECH1,False,False,False,328,0.012195121951219513,0.13414634146341464,1
Q13029,PRDM2,False,False,False,1718,0.6431897555296857,0.1769499417927823,2
Q13043,STK4,False,False,False,487,0.34496919917864477,0.11498973305954825,1
Q13133,NR1H3,False,False,False,447,0.2662192393736018,0.11185682326621924,1
Q13148,TARDBP,False,False,False,414,0.30917874396135264,0.13526570048309178,2
Q13151,HNRNPA0,False,False,False,305,0.3114754098360656,0.12131147540983607,2
Q13156,RPA4,False,False,False,261,0.2898089171974522,0.13026819923371646,1
Q13206,DDX10,False,False,False,875,0.3977142857142857,0.10514285714285715,3
Q13207,TBX2,False,False,False,712,0.44662921348314605,0.12219101123595505,2
Q13227,GPS2,False,False,False,327,0.9051987767584098,0.11926605504587157,2
Q13233,MAP3K1,False,False,False,1512,0.4398148148148148,0.17394179894179895,4
Q13243,SRSF5,True,False,False,272,0.6029411764705882,0.19852941176470587,3
Q13247,SRSF6,False,False,False,344,0.688953488372093,0.23546511627906977,3
Q13263,TRIM28,False,False,False,835,0.3712574850299401,0.14011976047904193,2
Q13283,G3BP1,False,False,False,466,0.5987124463519313,0.08798283261802575,6
Q13287,NMI,False,False,False,307,0.13029315960912052,0.1237785016286645,1
Q13303,KCNAB2,False,False,False,367,0.04904632152588556,0.1362397820163488,2
Q13309,SKP2,False,False,False,424,0.10613207547169812,0.16037735849056603,1
Q13310,PABPC4,False,False,False,644,0.265527950310559,0.10093167701863354,5
Q13315,ATM,False,False,False,3056,0.02519633507853403,0.12827225130890052,6
Q13319,CDK5R2,False,False,False,367,0.5177111716621253,0.10899182561307902,2
Q13322,GRB10,False,False,False,594,0.2474747474747475,0.13468013468013468,1
Q13325,IFIT5,False,False,False,482,0.0,0.0995850622406639,1
Q13330,MTA1,True,False,False,715,0.3146853146853147,0.1258741258741259,4
Q13370,PDE3B,False,False,False,1112,0.2356115107913669,0.13309352517985612,2
Q13416,ORC2,False,False,False,577,0.30329289428076256,0.15077989601386482,3
Q13422,IKZF1,False,False,False,519,0.43159922928709055,0.14836223506743737,2
Q13425,SNTB2,False,False,False,540,0.15925925925925927,0.13333333333333333,1
Q13427,PPIG,False,False,False,754,0.8050397877984085,0.1830238726790451,3
Q13428,TCOF1,False,False,False,1488,0.9630376344086021,0.20295698924731181,9
Q13438,OS9,False,False,False,667,0.5427286356821589,0.09295352323838081,1
Q13443,ADAM9,True,False,False,819,0.09768009768009768,0.10744810744810745,5
Q13449,LSAMP,False,False,False,338,0.07988165680473373,0.16272189349112426,1
Q13459,MYO9B,False,False,False,2157,0.325452016689847,0.12331942512749189,1
Q13469,NFATC2,False,False,False,925,0.5545945945945946,0.15135135135135136,3
Q13474,DRP2,True,False,False,957,0.23824451410658307,0.14420062695924765,4
Q13477,MADCAM1,False,False,False,382,0.5235602094240838,0.17539267015706805,2
Q13480,GAB1,False,False,False,694,0.7838616714697406,0.19452449567723343,2
Q13485,SMAD4,True,False,False,552,0.2826086956521739,0.13949275362318841,5
Q13490,BIRC2,False,False,False,618,0.07928802588996764,0.15372168284789645,2
Q13492,PICALM,True,False,False,652,0.27300613496932513,0.18558282208588958,27
Q13495,MAMLD1,True,False,False,774,0.810077519379845,0.20284237726098192,12
Q13501,SQSTM1,False,False,False,440,0.49772727272727274,0.1431818181818182,1
Q13506,NAB1,False,False,False,487,0.3264887063655031,0.13963039014373715,3
Q13509,TUBB3,False,False,False,450,0.08666666666666667,0.13111111111111112,1
Q13523,PRP4K,False,False,False,1007,0.2898089171974522,0.14796425024826215,3
Q13530,SERINC3,False,False,False,473,0.0613107822410148,0.17970401691331925,1
Q13535,ATR,False,False,False,2644,0.015128593040847202,0.1251891074130106,2
Q13541,EIF4EBP1,False,False,False,118,0.940677966101695,0.2288135593220339,3
Q13546,RIPK1,False,False,False,671,0.3114754098360656,0.12816691505216096,6
Q13547,HDAC1,False,False,False,482,0.23236514522821577,0.0975103734439834,3
Q13554,CAMK2B,True,False,False,666,0.36936936936936937,0.13663663663663664,5
Q13557,CAMK2D,False,False,False,499,0.2898089171974522,0.11623246492985972,3
Q13561,DCTN2,False,False,False,401,0.2898089171974522,0.14214463840399003,2
Q13563,PKD2,False,False,False,968,0.32334710743801653,0.12706611570247933,2
Q13568,IRF5,False,False,False,498,0.2898089171974522,0.09437751004016064,1
Q13573,SNW1,False,False,False,536,0.664179104477612,0.08582089552238806,2
Q13576,IQGAP2,True,False,False,1575,0.07873015873015873,0.10857142857142857,4
Q13586,STIM1,False,False,False,685,0.41021897810218977,0.1386861313868613,4
Q13613,MTMR1,False,False,False,665,0.1293233082706767,0.13233082706766916,3
Q13620,CUL4B,True,False,False,913,0.13581599123767799,0.1456736035049288,5
Q13625,TP53BP2,False,False,False,1128,0.6578014184397163,0.12145390070921985,6
Q13627,DYRK1A,False,False,False,763,0.528178243774574,0.1651376146788991,1
Q13635,PTCH1,False,False,False,1447,0.22114720110573602,0.1299239806496199,1
Q13642,FHL1,False,False,False,323,0.07739938080495357,0.10835913312693499,1
Q13643,FHL3,False,False,False,280,0.0,0.13214285714285715,1
Q13698,CACNA1S,False,False,False,1873,0.14522156967431926,0.10838227442605446,2
Q13724,MOGS,False,False,False,837,0.12066905615292713,0.1063321385902031,1
Q13751,LAMB3,False,False,False,1172,0.11092150170648464,0.11518771331058021,1
Q13761,RUNX3,False,False,False,415,0.653012048192771,0.20240963855421687,2
Q13769,THOC5,False,False,False,683,0.16251830161054173,0.11127379209370425,5
Q13772,NCOA4,False,False,False,614,0.21172638436482086,0.14006514657980457,1
Q13823,GNL2,False,False,False,731,0.43912448700410395,0.12038303693570451,2
Q13873,BMPR2,False,False,False,1038,0.4508670520231214,0.17341040462427745,1
Q13885,TUBB2A,False,False,False,445,0.2898089171974522,0.13258426966292136,6
Q13887,KLF5,False,False,False,457,0.6061269146608315,0.15317286652078774,3
Q13950,RUNX2,False,False,False,521,0.6679462571976967,0.21689059500959693,4
Q13951,CBFB,False,False,False,182,0.18681318681318682,0.08791208791208792,1
Q13952,NFYC,True,False,False,458,0.5960698689956332,0.1615720524017467,6
Q13976,PRKG1,False,False,False,671,0.07153502235469449,0.11475409836065574,1
Q14004,CDK13,True,False,False,1512,0.6818783068783069,0.17328042328042328,10
Q14008,CKAP5,False,False,False,2032,0.234251968503937,0.11909448818897637,3
Q14031,COL4A6,False,False,False,1691,0.8356002365464222,0.0892962743938498,2
Q14106,TOB2,False,False,False,344,0.3168604651162791,0.15406976744186046,1
Q14108,SCARB2,False,False,False,478,0.0,0.12761506276150628,1
Q14114,LRP8,False,False,False,963,0.1277258566978193,0.12668743509865005,4
Q14118,DAG1,False,False,False,895,0.40893854748603353,0.16759776536312848,4
Q14119,VEZF1,True,False,False,521,0.3742802303262956,0.22264875239923224,24
Q14126,DSG2,False,False,False,1118,0.276386404293381,0.16189624329159213,2
Q14134,TRIM29,False,False,False,588,0.358843537414966,0.14795918367346939,4
Q14137,BOP1,False,False,False,746,0.23056300268096513,0.11662198391420911,1
Q14139,UBE4A,False,False,False,1066,0.05722326454033771,0.10975609756097561,1
Q14145,KEAP1,True,False,False,624,0.022435897435897436,0.11378205128205128,10
Q14149,MORC3,False,False,False,939,0.2928647497337593,0.13738019169329074,1
Q14151,SAFB2,False,False,False,953,0.8824763903462749,0.11857292759706191,1
Q14152,EIF3A,False,False,False,1382,0.4312590448625181,0.07742402315484805,5
Q14154,DELE1,False,False,False,515,0.29514563106796116,0.16116504854368932,1
Q14155,ARHGEF7,False,False,False,803,0.24782067247820672,0.1855541718555417,2
Q14157,UBAP2L,True,False,False,1087,0.8859245630174793,0.26034958601655933,91
Q14160,SCRIB,False,False,False,1655,0.5319018404907976,0.11178247734138973,3
Q14161,GIT2,True,False,False,759,0.48484848484848486,0.1725955204216074,5
Q14165,MLEC,False,False,False,292,0.1506849315068493,0.07876712328767123,1
Q14184,DOC2B,False,False,False,412,0.3567961165048544,0.11407766990291263,1
Q14185,DOCK1,False,False,False,1865,0.14316353887399463,0.11474530831099196,2
Q14194,CRMP1,False,False,False,572,0.11188811188811189,0.12762237762237763,1
Q14201,BTG3,False,False,False,252,0.2896825396825397,0.09523809523809523,1
Q14202,ZMYM3,False,False,False,1370,0.3248175182481752,0.14817518248175182,1
Q14203,DCTN1,False,False,False,1278,0.48982785602503914,0.1298904538341158,1
Q14204,DYNC1H1,False,False,False,4646,0.03852776582006027,0.10998708566508825,2
Q14207,NPAT,False,False,False,1427,0.6405045550105115,0.2130343377715487,4
Q14209,E2F2,False,False,False,437,0.4805491990846682,0.15102974828375287,1
Q14232,EIF2B1,False,False,False,305,0.0,0.12131147540983607,1
Q14244,MAP7,False,False,False,749,0.931909212283044,0.14018691588785046,1
Q14247,CTTN,True,False,False,550,0.6072727272727273,0.11454545454545455,11
Q14432,PDE3A,False,False,False,1141,0.33304119193689746,0.1516213847502191,1
Q14444,CAPRIN1,True,False,False,709,0.7757404795486601,0.14809590973201692,18
Q14469,HES1,False,False,False,280,0.6321428571428571,0.15357142857142858,2
Q14511,NEDD9,False,False,False,834,0.4748201438848921,0.1342925659472422,1
Q14517,FAT1,False,False,False,4588,0.11355710549258936,0.1575850043591979,3
Q14524,SCN5A,False,False,False,2016,0.22767857142857142,0.13690476190476192,1
Q14563,SEMA3A,False,False,False,771,0.11543450064850844,0.11802853437094682,1
Q14566,MCM6,False,False,False,821,0.2898089171974522,0.12058465286236297,2
Q14573,ITPR3,False,False,False,2671,0.06664170722575814,0.11681018345189068,1
Q14584,ZNF266,False,False,False,549,0.058287795992714025,0.1766848816029144,2
Q14592,ZNF460,False,False,False,562,0.12811387900355872,0.13523131672597866,1
Q14643,ITPR1,False,False,False,2758,0.2898089171974522,0.11385061638868746,1
Q14651,PLS1,False,False,False,629,0.0397456279809221,0.11287758346581876,1
Q14657,LAGE3,False,False,False,143,0.5384615384615384,0.0979020979020979,1
Q14667,BLTP2,True,False,False,2235,0.2898089171974522,0.13870246085011187,3
Q14671,PUM1,True,False,False,1186,0.40809443507588533,0.13827993254637436,15
Q14676,MDC1,True,False,False,2089,0.8319770224988032,0.1910004786979416,11
Q14677,CLINT1,True,False,False,625,0.5472,0.192,4
Q14678,KANK1,False,False,False,1352,0.41346153846153844,0.16863905325443787,3
Q14679,TTLL4,False,False,False,1199,0.24603836530442036,0.19182652210175147,1
Q14680,MELK,False,False,False,651,0.16589861751152074,0.12442396313364056,1
Q14683,SMC1A,False,False,False,1233,0.38361719383617193,0.08110300081103,3
Q14684,RRP1B,True,False,False,758,0.5804749340369393,0.13852242744063326,9
Q14686,NCOA6,True,False,False,2063,0.896752302472128,0.16965584100824044,25
Q14687,GSE1,False,False,False,1217,0.8348397699260477,0.142974527526705,11
Q14689,DIP2A,False,False,False,1571,0.1890515595162317,0.14831317632081475,2
Q14692,BMS1,False,False,False,1282,0.41887675507020283,0.1029641185647426,1
Q14694,USP10,False,False,False,798,0.36967418546365916,0.16290726817042606,2
Q14697,GANAB,False,False,False,944,0.07627118644067797,0.11440677966101695,1
Q14699,RFTN1,False,False,False,578,0.4359861591695502,0.14013840830449828,1
Q14738,PPP2R5D,False,False,False,602,0.2292358803986711,0.10631229235880399,1
Q14746,COG2,False,False,False,738,0.08672086720867209,0.13821138211382114,1
Q14781,CBX2,False,False,False,532,0.8308270676691729,0.18796992481203006,1
Q14789,GOLGB1,False,False,False,3259,0.2898089171974522,0.12549861920834612,1
Q14807,KIF22,False,False,False,665,0.3037593984962406,0.11278195488721804,1
Q14814,MEF2D,True,False,False,521,0.783109404990403,0.1708253358925144,13
Q14847,LASP1,False,False,False,261,0.6743295019157088,0.10727969348659004,4
Q14865,ARID5B,False,False,False,1188,0.48148148148148145,0.14983164983164984,3
Q14894,CRYM,False,False,False,314,0.0,0.14968152866242038,1
Q14896,MYBPC3,False,False,False,1274,0.19387755102040816,0.11773940345368916,1
Q14938,NFIX,False,False,False,502,0.4123505976095618,0.17330677290836655,2
Q14966,ZNF638,True,False,False,1978,0.6329625884732053,0.16683518705763398,9
Q14974,KPNB1,False,False,False,876,0.03995433789954338,0.1050228310502283,2
Q14978,NOLC1,False,False,False,699,0.9098712446351931,0.2117310443490701,1
Q14980,NUMA1,True,False,False,2115,0.676595744680851,0.12529550827423167,19
Q14993,COL19A1,False,False,False,1142,0.712784588441331,0.07267950963222417,1
Q14995,NR1D2,False,False,False,579,0.2849740932642487,0.153713298791019,2
Q14997,PSME4,False,False,False,1843,0.0341833966359197,0.11882799782962561,1
Q14BN4,SLMAP,False,False,False,828,0.25,0.1316425120772947,1
Q14CM0,FRMPD4,False,False,False,1322,0.41603630862329805,0.16036308623298035,2
Q14CX7,NAA25,False,False,False,972,0.029835390946502057,0.12037037037037036,2
Q14CZ8,HEPACAM,False,False,False,416,0.3485576923076923,0.18269230769230768,2
Q15006,EMC2,False,False,False,297,0.006734006734006734,0.08417508417508418,1
Q15008,PSMD6,False,False,False,389,0.2898089171974522,0.07969151670951156,1
Q15014,MORF4L2,False,False,False,288,0.4166666666666667,0.1076388888888889,1
Q15018,ABRAXAS2,False,False,False,415,0.43132530120481927,0.16626506024096385,1
Q15020,SART3,False,False,False,963,0.31048805815160957,0.09138110072689512,1
Q15021,NCAPD2,False,False,False,1401,0.1684511063526053,0.11848679514632406,3
Q15027,ACAP1,False,False,False,740,0.22837837837837838,0.10945945945945947,2
Q15029,EFTUD2,False,False,False,972,0.09567901234567901,0.11934156378600823,1
Q15032,R3HDM1,False,False,False,1099,0.7142857142857143,0.16833484986351227,2
Q15036,SNX17,False,False,False,470,0.2898089171974522,0.15106382978723404,2
Q15038,DAZAP2,False,False,False,168,0.31547619047619047,0.11904761904761904,2
Q15042,RAB3GAP1,True,False,False,981,0.18246687054026503,0.11722731906218145,3
Q15048,LRRC14,False,False,False,493,0.010141987829614604,0.11764705882352941,1
Q15050,RRS1,False,False,False,365,0.7287671232876712,0.07123287671232877,1
Q15052,ARHGEF6,False,False,False,776,0.13402061855670103,0.15721649484536082,1
Q15054,POLD3,False,False,False,466,0.6630901287553648,0.1609442060085837,2
Q15056,EIF4H,False,False,False,248,0.625,0.11693548387096774,4
Q15058,KIF14,True,False,False,1648,0.2815533980582524,0.15655339805825244,6
Q15061,WDR43,False,False,False,677,0.21418020679468242,0.15066469719350073,1
Q15067,ACOX1,False,False,False,660,0.045454545454545456,0.12424242424242424,3
Q15075,EEA1,False,False,False,1411,0.3982990786676116,0.11906449326718639,3
Q15111,PLCL1,False,False,False,1095,0.13972602739726028,0.1178082191780822,3
Q15118,PDK1,False,False,False,436,0.2898089171974522,0.12385321100917432,2
Q15120,PDK3,False,False,False,406,0.054187192118226604,0.11083743842364532,1
Q15125,EBP,False,False,False,230,0.004347826086956522,0.1,2
Q15149,PLEC,False,False,False,4684,0.2672929120409906,0.10076857386848848,11
Q15154,PCM1,True,False,False,2024,0.6931818181818182,0.1625494071146245,4
Q15155,NOMO1,False,False,False,1222,0.049099836333878884,0.14893617021276595,1
Q15165,PON2,False,False,False,354,0.0,0.10734463276836158,1
Q15223,NECTIN1,False,False,False,517,0.26305609284332687,0.12572533849129594,1
Q15233,NONO,False,False,False,471,0.6624203821656051,0.07218683651804671,3
Q15256,PTPRR,False,False,False,657,0.0091324200913242,0.1248097412480974,1
Q15257,PTPA,False,False,False,358,0.1005586592178771,0.09497206703910614,2
Q15269,PWP2,False,False,False,919,0.06746463547334058,0.14907508161044614,2
Q15287,RNPS1,False,False,False,305,1.0,0.28524590163934427,2
Q15293,RCN1,False,False,False,331,0.229607250755287,0.07854984894259819,2
Q15306,IRF4,False,False,False,451,0.1197339246119734,0.09977827050997783,1
Q15334,LLGL1,False,False,False,1064,0.1325187969924812,0.143796992481203,1
Q15345,LRRC41,False,False,False,812,0.21674876847290642,0.15517241379310345,2
Q15365,PCBP1,False,False,False,356,0.13764044943820225,0.16853932584269662,3
Q15386,UBE3C,False,False,False,1083,0.03693444136657433,0.1265004616805171,1
Q15390,MTFR1,False,False,False,333,0.5435435435435435,0.12912912912912913,1
Q15393,SF3B3,False,False,False,1217,0.056696795398520954,0.11914543960558752,1
Q15397,PUM3,False,False,False,648,0.21450617283950618,0.11574074074074074,2
Q15398,DLGAP5,False,False,False,846,0.5602836879432624,0.1524822695035461,2
Q15413,RYR3,False,False,False,4870,0.07002053388090348,0.11498973305954825,3
Q15415,RBMY1F,False,False,False,496,0.8165322580645161,0.1814516129032258,1
Q15418,RPS6KA1,False,False,False,735,0.10068027210884353,0.12108843537414966,4
Q15428,SF3A2,False,False,False,464,0.7392241379310345,0.07112068965517242,2
Q15431,SYCP1,False,False,False,976,0.2898089171974522,0.13012295081967212,2
Q15434,RBMS2,False,False,False,407,0.36363636363636365,0.1891891891891892,3
Q15436,SEC23A,False,False,False,765,0.044444444444444446,0.12941176470588237,6
Q15437,SEC23B,True,False,False,767,0.048239895697522815,0.11864406779661017,8
Q15459,SF3A1,True,False,False,793,0.6809583858764187,0.09457755359394704,5
Q15475,SIX1,False,False,False,284,0.4964788732394366,0.14084507042253522,1
Q15528,MED22,False,False,False,200,0.31,0.135,2
Q15532,SS18,False,False,False,418,0.9808612440191388,0.08851674641148326,2
Q15542,TAF5,False,False,False,800,0.31375,0.13875,1
Q15545,TAF7,False,False,False,349,0.5186246418338109,0.1174785100286533,2
Q15561,TEAD4,False,False,False,434,0.2557603686635945,0.1497695852534562,4
Q15572,TAF1C,False,False,False,869,0.28308400460299193,0.13118527042577677,3
Q15596,NCOA2,False,False,False,1464,0.8210382513661202,0.1646174863387978,1
Q15637,SF1,True,False,False,639,0.9061032863849765,0.12206572769953052,9
Q15643,TRIP11,False,False,False,1979,0.3461344113188479,0.12683173319858515,1
Q15645,TRIP13,False,False,False,432,0.032407407407407406,0.13425925925925927,2
Q15648,MED1,True,False,False,1581,0.6590765338393422,0.23782416192283365,18
Q15652,JMJD1C,True,False,False,2540,0.5169291338582677,0.16968503937007873,46
Q15654,TRIP6,True,False,False,476,0.5588235294117647,0.09873949579831932,3
Q15672,TWIST1,False,False,False,202,0.6089108910891089,0.16831683168316833,1
Q15691,MAPRE1,True,False,False,268,0.23880597014925373,0.07835820895522388,5
Q15696,ZRSR2,False,False,False,482,0.5663900414937759,0.12448132780082988,1
Q15714,TSC22D1,False,False,False,1073,0.7735321528424977,0.21994408201304752,3
Q15717,ELAVL1,False,False,False,326,0.06748466257668712,0.13496932515337423,1
Q15723,ELF2,True,False,False,593,0.4671163575042159,0.1905564924114671,23
Q15735,INPP5J,False,False,False,1006,0.5964214711729622,0.17594433399602386,1
Q15742,NAB2,False,False,False,525,0.5580952380952381,0.12380952380952381,1
Q15750,TAB1,True,False,False,504,0.3055555555555556,0.15873015873015872,9
Q15751,HERC1,False,False,False,4861,0.1653980662415141,0.1512034560789961,3
Q15788,NCOA1,True,False,False,1441,0.7057598889659958,0.17973629424011103,4
Q15814,TBCC,False,False,False,346,0.14450867052023122,0.12716763005780346,1
Q15833,STXBP2,False,False,False,593,0.04384485666104553,0.12478920741989882,1
Q15904,ATP6AP1,False,False,False,470,0.0,0.15319148936170213,1
Q15907,RAB11B,False,False,False,218,0.14220183486238533,0.13302752293577982,1
Q15910,EZH2,False,False,False,746,0.30831099195710454,0.1126005361930295,6
Q15911,ZFHX3,False,False,False,3703,0.5409127734269511,0.15798001620307858,6
Q15942,ZYX,True,False,False,572,0.6416083916083916,0.11363636363636363,16
Q16143,SNCB,False,False,False,134,0.7014925373134329,0.09701492537313433,2
Q16181,SEPTIN7,False,False,False,437,0.2517162471395881,0.09153318077803203,2
Q16186,ADRM1,True,False,False,407,0.4963144963144963,0.1769041769041769,11
Q16204,CCDC6,True,False,False,474,0.6181434599156118,0.16244725738396623,7
Q16222,UAP1,False,False,False,522,0.09195402298850575,0.08237547892720307,1
Q16352,INA,False,False,False,499,0.20240480961923848,0.156312625250501,4
Q16363,LAMA4,False,False,False,1823,0.12342292923752057,0.13658804168952277,1
Q16512,PKN1,False,False,False,942,0.2898089171974522,0.1305732484076433,1
Q16514,TAF12,False,False,False,161,0.453416149068323,0.13664596273291926,2
Q16531,DDB1,False,False,False,1140,0.007894736842105263,0.13596491228070176,2
Q16543,CDC37,False,False,False,378,0.2751322751322751,0.07936507936507936,1
Q16555,DPYSL2,True,False,False,572,0.13111888111888112,0.14335664335664336,6
Q16563,SYPL1,False,False,False,259,0.06177606177606178,0.14285714285714285,1
Q16566,CAMK4,False,False,False,473,0.19027484143763213,0.10570824524312897,3
Q16594,TAF9,True,False,False,264,0.5303030303030303,0.20075757575757575,13
Q16620,NTRK2,False,False,False,822,0.057177615571776155,0.12773722627737227,1
Q16621,NFE2,False,False,False,373,0.2898089171974522,0.13672922252010725,1
Q16623,STX1A,False,False,False,288,0.3263888888888889,0.1423611111111111,1
Q16629,SRSF7,False,False,False,238,0.5966386554621849,0.2184873949579832,5
Q16643,DBN1,False,False,False,649,0.7411402157164869,0.12018489984591679,3
Q16650,TBR1,False,False,False,682,0.4046920821114369,0.1627565982404692,1
Q16656,NRF1,False,False,False,503,0.2504970178926441,0.16699801192842942,1
Q16666,IFI16,False,False,False,785,0.4012738853503185,0.16687898089171974,2
Q16676,FOXD1,False,False,False,465,0.2898089171974522,0.1053763440860215,2
Q16760,DGKD,False,False,False,1214,0.23146622734761121,0.14332784184514002,3
Q16787,LAMA3,False,False,False,3333,0.093009300930093,0.13081308130813082,1
Q16799,RTN1,False,False,False,776,0.7061855670103093,0.15979381443298968,1
Q16822,PCK2,False,False,False,640,0.0859375,0.1046875,1
Q16875,PFKFB3,False,False,False,520,0.14807692307692308,0.12307692307692308,1
Q16880,UGT8,False,False,False,541,0.0166358595194085,0.09981515711645102,2
Q17R98,ZNF827,False,False,False,1081,0.5272895467160037,0.1887141535615171,1
Q17RB8,LONRF1,False,False,False,773,0.111254851228978,0.09831824062095731,1
Q17RS7,GEN1,True,False,False,908,0.15638766519823788,0.14977973568281938,5
Q17RY0,CPEB4,False,False,False,729,0.2898089171974522,0.13854595336076816,1
Q17RY6,LY6K,False,False,False,165,0.2898089171974522,0.08484848484848485,1
Q18PE1,DOK7,False,False,False,504,0.4444444444444444,0.17063492063492064,2
Q1KMD3,HNRNPUL2,False,False,False,747,0.41767068273092367,0.08032128514056225,2
Q27J81,INF2,False,False,False,1249,0.45076060848678945,0.1257005604483587,1
Q29980,MICB,False,False,False,383,0.1801566579634465,0.1566579634464752,1
Q29RF7,PDS5A,False,False,False,1337,0.17427075542258788,0.11069558713537771,4
Q2KHR2,RFX7,False,False,False,1460,0.7285399853264857,0.21575342465753425,3
Q2KHR3,QSER1,True,False,False,1735,0.5654178674351585,0.22478386167146974,52
Q2LD37,BLTP1,False,False,False,5005,0.32647352647352645,0.1836163836163836,2
Q2M2I8,AAK1,True,False,False,961,0.5691987513007284,0.14776274713839752,6
Q2NL68,PROSER3,True,False,False,480,0.8708333333333333,0.19791666666666666,3
Q2PPJ7,RALGAPA2,False,False,False,1873,0.15429791777896423,0.14575547250400428,1
Q2T9K0,TMEM44,False,False,False,475,0.2463157894736842,0.15368421052631578,2
Q2TAA8,TSNAXIP1,False,False,False,658,0.11702127659574468,0.1033434650455927,1
Q2TAC2,CCDC57,False,False,False,915,0.49508196721311476,0.10273224043715846,1
Q2TAL8,QRICH1,True,False,False,776,0.31958762886597936,0.14175257731958762,6
Q2TB10,ZNF800,False,False,False,664,0.48042168674698793,0.16566265060240964,1
Q2V2M9,FHOD3,False,False,False,1422,0.5084388185654009,0.1441631504922644,2
Q2VPJ9,LRRC75B,False,False,False,315,0.2898089171974522,0.14285714285714285,1
Q2WGJ6,KLHL38,False,False,False,581,0.0,0.13080895008605853,2
Q2WGJ9,FER1L6,False,False,False,1857,0.193322563274098,0.11362412493268713,1
Q2Y0W8,SLC4A8,False,False,False,1093,0.17108874656907594,0.11893870082342177,3
Q32M84,BTBD16,False,False,False,506,0.0,0.12648221343873517,1
Q32MZ4,LRRFIP1,False,False,False,808,0.8997524752475248,0.1547029702970297,1
Q32P28,P3H1,False,False,False,736,0.125,0.10869565217391304,1
Q32P44,EML3,False,False,False,896,0.3091517857142857,0.15401785714285715,1
Q3KP66,INAVA,False,False,False,663,0.6742081447963801,0.14479638009049775,1
Q3KQU3,MAP7D1,False,False,False,841,0.8989298454221165,0.14982164090368608,3
Q3L8U1,CHD9,False,False,False,2897,0.42940973420780115,0.15602347255781843,2
Q3LI81,KRTAP27-1,False,False,False,207,0.2898089171974522,0.2463768115942029,2
Q3MII6,TBC1D25,False,False,False,688,0.2761627906976744,0.12063953488372094,1
Q3MIN7,RGL3,False,False,False,710,0.4535211267605634,0.14929577464788732,1
Q3MJ13,WDR72,False,False,False,1102,0.05172413793103448,0.14791288566243194,1
Q3SXY7,LRIT3,False,False,False,679,0.10603829160530191,0.21796759941089838,1
Q3SYG4,BBS9,False,False,False,887,0.07102593010146561,0.14317925591882752,2
Q3V6T2,CCDC88A,False,False,False,1871,0.47247461250668094,0.15232495991448422,2
Q3YBR2,TBRG1,False,False,False,411,0.21897810218978103,0.12165450121654502,3
Q3YEC7,RABL6,False,False,False,729,0.6886145404663924,0.12482853223593965,1
Q460N5,PARP14,False,False,False,1801,0.06607440310938367,0.1249305941143809,1
Q494V2,CFAP100,False,False,False,611,0.4713584288052373,0.14402618657937807,1
Q495C1,RNF212,False,False,False,297,0.2898089171974522,0.16498316498316498,1
Q49AA0,ZFP69,False,False,False,526,0.17870722433460076,0.15019011406844107,3
Q4AC94,C2CD3,False,False,False,2353,0.34594135146621335,0.18019549511262217,1
Q4FZB7,KMT5B,False,False,False,885,0.6067796610169491,0.16271186440677965,1
Q4G0P3,HYDIN,False,False,False,5121,0.1200937316930287,0.13141964460066394,2
Q4G176,ACSF3,False,False,False,576,0.029513888888888888,0.125,1
Q4KMP7,TBC1D10B,True,False,False,808,0.5804455445544554,0.1373762376237624,7
Q4KMQ1,TPRN,False,False,False,711,0.8312236286919831,0.12376933895921238,1
Q4KWH8,PLCH1,False,False,False,1693,0.2669816893089191,0.15829887773183698,3
Q4L180,FILIP1L,False,False,False,1135,0.5048458149779735,0.14625550660792952,3
Q4LDE5,SVEP1,True,False,False,3571,0.009801176141136937,0.14869784374124895,5
Q4V328,GRIPAP1,False,False,False,841,0.5410225921521997,0.10939357907253269,1
Q4V348,ZNF658B,False,False,False,819,0.05616605616605617,0.15262515262515264,1
Q4VCS5,AMOT,False,False,False,1084,0.7038745387453874,0.13837638376383765,6
Q4VX76,SYTL3,False,False,False,610,0.16393442622950818,0.14590163934426228,1
Q4ZG55,GREB1,False,False,False,1949,0.13853258081067213,0.1482811698306824,3
Q52LR7,EPC2,False,False,False,807,0.48079306071871125,0.15985130111524162,2
Q52M58,LINC02914,False,False,False,125,0.2898089171974522,0.192,1
Q52M93,ZNF585B,False,False,False,769,0.05851755526657997,0.15474642392717816,2
Q538Z0,LUZP6,False,False,False,58,0.017241379310344827,0.27586206896551724,1
Q53ET0,CRTC2,True,False,False,693,0.8484848484848485,0.2077922077922078,8
Q53G44,IFI44L,False,False,False,452,0.2898089171974522,0.1261061946902655,1
Q53GS9,USP39,False,False,False,565,0.16106194690265488,0.11858407079646018,1
Q53H47,SETMAR,False,False,False,684,0.05555555555555555,0.10380116959064327,2
Q53H54,TYW2,False,False,False,448,0.2898089171974522,0.09598214285714286,1
Q562R1,ACTBL2,False,False,False,376,0.2898089171974522,0.12234042553191489,1
Q58A45,PAN3,False,False,False,887,0.2638105975197294,0.1488162344983089,3
Q58FF7,HSP90AB3P,False,False,False,597,0.23283082077051925,0.11557788944723618,1
Q58FG1,HSP90AA4P,False,False,False,418,0.32057416267942584,0.145933014354067,2
Q5BJF6,ODF2,False,False,False,829,0.44752714113389624,0.12303980699638119,1
Q5BJH7,YIF1B,True,False,False,314,0.14012738853503184,0.09554140127388536,5
Q5BKT4,ALG10,False,False,False,473,0.0,0.12050739957716702,1
Q5BKZ1,ZNF326,False,False,False,582,0.7027491408934707,0.12886597938144329,2
Q5C9Z4,NOM1,False,False,False,860,0.4127906976744186,0.12093023255813953,2
Q5CZC0,FSIP2,False,False,False,6907,0.15954828434921095,0.17301288547850008,7
Q5DX21,IGSF11,False,False,False,431,0.16241299303944315,0.18793503480278423,2
Q5EBL2,ZNF628,False,False,False,1059,0.5250236071765817,0.13314447592067988,1
Q5FWF5,ESCO1,False,False,False,840,0.5928571428571429,0.1761904761904762,4
Q5FWF6,ZNF789,False,False,False,425,0.06588235294117648,0.11294117647058824,1
Q5H9E4,SLC25A53,False,False,False,307,0.2898089171974522,0.14006514657980457,1
Q5H9F3,BCORL1,True,False,False,1785,0.6370543541788428,0.18095238095238095,19
Q5H9R4,ARMCX4,False,False,False,2290,0.7174672489082969,0.1554585152838428,1
Q5H9U9,DDX60L,False,False,False,1706,0.029308323563892145,0.11254396248534584,1
Q5HY92,FIGN,False,False,False,759,0.4505928853754941,0.1963109354413702,1
Q5HYC2,BRD10,False,False,False,2103,0.2898089171974522,0.19495958155016643,12
Q5HYK7,SH3D19,False,False,False,790,0.5860759493670886,0.13544303797468354,2
Q5JPB2,ZNF831,False,False,False,1677,0.8455575432319619,0.16457960644007155,3
Q5JPE7,NOMO2,False,False,False,1267,0.041831097079715863,0.14917127071823205,1
Q5JPF3,ANKRD36C,False,False,False,1778,0.48087739032620924,0.15916760404949382,2
Q5JR59,MTUS2,False,False,False,1369,0.7311906501095691,0.16508400292184075,2
Q5JRA6,MIA3,False,False,False,1907,0.6890403775563713,0.12847404299947562,4
Q5JRC9,FAM47A,False,False,False,791,0.5802781289506953,0.1504424778761062,1
Q5JRX3,PITRM1,False,False,False,1037,0.08968177434908389,0.1359691417550627,4
Q5JS37,NHLRC3,False,False,False,347,0.0,0.12680115273775217,1
Q5JSL3,DOCK11,False,False,False,2073,0.0371442354076218,0.13121080559575493,1
Q5JSZ5,PRRC2B,True,False,False,2229,0.8905338716913415,0.15522655899506504,9
Q5JTH9,RRP12,False,False,False,1297,0.23438704703161142,0.12798766383962992,2
Q5JTV8,TOR1AIP1,False,False,False,583,0.5763293310463122,0.17667238421955403,4
Q5JTW2,CEP78,False,False,False,689,0.2931785195936139,0.14658925979680695,2
Q5JWR5,DOP1A,False,False,False,2465,0.13955375253549696,0.16064908722109533,2
Q5K651,SAMD9,False,False,False,1589,0.06607929515418502,0.11768407803650094,1
Q5KSL6,DGKK,False,False,False,1271,0.2179386309992132,0.13296616837136113,1
Q5M775,SPECC1,False,False,False,1068,0.648876404494382,0.18071161048689138,1
Q5MIZ7,PPP4R3B,False,False,False,849,0.21201413427561838,0.13898704358068315,1
Q5MNV8,FBXO47,False,False,False,452,0.0,0.13274336283185842,1
Q5QJ38,TCHHL1,False,False,False,904,0.8418141592920354,0.16150442477876106,2
Q5QP82,DCAF10,False,False,False,559,0.3041144901610018,0.18962432915921287,2
Q5R372,RABGAP1L,False,False,False,815,0.2898089171974522,0.13865030674846626,1
Q5S007,LRRK2,False,False,False,2527,0.00554016620498615,0.11911357340720222,1
Q5SQN1,SNAP47,False,False,False,464,0.2025862068965517,0.15732758620689655,1
Q5SRE5,NUP188,False,False,True,1749,0.0577472841623785,0.14351057747284163,2
Q5SRN2,TSBP1,False,False,False,563,0.7175843694493783,0.15985790408525755,1
Q5SSJ5,HP1BP3,False,False,False,553,0.6094032549728752,0.15370705244122965,4
Q5SVS4,SLC25A30,False,False,False,291,0.0,0.12714776632302405,1
Q5SW79,CEP170,True,False,False,1584,0.8150252525252525,0.21401515151515152,8
Q5T0B9,ZNF362,True,False,False,420,0.530952380952381,0.1976190476190476,10
Q5T0F9,CC2D1B,False,False,False,858,0.6421911421911422,0.08974358974358974,1
Q5T0W9,FAM83B,False,False,False,1011,0.5707220573689417,0.18001978239366964,1
Q5T160,RARS2,False,False,False,578,0.0034602076124567475,0.11764705882352941,1
Q5T1A1,DCST2,False,False,False,773,0.1448900388098318,0.12419146183699871,1
Q5T1J5,CHCHD2P9,False,False,False,151,0.2898089171974522,0.11258278145695365,1
Q5T1M5,FKBP15,False,False,False,1219,0.593929450369155,0.15258408531583265,3
Q5T1N1,AKNAD1,False,False,False,836,0.5777511961722488,0.17464114832535885,1
Q5T1R4,HIVEP3,False,False,False,2406,0.8300083125519534,0.19825436408977556,19
Q5T200,ZC3H13,False,False,False,1668,0.8189448441247003,0.16666666666666666,4
Q5T2S8,ODAD2,False,False,False,1044,0.1053639846743295,0.11398467432950192,1
Q5T3F8,TMEM63B,True,False,False,832,0.08173076923076923,0.12259615384615384,3
Q5T3J3,LRIF1,False,False,False,769,0.3966189856957087,0.20546163849154747,9
Q5T442,GJC2,False,False,False,439,0.44646924829157175,0.10022779043280182,1
Q5T481,RBM20,False,False,False,1227,0.7017114914425427,0.14099429502852487,2
Q5T4S7,UBR4,False,False,False,5183,0.12733937873818252,0.15473663901215512,4
Q5T5D7,ZNF684,False,False,False,378,0.06084656084656084,0.13756613756613756,1
Q5T5J6,SWT1,True,False,False,900,0.26222222222222225,0.16666666666666666,6
Q5T5P2,KIAA1217,False,False,False,1943,0.7972207925887802,0.18270715388574368,4
Q5T5U3,ARHGAP21,False,False,False,1958,0.6685393258426966,0.20888661899897856,2
Q5T655,CFAP58,False,False,False,872,0.2098623853211009,0.0768348623853211,1
Q5T6F2,UBAP2,True,False,False,1119,0.7658623771224308,0.24307417336907952,69
Q5T7N2,L1TD1,False,False,False,865,0.4277456647398844,0.15606936416184972,1
Q5T7P6,TMEM78,False,False,False,136,0.2898089171974522,0.21323529411764705,1
Q5T890,ERCC6L2,False,False,False,1561,0.3382447149263293,0.16527866752082,1
Q5T8A7,PPP1R26,False,False,False,1209,0.8742762613730356,0.1662531017369727,3
Q5T8P6,RBM26,True,False,False,1007,0.631578947368421,0.1499503475670308,12
Q5TAP6,UTP14C,False,False,False,766,0.2898089171974522,0.11357702349869452,2
Q5TB30,DEPDC1,False,False,False,811,0.07151664611590629,0.13316892725030827,4
Q5TBA9,FRY,False,False,False,3013,0.2898089171974522,0.1523398606040491,1
Q5TC79,ZBTB37,False,False,False,503,0.5029821073558648,0.15904572564612326,1
Q5TC84,OGFRL1,False,False,False,451,0.5254988913525499,0.13303769401330376,1
Q5TCS8,AK9,False,False,False,1911,0.19309262166405022,0.08948194662480377,2
Q5TCY1,TTBK1,False,False,False,1321,0.7464042392127176,0.1453444360333081,2
Q5TEZ5,C6orf163,False,False,False,329,0.303951367781155,0.07598784194528875,2
Q5TGY3,AHDC1,False,False,False,1603,0.743605739238927,0.15283842794759825,11
Q5THJ4,VPS13D,False,False,False,4388,0.10756608933454877,0.1453965360072926,3
Q5TIA1,MEI1,False,False,False,1274,0.02433281004709576,0.14521193092621665,1
Q5TYX0,PRAMEF5,False,False,False,476,0.0,0.10714285714285714,1
Q5TZA2,CROCC,False,False,False,2017,0.4933068914229053,0.10808130887456618,2
Q5U5X8,FAM222A,False,False,False,452,0.30973451327433627,0.14380530973451328,1
Q5UIP0,RIF1,False,False,False,2472,0.46480582524271846,0.1808252427184466,6
Q5VST9,OBSCN,False,False,False,7968,0.17482429718875503,0.13842871485943775,6
Q5VSY0,GKAP1,False,False,False,366,0.2898089171974522,0.13934426229508196,2
Q5VT06,CEP350,False,False,False,3117,0.6243182547321142,0.18158485723452036,5
Q5VT25,CDC42BPA,False,False,False,1732,0.2476905311778291,0.1351039260969977,1
Q5VT52,RPRD2,True,False,False,1461,0.7754962354551677,0.22518822724161533,67
Q5VT97,SYDE2,False,False,False,1194,0.4036850921273032,0.1490787269681742,2
Q5VTB9,RNF220,False,False,False,566,0.46113074204946997,0.15371024734982333,1
Q5VTE0,EEF1A1P5,False,False,False,462,0.2898089171974522,0.11038961038961038,4
Q5VTE6,ANGEL2,False,False,False,544,0.2898089171974522,0.13051470588235295,1
Q5VTR2,RNF20,False,False,False,975,0.41846153846153844,0.10358974358974359,2
Q5VU43,PDE4DIP,False,False,False,2346,0.39727195225916456,0.14919011082693948,1
Q5VU65,NUP210L,False,False,False,1888,0.2898089171974522,0.13983050847457626,2
Q5VUA4,ZNF318,True,False,False,2279,0.7222465993856955,0.1755155770074594,18
Q5VUB5,FAM171A1,False,False,False,890,0.4640449438202247,0.16853932584269662,1
Q5VUR7,ANKRD20A3P,False,False,False,823,0.2898089171974522,0.11543134872417983,2
Q5VV42,CDKAL1,False,False,False,579,0.09844559585492228,0.11398963730569948,1
Q5VVC0,SPO16,False,False,False,180,0.0,0.17222222222222222,1
Q5VWJ9,SNX30,False,False,False,437,0.16475972540045766,0.12128146453089245,1
Q5VWN6,TASOR2,True,False,False,2430,0.408641975308642,0.17366255144032922,16
Q5VWX1,KHDRBS2,False,False,False,349,0.6160458452722063,0.10888252148997135,1
Q5VYK3,ECPAS,True,False,False,1845,0.056368563685636856,0.13821138211382114,5
Q5VZ18,SHE,False,False,False,495,0.2898089171974522,0.15353535353535352,1
Q5VZ89,DENND4C,False,False,False,1909,0.2179151388161341,0.17077003666841278,1
Q5VZE5,NAA35,False,False,False,725,0.07724137931034483,0.10206896551724139,2
Q5VZL5,ZMYM4,False,False,False,1548,0.3268733850129199,0.16149870801033592,3
Q5XG87,TENT4A,False,False,False,792,0.5103626943005182,0.16792929292929293,1
Q5XPI4,RNF123,False,False,False,1314,0.09969558599695585,0.1232876712328767,6
Q5XX13,FBXW10,False,False,False,1052,0.09315589353612168,0.13307984790874525,1
Q63HK3,ZKSCAN2,False,False,False,967,0.2854188210961737,0.1282316442605998,1
Q63HK5,TSHZ3,False,False,False,1081,0.5901942645698427,0.2072155411655874,4
Q63HN8,RNF213,False,False,False,5207,0.08277318993662378,0.12137507201843672,3
Q63HR2,TNS2,False,False,False,1409,0.44002838892831797,0.1554293825408091,4
Q63ZY3,KANK2,False,False,False,851,0.5428907168037603,0.15393654524089306,2
Q64LD2,WDR25,False,False,False,544,0.2898089171974522,0.17830882352941177,2
Q659A1,ICE2,False,False,False,982,0.3054989816700611,0.17209775967413443,2
Q66GS9,CEP135,False,False,False,1140,0.25701754385964914,0.12543859649122807,3
Q66K14,TBC1D9B,False,False,False,1250,0.1744,0.1336,2
Q66K41,ZNF385C,False,False,False,422,0.2898089171974522,0.14691943127962084,1
Q66K74,MAP1S,False,False,False,1059,0.45797922568460814,0.1529745042492918,3
Q674X7,KAZN,False,False,False,775,0.5187096774193548,0.12516129032258064,2
Q68BL7,OLFML2A,False,False,False,652,0.2898089171974522,0.147239263803681,1
Q68CP9,ARID2,True,False,False,1835,0.4986376021798365,0.16839237057220707,20
Q68CR1,SEL1L3,False,False,False,1132,0.05742049469964664,0.10865724381625441,2
Q68CZ2,TNS3,False,False,False,1445,0.5114186851211072,0.16678200692041523,3
Q68D51,DENND2C,False,False,False,928,0.20581896551724138,0.13577586206896552,1
Q68DE3,USF3,False,False,False,2245,0.7567928730512249,0.21959910913140313,5
Q68DK7,MSL1,False,False,False,614,0.747557003257329,0.13517915309446255,2
Q68DL7,C18orf63,False,False,False,685,0.35766423357664234,0.1562043795620438,2
Q68DN1,SPATA31H1,False,False,False,1984,0.2898089171974522,0.20262096774193547,2
Q68DQ2,CRYBG3,False,False,False,2970,0.3925925925925926,0.16936026936026935,2
Q68EM7,ARHGAP17,False,False,False,881,0.5255391600454029,0.1452894438138479,1
Q68J44,DUSP29,False,False,False,220,0.1590909090909091,0.1,1
Q69YQ0,SPECC1L,False,False,False,1117,0.6624888093106536,0.17905102954341987,2
Q6AI12,ANKRD40,False,False,False,368,0.45108695652173914,0.11684782608695653,4
Q6AI39,BICRAL,True,False,False,1079,0.6200185356811863,0.20296570898980537,9
Q6AZY7,SCARA3,False,False,False,606,0.28052805280528054,0.13366336633663367,2
Q6BDI9,REP15,False,False,False,236,0.2898089171974522,0.11440677966101695,2
Q6DD88,ATL3,False,False,False,541,0.04436229205175601,0.11460258780036968,1
Q6DT37,CDC42BPG,False,False,False,1551,0.39200515796260477,0.11669890393294649,1
Q6EMB2,TTLL5,False,False,False,1281,0.38953942232630756,0.16549570647931303,1
Q6F5E8,CARMIL2,False,False,False,1435,0.41114982578397213,0.13588850174216027,1
Q6FI81,CIAPIN1,False,False,False,312,0.1987179487179487,0.14423076923076922,2
Q6GYQ0,RALGAPA1,False,False,False,2036,0.22642436149312378,0.14882121807465618,2
Q6H8Q1,ABLIM2,False,False,False,611,0.37643207855973815,0.15384615384615385,4
Q6IA69,NADSYN1,False,False,False,706,0.0084985835694051,0.12606232294617564,1
Q6ICG6,KIAA0930,False,False,False,404,0.28217821782178215,0.14108910891089108,1
Q6ICL3,TANGO2,False,False,False,276,0.2898089171974522,0.12318840579710146,1
Q6IE81,JADE1,False,False,False,842,0.3479809976247031,0.1330166270783848,1
Q6IMN6,CAPRIN2,False,False,False,1127,0.5874001774622892,0.17834960070984915,2
Q6IPM2,IQCE,False,False,False,695,0.2898089171974522,0.15827338129496402,1
Q6IQ16,SPOPL,False,False,False,392,0.03316326530612245,0.125,1
Q6IQ23,PLEKHA7,False,False,False,1121,0.6761819803746655,0.1471900089206066,1
Q6IQ49,SDE2,False,False,False,451,0.5254988913525499,0.11751662971175167,1
Q6IS14,EIF5AL1,False,False,False,154,0.032467532467532464,0.09740259740259741,1
Q6ISB3,GRHL2,False,False,False,625,0.2528,0.1488,2
Q6IWH7,ANO7,False,False,False,933,0.2898089171974522,0.10503751339764202,1
Q6JBY9,RCSD1,False,False,False,416,1.0,0.1466346153846154,1
Q6KC79,NIPBL,True,False,False,2804,0.45684736091298145,0.15977175463623394,15
Q6MZP7,LIN54,True,False,False,749,0.32309746328437916,0.19759679572763686,41
Q6MZW2,FSTL4,False,False,False,842,0.07125890736342043,0.1377672209026128,1
Q6N021,TET2,True,False,False,2002,0.6773226773226774,0.16133866133866134,9
Q6N022,TENM4,False,False,False,2769,0.1068977970386421,0.15131816540267246,1
Q6N043,ZNF280D,True,False,False,979,0.5137895812053116,0.20020429009193055,5
Q6N069,NAA16,False,False,False,864,0.05092592592592592,0.09027777777777778,1
Q6N075,SLC61A1,False,False,False,450,0.2898089171974522,0.11777777777777777,1
Q6NS38,ALKBH2,False,False,False,261,0.20689655172413793,0.11494252873563218,1
Q6NSI4,RADX,False,False,False,855,0.2898089171974522,0.13099415204678364,2
Q6NUQ1,RINT1,False,False,False,792,0.02904040404040404,0.125,2
Q6NUT3,MFSD12,False,False,False,480,0.2898089171974522,0.12083333333333333,1
Q6NV74,CRACDL,False,False,False,962,0.9428274428274428,0.14033264033264034,2
Q6NX49,ZNF544,False,False,False,715,0.14825174825174825,0.16783216783216784,2
Q6NXS1,PPP1R2B,False,False,False,205,0.2898089171974522,0.16097560975609757,2
Q6NXT4,SLC30A6,True,False,False,461,0.1279826464208243,0.1540130151843818,4
Q6NZI2,CAVIN1,False,False,False,390,0.49230769230769234,0.12307692307692308,1
Q6P050,FBXL22,False,False,False,231,0.2898089171974522,0.12121212121212122,1
Q6P1J9,CDC73,False,False,False,531,0.24293785310734464,0.11487758945386065,1
Q6P1L5,FAM117B,False,False,False,589,0.8998302207130731,0.21222410865874364,1
Q6P1M3,LLGL2,False,False,False,1020,0.15098039215686274,0.1284313725490196,2
Q6P1N0,CC2D1A,False,False,False,951,0.6519453207150369,0.09779179810725552,1
Q6P1X5,TAF2,False,False,False,1199,0.2898089171974522,0.13761467889908258,1
Q6P2E9,EDC4,False,False,False,1401,0.3811563169164882,0.1670235546038544,2
Q6P2H3,CEP85,False,False,False,762,0.2898089171974522,0.15485564304461943,1
Q6P2Q9,PRPF8,False,False,False,2335,0.041541755888650965,0.10235546038543897,1
Q6P2S7,TTC41P,False,False,False,1318,0.032625189681335355,0.14871016691957512,1
Q6P3R8,NEK5,False,False,False,708,0.2838983050847458,0.09463276836158192,1
Q6P3W7,SCYL2,True,False,False,929,0.3143164693218515,0.147470398277718,10
Q6P3X3,TTC27,False,False,False,843,0.004744958481613286,0.1269276393831554,1
Q6P461,ACSM6,False,False,False,480,0.0,0.13541666666666666,1
Q6P4E1,GOLM2,False,False,False,436,0.6146788990825688,0.08027522935779817,1
Q6P4F7,ARHGAP11A,False,False,False,1023,0.45650048875855326,0.17497556207233628,1
Q6P4R8,NFRKB,True,False,False,1299,0.4426481909160893,0.19476520400307928,69
Q6P575,GUSBP11,False,False,False,273,0.2898089171974522,0.13186813186813187,1
Q6P5Q4,LMOD2,False,False,False,547,0.7148080438756855,0.15356489945155394,1
Q6P5W5,SLC39A4,False,False,False,647,0.2898089171974522,0.13137557959814528,1
Q6P5Z2,PKN3,False,False,False,889,0.30371203599550056,0.09898762654668167,1
Q6P9F0,CCDC62,False,False,False,684,0.22660818713450293,0.15497076023391812,1
Q6P9G9,ZNF449,False,False,False,518,0.277992277992278,0.10617760617760617,1
Q6PCB5,RSBN1L,True,False,False,846,0.4444444444444444,0.13356973995271867,8
Q6PCT2,FBXL19,False,False,False,694,0.46397694524495675,0.11815561959654179,2
Q6PF05,TTC23L,False,False,False,361,0.2898089171974522,0.11634349030470914,2
Q6PF06,TRMT10B,False,False,False,316,0.17088607594936708,0.12341772151898735,1
Q6PF15,KLHL35,False,False,False,583,0.04974271012006861,0.08919382504288165,1
Q6PI47,KCTD18,False,False,False,426,0.3380281690140845,0.14788732394366197,3
Q6PIJ6,FBXO38,False,False,False,1188,0.2898089171974522,0.12878787878787878,1
Q6PIU2,NCEH1,False,False,False,408,0.0,0.11029411764705882,1
Q6PIY7,TENT2,False,False,False,484,0.10330578512396695,0.11570247933884298,2
Q6PJG2,MIDEAS,True,False,False,1045,0.784688995215311,0.12344497607655502,13
Q6PJT7,ZC3H14,True,False,False,736,0.5842391304347826,0.15896739130434784,33
Q6PKC3,TXNDC11,False,False,False,985,0.15126903553299492,0.14517766497461929,1
Q6PKG0,LARP1,True,False,False,1096,0.6633211678832117,0.125,6
Q6PML9,SLC30A9,False,False,False,568,0.014084507042253521,0.13556338028169015,1
Q6Q0C0,TRAF7,True,False,False,670,0.14029850746268657,0.1746268656716418,6
Q6Q759,SPAG17,False,False,False,2223,0.3396311291048133,0.13720197930724246,1
Q6R327,RICTOR,False,False,False,1708,0.1375878220140515,0.15866510538641687,3
Q6SPF0,SAMD1,False,False,False,538,0.8866171003717472,0.08736059479553904,1
Q6T4R5,NHS,False,False,False,1651,0.8019382192610539,0.20775287704421563,1
Q6TGC4,PADI6,False,False,False,694,0.0,0.12680115273775217,1
Q6UB35,MTHFD1L,False,False,False,978,0.07770961145194274,0.10736196319018405,2
Q6UB98,ANKRD12,False,False,False,2062,0.6964112512124151,0.17361784675072744,1
Q6UB99,ANKRD11,False,False,False,2663,0.7420202778820879,0.1351858805858055,5
Q6UN15,FIP1L1,True,False,False,594,0.877104377104377,0.1632996632996633,11
Q6UUV7,CRTC3,True,False,False,619,0.8449111470113085,0.19224555735056542,17
Q6UUV9,CRTC1,False,False,False,634,0.8217665615141956,0.20662460567823343,1
Q6UVJ0,SASS6,True,False,False,657,0.2907153729071537,0.1354642313546423,8
Q6UW56,ATRAID,False,False,False,229,0.2898089171974522,0.12663755458515283,2
Q6UW63,POGLUT2,False,False,False,502,0.01195219123505976,0.10159362549800798,2
Q6UWL2,SUSD1,False,False,False,747,0.01740294511378849,0.1606425702811245,1
Q6UWM9,UGT2A3,False,False,False,527,0.0,0.1062618595825427,2
Q6UWW8,CES3,False,False,False,571,0.09807355516637478,0.12609457092819615,1
Q6UWY0,ARSK,False,False,False,536,0.0,0.13619402985074627,1
Q6UXB8,PI16,False,False,False,463,0.47516198704103674,0.15982721382289417,2
Q6UXH9,PAMR1,False,False,False,720,0.0,0.12638888888888888,1
Q6UXY1,BAIAP2L2,False,False,False,529,0.5311909262759924,0.16446124763705103,1
Q6V9R5,ZNF562,False,False,False,426,0.2898089171974522,0.16666666666666666,1
Q6VMQ6,ATF7IP,True,False,False,1270,0.8165354330708662,0.1968503937007874,34
Q6W2J9,BCOR,True,False,False,1755,0.6045584045584046,0.15612535612535614,12
Q6WCQ1,MPRIP,False,False,False,1025,0.5531707317073171,0.14634146341463414,4
Q6WRI0,IGSF10,False,False,False,2623,0.2634388105223027,0.19062142584826536,1
Q6WRX3,ZYG11A,False,False,False,759,0.0,0.13438735177865613,1
Q6X4W1,NSMF,False,False,False,530,0.42641509433962266,0.1320754716981132,1
Q6XPR3,RPTN,False,False,False,784,0.2898089171974522,0.16071428571428573,2
Q6XZF7,DNMBP,False,False,False,1577,0.3868103994927077,0.140139505389981,1
Q6Y288,B3GLCT,False,False,False,498,0.03413654618473896,0.13453815261044177,1
Q6Y7W6,GIGYF2,False,False,False,1299,0.6720554272517321,0.11393379522709776,8
Q6YHK3,CD109,False,False,False,1445,0.004152249134948097,0.1695501730103806,2
Q6YHU6,THADA,False,False,False,1953,0.010240655401945725,0.1490015360983103,1
Q6ZMW3,EML6,False,False,False,1958,0.04698672114402452,0.12359550561797752,1
Q6ZMZ3,SYNE3,False,False,False,975,0.09230769230769231,0.08923076923076922,1
Q6ZN03,LINC00322,False,False,False,302,0.2898089171974522,0.20198675496688742,1
Q6ZN18,AEBP2,False,False,False,517,0.5899419729206963,0.19148936170212766,1
Q6ZN30,BNC2,True,False,False,1099,0.4886260236578708,0.1710646041856233,6
Q6ZN84,CCDC81,False,False,False,652,0.2898089171974522,0.0950920245398773,2
Q6ZNA5,FRRS1,False,False,False,592,0.2898089171974522,0.14020270270270271,1
Q6ZNB6,NFXL1,False,False,False,911,0.13172338090010977,0.10757409440175632,2
Q6ZNC4,ZNF704,False,False,False,412,0.5315533980582524,0.21601941747572814,2
Q6ZNJ1,NBEAL2,False,False,False,2754,0.11437908496732026,0.12926652142338416,2
Q6ZQQ6,WDR87,False,False,False,2873,0.2568743473720849,0.10964148973198747,1
Q6ZQY2,LRRC74B,False,False,False,392,0.2898089171974522,0.11479591836734694,1
Q6ZRI6,C15orf39,True,False,False,1047,0.6494746895893028,0.1451766953199618,11
Q6ZRP7,QSOX2,False,False,False,698,0.1318051575931232,0.11461318051575932,3
Q6ZRS2,SRCAP,True,False,False,3230,0.711764705882353,0.16718266253869968,27
Q6ZS02,DNM1P46,False,False,False,220,0.7136363636363636,0.14545454545454545,2
Q6ZS17,RIPOR1,False,False,False,1223,0.2898089171974522,0.2035977105478332,2
Q6ZS30,NBEAL1,False,False,False,2694,0.0556792873051225,0.13734224201930215,1
Q6ZSJ9,SHISA6,False,False,False,500,0.2898089171974522,0.16,1
Q6ZSR9,nan,True,False,False,355,0.8450704225352113,0.19154929577464788,5
Q6ZSY5,PPP1R3F,False,False,False,799,0.6583229036295369,0.11639549436795996,1
Q6ZSZ6,TSHZ1,False,False,False,1077,0.5691736304549675,0.1959145775301764,2
Q6ZTR7,CIBAR2,False,False,False,304,0.2898089171974522,0.1118421052631579,1
Q6ZU64,CFAP65,False,False,False,1925,0.1174025974025974,0.13974025974025975,1
Q6ZU65,UBN2,True,False,False,1347,0.6696362286562731,0.18782479584261322,15
Q6ZUM4,ARHGAP27,False,False,False,889,0.45894263217097864,0.1327334083239595,1
Q6ZUU3,FOXL2NB,False,False,False,175,0.5771428571428572,0.12571428571428572,2
Q6ZVL6,KIAA1549L,False,False,False,1849,0.5646295294753921,0.20605732828555975,1
Q6ZVM7,TOM1L2,False,False,False,507,0.5108481262327417,0.14398422090729784,1
Q6ZW31,SYDE1,False,False,False,735,0.2898089171974522,0.10204081632653061,1
Q6ZXV5,TMTC3,False,False,False,915,0.05573770491803279,0.11475409836065574,2
Q702N8,XIRP1,False,False,False,1843,0.7612588171459577,0.14595767769940315,2
Q70CQ2,USP34,False,False,False,3546,0.14269599548787365,0.14184997179921038,2
Q70CQ4,USP31,False,False,False,1352,0.5059171597633136,0.20857988165680474,2
Q70E73,RAPH1,False,False,False,1250,0.7208,0.1752,5
Q70EL1,USP54,False,False,False,1684,0.6621140142517815,0.19833729216152018,2
Q70EL4,USP43,False,False,False,1123,0.40427426536064115,0.15048975957257346,1
Q70J99,UNC13D,False,False,False,1090,0.13577981651376148,0.12293577981651377,1
Q70UQ0,IKBIP,False,False,False,350,0.11714285714285715,0.17714285714285713,1
Q711Q0,CEFIP,False,False,False,1435,0.8411149825783972,0.1700348432055749,1
Q712K3,UBE2R2,False,False,False,238,0.24369747899159663,0.13025210084033614,1
Q71DI3,H3C15,False,False,False,136,0.2898089171974522,0.11764705882352941,3
Q71F23,CENPU,False,False,False,418,0.5526315789473685,0.16985645933014354,2
Q71F56,MED13L,False,False,False,2210,0.38552036199095024,0.15701357466063348,1
Q71RC2,LARP4,False,False,False,724,0.585635359116022,0.17265193370165746,1
Q71RG4,TMUB2,True,False,False,321,0.3052959501557632,0.14330218068535824,3
Q71U36,TUBA1A,False,False,False,451,0.2898089171974522,0.1130820399113082,17
Q75N03,CBLL1,False,False,False,491,0.7291242362525459,0.09368635437881874,3
Q765P7,MTSS2,False,False,False,747,0.677376171352075,0.20883534136546184,1
Q76FK4,NOL8,False,False,False,1167,0.7086546700942588,0.17052270779777207,1
Q76I76,SSH2,False,False,False,1423,0.5319747013352073,0.17427969079409697,1
Q76L83,ASXL2,False,False,False,1435,0.7818815331010452,0.2034843205574913,5
Q7KZ85,SUPT6H,True,False,False,1726,0.3128621089223638,0.10139049826187717,7
Q7KZF4,SND1,False,False,False,910,0.15274725274725276,0.10659340659340659,2
Q7KZI7,MARK2,False,False,False,788,0.4860406091370558,0.16751269035532995,1
Q7L014,DDX46,False,False,False,1031,0.3511154219204656,0.11833171677982542,2
Q7L0Y3,TRMT10C,False,False,False,403,0.05459057071960298,0.12406947890818859,2
Q7L1W4,LRRC8D,False,False,False,858,0.08158508158508158,0.12354312354312354,1
Q7L2E3,DHX30,False,False,False,1194,0.10971524288107203,0.11976549413735343,2
Q7L2H7,EIF3M,False,False,False,374,0.0,0.11764705882352941,3
Q7L3V2,RTL10,False,False,False,364,0.4478021978021978,0.13186813186813187,3
Q7L590,MCM10,False,False,False,875,0.47085714285714286,0.1417142857142857,1
Q7L591,DOK3,False,False,False,496,0.4475806451612903,0.12903225806451613,1
Q7L592,NDUFAF7,True,False,False,441,0.009070294784580499,0.1111111111111111,3
Q7L7X3,TAOK1,False,False,False,1001,0.46853146853146854,0.12087912087912088,2
Q7L8C5,SYT13,False,False,False,426,0.15492957746478872,0.13380281690140844,1
Q7L8S5,OTUD6A,False,False,False,288,0.375,0.10416666666666667,1
Q7LBC6,KDM3B,True,False,False,1761,0.42191936399772856,0.1635434412265758,26
Q7RTP6,MICAL3,False,False,False,2002,0.5409590409590409,0.13786213786213786,4
Q7RTY9,PRSS41,False,False,False,318,0.059748427672955975,0.11949685534591195,1
Q7Z2K8,GPRIN1,False,False,False,1008,0.9732142857142857,0.18055555555555555,2
Q7Z2W4,ZC3HAV1,True,False,False,902,0.29046563192904656,0.1674057649667406,4
Q7Z2Y5,NRK,False,False,False,1582,0.4279393173198483,0.12262958280657396,3
Q7Z2Y8,GVINP1,False,False,False,2422,0.09289843104872006,0.1337737407101569,3
Q7Z2Z2,EFL1,False,False,False,1120,0.15803571428571428,0.11428571428571428,1
Q7Z309,PABIR2,False,False,False,247,0.7651821862348178,0.24696356275303644,2
Q7Z333,SETX,False,False,False,2677,0.33395592080687336,0.14904744116548374,1
Q7Z3B3,KANSL1,False,False,False,1105,0.5773755656108597,0.19638009049773755,1
Q7Z3B4,NUP54,True,True,True,507,0.14003944773175542,0.15779092702169625,7
Q7Z3E5,ARMC9,False,False,False,818,0.2898089171974522,0.13202933985330073,1
Q7Z3G6,PRICKLE2,False,False,False,844,0.5,0.15165876777251186,1
Q7Z3H0,ANKRD33,False,False,False,452,0.2898089171974522,0.13274336283185842,3
Q7Z3I7,ZNF572,False,False,False,529,0.22684310018903592,0.19092627599243855,1
Q7Z3J3,RGPD4,False,False,False,1758,0.23777019340159272,0.14846416382252559,5
Q7Z3K3,POGZ,True,False,False,1410,0.39361702127659576,0.16312056737588654,38
Q7Z3T8,ZFYVE16,False,False,False,1539,0.24821312540610785,0.17024041585445093,4
Q7Z406,MYH14,False,False,False,1995,0.44611528822055135,0.08521303258145363,2
Q7Z417,NUFIP2,True,False,False,695,0.7525179856115108,0.19280575539568345,17
Q7Z422,SZRD1,False,False,False,152,1.0,0.14473684210526316,1
Q7Z434,MAVS,True,False,False,540,0.7277777777777777,0.2,12
Q7Z443,PKD1L3,False,False,False,1732,0.2898089171974522,0.15473441108545036,2
Q7Z460,CLASP1,False,False,False,1538,0.33224967490247076,0.18270481144343304,4
Q7Z478,DHX29,False,False,False,1369,0.21548575602629658,0.11906501095690285,1
Q7Z4H8,POGLUT3,False,False,False,507,0.04142011834319527,0.09270216962524655,3
Q7Z4I7,LIMS2,False,False,False,341,0.0,0.06744868035190615,1
Q7Z569,BRAP,False,False,False,592,0.19763513513513514,0.13344594594594594,1
Q7Z589,EMSY,True,False,False,1322,0.6361573373676248,0.24357034795763993,75
Q7Z5J4,RAI1,True,False,False,1906,0.7974816369359916,0.1657922350472193,16
Q7Z5K2,WAPL,False,False,False,1190,0.2898089171974522,0.16470588235294117,1
Q7Z5L9,IRF2BP2,True,False,False,587,0.7410562180579217,0.14310051107325383,16
Q7Z5N4,SDK1,False,False,False,2213,0.19701762313601445,0.16809760506100316,2
Q7Z614,SNX20,False,False,False,316,0.2898089171974522,0.09177215189873418,1
Q7Z699,SPRED1,False,False,False,444,0.2898089171974522,0.1373873873873874,1
Q7Z6B7,SRGAP1,True,False,False,1085,0.37695852534562213,0.14285714285714285,6
Q7Z6E9,RBBP6,False,False,False,1792,0.828125,0.18861607142857142,7
Q7Z6G8,ANKS1B,False,False,False,1248,0.4182692307692308,0.16266025641025642,1
Q7Z6J0,SH3RF1,True,False,False,888,0.46621621621621623,0.16441441441441443,10
Q7Z6Z7,HUWE1,True,False,False,4374,0.37219935985368086,0.1700960219478738,8
Q7Z739,YTHDF3,True,False,False,585,0.5504273504273505,0.1452991452991453,15
Q7Z7B0,FILIP1,False,False,False,1213,0.5556471558120363,0.14756801319043694,1
Q7Z7C7,STRA8,False,False,False,330,0.08484848484848485,0.15151515151515152,1
Q7Z7G1,CLNK,False,False,False,428,0.2898089171974522,0.13551401869158877,1
Q7Z7K6,CENPV,False,False,False,275,0.49818181818181817,0.16363636363636364,2
Q86SE8,NPM2,False,False,False,214,0.5373831775700935,0.1308411214953271,1
Q86SF2,GALNT7,False,False,False,657,0.1248097412480974,0.0928462709284627,2
Q86SQ0,PHLDB2,False,False,False,1253,0.5985634477254589,0.18036711891460494,3
Q86SU0,ILDR1,False,False,False,546,0.38461538461538464,0.14652014652014653,2
Q86T24,ZBTB33,False,False,False,672,0.3958333333333333,0.18303571428571427,3
Q86T82,USP37,False,False,False,979,0.4473953013278856,0.17364657814096016,2
Q86TC9,MYPN,True,False,False,1320,0.5424242424242425,0.17575757575757575,16
Q86TL0,ATG4D,False,False,False,474,0.14767932489451477,0.12869198312236288,1
Q86TM6,SYVN1,False,False,False,617,0.2898089171974522,0.13614262560777957,1
Q86U37,LINC01551,False,False,False,167,0.029940119760479042,0.19161676646706588,2
Q86U42,PABPN1,True,False,False,306,0.6209150326797386,0.09803921568627451,6
Q86U44,METTL3,False,False,False,580,0.3293103448275862,0.1396551724137931,1
Q86U70,LDB1,True,False,False,411,0.3333333333333333,0.16058394160583941,4
Q86U86,PBRM1,False,False,False,1689,0.29188869153345176,0.10657193605683836,3
Q86U90,YRDC,False,False,False,279,0.043010752688172046,0.11827956989247312,2
Q86UB9,TMEM135,False,False,False,458,0.002183406113537118,0.12663755458515283,1
Q86UE4,MTDH,True,False,False,582,0.8487972508591065,0.18556701030927836,5
Q86UK0,ABCA12,False,False,False,2595,0.010404624277456647,0.15221579961464354,1
Q86UP2,KTN1,False,False,False,1357,0.40088430361090643,0.11938098747236552,4
Q86UP3,ZFHX4,False,False,False,3567,0.5242500700869077,0.16232127838519764,1
Q86UR5,RIMS1,False,False,False,1692,0.6749408983451537,0.1802600472813239,3
Q86UU0,BCL9L,True,False,False,1499,0.9926617745163442,0.13408939292861907,8
Q86UU1,PHLDB1,False,False,False,1377,0.2898089171974522,0.16122004357298475,1
Q86UY8,NT5DC3,False,False,False,548,0.010948905109489052,0.10583941605839416,1
Q86V15,CASZ1,True,False,False,1759,0.48834565093803295,0.15747583854462763,11
Q86V40,TRABD2A,True,False,False,505,0.17227722772277226,0.13663366336633664,3
Q86V42,FAM124A,False,False,False,546,0.5,0.17399267399267399,1
Q86V48,LUZP1,False,False,False,1076,0.7592936802973977,0.18494423791821563,2
Q86VD1,MORC1,False,False,False,984,0.11585365853658537,0.1290650406504065,1
Q86VF7,NRAP,False,False,False,1730,0.16184971098265896,0.11849710982658959,3
Q86VI3,IQGAP3,False,False,False,1631,0.05947271612507664,0.08277130594727161,2
Q86VP3,PACS2,False,False,False,889,0.4128233970753656,0.16647919010123735,1
Q86VP6,CAND1,False,False,False,1230,0.03902439024390244,0.14390243902439023,1
Q86VV8,RTTN,False,False,False,2226,0.040880503144654086,0.14510332434860737,1
Q86VY4,TSPYL5,True,False,False,417,0.5179856115107914,0.10551558752997602,3
Q86W42,THOC6,False,False,False,341,0.0,0.1436950146627566,2
Q86W92,PPFIBP1,False,False,False,1011,0.3066271018793274,0.1414441147378833,2
Q86WC4,OSTM1,False,False,False,334,0.023952095808383235,0.16167664670658682,1
Q86WI3,NLRC5,False,False,False,1866,0.028938906752411574,0.1307609860664523,1
Q86WV6,STING1,False,False,False,379,0.09762532981530343,0.12401055408970976,1
Q86X10,RALGAPB,False,False,False,1494,0.1646586345381526,0.15127175368139223,2
Q86X51,EZHIP,False,False,False,503,0.9502982107355865,0.21669980119284293,1
Q86X55,CARM1,False,False,False,608,0.06578947368421052,0.16447368421052633,1
Q86X95,CIRSR,True,False,False,450,0.2898089171974522,0.17555555555555555,3
Q86XE5,HOGA1,True,False,False,327,0.2898089171974522,0.12538226299694188,3
Q86XH1,DRC11,False,False,False,822,0.2898089171974522,0.08150851581508516,1
Q86XI2,NCAPG2,False,False,False,1143,0.2898089171974522,0.11461067366579178,1
Q86XN7,PROSER1,True,False,False,944,0.4586864406779661,0.2521186440677966,10
Q86XP3,DDX42,True,False,False,938,0.5309168443496801,0.1279317697228145,13
Q86XR8,CEP57,False,False,False,500,0.476,0.148,2
Q86XS5,ANGPTL5,False,False,False,388,0.028350515463917526,0.13917525773195877,2
Q86XX4,FRAS1,False,False,False,4008,0.06986027944111776,0.14595808383233533,2
Q86XZ4,SPATS2,False,False,False,545,0.6238532110091743,0.1926605504587156,1
Q86Y33,CDC20B,False,False,False,519,0.15221579961464354,0.17533718689788053,1
Q86Y37,CACUL1,True,False,False,369,0.28184281842818426,0.12737127371273713,4
Q86YC2,PALB2,False,False,False,1186,0.4730185497470489,0.17706576728499157,1
Q86YF9,DZIP1,False,False,False,867,0.4371395617070358,0.1303344867358708,1
Q86YN6,PPARGC1B,False,False,False,1023,0.6402737047898338,0.1573802541544477,2
Q86YP4,GATAD2A,True,False,False,633,0.6714060031595577,0.18325434439178515,34
Q86YS7,C2CD5,False,False,False,1000,0.153,0.146,1
Q86YZ3,HRNR,False,False,False,2850,0.2898089171974522,0.3505263157894737,4
Q86Z02,HIPK1,False,False,False,1210,0.2636363636363636,0.20413223140495868,7
Q8IU81,IRF2BP1,False,False,False,584,0.4571917808219178,0.09931506849315068,3
Q8IU85,CAMK1D,False,False,False,385,0.08051948051948052,0.14805194805194805,1
Q8IUB9,KRTAP19-1,False,False,False,90,0.2898089171974522,0.12222222222222222,2
Q8IUD2,ERC1,False,False,False,1116,0.6344086021505376,0.13440860215053763,4
Q8IUD6,RNF135,False,False,False,432,0.1550925925925926,0.15046296296296297,2
Q8IUF8,RIOX2,False,False,False,465,0.08602150537634409,0.13118279569892474,1
Q8IUG5,MYO18B,False,False,False,2567,0.41994546162835994,0.1386832878846903,1
Q8IUN9,CLEC10A,False,False,False,316,0.2898089171974522,0.12974683544303797,1
Q8IUQ4,SIAH1,False,False,False,282,0.2898089171974522,0.14184397163120568,1
Q8IV36,HID1,False,False,False,788,0.1700507614213198,0.14213197969543148,1
Q8IV42,PSTK,False,False,False,348,0.13793103448275862,0.10632183908045977,1
Q8IV63,VRK3,False,False,False,474,0.27637130801687765,0.1751054852320675,2
Q8IVD9,NUDCD3,False,False,False,361,0.3573407202216066,0.08587257617728532,1
Q8IVE3,PLEKHH2,False,False,False,1493,0.3134628265237776,0.17146684527796383,2
Q8IVF2,AHNAK2,True,False,False,5795,0.7554788610871441,0.13218291630716134,23
Q8IVF4,DNAH10,False,False,False,4471,0.02415566987251174,0.10489823305748155,1
Q8IVF6,ANKRD18A,False,False,False,992,0.2898089171974522,0.09576612903225806,2
Q8IVF7,FMNL3,False,False,False,1028,0.18482490272373542,0.09922178988326848,2
Q8IVH2,FOXP4,True,False,False,680,0.6455882352941177,0.15441176470588236,4
Q8IVL0,NAV3,True,False,False,2385,0.6452830188679245,0.23102725366876312,5
Q8IVL1,NAV2,True,False,False,2488,0.6611736334405145,0.2202572347266881,3
Q8IVM0,CCDC50,False,False,False,306,0.5947712418300654,0.0915032679738562,3
Q8IVT2,MISP,False,False,False,679,0.8026509572901326,0.13843888070692195,3
Q8IVV7,GID4,False,False,False,300,0.35333333333333333,0.13,2
Q8IVW6,ARID3B,True,False,False,561,0.5775401069518716,0.1586452762923351,5
Q8IWA0,WDR75,False,False,False,830,0.0746987951807229,0.14578313253012049,1
Q8IWA5,SLC44A2,False,False,False,706,0.0,0.09206798866855524,1
Q8IWA6,CCDC60,False,False,False,550,0.2898089171974522,0.14909090909090908,3
Q8IWB1,ITPRIP,False,False,False,547,0.07678244972577697,0.10237659963436929,1
Q8IWB9,TEX2,True,False,False,1127,0.4445430346051464,0.17834960070984915,9
Q8IWD5,MFSD6L,False,False,False,586,0.2898089171974522,0.14505119453924914,1
Q8IWE2,FAM114A1,False,False,False,563,0.5168738898756661,0.15452930728241562,2
Q8IWF9,CCDC83,False,False,False,413,0.15980629539951574,0.10411622276029056,1
Q8IWI9,MGA,True,False,False,3065,0.5367047308319739,0.17911908646003263,17
Q8IWN7,RP1L1,False,False,False,2400,0.8341666666666666,0.15875,2
Q8IWP9,CCDC28A,True,False,False,274,0.4708029197080292,0.145985401459854,3
Q8IWQ3,BRSK2,False,False,False,736,0.35190217391304346,0.13451086956521738,1
Q8IWR0,ZC3H7A,False,False,False,971,0.09474768280123584,0.12358393408856849,3
Q8IWV7,UBR1,False,False,False,1749,0.05946255002858777,0.11092052601486564,1
Q8IWX8,CHERP,False,False,False,916,0.6877729257641921,0.09934497816593886,2
Q8IWY9,CDAN1,False,False,False,1227,0.267318663406683,0.12550937245313773,1
Q8IWZ3,ANKHD1,True,False,False,2542,0.5035405192761605,0.17230527143981117,23
Q8IWZ8,SUGP1,True,False,False,645,0.6201550387596899,0.10852713178294573,8
Q8IX01,SUGP2,False,False,False,1082,0.43068391866913125,0.13585951940850277,1
Q8IX03,WWC1,False,False,False,1113,0.32345013477088946,0.16711590296495957,1
Q8IX12,CCAR1,True,False,False,1150,0.47304347826086957,0.1208695652173913,14
Q8IX21,SLF2,False,False,False,1173,0.5899403239556692,0.16965046888320545,1
Q8IX90,SKA3,False,False,False,412,0.2898089171974522,0.16747572815533981,1
Q8IXF0,NPAS3,False,False,False,933,0.4780278670953912,0.16720257234726688,2
Q8IXJ9,ASXL1,False,False,False,1541,0.7508111615833875,0.1745619727449708,2
Q8IXM3,MRPL41,False,False,False,137,0.2898089171974522,0.10218978102189781,2
Q8IXQ4,GPALPP1,False,False,False,340,0.2898089171974522,0.14411764705882352,2
Q8IXQ5,KLHL7,False,False,False,586,0.03754266211604096,0.11092150170648464,1
Q8IXW5,RPAP2,False,False,False,612,0.27124183006535946,0.16993464052287582,1
Q8IXZ2,ZC3H3,False,False,False,948,0.7183544303797469,0.18565400843881857,3
Q8IY33,MICALL2,True,False,False,904,0.6493362831858407,0.15486725663716813,16
Q8IY37,DHX37,False,False,False,1157,0.2912705272255834,0.10371650821089023,1
Q8IY42,PGCKA1,False,False,False,314,0.2898089171974522,0.1305732484076433,1
Q8IY47,KBTBD2,False,False,False,623,0.2898089171974522,0.14606741573033707,1
Q8IY81,FTSJ3,False,False,False,847,0.4628099173553719,0.1038961038961039,3
Q8IY85,EFCAB13,False,False,False,973,0.08016443987667009,0.14799588900308325,1
Q8IY95,TMEM192,False,False,False,271,0.2898089171974522,0.11808118081180811,1
Q8IYA6,CKAP2L,False,False,False,745,0.636241610738255,0.16241610738255033,1
Q8IYB3,SRRM1,False,False,False,904,0.8595132743362832,0.21017699115044247,3
Q8IYD1,GSPT2,False,False,False,628,0.321656050955414,0.1305732484076433,1
Q8IYD8,FANCM,False,False,False,2048,0.2294921875,0.15966796875,1
Q8IYG6,LRRC56,False,False,False,542,0.2898089171974522,0.12177121771217712,1
Q8IYH5,ZZZ3,False,False,False,903,0.540420819490587,0.1583610188261351,1
Q8IYR0,CFAP206,False,False,False,622,0.08360128617363344,0.13344051446945338,1
Q8IYS2,KIAA2013,False,False,False,634,0.052050473186119876,0.10725552050473186,2
Q8IYT1,GARIN4,False,False,False,594,0.2898089171974522,0.17845117845117844,2
Q8IYT8,ULK2,False,False,False,1036,0.4063706563706564,0.17374517374517376,1
Q8IYW2,CFAP46,False,False,False,2715,0.11528545119705341,0.11049723756906077,1
Q8IYX1,TBC1D21,False,False,False,336,0.2898089171974522,0.10416666666666667,1
Q8IZ21,PHACTR4,True,False,False,702,0.9045584045584045,0.17663817663817663,14
Q8IZ81,ELMOD2,False,False,False,293,0.0,0.09556313993174062,1
Q8IZC4,RTKN2,False,False,False,609,0.19540229885057472,0.1297208538587849,3
Q8IZD0,SAMD14,False,False,False,417,0.9280575539568345,0.19904076738609114,2
Q8IZD2,KMT2E,False,False,False,1858,0.7734122712594187,0.18783638320775026,4
Q8IZD4,DCP1B,False,False,False,617,0.5348460291734197,0.14910858995137763,1
Q8IZH2,XRN1,True,False,False,1706,0.2321219226260258,0.12485345838218054,6
Q8IZL2,MAML2,False,False,False,1156,0.9826989619377162,0.16349480968858132,1
Q8IZL8,PELP1,False,False,False,1130,0.48672566371681414,0.12831858407079647,5
Q8IZT6,ASPM,False,False,False,3477,0.06471095772217429,0.11504170261719873,2
Q8IZU8,DSEL,False,False,False,1212,0.013201320132013201,0.12211221122112212,1
Q8IZV2,CMTM8,False,False,False,173,0.011560693641618497,0.20809248554913296,1
Q8IZW8,TNS4,False,False,False,715,0.5188811188811189,0.1986013986013986,3
Q8IZX4,TAF1L,False,False,False,1826,0.2898089171974522,0.11993428258488499,1
Q8N0U7,C1orf87,False,False,False,546,0.4340659340659341,0.15018315018315018,1
Q8N0X2,SPAG16,False,False,False,631,0.18541996830427893,0.13629160063391443,2
Q8N0X7,SPART,False,False,False,666,0.44894894894894893,0.12012012012012012,1
Q8N0Z3,SPICE1,False,False,False,855,0.6023391812865497,0.16140350877192983,1
Q8N0Z6,TTC5,False,False,False,440,0.12727272727272726,0.1340909090909091,1
Q8N103,TAGAP,False,False,False,731,0.5020519835841313,0.16689466484268126,2
Q8N111,CEND1,False,False,False,149,0.8187919463087249,0.1342281879194631,2
Q8N122,RPTOR,False,False,False,1335,0.10786516853932585,0.1393258426966292,2
Q8N135,LGI4,False,False,False,537,0.0,0.12290502793296089,1
Q8N137,CNTROB,False,False,False,903,0.2898089171974522,0.13510520487264674,1
Q8N183,NDUFAF2,False,False,False,169,0.4319526627218935,0.1301775147928994,2
Q8N184,ZNF567,False,False,False,647,0.14219474497681608,0.14992272024729522,1
Q8N1A0,KRT222,False,False,False,295,0.1016949152542373,0.12203389830508475,1
Q8N1F7,NUP93,True,False,True,819,0.09768009768009768,0.12576312576312576,5
Q8N1G0,ZNF687,True,False,False,1237,0.5173807599029911,0.1544058205335489,7
Q8N1G1,REXO1,False,False,False,1221,0.6281736281736282,0.15315315315315314,3
Q8N1I0,DOCK4,False,False,False,1966,0.17548321464903358,0.1373346897253306,3
Q8N228,SCML4,False,False,False,414,0.47101449275362317,0.1473429951690821,1
Q8N264,ARHGAP24,False,False,False,748,0.5334224598930482,0.16176470588235295,1
Q8N283,ANKRD35,True,False,False,1001,0.2898089171974522,0.1038961038961039,3
Q8N2A8,PLD6,False,False,False,252,0.015873015873015872,0.11904761904761904,1
Q8N2M8,CLASRP,False,False,False,674,0.7997032640949555,0.18545994065281898,4
Q8N2N9,ANKRD36B,False,False,False,1353,0.43458980044345896,0.14116777531411678,1
Q8N2Y8,RUSC2,False,False,False,1516,0.6616094986807388,0.17216358839050133,2
Q8N319,LINC03040,False,False,False,242,0.9049586776859504,0.13636363636363635,2
Q8N394,TMTC2,False,False,False,836,0.011961722488038277,0.13636363636363635,1
Q8N3C0,ASCC3,False,False,False,2202,0.2898089171974522,0.11444141689373297,1
Q8N3D4,EHBP1L1,False,False,False,1523,0.6756401838476691,0.12869336835193695,2
Q8N3J3,HROB,False,False,False,647,0.2898089171974522,0.17001545595054096,1
Q8N3K9,CMYA5,False,False,False,4069,0.7326124354878348,0.19021872695994102,3
Q8N3P4,VPS8,False,False,False,1428,0.0896358543417367,0.12885154061624648,1
Q8N3R9,PALS1,False,False,False,675,0.2898089171974522,0.09925925925925926,1
Q8N3V7,SYNPO,True,False,False,929,0.9354144241119483,0.18729817007534985,14
Q8N3X1,FNBP4,True,False,False,1017,0.7541789577187807,0.18780727630285152,12
Q8N3Y7,SDR16C5,True,False,False,309,0.2898089171974522,0.10032362459546926,3
Q8N465,D2HGDH,False,False,False,521,0.2898089171974522,0.11516314779270634,2
Q8N4A0,GALNT4,False,False,False,578,0.010380622837370242,0.11418685121107267,1
Q8N4C6,NIN,True,False,False,2090,0.35645933014354064,0.11961722488038277,6
Q8N4C8,MINK1,False,False,False,1332,0.5112612612612613,0.11486486486486487,1
Q8N4H0,SPATA6L,False,False,False,392,0.3112244897959184,0.14795918367346939,1
Q8N4L4,SPEM1,False,False,False,309,0.44983818770226536,0.1423948220064725,2
Q8N4P6,LRRC71,False,False,False,559,0.3363148479427549,0.14669051878354203,3
Q8N4X5,AFAP1L2,False,False,False,818,0.5073349633251834,0.1491442542787286,1
Q8N5C6,SRBD1,False,False,False,995,0.17587939698492464,0.1306532663316583,3
Q8N5C8,TAB3,False,False,False,712,0.8019662921348315,0.1853932584269663,3
Q8N5G2,MACO1,False,False,False,664,0.4367469879518072,0.125,4
Q8N5I9,NOPCHAP1,False,False,False,185,0.9513513513513514,0.1945945945945946,2
Q8N5L8,RPP25L,False,False,False,163,0.4785276073619632,0.13496932515337423,1
Q8N5M1,ATPAF2,False,False,False,289,0.13494809688581316,0.1522491349480969,1
Q8N5N7,MRPL50,False,False,False,158,0.0,0.14556962025316456,1
Q8N5R6,CCDC33,False,False,False,958,0.3757828810020877,0.13465553235908143,2
Q8N5S1,SLC25A41,False,False,False,370,0.2898089171974522,0.12702702702702703,1
Q8N684,CPSF7,False,False,False,471,0.7006369426751592,0.1464968152866242,2
Q8N6C5,IGSF1,False,False,False,1336,0.05239520958083832,0.15119760479041916,2
Q8N6R0,METTL13,False,False,False,699,0.04864091559370529,0.09155937052932761,1
Q8N6T3,ARFGAP1,False,False,False,406,0.5073891625615764,0.18226600985221675,2
Q8N7B6,PACRGL,False,False,False,248,0.2862903225806452,0.17338709677419356,1
Q8N7C4,TMEM217,False,False,False,229,0.2898089171974522,0.1703056768558952,1
Q8N7H5,PAF1,False,False,False,531,0.4952919020715631,0.1393596986817326,3
Q8N7Q3,ZNF676,False,False,False,588,0.2898089171974522,0.1564625850340136,1
Q8N7X4,MAGEB6,False,False,False,407,0.4348894348894349,0.17444717444717445,2
Q8N8S7,ENAH,True,False,False,591,0.7529610829103215,0.12521150592216582,4
Q8N8U2,CDYL2,False,False,False,506,0.3142292490118577,0.1482213438735178,1
Q8N8X9,MAB21L3,False,False,False,362,0.2898089171974522,0.10220994475138122,1
Q8N9B5,JMY,False,False,False,988,0.4676113360323887,0.12854251012145748,1
Q8N9G6,nan,False,False,False,341,0.2898089171974522,0.13196480938416422,1
Q8N9M5,TMEM102,False,False,False,508,0.17913385826771652,0.11220472440944881,2
Q8N9U0,TC2N,False,False,False,490,0.09591836734693877,0.19795918367346937,2
Q8N9U9,SPANXA2-OT1,False,False,False,137,0.2898089171974522,0.15328467153284672,1
Q8N9W8,GARIN2,False,False,False,422,0.26066350710900477,0.2109004739336493,1
Q8NA03,FSIP1,False,False,False,581,0.45266781411359724,0.15834767641996558,1
Q8NA19,L3MBTL4,False,False,False,623,0.11235955056179775,0.09309791332263243,1
Q8NA23,WDR31,False,False,False,367,0.0,0.14986376021798364,1
Q8NA58,PNLDC1,False,False,False,520,0.0,0.11346153846153846,1
Q8NA61,CBY2,False,False,False,448,0.2898089171974522,0.11383928571428571,1
Q8NA72,POC5,False,False,False,575,0.4191304347826087,0.1808695652173913,1
Q8NA82,MARCHF10,True,False,False,808,0.681930693069307,0.17698019801980197,3
Q8NAP1,CASTOR3P,False,False,False,163,0.0,0.22699386503067484,1
Q8NAP3,ZBTB38,False,False,False,1195,0.3506276150627615,0.16234309623430962,1
Q8NAT1,POMGNT2,False,False,False,580,0.022413793103448276,0.10172413793103448,1
Q8NB12,SMYD1,False,False,False,490,0.04285714285714286,0.0836734693877551,1
Q8NBA8,DTWD2,False,False,False,298,0.19798657718120805,0.12080536912751678,1
Q8NBF6,AVL9,False,False,False,648,0.24691358024691357,0.1404320987654321,2
Q8NBI5,SLC43A3,False,False,False,491,0.028513238289205704,0.14867617107942974,1
Q8NBI6,XXYLT1,False,False,False,393,0.04580152671755725,0.07888040712468193,2
Q8NBJ4,GOLM1,False,False,False,401,0.5885286783042394,0.08478802992518704,2
Q8NBK3,SUMF1,False,False,False,374,0.20855614973262032,0.11764705882352941,1
Q8NBL1,POGLUT1,False,False,False,392,0.0,0.10714285714285714,1
Q8NBN3,TMEM87A,False,False,False,555,0.08108108108108109,0.12792792792792793,1
Q8NBS9,TXNDC5,False,False,False,432,0.14351851851851852,0.10648148148148148,4
Q8NC26,ZNF114,False,False,False,417,0.38609112709832133,0.15347721822541965,1
Q8NC51,SERBP1,False,False,False,408,0.9607843137254902,0.09313725490196079,1
Q8NCB2,CAMKV,False,False,False,501,0.35728542914171657,0.14770459081836326,2
Q8NCD3,HJURP,False,False,False,748,0.5280748663101604,0.17379679144385027,1
Q8NCE2,MTMR14,False,False,False,650,0.2898089171974522,0.16615384615384615,1
Q8NCH0,CHST14,False,False,False,376,0.09574468085106383,0.05585106382978723,2
Q8NCM2,KCNH5,False,False,False,988,0.2165991902834008,0.14068825910931174,1
Q8ND24,RNF214,False,False,False,703,0.5362731152204836,0.15647226173541964,2
Q8ND56,LSM14A,False,False,False,463,0.7041036717062635,0.15550755939524838,3
Q8ND83,SLAIN1,True,False,False,568,0.653169014084507,0.18661971830985916,7
Q8NDC0,MAPK1IP1L,False,False,False,245,1.0,0.15918367346938775,3
Q8NDD1,FSAF1,False,False,False,293,0.2898089171974522,0.13310580204778158,1
Q8NDI1,EHBP1,False,False,False,1231,0.587327376116978,0.14947197400487408,1
Q8NDL9,AGBL5,False,False,False,886,0.39954853273137697,0.17155756207674944,1
Q8NDM7,CFAP43,False,False,False,1665,0.2898089171974522,0.11651651651651651,1
Q8NDT2,RBM15B,False,False,False,890,0.5269662921348315,0.1404494382022472,1
Q8NDV3,SMC1B,False,False,False,1235,0.08502024291497975,0.10040485829959514,1
Q8NDV7,TNRC6A,True,False,False,1962,0.8634046890927625,0.21202854230377166,21
Q8NDW8,TTC21A,False,False,False,1320,0.004545454545454545,0.08484848484848485,2
Q8NDX5,PHC3,True,False,False,983,0.6500508646998983,0.21668362156663276,23
Q8NDZ2,SIMC1,False,False,False,872,0.5,0.16055045871559634,1
Q8NE18,NSUN7,False,False,False,718,0.19080779944289694,0.14345403899721448,1
Q8NE86,MCU,False,False,False,351,0.2898089171974522,0.10256410256410256,1
Q8NEE6,FBXL13,False,False,False,735,0.02040816326530612,0.1469387755102041,1
Q8NEL9,DDHD1,False,False,False,900,0.27666666666666667,0.14777777777777779,1
Q8NEM7,SUPT20H,True,False,False,779,0.36970474967907574,0.17201540436456997,7
Q8NEM8,AGBL3,False,False,False,1001,0.1958041958041958,0.16083916083916083,2
Q8NEN0,ARMC2,False,False,False,867,0.25144175317185696,0.1395617070357555,1
Q8NEV1,CSNK2A3,False,False,False,391,0.2898089171974522,0.09718670076726342,1
Q8NEY1,NAV1,False,False,False,1877,0.6846030900372936,0.20404901438465636,6
Q8NEZ2,VPS37A,True,False,False,397,0.12594458438287154,0.1712846347607053,10
Q8NEZ4,KMT2C,True,False,False,4911,0.6599470576257381,0.15964162085115047,15
Q8NF64,ZMIZ2,False,False,False,920,0.6282608695652174,0.15978260869565217,2
Q8NF91,SYNE1,True,False,False,8797,0.10890076162328066,0.12993065817892463,9
Q8NFC6,BOD1L1,True,False,False,3051,0.9160930842346772,0.19436250409701736,6
Q8NFD5,ARID1B,True,False,False,2319,0.7620751341681574,0.14359637774902975,4
Q8NFG4,FLCN,False,False,False,579,0.17962003454231434,0.14507772020725387,2
Q8NFH5,NUP35,True,False,True,326,0.5766871165644172,0.19938650306748465,7
Q8NFH8,REPS2,False,False,False,660,0.6075757575757575,0.1484848484848485,1
Q8NFP9,NBEA,False,False,False,2946,0.17345553292600135,0.15071283095723015,1
Q8NFQ8,TOR1AIP2,False,False,False,470,0.4574468085106383,0.16382978723404254,3
Q8NFU5,IPMK,False,False,False,416,0.125,0.12980769230769232,1
Q8NFU7,TET1,False,False,False,2136,0.4850187265917603,0.17415730337078653,1
Q8NFW5,DMBX1,False,False,False,382,0.4293193717277487,0.1387434554973822,1
Q8NFW9,MYRIP,False,False,False,859,0.5750873108265425,0.17462165308498254,1
Q8NFX7,STXBP6,False,False,False,210,0.13333333333333333,0.1523809523809524,1
Q8NFZ5,TNIP2,False,False,False,429,0.4592074592074592,0.07925407925407925,1
Q8NG27,PJA1,False,False,False,643,0.7511664074650077,0.16485225505443235,2
Q8NG31,KNL1,True,False,False,2342,0.28052946199829204,0.16524338172502134,10
Q8NGE1,OR6C4,False,False,False,309,0.2898089171974522,0.1650485436893204,1
Q8NGJ3,OR52E1,False,False,False,308,0.2898089171974522,0.1266233766233766,1
Q8NH16,OR2L2,False,False,False,312,0.0,0.16666666666666666,1
Q8NHE4,ATP6V0E2,False,False,False,81,0.2898089171974522,0.08641975308641975,1
Q8NHG7,SVIP,False,False,False,77,0.974025974025974,0.1038961038961039,1
Q8NHH9,ATL2,False,False,False,583,0.09090909090909091,0.10463121783876501,1
Q8NHP8,PLBD2,False,False,False,589,0.013582342954159592,0.12054329371816638,3
Q8NHU6,TDRD7,False,False,False,1098,0.15209471766848817,0.12021857923497267,2
Q8NHV1,GIMAP7,False,False,False,300,0.2898089171974522,0.12333333333333334,1
Q8NHV4,NEDD1,False,False,False,660,0.35454545454545455,0.1984848484848485,5
Q8NI27,THOC2,False,False,False,1593,0.29817953546767106,0.12680477087256747,3
Q8NI35,PATJ,False,False,False,1801,0.27706829539144917,0.13825652415324818,1
Q8NI77,KIF18A,False,False,False,898,0.23496659242761692,0.14253897550111358,1
Q8TAD4,SLC30A5,False,False,False,765,0.2898089171974522,0.13333333333333333,2
Q8TAQ2,SMARCC2,False,False,False,1214,0.6252059308072487,0.12191103789126853,2
Q8TAT5,NEIL3,False,False,False,605,0.1371900826446281,0.14214876033057852,1
Q8TAT6,NPLOC4,False,False,False,608,0.0,0.13486842105263158,1
Q8TAW3,ZNF671,False,False,False,534,0.0299625468164794,0.12921348314606743,1
Q8TB72,PUM2,False,False,False,1066,0.36585365853658536,0.1529080675422139,3
Q8TBA6,GOLGA5,False,False,False,731,0.612859097127223,0.16552667578659372,1
Q8TBZ0,CCDC110,False,False,False,833,0.28691476590636256,0.15726290516206481,4
Q8TBZ5,ZNF502,False,False,False,544,0.2898089171974522,0.15808823529411764,1
Q8TC07,TBC1D15,True,False,False,691,0.09696092619392185,0.1287988422575977,3
Q8TC56,GARIN3,True,False,False,605,0.5917355371900826,0.2066115702479339,3
Q8TC92,ENOX1,False,False,False,643,0.2534992223950233,0.11353032659409021,1
Q8TCJ2,STT3B,False,False,False,826,0.08958837772397095,0.12953995157384987,7
Q8TCN5,ZNF507,False,False,False,953,0.39664218258132217,0.1783840503672613,3
Q8TCT7,SPPL2B,False,False,False,592,0.15878378378378377,0.10810810810810811,2
Q8TCU4,ALMS1,True,False,False,4168,0.6103646833013435,0.19745681381957775,20
Q8TD19,NEK9,False,False,False,979,0.2533197139938713,0.1338100102145046,1
Q8TD26,CHD6,False,False,False,2715,0.3930018416206261,0.1300184162062615,3
Q8TDB6,DTX3L,False,False,False,740,0.20810810810810812,0.14189189189189189,3
Q8TDG2,ACTRT1,False,False,False,376,0.005319148936170213,0.1196808510638298,1
Q8TDG4,HELQ,False,False,False,1101,0.17257039055404177,0.13805631244323344,1
Q8TDI0,CHD5,False,False,False,1954,0.35363357215967245,0.09416581371545547,1
Q8TDJ6,DMXL2,False,False,False,3036,0.1320816864295125,0.1541501976284585,1
Q8TDM6,DLG5,True,False,False,1919,0.38144867118290776,0.14278269932256382,8
Q8TDN2,KCNV2,False,False,False,545,0.15412844036697249,0.12110091743119267,2
Q8TDN6,BRIX1,False,False,False,353,0.26912181303116145,0.0821529745042493,3
Q8TDX6,CSGALNACT1,False,False,False,532,0.2898089171974522,0.09398496240601503,2
Q8TE12,LMX1A,False,False,False,382,0.3193717277486911,0.1387434554973822,1
Q8TE49,OTUD7A,False,False,False,926,0.4762419006479482,0.1306695464362851,1
Q8TE54,SLC26A7,False,False,False,656,0.0,0.1326219512195122,1
Q8TE76,MORC4,False,False,False,937,0.2508004268943437,0.12593383137673425,1
Q8TED1,GPX8,False,False,False,209,0.0,0.09090909090909091,1
Q8TEK3,DOT1L,False,False,False,1537,0.523747560182173,0.1620039037085231,3
Q8TEM1,NUP210,False,False,False,1887,0.03391626921038686,0.15633280339162692,5
Q8TEQ6,GEMIN5,True,False,False,1508,0.16047745358090185,0.1419098143236074,5
Q8TEU7,RAPGEF6,False,False,False,1601,0.33479075577763895,0.16427232979387882,1
Q8TEV9,SMCR8,False,False,False,937,0.23372465314834578,0.16969050160085378,1
Q8TEW0,PARD3,False,False,False,1356,0.6674041297935103,0.15117994100294985,1
Q8TEX9,IPO4,False,False,False,1081,0.058279370952821465,0.1026827012025902,2
Q8TEY5,CREB3L4,False,False,False,395,0.2898089171974522,0.13924050632911392,1
Q8TF39,ZNF483,False,False,False,744,0.2898089171974522,0.16129032258064516,2
Q8TF40,FNIP1,False,False,False,1166,0.17667238421955403,0.16981132075471697,7
Q8TF42,UBASH3B,False,False,False,649,0.032357473035439135,0.1448382126348228,2
Q8TF50,ZNF526,False,False,False,670,0.4671641791044776,0.13432835820895522,1
Q8TF68,ZNF384,True,False,False,577,0.5407279029462738,0.18024263431542462,11
Q8TF74,WIPF2,True,False,False,440,1.0,0.13636363636363635,7
Q8WTQ7,GRK7,False,False,False,553,0.2898089171974522,0.09584086799276673,1
Q8WTR2,DUSP19,False,False,False,217,0.03686635944700461,0.15207373271889402,1
Q8WU10,PYROXD1,False,False,False,500,0.046,0.116,1
Q8WU20,FRS2,False,False,False,508,0.7224409448818898,0.1673228346456693,2
Q8WU58,FAM222B,False,False,False,562,0.701067615658363,0.14590747330960854,1
Q8WU79,SMAP2,False,False,False,429,0.32167832167832167,0.12354312354312354,3
Q8WUA7,TBC1D22A,False,False,False,517,0.3694390715667311,0.1276595744680851,1
Q8WUF5,PPP1R13L,False,False,False,828,0.7391304347826086,0.1388888888888889,1
Q8WUF8,ARB2A,False,False,False,416,0.2898089171974522,0.12259615384615384,1
Q8WUH6,TMEM263,True,False,False,116,0.4224137931034483,0.16379310344827586,5
Q8WUI4,HDAC7,False,False,False,952,0.2898089171974522,0.1323529411764706,2
Q8WUM0,NUP133,False,False,True,1156,0.05795847750865052,0.14965397923875431,1
Q8WUM4,PDCD6IP,False,False,False,868,0.21313364055299538,0.11635944700460829,8
Q8WUR7,C15orf40,False,False,False,153,0.49019607843137253,0.13071895424836602,3
Q8WUS8,SDR42E1,False,False,False,393,0.005089058524173028,0.10941475826972011,1
Q8WV16,DCAF4,False,False,False,495,0.18181818181818182,0.14545454545454545,1
Q8WV99,ZFAND2B,False,False,False,257,0.5175097276264592,0.1517509727626459,2
Q8WVE6,TMEM171,False,False,False,324,0.36728395061728397,0.13271604938271606,1
Q8WVJ2,NUDCD2,False,False,False,157,0.012738853503184714,0.1337579617834395,2
Q8WVJ9,TWIST2,False,False,False,160,0.4375,0.19375,2
Q8WVM7,STAG1,False,False,False,1258,0.24483306836248012,0.11685214626391097,1
Q8WVM8,SCFD1,False,False,False,642,0.05763239875389408,0.12305295950155763,1
Q8WVR3,TRAPPC14,False,False,False,580,0.2898089171974522,0.14310344827586208,2
Q8WW01,TSEN15,False,False,False,171,0.2898089171974522,0.1286549707602339,1
Q8WW12,PCNP,True,False,False,178,0.9775280898876404,0.1797752808988764,4
Q8WW24,TEKT4,False,False,False,435,0.2413793103448276,0.13333333333333333,1
Q8WW59,SPRYD4,False,False,False,207,0.2898089171974522,0.12560386473429952,1
Q8WWH5,TRUB1,False,False,False,349,0.15472779369627507,0.17478510028653296,4
Q8WWI1,LMO7,True,False,False,1683,0.47296494355317886,0.17052881758764113,27
Q8WWI5,SLC44A1,False,False,False,657,0.0,0.1263318112633181,1
Q8WWK9,CKAP2,False,False,False,683,0.6456808199121523,0.1800878477306003,1
Q8WWM7,ATXN2L,True,False,False,1075,0.8669767441860465,0.15627906976744185,17
Q8WWQ0,PHIP,False,False,False,1821,0.3975837451949478,0.14881933003844042,3
Q8WWR8,NEU4,False,False,False,484,0.2898089171974522,0.13429752066115702,1
Q8WWV3,RTN4IP1,False,False,False,396,0.010101010101010102,0.12373737373737374,1
Q8WX93,PALLD,True,False,False,1383,0.6109906001446131,0.16702819956616052,10
Q8WXE0,CASKIN2,False,False,False,1202,0.5998336106489185,0.13643926788685523,1
Q8WXF0,SRSF12,False,False,False,261,0.7088122605363985,0.23754789272030652,1
Q8WXF1,PSPC1,False,False,False,523,0.5927342256214149,0.07074569789674952,1
Q8WXG6,MADD,False,False,False,1647,0.34547662416514874,0.15846994535519127,2
Q8WXH0,SYNE2,False,False,False,6885,0.1363834422657952,0.12316630355846042,5
Q8WXI4,ACOT11,False,False,False,607,0.06919275123558484,0.128500823723229,1
Q8WXI7,MUC16,False,False,False,14507,0.8094712897222031,0.35968842627696973,3
Q8WXI9,GATAD2B,True,False,False,593,0.6694772344013491,0.13490725126475547,18
Q8WXK1,ASB15,False,False,False,588,0.022108843537414966,0.08503401360544217,1
Q8WXX5,DNAJC9,False,False,False,260,0.2898089171974522,0.08461538461538462,1
Q8WY36,BBX,True,False,False,941,0.6981934112646121,0.1594048884165781,6
Q8WYA6,CTNNBL1,False,False,False,563,0.16163410301953818,0.07992895204262877,2
Q8WYP5,AHCTF1,True,False,True,2266,0.3773168578993822,0.17122683142100617,13
Q8WYQ9,ZCCHC14,True,False,False,949,0.5922023182297155,0.21812434141201265,8
Q8WZ42,TTN,False,False,False,34350,0.1885589519650655,0.14582241630276566,14
Q8WZ64,ARAP2,False,False,False,1704,0.15023474178403756,0.15140845070422534,1
Q92508,PIEZO1,False,False,False,2521,0.1400238000793336,0.10432368107893693,1
Q92540,SMG7,True,False,False,1137,0.5074758135444152,0.167985927880387,4
Q92541,RTF1,True,False,False,710,0.6647887323943662,0.14366197183098592,3
Q92542,NCSTN,False,False,False,709,0.019746121297602257,0.15937940761636107,5
Q92545,TMEM131,False,False,False,1883,0.31492299522039296,0.19224641529474243,1
Q92547,TOPBP1,False,False,False,1522,0.2871222076215506,0.14586070959264127,1
Q92552,MRPS27,False,False,False,414,0.0821256038647343,0.1111111111111111,2
Q92567,FAM168A,False,False,False,244,0.2898089171974522,0.18442622950819673,1
Q92569,PIK3R3,False,False,False,461,0.05639913232104121,0.09544468546637744,1
Q92570,NR4A3,False,False,False,626,0.33386581469648563,0.1597444089456869,5
Q92574,TSC1,False,False,False,1164,0.49226804123711343,0.15979381443298968,1
Q92576,PHF3,True,False,False,2039,0.693477194703286,0.15497793035801863,18
Q92585,MAML1,False,False,False,1016,0.952755905511811,0.16535433070866143,12
Q92598,HSPH1,False,False,False,858,0.27972027972027974,0.10139860139860139,1
Q92609,TBC1D5,False,False,False,795,0.3672955974842767,0.15471698113207547,3
Q92610,ZNF592,False,False,False,1267,0.5919494869771112,0.17205998421468036,5
Q92615,LARP4B,True,False,False,738,0.6490514905149052,0.16395663956639567,3
Q92618,ZNF516,False,False,False,1163,0.6268271711092004,0.1358555460017197,1
Q92619,ARHGAP45,False,False,False,1136,0.45422535211267606,0.13380281690140844,1
Q92621,NUP205,False,False,True,2012,0.018886679920477135,0.110337972166998,2
Q92628,KIAA0232,False,False,False,1395,0.2898089171974522,0.18351254480286738,1
Q92667,AKAP1,False,False,False,903,0.4274640088593577,0.1583610188261351,2
Q92673,SORL1,False,False,False,2214,0.01038843721770551,0.14363143631436315,1
Q92733,PRCC,True,False,False,491,0.8778004073319755,0.13034623217922606,5
Q92734,TFG,False,False,False,400,0.7075,0.15,3
Q92736,RYR2,False,False,False,4967,0.07690759009462453,0.11576404268169921,1
Q92738,USP6NL,False,False,False,828,0.5217391304347826,0.13405797101449277,2
Q92750,TAF4B,False,False,False,862,0.22273781902552203,0.19721577726218098,11
Q92766,RREB1,False,False,False,1687,0.5773562537048014,0.15234143449911083,9
Q92769,HDAC2,False,False,False,488,0.26229508196721313,0.09631147540983606,2
Q92777,SYN2,False,False,False,582,0.2898089171974522,0.15463917525773196,2
Q92791,P3H4,False,False,False,437,0.14874141876430205,0.06407322654462243,1
Q92793,CREBBP,True,False,False,2442,0.6797706797706797,0.14373464373464373,24
Q92794,KAT6A,False,False,False,2004,0.6347305389221557,0.15568862275449102,1
Q92797,SYMPK,False,False,False,1274,0.239403453689168,0.11695447409733124,3
Q92819,HAS2,False,False,False,552,0.02355072463768116,0.13043478260869565,2
Q92820,GGH,False,False,False,318,0.2898089171974522,0.12264150943396226,1
Q92826,HOXB13,False,False,False,284,0.2676056338028169,0.1267605633802817,2
Q92835,INPP5D,False,False,False,1189,0.4095878889823381,0.1614802354920101,2
Q92841,DDX17,True,False,False,729,0.3635116598079561,0.12071330589849108,9
Q92854,SEMA4D,False,False,False,862,0.08004640371229699,0.14501160092807425,4
Q92859,NEO1,False,False,False,1461,0.2898089171974522,0.17864476386036962,1
Q92878,RAD50,False,False,False,1312,0.25685975609756095,0.11051829268292683,4
Q92896,GLG1,False,False,False,1179,0.07124681933842239,0.09584393553859202,1
Q92900,UPF1,False,False,False,1129,0.21612046058458814,0.12134632418069087,1
Q92903,CDS1,False,False,False,461,0.11713665943600868,0.13449023861171366,1
Q92917,GPKOW,True,False,False,476,0.5756302521008403,0.1092436974789916,5
Q92918,MAP4K1,False,False,False,833,0.24849939975990396,0.1332533013205282,1
Q92922,SMARCC1,False,False,False,1105,0.5076923076923077,0.10407239819004525,1
Q92925,SMARCD2,False,False,False,531,0.3615819209039548,0.0847457627118644,1
Q92945,KHSRP,True,False,False,711,0.829817158931083,0.07454289732770746,9
Q92973,TNPO1,False,False,False,898,0.051224944320712694,0.0935412026726058,1
Q92974,ARHGEF2,False,False,False,986,0.33975659229208927,0.13793103448275862,1
Q92985,IRF7,False,False,False,503,0.3658051689860835,0.11332007952286283,1
Q92990,GLMN,False,False,False,594,0.005050505050505051,0.10101010101010101,1
Q92997,DVL3,False,False,False,716,0.4972067039106145,0.1829608938547486,2
Q93009,USP7,False,False,False,1102,0.10617059891107078,0.09709618874773139,2
Q93038,TNFRSF25,False,False,False,417,0.2898089171974522,0.11270983213429256,2
Q93052,LPP,True,False,False,612,0.6290849673202614,0.13725490196078433,13
Q93074,MED12,False,False,False,2177,0.2898089171974522,0.14469453376205788,2
Q93097,WNT2B,False,False,False,391,0.02557544757033248,0.12020460358056266,1
Q93099,HGD,False,False,False,445,0.0651685393258427,0.10786516853932585,1
Q969H0,FBXW7,False,False,False,707,0.28995756718529,0.15983026874115983,2
Q969L4,LSM10,False,False,False,123,0.2898089171974522,0.11382113821138211,2
Q969P6,TOP1MT,False,False,False,601,0.11647254575707154,0.08985024958402663,1
Q969Q1,TRIM63,False,False,False,353,0.11331444759206799,0.11898016997167139,1
Q969R5,L3MBTL2,False,False,False,705,0.24397163120567375,0.12907801418439716,1
Q969T3,SNX21,False,False,False,373,0.34048257372654156,0.10723860589812333,1
Q969T9,WBP2,False,False,False,261,0.2898089171974522,0.10344827586206896,1
Q969V3,NCLN,False,False,False,563,0.028419182948490232,0.11900532859680284,2
Q969V4,TEKT1,False,False,False,418,0.07177033492822966,0.09569377990430622,1
Q969V6,MRTFA,False,False,False,931,0.80343716433942,0.17293233082706766,2
Q96A73,KIAA1191,False,False,False,305,0.7901639344262295,0.16721311475409836,1
Q96AE4,FUBP1,False,False,False,644,0.7857142857142857,0.07919254658385093,5
Q96AE7,TTC17,False,False,False,1141,0.13409290096406662,0.11042944785276074,2
Q96AG3,SLC25A46,False,False,False,418,0.20574162679425836,0.14354066985645933,3
Q96AP0,ACD,False,False,False,458,0.4279475982532751,0.17903930131004367,1
Q96AQ1,CCDC74A,False,False,False,378,0.8518518518518519,0.1402116402116402,1
Q96AQ6,PBXIP1,False,False,False,731,0.719562243502052,0.10533515731874145,1
Q96AX2,RAB37,False,False,False,223,0.1031390134529148,0.14349775784753363,1
Q96AY3,FKBP10,False,False,False,582,0.140893470790378,0.0979381443298969,5
Q96AY4,TTC28,False,False,False,2481,0.23740427247077792,0.1430874647319629,5
Q96B18,DACT3,False,False,False,629,0.8171701112877583,0.14626391096979333,2
Q96B23,ARK2N,False,False,False,404,0.8712871287128713,0.22277227722772278,2
Q96B49,TOMM6,True,False,False,74,0.14864864864864866,0.10810810810810811,3
Q96B97,SH3KBP1,True,False,False,665,0.6466165413533834,0.15789473684210525,5
Q96BD5,PHF21A,True,False,False,680,0.5926470588235294,0.1661764705882353,14
Q96BJ8,ELMO3,False,False,False,720,0.07777777777777778,0.10555555555555556,2
Q96BK5,PINX1,False,False,False,328,0.8689024390243902,0.1402439024390244,1
Q96BR6,ZNF669,False,False,False,464,0.036637931034482756,0.14439655172413793,1
Q96BT1,C3orf49,False,False,False,292,0.3595890410958904,0.15753424657534246,1
Q96BY6,DOCK10,False,False,False,2186,0.0626715462031107,0.14364135407136322,2
Q96BY7,ATG2B,False,False,False,2078,0.1900866217516843,0.16121270452358036,1
Q96BZ4,PLD4,False,False,False,506,0.07312252964426877,0.1383399209486166,1
Q96C19,EFHD2,False,False,False,240,0.31666666666666665,0.09166666666666666,1
Q96C36,PYCR2,False,False,False,320,0.01875,0.140625,2
Q96C86,DCPS,False,False,False,337,0.10089020771513353,0.08605341246290801,1
Q96CB8,INTS12,True,False,False,462,0.70995670995671,0.23809523809523808,11
Q96CP2,FLYWCH2,False,False,False,140,0.9571428571428572,0.1357142857142857,1
Q96CP6,GRAMD1A,False,False,False,724,0.3011049723756906,0.1781767955801105,1
Q96CS3,FAF2,False,False,False,445,0.2651685393258427,0.10112359550561797,1
Q96CV9,OPTN,False,False,False,577,0.5805892547660312,0.13344887348353554,2
Q96CW5,TUBGCP3,False,False,False,907,0.10033076074972437,0.13671444321940462,1
Q96CX3,ZNF501,False,False,False,271,0.07380073800738007,0.15129151291512916,1
Q96D15,RCN3,False,False,False,328,0.4420731707317073,0.07926829268292683,1
Q96D71,REPS1,False,False,False,796,0.7135678391959799,0.1871859296482412,3
Q96DB5,RMDN1,False,False,False,314,0.01910828025477707,0.11464968152866242,1
Q96DB9,FXYD5,False,False,False,178,0.2898089171974522,0.24157303370786518,1
Q96DF8,ESS2,False,False,False,476,0.7542016806722689,0.13655462184873948,3
Q96DH6,MSI2,False,False,False,328,0.2347560975609756,0.11585365853658537,1
Q96DI7,SNRNP40,False,False,False,357,0.09803921568627451,0.14285714285714285,1
Q96DM1,PGBD4,False,False,False,585,0.18974358974358974,0.13675213675213677,1
Q96DN6,MBD6,False,False,False,1003,0.8863409770687937,0.16051844466600199,1
Q96DX4,RSPRY1,False,False,False,576,0.125,0.13541666666666666,1
Q96DY2,DRC10,False,False,False,449,0.2898089171974522,0.08240534521158129,1
Q96DY7,MTBP,False,False,False,904,0.2898089171974522,0.15597345132743362,1
Q96E11,MRRF,False,False,False,262,0.16793893129770993,0.1297709923664122,1
Q96E93,KLRG1,False,False,False,195,0.020512820512820513,0.17435897435897435,1
Q96EB1,ELP4,False,False,False,424,0.02830188679245283,0.1391509433962264,2
Q96EB6,SIRT1,False,False,False,747,0.4926372155287818,0.10977242302543508,1
Q96EF0,MTMR8,False,False,False,704,0.03125,0.12926136363636365,1
Q96EG3,ZNF837,False,False,False,531,0.3804143126177024,0.10922787193973635,1
Q96EH5,RPL39L,False,False,False,51,0.2898089171974522,0.13725490196078433,2
Q96EK5,KIFBP,False,False,False,621,0.09017713365539452,0.07568438003220612,1
Q96ES7,SGF29,False,False,False,293,0.24232081911262798,0.10580204778156997,1
Q96EV2,RBM33,True,False,False,1170,0.9230769230769231,0.11367521367521367,10
Q96EV8,DTNBP1,False,False,False,351,0.4131054131054131,0.15954415954415954,2
Q96EY7,PTCD3,False,False,False,689,0.06966618287373004,0.13352685050798258,2
Q96EZ4,MYEOV,False,False,False,313,0.1501597444089457,0.134185303514377,1
Q96F07,CYFIP2,False,False,False,1278,0.01564945226917058,0.10328638497652583,2
Q96F45,ZNF503,False,False,False,646,0.5495356037151703,0.19195046439628483,1
Q96F46,IL17RA,False,False,False,866,0.22863741339491916,0.11547344110854503,1
Q96F86,EDC3,False,False,False,508,0.2898089171974522,0.12992125984251968,1
Q96FC7,PHYHIPL,False,False,False,376,0.09308510638297872,0.14095744680851063,1
Q96G23,CERS2,False,False,False,380,0.05526315789473684,0.10263157894736842,1
Q96G28,CFAP36,False,False,False,342,0.5146198830409356,0.10526315789473684,1
Q96G42,KLHDC7B,False,False,False,594,0.3838383838383838,0.13468013468013468,1
Q96GD3,SCMH1,False,False,False,660,0.2696969696969697,0.15454545454545454,1
Q96GM5,SMARCD1,False,False,False,515,0.30097087378640774,0.10097087378640776,1
Q96GM8,TOE1,False,False,False,510,0.3352941176470588,0.12352941176470589,1
Q96GW7,BCAN,False,False,False,911,0.33040614709110866,0.11745334796926454,1
Q96GX5,MASTL,False,False,False,879,0.2571103526734926,0.16382252559726962,3
Q96GY0,ZC2HC1A,False,False,False,325,0.676923076923077,0.1476923076923077,2
Q96HA1,POM121,True,True,True,1249,0.6805444355484388,0.24899919935948758,41
Q96HA7,TONSL,False,False,False,1378,0.2910014513788099,0.11538461538461539,2
Q96HB5,CCDC120,False,False,False,630,0.7301587301587301,0.1380952380952381,1
Q96HC4,PDLIM5,True,False,False,596,0.5620805369127517,0.17785234899328858,27
Q96HD1,CRELD1,False,False,False,420,0.04285714285714286,0.09761904761904762,2
Q96HE7,ERO1A,False,False,False,468,0.010683760683760684,0.10042735042735043,1
Q96HI0,SENP5,False,False,False,755,0.2847682119205298,0.1337748344370861,1
Q96HP0,DOCK6,False,False,False,2047,0.1446018563751832,0.13043478260869565,1
Q96HW7,INTS4,False,False,False,963,0.033229491173416406,0.11734164070612668,1
Q96I24,FUBP3,True,False,False,572,0.43356643356643354,0.10664335664335664,16
Q96I59,NARS2,False,False,False,477,0.0,0.1111111111111111,1
Q96IQ9,ZNF414,False,False,False,312,0.2898089171974522,0.15705128205128205,1
Q96IV0,NGLY1,False,False,False,654,0.2898089171974522,0.14067278287461774,1
Q96IZ0,PAWR,False,False,False,340,0.8235294117647058,0.12941176470588237,2
Q96IZ5,RBM41,False,False,False,413,0.2736077481840194,0.14043583535108958,2
Q96IZ7,RSRC1,False,False,False,334,0.8532934131736527,0.20658682634730538,2
Q96J42,TXNDC15,False,False,False,360,0.2898089171974522,0.12777777777777777,3
Q96JB6,LOXL4,False,False,False,756,0.05026455026455026,0.10846560846560846,1
Q96JB8,MPP4,False,False,False,637,0.054945054945054944,0.10832025117739404,1
Q96JE9,MAP6,False,False,False,813,0.9532595325953259,0.1057810578105781,4
Q96JF6,ZNF594,False,False,False,807,0.13011152416356878,0.13506815365551425,1
Q96JG6,VPS50,False,False,False,964,0.11099585062240663,0.13174273858921162,1
Q96JG9,ZNF469,False,False,False,3953,0.9034394904458599,0.14925373134328357,1
Q96JH7,VCPIP1,True,False,False,1222,0.3707037643207856,0.13993453355155483,6
Q96JK9,MAML3,False,False,False,1138,0.9543057996485061,0.14411247803163443,2
Q96JM2,ZNF462,False,False,False,2506,0.3655227454110136,0.14684756584197925,5
Q96JM3,CHAMP1,True,False,False,812,0.6527093596059114,0.17118226600985223,8
Q96JN0,LCOR,False,False,False,433,0.7136258660508084,0.20554272517321015,2
Q96JY6,PDLIM2,False,False,False,352,0.6221590909090909,0.19886363636363635,5
Q96K21,ZFYVE19,True,False,False,471,0.6624203821656051,0.11677282377919321,3
Q96K80,ZC3H10,False,False,False,434,0.5391705069124424,0.12903225806451613,2
Q96K83,ZNF521,False,False,False,1311,0.18840579710144928,0.15636918382913806,1
Q96KA5,CLPTM1L,False,False,False,538,0.03717472118959108,0.12825278810408922,1
Q96KB5,PBK,False,False,False,322,0.2898089171974522,0.12111801242236025,1
Q96KJ9,COX4I2,False,False,False,171,0.2898089171974522,0.09941520467836257,1
Q96KM6,ZNF512B,True,False,False,892,0.6221973094170403,0.13789237668161436,19
Q96KR1,ZFR,True,False,False,1074,0.39757914338919925,0.1610800744878957,59
Q96KW2,POM121L2,False,False,False,1035,0.5990338164251208,0.24154589371980675,2
Q96KX2,CAPZA3,False,False,False,299,0.0,0.07692307692307693,1
Q96L73,NSD1,False,False,False,2696,0.56973293768546,0.15096439169139467,2
Q96L91,EP400,True,False,False,3159,0.5397277619499842,0.13706869262424817,54
Q96LC9,BMF,False,False,False,184,0.41847826086956524,0.08695652173913043,1
Q96LI5,CNOT6L,False,False,False,555,0.021621621621621623,0.10990990990990991,1
Q96LI9,CXorf58,False,False,False,332,0.09337349397590361,0.1144578313253012,2
Q96LL4,C8orf48,False,False,False,319,0.31974921630094044,0.1724137931034483,1
Q96LU7,MYRFL,False,False,False,910,0.1978021978021978,0.14835164835164835,1
Q96LW1,ZNF354B,False,False,False,612,0.07516339869281045,0.16339869281045752,1
Q96LW4,PRIMPOL,False,False,False,560,0.08392857142857142,0.11607142857142858,1
Q96M02,C10orf90,False,False,False,699,0.4721030042918455,0.1473533619456366,1
Q96M27,PRRC1,True,False,False,445,0.4651685393258427,0.18202247191011237,23
Q96M29,TEKT5,False,False,False,485,0.016494845360824743,0.12989690721649486,2
Q96M60,FAM227B,False,False,False,508,0.2898089171974522,0.14566929133858267,2
Q96M83,CCDC7,False,False,False,1385,0.5617328519855596,0.16462093862815885,1
Q96M91,CFAP53,False,False,False,514,0.42412451361867703,0.054474708171206226,1
Q96M93,ADAD1,False,False,False,576,0.2898089171974522,0.14583333333333334,1
Q96MB7,HARBI1,False,False,False,349,0.06303724928366762,0.1489971346704871,1
Q96ME7,ZNF512,False,False,False,567,0.4126984126984127,0.13756613756613756,1
Q96MH7,C5orf34,False,False,False,638,0.08307210031347963,0.16614420062695925,1
Q96MK2,RIPOR3,False,False,False,946,0.2898089171974522,0.13742071881606766,1
Q96MM7,HS6ST2,False,False,False,605,0.2528925619834711,0.12892561983471074,1
Q96MU7,YTHDC1,False,False,False,727,0.7565337001375516,0.12929848693259974,1
Q96MW7,TIGD1,False,False,False,591,0.10152284263959391,0.155668358714044,1
Q96MY1,NOL4L,True,False,False,436,0.731651376146789,0.21330275229357798,8
Q96MY7,FAM161B,False,False,False,647,0.6630602782071098,0.13601236476043277,1
Q96N06,SPATA33,False,False,False,139,0.9496402877697842,0.17985611510791366,2
Q96N46,TTC14,False,False,False,770,0.43896103896103894,0.15454545454545454,2
Q96N64,PWWP2A,False,False,False,755,0.2898089171974522,0.1695364238410596,1
Q96N67,DOCK7,False,False,False,2140,0.11448598130841121,0.1453271028037383,3
Q96N76,UROC1,False,False,False,676,0.02514792899408284,0.10355029585798817,2
Q96NB3,ZNF830,False,False,False,372,0.7446236559139785,0.12634408602150538,1
Q96NJ3,ZNF285,False,False,False,590,0.2898089171974522,0.12372881355932204,1
Q96NJ6,ZFP3,False,False,False,502,0.2649402390438247,0.13346613545816732,1
Q96NU0,CNTNAP3B,False,False,False,1288,0.06521739130434782,0.15372670807453417,1
Q96NW7,LRRC7,False,False,False,1537,0.5933636955107352,0.15159401431359792,2
Q96P09,BIRC8,False,False,False,236,0.2898089171974522,0.11016949152542373,2
Q96P16,RPRD1A,False,False,False,312,0.08974358974358974,0.125,1
Q96P50,ACAP3,False,False,False,834,0.2898089171974522,0.12589928057553956,1
Q96PC5,MIA2,False,False,False,1412,0.5276203966005666,0.13526912181303116,1
Q96PF2,TSSK2,False,False,False,358,0.20670391061452514,0.11173184357541899,1
Q96PK6,RBM14,True,False,False,669,0.3183856502242152,0.17189835575485798,17
Q96PN6,ADCY10,False,False,False,1610,0.004968944099378882,0.09937888198757763,3
Q96PP9,GBP4,False,False,False,640,0.096875,0.1046875,1
Q96PU5,NEDD4L,False,False,False,975,0.41743589743589743,0.12512820512820513,2
Q96PU8,QKI,False,False,False,341,0.2873900293255132,0.0967741935483871,3
Q96PV0,SYNGAP1,False,False,False,1343,0.5249441548771407,0.14668652271034996,1
Q96PV6,LENG8,False,False,False,800,0.5825,0.14875,4
Q96PY5,FMNL2,False,False,False,1086,0.2265193370165746,0.10589318600368323,4
Q96PZ0,PUS7,False,False,False,661,0.18608169440242056,0.12254160363086233,1
Q96Q04,LMTK3,False,False,False,1460,0.7123287671232876,0.11232876712328767,1
Q96Q11,TRNT1,False,False,False,434,0.004608294930875576,0.10138248847926268,1
Q96Q15,SMG1,False,False,False,3661,0.10243102977328598,0.14804698169898936,1
Q96Q89,KIF20B,False,False,False,1820,0.26153846153846155,0.1357142857142857,5
Q96QB1,DLC1,False,False,False,1528,0.42408376963350786,0.1695026178010471,1
Q96QC0,PPP1R10,False,False,False,940,0.7734042553191489,0.10425531914893617,4
Q96QE3,ATAD5,False,False,False,1844,0.3774403470715835,0.17516268980477223,1
Q96QE5,TEFM,False,False,False,360,0.005555555555555556,0.14444444444444443,1
Q96QF7,GCNA,False,False,False,691,0.2898089171974522,0.1678726483357453,2
Q96QS3,ARX,False,False,False,562,0.5622775800711743,0.12811387900355872,1
Q96QT6,PHF12,True,False,False,1004,0.4541832669322709,0.16533864541832669,14
Q96QZ7,MAGI1,False,False,False,1491,0.6217303822937625,0.1441985244802146,1
Q96R06,SPAG5,False,False,False,1193,0.3512154233025985,0.16680637049455155,1
Q96RD6,PANX2,False,False,False,677,0.36336779911373707,0.09453471196454949,1
Q96RD7,PANX1,False,False,False,426,0.09154929577464789,0.12441314553990611,1
Q96RE7,NACC1,False,False,False,527,0.2898089171974522,0.14231499051233396,1
Q96RK0,CIC,False,False,False,2517,0.8482587064676617,0.17044100119189512,7
Q96RN5,MED15,True,False,False,788,0.5862944162436549,0.13324873096446702,10
Q96RP9,GFM1,False,False,False,751,0.013315579227696404,0.10652463382157124,1
Q96RR4,CAMKK2,False,False,False,588,0.3792517006802721,0.12755102040816327,1
Q96RT1,ERBIN,False,False,False,1412,0.5906515580736544,0.1678470254957507,2
Q96RT8,TUBGCP5,False,False,False,1024,0.1025390625,0.130859375,2
Q96RW7,HMCN1,False,False,False,5635,0.04081632653061224,0.14960070984915705,2
Q96RY5,CRAMP1,False,False,False,1269,0.6178092986603625,0.16863672182821118,1
Q96S06,LMF1,False,False,False,567,0.07054673721340388,0.10758377425044091,1
Q96S15,WDR24,False,False,False,790,0.13037974683544304,0.1291139240506329,1
Q96S16,JMJD8,False,False,False,264,0.06060606060606061,0.125,1
Q96S52,PIGS,False,False,False,555,0.02702702702702703,0.12792792792792793,2
Q96S55,WRNIP1,False,False,False,665,0.38345864661654133,0.12631578947368421,1
Q96SB8,SMC6,False,False,False,1091,0.21448212648945922,0.10174152153987168,2
Q96SD1,DCLRE1C,False,False,False,692,0.32803468208092484,0.1791907514450867,1
Q96SI9,STRBP,False,False,False,672,0.24702380952380953,0.13392857142857142,1
Q96ST2,IWS1,False,False,False,819,0.8192918192918193,0.16361416361416362,6
Q96ST3,SIN3A,True,False,False,1273,0.3307148468185389,0.12097407698350353,11
Q96T23,RSF1,False,False,False,1441,0.2898089171974522,0.15197779319916724,1
Q96T37,RBM15,False,False,False,977,0.548618219037871,0.16376663254861823,2
Q96T51,RUFY1,False,False,False,708,0.2669491525423729,0.10734463276836158,1
Q96T58,SPEN,True,False,False,3664,0.7330786026200873,0.16593886462882096,69
Q96TA1,NIBAN2,False,False,False,746,0.22117962466487937,0.11528150134048257,1
Q96TA2,YME1L1,False,False,False,773,0.04139715394566624,0.13971539456662355,5
Q99081,TCF12,False,False,False,682,0.9325513196480938,0.24926686217008798,16
Q99424,ACOX2,False,False,False,681,0.0,0.12922173274596183,1
Q99439,CNN2,False,False,False,309,0.22653721682847897,0.1423948220064725,3
Q99456,KRT12,False,False,False,494,0.2898089171974522,0.15182186234817813,1
Q99460,PSMD1,False,False,False,953,0.1322140608604407,0.1080797481636936,1
Q99490,AGAP2,False,False,False,1192,0.5469798657718121,0.18540268456375839,1
Q99496,RNF2,False,False,False,336,0.4107142857142857,0.1636904761904762,1
Q99504,EYA3,True,False,False,573,0.3228621291448517,0.20593368237347295,8
Q99536,VAT1,False,False,False,393,0.14249363867684478,0.09669211195928754,1
Q99538,LGMN,False,False,False,433,0.06466512702078522,0.11778290993071594,1
Q99543,DNAJC2,False,False,False,621,0.42351046698872785,0.10144927536231885,3
Q99550,MPHOSPH9,False,False,False,1183,0.2898089171974522,0.19864750633981404,1
Q99569,PKP4,False,False,False,1192,0.4966442953020134,0.18875838926174496,1
Q99575,POP1,False,False,False,1024,0.3662109375,0.1259765625,1
Q99583,MNT,False,False,False,582,0.8247422680412371,0.12027491408934708,3
Q99590,SCAF11,False,False,False,1463,0.6582365003417635,0.19275461380724537,5
Q99594,TEAD3,False,False,False,435,0.135632183908046,0.14942528735632185,3
Q99607,ELF4,False,False,False,663,0.5957767722473605,0.20361990950226244,4
Q99613,EIF3C,False,False,False,913,0.27163198247535597,0.11062431544359255,1
Q99614,TTC1,False,False,False,292,0.5034246575342466,0.10616438356164383,2
Q99623,PHB2,False,False,False,299,0.0033444816053511705,0.10702341137123746,1
Q99627,COPS8,False,False,False,209,0.009569377990430622,0.09569377990430622,1
Q99640,PKMYT1,False,False,False,499,0.2865731462925852,0.1282565130260521,1
Q99661,KIF2C,False,False,False,725,0.33793103448275863,0.13517241379310344,2
Q99666,RGPD5,False,False,False,1765,0.2898089171974522,0.14674220963172804,3
Q99674,CGREF1,False,False,False,318,0.2898089171974522,0.07547169811320754,1
Q99698,LYST,False,False,False,3801,0.08892396737700606,0.1420678768745067,2
Q99700,ATXN2,True,False,False,1313,0.8697638994668697,0.18354912414318356,18
Q99714,HSD17B10,False,False,False,261,0.02681992337164751,0.09578544061302682,1
Q99715,COL12A1,False,False,False,3063,0.3081945804766569,0.16552399608227228,1
Q99717,SMAD5,False,False,False,465,0.2731182795698925,0.15053763440860216,2
Q99728,BARD1,False,False,False,777,0.3063063063063063,0.15444015444015444,1
Q99729,HNRNPAB,False,False,False,332,0.4246987951807229,0.0963855421686747,1
Q99808,SLC29A1,False,False,False,456,0.03728070175438596,0.13815789473684212,1
Q99816,TSG101,False,False,False,390,0.30512820512820515,0.13333333333333333,1
Q99835,SMO,False,False,False,787,0.2898089171974522,0.1207115628970775,1
Q99856,ARID3A,False,False,False,593,0.6172006745362564,0.1163575042158516,4
Q99959,PKP2,False,False,False,881,0.318955732122588,0.16004540295119182,1
Q99961,SH3GL1,False,False,False,368,0.33695652173913043,0.10869565217391304,2
Q99963,SH3GL3,False,False,False,347,0.0893371757925072,0.11815561959654179,1
Q99973,TEP1,False,False,False,2627,0.07194518462124096,0.1347544727826418,2
Q99985,SEMA3C,False,False,False,751,0.07323568575233022,0.14647137150466044,1
Q9BPX5,ARPC5L,False,False,False,153,0.1830065359477124,0.10457516339869281,1
Q9BPZ2,SPIN2B,False,False,False,258,0.27906976744186046,0.10852713178294573,1
Q9BPZ7,MAPKAP1,False,False,False,522,0.11302681992337164,0.15900383141762453,2
Q9BQ04,RBM4B,False,False,False,359,0.10306406685236769,0.13649025069637882,2
Q9BQ24,ZFYVE21,False,False,False,234,0.004273504273504274,0.11538461538461539,1
Q9BQ52,ELAC2,False,False,False,826,0.18159806295399517,0.11138014527845036,1
Q9BQ75,CMSS1,False,False,False,279,0.34050179211469533,0.1111111111111111,1
Q9BQC3,DPH2,False,False,False,489,0.16359918200409,0.10429447852760736,2
Q9BQF6,SENP7,False,False,False,1050,0.40095238095238095,0.19428571428571428,1
Q9BQG0,MYBBP1A,False,False,False,1328,0.26957831325301207,0.12424698795180723,2
Q9BQI6,SLF1,False,False,False,1058,0.09168241965973535,0.12570888468809074,1
Q9BR76,CORO1B,False,False,False,489,0.1738241308793456,0.12474437627811862,2
Q9BRQ8,AIFM2,False,False,False,373,0.00804289544235925,0.1260053619302949,1
Q9BRR8,GPATCH1,False,False,False,931,0.635875402792696,0.1460794844253491,1
Q9BRZ2,TRIM56,False,False,False,755,0.2898089171974522,0.09536423841059603,2
Q9BS26,ERP44,True,False,False,406,0.07389162561576355,0.10591133004926108,5
Q9BSH4,TACO1,False,False,False,297,0.21885521885521886,0.10101010101010101,1
Q9BSJ2,TUBGCP2,False,False,False,902,0.2898089171974522,0.12638580931263857,1
Q9BSJ8,ESYT1,False,False,False,1104,0.16304347826086957,0.12771739130434784,2
Q9BSQ5,CCM2,False,False,False,444,0.12837837837837837,0.17342342342342343,1
Q9BT09,CNPY3,False,False,False,278,0.2302158273381295,0.13309352517985612,2
Q9BTA9,WAC,True,False,False,647,0.7897990726429676,0.23647604327666152,15
Q9BTC0,DIDO1,True,False,False,2240,0.7950892857142857,0.13660714285714284,32
Q9BTK6,PAGR1,False,False,False,254,1.0,0.14566929133858267,3
Q9BTV7,CABLES2,False,False,False,478,0.45188284518828453,0.1297071129707113,1
Q9BTX1,NDC1,False,False,True,674,0.09347181008902077,0.1632047477744807,1
Q9BU23,LMF2,False,False,False,707,0.2898089171974522,0.13012729844413012,1
Q9BU40,CHRDL1,False,False,False,456,0.1074561403508772,0.11842105263157894,1
Q9BUG6,ZSCAN5A,False,False,False,496,0.45564516129032256,0.14516129032258066,1
Q9BUH6,PAXX,False,False,False,204,0.39215686274509803,0.11764705882352941,1
Q9BUJ2,HNRNPUL1,True,False,False,856,0.572429906542056,0.10046728971962617,7
Q9BUL9,RPP25,False,False,False,199,0.592964824120603,0.1306532663316583,1
Q9BUV8,RAB5IF,False,False,False,137,0.2898089171974522,0.08759124087591241,1
Q9BV19,C1orf50,False,False,False,199,0.2898089171974522,0.10050251256281408,1
Q9BV35,SLC25A23,False,False,False,468,0.12179487179487179,0.10683760683760683,1
Q9BV73,CEP250,False,False,False,2442,0.4369369369369369,0.10073710073710074,2
Q9BVA0,KATNB1,False,False,False,655,0.24122137404580152,0.1465648854961832,1
Q9BVC6,TMEM109,False,False,False,243,0.00823045267489712,0.11934156378600823,1
Q9BVL2,NUP58,True,True,True,599,0.2671118530884808,0.24373956594323873,44
Q9BVP2,GNL3,False,False,False,549,0.3588342440801457,0.11839708561020036,1
Q9BVQ7,AFG2B,False,False,False,753,0.2898089171974522,0.11288180610889774,1
Q9BVT8,TMUB1,False,False,False,246,0.42276422764227645,0.14634146341463414,2
Q9BVW5,TIPIN,False,False,False,301,0.2898089171974522,0.10631229235880399,1
Q9BW30,TPPP3,False,False,False,176,0.13636363636363635,0.125,1
Q9BW62,KATNAL1,False,False,False,490,0.21836734693877552,0.09795918367346938,1
Q9BW92,TARS2,False,False,False,718,0.2898089171974522,0.116991643454039,1
Q9BWF2,TRAIP,False,False,False,469,0.18763326226012794,0.1279317697228145,2
Q9BWF3,RBM4,True,False,False,364,0.09065934065934066,0.1346153846153846,11
Q9BWG4,SSBP4,False,False,False,385,0.7558441558441559,0.14285714285714285,1
Q9BWK5,CYREN,False,False,False,157,0.6878980891719745,0.17834394904458598,1
Q9BWN1,PRR14,False,False,False,585,0.8957264957264958,0.1606837606837607,1
Q9BWT6,MND1,False,False,False,205,0.05365853658536585,0.11219512195121951,1
Q9BWW4,SSBP3,False,False,False,388,0.7835051546391752,0.13402061855670103,2
Q9BX66,SORBS1,False,False,False,1292,0.6927244582043344,0.18885448916408668,1
Q9BX84,TRPM6,False,False,False,2022,0.1211671612265084,0.1414441147378833,1
Q9BXB4,OSBPL11,False,False,False,747,0.3038821954484605,0.17269076305220885,1
Q9BXC9,BBS2,False,False,False,721,0.020804438280166437,0.13730929264909847,1
Q9BXF6,RAB11FIP5,False,False,False,653,0.5803981623277182,0.18529862174578868,1
Q9BXJ3,C1QTNF4,False,False,False,329,0.19148936170212766,0.11550151975683891,2
Q9BXL7,CARD11,False,False,False,1154,0.2902946273830156,0.12478336221837089,1
Q9BXP5,SRRT,False,False,False,876,0.54337899543379,0.08333333333333333,1
Q9BXS0,COL25A1,False,False,False,654,0.926605504587156,0.05504587155963303,1
Q9BXS4,TMEM59,False,False,False,323,0.2898089171974522,0.15789473684210525,1
Q9BXS5,AP1M1,False,False,False,423,0.02364066193853428,0.12529550827423167,1
Q9BXS6,NUSAP1,False,False,False,441,0.8367346938775511,0.1655328798185941,3
Q9BXT4,TDRD1,False,False,False,1180,0.13728813559322034,0.12203389830508475,1
Q9BXT5,TEX15,False,False,False,2789,0.2843313015417712,0.18321979204015776,3
Q9BXT6,MOV10L1,False,False,False,1211,0.09744013212221304,0.129644921552436,1
Q9BXU1,STK31,False,False,False,1019,0.040235525024533855,0.12463199214916584,2
Q9BXU7,USP26,False,False,False,913,0.22343921139101863,0.13143483023001096,2
Q9BXW6,OSBPL1A,False,False,False,950,0.19157894736842104,0.12210526315789473,1
Q9BXW7,HDHD5,False,False,False,423,0.0591016548463357,0.0851063829787234,1
Q9BXW9,FANCD2,False,False,False,1451,0.2898089171974522,0.1447277739490007,2
Q9BXX3,ANKRD30A,False,False,False,1397,0.5082319255547602,0.12884753042233357,1
Q9BY19,MS4A8,False,False,False,250,0.2898089171974522,0.144,2
Q9BY42,RTF2,False,False,False,306,0.2898089171974522,0.13398692810457516,2
Q9BY49,PECR,False,False,False,303,0.0,0.1353135313531353,1
Q9BY77,POLDIP3,False,False,False,421,0.40380047505938244,0.1330166270783848,1
Q9BYC2,OXCT2,False,False,False,517,0.017408123791102514,0.09671179883945841,1
Q9BYD1,MRPL13,False,False,False,178,0.2898089171974522,0.08426966292134831,2
Q9BYE2,TMPRSS13,False,False,False,586,0.2815699658703072,0.18600682593856654,1
Q9BYG7,MRO,False,False,False,248,0.2898089171974522,0.12096774193548387,1
Q9BYJ9,YTHDF1,True,False,False,559,0.5384615384615384,0.16457960644007155,15
Q9BYP7,WNK3,False,False,False,1800,0.4888888888888889,0.18833333333333332,3
Q9BYV7,BCO2,False,False,False,579,0.0017271157167530224,0.10880829015544041,1
Q9BYV8,CEP41,False,False,False,373,0.5201072386058981,0.14209115281501342,1
Q9BYV9,BACH2,False,False,False,841,0.4328180737217598,0.1629013079667063,3
Q9BYW2,SETD2,False,False,False,2564,0.608034321372855,0.18330733229329174,2
Q9BYX2,TBC1D2,False,False,False,928,0.2349137931034483,0.10129310344827586,1
Q9BZ95,NSD3,False,False,False,1437,0.38343771746694505,0.14335421016005567,1
Q9BZA7,PCDH11X,False,False,False,1347,0.2898089171974522,0.16258351893095768,1
Q9BZE4,GTPBP4,False,False,False,634,0.31703470031545744,0.09779179810725552,1
Q9BZE9,ASPSCR1,False,False,False,553,0.39059674502712477,0.12839059674502712,1
Q9BZF2,OSBPL7,False,False,False,842,0.29097387173396677,0.1543942992874109,2
Q9BZF9,UACA,False,False,False,1416,0.23022598870056496,0.11087570621468927,1
Q9BZL6,PRKD2,False,False,False,878,0.17312072892938496,0.1378132118451025,2
Q9BZM4,ULBP3,False,False,False,244,0.028688524590163935,0.12295081967213115,1
Q9BZR8,BCL2L14,False,False,False,327,0.04281345565749235,0.14984709480122324,1
Q9BZY9,TRIM31,False,False,False,425,0.2376470588235294,0.13647058823529412,1
Q9C099,LRRCC1,False,False,False,1032,0.1753875968992248,0.10562015503875968,1
Q9C0A1,ZFHX2,False,False,False,2572,0.6030326594090202,0.14541213063763608,1
Q9C0A6,SETD5,True,False,False,1442,0.6719833564493759,0.21220527045769763,22
Q9C0B2,CFAP74,False,False,False,1584,0.18686868686868688,0.1351010101010101,1
Q9C0B9,ZCCHC2,False,False,False,1178,0.5823429541595926,0.15959252971137522,2
Q9C0C2,TNKS1BP1,False,False,False,1729,0.94679005205321,0.16483516483516483,2
Q9C0C7,AMBRA1,True,False,False,1298,0.536979969183359,0.19183359013867488,10
Q9C0D2,CEP295,False,False,False,2601,0.4786620530565167,0.17262591311034217,5
Q9C0D5,TANC1,False,False,False,1861,0.415905427189683,0.169263836646964,11
Q9C0D7,ZC3H12C,False,False,False,883,0.5402038505096263,0.15741789354473387,2
Q9C0E4,GRIP2,False,False,False,1043,0.39789069990412274,0.15436241610738255,2
Q9C0F0,ASXL3,False,False,False,2248,0.7166370106761566,0.20551601423487545,2
Q9C0F1,CEP44,False,False,False,390,0.13846153846153847,0.14358974358974358,4
Q9C0G0,ZNF407,False,False,False,2248,0.3927935943060498,0.15747330960854092,1
Q9C0I3,CCSER1,False,False,False,900,0.5922222222222222,0.21888888888888888,1
Q9C0K7,STRADB,False,False,False,418,0.0430622009569378,0.19617224880382775,2
Q9GZM5,YIPF3,False,False,False,350,0.2057142857142857,0.1,3
Q9GZN7,ROGDI,False,False,False,287,0.006968641114982578,0.12195121951219512,1
Q9GZR1,SENP6,False,False,False,1112,0.4064748201438849,0.1447841726618705,1
Q9GZR5,ELOVL4,False,False,False,314,0.03184713375796178,0.11146496815286625,1
Q9GZX9,TWSG1,False,False,False,223,0.03139013452914798,0.13901345291479822,1
Q9GZY0,NXF2,False,False,False,626,0.09584664536741214,0.15175718849840256,1
Q9GZY8,MFF,False,False,False,342,0.5029239766081871,0.14912280701754385,3
Q9H015,SLC22A4,False,False,False,551,0.0,0.12522686025408347,1
Q9H069,DRC3,False,False,False,523,0.03441682600382409,0.07839388145315487,2
Q9H082,RAB33B,False,False,False,229,0.048034934497816595,0.13100436681222707,1
Q9H089,LSG1,False,False,False,658,0.3860182370820669,0.13069908814589665,1
Q9H0A0,NAT10,False,False,False,1025,0.07512195121951219,0.11121951219512195,1
Q9H0D6,XRN2,False,False,False,950,0.2898089171974522,0.08315789473684211,1
Q9H0E3,SAP130,True,False,False,1048,0.773854961832061,0.1946564885496183,39
Q9H0E9,BRD8,True,False,False,1235,0.5740890688259109,0.1522267206477733,9
Q9H0H5,RACGAP1,False,False,False,632,0.26424050632911394,0.15822784810126583,2
Q9H0K6,PUS7L,False,False,False,701,0.0456490727532097,0.10271041369472182,1
Q9H0M4,ZCWPW1,False,False,False,648,0.6635802469135802,0.1419753086419753,1
Q9H0W8,SMG9,False,False,False,520,0.4288461538461538,0.14038461538461539,1
Q9H147,DNTTIP1,False,False,False,329,0.3161094224924012,0.0911854103343465,1
Q9H161,ALX4,False,False,False,411,0.6131386861313869,0.15815085158150852,2
Q9H173,SIL1,False,False,False,461,0.14099783080260303,0.10845986984815618,1
Q9H175,CSRNP2,False,False,False,543,0.37937384898710863,0.16758747697974216,1
Q9H1A4,ANAPC1,False,False,False,1944,0.09104938271604938,0.15174897119341563,3
Q9H1B7,IRF2BPL,True,False,False,796,0.6118090452261307,0.14321608040201006,12
Q9H1D0,TRPV6,True,False,False,765,0.050980392156862744,0.10065359477124183,3
Q9H1E5,TMX4,False,False,False,349,0.38968481375358166,0.10601719197707736,1
Q9H1H9,KIF13A,False,False,False,1805,0.2598337950138504,0.15069252077562326,1
Q9H1J7,WNT5B,False,False,False,359,0.008356545961002786,0.11420612813370473,2
Q9H1K0,RBSN,False,False,False,784,0.5573979591836735,0.13010204081632654,3
Q9H1Z4,WDR13,False,False,False,485,0.16494845360824742,0.1422680412371134,1
Q9H257,CARD9,False,False,False,536,0.2898089171974522,0.09328358208955224,1
Q9H267,VPS33B,False,False,False,617,0.009724473257698542,0.11183144246353323,1
Q9H269,VPS16,False,False,False,839,0.015494636471990465,0.09415971394517282,1
Q9H270,VPS11,False,False,False,941,0.02763018065887354,0.11583421891604676,1
Q9H2C0,GAN,False,False,False,597,0.02680067001675042,0.10887772194304858,2
Q9H2D6,TRIOBP,False,False,False,2365,0.854122621564482,0.1894291754756871,2
Q9H2F5,EPC1,True,False,False,836,0.37320574162679426,0.1638755980861244,5
Q9H2P0,ADNP,True,False,False,1102,0.4319419237749546,0.1515426497277677,6
Q9H2T7,RANBP17,False,False,False,1088,0.004595588235294118,0.13511029411764705,1
Q9H2U2,PPA2,False,False,False,334,0.08982035928143713,0.10179640718562874,1
Q9H2X6,HIPK2,False,False,False,1198,0.39398998330550916,0.20784641068447413,5
Q9H2Y7,ZNF106,False,False,False,1883,0.6808284652150823,0.18852894317578334,5
Q9H307,PNN,False,False,False,717,0.900976290097629,0.18410041841004185,1
Q9H330,TMEM245,False,False,False,879,0.09328782707622298,0.13651877133105803,1
Q9H334,FOXP1,True,False,False,677,0.5081240768094535,0.15066469719350073,6
Q9H361,PABPC3,False,False,False,631,0.30427892234548337,0.12361331220285261,2
Q9H3G5,CPVL,False,False,False,476,0.0,0.09873949579831932,1
Q9H3K2,GHITM,False,False,False,345,0.0,0.13333333333333333,1
Q9H3Q1,CDC42EP4,False,False,False,356,0.8792134831460674,0.16853932584269662,1
Q9H3S7,PTPN23,False,False,False,1636,0.41748166259168706,0.1100244498777506,5
Q9H3U1,UNC45A,False,False,False,944,0.038135593220338986,0.10805084745762712,1
Q9H3Z7,ABHD16B,False,False,False,469,0.2898089171974522,0.08742004264392324,2
Q9H410,DSN1,False,False,False,356,0.2898089171974522,0.1853932584269663,1
Q9H422,HIPK3,False,False,False,1215,0.2898089171974522,0.17777777777777778,1
Q9H425,C1orf198,False,False,False,327,0.8103975535168195,0.15902140672782875,2
Q9H444,CHMP4B,False,False,False,224,0.7946428571428571,0.08482142857142858,1
Q9H4A3,WNK1,True,False,False,2382,0.6557514693534845,0.22124265323257766,49
Q9H4B4,PLK3,False,False,False,646,0.20278637770897834,0.1238390092879257,1
Q9H4F1,ST6GALNAC4,False,False,False,302,0.0,0.1423841059602649,1
Q9H4G0,EPB41L1,True,False,False,881,0.5368898978433598,0.1623155505107832,9
Q9H4I2,ZHX3,True,False,False,956,0.4341004184100418,0.16527196652719664,13
Q9H4I9,SMDT1,False,False,False,107,0.2898089171974522,0.14953271028037382,1
Q9H4Z2,ZNF335,False,False,False,1342,0.5521609538002981,0.16095380029806258,1
Q9H582,ZNF644,False,False,False,1327,0.36397889977392617,0.1710625470987189,5
Q9H598,SLC32A1,False,False,False,525,0.08190476190476191,0.10285714285714286,1
Q9H5I5,PIEZO2,False,False,False,2752,0.1431686046511628,0.12609011627906977,1
Q9H5K3,POMK,False,False,False,350,0.2898089171974522,0.12571428571428572,1
Q9H694,BICC1,False,False,False,974,0.49794661190965095,0.18993839835728954,2
Q9H6B1,ZNF385D,False,False,False,395,0.43037974683544306,0.18227848101265823,1
Q9H6D7,HAUS4,False,False,False,363,0.0,0.10192837465564739,1
Q9H6K1,ILRUN,False,False,False,298,0.34563758389261745,0.14429530201342283,1
Q9H6K4,OPA3,False,False,False,179,0.2898089171974522,0.055865921787709494,1
Q9H6L2,TMEM231,False,False,False,316,0.2898089171974522,0.11708860759493671,2
Q9H6Q3,SLA2,False,False,False,261,0.11877394636015326,0.1685823754789272,1
Q9H6Q4,CIAO3,False,False,False,476,0.04201680672268908,0.11974789915966387,2
Q9H6R3,ACSS3,False,False,False,686,0.03935860058309038,0.11370262390670553,1
Q9H6R7,WDCP,False,False,False,721,0.2898089171974522,0.18446601941747573,1
Q9H6S0,YTHDC2,False,False,False,1430,0.193006993006993,0.13916083916083916,3
Q9H707,ZNF552,False,False,False,407,0.085995085995086,0.15233415233415235,1
Q9H788,SH2D4A,False,False,False,454,0.4713656387665198,0.10572687224669604,1
Q9H792,PEAK1,True,False,False,1746,0.5790378006872853,0.17583046964490265,7
Q9H7D0,DOCK5,False,False,False,1870,0.11925133689839572,0.12887700534759358,1
Q9H7E2,TDRD3,False,False,False,651,0.2898089171974522,0.1382488479262673,1
Q9H7J1,PPP1R3E,False,False,False,279,0.5232974910394266,0.07526881720430108,1
Q9H7N4,SCAF1,False,False,False,1312,0.9291158536585366,0.19054878048780488,2
Q9H7P9,PLEKHG2,False,False,False,1386,0.6774891774891775,0.14862914862914864,6
Q9H7S9,ZNF703,False,False,False,590,0.5898305084745763,0.1847457627118644,3
Q9H7U1,CCSER2,False,False,False,834,0.6882494004796164,0.18585131894484413,2
Q9H845,ACAD9,False,False,False,621,0.00644122383252818,0.12721417069243157,3
Q9H8J5,MANSC1,False,False,False,431,0.2898089171974522,0.22505800464037123,1
Q9H8M1,COQ10B,False,False,False,238,0.0,0.14705882352941177,2
Q9H8V3,ECT2,True,False,False,914,0.17833698030634573,0.15645514223194748,5
Q9H8W2,LINC00472,False,False,False,130,0.2898089171974522,0.13846153846153847,1
Q9H8W3,FAM204A,False,False,False,233,0.2898089171974522,0.13304721030042918,1
Q9H8Y5,ANKZF1,False,False,False,726,0.5027548209366391,0.12121212121212122,1
Q9H8Y8,GORASP2,True,False,False,452,0.5420353982300885,0.18805309734513273,9
Q9H910,JPT2,False,False,False,190,1.0,0.15789473684210525,4
Q9H939,PSTPIP2,False,False,False,334,0.12874251497005987,0.09880239520958084,1
Q9H992,MARCHF7,False,False,False,704,0.2898089171974522,0.2571022727272727,1
Q9H9A5,CNOT10,False,False,False,744,0.2898089171974522,0.1196236559139785,1
Q9H9B4,SFXN1,False,False,False,322,0.018633540372670808,0.12422360248447205,2
Q9H9D4,ZNF408,False,False,False,720,0.44027777777777777,0.11527777777777778,2
Q9H9S5,FKRP,False,False,False,495,0.2898089171974522,0.07474747474747474,1
Q9H9Y2,RPF1,False,False,False,349,0.4068767908309456,0.12034383954154727,1
Q9H9Z2,LIN28A,False,False,False,209,0.31100478468899523,0.09569377990430622,1
Q9HAH7,FBRS,False,False,False,460,0.7086956521739131,0.10217391304347827,3
Q9HAP2,MLXIP,True,False,False,919,0.49183895538628947,0.16539717083786726,8
Q9HAR2,ADGRL3,False,False,False,1447,0.2898089171974522,0.16102280580511402,1
Q9HAS3,SLC28A3,False,False,False,691,0.11287988422575977,0.14327062228654125,2
Q9HAT2,SIAE,False,False,False,523,0.0076481835564053535,0.13957934990439771,1
Q9HAU0,PLEKHA5,False,False,False,1116,0.6505376344086021,0.16308243727598568,5
Q9HAU5,UPF2,False,False,False,1272,0.4276729559748428,0.10062893081761007,1
Q9HAW0,BRF2,False,False,False,419,0.26730310262529833,0.14081145584725538,3
Q9HAW4,CLSPN,False,False,False,1339,0.7893950709484691,0.15011202389843167,2
Q9HAW7,UGT1A7,False,False,False,530,0.2898089171974522,0.11509433962264151,1
Q9HAY6,BCO1,False,False,False,547,0.03656307129798903,0.12979890310786105,1
Q9HB21,PLEKHA1,True,False,False,404,0.3118811881188119,0.14603960396039603,4
Q9HB29,IL1RL2,False,False,False,575,0.0,0.12173913043478261,1
Q9HB71,CACYBP,False,False,False,228,0.15789473684210525,0.14035087719298245,1
Q9HB75,PIDD1,False,False,False,910,0.2898089171974522,0.10659340659340659,1
Q9HBB8,CDHR5,False,False,False,845,0.49467455621301776,0.1727810650887574,1
Q9HBD1,RC3H2,True,False,False,1191,0.36607892527287994,0.16120906801007556,25
Q9HBF4,ZFYVE1,False,False,False,777,0.04247104247104247,0.1287001287001287,3
Q9HBG7,LY9,False,False,False,655,0.27938931297709924,0.19389312977099238,3
Q9HBK9,AS3MT,False,False,False,375,0.0,0.10133333333333333,1
Q9HBL0,TNS1,False,False,False,1839,0.6634005763688761,0.17944535073409462,1
Q9HBM6,TAF9B,True,False,False,251,0.4940239043824701,0.14741035856573706,8
Q9HC07,TMEM165,False,False,False,324,0.13271604938271606,0.11419753086419752,2
Q9HC35,EML4,False,False,False,981,0.29255861365953106,0.1671763506625892,2
Q9HC78,ZBTB20,True,False,False,741,0.4750337381916329,0.19433198380566802,17
Q9HC84,MUC5B,False,False,False,5762,0.5019090593543908,0.3200277681360639,10
Q9HCD5,NCOA5,True,False,False,579,0.7132987910189983,0.14853195164075994,18
Q9HCD6,TANC2,True,False,False,1990,0.4055276381909548,0.16432160804020102,9
Q9HCE3,ZNF532,True,False,False,1301,0.415065334358186,0.186010760953113,4
Q9HCF6,TRPM3,False,False,False,1732,0.18879907621247113,0.12990762124711316,1
Q9HCH5,SYTL2,False,False,False,934,0.6145610278372591,0.1734475374732334,1
Q9HCK1,ZDBF2,False,False,False,2354,0.46559048428207306,0.15972812234494477,2
Q9HCK8,CHD8,True,False,False,2581,0.43510267338240993,0.13444401394808214,11
Q9HCM2,PLXNA4,False,False,False,1894,0.02164730728616684,0.13146779303062303,3
Q9HCM7,FBRSL1,False,False,False,1045,0.8172248803827751,0.12535885167464114,2
Q9HCN8,SDF2L1,False,False,False,221,0.2579185520361991,0.14479638009049775,1
Q9HCS2,CYP4F12,False,False,False,524,0.0,0.11450381679389313,1
Q9HCS5,EPB41L4A,False,False,False,686,0.5204081632653061,0.1588921282798834,1
Q9HCU4,CELSR2,False,False,False,2923,0.20253164556962025,0.14539856312008212,2
Q9HD33,MRPL47,False,False,False,250,0.024,0.096,2
Q9HD90,NEUROD4,False,False,False,331,0.44108761329305135,0.17220543806646527,3
Q9HDB9,ERVK-5,False,False,False,667,0.3148425787106447,0.11094452773613193,1
Q9HDC9,APMAP,False,False,False,416,0.09375,0.12740384615384615,4
Q9NP61,ARFGAP3,False,False,False,516,0.3488372093023256,0.19573643410852712,1
Q9NP62,GCM1,False,False,False,436,0.21559633027522937,0.15825688073394495,1
Q9NP71,MLXIPL,False,False,False,852,0.5269953051643192,0.15492957746478872,3
Q9NP78,ABCB9,False,False,False,766,0.2898089171974522,0.13446475195822455,2
Q9NPD8,UBE2T,False,False,False,197,0.29441624365482233,0.09137055837563451,1
Q9NPF2,CHST11,False,False,False,352,0.2898089171974522,0.12215909090909091,1
Q9NPF5,DMAP1,False,False,False,467,0.41755888650963596,0.10920770877944326,5
Q9NPG3,UBN1,True,False,False,1134,0.6419753086419753,0.16137566137566137,22
Q9NPG4,PCDH12,True,False,False,1184,0.34459459459459457,0.14442567567567569,3
Q9NPI6,DCP1A,True,False,False,582,0.5618556701030928,0.1872852233676976,6
Q9NPR9,GPR108,False,False,False,543,0.06261510128913444,0.11602209944751381,2
Q9NQ66,PLCB1,False,False,False,1216,0.26480263157894735,0.12417763157894737,4
Q9NQ76,MEPE,False,False,False,525,0.9123809523809524,0.15428571428571428,1
Q9NQC3,RTN4,False,False,False,1192,0.5385906040268457,0.1686241610738255,7
Q9NQG7,HPS4,False,False,False,708,0.3615819209039548,0.1483050847457627,1
Q9NQI0,DDX4,False,False,False,724,0.39088397790055246,0.1408839779005525,1
Q9NQL9,DMRT3,False,False,False,472,0.5677966101694916,0.1694915254237288,1
Q9NQS3,NECTIN3,False,False,False,549,0.056466302367941715,0.14571948998178508,1
Q9NQS5,GPR84,False,False,False,396,0.14393939393939395,0.13636363636363635,1
Q9NQS7,INCENP,False,False,False,918,0.8398692810457516,0.12962962962962962,3
Q9NQT5,EXOSC3,False,False,False,275,0.2898089171974522,0.09090909090909091,1
Q9NQV6,PRDM10,False,False,False,1147,0.5562336530078466,0.15257192676547515,4
Q9NQW6,ANLN,False,False,False,1124,0.5062277580071174,0.19483985765124556,2
Q9NQX3,GPHN,True,False,False,736,0.24456521739130435,0.13722826086956522,3
Q9NQZ7,ENTPD7,False,False,False,604,0.014900662251655629,0.10430463576158941,1
Q9NR09,BIRC6,False,False,False,4857,0.1424747786699609,0.16368128474366894,2
Q9NR12,PDLIM7,True,False,False,457,0.4485776805251641,0.12691466083150985,13
Q9NR30,DDX21,False,False,False,783,0.3563218390804598,0.1277139208173691,3
Q9NR50,EIF2B3,False,False,False,452,0.03761061946902655,0.11504424778761062,1
Q9NR56,MBNL1,False,False,False,388,0.07731958762886598,0.12886597938144329,4
Q9NR64,KLHL1,False,False,False,748,0.22192513368983957,0.14304812834224598,1
Q9NRA8,EIF4ENIF1,False,False,False,985,0.6994923857868021,0.16142131979695432,4
Q9NRB3,CHST12,False,False,False,414,0.1570048309178744,0.10144927536231885,1
Q9NRC8,SIRT7,False,False,False,400,0.1925,0.1325,1
Q9NRD8,DUOX2,False,False,False,1548,0.06718346253229975,0.1078811369509044,1
Q9NRE2,TSHZ2,False,False,False,1034,0.2898089171974522,0.19148936170212766,1
Q9NRG0,CHRAC1,False,False,False,131,0.183206106870229,0.1450381679389313,1
Q9NRG9,AAAS,False,False,False,546,0.12454212454212454,0.15934065934065933,2
Q9NRJ2,GSN-AS1,False,False,False,163,0.2898089171974522,0.22085889570552147,1
Q9NRJ4,TULP4,False,False,False,1543,0.4497731691510045,0.1574854180168503,1
Q9NRL3,STRN4,False,False,False,753,0.3758300132802125,0.13147410358565736,2
Q9NRM2,ZNF277,False,False,False,450,0.06666666666666667,0.10222222222222223,1
Q9NRM7,LATS2,False,False,False,1088,0.5450367647058824,0.12040441176470588,3
Q9NRR4,DROSHA,False,False,False,1374,0.39665211062590977,0.1091703056768559,1
Q9NRR5,UBQLN4,False,False,False,601,0.6655574043261231,0.1713810316139767,1
Q9NRX1,PNO1,False,False,False,252,0.25793650793650796,0.1111111111111111,2
Q9NS40,KCNH7,False,False,False,1196,0.25418060200668896,0.15719063545150502,1
Q9NS73,MBIP,False,False,False,344,0.34593023255813954,0.10755813953488372,1
Q9NS91,RAD18,False,False,False,495,0.4626262626262626,0.1717171717171717,3
Q9NSB8,HOMER2,False,False,False,354,0.3192090395480226,0.1638418079096045,1
Q9NSC2,SALL1,False,False,False,1324,0.5498489425981873,0.21374622356495468,1
Q9NSC7,ST6GALNAC1,True,False,False,600,0.37333333333333335,0.145,4
Q9NSI2,SLX9,False,False,False,230,0.2898089171974522,0.10434782608695652,1
Q9NSI6,BRWD1,False,False,False,2320,0.4504310344827586,0.16724137931034483,3
Q9NSK0,KLC4,False,False,False,619,0.40549273021001614,0.12439418416801293,2
Q9NSV4,DIAPH3,False,False,False,1193,0.30511316010058676,0.10645431684828165,1
Q9NSY1,BMP2K,False,False,False,1161,0.6339362618432386,0.1438415159345392,3
Q9NTI5,PDS5B,False,False,False,1447,0.26883206634416035,0.12577747062888736,1
Q9NTK1,DEPP1,False,False,False,212,0.8773584905660378,0.16037735849056603,1
Q9NTM9,CUTC,False,False,False,273,0.2898089171974522,0.13553113553113552,1
Q9NTU4,CATSPERZ,False,False,False,200,0.605,0.165,1
Q9NTX5,ECHDC1,False,False,False,307,0.0,0.13680781758957655,1
Q9NTX7,RNF146,False,False,False,359,0.479108635097493,0.17827298050139276,1
Q9NTZ6,RBM12,True,False,False,932,0.5633047210300429,0.11695278969957082,17
Q9NU22,MDN1,False,False,False,5596,0.134024303073624,0.12151536812008577,1
Q9NUL3,STAU2,False,False,False,570,0.5894736842105263,0.1280701754385965,2
Q9NUL7,DDX28,False,False,False,540,0.053703703703703705,0.12777777777777777,1
Q9NUM4,TMEM106B,False,False,False,274,0.0948905109489051,0.15693430656934307,1
Q9NUT2,ABCB8,False,False,False,735,0.0326530612244898,0.1251700680272109,1
Q9NUU6,OTULINL,False,False,False,356,0.05056179775280899,0.1151685393258427,1
Q9NUW8,TDP1,True,False,False,608,0.25164473684210525,0.14967105263157895,8
Q9NV06,DCAF13,False,False,False,445,0.2898089171974522,0.11910112359550562,1
Q9NV66,TYW1,False,False,False,732,0.15163934426229508,0.11885245901639344,1
Q9NVA2,SEPTIN11,False,False,False,429,0.21678321678321677,0.11188811188811189,1
Q9NVH1,DNAJC11,False,False,False,559,0.07155635062611806,0.12701252236135957,1
Q9NVH2,INTS7,False,False,False,962,0.04885654885654886,0.14656964656964658,2
Q9NVI1,FANCI,False,False,False,1328,0.03765060240963856,0.14231927710843373,2
Q9NVM4,PRMT7,False,False,False,692,0.2898089171974522,0.10982658959537572,1
Q9NVQ4,FAIM,False,False,False,179,0.2898089171974522,0.12849162011173185,1
Q9NVR2,INTS10,False,False,False,710,0.05211267605633803,0.1028169014084507,2
Q9NW08,POLR3B,False,False,False,1133,0.04148278905560459,0.10679611650485436,1
Q9NW64,RBM22,False,False,False,420,0.40714285714285714,0.10952380952380952,1
Q9NW82,WDR70,False,False,False,654,0.45871559633027525,0.154434250764526,1
Q9NWS8,RMND1,False,False,False,449,0.11804008908685969,0.12249443207126949,1
Q9NWX6,THG1L,False,False,False,298,0.016778523489932886,0.11073825503355705,1
Q9NWY4,HPF1,False,False,False,346,0.057803468208092484,0.0838150289017341,1
Q9NX00,TMEM160,False,False,False,188,0.2898089171974522,0.0851063829787234,1
Q9NX14,NDUFB11,False,False,False,153,0.2549019607843137,0.10457516339869281,1
Q9NX40,OCIAD1,False,False,False,245,0.49795918367346936,0.15510204081632653,1
Q9NX47,MARCHF5,False,False,False,278,0.0,0.08273381294964029,2
Q9NX95,SYBU,False,False,False,663,0.5248868778280543,0.19004524886877827,1
Q9NXD2,MTMR10,False,False,False,777,0.06048906048906049,0.14543114543114544,2
Q9NXE4,SMPD4,False,False,False,866,0.04734411085450346,0.13394919168591224,1
Q9NXE8,CWC25,False,False,False,425,0.7576470588235295,0.12941176470588237,2
Q9NXF1,TEX10,False,False,False,929,0.07534983853606028,0.13885898815931108,1
Q9NXG0,CNTLN,False,False,False,1405,0.37508896797153024,0.14163701067615658,2
Q9NXV6,CDKN2AIP,True,False,False,580,0.4879310344827586,0.2689655172413793,24
Q9NXX6,NSMCE4A,False,False,False,385,0.38181818181818183,0.12987012987012986,1
Q9NY33,DPP3,False,False,False,737,0.031207598371777476,0.12075983717774763,1
Q9NY61,AATF,False,False,False,560,0.49642857142857144,0.11964285714285715,2
Q9NY74,ETAA1,False,False,False,926,0.5107991360691144,0.19978401727861772,1
Q9NY99,SNTG2,False,False,False,539,0.11688311688311688,0.15213358070500926,1
Q9NYB0,TERF2IP,False,False,False,399,0.531328320802005,0.12280701754385964,1
Q9NYB9,ABI2,False,False,False,513,0.5847953216374269,0.17738791423001948,3
Q9NYC9,DNAH9,False,False,False,4486,0.014043691484618814,0.11012037449843959,1
Q9NYD6,HOXC10,False,False,False,342,0.49707602339181284,0.17543859649122806,4
Q9NYF3,FAM53C,False,False,False,392,0.6224489795918368,0.17857142857142858,1
Q9NYF8,BCLAF1,True,False,False,920,0.9032608695652173,0.20978260869565218,10
Q9NYJ8,TAB2,True,False,False,693,0.7085137085137085,0.19480519480519481,9
Q9NYL4,FKBP11,False,False,False,201,0.2898089171974522,0.08955223880597014,1
Q9NYL9,TMOD3,False,False,False,352,0.2556818181818182,0.11931818181818182,1
Q9NYP9,MIS18A,False,False,False,233,0.0,0.15450643776824036,2
Q9NYQ6,CELSR1,False,False,False,3014,0.16224286662242868,0.13570006635700066,1
Q9NYQ7,CELSR3,False,False,False,3312,0.2922705314009662,0.1388888888888889,2
Q9NYU2,UGGT1,False,False,False,1555,0.03472668810289389,0.11961414790996784,1
Q9NYV4,CDK12,True,False,False,1490,0.7476510067114094,0.18859060402684563,17
Q9NYY1,IL20,False,False,False,176,0.2898089171974522,0.14204545454545456,1
Q9NZ09,UBAP1,False,False,False,502,0.3107569721115538,0.16533864541832669,1
Q9NZ52,GGA3,False,False,False,723,0.3969571230982019,0.1479944674965422,1
Q9NZ53,PODXL2,False,False,False,605,0.628099173553719,0.15041322314049588,1
Q9NZH7,IL36B,False,False,False,164,0.036585365853658534,0.12195121951219512,2
Q9NZI5,GRHL1,False,False,False,618,0.21035598705501618,0.1423948220064725,1
Q9NZJ4,SACS,False,False,False,4579,0.027080148504040183,0.12753876392225377,2
Q9NZK5,ADA2,False,False,False,511,0.0,0.11350293542074363,1
Q9NZL4,HSPBP1,False,False,False,359,0.3147632311977716,0.0947075208913649,1
Q9NZL9,MAT2B,False,False,False,334,0.041916167664670656,0.08982035928143713,1
Q9NZM1,MYOF,False,False,False,2061,0.09267345948568656,0.11450752062105773,3
Q9NZM3,ITSN2,False,False,False,1697,0.2009428403064231,0.13376546847377727,2
Q9NZM4,BICRA,False,False,False,1560,0.7557692307692307,0.14807692307692308,5
Q9NZN8,CNOT2,True,False,False,540,0.6,0.17962962962962964,15
Q9NZQ3,NCKIPSD,False,False,False,722,0.29916897506925205,0.14127423822714683,2
Q9NZV1,CRIM1,False,False,False,1036,0.0009652509652509653,0.11486486486486487,3
Q9NZZ3,CHMP5,False,False,False,219,0.6118721461187214,0.0958904109589041,2
Q9P016,THYN1,False,False,False,225,0.30666666666666664,0.13777777777777778,1
Q9P0J7,KCMF1,False,False,False,381,0.6377952755905512,0.2020997375328084,4
Q9P0K7,RAI14,False,False,False,980,0.2898089171974522,0.15510204081632653,1
Q9P0L0,VAPA,False,False,False,249,0.4779116465863454,0.14056224899598393,1
Q9P0M6,MACROH2A2,False,False,False,372,0.29838709677419356,0.1478494623655914,1
Q9P0T7,TMEM9,False,False,False,183,0.10382513661202186,0.08743169398907104,2
Q9P0X4,CACNA1I,False,False,False,2223,0.33018443544759335,0.12280701754385964,2
Q9P1A6,DLGAP2,False,False,False,1054,0.6110056925996205,0.1774193548387097,1
Q9P1Y5,CAMSAP3,False,False,False,1249,0.6269015212169736,0.14091273018414732,5
Q9P1Y6,PHRF1,False,False,False,1649,0.7853244390539721,0.17101273499090358,1
Q9P202,WHRN,False,False,False,907,0.41565600882028664,0.16207276736493936,1
Q9P212,PLCE1,False,False,False,2302,0.1993918331885317,0.158123370981755,1
Q9P218,COL20A1,False,False,False,1284,0.36838006230529596,0.15031152647975077,2
Q9P219,CCDC88C,False,False,False,2028,0.5675542406311637,0.13560157790927022,4
Q9P227,ARHGAP23,False,False,False,1491,0.2898089171974522,0.1522468142186452,1
Q9P242,NYAP2,False,False,False,653,0.8591117917304747,0.2082695252679939,1
Q9P258,RCC2,False,False,False,522,0.23371647509578544,0.12452107279693486,1
Q9P265,DIP2B,False,False,False,1576,0.1998730964467005,0.14784263959390864,4
Q9P267,MBD5,False,False,False,1494,0.7001338688085676,0.17804551539491298,1
Q9P270,SLAIN2,False,False,False,581,0.8812392426850258,0.2099827882960413,2
Q9P2B4,CTTNBP2NL,False,False,False,639,0.7683881064162754,0.18935837245696402,1
Q9P2D1,CHD7,False,False,False,2997,0.5165165165165165,0.12312312312312312,3
Q9P2D6,FAM135A,False,False,False,1515,0.21386138613861386,0.18217821782178217,2
Q9P2D7,DNAH1,False,False,False,4265,0.05158264947245018,0.11910902696365767,1
Q9P2D8,UNC79,False,False,False,2635,0.1870967741935484,0.1426944971537002,2
Q9P2I0,CPSF2,False,False,False,782,0.16879795396419436,0.11381074168797954,1
Q9P2J3,KLHL9,False,False,False,617,0.03403565640194489,0.12155591572123177,1
Q9P2J5,LARS1,False,False,False,1176,0.02891156462585034,0.10289115646258504,5
Q9P2K1,CC2D2A,False,False,False,1620,0.31234567901234567,0.11604938271604938,2
Q9P2N5,RBM27,True,False,False,1060,0.7433962264150943,0.14339622641509434,34
Q9P2N6,KANSL3,True,False,False,904,0.4823008849557522,0.19690265486725664,32
Q9P2P6,STARD9,False,False,False,4700,0.5591489361702128,0.17893617021276595,2
Q9P2R6,RERE,True,False,False,1566,0.7726692209450831,0.14687100893997446,8
Q9P2Y4,ZNF219,False,False,False,722,0.7465373961218836,0.11634349030470914,3
Q9UBD0,HSFX1,False,False,False,423,0.5342789598108747,0.14420803782505912,1
Q9UBF6,RNF7,False,False,False,113,0.0,0.10619469026548672,1
Q9UBG0,MRC2,False,False,False,1479,0.09060175794455713,0.14334009465855307,1
Q9UBL6,CPNE7,False,False,False,633,0.2898089171974522,0.11532385466034756,1
Q9UBN1,CACNG4,False,False,False,327,0.2898089171974522,0.1620795107033639,1
Q9UBP9,GULP1,False,False,False,304,0.3256578947368421,0.13486842105263158,1
Q9UBQ7,GRHPR,False,False,False,328,0.018292682926829267,0.11585365853658537,1
Q9UBS9,SUCO,False,False,False,1254,0.2898089171974522,0.1850079744816587,1
Q9UBT7,CTNNAL1,False,False,False,734,0.2898089171974522,0.14305177111716622,1
Q9UBU7,DBF4,False,False,False,674,0.23738872403560832,0.1661721068249258,2
Q9UBU9,NXF1,False,False,False,619,0.2294022617124394,0.13731825525040386,2
Q9UBV2,SEL1L,False,False,False,794,0.1574307304785894,0.10327455919395466,1
Q9UBW7,ZMYM2,False,False,False,1377,0.3333333333333333,0.16848220769789396,1
Q9UDY2,TJP2,False,False,False,1190,0.6252100840336134,0.1361344537815126,1
Q9UER7,DAXX,False,False,False,740,0.6472972972972973,0.1608108108108108,1
Q9UET6,FTSJ1,False,False,False,329,0.1337386018237082,0.11854103343465046,1
Q9UEY8,ADD3,False,False,False,706,0.4546742209631728,0.141643059490085,1
Q9UF83,nan,False,False,False,564,0.2898089171974522,0.374113475177305,1
Q9UFE4,CCDC39,False,False,False,941,0.2898089171974522,0.1392136025504782,2
Q9UG63,ABCF2,False,False,False,623,0.13001605136436598,0.09309791332263243,1
Q9UGH3,SLC23A2,False,False,False,650,0.08153846153846153,0.14923076923076922,1
Q9UGJ0,PRKAG2,False,False,False,569,0.3936731107205624,0.1704745166959578,2
Q9UGK3,STAP2,False,False,False,403,0.2898089171974522,0.10173697270471464,3
Q9UGL1,KDM5B,False,False,False,1544,0.15479274611398963,0.11204663212435233,2
Q9UGM6,WARS2,False,False,False,360,0.05,0.12777777777777777,1
Q9UGP4,LIMD1,False,False,False,676,0.5399408284023669,0.14349112426035504,5
Q9UGP8,SEC63,False,False,False,760,0.2789473684210526,0.10526315789473684,1
Q9UGU0,TCF20,True,False,False,1960,0.8928571428571429,0.1739795918367347,19
Q9UGV2,NDRG3,False,False,False,375,0.15733333333333333,0.13866666666666666,1
Q9UH99,SUN2,True,False,False,717,0.16875871687587168,0.16736401673640167,5
Q9UHB6,LIMA1,False,False,False,759,0.8326745718050066,0.16996047430830039,8
Q9UHB7,AFF4,True,False,False,1163,0.819432502149613,0.23989681857265693,8
Q9UHD8,SEPTIN9,False,False,False,586,0.5204778156996587,0.14334470989761092,5
Q9UHD9,UBQLN2,True,False,False,624,0.7211538461538461,0.1778846153846154,12
Q9UHF7,TRPS1,False,False,False,1281,0.5003903200624512,0.16237314597970337,5
Q9UHL4,DPP7,False,False,False,492,0.0,0.09552845528455285,1
Q9UHL9,GTF2IRD1,False,False,False,959,0.2794577685088634,0.11783107403545359,1
Q9UHQ9,CYB5R1,False,False,False,305,0.05573770491803279,0.11147540983606558,2
Q9UHR5,SAP30BP,True,False,False,308,0.5357142857142857,0.17532467532467533,20
Q9UHV7,MED13,False,False,False,2174,0.31278748850046,0.1701931922723091,2
Q9UHX1,PUF60,False,False,False,559,0.2146690518783542,0.11449016100178891,4
Q9UHY1,NRBP1,True,False,False,535,0.2523364485981308,0.14579439252336449,3
Q9UHY8,FEZ2,False,False,False,353,0.41076487252124644,0.14730878186968838,1
Q9UI36,DACH1,False,False,False,758,0.2898089171974522,0.20844327176781002,1
Q9UIF8,BAZ2B,True,False,False,2168,0.559040590405904,0.16282287822878228,7
Q9UIF9,BAZ2A,False,False,False,1905,0.5322834645669291,0.15170603674540684,1
Q9UII4,HERC5,False,False,False,1024,0.03515625,0.1181640625,1
Q9UIJ7,AK3,False,False,False,227,0.06607929515418502,0.1277533039647577,1
Q9UIQ6,LNPEP,False,False,False,1025,0.04878048780487805,0.14536585365853658,1
Q9UIU6,SIX4,True,False,False,781,0.293213828425096,0.19718309859154928,12
Q9UJ14,GGT7,False,False,False,662,0.15861027190332327,0.13595166163141995,1
Q9UJ83,HACL1,False,False,False,578,0.01384083044982699,0.10553633217993079,1
Q9UJ99,CDH22,True,False,False,828,0.2898089171974522,0.14009661835748793,3
Q9UJC3,HOOK1,False,False,False,728,0.31868131868131866,0.10576923076923077,2
Q9UJN7,ZNF391,False,False,False,358,0.30726256983240224,0.18994413407821228,1
Q9UJT9,FBXL7,False,False,False,491,0.23014256619144602,0.1690427698574338,1
Q9UJU6,DBNL,False,False,False,430,0.5279069767441861,0.10232558139534884,3
Q9UJX2,CDC23,False,False,False,597,0.03350083752093802,0.10385259631490787,3
Q9UJY1,HSPB8,False,False,False,196,0.37244897959183676,0.14795918367346939,2
Q9UJY4,GGA2,False,False,False,613,0.18433931484502447,0.12561174551386622,2
Q9UK39,NOCT,False,False,False,431,0.10208816705336426,0.1368909512761021,1
Q9UK59,DBR1,False,False,False,544,0.29411764705882354,0.11580882352941177,1
Q9UK61,TASOR,True,False,False,1670,0.3688622754491018,0.14850299401197606,4
Q9UKA2,FBXL4,False,False,False,621,0.020933977455716585,0.14814814814814814,1
Q9UKA4,AKAP11,False,False,False,1901,0.2540768016833246,0.18726985796948975,5
Q9UKD1,GMEB2,True,False,False,530,0.2490566037735849,0.16037735849056603,5
Q9UKE5,TNIK,False,False,False,1360,0.5139705882352941,0.13529411764705881,2
Q9UKJ3,GPATCH8,False,False,False,1502,0.7916111850865513,0.18908122503328895,2
Q9UKK3,PARP4,False,False,False,1724,0.08120649651972157,0.14965197215777262,3
Q9UKL0,RCOR1,False,False,False,485,0.4927835051546392,0.12577319587628866,2
Q9UKL3,CASP8AP2,False,False,False,1982,0.582744702320888,0.1856710393541877,1
Q9UKM7,MAN1B1,False,False,False,699,0.2088698140200286,0.12017167381974249,2
Q9UKN7,MYO15A,False,False,False,3530,0.301699716713881,0.10963172804532578,1
Q9UKS7,IKZF2,False,False,False,526,0.4714828897338403,0.13498098859315588,1
Q9UKV3,ACIN1,False,False,False,1341,0.9060402684563759,0.1662938105891126,6
Q9UKV5,AMFR,False,False,False,643,0.2898089171974522,0.1290824261275272,1
Q9UKX3,MYH13,False,False,False,1938,0.3875128998968008,0.1042311661506708,1
Q9UKX7,NUP50,False,True,True,468,0.45726495726495725,0.1623931623931624,4
Q9UKY1,ZHX1,True,False,False,873,0.422680412371134,0.17525773195876287,15
Q9UKY7,CDV3,False,False,False,258,1.0,0.1434108527131783,4
Q9UL01,DSE,False,False,False,958,0.012526096033402923,0.12212943632567849,1
Q9UL51,HCN2,False,False,False,889,0.3655793025871766,0.11361079865016872,1
Q9UL54,TAOK2,False,False,False,1235,0.4631578947368421,0.09959514170040486,1
Q9UL59,ZNF214,False,False,False,606,0.08415841584158416,0.12706270627062707,1
Q9ULB1,NRXN1,False,False,False,1477,0.12457684495599188,0.14759647935003387,1
Q9ULC4,MCTS1,False,False,False,181,0.0,0.06077348066298342,1
Q9ULC5,ACSL5,False,False,False,683,0.0029282576866764276,0.10980966325036604,1
Q9ULD6,INTU,False,False,False,942,0.18683651804670912,0.1464968152866242,2
Q9ULD8,KCNH3,False,False,False,1083,0.36472760849492153,0.14312096029547552,1
Q9ULG1,INO80,False,False,False,1556,0.31233933161953725,0.13688946015424164,1
Q9ULH0,KIDINS220,False,False,False,1771,0.2992659514398645,0.1535855448898927,1
Q9ULH1,ASAP1,False,False,False,1129,0.2898089171974522,0.16031886625332153,1
Q9ULH4,LRFN2,False,False,False,789,0.21039290240811154,0.155893536121673,1
Q9ULH7,MRTFB,True,False,False,1088,0.7895220588235294,0.18658088235294118,6
Q9ULJ3,ZBTB21,False,False,False,1066,0.4606003752345216,0.1651031894934334,4
Q9ULK2,ATXN7L1,False,False,False,861,0.6840882694541232,0.23809523809523808,1
Q9ULK4,MED23,False,False,False,1368,0.2898089171974522,0.11769005847953216,1
Q9ULL0,KIAA1210,False,False,False,1709,0.7770626097132827,0.19016968987712113,1
Q9ULL4,PLXNB3,False,False,False,1909,0.06914614981665794,0.11000523834468308,1
Q9ULL5,PRR12,False,False,False,2036,0.8555992141453831,0.13310412573673872,12
Q9ULM0,PLEKHH1,False,False,False,1364,0.2756598240469208,0.15029325513196481,1
Q9ULM3,YEATS2,True,False,False,1422,0.4444444444444444,0.1940928270042194,36
Q9ULT6,ZNRF3,False,False,False,936,0.2898089171974522,0.16666666666666666,1
Q9ULT8,HECTD1,True,False,False,2610,0.2685823754789272,0.16590038314176245,18
Q9ULU4,ZMYND8,True,False,False,1186,0.5927487352445194,0.20236087689713322,12
Q9ULV5,HSF4,False,False,False,492,0.5,0.11178861788617886,2
Q9ULW0,TPX2,False,False,False,747,0.5435073627844712,0.11512717536813923,2
Q9UM00,TMCO1,False,False,False,239,0.10460251046025104,0.12552301255230125,2
Q9UM11,FZR1,True,False,False,496,0.2898089171974522,0.17338709677419356,3
Q9UM22,EPDR1,False,False,False,224,0.2898089171974522,0.13839285714285715,1
Q9UM47,NOTCH3,False,False,False,2321,0.1986212839293408,0.11245152951314089,3
Q9UM82,SPATA2,True,False,False,520,0.26153846153846155,0.19230769230769232,3
Q9UMN6,KMT2B,False,False,False,2715,0.6482504604051565,0.1156537753222836,2
Q9UMS0,NFU1,False,False,False,254,0.1377952755905512,0.11023622047244094,1
Q9UMS4,PRPF19,True,False,False,504,0.06547619047619048,0.16865079365079366,3
Q9UMS5,PHTF1,False,False,False,762,0.17454068241469817,0.14829396325459318,3
Q9UMX0,UBQLN1,False,False,False,589,0.7928692699490663,0.18166383701188454,3
Q9UN79,SOX13,False,False,False,622,0.7057877813504824,0.12861736334405144,3
Q9UN86,G3BP2,False,False,False,482,0.6161825726141079,0.1016597510373444,2
Q9UNF1,MAGED2,False,False,False,606,0.4603960396039604,0.16666666666666666,4
Q9UNP9,PPIE,False,False,False,301,0.12292358803986711,0.10299003322259136,1
Q9UNW1,MINPP1,False,False,False,487,0.030800821355236138,0.11909650924024641,1
Q9UNX4,WDR3,False,False,False,943,0.2898089171974522,0.1325556733828208,2
Q9UPA5,BSN,True,False,False,3926,0.8413143148242486,0.1686194600101885,38
Q9UPN3,MACF1,False,False,False,7388,0.19612885760693016,0.1337303735787764,6
Q9UPN4,CEP131,False,False,False,1083,0.6491228070175439,0.1265004616805171,1
Q9UPN6,SCAF8,True,False,False,1271,0.6309992132179386,0.13375295043273014,13
Q9UPN7,PPP6R1,False,False,False,881,0.452894438138479,0.14074914869466515,1
Q9UPN9,TRIM33,True,False,False,1127,0.4472049689440994,0.1401952085181899,7
Q9UPP1,PHF8,False,False,False,1060,0.45943396226415095,0.14433962264150943,1
Q9UPQ0,LIMCH1,True,False,False,1083,0.7192982456140351,0.1615881809787627,7
Q9UPQ4,TRIM35,False,False,False,493,0.04056795131845842,0.1075050709939148,1
Q9UPQ9,TNRC6B,False,False,False,1833,0.8892525913802509,0.19749045280960176,6
Q9UPS6,SETD1B,False,False,False,1966,0.6907426246185148,0.1520854526958291,3
Q9UPT6,MAPK8IP3,False,False,False,1336,0.42065868263473055,0.14446107784431136,1
Q9UPT8,ZC3H4,False,False,False,1303,0.9378357636224098,0.1281657712970069,3
Q9UPV9,TRAK1,False,False,False,953,0.3515215110178384,0.18048268625393493,3
Q9UPW6,SATB2,False,False,False,733,0.417462482946794,0.12687585266030013,3
Q9UPX8,SHANK2,False,False,False,1849,0.7312925170068028,0.15738236884802595,1
Q9UPY5,SLC7A11,False,False,False,501,0.015968063872255488,0.1317365269461078,1
Q9UPZ3,HPS5,True,False,False,1129,0.1328609388839681,0.15589016829052257,3
Q9UQ03,CORO2B,False,False,False,480,0.2898089171974522,0.11041666666666666,3
Q9UQ26,RIMS2,False,False,False,1411,0.6463501063075833,0.1693834160170092,1
Q9UQ35,SRRM2,True,False,False,2752,0.9752906976744186,0.29578488372093026,51
Q9UQ80,PA2G4,False,False,False,394,0.19543147208121828,0.11928934010152284,1
Q9UQ84,EXO1,False,False,False,846,0.4373522458628842,0.16430260047281323,2
Q9UQ88,CDK11A,False,False,False,783,0.5747126436781609,0.11621966794380588,1
Q9UQB3,CTNND2,False,False,False,1225,0.5395918367346939,0.17795918367346938,6
Q9UQF2,MAPK8IP1,False,False,False,711,0.5569620253164557,0.15471167369901548,1
Q9UQM7,CAMK2A,False,False,False,478,0.07531380753138076,0.11506276150627615,1
Q9UQN3,CHMP2B,False,False,False,213,0.2898089171974522,0.15023474178403756,1
Q9UQR0,SCML2,True,False,False,700,0.39,0.16714285714285715,4
Q9UQR1,ZNF148,False,False,False,794,0.5491183879093199,0.1712846347607053,5
Q9Y217,MTMR6,False,False,False,621,0.04508856682769726,0.13526570048309178,2
Q9Y230,RUVBL2,False,False,False,463,0.02159827213822894,0.1511879049676026,2
Q9Y232,CDYL,False,False,False,598,0.2898089171974522,0.15384615384615385,1
Q9Y243,AKT3,False,False,False,479,0.1336116910229645,0.11899791231732777,1
Q9Y251,HPSE,False,False,False,543,0.0,0.1252302025782689,2
Q9Y253,POLH,False,False,False,713,0.2664796633941094,0.17251051893408134,2
Q9Y263,PLAA,False,False,False,795,0.08050314465408805,0.15723270440251572,1
Q9Y277,VDAC3,False,False,False,283,0.0,0.1696113074204947,1
Q9Y283,INVS,False,False,False,1065,0.35492957746478876,0.12582159624413145,2
Q9Y2C2,UST,False,False,False,406,0.06896551724137931,0.0812807881773399,2
Q9Y2F5,ICE1,False,False,False,2266,0.5939982347749339,0.19196822594880847,2
Q9Y2G0,EFR3B,False,False,False,817,0.2898089171974522,0.11995104039167687,1
Q9Y2G3,ATP11B,False,False,False,1177,0.028037383177570093,0.14443500424808836,1
Q9Y2G7,ZFP30,False,False,False,519,0.0,0.10597302504816955,2
Q9Y2H0,DLGAP4,False,False,False,992,0.7096774193548387,0.1905241935483871,1
Q9Y2J2,EPB41L3,False,False,False,1087,0.5547378104875805,0.1766329346826127,2
Q9Y2J4,AMOTL2,False,False,False,779,0.8254172015404364,0.13607188703465983,1
Q9Y2K5,R3HDM2,False,False,False,976,0.7172131147540983,0.17930327868852458,2
Q9Y2L5,TRAPPC8,False,False,False,1435,0.0975609756097561,0.1470383275261324,1
Q9Y2M5,KLHL20,False,False,False,609,0.13628899835796388,0.12151067323481117,1
Q9Y2R4,DDX52,False,False,False,599,0.13689482470784642,0.12020033388981637,1
Q9Y2T3,GDA,False,False,False,454,0.2898089171974522,0.14317180616740088,1
Q9Y2U8,LEMD3,False,False,False,911,0.4632272228320527,0.1437980241492865,2
Q9Y2W1,THRAP3,True,False,False,955,0.962303664921466,0.20523560209424083,5
Q9Y2W2,WBP11,False,False,False,641,0.8689547581903276,0.0967238689547582,3
Q9Y2X0,MED16,False,False,False,877,0.055872291904218926,0.15621436716077536,2
Q9Y2X7,GIT1,False,False,False,761,0.37844940867279897,0.14323258869908015,3
Q9Y2X9,ZNF281,True,False,False,895,0.5709497206703911,0.20335195530726258,19
Q9Y2Z4,YARS2,False,False,False,477,0.06289308176100629,0.11530398322851153,1
Q9Y2Z9,COQ6,False,False,False,468,0.008547008547008548,0.15384615384615385,1
Q9Y337,KLK5,False,False,False,293,0.14334470989761092,0.13993174061433447,1
Q9Y385,UBE2J1,False,False,False,318,0.2861635220125786,0.16037735849056603,1
Q9Y3B3,TMED7,False,False,False,224,0.2898089171974522,0.15178571428571427,1
Q9Y3D9,MRPS23,False,False,False,190,0.2736842105263158,0.10526315789473684,1
Q9Y3E1,HDGFL3,False,False,False,203,0.6502463054187192,0.14285714285714285,1
Q9Y3I1,FBXO7,False,False,False,522,0.31226053639846746,0.14559386973180077,2
Q9Y3M8,STARD13,False,False,False,1113,0.3333333333333333,0.14106019766397124,2
Q9Y3P8,SIT1,False,False,False,196,0.49489795918367346,0.15306122448979592,1
Q9Y3R0,GRIP1,False,False,False,1128,0.26595744680851063,0.18528368794326242,2
Q9Y3S1,WNK2,False,False,False,2297,0.7292120156726165,0.1410535481062255,2
Q9Y3Y2,CHTOP,False,False,False,248,0.8629032258064516,0.08064516129032258,2
Q9Y450,HBS1L,False,False,False,684,0.23976608187134502,0.13450292397660818,3
Q9Y467,SALL2,True,False,False,1007,0.6653426017874876,0.17874875868917578,8
Q9Y473,ZNF175,False,False,False,711,0.12939521800281295,0.14345991561181434,1
Q9Y485,DMXL1,False,False,False,3027,0.09877766765774694,0.16881400726792203,2
Q9Y490,TLN1,False,False,False,2541,0.2085792994883904,0.1314443132624951,5
Q9Y496,KIF3A,False,False,False,699,0.2898089171974522,0.11301859799713877,2
Q9Y4A5,TRRAP,False,False,False,3859,0.055454781031355274,0.1215340761855403,5
Q9Y4B4,RAD54L2,True,False,False,1467,0.4021813224267212,0.13974096796182686,6
Q9Y4B5,MTCL1,False,False,False,1905,0.7307086614173228,0.13280839895013125,4
Q9Y4B6,DCAF1,False,False,False,1507,0.21964167219641673,0.12873258128732581,5
Q9Y4C1,KDM3A,False,False,False,1321,0.19909159727479184,0.13247539742619227,2
Q9Y4D1,DAAM1,False,False,False,1078,0.2898089171974522,0.11224489795918367,1
Q9Y4D7,PLXND1,False,False,False,1925,0.035844155844155845,0.12675324675324676,1
Q9Y4E6,WDR7,False,False,False,1490,0.12013422818791947,0.1476510067114094,1
Q9Y4F5,CEP170B,False,False,False,1589,0.8407803650094399,0.1617369414726243,1
Q9Y4G6,TLN2,False,False,False,2542,0.15381589299763965,0.14083398898505115,3
Q9Y4G8,RAPGEF2,False,False,False,1499,0.40226817878585724,0.1627751834556371,2
Q9Y4H2,IRS2,False,False,False,1338,0.7458893871449925,0.17189835575485798,7
Q9Y4L1,HYOU1,False,False,False,999,0.3023023023023023,0.1031031031031031,12
Q9Y4W2,LAS1L,False,False,False,734,0.279291553133515,0.1226158038147139,1
Q9Y512,SAMM50,False,False,False,469,0.029850746268656716,0.11940298507462686,5
Q9Y520,PRRC2C,True,False,False,2896,0.9074585635359116,0.16540055248618785,71
Q9Y566,SHANK1,False,False,False,2161,0.6982878297084683,0.15733456732993983,2
Q9Y572,RIPK3,False,False,False,518,0.4575289575289575,0.14285714285714285,2
Q9Y580,RBM7,True,False,False,266,0.6127819548872181,0.18421052631578946,4
Q9Y597,KCTD3,False,False,False,815,0.2898089171974522,0.18404907975460122,1
Q9Y5A7,NUB1,False,False,False,615,0.2898089171974522,0.08617886178861789,1
Q9Y5A9,YTHDF2,False,False,False,579,0.49222797927461137,0.153713298791019,8
Q9Y5B6,PAXBP1,False,False,False,917,0.47110141766630315,0.11995637949836423,1
Q9Y5B9,SUPT16H,False,False,False,1047,0.2139446036294174,0.11079274116523401,4
Q9Y5J1,UTP18,False,False,False,556,0.3920863309352518,0.12050359712230216,2
Q9Y5J3,HEY1,False,False,False,304,0.2898089171974522,0.1611842105263158,1
Q9Y5K6,CD2AP,False,False,False,639,0.5383411580594679,0.13928012519561817,2
Q9Y5L3,ENTPD2,False,False,False,495,0.01818181818181818,0.1393939393939394,2
Q9Y5M8,SRPRB,True,False,False,271,0.01845018450184502,0.15129151291512916,5
Q9Y5U2,TSSC4,False,False,False,329,0.9452887537993921,0.1762917933130699,1
Q9Y5V3,MAGED1,False,False,False,778,0.4897172236503856,0.11568123393316196,2
Q9Y5X3,SNX5,False,False,False,404,0.13366336633663367,0.11633663366336634,1
Q9Y5Z7,HCFC2,False,False,False,792,0.21085858585858586,0.17424242424242425,2
Q9Y608,LRRFIP2,False,False,False,721,0.42579750346740636,0.1608876560332871,1
Q9Y613,FHOD1,False,False,False,1164,0.42353951890034364,0.1400343642611684,1
Q9Y616,IRAK3,False,False,False,596,0.08389261744966443,0.1342281879194631,1
Q9Y618,NCOR2,True,False,False,2514,0.8631662688941926,0.15274463007159905,49
Q9Y639,NPTN,False,False,False,398,0.1984924623115578,0.15577889447236182,1
Q9Y678,COPG1,True,False,False,874,0.06178489702517163,0.14073226544622425,5
Q9Y692,GMEB1,True,False,False,573,0.3682373472949389,0.16404886561954624,3
Q9Y6A1,POMT1,False,False,False,747,0.03480589022757698,0.11914323962516733,1
Q9Y6A2,CYP46A1,False,False,False,500,0.016,0.104,2
Q9Y6A5,TACC3,False,False,False,838,0.7326968973747017,0.15035799522673032,1
Q9Y6C2,EMILIN1,False,False,False,1016,0.4744094488188976,0.11811023622047244,1
Q9Y6D5,ARFGEF2,False,False,False,1785,0.1092436974789916,0.13333333333333333,1
Q9Y6E0,STK24,False,False,False,443,0.12641083521444696,0.1309255079006772,1
Q9Y6G9,DYNC1LI1,False,False,False,523,0.32122370936902483,0.1338432122370937,3
Q9Y6H5,SNCAIP,False,False,False,919,0.5919477693144722,0.1893362350380849,1
Q9Y6I3,EPN1,False,False,False,576,0.7760416666666666,0.1527777777777778,2
Q9Y6K5,OAS3,False,False,False,1087,0.046918123275068994,0.10579576816927323,1
Q9Y6M7,SLC4A7,False,False,False,1214,0.25370675453047775,0.13756177924217464,1
Q9Y6Q9,NCOA3,True,False,False,1424,0.7907303370786517,0.1699438202247191,9
Q9Y6R0,NUMBL,False,False,False,609,0.7044334975369458,0.11822660098522167,1
Q9Y6R6,ZNF780B,False,False,False,833,0.006002400960384154,0.10324129651860744,2
Q9Y6R9,CCDC61,False,False,False,512,0.603515625,0.1484375,3
Q9Y6V0,PCLO,False,False,False,5142,0.6812524309607156,0.20245040840140024,27
Q9Y6X0,SETBP1,False,False,False,1596,0.8164160401002506,0.17669172932330826,1
Q9Y6X8,ZHX2,False,False,False,837,0.4647550776583035,0.16367980884109917,4
Q9Y6X9,MORC2,False,False,False,1032,0.37209302325581395,0.1298449612403101,7
Q9Y6Y8,SEC23IP,True,False,False,1000,0.281,0.149,28
