accession,species,position,exact,regional
A5YKK6,mouse,1058,1,1
A5YKK6,mouse,1061,1,1
A5YKK6,mouse,1037,0,1
A5YKK6,mouse,1038,1,1
A5YKK6,mouse,1041,1,1
A5YKK6,mouse,1042,1,1
A5YKK6,mouse,1043,1,1
A5YKK6,mouse,1044,1,1
A5YKK6,mouse,1045,1,1
A5YKK6,mouse,1046,1,1
A5YKK6,mouse,1047,1,1
A5YKK6,mouse,1051,1,1
A5YKK6,mouse,1053,1,1
A5YKK6,mouse,1055,1,1
A5YKK6,rat,1058,1,1
A5YKK6,rat,1061,1,1
A5YKK6,rat,1037,0,1
A5YKK6,rat,1038,1,1
A5YKK6,rat,1041,1,1
A5YKK6,rat,1042,1,1
A5YKK6,rat,1043,1,1
A5YKK6,rat,1044,1,1
A5YKK6,rat,1045,1,1
A5YKK6,rat,1046,1,1
A5YKK6,rat,1047,1,1
A5YKK6,rat,1051,1,1
A5YKK6,rat,1053,1,1
A5YKK6,rat,1055,1,1
A5YKK6,worm,1058,0,0
A5YKK6,worm,1061,0,0
A5YKK6,worm,1037,0,0
A5YKK6,worm,1038,0,0
A5YKK6,worm,1041,0,0
A5YKK6,worm,1042,0,0
A5YKK6,worm,1043,0,0
A5YKK6,worm,1044,0,0
A5YKK6,worm,1045,0,0
A5YKK6,worm,1046,0,0
A5YKK6,worm,1047,0,0
A5YKK6,worm,1051,0,0
A5YKK6,worm,1053,0,0
A5YKK6,worm,1055,0,0
A5YKK6,fly,1058,0,1
A5YKK6,fly,1061,0,1
A5YKK6,fly,1037,0,1
A5YKK6,fly,1038,0,1
A5YKK6,fly,1041,0,1
A5YKK6,fly,1042,0,1
A5YKK6,fly,1043,1,1
A5YKK6,fly,1044,0,1
A5YKK6,fly,1045,0,1
A5YKK6,fly,1046,0,1
A5YKK6,fly,1047,1,1
A5YKK6,fly,1051,0,1
A5YKK6,fly,1053,0,1
A5YKK6,fly,1055,1,1
O00151,mouse,128,1,1
O00151,mouse,130,1,1
O00151,mouse,133,0,1
O00151,mouse,134,1,1
O00151,mouse,123,1,1
O00151,rat,128,1,1
O00151,rat,130,1,1
O00151,rat,133,0,1
O00151,rat,134,0,1
O00151,rat,123,1,1
O00268,zebrafish,537,1,1
O00268,zebrafish,687,0,1
O00268,zebrafish,528,1,1
O00268,zebrafish,690,0,1
O00268,zebrafish,691,0,1
O00268,zebrafish,532,1,1
O00268,zebrafish,533,1,1
O00268,zebrafish,539,1,1
O00268,zebrafish,409,0,0
O00268,zebrafish,411,0,1
O00268,zebrafish,413,0,1
O00268,zebrafish,543,0,1
O00268,mouse,537,1,1
O00268,mouse,687,1,1
O00268,mouse,528,1,1
O00268,mouse,690,1,1
O00268,mouse,691,1,1
O00268,mouse,532,1,1
O00268,mouse,533,1,1
O00268,mouse,539,1,1
O00268,mouse,409,1,1
O00268,mouse,411,1,1
O00268,mouse,413,0,1
O00268,mouse,543,1,1
O00268,rat,537,1,1
O00268,rat,687,1,1
O00268,rat,528,1,1
O00268,rat,690,1,1
O00268,rat,691,1,1
O00268,rat,532,1,1
O00268,rat,533,1,1
O00268,rat,539,1,1
O00268,rat,409,1,1
O00268,rat,411,1,1
O00268,rat,413,0,1
O00268,rat,543,1,1
O14497,mouse,256,0,0
O14497,mouse,258,0,0
O14497,mouse,260,0,0
O14497,mouse,262,0,0
O14497,mouse,264,0,0
O14497,mouse,265,0,0
O14497,mouse,249,0,0
O14497,mouse,254,0,0
O14497,mouse,255,0,0
O14497,rat,256,1,1
O14497,rat,258,1,1
O14497,rat,260,1,1
O14497,rat,262,1,1
O14497,rat,264,1,1
O14497,rat,265,1,1
O14497,rat,249,1,1
O14497,rat,254,1,1
O14497,rat,255,1,1
O14519,rat,33,1,1
O14519,rat,21,1,1
O14519,rat,26,1,1
O14519,rat,27,1,1
O14519,rat,28,1,1
O14519,rat,31,1,1
O14639,rat,450,1,1
O14639,rat,451,1,1
O14639,rat,452,1,1
O14964,zebrafish,299,1,1
O14964,zebrafish,300,1,1
O14964,zebrafish,305,1,1
O14964,zebrafish,306,1,1
O14964,zebrafish,309,1,1
O14964,zebrafish,310,1,1
O14964,zebrafish,314,1,1
O14964,mouse,299,1,1
O14964,mouse,300,1,1
O14964,mouse,305,0,1
O14964,mouse,306,1,1
O14964,mouse,309,1,1
O14964,mouse,310,1,1
O14964,mouse,314,1,1
O14964,rat,299,1,1
O14964,rat,300,1,1
O14964,rat,305,0,1
O14964,rat,306,1,1
O14964,rat,309,1,1
O14964,rat,310,1,1
O14964,rat,314,1,1
O14964,worm,299,0,0
O14964,worm,300,0,0
O14964,worm,305,0,0
O14964,worm,306,0,0
O14964,worm,309,0,1
O14964,worm,310,0,1
O14964,worm,314,0,1
O14964,fly,299,0,1
O14964,fly,300,0,1
O14964,fly,305,0,0
O14964,fly,306,0,0
O14964,fly,309,0,0
O14964,fly,310,0,0
O14964,fly,314,0,0
O14974,mouse,385,1,1
O14974,mouse,387,1,1
O14974,mouse,388,1,1
O14974,mouse,773,1,1
O14974,mouse,774,1,1
O14974,mouse,775,1,1
O14974,mouse,776,1,1
O14974,mouse,777,1,1
O14974,mouse,778,1,1
O14974,mouse,779,0,1
O14974,mouse,396,1,1
O14974,mouse,397,0,1
O14974,mouse,781,1,1
O14974,mouse,399,1,1
O14974,mouse,782,1,1
O14974,mouse,401,1,1
O14974,mouse,783,1,1
O14974,mouse,785,1,1
O14974,mouse,786,1,1
O14974,mouse,789,1,1
O14974,mouse,794,1,1
O14974,mouse,564,1,1
O14974,mouse,565,0,1
O14974,mouse,566,1,1
O14974,mouse,569,1,1
O14974,mouse,570,1,1
O14974,mouse,571,1,1
O14974,mouse,572,1,1
O14974,mouse,573,1,1
O14974,mouse,577,1,1
O14974,mouse,578,1,1
O14974,mouse,585,1,1
O14974,mouse,588,1,1
O14974,mouse,589,1,1
O14974,mouse,590,1,1
O14974,mouse,594,0,1
O14974,mouse,597,0,1
O14974,mouse,601,1,1
O14974,mouse,379,1,1
O14974,mouse,381,1,1
O14974,rat,385,1,1
O14974,rat,387,1,1
O14974,rat,388,1,1
O14974,rat,773,1,1
O14974,rat,774,1,1
O14974,rat,775,1,1
O14974,rat,776,1,1
O14974,rat,777,1,1
O14974,rat,778,1,1
O14974,rat,779,1,1
O14974,rat,396,1,1
O14974,rat,397,1,1
O14974,rat,781,1,1
O14974,rat,399,1,1
O14974,rat,782,1,1
O14974,rat,401,1,1
O14974,rat,783,1,1
O14974,rat,785,1,1
O14974,rat,786,1,1
O14974,rat,789,1,1
O14974,rat,794,1,1
O14974,rat,564,1,1
O14974,rat,565,0,1
O14974,rat,566,1,1
O14974,rat,569,1,1
O14974,rat,570,1,1
O14974,rat,571,1,1
O14974,rat,572,1,1
O14974,rat,573,1,1
O14974,rat,577,1,1
O14974,rat,578,1,1
O14974,rat,585,1,1
O14974,rat,588,1,1
O14974,rat,589,1,1
O14974,rat,590,1,1
O14974,rat,594,0,1
O14974,rat,597,0,1
O14974,rat,601,1,1
O14974,rat,379,1,1
O14974,rat,381,1,1
O15027,mouse,1019,1,1
O15027,mouse,1012,1,1
O15027,mouse,1014,1,1
O15027,mouse,1022,0,1
O15027,rat,1019,1,1
O15027,rat,1012,1,1
O15027,rat,1014,1,1
O15027,rat,1022,0,1
O15047,rat,256,1,1
O15047,rat,288,1,1
O15047,rat,258,1,1
O15047,rat,259,1,1
O15047,rat,289,1,1
O15047,rat,290,1,1
O15047,rat,291,1,1
O15047,rat,268,1,1
O15047,rat,271,1,1
O15047,rat,274,1,1
O15047,rat,275,1,1
O15047,rat,278,1,1
O15047,rat,279,1,1
O15047,rat,282,1,1
O15047,worm,256,0,0
O15047,worm,288,0,0
O15047,worm,258,0,0
O15047,worm,259,0,0
O15047,worm,289,0,0
O15047,worm,290,0,0
O15047,worm,291,0,0
O15047,worm,268,0,0
O15047,worm,271,0,0
O15047,worm,274,0,0
O15047,worm,275,0,0
O15047,worm,278,0,0
O15047,worm,279,0,0
O15047,worm,282,0,0
O15164,mouse,577,0,1
O15164,mouse,579,1,1
O15164,mouse,580,1,1
O15164,mouse,583,1,1
O15164,mouse,584,1,1
O15164,mouse,585,1,1
O15164,mouse,586,1,1
O15164,rat,577,1,1
O15164,rat,579,1,1
O15164,rat,580,1,1
O15164,rat,583,1,1
O15164,rat,584,1,1
O15164,rat,585,1,1
O15164,rat,586,1,1
O43395,mouse,176,1,1
O43395,mouse,172,1,1
O43395,mouse,174,1,1
O43395,mouse,175,1,1
O43395,rat,176,0,0
O43395,rat,172,0,0
O43395,rat,174,0,0
O43395,rat,175,0,0
O43395,fly,176,0,1
O43395,fly,172,1,1
O43395,fly,174,0,1
O43395,fly,175,1,1
O43615,mouse,162,1,1
O43615,mouse,155,1,1
O43615,mouse,164,1,1
O43615,mouse,159,1,1
O43615,rat,162,1,1
O43615,rat,155,1,1
O43615,rat,164,1,1
O43615,rat,159,1,1
O43615,worm,162,0,0
O43615,worm,155,0,0
O43615,worm,164,0,0
O43615,worm,159,0,0
O43615,fly,162,1,1
O43615,fly,155,0,1
O43615,fly,164,1,1
O43615,fly,159,0,1
O43670,zebrafish,263,0,0
O43670,zebrafish,266,0,0
O43670,zebrafish,267,0,0
O43670,zebrafish,268,0,0
O43670,zebrafish,269,0,0
O43670,zebrafish,270,0,0
O43670,zebrafish,272,0,0
O43670,zebrafish,273,0,0
O43670,zebrafish,275,0,0
O43670,zebrafish,309,1,1
O43670,zebrafish,310,1,1
O43670,zebrafish,313,1,1
O43670,zebrafish,314,0,1
O43670,zebrafish,315,0,1
O43670,zebrafish,321,1,1
O43670,zebrafish,326,1,1
O43670,zebrafish,328,1,1
O43670,zebrafish,331,1,1
O43670,zebrafish,332,0,1
O43670,zebrafish,334,0,1
O43670,zebrafish,339,1,1
O43670,zebrafish,348,1,1
O43670,zebrafish,349,1,1
O43670,zebrafish,353,1,1
O43670,mouse,263,0,0
O43670,mouse,266,0,0
O43670,mouse,267,0,0
O43670,mouse,268,0,0
O43670,mouse,269,0,0
O43670,mouse,270,0,0
O43670,mouse,272,0,0
O43670,mouse,273,0,0
O43670,mouse,275,0,0
O43670,mouse,309,1,1
O43670,mouse,310,1,1
O43670,mouse,313,1,1
O43670,mouse,314,1,1
O43670,mouse,315,1,1
O43670,mouse,321,1,1
O43670,mouse,326,1,1
O43670,mouse,328,1,1
O43670,mouse,331,1,1
O43670,mouse,332,1,1
O43670,mouse,334,1,1
O43670,mouse,339,1,1
O43670,mouse,348,1,1
O43670,mouse,349,1,1
O43670,mouse,353,1,1
O60318,zebrafish,123,0,1
O60318,zebrafish,124,0,1
O60318,zebrafish,125,1,1
O60318,mouse,123,1,1
O60318,mouse,124,0,1
O60318,mouse,125,0,1
O60318,rat,123,1,1
O60318,rat,124,0,1
O60318,rat,125,0,1
O60610,mouse,1235,1,1
O60610,mouse,1230,1,1
O60610,mouse,1231,1,1
O60610,rat,1235,1,1
O60610,rat,1230,1,1
O60610,rat,1231,1,1
O60664,mouse,69,1,1
O60664,mouse,71,1,1
O60664,mouse,76,1,1
O60664,mouse,273,1,1
O60664,mouse,277,0,1
O60664,mouse,281,1,1
O60664,rat,69,1,1
O60664,rat,71,1,1
O60664,rat,76,1,1
O60664,rat,273,0,1
O60664,rat,277,1,1
O60664,rat,281,1,1
O60675,zebrafish,133,0,1
O60675,zebrafish,134,1,1
O60675,zebrafish,135,1,1
O60675,zebrafish,138,1,1
O60675,zebrafish,142,1,1
O60675,zebrafish,147,0,1
O60675,zebrafish,148,1,1
O60675,zebrafish,149,1,1
O60675,zebrafish,153,1,1
O60675,zebrafish,156,1,1
O60675,mouse,133,1,1
O60675,mouse,134,1,1
O60675,mouse,135,1,1
O60675,mouse,138,1,1
O60675,mouse,142,1,1
O60675,mouse,147,1,1
O60675,mouse,148,1,1
O60675,mouse,149,1,1
O60675,mouse,153,1,1
O60675,mouse,156,1,1
O60675,fly,133,0,1
O60675,fly,134,0,1
O60675,fly,135,0,0
O60675,fly,138,0,0
O60675,fly,142,0,0
O60675,fly,147,0,0
O60675,fly,148,0,0
O60675,fly,149,0,0
O60675,fly,153,0,0
O60675,fly,156,0,0
O60841,mouse,9,1,1
O60841,mouse,12,1,1
O60841,mouse,13,1,1
O60841,rat,9,1,1
O60841,rat,12,1,1
O60841,rat,13,1,1
O60841,worm,9,0,0
O60841,worm,12,0,0
O60841,worm,13,0,0
O60841,fly,9,0,1
O60841,fly,12,0,1
O60841,fly,13,1,1
O60885,mouse,1211,0,0
O60885,mouse,1212,0,0
O60885,mouse,1214,0,0
O60885,mouse,1215,0,0
O60885,rat,1211,1,1
O60885,rat,1212,1,1
O60885,rat,1214,1,1
O60885,rat,1215,1,1
O75030,zebrafish,104,0,1
O75030,zebrafish,105,0,1
O75030,zebrafish,101,1,1
O75030,mouse,104,0,0
O75030,mouse,105,0,0
O75030,mouse,101,0,0
O75030,rat,104,1,1
O75030,rat,105,1,1
O75030,rat,101,1,1
O75116,zebrafish,425,1,1
O75116,zebrafish,427,0,1
O75116,zebrafish,423,0,1
O75116,mouse,425,1,1
O75116,mouse,427,0,1
O75116,mouse,423,1,1
O75116,rat,425,1,1
O75116,rat,427,0,1
O75116,rat,423,1,1
O75179,mouse,1537,1,1
O75179,mouse,1538,1,1
O75179,mouse,1539,1,1
O75179,mouse,1540,1,1
O75179,mouse,1541,1,1
O75179,mouse,2438,0,0
O75179,mouse,2441,0,0
O75179,mouse,2444,0,0
O75179,mouse,2331,0,0
O75179,mouse,1820,0,0
O75179,mouse,1821,0,0
O75179,mouse,2333,0,0
O75179,mouse,2335,0,0
O75179,mouse,1824,0,0
O75179,mouse,1825,0,0
O75179,mouse,1826,0,0
O75179,mouse,2336,0,0
O75179,mouse,1830,0,0
O75179,mouse,1831,0,0
O75179,mouse,1838,0,0
O75179,mouse,1839,0,0
O75179,mouse,1844,0,0
O75179,mouse,1845,0,0
O75179,mouse,1848,0,0
O75179,mouse,1850,0,0
O75179,mouse,1853,0,0
O75179,mouse,1858,0,0
O75179,mouse,2379,0,0
O75179,mouse,2382,0,0
O75179,mouse,2383,0,0
O75179,mouse,2001,0,0
O75179,mouse,2005,0,0
O75179,mouse,2006,0,0
O75179,mouse,1644,0,0
O75179,mouse,1645,0,0
O75179,mouse,1646,0,0
O75179,mouse,1535,1,1
O75179,rat,1537,1,1
O75179,rat,1538,1,1
O75179,rat,1539,1,1
O75179,rat,1540,1,1
O75179,rat,1541,1,1
O75179,rat,2438,1,1
O75179,rat,2441,1,1
O75179,rat,2444,1,1
O75179,rat,2331,1,1
O75179,rat,1820,1,1
O75179,rat,1821,1,1
O75179,rat,2333,1,1
O75179,rat,2335,1,1
O75179,rat,1824,1,1
O75179,rat,1825,1,1
O75179,rat,1826,1,1
O75179,rat,2336,1,1
O75179,rat,1830,1,1
O75179,rat,1831,1,1
O75179,rat,1838,1,1
O75179,rat,1839,1,1
O75179,rat,1844,1,1
O75179,rat,1845,1,1
O75179,rat,1848,1,1
O75179,rat,1850,1,1
O75179,rat,1853,1,1
O75179,rat,1858,1,1
O75179,rat,2379,1,1
O75179,rat,2382,1,1
O75179,rat,2383,1,1
O75179,rat,2001,1,1
O75179,rat,2005,1,1
O75179,rat,2006,1,1
O75179,rat,1644,1,1
O75179,rat,1645,0,1
O75179,rat,1646,1,1
O75179,rat,1535,1,1
O75376,mouse,1026,0,0
O75376,mouse,1027,0,0
O75376,mouse,1030,0,0
O75376,mouse,14,1,1
O75376,mouse,15,1,1
O75376,mouse,1039,0,0
O75376,mouse,1040,0,0
O75376,mouse,18,1,1
O75376,mouse,1042,0,0
O75376,mouse,1043,0,0
O75376,mouse,1046,0,0
O75376,mouse,2078,0,0
O75376,mouse,2079,0,0
O75376,mouse,2080,0,0
O75376,mouse,2084,0,0
O75376,mouse,1446,0,0
O75376,mouse,2086,0,0
O75376,mouse,1449,0,0
O75376,mouse,1450,0,0
O75376,mouse,2090,0,0
O75376,mouse,1453,0,0
O75376,mouse,45,1,1
O75376,mouse,46,1,1
O75376,mouse,1454,0,0
O75376,mouse,51,1,1
O75376,mouse,54,1,1
O75376,mouse,1484,0,0
O75376,mouse,1487,0,0
O75376,mouse,1491,0,0
O75376,mouse,1493,0,0
O75376,mouse,1883,0,0
O75376,mouse,1884,0,0
O75376,mouse,1885,0,0
O75376,rat,1026,1,1
O75376,rat,1027,1,1
O75376,rat,1030,1,1
O75376,rat,14,1,1
O75376,rat,15,1,1
O75376,rat,1039,1,1
O75376,rat,1040,1,1
O75376,rat,18,1,1
O75376,rat,1042,1,1
O75376,rat,1043,1,1
O75376,rat,1046,1,1
O75376,rat,2078,1,1
O75376,rat,2079,1,1
O75376,rat,2080,1,1
O75376,rat,2084,1,1
O75376,rat,1446,0,1
O75376,rat,2086,1,1
O75376,rat,1449,1,1
O75376,rat,1450,1,1
O75376,rat,2090,1,1
O75376,rat,1453,1,1
O75376,rat,45,1,1
O75376,rat,46,1,1
O75376,rat,1454,1,1
O75376,rat,51,1,1
O75376,rat,54,1,1
O75376,rat,1484,1,1
O75376,rat,1487,1,1
O75376,rat,1491,1,1
O75376,rat,1493,1,1
O75376,rat,1883,1,1
O75376,rat,1884,1,1
O75376,rat,1885,1,1
O75717,mouse,900,1,1
O75717,mouse,904,0,1
O75717,mouse,906,1,1
O75717,mouse,891,0,1
O75717,mouse,893,1,1
O75717,mouse,894,1,1
O75717,rat,900,1,1
O75717,rat,904,0,1
O75717,rat,906,1,1
O75717,rat,891,0,1
O75717,rat,893,1,1
O75717,rat,894,1,1
O75717,worm,900,1,1
O75717,worm,904,0,1
O75717,worm,906,0,0
O75717,worm,891,0,1
O75717,worm,893,0,1
O75717,worm,894,0,1
O75717,fly,900,0,1
O75717,fly,904,0,1
O75717,fly,906,0,1
O75717,fly,891,0,1
O75717,fly,893,1,1
O75717,fly,894,0,1
O75909,mouse,426,1,1
O75909,mouse,427,1,1
O75909,mouse,430,1,1
O75909,rat,426,1,1
O75909,rat,427,1,1
O75909,rat,430,1,1
O76070,mouse,59,1,1
O76070,mouse,53,1,1
O76070,mouse,54,1,1
O76070,rat,59,1,1
O76070,rat,53,1,1
O76070,rat,54,1,1
O94811,mouse,152,1,1
O94811,mouse,155,1,1
O94811,mouse,159,1,1
O94811,rat,152,1,1
O94811,rat,155,1,1
O94811,rat,159,1,1
O94913,mouse,178,1,1
O94913,mouse,181,1,1
O94913,mouse,182,1,1
O94913,mouse,184,1,1
O94913,mouse,186,1,1
O94913,rat,178,1,1
O94913,rat,181,1,1
O94913,rat,182,1,1
O94913,rat,184,0,1
O94913,rat,186,1,1
O94913,fly,178,0,0
O94913,fly,181,0,0
O94913,fly,182,0,0
O94913,fly,184,0,0
O94913,fly,186,0,0
O95081,mouse,192,1,1
O95081,mouse,193,1,1
O95081,mouse,194,1,1
O95081,mouse,198,1,1
O95081,mouse,185,1,1
O95081,mouse,187,1,1
O95081,mouse,191,1,1
O95081,rat,192,1,1
O95081,rat,193,1,1
O95081,rat,194,1,1
O95081,rat,198,1,1
O95081,rat,185,1,1
O95081,rat,187,1,1
O95081,rat,191,1,1
O95081,worm,192,1,1
O95081,worm,193,1,1
O95081,worm,194,1,1
O95081,worm,198,1,1
O95081,worm,185,0,1
O95081,worm,187,0,1
O95081,worm,191,1,1
O95292,mouse,146,1,1
O95292,mouse,142,0,1
O95292,mouse,143,1,1
O95292,rat,146,1,1
O95292,rat,142,0,1
O95292,rat,143,1,1
O95425,mouse,881,0,1
O95425,mouse,877,1,1
O95425,mouse,878,1,1
O95425,rat,881,1,1
O95425,rat,877,1,1
O95425,rat,878,1,1
O95486,zebrafish,160,0,0
O95486,zebrafish,162,0,0
O95486,zebrafish,165,0,1
O95486,zebrafish,166,0,1
O95486,zebrafish,168,1,1
O95486,zebrafish,169,1,1
O95486,zebrafish,175,0,0
O95486,zebrafish,176,0,0
O95486,zebrafish,180,0,1
O95486,zebrafish,156,0,1
O95486,zebrafish,157,0,1
O95486,mouse,160,1,1
O95486,mouse,162,0,1
O95486,mouse,165,0,1
O95486,mouse,166,0,1
O95486,mouse,168,1,1
O95486,mouse,169,0,1
O95486,mouse,175,1,1
O95486,mouse,176,1,1
O95486,mouse,180,0,1
O95486,mouse,156,0,1
O95486,mouse,157,0,1
O95486,rat,160,1,1
O95486,rat,162,0,1
O95486,rat,165,1,1
O95486,rat,166,0,1
O95486,rat,168,1,1
O95486,rat,169,0,1
O95486,rat,175,1,1
O95486,rat,176,1,1
O95486,rat,180,0,1
O95486,rat,156,0,1
O95486,rat,157,0,1
O95486,fly,160,0,1
O95486,fly,162,0,0
O95486,fly,165,0,1
O95486,fly,166,0,1
O95486,fly,168,1,1
O95486,fly,169,0,1
O95486,fly,175,0,1
O95486,fly,176,0,1
O95486,fly,180,0,0
O95486,fly,156,0,1
O95486,fly,157,0,1
O95487,zebrafish,259,0,1
O95487,zebrafish,261,0,1
O95487,zebrafish,292,0,1
O95487,zebrafish,296,0,1
O95487,zebrafish,298,0,0
O95487,zebrafish,310,1,1
O95487,zebrafish,311,0,1
O95487,zebrafish,315,0,1
O95487,zebrafish,316,0,0
O95487,zebrafish,319,0,1
O95487,zebrafish,321,0,1
O95487,zebrafish,324,0,1
O95487,zebrafish,326,1,1
O95487,zebrafish,329,1,1
O95487,zebrafish,332,0,1
O95487,zebrafish,341,0,1
O95487,zebrafish,342,1,1
O95487,zebrafish,344,0,1
O95487,zebrafish,347,0,1
O95487,zebrafish,226,0,1
O95487,zebrafish,228,0,1
O95487,zebrafish,232,0,0
O95487,zebrafish,235,0,1
O95487,zebrafish,238,1,1
O95487,zebrafish,255,0,1
O95487,mouse,259,1,1
O95487,mouse,261,0,1
O95487,mouse,292,0,1
O95487,mouse,296,0,0
O95487,mouse,298,0,0
O95487,mouse,310,1,1
O95487,mouse,311,1,1
O95487,mouse,315,1,1
O95487,mouse,316,1,1
O95487,mouse,319,0,1
O95487,mouse,321,0,1
O95487,mouse,324,0,1
O95487,mouse,326,1,1
O95487,mouse,329,0,1
O95487,mouse,332,0,1
O95487,mouse,341,0,1
O95487,mouse,342,1,1
O95487,mouse,344,0,1
O95487,mouse,347,0,1
O95487,mouse,226,1,1
O95487,mouse,228,1,1
O95487,mouse,232,1,1
O95487,mouse,235,1,1
O95487,mouse,238,1,1
O95487,mouse,255,1,1
O95487,rat,259,1,1
O95487,rat,261,0,1
O95487,rat,292,0,1
O95487,rat,296,1,1
O95487,rat,298,1,1
O95487,rat,310,0,1
O95487,rat,311,1,1
O95487,rat,315,0,1
O95487,rat,316,1,1
O95487,rat,319,0,1
O95487,rat,321,0,1
O95487,rat,324,0,1
O95487,rat,326,1,1
O95487,rat,329,0,1
O95487,rat,332,0,1
O95487,rat,341,0,1
O95487,rat,342,1,1
O95487,rat,344,0,1
O95487,rat,347,0,1
O95487,rat,226,1,1
O95487,rat,228,1,1
O95487,rat,232,1,1
O95487,rat,235,0,1
O95487,rat,238,1,1
O95487,rat,255,1,1
O95628,mouse,321,1,1
O95628,mouse,324,1,1
O95628,mouse,360,1,1
O95628,mouse,361,0,1
O95628,mouse,362,1,1
O95628,mouse,316,1,1
O95628,mouse,317,1,1
O95628,mouse,318,1,1
O95628,rat,321,1,1
O95628,rat,324,1,1
O95628,rat,360,1,1
O95628,rat,361,0,1
O95628,rat,362,1,1
O95628,rat,316,1,1
O95628,rat,317,1,1
O95628,rat,318,1,1
O95817,mouse,177,1,1
O95817,mouse,171,1,1
O95817,mouse,173,1,1
O95817,rat,177,1,1
O95817,rat,171,1,1
O95817,rat,173,1,1
O95835,zebrafish,484,1,1
O95835,zebrafish,485,1,1
O95835,zebrafish,487,1,1
O95835,zebrafish,490,1,1
O95835,zebrafish,479,1,1
O95835,mouse,484,1,1
O95835,mouse,485,1,1
O95835,mouse,487,1,1
O95835,mouse,490,1,1
O95835,mouse,479,1,1
O95835,rat,484,1,1
O95835,rat,485,1,1
O95835,rat,487,1,1
O95835,rat,490,1,1
O95835,rat,479,1,1
P02545,mouse,612,0,1
P02545,mouse,613,0,1
P02545,mouse,615,1,1
P02545,mouse,616,0,1
P02545,mouse,618,0,1
P02545,mouse,619,0,1
P02545,mouse,621,0,0
P02545,mouse,623,0,0
P02545,mouse,628,0,0
P02545,mouse,599,0,0
P02545,mouse,632,0,0
P02545,mouse,601,0,0
P02545,mouse,603,0,0
P02545,mouse,636,0,0
P02545,rat,612,1,1
P02545,rat,613,1,1
P02545,rat,615,1,1
P02545,rat,616,1,1
P02545,rat,618,1,1
P02545,rat,619,1,1
P02545,rat,621,1,1
P02545,rat,623,1,1
P02545,rat,628,1,1
P02545,rat,599,0,1
P02545,rat,632,1,1
P02545,rat,601,1,1
P02545,rat,603,1,1
P02545,rat,636,1,1
P04150,mouse,38,1,1
P04150,mouse,42,1,1
P04150,mouse,44,1,1
P04150,mouse,45,1,1
P04150,mouse,47,1,1
P04150,rat,38,1,1
P04150,rat,42,1,1
P04150,rat,44,1,1
P04150,rat,45,1,1
P04150,rat,47,1,1
P05556,mouse,96,1,1
P05556,mouse,99,1,1
P05556,mouse,102,0,1
P05556,rat,96,1,1
P05556,rat,99,1,1
P05556,rat,102,0,1
P05556,worm,96,1,1
P05556,worm,99,0,1
P05556,worm,102,0,1
P05556,fly,96,1,1
P05556,fly,99,0,1
P05556,fly,102,0,1
P05783,mouse,34,1,1
P05783,mouse,42,1,1
P05783,mouse,44,1,1
P05783,mouse,15,1,1
P05783,mouse,49,1,1
P05783,mouse,18,1,1
P05783,mouse,51,1,1
P05783,mouse,23,1,1
P05783,mouse,30,1,1
P05783,mouse,31,1,1
P05787,mouse,64,1,1
P05787,mouse,34,1,1
P05787,mouse,67,1,1
P05787,mouse,36,1,1
P05787,mouse,37,1,1
P05787,mouse,71,1,1
P05787,mouse,9,1,1
P05787,mouse,74,1,1
P05787,mouse,13,1,1
P05787,mouse,14,1,1
P05787,mouse,15,1,1
P05787,mouse,431,1,1
P05787,mouse,432,1,1
P05787,mouse,436,1,1
P05787,mouse,475,1,1
P05787,mouse,477,1,1
P05787,mouse,478,1,1
P05787,rat,64,1,1
P05787,rat,34,1,1
P05787,rat,67,1,1
P05787,rat,36,1,1
P05787,rat,37,1,1
P05787,rat,71,1,1
P05787,rat,9,1,1
P05787,rat,74,0,1
P05787,rat,13,1,1
P05787,rat,14,1,1
P05787,rat,15,1,1
P05787,rat,431,1,1
P05787,rat,432,1,1
P05787,rat,436,1,1
P05787,rat,475,1,1
P05787,rat,477,1,1
P05787,rat,478,1,1
P06401,mouse,497,0,1
P06401,mouse,498,0,1
P06401,mouse,499,0,1
P06401,mouse,501,1,1
P06401,rat,497,0,1
P06401,rat,498,0,1
P06401,rat,499,0,1
P06401,rat,501,1,1
P06748,mouse,88,1,1
P06748,mouse,82,1,1
P06748,mouse,86,1,1
P06748,rat,88,1,1
P06748,rat,82,1,1
P06748,rat,86,1,1
P07196,mouse,38,1,1
P07196,mouse,41,1,1
P07196,mouse,42,1,1
P07196,mouse,44,1,1
P07196,mouse,429,1,1
P07196,mouse,430,1,1
P07196,mouse,431,1,1
P07196,mouse,48,1,1
P07196,mouse,436,0,1
P07196,rat,38,1,1
P07196,rat,41,1,1
P07196,rat,42,1,1
P07196,rat,44,1,1
P07196,rat,429,1,1
P07196,rat,430,1,1
P07196,rat,431,1,1
P07196,rat,48,1,1
P07196,rat,436,0,1
P07197,zebrafish,49,1,1
P07197,zebrafish,50,1,1
P07197,zebrafish,44,1,1
P07197,zebrafish,47,0,1
P07197,mouse,49,1,1
P07197,mouse,50,1,1
P07197,mouse,44,1,1
P07197,mouse,47,1,1
P07197,rat,49,1,1
P07197,rat,50,1,1
P07197,rat,44,1,1
P07197,rat,47,1,1
P08047,zebrafish,273,0,0
P08047,zebrafish,276,0,0
P08047,zebrafish,271,0,0
P08047,mouse,273,0,0
P08047,mouse,276,0,0
P08047,mouse,271,0,0
P08047,rat,273,1,1
P08047,rat,276,1,1
P08047,rat,271,1,1
P08047,fly,273,0,0
P08047,fly,276,0,0
P08047,fly,271,0,0
P08235,mouse,298,1,1
P08235,mouse,299,1,1
P08235,mouse,295,1,1
P08235,rat,298,1,1
P08235,rat,299,1,1
P08235,rat,295,1,1
P08651,mouse,462,0,0
P08651,mouse,270,0,0
P08651,mouse,463,0,0
P08651,mouse,464,0,0
P08651,mouse,275,0,0
P08651,mouse,277,0,0
P08651,rat,462,0,0
P08651,rat,270,1,1
P08651,rat,463,0,0
P08651,rat,464,0,0
P08651,rat,275,1,1
P08651,rat,277,1,1
P08670,mouse,32,1,1
P08670,mouse,33,1,1
P08670,mouse,34,1,1
P08670,mouse,35,1,1
P08670,mouse,37,1,1
P08670,mouse,39,1,1
P08670,mouse,42,1,1
P08670,mouse,47,1,1
P08670,mouse,48,1,1
P08670,mouse,49,1,1
P08670,mouse,51,1,1
P08670,mouse,20,1,1
P08670,mouse,22,1,1
P08670,mouse,55,1,1
P08670,mouse,25,1,1
P08670,mouse,26,1,1
P08670,mouse,27,0,1
P08670,mouse,29,1,1
P08670,rat,32,1,1
P08670,rat,33,1,1
P08670,rat,34,1,1
P08670,rat,35,1,1
P08670,rat,37,1,1
P08670,rat,39,1,1
P08670,rat,42,1,1
P08670,rat,47,1,1
P08670,rat,48,1,1
P08670,rat,49,1,1
P08670,rat,51,1,1
P08670,rat,20,1,1
P08670,rat,22,1,1
P08670,rat,55,1,1
P08670,rat,25,1,1
P08670,rat,26,1,1
P08670,rat,27,0,1
P08670,rat,29,1,1
P09651,rat,360,1,1
P09651,rat,361,1,1
P09651,rat,363,1,1
P09651,rat,368,1,1
P0C7T5,zebrafish,37,0,1
P0C7T5,zebrafish,40,1,1
P0C7T5,zebrafish,43,1,1
P0C7T5,zebrafish,203,0,1
P0C7T5,zebrafish,205,1,1
P0C7T5,zebrafish,206,0,1
P0C7T5,zebrafish,215,0,1
P0C7T5,zebrafish,216,0,1
P0C7T5,zebrafish,217,0,1
P0C7T5,mouse,37,1,1
P0C7T5,mouse,40,1,1
P0C7T5,mouse,43,1,1
P0C7T5,mouse,203,1,1
P0C7T5,mouse,205,1,1
P0C7T5,mouse,206,1,1
P0C7T5,mouse,215,1,1
P0C7T5,mouse,216,0,1
P0C7T5,mouse,217,1,1
P0C7T5,rat,37,1,1
P0C7T5,rat,40,1,1
P0C7T5,rat,43,1,1
P0C7T5,rat,203,1,1
P0C7T5,rat,205,1,1
P0C7T5,rat,206,1,1
P0C7T5,rat,215,1,1
P0C7T5,rat,216,0,1
P0C7T5,rat,217,1,1
P10070,mouse,812,1,1
P10070,mouse,814,1,1
P10070,mouse,815,1,1
P10070,rat,812,1,1
P10070,rat,814,1,1
P10070,rat,815,1,1
P11279,mouse,64,0,1
P11279,mouse,69,0,1
P11279,mouse,72,0,1
P11279,mouse,207,1,1
P11279,mouse,209,1,1
P11279,mouse,211,0,1
P11279,rat,64,0,1
P11279,rat,69,0,1
P11279,rat,72,0,1
P11279,rat,207,1,1
P11279,rat,209,1,1
P11279,rat,211,0,1
P11940,mouse,321,1,1
P11940,mouse,315,1,1
P11940,mouse,319,1,1
P11940,rat,321,1,1
P11940,rat,315,1,1
P11940,rat,319,1,1
P12270,zebrafish,1666,1,1
P12270,zebrafish,1672,1,1
P12270,zebrafish,1676,0,1
P12270,zebrafish,1677,1,1
P12270,zebrafish,1679,1,1
P12270,zebrafish,1682,0,1
P12270,zebrafish,1660,1,1
P12270,zebrafish,1661,1,1
P12270,zebrafish,1662,1,1
P12270,mouse,1666,1,1
P12270,mouse,1672,1,1
P12270,mouse,1676,1,1
P12270,mouse,1677,1,1
P12270,mouse,1679,1,1
P12270,mouse,1682,1,1
P12270,mouse,1660,1,1
P12270,mouse,1661,1,1
P12270,mouse,1662,1,1
P12270,rat,1666,1,1
P12270,rat,1672,1,1
P12270,rat,1676,1,1
P12270,rat,1677,1,1
P12270,rat,1679,1,1
P12270,rat,1682,1,1
P12270,rat,1660,1,1
P12270,rat,1661,1,1
P12270,rat,1662,1,1
P12270,fly,1666,1,1
P12270,fly,1672,0,1
P12270,fly,1676,0,1
P12270,fly,1677,1,1
P12270,fly,1679,0,1
P12270,fly,1682,0,1
P12270,fly,1660,1,1
P12270,fly,1661,0,1
P12270,fly,1662,1,1
P13796,zebrafish,106,1,1
P13796,zebrafish,107,1,1
P13796,zebrafish,110,1,1
P13796,zebrafish,114,1,1
P13796,mouse,106,1,1
P13796,mouse,107,1,1
P13796,mouse,110,1,1
P13796,mouse,114,1,1
P13796,rat,106,1,1
P13796,rat,107,1,1
P13796,rat,110,1,1
P13796,rat,114,1,1
P14859,mouse,259,0,1
P14859,mouse,263,1,1
P14859,mouse,255,1,1
P14859,rat,259,1,1
P14859,rat,263,1,1
P14859,rat,255,1,1
P15336,mouse,320,1,1
P15336,mouse,321,1,1
P15336,mouse,323,1,1
P15336,rat,320,1,1
P15336,rat,321,1,1
P15336,rat,323,1,1
P15822,zebrafish,1921,1,1
P15822,zebrafish,2590,0,1
P15822,zebrafish,1608,0,1
P15822,zebrafish,1610,0,1
P15822,zebrafish,1612,0,1
P15822,zebrafish,1744,1,1
P15822,zebrafish,1749,1,1
P15822,zebrafish,1919,1,1
P15822,zebrafish,1753,1,1
P15822,zebrafish,2586,0,1
P15822,zebrafish,2587,0,1
P15822,zebrafish,1918,1,1
P15822,zebrafish,1913,0,1
P15822,mouse,1921,0,0
P15822,mouse,2590,0,0
P15822,mouse,1608,0,0
P15822,mouse,1610,0,0
P15822,mouse,1612,0,0
P15822,mouse,1744,0,0
P15822,mouse,1749,0,0
P15822,mouse,1919,0,0
P15822,mouse,1753,0,0
P15822,mouse,2586,0,0
P15822,mouse,2587,0,0
P15822,mouse,1918,0,0
P15822,mouse,1913,0,0
P15822,rat,1921,1,1
P15822,rat,2590,0,1
P15822,rat,1608,0,1
P15822,rat,1610,1,1
P15822,rat,1612,1,1
P15822,rat,1744,1,1
P15822,rat,1749,1,1
P15822,rat,1919,0,1
P15822,rat,1753,1,1
P15822,rat,2586,0,1
P15822,rat,2587,0,1
P15822,rat,1918,0,1
P15822,rat,1913,0,0
P17275,mouse,162,1,1
P17275,mouse,194,0,1
P17275,mouse,100,1,1
P17275,mouse,101,1,1
P17275,mouse,102,1,1
P17275,mouse,195,1,1
P17275,mouse,104,1,1
P17275,mouse,204,1,1
P17275,mouse,206,1,1
P17275,mouse,207,1,1
P17275,mouse,210,1,1
P17275,mouse,211,0,1
P17275,mouse,212,1,1
P17275,mouse,214,1,1
P17275,mouse,153,1,1
P17275,mouse,189,1,1
P17275,mouse,158,1,1
P17275,mouse,95,1,1
P17535,zebrafish,120,1,1
P17535,zebrafish,117,1,1
P17535,zebrafish,119,1,1
P17535,mouse,120,1,1
P17535,mouse,117,1,1
P17535,mouse,119,1,1
P17535,rat,120,1,1
P17535,rat,117,1,1
P17535,rat,119,1,1
P18583,mouse,252,0,1
P18583,mouse,253,1,1
P18583,mouse,254,1,1
P18583,rat,252,0,1
P18583,rat,253,1,1
P18583,rat,254,1,1
P18846,mouse,193,1,1
P18846,mouse,197,1,1
P18846,mouse,198,1,1
P18846,mouse,204,1,1
P18846,mouse,206,1,1
P18846,mouse,207,1,1
P18846,mouse,183,1,1
P18846,mouse,184,1,1
P18846,mouse,186,1,1
P18846,mouse,188,1,1
P18846,mouse,189,1,1
P18846,rat,193,1,1
P18846,rat,197,1,1
P18846,rat,198,1,1
P18846,rat,204,1,1
P18846,rat,206,1,1
P18846,rat,207,1,1
P18846,rat,183,1,1
P18846,rat,184,1,1
P18846,rat,186,1,1
P18846,rat,188,1,1
P18846,rat,189,1,1
P22681,mouse,512,1,1
P22681,mouse,514,1,1
P22681,mouse,610,0,1
P22681,mouse,601,0,1
P22681,mouse,604,0,1
P22681,mouse,605,0,1
P22681,mouse,606,0,1
P22681,mouse,511,0,1
P22681,rat,512,1,1
P22681,rat,514,1,1
P22681,rat,610,0,1
P22681,rat,601,0,1
P22681,rat,604,0,1
P22681,rat,605,0,1
P22681,rat,606,0,1
P22681,rat,511,0,1
P23246,mouse,656,1,1
P23246,mouse,660,1,1
P23246,mouse,652,1,1
P23246,mouse,654,1,1
P23246,rat,656,1,1
P23246,rat,660,1,1
P23246,rat,652,1,1
P23246,rat,654,1,1
P27540,mouse,672,1,1
P27540,mouse,674,1,1
P27540,mouse,677,1,1
P27540,mouse,678,0,1
P27540,mouse,680,1,1
P27540,mouse,669,0,1
P27540,rat,672,1,1
P27540,rat,674,1,1
P27540,rat,677,1,1
P27540,rat,678,0,1
P27540,rat,680,1,1
P27540,rat,669,0,1
P30533,mouse,137,0,1
P30533,mouse,139,0,1
P30533,mouse,134,0,1
P30533,rat,137,0,1
P30533,rat,139,0,1
P30533,rat,134,0,1
P30533,worm,137,0,1
P30533,worm,139,1,1
P30533,worm,134,0,1
P30533,fly,137,0,0
P30533,fly,139,0,0
P30533,fly,134,0,1
P30622,zebrafish,139,1,1
P30622,zebrafish,140,0,1
P30622,zebrafish,302,1,1
P30622,zebrafish,303,1,1
P30622,zebrafish,143,1,1
P30622,zebrafish,304,0,1
P30622,mouse,139,0,0
P30622,mouse,140,0,1
P30622,mouse,302,0,1
P30622,mouse,303,1,1
P30622,mouse,143,0,1
P30622,mouse,304,0,1
P30622,rat,139,1,1
P30622,rat,140,0,1
P30622,rat,302,1,1
P30622,rat,303,1,1
P30622,rat,143,0,1
P30622,rat,304,0,1
P30622,fly,139,1,1
P30622,fly,140,0,1
P30622,fly,302,0,1
P30622,fly,303,0,1
P30622,fly,143,0,1
P30622,fly,304,0,1
P31270,mouse,128,1,1
P31270,mouse,129,1,1
P31270,mouse,119,1,1
P31270,mouse,123,1,1
P31270,mouse,124,1,1
P31270,rat,128,1,1
P31270,rat,129,1,1
P31270,rat,119,1,1
P31270,rat,123,1,1
P31270,rat,124,1,1
P31629,zebrafish,1057,1,1
P31629,zebrafish,1283,0,1
P31629,zebrafish,1062,0,1
P31629,zebrafish,1286,0,0
P31629,zebrafish,1320,1,1
P31629,zebrafish,1067,0,1
P31629,zebrafish,1325,1,1
P31629,zebrafish,1328,1,1
P31629,zebrafish,441,1,1
P31629,zebrafish,1274,0,1
P31629,zebrafish,443,0,1
P31629,zebrafish,444,0,1
P31629,zebrafish,1278,1,1
P31629,mouse,1057,1,1
P31629,mouse,1283,1,1
P31629,mouse,1062,0,1
P31629,mouse,1286,1,1
P31629,mouse,1320,1,1
P31629,mouse,1067,1,1
P31629,mouse,1325,0,1
P31629,mouse,1328,1,1
P31629,mouse,441,1,1
P31629,mouse,1274,0,1
P31629,mouse,443,1,1
P31629,mouse,444,0,1
P31629,mouse,1278,1,1
P31629,rat,1057,1,1
P31629,rat,1283,1,1
P31629,rat,1062,0,1
P31629,rat,1286,1,1
P31629,rat,1320,1,1
P31629,rat,1067,1,1
P31629,rat,1325,0,1
P31629,rat,1328,1,1
P31629,rat,441,1,1
P31629,rat,1274,0,1
P31629,rat,443,1,1
P31629,rat,444,0,1
P31629,rat,1278,1,1
P32519,mouse,473,1,1
P32519,mouse,474,1,1
P32519,mouse,478,1,1
P32519,rat,473,1,1
P32519,rat,474,1,1
P32519,rat,478,1,1
P35613,mouse,162,1,1
P35613,mouse,158,1,1
P35613,mouse,167,0,1
P35613,rat,162,1,1
P35613,rat,158,0,1
P35613,rat,167,0,1
P35658,mouse,1549,1,1
P35658,mouse,1551,0,1
P35658,mouse,1553,0,1
P35658,mouse,1556,1,1
P35658,mouse,1557,1,1
P35658,mouse,1558,0,1
P35658,mouse,1559,1,1
P35658,mouse,1051,1,1
P35658,mouse,1052,0,1
P35658,mouse,1564,1,1
P35658,mouse,542,1,1
P35658,mouse,1055,1,1
P35658,mouse,1056,1,1
P35658,mouse,1568,0,1
P35658,mouse,1058,1,1
P35658,mouse,547,1,1
P35658,mouse,1571,1,1
P35658,mouse,1572,0,1
P35658,mouse,550,0,1
P35658,mouse,551,0,1
P35658,mouse,556,1,1
P35658,mouse,559,1,1
P35658,mouse,560,1,1
P35658,mouse,564,0,1
P35658,mouse,566,1,1
P35658,mouse,1081,0,1
P35658,mouse,1083,1,1
P35658,mouse,575,1,1
P35658,mouse,1087,0,1
P35658,mouse,579,1,1
P35658,mouse,580,0,1
P35658,mouse,581,1,1
P35658,mouse,592,1,1
P35658,mouse,597,1,1
P35658,mouse,598,0,1
P35658,mouse,601,0,1
P35658,mouse,602,1,1
P35658,mouse,603,1,1
P35658,mouse,605,1,1
P35658,mouse,610,0,1
P35658,mouse,613,1,1
P35658,mouse,614,1,1
P35658,mouse,616,0,1
P35658,mouse,621,1,1
P35658,mouse,1134,0,1
P35658,mouse,1136,1,1
P35658,mouse,625,1,1
P35658,mouse,1137,0,1
P35658,mouse,628,1,1
P35658,mouse,1141,1,1
P35658,mouse,1142,0,1
P35658,mouse,631,0,1
P35658,mouse,1146,1,1
P35658,mouse,1147,0,1
P35658,mouse,635,1,1
P35658,mouse,636,1,1
P35658,mouse,1666,1,1
P35658,mouse,1669,1,1
P35658,mouse,1671,1,1
P35658,mouse,1695,1,1
P35658,mouse,1696,1,1
P35658,mouse,1700,1,1
P35658,mouse,1704,1,1
P35658,mouse,1705,1,1
P35658,mouse,1706,1,1
P35658,mouse,1198,1,1
P35658,mouse,1201,1,1
P35658,mouse,1202,1,1
P35658,mouse,1203,1,1
P35658,mouse,1205,1,1
P35658,mouse,1207,0,1
P35658,mouse,1211,0,1
P35658,mouse,1215,1,1
P35658,mouse,1217,0,1
P35658,mouse,1219,0,1
P35658,mouse,1221,1,1
P35658,mouse,1735,0,1
P35658,mouse,1737,1,1
P35658,mouse,1738,1,1
P35658,mouse,1229,1,1
P35658,mouse,1231,1,1
P35658,mouse,1233,1,1
P35658,mouse,1234,1,1
P35658,mouse,1237,1,1
P35658,mouse,1243,0,1
P35658,mouse,1245,0,1
P35658,mouse,1246,1,1
P35658,mouse,1249,0,1
P35658,mouse,1299,0,1
P35658,mouse,1304,1,1
P35658,mouse,1305,1,1
P35658,mouse,1306,0,1
P35658,mouse,1307,1,1
P35658,mouse,1308,1,1
P35658,mouse,1822,1,1
P35658,mouse,1823,1,1
P35658,mouse,1826,1,1
P35658,mouse,1827,1,1
P35658,mouse,1828,1,1
P35658,mouse,1831,0,1
P35658,mouse,1832,1,1
P35658,mouse,1324,1,1
P35658,mouse,1325,1,1
P35658,mouse,1330,1,1
P35658,mouse,1333,1,1
P35658,mouse,1335,1,1
P35658,mouse,1353,1,1
P35658,mouse,1354,1,1
P35658,mouse,1355,1,1
P35658,mouse,1356,0,1
P35658,mouse,1358,0,1
P35658,mouse,1359,0,1
P35658,mouse,1360,0,1
P35658,mouse,1363,0,0
P35658,mouse,1365,0,1
P35658,mouse,1366,0,1
P35658,mouse,1370,1,1
P35658,mouse,1375,0,1
P35658,mouse,1904,1,1
P35658,mouse,1905,1,1
P35658,mouse,1907,0,1
P35658,mouse,1912,1,1
P35658,mouse,1913,1,1
P35658,mouse,1915,0,1
P35658,mouse,1916,0,1
P35658,mouse,1918,1,1
P35658,mouse,1919,1,1
P35658,mouse,1935,1,1
P35658,mouse,1936,1,1
P35658,mouse,1937,1,1
P35658,mouse,1944,0,1
P35658,mouse,1946,1,1
P35658,mouse,1948,1,1
P35658,mouse,1949,1,1
P35658,mouse,1953,1,1
P35658,mouse,1956,1,1
P35658,mouse,1962,1,1
P35658,mouse,1963,1,1
P35658,mouse,1453,1,1
P35658,mouse,1967,1,1
P35658,mouse,1458,1,1
P35658,mouse,1459,1,1
P35658,mouse,1462,0,1
P35658,mouse,1466,0,1
P35658,mouse,1467,1,1
P35658,mouse,1978,1,1
P35658,mouse,1981,1,1
P35658,mouse,1470,1,1
P35658,mouse,1472,1,1
P35658,mouse,1985,1,1
P35658,mouse,1475,0,1
P35658,mouse,1996,1,1
P35658,mouse,2001,1,1
P35658,mouse,2002,1,1
P35658,mouse,2006,1,1
P35658,mouse,491,1,1
P35658,mouse,494,1,1
P35658,mouse,496,1,1
P35658,mouse,2032,1,1
P35658,mouse,2033,0,1
P35658,mouse,2034,1,1
P35658,mouse,501,0,1
P35658,mouse,503,0,1
P35658,mouse,504,1,1
P35658,mouse,509,1,1
P35658,rat,1549,0,1
P35658,rat,1551,0,1
P35658,rat,1553,0,1
P35658,rat,1556,1,1
P35658,rat,1557,1,1
P35658,rat,1558,0,1
P35658,rat,1559,1,1
P35658,rat,1051,1,1
P35658,rat,1052,1,1
P35658,rat,1564,1,1
P35658,rat,542,1,1
P35658,rat,1055,1,1
P35658,rat,1056,1,1
P35658,rat,1568,1,1
P35658,rat,1058,1,1
P35658,rat,547,1,1
P35658,rat,1571,0,1
P35658,rat,1572,0,1
P35658,rat,550,1,1
P35658,rat,551,1,1
P35658,rat,556,0,1
P35658,rat,559,1,1
P35658,rat,560,1,1
P35658,rat,564,0,1
P35658,rat,566,1,1
P35658,rat,1081,0,1
P35658,rat,1083,1,1
P35658,rat,575,1,1
P35658,rat,1087,0,1
P35658,rat,579,1,1
P35658,rat,580,1,1
P35658,rat,581,1,1
P35658,rat,592,1,1
P35658,rat,597,1,1
P35658,rat,598,0,1
P35658,rat,601,0,1
P35658,rat,602,1,1
P35658,rat,603,1,1
P35658,rat,605,1,1
P35658,rat,610,0,1
P35658,rat,613,1,1
P35658,rat,614,1,1
P35658,rat,616,0,1
P35658,rat,621,1,1
P35658,rat,1134,0,1
P35658,rat,1136,1,1
P35658,rat,625,1,1
P35658,rat,1137,0,1
P35658,rat,628,1,1
P35658,rat,1141,1,1
P35658,rat,1142,1,1
P35658,rat,631,0,1
P35658,rat,1146,1,1
P35658,rat,1147,0,1
P35658,rat,635,1,1
P35658,rat,636,1,1
P35658,rat,1666,1,1
P35658,rat,1669,1,1
P35658,rat,1671,1,1
P35658,rat,1695,1,1
P35658,rat,1696,1,1
P35658,rat,1700,1,1
P35658,rat,1704,1,1
P35658,rat,1705,1,1
P35658,rat,1706,1,1
P35658,rat,1198,1,1
P35658,rat,1201,1,1
P35658,rat,1202,1,1
P35658,rat,1203,1,1
P35658,rat,1205,1,1
P35658,rat,1207,1,1
P35658,rat,1211,0,1
P35658,rat,1215,1,1
P35658,rat,1217,0,1
P35658,rat,1219,0,1
P35658,rat,1221,1,1
P35658,rat,1735,0,1
P35658,rat,1737,1,1
P35658,rat,1738,1,1
P35658,rat,1229,1,1
P35658,rat,1231,0,1
P35658,rat,1233,1,1
P35658,rat,1234,1,1
P35658,rat,1237,1,1
P35658,rat,1243,0,1
P35658,rat,1245,0,1
P35658,rat,1246,1,1
P35658,rat,1249,1,1
P35658,rat,1299,0,1
P35658,rat,1304,1,1
P35658,rat,1305,1,1
P35658,rat,1306,0,1
P35658,rat,1307,1,1
P35658,rat,1308,1,1
P35658,rat,1822,1,1
P35658,rat,1823,1,1
P35658,rat,1826,1,1
P35658,rat,1827,1,1
P35658,rat,1828,1,1
P35658,rat,1831,0,1
P35658,rat,1832,1,1
P35658,rat,1324,1,1
P35658,rat,1325,1,1
P35658,rat,1330,1,1
P35658,rat,1333,1,1
P35658,rat,1335,1,1
P35658,rat,1353,1,1
P35658,rat,1354,1,1
P35658,rat,1355,1,1
P35658,rat,1356,0,1
P35658,rat,1358,0,1
P35658,rat,1359,0,1
P35658,rat,1360,0,1
P35658,rat,1363,0,0
P35658,rat,1365,0,1
P35658,rat,1366,0,1
P35658,rat,1370,1,1
P35658,rat,1375,0,1
P35658,rat,1904,1,1
P35658,rat,1905,1,1
P35658,rat,1907,1,1
P35658,rat,1912,1,1
P35658,rat,1913,1,1
P35658,rat,1915,1,1
P35658,rat,1916,0,1
P35658,rat,1918,1,1
P35658,rat,1919,1,1
P35658,rat,1935,0,1
P35658,rat,1936,1,1
P35658,rat,1937,1,1
P35658,rat,1944,0,1
P35658,rat,1946,1,1
P35658,rat,1948,1,1
P35658,rat,1949,1,1
P35658,rat,1953,1,1
P35658,rat,1956,1,1
P35658,rat,1962,1,1
P35658,rat,1963,1,1
P35658,rat,1453,0,1
P35658,rat,1967,1,1
P35658,rat,1458,1,1
P35658,rat,1459,1,1
P35658,rat,1462,0,1
P35658,rat,1466,0,1
P35658,rat,1467,1,1
P35658,rat,1978,1,1
P35658,rat,1981,1,1
P35658,rat,1470,1,1
P35658,rat,1472,1,1
P35658,rat,1985,1,1
P35658,rat,1475,0,1
P35658,rat,1996,1,1
P35658,rat,2001,1,1
P35658,rat,2002,1,1
P35658,rat,2006,1,1
P35658,rat,491,1,1
P35658,rat,494,1,1
P35658,rat,496,0,1
P35658,rat,2032,1,1
P35658,rat,2033,0,1
P35658,rat,2034,1,1
P35658,rat,501,0,1
P35658,rat,503,0,1
P35658,rat,504,1,1
P35658,rat,509,1,1
P35658,fly,1549,0,1
P35658,fly,1551,1,1
P35658,fly,1553,1,1
P35658,fly,1556,1,1
P35658,fly,1557,1,1
P35658,fly,1558,0,1
P35658,fly,1559,1,1
P35658,fly,1051,1,1
P35658,fly,1052,0,1
P35658,fly,1564,0,1
P35658,fly,542,0,1
P35658,fly,1055,1,1
P35658,fly,1056,1,1
P35658,fly,1568,1,1
P35658,fly,1058,1,1
P35658,fly,547,1,1
P35658,fly,1571,0,1
P35658,fly,1572,0,1
P35658,fly,550,0,1
P35658,fly,551,0,1
P35658,fly,556,1,1
P35658,fly,559,0,1
P35658,fly,560,1,1
P35658,fly,564,0,1
P35658,fly,566,0,1
P35658,fly,1081,1,1
P35658,fly,1083,1,1
P35658,fly,575,0,1
P35658,fly,1087,0,1
P35658,fly,579,1,1
P35658,fly,580,0,1
P35658,fly,581,0,1
P35658,fly,592,0,0
P35658,fly,597,0,0
P35658,fly,598,0,1
P35658,fly,601,0,1
P35658,fly,602,0,1
P35658,fly,603,1,1
P35658,fly,605,1,1
P35658,fly,610,0,1
P35658,fly,613,1,1
P35658,fly,614,1,1
P35658,fly,616,0,1
P35658,fly,621,1,1
P35658,fly,1134,0,1
P35658,fly,1136,0,1
P35658,fly,625,0,1
P35658,fly,1137,0,1
P35658,fly,628,0,0
P35658,fly,1141,1,1
P35658,fly,1142,0,1
P35658,fly,631,0,1
P35658,fly,1146,0,1
P35658,fly,1147,0,1
P35658,fly,635,0,1
P35658,fly,636,1,1
P35658,fly,1666,0,1
P35658,fly,1669,1,1
P35658,fly,1671,0,1
P35658,fly,1695,1,1
P35658,fly,1696,1,1
P35658,fly,1700,1,1
P35658,fly,1704,0,1
P35658,fly,1705,0,1
P35658,fly,1706,0,1
P35658,fly,1198,1,1
P35658,fly,1201,0,1
P35658,fly,1202,0,1
P35658,fly,1203,0,1
P35658,fly,1205,0,1
P35658,fly,1207,0,1
P35658,fly,1211,0,1
P35658,fly,1215,0,1
P35658,fly,1217,0,1
P35658,fly,1219,0,0
P35658,fly,1221,0,0
P35658,fly,1735,0,1
P35658,fly,1737,0,1
P35658,fly,1738,0,1
P35658,fly,1229,0,0
P35658,fly,1231,0,0
P35658,fly,1233,0,1
P35658,fly,1234,0,1
P35658,fly,1237,1,1
P35658,fly,1243,0,1
P35658,fly,1245,0,1
P35658,fly,1246,1,1
P35658,fly,1249,1,1
P35658,fly,1299,0,1
P35658,fly,1304,0,0
P35658,fly,1305,0,0
P35658,fly,1306,0,0
P35658,fly,1307,0,0
P35658,fly,1308,0,0
P35658,fly,1822,1,1
P35658,fly,1823,1,1
P35658,fly,1826,0,1
P35658,fly,1827,0,1
P35658,fly,1828,0,1
P35658,fly,1831,0,1
P35658,fly,1832,0,1
P35658,fly,1324,0,0
P35658,fly,1325,0,0
P35658,fly,1330,0,0
P35658,fly,1333,0,0
P35658,fly,1335,0,0
P35658,fly,1353,0,0
P35658,fly,1354,0,0
P35658,fly,1355,0,0
P35658,fly,1356,0,0
P35658,fly,1358,0,0
P35658,fly,1359,0,0
P35658,fly,1360,0,0
P35658,fly,1363,0,0
P35658,fly,1365,0,0
P35658,fly,1366,0,0
P35658,fly,1370,0,0
P35658,fly,1375,0,0
P35658,fly,1904,0,1
P35658,fly,1905,1,1
P35658,fly,1907,1,1
P35658,fly,1912,1,1
P35658,fly,1913,1,1
P35658,fly,1915,1,1
P35658,fly,1916,1,1
P35658,fly,1918,0,1
P35658,fly,1919,0,1
P35658,fly,1935,0,0
P35658,fly,1936,0,0
P35658,fly,1937,0,0
P35658,fly,1944,0,0
P35658,fly,1946,0,0
P35658,fly,1948,0,1
P35658,fly,1949,0,1
P35658,fly,1953,1,1
P35658,fly,1956,0,1
P35658,fly,1962,1,1
P35658,fly,1963,1,1
P35658,fly,1453,0,1
P35658,fly,1967,0,1
P35658,fly,1458,1,1
P35658,fly,1459,1,1
P35658,fly,1462,0,1
P35658,fly,1466,0,0
P35658,fly,1467,0,0
P35658,fly,1978,0,1
P35658,fly,1981,0,1
P35658,fly,1470,0,0
P35658,fly,1472,0,0
P35658,fly,1985,1,1
P35658,fly,1475,0,0
P35658,fly,1996,1,1
P35658,fly,2001,0,1
P35658,fly,2002,0,0
P35658,fly,2006,0,0
P35658,fly,491,1,1
P35658,fly,494,0,1
P35658,fly,496,0,1
P35658,fly,2032,0,0
P35658,fly,2033,0,0
P35658,fly,2034,0,0
P35658,fly,501,1,1
P35658,fly,503,0,1
P35658,fly,504,1,1
P35658,fly,509,0,1
P36507,mouse,394,1,1
P36507,mouse,396,1,1
P36507,mouse,398,1,1
P37198,mouse,9,1,1
P37198,mouse,13,0,1
P37198,mouse,17,1,1
P37198,mouse,20,1,1
P37198,mouse,23,1,1
P37198,mouse,25,1,1
P37198,mouse,26,1,1
P37198,mouse,27,1,1
P37198,mouse,30,1,1
P37198,mouse,33,1,1
P37198,mouse,36,0,1
P37198,mouse,37,1,1
P37198,mouse,39,1,1
P37198,mouse,52,0,1
P37198,mouse,53,1,1
P37198,mouse,54,1,1
P37198,mouse,56,1,1
P37198,mouse,57,1,1
P37198,mouse,61,1,1
P37198,mouse,64,1,1
P37198,mouse,66,1,1
P37198,mouse,69,1,1
P37198,mouse,71,1,1
P37198,mouse,72,0,1
P37198,mouse,75,0,1
P37198,mouse,78,1,1
P37198,mouse,95,0,1
P37198,mouse,100,1,1
P37198,mouse,102,0,1
P37198,mouse,105,1,1
P37198,mouse,118,1,1
P37198,mouse,119,1,1
P37198,mouse,122,1,1
P37198,mouse,126,1,1
P37198,mouse,127,1,1
P37198,mouse,128,0,1
P37198,mouse,130,1,1
P37198,mouse,131,1,1
P37198,mouse,132,0,1
P37198,mouse,135,1,1
P37198,mouse,138,1,1
P37198,mouse,146,1,1
P37198,mouse,147,1,1
P37198,mouse,148,1,1
P37198,mouse,153,1,1
P37198,mouse,154,0,1
P37198,mouse,155,1,1
P37198,mouse,159,1,1
P37198,mouse,161,1,1
P37198,mouse,175,1,1
P37198,mouse,179,1,1
P37198,mouse,183,1,1
P37198,mouse,187,0,1
P37198,mouse,191,1,1
P37198,mouse,194,1,1
P37198,mouse,198,1,1
P37198,mouse,199,1,1
P37198,mouse,203,1,1
P37198,mouse,209,0,1
P37198,mouse,211,1,1
P37198,mouse,213,0,1
P37198,mouse,215,1,1
P37198,mouse,216,1,1
P37198,mouse,217,0,1
P37198,mouse,220,1,1
P37198,mouse,224,1,1
P37198,mouse,227,0,1
P37198,mouse,230,0,1
P37198,mouse,231,1,1
P37198,mouse,232,1,1
P37198,mouse,234,0,1
P37198,mouse,235,1,1
P37198,mouse,238,1,1
P37198,mouse,241,0,1
P37198,mouse,244,1,1
P37198,mouse,245,1,1
P37198,mouse,250,1,1
P37198,mouse,265,0,1
P37198,mouse,267,0,1
P37198,mouse,268,1,1
P37198,mouse,269,1,1
P37198,mouse,270,1,1
P37198,mouse,271,1,1
P37198,mouse,272,1,1
P37198,mouse,273,1,1
P37198,mouse,304,1,1
P37198,mouse,306,0,1
P37198,mouse,311,1,1
P37198,mouse,325,0,1
P37198,mouse,326,0,1
P37198,mouse,329,1,1
P37198,rat,9,1,1
P37198,rat,13,0,1
P37198,rat,17,1,1
P37198,rat,20,1,1
P37198,rat,23,1,1
P37198,rat,25,1,1
P37198,rat,26,1,1
P37198,rat,27,1,1
P37198,rat,30,1,1
P37198,rat,33,1,1
P37198,rat,36,0,1
P37198,rat,37,1,1
P37198,rat,39,1,1
P37198,rat,52,0,1
P37198,rat,53,1,1
P37198,rat,54,1,1
P37198,rat,56,1,1
P37198,rat,57,1,1
P37198,rat,61,1,1
P37198,rat,64,1,1
P37198,rat,66,1,1
P37198,rat,69,1,1
P37198,rat,71,1,1
P37198,rat,72,0,1
P37198,rat,75,0,1
P37198,rat,78,1,1
P37198,rat,95,0,1
P37198,rat,100,1,1
P37198,rat,102,1,1
P37198,rat,105,1,1
P37198,rat,118,1,1
P37198,rat,119,1,1
P37198,rat,122,1,1
P37198,rat,126,1,1
P37198,rat,127,0,1
P37198,rat,128,0,1
P37198,rat,130,1,1
P37198,rat,131,1,1
P37198,rat,132,1,1
P37198,rat,135,1,1
P37198,rat,138,1,1
P37198,rat,146,1,1
P37198,rat,147,1,1
P37198,rat,148,1,1
P37198,rat,153,1,1
P37198,rat,154,0,1
P37198,rat,155,1,1
P37198,rat,159,1,1
P37198,rat,161,1,1
P37198,rat,175,1,1
P37198,rat,179,0,1
P37198,rat,183,1,1
P37198,rat,187,0,1
P37198,rat,191,1,1
P37198,rat,194,1,1
P37198,rat,198,1,1
P37198,rat,199,1,1
P37198,rat,203,1,1
P37198,rat,209,1,1
P37198,rat,211,1,1
P37198,rat,213,0,1
P37198,rat,215,1,1
P37198,rat,216,1,1
P37198,rat,217,0,1
P37198,rat,220,1,1
P37198,rat,224,1,1
P37198,rat,227,0,1
P37198,rat,230,0,1
P37198,rat,231,1,1
P37198,rat,232,1,1
P37198,rat,234,1,1
P37198,rat,235,1,1
P37198,rat,238,1,1
P37198,rat,241,0,1
P37198,rat,244,1,1
P37198,rat,245,1,1
P37198,rat,250,1,1
P37198,rat,265,0,1
P37198,rat,267,0,1
P37198,rat,268,1,1
P37198,rat,269,1,1
P37198,rat,270,1,1
P37198,rat,271,1,1
P37198,rat,272,1,1
P37198,rat,273,1,1
P37198,rat,304,1,1
P37198,rat,306,0,1
P37198,rat,311,1,1
P37198,rat,325,0,1
P37198,rat,326,0,1
P37198,rat,329,1,1
P37198,fly,9,0,0
P37198,fly,13,0,0
P37198,fly,17,0,0
P37198,fly,20,0,0
P37198,fly,23,0,0
P37198,fly,25,0,0
P37198,fly,26,0,0
P37198,fly,27,0,0
P37198,fly,30,0,0
P37198,fly,33,0,0
P37198,fly,36,0,0
P37198,fly,37,0,0
P37198,fly,39,0,0
P37198,fly,52,0,0
P37198,fly,53,0,0
P37198,fly,54,0,0
P37198,fly,56,0,0
P37198,fly,57,0,0
P37198,fly,61,0,0
P37198,fly,64,0,0
P37198,fly,66,0,0
P37198,fly,69,0,0
P37198,fly,71,0,0
P37198,fly,72,0,0
P37198,fly,75,0,0
P37198,fly,78,0,0
P37198,fly,95,0,0
P37198,fly,100,0,1
P37198,fly,102,1,1
P37198,fly,105,0,1
P37198,fly,118,0,1
P37198,fly,119,1,1
P37198,fly,122,1,1
P37198,fly,126,1,1
P37198,fly,127,0,1
P37198,fly,128,0,1
P37198,fly,130,1,1
P37198,fly,131,1,1
P37198,fly,132,0,1
P37198,fly,135,1,1
P37198,fly,138,1,1
P37198,fly,146,0,1
P37198,fly,147,1,1
P37198,fly,148,0,1
P37198,fly,153,0,1
P37198,fly,154,0,1
P37198,fly,155,0,1
P37198,fly,159,0,1
P37198,fly,161,0,1
P37198,fly,175,1,1
P37198,fly,179,0,1
P37198,fly,183,0,1
P37198,fly,187,1,1
P37198,fly,191,1,1
P37198,fly,194,1,1
P37198,fly,198,0,1
P37198,fly,199,0,1
P37198,fly,203,1,1
P37198,fly,209,0,1
P37198,fly,211,1,1
P37198,fly,213,1,1
P37198,fly,215,1,1
P37198,fly,216,1,1
P37198,fly,217,0,1
P37198,fly,220,0,1
P37198,fly,224,0,1
P37198,fly,227,0,1
P37198,fly,230,0,1
P37198,fly,231,0,1
P37198,fly,232,1,1
P37198,fly,234,0,1
P37198,fly,235,0,1
P37198,fly,238,0,1
P37198,fly,241,0,1
P37198,fly,244,0,1
P37198,fly,245,1,1
P37198,fly,250,1,1
P37198,fly,265,0,1
P37198,fly,267,0,1
P37198,fly,268,1,1
P37198,fly,269,1,1
P37198,fly,270,1,1
P37198,fly,271,0,1
P37198,fly,272,1,1
P37198,fly,273,0,1
P37198,fly,304,0,0
P37198,fly,306,0,1
P37198,fly,311,1,1
P37198,fly,325,0,1
P37198,fly,326,1,1
P37198,fly,329,1,1
P39880,zebrafish,736,1,1
P39880,zebrafish,739,1,1
P39880,zebrafish,742,0,1
P39880,zebrafish,749,1,1
P39880,zebrafish,753,1,1
P39880,zebrafish,755,0,1
P39880,zebrafish,756,0,1
P39880,zebrafish,734,0,1
P39880,rat,736,0,1
P39880,rat,739,1,1
P39880,rat,742,0,1
P39880,rat,749,1,1
P39880,rat,753,1,1
P39880,rat,755,1,1
P39880,rat,756,1,1
P39880,rat,734,1,1
P40425,mouse,320,1,1
P40425,mouse,330,1,1
P40425,mouse,323,1,1
P40425,mouse,325,0,1
P40425,rat,320,1,1
P40425,rat,330,1,1
P40425,rat,323,1,1
P40425,rat,325,0,1
P43155,mouse,488,0,1
P43155,mouse,485,1,1
P43155,mouse,486,1,1
P43155,rat,488,0,0
P43155,rat,485,0,0
P43155,rat,486,0,0
P43155,worm,488,0,1
P43155,worm,485,0,1
P43155,worm,486,0,1
P46013,mouse,858,1,1
P46013,mouse,859,0,1
P46013,mouse,861,1,1
P46013,mouse,866,0,1
P46013,rat,858,1,1
P46013,rat,859,0,1
P46013,rat,861,1,1
P46013,rat,866,0,1
P46100,mouse,704,0,1
P46100,mouse,578,0,1
P46100,mouse,579,1,1
P46100,mouse,706,0,1
P46100,mouse,583,0,1
P46100,mouse,703,1,1
P46100,rat,704,1,1
P46100,rat,578,0,1
P46100,rat,579,1,1
P46100,rat,706,0,1
P46100,rat,583,0,1
P46100,rat,703,1,1
P47985,zebrafish,99,0,1
P47985,zebrafish,102,0,1
P47985,zebrafish,103,1,1
P47985,mouse,99,1,1
P47985,mouse,102,1,1
P47985,mouse,103,1,1
P47985,rat,99,1,1
P47985,rat,102,1,1
P47985,rat,103,1,1
P47985,worm,99,1,1
P47985,worm,102,0,1
P47985,worm,103,0,1
P47985,fly,99,1,1
P47985,fly,102,0,1
P47985,fly,103,0,1
P48431,zebrafish,256,1,1
P48431,zebrafish,257,1,1
P48431,zebrafish,259,1,1
P48431,zebrafish,246,1,1
P48431,zebrafish,249,1,1
P48431,zebrafish,250,1,1
P48431,zebrafish,251,1,1
P48431,mouse,256,1,1
P48431,mouse,257,1,1
P48431,mouse,259,1,1
P48431,mouse,246,1,1
P48431,mouse,249,1,1
P48431,mouse,250,1,1
P48431,mouse,251,1,1
P48431,rat,256,1,1
P48431,rat,257,1,1
P48431,rat,259,1,1
P48431,rat,246,1,1
P48431,rat,249,1,1
P48431,rat,250,1,1
P48431,rat,251,1,1
P48634,zebrafish,1786,0,0
P48634,zebrafish,1788,0,0
P48634,zebrafish,1790,0,0
P48634,mouse,1786,0,1
P48634,mouse,1788,1,1
P48634,mouse,1790,1,1
P49321,mouse,673,1,1
P49321,mouse,677,1,1
P49321,mouse,678,1,1
P49321,mouse,679,1,1
P49321,mouse,680,1,1
P49321,mouse,683,1,1
P49321,mouse,402,1,1
P49321,mouse,404,1,1
P49321,mouse,408,1,1
P49321,rat,673,1,1
P49321,rat,677,1,1
P49321,rat,678,1,1
P49321,rat,679,1,1
P49321,rat,680,1,1
P49321,rat,683,1,1
P49321,rat,402,1,1
P49321,rat,404,1,1
P49321,rat,408,0,1
P49336,mouse,410,1,1
P49336,mouse,411,1,1
P49336,mouse,412,1,1
P49336,mouse,413,1,1
P49336,fly,410,0,1
P49336,fly,411,0,1
P49336,fly,412,0,1
P49336,fly,413,0,1
P49750,zebrafish,673,0,1
P49750,zebrafish,676,0,1
P49750,zebrafish,37,0,0
P49750,zebrafish,38,0,1
P49750,zebrafish,39,0,1
P49750,zebrafish,679,1,1
P49750,zebrafish,683,0,1
P49750,zebrafish,684,0,1
P49750,mouse,673,1,1
P49750,mouse,676,1,1
P49750,mouse,37,1,1
P49750,mouse,38,1,1
P49750,mouse,39,1,1
P49750,mouse,679,1,1
P49750,mouse,683,1,1
P49750,mouse,684,0,1
P49750,rat,673,1,1
P49750,rat,676,1,1
P49750,rat,37,1,1
P49750,rat,38,1,1
P49750,rat,39,1,1
P49750,rat,679,1,1
P49750,rat,683,1,1
P49750,rat,684,0,1
P49790,zebrafish,1026,0,1
P49790,zebrafish,515,0,1
P49790,zebrafish,516,0,1
P49790,zebrafish,518,1,1
P49790,zebrafish,519,1,1
P49790,zebrafish,520,0,1
P49790,zebrafish,1031,0,1
P49790,zebrafish,522,1,1
P49790,zebrafish,1032,0,1
P49790,zebrafish,1038,0,1
P49790,zebrafish,1041,0,1
P49790,zebrafish,1042,1,1
P49790,zebrafish,543,1,1
P49790,zebrafish,544,1,1
P49790,zebrafish,548,1,1
P49790,zebrafish,550,1,1
P49790,zebrafish,556,0,1
P49790,zebrafish,560,0,1
P49790,zebrafish,562,0,1
P49790,zebrafish,565,1,1
P49790,zebrafish,1091,0,1
P49790,zebrafish,1094,0,1
P49790,zebrafish,1096,1,1
P49790,zebrafish,1112,0,1
P49790,zebrafish,1113,1,1
P49790,zebrafish,1114,1,1
P49790,zebrafish,1115,1,1
P49790,zebrafish,1134,0,1
P49790,zebrafish,1138,0,1
P49790,zebrafish,1141,0,1
P49790,zebrafish,630,1,1
P49790,zebrafish,632,1,1
P49790,zebrafish,633,1,1
P49790,zebrafish,1149,0,1
P49790,zebrafish,638,0,1
P49790,zebrafish,1152,1,1
P49790,zebrafish,1154,0,1
P49790,zebrafish,643,1,1
P49790,zebrafish,644,0,1
P49790,zebrafish,1156,0,1
P49790,zebrafish,646,1,1
P49790,zebrafish,1159,0,1
P49790,zebrafish,648,0,1
P49790,zebrafish,1177,0,1
P49790,zebrafish,1178,0,1
P49790,zebrafish,1179,1,1
P49790,zebrafish,1180,0,1
P49790,zebrafish,1262,0,1
P49790,zebrafish,1263,0,1
P49790,zebrafish,1264,0,1
P49790,zebrafish,1265,0,1
P49790,zebrafish,1266,1,1
P49790,zebrafish,1268,0,1
P49790,zebrafish,1271,0,1
P49790,zebrafish,1295,0,1
P49790,zebrafish,1296,1,1
P49790,zebrafish,1297,1,1
P49790,zebrafish,1298,1,1
P49790,zebrafish,829,0,1
P49790,zebrafish,831,1,1
P49790,zebrafish,836,0,1
P49790,zebrafish,890,1,1
P49790,zebrafish,891,1,1
P49790,zebrafish,892,0,1
P49790,zebrafish,893,0,1
P49790,zebrafish,894,0,1
P49790,zebrafish,895,1,1
P49790,zebrafish,897,0,1
P49790,zebrafish,900,1,1
P49790,zebrafish,901,1,1
P49790,zebrafish,902,0,1
P49790,zebrafish,908,0,1
P49790,zebrafish,909,1,1
P49790,zebrafish,910,1,1
P49790,zebrafish,911,0,1
P49790,zebrafish,912,1,1
P49790,zebrafish,915,1,1
P49790,zebrafish,917,0,1
P49790,zebrafish,919,1,1
P49790,zebrafish,920,1,1
P49790,zebrafish,921,1,1
P49790,zebrafish,937,1,1
P49790,zebrafish,938,1,1
P49790,zebrafish,940,0,1
P49790,zebrafish,942,0,1
P49790,zebrafish,947,1,1
P49790,zebrafish,964,1,1
P49790,zebrafish,965,0,1
P49790,zebrafish,967,0,1
P49790,zebrafish,476,1,1
P49790,zebrafish,480,1,1
P49790,zebrafish,481,0,1
P49790,zebrafish,482,0,1
P49790,zebrafish,483,1,1
P49790,zebrafish,486,1,1
P49790,zebrafish,490,1,1
P49790,zebrafish,491,1,1
P49790,zebrafish,505,1,1
P49790,zebrafish,495,1,1
P49790,zebrafish,496,1,1
P49790,zebrafish,497,1,1
P49790,zebrafish,498,0,1
P49790,zebrafish,500,1,1
P49790,zebrafish,504,0,1
P49790,zebrafish,1017,1,1
P49790,zebrafish,1018,1,1
P49790,zebrafish,1019,0,1
P49790,zebrafish,509,0,1
P49790,zebrafish,1023,1,1
P49790,mouse,1026,0,1
P49790,mouse,515,1,1
P49790,mouse,516,1,1
P49790,mouse,518,0,1
P49790,mouse,519,1,1
P49790,mouse,520,1,1
P49790,mouse,1031,0,0
P49790,mouse,522,1,1
P49790,mouse,1032,0,0
P49790,mouse,1038,1,1
P49790,mouse,1041,1,1
P49790,mouse,1042,1,1
P49790,mouse,543,0,1
P49790,mouse,544,1,1
P49790,mouse,548,1,1
P49790,mouse,550,1,1
P49790,mouse,556,1,1
P49790,mouse,560,1,1
P49790,mouse,562,1,1
P49790,mouse,565,1,1
P49790,mouse,1091,1,1
P49790,mouse,1094,1,1
P49790,mouse,1096,1,1
P49790,mouse,1112,1,1
P49790,mouse,1113,1,1
P49790,mouse,1114,1,1
P49790,mouse,1115,1,1
P49790,mouse,1134,1,1
P49790,mouse,1138,1,1
P49790,mouse,1141,1,1
P49790,mouse,630,1,1
P49790,mouse,632,1,1
P49790,mouse,633,1,1
P49790,mouse,1149,0,1
P49790,mouse,638,1,1
P49790,mouse,1152,1,1
P49790,mouse,1154,1,1
P49790,mouse,643,1,1
P49790,mouse,644,1,1
P49790,mouse,1156,0,1
P49790,mouse,646,1,1
P49790,mouse,1159,1,1
P49790,mouse,648,1,1
P49790,mouse,1177,1,1
P49790,mouse,1178,0,1
P49790,mouse,1179,1,1
P49790,mouse,1180,1,1
P49790,mouse,1262,1,1
P49790,mouse,1263,1,1
P49790,mouse,1264,1,1
P49790,mouse,1265,1,1
P49790,mouse,1266,1,1
P49790,mouse,1268,0,1
P49790,mouse,1271,1,1
P49790,mouse,1295,1,1
P49790,mouse,1296,1,1
P49790,mouse,1297,1,1
P49790,mouse,1298,1,1
P49790,mouse,829,1,1
P49790,mouse,831,1,1
P49790,mouse,836,1,1
P49790,mouse,890,1,1
P49790,mouse,891,1,1
P49790,mouse,892,1,1
P49790,mouse,893,1,1
P49790,mouse,894,0,1
P49790,mouse,895,0,1
P49790,mouse,897,0,1
P49790,mouse,900,0,1
P49790,mouse,901,1,1
P49790,mouse,902,0,1
P49790,mouse,908,0,1
P49790,mouse,909,1,1
P49790,mouse,910,1,1
P49790,mouse,911,1,1
P49790,mouse,912,1,1
P49790,mouse,915,1,1
P49790,mouse,917,1,1
P49790,mouse,919,1,1
P49790,mouse,920,1,1
P49790,mouse,921,1,1
P49790,mouse,937,1,1
P49790,mouse,938,1,1
P49790,mouse,940,1,1
P49790,mouse,942,1,1
P49790,mouse,947,0,1
P49790,mouse,964,0,1
P49790,mouse,965,1,1
P49790,mouse,967,1,1
P49790,mouse,476,1,1
P49790,mouse,480,1,1
P49790,mouse,481,1,1
P49790,mouse,482,1,1
P49790,mouse,483,1,1
P49790,mouse,486,1,1
P49790,mouse,490,1,1
P49790,mouse,491,1,1
P49790,mouse,505,1,1
P49790,mouse,495,1,1
P49790,mouse,496,1,1
P49790,mouse,497,0,1
P49790,mouse,498,1,1
P49790,mouse,500,1,1
P49790,mouse,504,1,1
P49790,mouse,1017,1,1
P49790,mouse,1018,1,1
P49790,mouse,1019,0,1
P49790,mouse,509,0,1
P49790,mouse,1023,1,1
P49790,rat,1026,0,1
P49790,rat,515,1,1
P49790,rat,516,1,1
P49790,rat,518,0,1
P49790,rat,519,1,1
P49790,rat,520,1,1
P49790,rat,1031,0,1
P49790,rat,522,0,1
P49790,rat,1032,1,1
P49790,rat,1038,1,1
P49790,rat,1041,1,1
P49790,rat,1042,1,1
P49790,rat,543,0,1
P49790,rat,544,1,1
P49790,rat,548,1,1
P49790,rat,550,1,1
P49790,rat,556,1,1
P49790,rat,560,1,1
P49790,rat,562,0,1
P49790,rat,565,1,1
P49790,rat,1091,0,1
P49790,rat,1094,1,1
P49790,rat,1096,1,1
P49790,rat,1112,1,1
P49790,rat,1113,1,1
P49790,rat,1114,1,1
P49790,rat,1115,1,1
P49790,rat,1134,1,1
P49790,rat,1138,1,1
P49790,rat,1141,1,1
P49790,rat,630,1,1
P49790,rat,632,1,1
P49790,rat,633,1,1
P49790,rat,1149,0,1
P49790,rat,638,1,1
P49790,rat,1152,1,1
P49790,rat,1154,1,1
P49790,rat,643,1,1
P49790,rat,644,1,1
P49790,rat,1156,0,1
P49790,rat,646,1,1
P49790,rat,1159,1,1
P49790,rat,648,1,1
P49790,rat,1177,1,1
P49790,rat,1178,0,1
P49790,rat,1179,1,1
P49790,rat,1180,1,1
P49790,rat,1262,1,1
P49790,rat,1263,1,1
P49790,rat,1264,1,1
P49790,rat,1265,1,1
P49790,rat,1266,1,1
P49790,rat,1268,1,1
P49790,rat,1271,0,1
P49790,rat,1295,1,1
P49790,rat,1296,1,1
P49790,rat,1297,1,1
P49790,rat,1298,1,1
P49790,rat,829,1,1
P49790,rat,831,0,1
P49790,rat,836,1,1
P49790,rat,890,1,1
P49790,rat,891,1,1
P49790,rat,892,1,1
P49790,rat,893,1,1
P49790,rat,894,0,1
P49790,rat,895,0,1
P49790,rat,897,0,1
P49790,rat,900,0,1
P49790,rat,901,1,1
P49790,rat,902,0,1
P49790,rat,908,0,1
P49790,rat,909,1,1
P49790,rat,910,1,1
P49790,rat,911,1,1
P49790,rat,912,1,1
P49790,rat,915,1,1
P49790,rat,917,1,1
P49790,rat,919,1,1
P49790,rat,920,1,1
P49790,rat,921,1,1
P49790,rat,937,1,1
P49790,rat,938,1,1
P49790,rat,940,1,1
P49790,rat,942,1,1
P49790,rat,947,0,1
P49790,rat,964,0,1
P49790,rat,965,0,1
P49790,rat,967,1,1
P49790,rat,476,1,1
P49790,rat,480,1,1
P49790,rat,481,1,1
P49790,rat,482,1,1
P49790,rat,483,1,1
P49790,rat,486,1,1
P49790,rat,490,1,1
P49790,rat,491,1,1
P49790,rat,505,1,1
P49790,rat,495,1,1
P49790,rat,496,0,1
P49790,rat,497,0,1
P49790,rat,498,1,1
P49790,rat,500,1,1
P49790,rat,504,0,1
P49790,rat,1017,1,1
P49790,rat,1018,1,1
P49790,rat,1019,1,1
P49790,rat,509,1,1
P49790,rat,1023,1,1
P49790,fly,1026,0,1
P49790,fly,515,0,1
P49790,fly,516,0,1
P49790,fly,518,0,0
P49790,fly,519,0,0
P49790,fly,520,0,0
P49790,fly,1031,0,1
P49790,fly,522,0,0
P49790,fly,1032,0,1
P49790,fly,1038,1,1
P49790,fly,1041,1,1
P49790,fly,1042,0,1
P49790,fly,543,1,1
P49790,fly,544,0,1
P49790,fly,548,1,1
P49790,fly,550,1,1
P49790,fly,556,1,1
P49790,fly,560,0,1
P49790,fly,562,0,0
P49790,fly,565,0,0
P49790,fly,1091,1,1
P49790,fly,1094,1,1
P49790,fly,1096,1,1
P49790,fly,1112,0,1
P49790,fly,1113,1,1
P49790,fly,1114,0,1
P49790,fly,1115,0,1
P49790,fly,1134,0,1
P49790,fly,1138,1,1
P49790,fly,1141,1,1
P49790,fly,630,0,0
P49790,fly,632,0,0
P49790,fly,633,0,0
P49790,fly,1149,0,1
P49790,fly,638,0,0
P49790,fly,1152,0,1
P49790,fly,1154,1,1
P49790,fly,643,0,0
P49790,fly,644,0,0
P49790,fly,1156,0,1
P49790,fly,646,0,0
P49790,fly,1159,0,1
P49790,fly,648,0,0
P49790,fly,1177,1,1
P49790,fly,1178,0,1
P49790,fly,1179,0,1
P49790,fly,1180,0,1
P49790,fly,1262,0,1
P49790,fly,1263,1,1
P49790,fly,1264,1,1
P49790,fly,1265,1,1
P49790,fly,1266,0,1
P49790,fly,1268,1,1
P49790,fly,1271,1,1
P49790,fly,1295,0,1
P49790,fly,1296,1,1
P49790,fly,1297,1,1
P49790,fly,1298,0,1
P49790,fly,829,1,1
P49790,fly,831,0,1
P49790,fly,836,0,1
P49790,fly,890,0,1
P49790,fly,891,0,1
P49790,fly,892,1,1
P49790,fly,893,1,1
P49790,fly,894,0,1
P49790,fly,895,0,1
P49790,fly,897,1,1
P49790,fly,900,1,1
P49790,fly,901,0,1
P49790,fly,902,1,1
P49790,fly,908,1,1
P49790,fly,909,0,1
P49790,fly,910,0,1
P49790,fly,911,1,1
P49790,fly,912,1,1
P49790,fly,915,1,1
P49790,fly,917,0,1
P49790,fly,919,1,1
P49790,fly,920,1,1
P49790,fly,921,1,1
P49790,fly,937,1,1
P49790,fly,938,1,1
P49790,fly,940,1,1
P49790,fly,942,1,1
P49790,fly,947,1,1
P49790,fly,964,0,1
P49790,fly,965,0,1
P49790,fly,967,1,1
P49790,fly,476,1,1
P49790,fly,480,0,1
P49790,fly,481,0,1
P49790,fly,482,0,1
P49790,fly,483,1,1
P49790,fly,486,0,1
P49790,fly,490,1,1
P49790,fly,491,1,1
P49790,fly,505,0,1
P49790,fly,495,0,1
P49790,fly,496,0,1
P49790,fly,497,1,1
P49790,fly,498,1,1
P49790,fly,500,1,1
P49790,fly,504,0,1
P49790,fly,1017,0,1
P49790,fly,1018,1,1
P49790,fly,1019,1,1
P49790,fly,509,1,1
P49790,fly,1023,1,1
P49792,fly,1045,0,0
P49792,fly,1941,0,1
P49792,fly,1047,0,0
P49792,fly,1048,0,0
P49792,fly,1944,0,1
P49792,fly,1946,1,1
P49792,fly,1053,0,0
P49792,fly,1061,0,0
P49792,fly,1063,0,0
P49792,fly,1065,0,0
P49792,fly,867,0,0
P49792,fly,1509,0,1
P49792,fly,870,0,1
P49792,fly,871,0,1
P49792,fly,1513,1,1
P49792,fly,874,1,1
P49792,fly,1514,1,1
P49792,fly,1517,0,1
P49792,fly,878,0,1
P49792,fly,1520,1,1
P49792,fly,1396,0,0
P49792,fly,1399,0,0
P49792,fly,1400,0,0
P49848,zebrafish,480,1,1
P49848,zebrafish,481,1,1
P49848,zebrafish,483,1,1
P49848,zebrafish,485,1,1
P49848,zebrafish,490,1,1
P49848,zebrafish,586,1,1
P49848,zebrafish,492,1,1
P49848,zebrafish,587,0,1
P49848,zebrafish,589,0,1
P49848,zebrafish,590,0,1
P49848,zebrafish,594,1,1
P49848,zebrafish,595,1,1
P49848,zebrafish,598,0,1
P49848,zebrafish,602,0,0
P49848,mouse,480,1,1
P49848,mouse,481,1,1
P49848,mouse,483,1,1
P49848,mouse,485,1,1
P49848,mouse,490,1,1
P49848,mouse,586,1,1
P49848,mouse,492,1,1
P49848,mouse,587,1,1
P49848,mouse,589,1,1
P49848,mouse,590,1,1
P49848,mouse,594,1,1
P49848,mouse,595,1,1
P49848,mouse,598,0,1
P49848,mouse,602,1,1
P49848,rat,480,0,1
P49848,rat,481,0,1
P49848,rat,483,1,1
P49848,rat,485,1,1
P49848,rat,490,0,1
P49848,rat,586,1,1
P49848,rat,492,1,1
P49848,rat,587,0,1
P49848,rat,589,0,1
P49848,rat,590,0,1
P49848,rat,594,0,1
P49848,rat,595,0,1
P49848,rat,598,0,0
P49848,rat,602,0,0
P49848,fly,480,0,1
P49848,fly,481,0,1
P49848,fly,483,1,1
P49848,fly,485,0,1
P49848,fly,490,1,1
P49848,fly,586,0,1
P49848,fly,492,1,1
P49848,fly,587,0,1
P49848,fly,589,0,1
P49848,fly,590,0,1
P49848,fly,594,1,1
P49848,fly,595,0,1
P49848,fly,598,0,1
P49848,fly,602,1,1
P49916,zebrafish,250,1,1
P49916,zebrafish,251,0,1
P49916,zebrafish,252,0,1
P49916,mouse,250,1,1
P49916,mouse,251,0,1
P49916,mouse,252,1,1
P49916,rat,250,1,1
P49916,rat,251,0,1
P49916,rat,252,1,1
P50402,mouse,171,1,1
P50402,mouse,173,1,1
P50402,mouse,175,1,1
P50402,mouse,49,0,1
P50402,mouse,52,0,1
P50402,mouse,53,1,1
P50402,mouse,54,1,1
P50402,rat,171,1,1
P50402,rat,173,1,1
P50402,rat,175,1,1
P50402,rat,49,1,1
P50402,rat,52,1,1
P50402,rat,53,1,1
P50402,rat,54,1,1
P51610,mouse,515,1,1
P51610,mouse,517,1,1
P51610,mouse,518,1,1
P51610,mouse,529,1,1
P51610,mouse,531,1,1
P51610,mouse,535,1,1
P51610,mouse,539,1,1
P51610,mouse,540,0,1
P51610,mouse,544,1,1
P51610,mouse,1058,1,1
P51610,mouse,1061,1,1
P51610,mouse,1062,1,1
P51610,mouse,1063,0,1
P51610,mouse,562,1,1
P51610,mouse,563,1,1
P51610,mouse,566,1,1
P51610,mouse,569,1,1
P51610,mouse,574,1,1
P51610,mouse,575,1,1
P51610,mouse,579,1,1
P51610,mouse,583,1,1
P51610,mouse,586,1,1
P51610,mouse,587,1,1
P51610,mouse,588,1,1
P51610,mouse,592,1,1
P51610,mouse,597,1,1
P51610,mouse,598,1,1
P51610,mouse,603,1,1
P51610,mouse,607,1,1
P51610,mouse,612,1,1
P51610,mouse,619,1,1
P51610,mouse,620,1,1
P51610,mouse,622,1,1
P51610,mouse,623,1,1
P51610,mouse,625,0,1
P51610,mouse,627,1,1
P51610,mouse,628,1,1
P51610,mouse,629,1,1
P51610,mouse,634,1,1
P51610,mouse,638,1,1
P51610,mouse,640,1,1
P51610,mouse,642,1,1
P51610,mouse,1171,1,1
P51610,mouse,1172,0,1
P51610,mouse,1174,1,1
P51610,mouse,1175,1,1
P51610,mouse,1176,1,1
P51610,mouse,1177,1,1
P51610,mouse,666,1,1
P51610,mouse,1179,1,1
P51610,mouse,669,1,1
P51610,mouse,1183,1,1
P51610,mouse,674,1,1
P51610,mouse,678,1,1
P51610,mouse,685,1,1
P51610,mouse,689,1,1
P51610,mouse,694,1,1
P51610,mouse,695,1,1
P51610,mouse,698,1,1
P51610,mouse,702,1,1
P51610,mouse,703,1,1
P51610,mouse,707,1,1
P51610,mouse,712,1,1
P51610,mouse,1234,1,1
P51610,mouse,1238,0,1
P51610,mouse,1239,1,1
P51610,mouse,1243,1,1
P51610,mouse,733,1,1
P51610,mouse,734,1,1
P51610,mouse,1245,1,1
P51610,mouse,1246,0,1
P51610,mouse,737,1,1
P51610,mouse,738,1,1
P51610,mouse,739,1,1
P51610,mouse,742,1,1
P51610,mouse,746,1,1
P51610,mouse,749,1,1
P51610,mouse,754,1,1
P51610,mouse,755,1,1
P51610,mouse,757,1,1
P51610,mouse,759,1,1
P51610,mouse,760,1,1
P51610,mouse,761,1,1
P51610,mouse,765,1,1
P51610,mouse,767,1,1
P51610,mouse,771,1,1
P51610,mouse,775,1,1
P51610,mouse,779,1,1
P51610,mouse,784,1,1
P51610,mouse,787,1,1
P51610,mouse,788,1,1
P51610,mouse,789,1,1
P51610,mouse,794,1,1
P51610,mouse,797,1,1
P51610,mouse,800,1,1
P51610,mouse,801,1,1
P51610,mouse,805,1,1
P51610,mouse,806,1,1
P51610,mouse,808,1,1
P51610,mouse,858,1,1
P51610,mouse,861,1,1
P51610,mouse,863,1,1
P51610,mouse,877,1,1
P51610,mouse,878,1,1
P51610,mouse,881,1,1
P51610,mouse,882,1,1
P51610,mouse,885,1,1
P51610,mouse,889,1,1
P51610,mouse,893,1,1
P51610,mouse,903,1,1
P51610,mouse,908,1,1
P51610,mouse,911,1,1
P51610,mouse,912,1,1
P51610,mouse,405,1,1
P51610,mouse,408,1,1
P51610,mouse,410,1,1
P51610,mouse,411,1,1
P51610,mouse,413,1,1
P51610,mouse,930,1,1
P51610,mouse,932,1,1
P51610,mouse,937,1,1
P51610,mouse,939,1,1
P51610,mouse,457,1,1
P51610,mouse,458,1,1
P51610,mouse,459,1,1
P51610,mouse,460,1,1
P51610,mouse,1485,1,1
P51610,mouse,1486,1,1
P51610,mouse,1488,1,1
P51610,mouse,1490,1,1
P51610,mouse,1491,1,1
P51610,mouse,490,1,1
P51610,mouse,495,1,1
P51610,mouse,496,1,1
P51610,mouse,498,1,1
P51610,mouse,502,1,1
P51610,mouse,507,1,1
P51610,rat,515,1,1
P51610,rat,517,1,1
P51610,rat,518,1,1
P51610,rat,529,1,1
P51610,rat,531,1,1
P51610,rat,535,1,1
P51610,rat,539,1,1
P51610,rat,540,0,1
P51610,rat,544,1,1
P51610,rat,1058,1,1
P51610,rat,1061,1,1
P51610,rat,1062,1,1
P51610,rat,1063,0,1
P51610,rat,562,1,1
P51610,rat,563,1,1
P51610,rat,566,1,1
P51610,rat,569,1,1
P51610,rat,574,1,1
P51610,rat,575,1,1
P51610,rat,579,1,1
P51610,rat,583,1,1
P51610,rat,586,1,1
P51610,rat,587,1,1
P51610,rat,588,1,1
P51610,rat,592,1,1
P51610,rat,597,1,1
P51610,rat,598,1,1
P51610,rat,603,1,1
P51610,rat,607,1,1
P51610,rat,612,1,1
P51610,rat,619,1,1
P51610,rat,620,1,1
P51610,rat,622,1,1
P51610,rat,623,1,1
P51610,rat,625,0,1
P51610,rat,627,1,1
P51610,rat,628,1,1
P51610,rat,629,1,1
P51610,rat,634,1,1
P51610,rat,638,1,1
P51610,rat,640,1,1
P51610,rat,642,1,1
P51610,rat,1171,1,1
P51610,rat,1172,0,1
P51610,rat,1174,1,1
P51610,rat,1175,1,1
P51610,rat,1176,1,1
P51610,rat,1177,1,1
P51610,rat,666,1,1
P51610,rat,1179,1,1
P51610,rat,669,1,1
P51610,rat,1183,1,1
P51610,rat,674,1,1
P51610,rat,678,1,1
P51610,rat,685,1,1
P51610,rat,689,1,1
P51610,rat,694,1,1
P51610,rat,695,1,1
P51610,rat,698,1,1
P51610,rat,702,1,1
P51610,rat,703,1,1
P51610,rat,707,1,1
P51610,rat,712,1,1
P51610,rat,1234,1,1
P51610,rat,1238,0,1
P51610,rat,1239,1,1
P51610,rat,1243,0,1
P51610,rat,733,1,1
P51610,rat,734,1,1
P51610,rat,1245,1,1
P51610,rat,1246,0,1
P51610,rat,737,1,1
P51610,rat,738,1,1
P51610,rat,739,1,1
P51610,rat,742,1,1
P51610,rat,746,1,1
P51610,rat,749,1,1
P51610,rat,754,1,1
P51610,rat,755,1,1
P51610,rat,757,1,1
P51610,rat,759,1,1
P51610,rat,760,1,1
P51610,rat,761,1,1
P51610,rat,765,1,1
P51610,rat,767,1,1
P51610,rat,771,1,1
P51610,rat,775,1,1
P51610,rat,779,1,1
P51610,rat,784,1,1
P51610,rat,787,1,1
P51610,rat,788,1,1
P51610,rat,789,1,1
P51610,rat,794,1,1
P51610,rat,797,1,1
P51610,rat,800,1,1
P51610,rat,801,1,1
P51610,rat,805,1,1
P51610,rat,806,1,1
P51610,rat,808,1,1
P51610,rat,858,1,1
P51610,rat,861,1,1
P51610,rat,863,1,1
P51610,rat,877,0,0
P51610,rat,878,0,0
P51610,rat,881,0,0
P51610,rat,882,0,0
P51610,rat,885,0,1
P51610,rat,889,1,1
P51610,rat,893,1,1
P51610,rat,903,1,1
P51610,rat,908,1,1
P51610,rat,911,1,1
P51610,rat,912,1,1
P51610,rat,405,1,1
P51610,rat,408,1,1
P51610,rat,410,1,1
P51610,rat,411,1,1
P51610,rat,413,1,1
P51610,rat,930,1,1
P51610,rat,932,1,1
P51610,rat,937,1,1
P51610,rat,939,1,1
P51610,rat,457,1,1
P51610,rat,458,1,1
P51610,rat,459,1,1
P51610,rat,460,1,1
P51610,rat,1485,1,1
P51610,rat,1486,1,1
P51610,rat,1488,1,1
P51610,rat,1490,1,1
P51610,rat,1491,1,1
P51610,rat,490,1,1
P51610,rat,495,1,1
P51610,rat,496,1,1
P51610,rat,498,1,1
P51610,rat,502,1,1
P51610,rat,507,1,1
P51826,mouse,409,1,1
P51826,mouse,410,1,1
P51826,mouse,405,0,1
P51826,mouse,406,1,1
P51826,rat,409,1,1
P51826,rat,410,1,1
P51826,rat,405,0,1
P51826,rat,406,1,1
P51991,mouse,355,1,1
P51991,mouse,356,1,1
P51991,mouse,358,1,1
P52594,mouse,291,1,1
P52594,mouse,292,1,1
P52594,mouse,293,1,1
P52594,mouse,359,1,1
P52594,mouse,138,1,1
P52594,mouse,298,1,1
P52594,mouse,362,1,1
P52594,mouse,301,1,1
P52594,mouse,142,1,1
P52594,mouse,302,1,1
P52594,mouse,144,1,1
P52594,mouse,304,1,1
P52594,mouse,365,1,1
P52594,mouse,367,1,1
P52594,mouse,368,1,1
P52594,mouse,309,1,1
P52594,mouse,370,1,1
P52594,mouse,371,1,1
P52948,zebrafish,257,1,1
P52948,zebrafish,509,0,1
P52948,zebrafish,261,1,1
P52948,zebrafish,262,1,1
P52948,zebrafish,263,1,1
P52948,zebrafish,264,0,1
P52948,zebrafish,1034,1,1
P52948,zebrafish,268,1,1
P52948,zebrafish,1036,0,1
P52948,zebrafish,1039,0,1
P52948,zebrafish,1043,0,1
P52948,zebrafish,281,0,1
P52948,zebrafish,282,1,1
P52948,zebrafish,283,1,1
P52948,zebrafish,286,0,1
P52948,zebrafish,293,1,1
P52948,zebrafish,294,1,1
P52948,zebrafish,295,1,1
P52948,zebrafish,1082,0,1
P52948,zebrafish,1084,0,1
P52948,zebrafish,1086,0,1
P52948,zebrafish,65,1,1
P52948,zebrafish,69,1,1
P52948,zebrafish,73,1,1
P52948,zebrafish,74,1,1
P52948,zebrafish,75,1,1
P52948,zebrafish,76,1,1
P52948,zebrafish,77,1,1
P52948,zebrafish,83,0,1
P52948,zebrafish,84,1,1
P52948,zebrafish,85,1,1
P52948,zebrafish,472,1,1
P52948,zebrafish,473,0,1
P52948,zebrafish,90,1,1
P52948,zebrafish,474,0,1
P52948,zebrafish,476,1,1
P52948,zebrafish,223,0,1
P52948,zebrafish,224,1,1
P52948,zebrafish,225,0,1
P52948,zebrafish,230,0,1
P52948,zebrafish,231,0,1
P52948,zebrafish,234,1,1
P52948,zebrafish,235,1,1
P52948,zebrafish,236,1,1
P52948,zebrafish,238,1,1
P52948,zebrafish,242,0,1
P52948,zebrafish,243,1,1
P52948,zebrafish,244,1,1
P52948,zebrafish,245,0,1
P52948,zebrafish,246,0,1
P52948,zebrafish,507,0,1
P52948,zebrafish,248,1,1
P52948,zebrafish,122,1,1
P52948,zebrafish,123,1,1
P52948,zebrafish,124,1,1
P52948,zebrafish,125,1,1
P52948,zebrafish,126,1,1
P52948,zebrafish,511,1,1
P52948,mouse,257,1,1
P52948,mouse,509,1,1
P52948,mouse,261,1,1
P52948,mouse,262,1,1
P52948,mouse,263,1,1
P52948,mouse,264,1,1
P52948,mouse,1034,1,1
P52948,mouse,268,1,1
P52948,mouse,1036,1,1
P52948,mouse,1039,1,1
P52948,mouse,1043,1,1
P52948,mouse,281,1,1
P52948,mouse,282,1,1
P52948,mouse,283,1,1
P52948,mouse,286,1,1
P52948,mouse,293,1,1
P52948,mouse,294,1,1
P52948,mouse,295,1,1
P52948,mouse,1082,1,1
P52948,mouse,1084,0,1
P52948,mouse,1086,1,1
P52948,mouse,65,1,1
P52948,mouse,69,1,1
P52948,mouse,73,1,1
P52948,mouse,74,1,1
P52948,mouse,75,1,1
P52948,mouse,76,1,1
P52948,mouse,77,1,1
P52948,mouse,83,1,1
P52948,mouse,84,1,1
P52948,mouse,85,1,1
P52948,mouse,472,1,1
P52948,mouse,473,1,1
P52948,mouse,90,1,1
P52948,mouse,474,1,1
P52948,mouse,476,0,1
P52948,mouse,223,1,1
P52948,mouse,224,1,1
P52948,mouse,225,0,1
P52948,mouse,230,1,1
P52948,mouse,231,1,1
P52948,mouse,234,1,1
P52948,mouse,235,1,1
P52948,mouse,236,1,1
P52948,mouse,238,1,1
P52948,mouse,242,1,1
P52948,mouse,243,1,1
P52948,mouse,244,1,1
P52948,mouse,245,1,1
P52948,mouse,246,1,1
P52948,mouse,507,1,1
P52948,mouse,248,1,1
P52948,mouse,122,1,1
P52948,mouse,123,1,1
P52948,mouse,124,1,1
P52948,mouse,125,1,1
P52948,mouse,126,1,1
P52948,mouse,511,1,1
P52948,rat,257,1,1
P52948,rat,509,1,1
P52948,rat,261,1,1
P52948,rat,262,1,1
P52948,rat,263,1,1
P52948,rat,264,1,1
P52948,rat,1034,0,0
P52948,rat,268,1,1
P52948,rat,1036,0,0
P52948,rat,1039,0,0
P52948,rat,1043,0,0
P52948,rat,281,1,1
P52948,rat,282,1,1
P52948,rat,283,1,1
P52948,rat,286,1,1
P52948,rat,293,1,1
P52948,rat,294,1,1
P52948,rat,295,1,1
P52948,rat,1082,0,0
P52948,rat,1084,0,0
P52948,rat,1086,0,0
P52948,rat,65,1,1
P52948,rat,69,1,1
P52948,rat,73,1,1
P52948,rat,74,1,1
P52948,rat,75,1,1
P52948,rat,76,1,1
P52948,rat,77,1,1
P52948,rat,83,1,1
P52948,rat,84,1,1
P52948,rat,85,1,1
P52948,rat,472,1,1
P52948,rat,473,1,1
P52948,rat,90,1,1
P52948,rat,474,1,1
P52948,rat,476,0,1
P52948,rat,223,1,1
P52948,rat,224,1,1
P52948,rat,225,1,1
P52948,rat,230,1,1
P52948,rat,231,1,1
P52948,rat,234,1,1
P52948,rat,235,1,1
P52948,rat,236,1,1
P52948,rat,238,1,1
P52948,rat,242,1,1
P52948,rat,243,1,1
P52948,rat,244,1,1
P52948,rat,245,1,1
P52948,rat,246,1,1
P52948,rat,507,1,1
P52948,rat,248,1,1
P52948,rat,122,1,1
P52948,rat,123,1,1
P52948,rat,124,1,1
P52948,rat,125,1,1
P52948,rat,126,1,1
P52948,rat,511,1,1
P52948,worm,257,1,1
P52948,worm,509,1,1
P52948,worm,261,0,1
P52948,worm,262,0,1
P52948,worm,263,1,1
P52948,worm,264,1,1
P52948,worm,1034,0,0
P52948,worm,268,1,1
P52948,worm,1036,0,0
P52948,worm,1039,0,0
P52948,worm,1043,0,0
P52948,worm,281,1,1
P52948,worm,282,1,1
P52948,worm,283,1,1
P52948,worm,286,0,1
P52948,worm,293,0,1
P52948,worm,294,1,1
P52948,worm,295,1,1
P52948,worm,1082,0,0
P52948,worm,1084,0,0
P52948,worm,1086,0,0
P52948,worm,65,1,1
P52948,worm,69,0,1
P52948,worm,73,0,1
P52948,worm,74,0,1
P52948,worm,75,0,1
P52948,worm,76,1,1
P52948,worm,77,1,1
P52948,worm,83,0,0
P52948,worm,84,0,0
P52948,worm,85,0,1
P52948,worm,472,0,0
P52948,worm,473,0,0
P52948,worm,90,1,1
P52948,worm,474,0,0
P52948,worm,476,0,0
P52948,worm,223,1,1
P52948,worm,224,1,1
P52948,worm,225,1,1
P52948,worm,230,1,1
P52948,worm,231,0,1
P52948,worm,234,0,1
P52948,worm,235,0,1
P52948,worm,236,0,1
P52948,worm,238,1,1
P52948,worm,242,0,1
P52948,worm,243,1,1
P52948,worm,244,1,1
P52948,worm,245,0,1
P52948,worm,246,0,1
P52948,worm,507,0,1
P52948,worm,248,0,1
P52948,worm,122,0,1
P52948,worm,123,0,1
P52948,worm,124,1,1
P52948,worm,125,0,1
P52948,worm,126,1,1
P52948,worm,511,0,1
P52948,fly,257,1,1
P52948,fly,509,0,1
P52948,fly,261,1,1
P52948,fly,262,1,1
P52948,fly,263,0,1
P52948,fly,264,0,1
P52948,fly,1034,0,0
P52948,fly,268,0,1
P52948,fly,1036,0,0
P52948,fly,1039,0,0
P52948,fly,1043,0,0
P52948,fly,281,0,1
P52948,fly,282,0,1
P52948,fly,283,0,1
P52948,fly,286,0,0
P52948,fly,293,1,1
P52948,fly,294,1,1
P52948,fly,295,1,1
P52948,fly,1082,0,0
P52948,fly,1084,0,0
P52948,fly,1086,0,0
P52948,fly,65,1,1
P52948,fly,69,0,1
P52948,fly,73,1,1
P52948,fly,74,0,1
P52948,fly,75,0,1
P52948,fly,76,0,1
P52948,fly,77,1,1
P52948,fly,83,1,1
P52948,fly,84,0,1
P52948,fly,85,0,1
P52948,fly,472,1,1
P52948,fly,473,0,1
P52948,fly,90,0,1
P52948,fly,474,1,1
P52948,fly,476,0,1
P52948,fly,223,0,0
P52948,fly,224,0,0
P52948,fly,225,0,1
P52948,fly,230,1,1
P52948,fly,231,0,1
P52948,fly,234,0,1
P52948,fly,235,0,1
P52948,fly,236,0,1
P52948,fly,238,0,1
P52948,fly,242,0,1
P52948,fly,243,1,1
P52948,fly,244,1,1
P52948,fly,245,0,1
P52948,fly,246,0,1
P52948,fly,507,0,1
P52948,fly,248,1,1
P52948,fly,122,0,1
P52948,fly,123,0,1
P52948,fly,124,0,1
P52948,fly,125,0,1
P52948,fly,126,1,1
P52948,fly,511,1,1
P53992,zebrafish,776,1,1
P53992,zebrafish,773,1,1
P53992,zebrafish,775,1,1
P53992,mouse,776,0,0
P53992,mouse,773,0,0
P53992,mouse,775,0,0
P53992,rat,776,1,1
P53992,rat,773,1,1
P53992,rat,775,1,1
P54253,mouse,88,1,1
P54253,mouse,91,1,1
P54253,mouse,82,1,1
P54253,mouse,83,0,1
P54253,rat,88,1,1
P54253,rat,91,1,1
P54253,rat,82,1,1
P54253,rat,83,0,1
P55197,zebrafish,266,1,1
P55197,zebrafish,268,0,1
P55197,zebrafish,269,0,1
P55197,zebrafish,341,0,1
P55197,zebrafish,343,1,1
P55197,zebrafish,346,1,1
P55197,mouse,266,1,1
P55197,mouse,268,1,1
P55197,mouse,269,1,1
P55197,mouse,341,0,1
P55197,mouse,343,1,1
P55197,mouse,346,1,1
P55197,rat,266,1,1
P55197,rat,268,1,1
P55197,rat,269,1,1
P55197,rat,341,1,1
P55197,rat,343,1,1
P55197,rat,346,1,1
P55198,mouse,576,1,1
P55198,mouse,545,1,1
P55198,mouse,577,1,1
P55198,mouse,573,1,1
P55198,mouse,542,1,1
P55198,mouse,572,1,1
P55198,mouse,410,1,1
P55198,mouse,412,1,1
P55198,mouse,540,1,1
P55198,mouse,414,1,1
P55198,mouse,415,1,1
P55198,rat,576,1,1
P55198,rat,545,1,1
P55198,rat,577,1,1
P55198,rat,573,1,1
P55198,rat,542,1,1
P55198,rat,572,1,1
P55198,rat,410,1,1
P55198,rat,412,1,1
P55198,rat,540,1,1
P55198,rat,414,1,1
P55198,rat,415,1,1
P55265,zebrafish,391,0,0
P55265,zebrafish,396,0,0
P55265,zebrafish,397,0,0
P55265,zebrafish,400,0,0
P55265,zebrafish,405,0,1
P55265,mouse,391,0,1
P55265,mouse,396,0,1
P55265,mouse,397,0,1
P55265,mouse,400,1,1
P55265,mouse,405,0,1
P55265,rat,391,1,1
P55265,rat,396,0,1
P55265,rat,397,1,1
P55265,rat,400,1,1
P55265,rat,405,1,1
P57740,zebrafish,64,1,1
P57740,zebrafish,66,0,1
P57740,zebrafish,67,0,1
P57740,mouse,64,1,1
P57740,mouse,66,1,1
P57740,mouse,67,1,1
P57740,rat,64,1,1
P57740,rat,66,0,1
P57740,rat,67,1,1
P57740,fly,64,0,0
P57740,fly,66,0,0
P57740,fly,67,0,0
P61769,mouse,72,1,1
P61769,mouse,75,1,1
P61769,mouse,77,1,1
P61769,rat,72,1,1
P61769,rat,75,1,1
P61769,rat,77,1,1
P63261,mouse,297,1,1
P63261,mouse,300,1,1
P63261,mouse,303,1,1
P63261,rat,297,1,1
P63261,rat,300,1,1
P63261,rat,303,1,1
P68400,mouse,344,1,1
P68400,mouse,347,1,1
P68400,mouse,348,1,1
P68400,mouse,343,1,1
P68400,rat,344,1,1
P68400,rat,347,1,1
P68400,rat,348,1,1
P68400,rat,343,1,1
P68400,worm,344,0,1
P68400,worm,347,0,1
P68400,worm,348,1,1
P68400,worm,343,0,1
P68400,fly,344,0,0
P68400,fly,347,0,0
P68400,fly,348,0,0
P68400,fly,343,0,0
P78364,zebrafish,320,0,1
P78364,zebrafish,322,1,1
P78364,zebrafish,324,1,1
P78364,mouse,320,1,1
P78364,mouse,322,1,1
P78364,mouse,324,1,1
P78364,rat,320,1,1
P78364,rat,322,1,1
P78364,rat,324,1,1
P78406,mouse,6,1,1
P78406,mouse,7,1,1
P78406,mouse,8,1,1
P78406,mouse,15,1,1
P78406,mouse,16,1,1
P78406,mouse,20,1,1
P78406,mouse,23,1,1
P78406,worm,6,0,1
P78406,worm,7,0,1
P78406,worm,8,1,1
P78406,worm,15,0,1
P78406,worm,16,1,1
P78406,worm,20,1,1
P78406,worm,23,0,1
P78406,fly,6,0,0
P78406,fly,7,0,0
P78406,fly,8,0,0
P78406,fly,15,0,0
P78406,fly,16,0,0
P78406,fly,20,0,1
P78406,fly,23,1,1
P78559,mouse,873,1,1
P78559,mouse,874,1,1
P78559,mouse,878,1,1
P78559,rat,873,1,1
P78559,rat,874,1,1
P78559,rat,878,1,1
P78559,fly,873,1,1
P78559,fly,874,1,1
P78559,fly,878,1,1
P82979,mouse,192,1,1
P82979,mouse,193,1,1
P82979,mouse,185,1,1
P82979,mouse,186,1,1
P82979,mouse,190,1,1
P82979,rat,192,1,1
P82979,rat,193,1,1
P82979,rat,185,1,1
P82979,rat,186,1,1
P82979,rat,190,1,1
P82979,worm,192,0,0
P82979,worm,193,0,0
P82979,worm,185,0,0
P82979,worm,186,0,0
P82979,worm,190,0,0
P85037,zebrafish,679,0,0
P85037,zebrafish,681,0,0
P85037,zebrafish,682,0,0
P85037,zebrafish,683,0,1
P85037,zebrafish,686,0,1
P85037,zebrafish,688,1,1
P85037,zebrafish,529,1,1
P85037,zebrafish,530,1,1
P85037,zebrafish,531,1,1
P85037,zebrafish,501,1,1
P85037,zebrafish,534,1,1
P85037,zebrafish,504,1,1
P85037,zebrafish,505,1,1
P85037,mouse,679,0,1
P85037,mouse,681,0,1
P85037,mouse,682,0,1
P85037,mouse,683,0,1
P85037,mouse,686,0,1
P85037,mouse,688,0,1
P85037,mouse,529,1,1
P85037,mouse,530,1,1
P85037,mouse,531,1,1
P85037,mouse,501,1,1
P85037,mouse,534,1,1
P85037,mouse,504,1,1
P85037,mouse,505,1,1
P85037,rat,679,0,1
P85037,rat,681,1,1
P85037,rat,682,0,1
P85037,rat,683,0,1
P85037,rat,686,0,1
P85037,rat,688,0,1
P85037,rat,529,1,1
P85037,rat,530,1,1
P85037,rat,531,1,1
P85037,rat,501,1,1
P85037,rat,534,1,1
P85037,rat,504,1,1
P85037,rat,505,1,1
P98082,mouse,729,1,1
P98082,mouse,730,0,1
P98082,mouse,723,0,1
P98082,mouse,727,1,1
P98082,rat,729,1,1
P98082,rat,730,0,1
P98082,rat,723,0,1
P98082,rat,727,1,1
P98171,mouse,208,0,1
P98171,mouse,202,1,1
P98171,mouse,203,1,1
P98171,mouse,199,1,1
P98171,rat,208,0,1
P98171,rat,202,1,1
P98171,rat,203,1,1
P98171,rat,199,1,1
Q00535,zebrafish,245,1,1
Q00535,zebrafish,246,1,1
Q00535,zebrafish,247,1,1
Q00535,mouse,245,1,1
Q00535,mouse,246,1,1
Q00535,mouse,247,1,1
Q00535,rat,245,1,1
Q00535,rat,246,1,1
Q00535,rat,247,1,1
Q00535,worm,245,1,1
Q00535,worm,246,0,1
Q00535,worm,247,1,1
Q00535,fly,245,0,1
Q00535,fly,246,1,1
Q00535,fly,247,1,1
Q00839,zebrafish,192,0,0
Q00839,zebrafish,187,0,0
Q00839,zebrafish,188,0,0
Q00839,zebrafish,197,0,0
Q00839,mouse,192,1,1
Q00839,mouse,187,1,1
Q00839,mouse,188,1,1
Q00839,mouse,197,1,1
Q00839,rat,192,1,1
Q00839,rat,187,1,1
Q00839,rat,188,1,1
Q00839,rat,197,1,1
Q00839,fly,192,0,1
Q00839,fly,187,1,1
Q00839,fly,188,0,1
Q00839,fly,197,0,0
Q01167,zebrafish,424,0,1
Q01167,zebrafish,428,1,1
Q01167,zebrafish,432,1,1
Q01167,zebrafish,431,1,1
Q01167,mouse,424,1,1
Q01167,mouse,428,1,1
Q01167,mouse,432,1,1
Q01167,mouse,431,1,1
Q01167,rat,424,1,1
Q01167,rat,428,1,1
Q01167,rat,432,1,1
Q01167,rat,431,1,1
Q01196,zebrafish,296,0,1
Q01196,zebrafish,301,1,1
Q01196,zebrafish,295,0,0
Q01196,mouse,296,0,0
Q01196,mouse,301,0,0
Q01196,mouse,295,0,0
Q01196,rat,296,1,1
Q01196,rat,301,1,1
Q01196,rat,295,1,1
Q01664,zebrafish,264,1,1
Q01664,zebrafish,257,1,1
Q01664,zebrafish,261,1,1
Q01664,zebrafish,263,1,1
Q01664,mouse,264,0,0
Q01664,mouse,257,1,1
Q01664,mouse,261,0,1
Q01664,mouse,263,0,0
Q01664,rat,264,1,1
Q01664,rat,257,1,1
Q01664,rat,261,1,1
Q01664,rat,263,1,1
Q02505,rat,2838,1,1
Q02505,rat,2840,0,1
Q02505,rat,2841,0,1
Q02505,rat,2843,1,1
Q02505,rat,1565,1,1
Q02505,rat,1566,1,1
Q02505,rat,2847,0,1
Q02505,rat,1568,1,1
Q02505,rat,1569,1,1
Q02505,rat,2848,1,1
Q02505,rat,2849,1,1
Q02505,rat,1573,1,1
Q02505,rat,1574,0,1
Q02505,rat,1577,1,1
Q02505,rat,2857,1,1
Q02505,rat,2859,1,1
Q02505,rat,1580,1,1
Q02505,rat,2862,1,1
Q02505,rat,2864,0,1
Q02818,mouse,42,1,1
Q02818,mouse,44,1,1
Q02818,mouse,47,1,1
Q02818,mouse,39,1,1
Q02818,rat,42,1,1
Q02818,rat,44,1,1
Q02818,rat,47,1,1
Q02818,rat,39,0,1
Q03164,zebrafish,3238,0,1
Q03164,zebrafish,3239,1,1
Q03164,zebrafish,3241,0,1
Q03164,zebrafish,3246,1,1
Q03164,zebrafish,3345,1,1
Q03164,zebrafish,3250,0,1
Q03164,zebrafish,3253,1,1
Q03164,zebrafish,3349,0,1
Q03164,zebrafish,3351,0,1
Q03164,zebrafish,3354,1,1
Q03164,mouse,3238,1,1
Q03164,mouse,3239,0,1
Q03164,mouse,3241,1,1
Q03164,mouse,3246,1,1
Q03164,mouse,3345,1,1
Q03164,mouse,3250,1,1
Q03164,mouse,3253,1,1
Q03164,mouse,3349,1,1
Q03164,mouse,3351,0,1
Q03164,mouse,3354,1,1
Q03164,rat,3238,1,1
Q03164,rat,3239,0,1
Q03164,rat,3241,1,1
Q03164,rat,3246,1,1
Q03164,rat,3345,1,1
Q03164,rat,3250,1,1
Q03164,rat,3253,1,1
Q03164,rat,3349,1,1
Q03164,rat,3351,1,1
Q03164,rat,3354,1,1
Q03164,fly,3238,1,1
Q03164,fly,3239,0,1
Q03164,fly,3241,1,1
Q03164,fly,3246,1,1
Q03164,fly,3345,0,1
Q03164,fly,3250,0,1
Q03164,fly,3253,0,0
Q03164,fly,3349,0,1
Q03164,fly,3351,0,1
Q03164,fly,3354,0,1
Q04637,mouse,64,1,1
Q04637,mouse,99,1,1
Q04637,mouse,68,1,1
Q04637,mouse,60,1,1
Q04637,mouse,92,1,1
Q04637,mouse,61,1,1
Q04637,mouse,95,1,1
Q04637,rat,64,1,1
Q04637,rat,99,1,1
Q04637,rat,68,1,1
Q04637,rat,60,1,1
Q04637,rat,92,1,1
Q04637,rat,61,1,1
Q04637,rat,95,1,1
Q04726,mouse,328,1,1
Q04726,mouse,331,1,1
Q04726,mouse,332,1,1
Q04726,mouse,333,1,1
Q04726,mouse,334,1,1
Q04726,rat,328,1,1
Q04726,rat,331,1,1
Q04726,rat,332,1,1
Q04726,rat,333,1,1
Q04726,rat,334,1,1
Q05209,mouse,625,1,1
Q05209,mouse,626,1,1
Q05209,mouse,630,1,1
Q05209,mouse,622,1,1
Q07020,zebrafish,41,0,1
Q07020,zebrafish,42,0,1
Q07020,zebrafish,39,1,1
Q07020,mouse,41,1,1
Q07020,mouse,42,1,1
Q07020,mouse,39,1,1
Q07020,rat,41,1,1
Q07020,rat,42,1,1
Q07020,rat,39,1,1
Q07020,worm,41,0,1
Q07020,worm,42,0,1
Q07020,worm,39,1,1
Q07020,fly,41,0,1
Q07020,fly,42,0,1
Q07020,fly,39,1,1
Q07666,zebrafish,12,0,0
Q07666,zebrafish,15,0,0
Q07666,zebrafish,18,0,0
Q07666,zebrafish,20,0,0
Q07666,zebrafish,24,0,0
Q07666,mouse,12,1,1
Q07666,mouse,15,1,1
Q07666,mouse,18,1,1
Q07666,mouse,20,1,1
Q07666,mouse,24,1,1
Q07666,rat,12,1,1
Q07666,rat,15,1,1
Q07666,rat,18,1,1
Q07666,rat,20,1,1
Q07666,rat,24,1,1
Q09666,zebrafish,1744,0,1
Q09666,zebrafish,3411,1,1
Q09666,zebrafish,1747,0,0
Q09666,zebrafish,3412,0,1
Q09666,zebrafish,1750,0,0
Q09666,zebrafish,3416,1,1
Q09666,mouse,1744,0,0
Q09666,mouse,3411,0,0
Q09666,mouse,1747,0,0
Q09666,mouse,3412,0,0
Q09666,mouse,1750,0,0
Q09666,mouse,3416,0,0
Q09666,rat,1744,1,1
Q09666,rat,3411,0,1
Q09666,rat,1747,0,1
Q09666,rat,3412,0,1
Q09666,rat,1750,0,0
Q09666,rat,3416,1,1
Q12778,zebrafish,648,1,1
Q12778,zebrafish,649,1,1
Q12778,zebrafish,654,1,1
Q12778,mouse,648,1,1
Q12778,mouse,649,1,1
Q12778,mouse,654,1,1
Q12778,rat,648,1,1
Q12778,rat,649,1,1
Q12778,rat,654,1,1
Q12830,zebrafish,2052,1,1
Q12830,zebrafish,2056,0,1
Q12830,zebrafish,2057,1,1
Q12830,zebrafish,2058,1,1
Q12830,zebrafish,2059,1,1
Q12830,zebrafish,2060,1,1
Q12830,zebrafish,2351,0,1
Q12830,zebrafish,2063,1,1
Q12830,zebrafish,2064,0,1
Q12830,zebrafish,2081,1,1
Q12830,zebrafish,2338,1,1
Q12830,zebrafish,2083,0,1
Q12830,zebrafish,2085,1,1
Q12830,zebrafish,2086,1,1
Q12830,zebrafish,2342,0,1
Q12830,zebrafish,2088,0,1
Q12830,zebrafish,2343,0,1
Q12830,zebrafish,2345,1,1
Q12830,zebrafish,2346,0,1
Q12830,zebrafish,2348,0,1
Q12830,zebrafish,1709,1,1
Q12830,zebrafish,2093,1,1
Q12830,zebrafish,2094,1,1
Q12830,zebrafish,1712,1,1
Q12830,zebrafish,2349,0,1
Q12830,zebrafish,2098,1,1
Q12830,zebrafish,1715,1,1
Q12830,zebrafish,1716,1,1
Q12830,zebrafish,2101,0,1
Q12830,zebrafish,1718,1,1
Q12830,zebrafish,1719,1,1
Q12830,zebrafish,1720,1,1
Q12830,zebrafish,2103,1,1
Q12830,zebrafish,2229,0,1
Q12830,zebrafish,1723,1,1
Q12830,zebrafish,2230,0,1
Q12830,zebrafish,1725,1,1
Q12830,zebrafish,2233,0,1
Q12830,zebrafish,2237,1,1
Q12830,zebrafish,2239,0,1
Q12830,zebrafish,2240,0,1
Q12830,zebrafish,2241,0,1
Q12830,zebrafish,2352,1,1
Q12830,zebrafish,2353,0,1
Q12830,zebrafish,2246,0,0
Q12830,zebrafish,2355,0,1
Q12830,zebrafish,1738,0,1
Q12830,zebrafish,2252,0,0
Q12830,zebrafish,1741,1,1
Q12830,zebrafish,1742,0,1
Q12830,zebrafish,1743,1,1
Q12830,zebrafish,2254,0,0
Q12830,zebrafish,2356,0,1
Q12830,zebrafish,2259,0,1
Q12830,zebrafish,2357,1,1
Q12830,zebrafish,1749,1,1
Q12830,zebrafish,1750,1,1
Q12830,zebrafish,2261,0,1
Q12830,zebrafish,1752,1,1
Q12830,zebrafish,1753,1,1
Q12830,zebrafish,1754,1,1
Q12830,zebrafish,1755,1,1
Q12830,zebrafish,1757,1,1
Q12830,zebrafish,2141,1,1
Q12830,zebrafish,1759,1,1
Q12830,zebrafish,2142,1,1
Q12830,zebrafish,2144,0,1
Q12830,zebrafish,1762,0,1
Q12830,zebrafish,2145,0,1
Q12830,zebrafish,2148,1,1
Q12830,zebrafish,2361,0,1
Q12830,zebrafish,2350,0,1
Q12830,mouse,2052,0,1
Q12830,mouse,2056,0,1
Q12830,mouse,2057,1,1
Q12830,mouse,2058,1,1
Q12830,mouse,2059,1,1
Q12830,mouse,2060,1,1
Q12830,mouse,2351,1,1
Q12830,mouse,2063,0,1
Q12830,mouse,2064,0,1
Q12830,mouse,2081,1,1
Q12830,mouse,2338,1,1
Q12830,mouse,2083,1,1
Q12830,mouse,2085,1,1
Q12830,mouse,2086,0,1
Q12830,mouse,2342,1,1
Q12830,mouse,2088,1,1
Q12830,mouse,2343,1,1
Q12830,mouse,2345,1,1
Q12830,mouse,2346,0,1
Q12830,mouse,2348,1,1
Q12830,mouse,1709,1,1
Q12830,mouse,2093,0,1
Q12830,mouse,2094,1,1
Q12830,mouse,1712,1,1
Q12830,mouse,2349,1,1
Q12830,mouse,2098,1,1
Q12830,mouse,1715,1,1
Q12830,mouse,1716,1,1
Q12830,mouse,2101,1,1
Q12830,mouse,1718,1,1
Q12830,mouse,1719,1,1
Q12830,mouse,1720,1,1
Q12830,mouse,2103,1,1
Q12830,mouse,2229,1,1
Q12830,mouse,1723,1,1
Q12830,mouse,2230,1,1
Q12830,mouse,1725,1,1
Q12830,mouse,2233,1,1
Q12830,mouse,2237,1,1
Q12830,mouse,2239,1,1
Q12830,mouse,2240,1,1
Q12830,mouse,2241,0,1
Q12830,mouse,2352,0,1
Q12830,mouse,2353,1,1
Q12830,mouse,2246,0,1
Q12830,mouse,2355,1,1
Q12830,mouse,1738,1,1
Q12830,mouse,2252,0,1
Q12830,mouse,1741,1,1
Q12830,mouse,1742,1,1
Q12830,mouse,1743,1,1
Q12830,mouse,2254,0,1
Q12830,mouse,2356,1,1
Q12830,mouse,2259,1,1
Q12830,mouse,2357,1,1
Q12830,mouse,1749,1,1
Q12830,mouse,1750,1,1
Q12830,mouse,2261,0,1
Q12830,mouse,1752,1,1
Q12830,mouse,1753,1,1
Q12830,mouse,1754,1,1
Q12830,mouse,1755,1,1
Q12830,mouse,1757,1,1
Q12830,mouse,2141,1,1
Q12830,mouse,1759,1,1
Q12830,mouse,2142,1,1
Q12830,mouse,2144,0,1
Q12830,mouse,1762,1,1
Q12830,mouse,2145,1,1
Q12830,mouse,2148,1,1
Q12830,mouse,2361,1,1
Q12830,mouse,2350,1,1
Q12830,rat,2052,0,1
Q12830,rat,2056,0,1
Q12830,rat,2057,1,1
Q12830,rat,2058,1,1
Q12830,rat,2059,1,1
Q12830,rat,2060,1,1
Q12830,rat,2351,1,1
Q12830,rat,2063,0,1
Q12830,rat,2064,1,1
Q12830,rat,2081,1,1
Q12830,rat,2338,1,1
Q12830,rat,2083,1,1
Q12830,rat,2085,1,1
Q12830,rat,2086,0,1
Q12830,rat,2342,1,1
Q12830,rat,2088,1,1
Q12830,rat,2343,0,1
Q12830,rat,2345,1,1
Q12830,rat,2346,0,1
Q12830,rat,2348,1,1
Q12830,rat,1709,1,1
Q12830,rat,2093,0,1
Q12830,rat,2094,1,1
Q12830,rat,1712,1,1
Q12830,rat,2349,1,1
Q12830,rat,2098,1,1
Q12830,rat,1715,1,1
Q12830,rat,1716,1,1
Q12830,rat,2101,1,1
Q12830,rat,1718,1,1
Q12830,rat,1719,1,1
Q12830,rat,1720,1,1
Q12830,rat,2103,1,1
Q12830,rat,2229,1,1
Q12830,rat,1723,1,1
Q12830,rat,2230,1,1
Q12830,rat,1725,1,1
Q12830,rat,2233,1,1
Q12830,rat,2237,1,1
Q12830,rat,2239,1,1
Q12830,rat,2240,1,1
Q12830,rat,2241,0,1
Q12830,rat,2352,1,1
Q12830,rat,2353,1,1
Q12830,rat,2246,0,1
Q12830,rat,2355,1,1
Q12830,rat,1738,1,1
Q12830,rat,2252,0,1
Q12830,rat,1741,1,1
Q12830,rat,1742,1,1
Q12830,rat,1743,1,1
Q12830,rat,2254,0,1
Q12830,rat,2356,1,1
Q12830,rat,2259,1,1
Q12830,rat,2357,1,1
Q12830,rat,1749,1,1
Q12830,rat,1750,1,1
Q12830,rat,2261,0,1
Q12830,rat,1752,1,1
Q12830,rat,1753,1,1
Q12830,rat,1754,1,1
Q12830,rat,1755,1,1
Q12830,rat,1757,1,1
Q12830,rat,2141,1,1
Q12830,rat,1759,1,1
Q12830,rat,2142,0,1
Q12830,rat,2144,0,1
Q12830,rat,1762,1,1
Q12830,rat,2145,1,1
Q12830,rat,2148,1,1
Q12830,rat,2361,1,1
Q12830,rat,2350,1,1
Q12830,fly,2052,0,1
Q12830,fly,2056,0,1
Q12830,fly,2057,0,1
Q12830,fly,2058,0,1
Q12830,fly,2059,1,1
Q12830,fly,2060,1,1
Q12830,fly,2351,0,0
Q12830,fly,2063,0,1
Q12830,fly,2064,0,1
Q12830,fly,2081,1,1
Q12830,fly,2338,1,1
Q12830,fly,2083,0,1
Q12830,fly,2085,0,1
Q12830,fly,2086,1,1
Q12830,fly,2342,0,1
Q12830,fly,2088,0,1
Q12830,fly,2343,0,1
Q12830,fly,2345,0,0
Q12830,fly,2346,0,0
Q12830,fly,2348,0,0
Q12830,fly,1709,1,1
Q12830,fly,2093,0,1
Q12830,fly,2094,1,1
Q12830,fly,1712,1,1
Q12830,fly,2349,0,0
Q12830,fly,2098,1,1
Q12830,fly,1715,0,1
Q12830,fly,1716,0,1
Q12830,fly,2101,0,1
Q12830,fly,1718,0,0
Q12830,fly,1719,0,0
Q12830,fly,1720,0,0
Q12830,fly,2103,1,1
Q12830,fly,2229,0,1
Q12830,fly,1723,0,0
Q12830,fly,2230,0,1
Q12830,fly,1725,0,0
Q12830,fly,2233,1,1
Q12830,fly,2237,0,1
Q12830,fly,2239,0,1
Q12830,fly,2240,1,1
Q12830,fly,2241,1,1
Q12830,fly,2352,0,0
Q12830,fly,2353,0,0
Q12830,fly,2246,0,1
Q12830,fly,2355,0,1
Q12830,fly,1738,0,1
Q12830,fly,2252,0,0
Q12830,fly,1741,0,0
Q12830,fly,1742,0,0
Q12830,fly,1743,0,0
Q12830,fly,2254,0,1
Q12830,fly,2356,0,1
Q12830,fly,2259,1,1
Q12830,fly,2357,0,1
Q12830,fly,1749,0,1
Q12830,fly,1750,0,1
Q12830,fly,2261,0,1
Q12830,fly,1752,0,1
Q12830,fly,1753,0,1
Q12830,fly,1754,1,1
Q12830,fly,1755,0,1
Q12830,fly,1757,0,1
Q12830,fly,2141,1,1
Q12830,fly,1759,0,1
Q12830,fly,2142,1,1
Q12830,fly,2144,1,1
Q12830,fly,1762,0,1
Q12830,fly,2145,1,1
Q12830,fly,2148,1,1
Q12830,fly,2361,1,1
Q12830,fly,2350,0,0
Q12857,mouse,265,1,1
Q12857,mouse,268,1,1
Q12857,mouse,270,1,1
Q12857,mouse,271,1,1
Q12857,mouse,456,1,1
Q12857,mouse,329,1,1
Q12857,mouse,460,1,1
Q12857,mouse,332,1,1
Q12857,mouse,461,1,1
Q12857,mouse,335,1,1
Q12857,mouse,462,1,1
Q12857,mouse,337,1,1
Q12857,mouse,463,1,1
Q12857,mouse,339,1,1
Q12857,mouse,340,1,1
Q12857,mouse,341,1,1
Q12857,mouse,469,1,1
Q12857,mouse,344,1,1
Q12857,mouse,472,1,1
Q12857,mouse,474,1,1
Q12857,mouse,347,1,1
Q12857,mouse,476,1,1
Q12857,mouse,366,1,1
Q12857,mouse,367,1,1
Q12857,mouse,372,1,1
Q12857,mouse,373,1,1
Q12857,rat,265,1,1
Q12857,rat,268,1,1
Q12857,rat,270,1,1
Q12857,rat,271,1,1
Q12857,rat,456,1,1
Q12857,rat,329,1,1
Q12857,rat,460,1,1
Q12857,rat,332,1,1
Q12857,rat,461,1,1
Q12857,rat,335,1,1
Q12857,rat,462,1,1
Q12857,rat,337,1,1
Q12857,rat,463,1,1
Q12857,rat,339,1,1
Q12857,rat,340,1,1
Q12857,rat,341,1,1
Q12857,rat,469,1,1
Q12857,rat,344,1,1
Q12857,rat,472,1,1
Q12857,rat,474,1,1
Q12857,rat,347,1,1
Q12857,rat,476,1,1
Q12857,rat,366,1,1
Q12857,rat,367,1,1
Q12857,rat,372,1,1
Q12857,rat,373,1,1
Q12888,mouse,1642,0,1
Q12888,mouse,1643,1,1
Q12888,mouse,1646,1,1
Q12888,rat,1642,1,1
Q12888,rat,1643,1,1
Q12888,rat,1646,1,1
Q12948,zebrafish,339,0,1
Q12948,zebrafish,340,1,1
Q12948,zebrafish,335,1,1
Q12948,mouse,339,1,1
Q12948,mouse,340,1,1
Q12948,mouse,335,1,1
Q13243,zebrafish,225,1,1
Q13243,zebrafish,229,0,1
Q13243,zebrafish,231,1,1
Q13243,mouse,225,1,1
Q13243,mouse,229,1,1
Q13243,mouse,231,1,1
Q13243,rat,225,1,1
Q13243,rat,229,1,1
Q13243,rat,231,1,1
Q13330,zebrafish,241,1,1
Q13330,zebrafish,237,1,1
Q13330,zebrafish,246,1,1
Q13330,mouse,241,1,1
Q13330,mouse,237,1,1
Q13330,mouse,246,1,1
Q13330,rat,241,1,1
Q13330,rat,237,1,1
Q13330,rat,246,1,1
Q13492,mouse,352,1,1
Q13492,mouse,353,1,1
Q13492,mouse,416,1,1
Q13492,mouse,417,1,1
Q13492,mouse,356,1,1
Q13492,mouse,450,0,1
Q13492,mouse,452,0,1
Q13492,mouse,359,1,1
Q13492,mouse,453,1,1
Q13492,mouse,362,1,1
Q13492,mouse,363,1,1
Q13492,mouse,364,1,1
Q13492,mouse,409,1,1
Q13492,mouse,410,0,1
Q13492,mouse,412,0,1
Q13492,rat,352,1,1
Q13492,rat,353,1,1
Q13492,rat,416,1,1
Q13492,rat,417,1,1
Q13492,rat,356,1,1
Q13492,rat,450,0,1
Q13492,rat,452,1,1
Q13492,rat,359,1,1
Q13492,rat,453,1,1
Q13492,rat,362,1,1
Q13492,rat,363,1,1
Q13492,rat,364,1,1
Q13492,rat,409,1,1
Q13492,rat,410,0,1
Q13492,rat,412,0,1
Q13495,mouse,512,1,1
Q13495,mouse,514,0,1
Q13495,mouse,515,0,1
Q13554,mouse,320,1,1
Q13554,mouse,321,1,1
Q13554,mouse,325,1,1
Q13554,mouse,328,1,1
Q13554,mouse,333,1,1
Q13554,rat,320,1,1
Q13554,rat,321,1,1
Q13554,rat,325,1,1
Q13554,rat,328,1,1
Q13554,rat,333,1,1
Q13576,zebrafish,595,1,1
Q13576,zebrafish,596,1,1
Q13576,zebrafish,599,1,1
Q13576,mouse,595,1,1
Q13576,mouse,596,1,1
Q13576,mouse,599,1,1
Q13576,rat,595,0,1
Q13576,rat,596,1,1
Q13576,rat,599,0,1
Q13620,zebrafish,139,0,1
Q13620,zebrafish,144,1,1
Q13620,zebrafish,148,0,1
Q13620,zebrafish,151,0,1
Q13620,zebrafish,152,0,0
Q13620,mouse,139,1,1
Q13620,mouse,144,1,1
Q13620,mouse,148,1,1
Q13620,mouse,151,1,1
Q13620,mouse,152,1,1
Q13620,rat,139,1,1
Q13620,rat,144,1,1
Q13620,rat,148,1,1
Q13620,rat,151,1,1
Q13620,rat,152,1,1
Q13952,zebrafish,346,0,0
Q13952,zebrafish,339,0,0
Q13952,zebrafish,343,0,0
Q13952,mouse,346,0,0
Q13952,mouse,339,0,0
Q13952,mouse,343,0,0
Q13952,rat,346,0,0
Q13952,rat,339,0,0
Q13952,rat,343,0,0
Q14145,zebrafish,388,0,1
Q14145,zebrafish,390,1,1
Q14145,zebrafish,391,0,1
Q14145,mouse,388,1,1
Q14145,mouse,390,1,1
Q14145,mouse,391,1,1
Q14145,fly,388,0,1
Q14145,fly,390,1,1
Q14145,fly,391,0,1
Q14157,zebrafish,384,0,1
Q14157,zebrafish,385,0,1
Q14157,zebrafish,386,0,1
Q14157,zebrafish,387,0,1
Q14157,zebrafish,260,1,1
Q14157,zebrafish,388,1,1
Q14157,zebrafish,262,1,1
Q14157,zebrafish,389,1,1
Q14157,zebrafish,776,1,1
Q14157,zebrafish,892,1,1
Q14157,zebrafish,266,1,1
Q14157,zebrafish,778,1,1
Q14157,zebrafish,779,1,1
Q14157,zebrafish,782,1,1
Q14157,zebrafish,783,0,1
Q14157,zebrafish,784,1,1
Q14157,zebrafish,534,0,1
Q14157,zebrafish,535,1,1
Q14157,zebrafish,537,0,1
Q14157,zebrafish,538,1,1
Q14157,zebrafish,539,1,1
Q14157,zebrafish,543,0,1
Q14157,zebrafish,936,1,1
Q14157,zebrafish,425,0,1
Q14157,zebrafish,937,1,1
Q14157,zebrafish,427,0,1
Q14157,zebrafish,428,1,1
Q14157,zebrafish,429,1,1
Q14157,zebrafish,938,1,1
Q14157,zebrafish,689,0,1
Q14157,zebrafish,690,0,1
Q14157,zebrafish,691,1,1
Q14157,zebrafish,946,0,1
Q14157,zebrafish,950,1,1
Q14157,zebrafish,439,1,1
Q14157,zebrafish,952,1,1
Q14157,zebrafish,444,1,1
Q14157,zebrafish,445,1,1
Q14157,zebrafish,446,1,1
Q14157,zebrafish,322,1,1
Q14157,zebrafish,325,1,1
Q14157,zebrafish,453,1,1
Q14157,zebrafish,454,1,1
Q14157,zebrafish,329,1,1
Q14157,zebrafish,458,0,1
Q14157,zebrafish,841,1,1
Q14157,zebrafish,332,0,1
Q14157,zebrafish,843,1,1
Q14157,zebrafish,334,1,1
Q14157,zebrafish,847,1,1
Q14157,zebrafish,852,0,1
Q14157,zebrafish,855,1,1
Q14157,zebrafish,731,1,1
Q14157,zebrafish,859,1,1
Q14157,zebrafish,733,1,1
Q14157,zebrafish,734,0,1
Q14157,zebrafish,735,1,1
Q14157,zebrafish,863,1,1
Q14157,zebrafish,739,0,1
Q14157,zebrafish,744,1,1
Q14157,zebrafish,887,1,1
Q14157,zebrafish,889,1,1
Q14157,zebrafish,380,1,1
Q14157,zebrafish,893,1,1
Q14157,mouse,384,1,1
Q14157,mouse,385,1,1
Q14157,mouse,386,1,1
Q14157,mouse,387,1,1
Q14157,mouse,260,1,1
Q14157,mouse,388,1,1
Q14157,mouse,262,1,1
Q14157,mouse,389,1,1
Q14157,mouse,776,1,1
Q14157,mouse,892,1,1
Q14157,mouse,266,1,1
Q14157,mouse,778,1,1
Q14157,mouse,779,1,1
Q14157,mouse,782,1,1
Q14157,mouse,783,1,1
Q14157,mouse,784,1,1
Q14157,mouse,534,1,1
Q14157,mouse,535,1,1
Q14157,mouse,537,1,1
Q14157,mouse,538,1,1
Q14157,mouse,539,1,1
Q14157,mouse,543,1,1
Q14157,mouse,936,1,1
Q14157,mouse,425,1,1
Q14157,mouse,937,1,1
Q14157,mouse,427,1,1
Q14157,mouse,428,1,1
Q14157,mouse,429,1,1
Q14157,mouse,938,1,1
Q14157,mouse,689,1,1
Q14157,mouse,690,1,1
Q14157,mouse,691,1,1
Q14157,mouse,946,1,1
Q14157,mouse,950,1,1
Q14157,mouse,439,0,1
Q14157,mouse,952,1,1
Q14157,mouse,444,1,1
Q14157,mouse,445,1,1
Q14157,mouse,446,1,1
Q14157,mouse,322,0,1
Q14157,mouse,325,1,1
Q14157,mouse,453,1,1
Q14157,mouse,454,1,1
Q14157,mouse,329,1,1
Q14157,mouse,458,1,1
Q14157,mouse,841,1,1
Q14157,mouse,332,1,1
Q14157,mouse,843,1,1
Q14157,mouse,334,1,1
Q14157,mouse,847,1,1
Q14157,mouse,852,1,1
Q14157,mouse,855,1,1
Q14157,mouse,731,1,1
Q14157,mouse,859,1,1
Q14157,mouse,733,1,1
Q14157,mouse,734,1,1
Q14157,mouse,735,1,1
Q14157,mouse,863,1,1
Q14157,mouse,739,1,1
Q14157,mouse,744,1,1
Q14157,mouse,887,1,1
Q14157,mouse,889,1,1
Q14157,mouse,380,1,1
Q14157,mouse,893,1,1
Q14157,rat,384,1,1
Q14157,rat,385,1,1
Q14157,rat,386,1,1
Q14157,rat,387,1,1
Q14157,rat,260,1,1
Q14157,rat,388,1,1
Q14157,rat,262,1,1
Q14157,rat,389,1,1
Q14157,rat,776,1,1
Q14157,rat,892,1,1
Q14157,rat,266,1,1
Q14157,rat,778,1,1
Q14157,rat,779,1,1
Q14157,rat,782,1,1
Q14157,rat,783,1,1
Q14157,rat,784,1,1
Q14157,rat,534,1,1
Q14157,rat,535,1,1
Q14157,rat,537,1,1
Q14157,rat,538,1,1
Q14157,rat,539,1,1
Q14157,rat,543,1,1
Q14157,rat,936,1,1
Q14157,rat,425,1,1
Q14157,rat,937,1,1
Q14157,rat,427,1,1
Q14157,rat,428,1,1
Q14157,rat,429,1,1
Q14157,rat,938,1,1
Q14157,rat,689,1,1
Q14157,rat,690,1,1
Q14157,rat,691,1,1
Q14157,rat,946,1,1
Q14157,rat,950,1,1
Q14157,rat,439,0,1
Q14157,rat,952,1,1
Q14157,rat,444,1,1
Q14157,rat,445,1,1
Q14157,rat,446,1,1
Q14157,rat,322,0,1
Q14157,rat,325,1,1
Q14157,rat,453,1,1
Q14157,rat,454,1,1
Q14157,rat,329,1,1
Q14157,rat,458,1,1
Q14157,rat,841,1,1
Q14157,rat,332,1,1
Q14157,rat,843,1,1
Q14157,rat,334,1,1
Q14157,rat,847,1,1
Q14157,rat,852,1,1
Q14157,rat,855,1,1
Q14157,rat,731,1,1
Q14157,rat,859,1,1
Q14157,rat,733,1,1
Q14157,rat,734,1,1
Q14157,rat,735,1,1
Q14157,rat,863,1,1
Q14157,rat,739,1,1
Q14157,rat,744,1,1
Q14157,rat,887,1,1
Q14157,rat,889,1,1
Q14157,rat,380,1,1
Q14157,rat,893,1,1
Q14161,mouse,555,1,1
Q14161,mouse,556,1,1
Q14161,mouse,557,1,1
Q14161,mouse,551,1,1
Q14161,rat,555,1,1
Q14161,rat,556,1,1
Q14161,rat,557,1,1
Q14161,rat,551,1,1
Q14161,fly,555,0,0
Q14161,fly,556,0,0
Q14161,fly,557,0,0
Q14161,fly,551,0,0
Q14247,mouse,322,1,1
Q14247,mouse,323,1,1
Q14247,mouse,328,0,1
Q14247,mouse,331,0,1
Q14247,mouse,332,1,1
Q14247,mouse,337,1,1
Q14247,fly,322,0,0
Q14247,fly,323,0,0
Q14247,fly,328,0,0
Q14247,fly,331,0,0
Q14247,fly,332,0,0
Q14247,fly,337,0,0
Q14444,mouse,481,1,1
Q14444,mouse,482,1,1
Q14444,mouse,483,1,1
Q14444,mouse,488,1,1
Q14444,mouse,470,1,1
Q14444,mouse,472,1,1
Q14444,mouse,475,1,1
Q14444,mouse,478,1,1
Q14444,mouse,479,1,1
Q14444,rat,481,1,1
Q14444,rat,482,1,1
Q14444,rat,483,1,1
Q14444,rat,488,1,1
Q14444,rat,470,1,1
Q14444,rat,472,1,1
Q14444,rat,475,1,1
Q14444,rat,478,1,1
Q14444,rat,479,1,1
Q14676,mouse,1130,1,1
Q14676,mouse,1132,0,1
Q14676,mouse,1133,1,1
Q14676,mouse,1138,0,1
Q14676,rat,1130,1,1
Q14676,rat,1132,0,1
Q14676,rat,1133,1,1
Q14676,rat,1138,0,1
Q14677,mouse,320,1,1
Q14677,mouse,316,1,1
Q14677,mouse,311,1,1
Q14684,mouse,736,1,1
Q14684,mouse,728,1,1
Q14684,mouse,730,1,1
Q14684,mouse,731,1,1
Q14684,mouse,732,1,1
Q14684,mouse,735,1,1
Q14684,rat,736,1,1
Q14684,rat,728,1,1
Q14684,rat,730,1,1
Q14684,rat,731,1,1
Q14684,rat,732,1,1
Q14684,rat,735,1,1
Q14686,zebrafish,1608,0,1
Q14686,zebrafish,1609,0,1
Q14686,zebrafish,1641,0,1
Q14686,zebrafish,1928,1,1
Q14686,zebrafish,1612,1,1
Q14686,zebrafish,1613,0,1
Q14686,zebrafish,1645,0,1
Q14686,zebrafish,1932,0,1
Q14686,zebrafish,1232,1,1
Q14686,zebrafish,1649,0,1
Q14686,zebrafish,1618,0,1
Q14686,zebrafish,1235,1,1
Q14686,zebrafish,1933,1,1
Q14686,zebrafish,1238,0,1
Q14686,mouse,1608,0,0
Q14686,mouse,1609,0,0
Q14686,mouse,1641,0,0
Q14686,mouse,1928,0,0
Q14686,mouse,1612,0,0
Q14686,mouse,1613,0,0
Q14686,mouse,1645,0,0
Q14686,mouse,1932,0,0
Q14686,mouse,1232,1,1
Q14686,mouse,1649,0,0
Q14686,mouse,1618,0,0
Q14686,mouse,1235,1,1
Q14686,mouse,1933,0,0
Q14686,mouse,1238,1,1
Q14686,rat,1608,1,1
Q14686,rat,1609,1,1
Q14686,rat,1641,1,1
Q14686,rat,1928,1,1
Q14686,rat,1612,1,1
Q14686,rat,1613,1,1
Q14686,rat,1645,1,1
Q14686,rat,1932,1,1
Q14686,rat,1232,1,1
Q14686,rat,1649,1,1
Q14686,rat,1618,1,1
Q14686,rat,1235,1,1
Q14686,rat,1933,1,1
Q14686,rat,1238,1,1
Q14686,fly,1608,0,0
Q14686,fly,1609,0,1
Q14686,fly,1641,0,1
Q14686,fly,1928,1,1
Q14686,fly,1612,0,1
Q14686,fly,1613,0,1
Q14686,fly,1645,0,1
Q14686,fly,1932,0,1
Q14686,fly,1232,1,1
Q14686,fly,1649,1,1
Q14686,fly,1618,0,1
Q14686,fly,1235,1,1
Q14686,fly,1933,0,1
Q14686,fly,1238,0,1
Q14814,mouse,160,1,1
Q14814,mouse,256,1,1
Q14814,mouse,258,0,1
Q14814,mouse,259,1,1
Q14814,mouse,145,1,1
Q14814,mouse,149,1,1
Q14814,mouse,152,1,1
Q14814,mouse,153,1,1
Q14814,mouse,251,1,1
Q14814,mouse,157,1,1
Q14814,rat,160,1,1
Q14814,rat,256,1,1
Q14814,rat,258,0,1
Q14814,rat,259,1,1
Q14814,rat,145,1,1
Q14814,rat,149,1,1
Q14814,rat,152,1,1
Q14814,rat,153,1,1
Q14814,rat,251,1,1
Q14814,rat,157,1,1
Q14966,mouse,320,1,1
Q14966,mouse,322,1,1
Q14966,mouse,324,1,1
Q14966,mouse,310,1,1
Q14966,mouse,314,1,1
Q14966,mouse,318,1,1
Q14966,rat,320,1,1
Q14966,rat,322,1,1
Q14966,rat,324,1,1
Q14966,rat,310,1,1
Q14966,rat,314,1,1
Q14966,rat,318,1,1
Q14980,zebrafish,2092,1,1
Q14980,zebrafish,2093,0,1
Q14980,zebrafish,2094,0,1
Q14980,zebrafish,1840,1,1
Q14980,zebrafish,1844,0,1
Q14980,zebrafish,1847,0,1
Q14980,zebrafish,1851,0,1
Q14980,zebrafish,1854,0,1
Q14980,mouse,2092,1,1
Q14980,mouse,2093,1,1
Q14980,mouse,2094,1,1
Q14980,mouse,1840,1,1
Q14980,mouse,1844,1,1
Q14980,mouse,1847,0,1
Q14980,mouse,1851,1,1
Q14980,mouse,1854,1,1
Q14980,rat,2092,1,1
Q14980,rat,2093,1,1
Q14980,rat,2094,1,1
Q14980,rat,1840,1,1
Q14980,rat,1844,1,1
Q14980,rat,1847,0,1
Q14980,rat,1851,1,1
Q14980,rat,1854,1,1
Q15058,mouse,225,0,1
Q15058,mouse,227,1,1
Q15058,mouse,223,1,1
Q15058,rat,225,0,1
Q15058,rat,227,1,1
Q15058,rat,223,1,1
Q15154,mouse,1235,0,1
Q15154,mouse,1237,0,1
Q15154,mouse,1238,1,1
Q15154,rat,1235,0,1
Q15154,rat,1237,0,1
Q15154,rat,1238,1,1
Q15637,zebrafish,328,1,1
Q15637,zebrafish,331,0,1
Q15637,zebrafish,333,0,1
Q15637,zebrafish,337,0,1
Q15637,zebrafish,338,0,1
Q15637,zebrafish,342,1,1
Q15637,mouse,328,1,1
Q15637,mouse,331,1,1
Q15637,mouse,333,1,1
Q15637,mouse,337,1,1
Q15637,mouse,338,1,1
Q15637,mouse,342,1,1
Q15637,rat,328,1,1
Q15637,rat,331,1,1
Q15637,rat,333,1,1
Q15637,rat,337,1,1
Q15637,rat,338,1,1
Q15637,rat,342,1,1
Q15637,fly,328,1,1
Q15637,fly,331,0,1
Q15637,fly,333,0,1
Q15637,fly,337,0,1
Q15637,fly,338,0,1
Q15637,fly,342,0,1
Q15648,zebrafish,1027,0,1
Q15648,zebrafish,616,0,1
Q15648,zebrafish,1032,1,1
Q15648,zebrafish,1035,0,1
Q15648,zebrafish,620,1,1
Q15648,zebrafish,1036,1,1
Q15648,zebrafish,623,1,1
Q15648,zebrafish,1040,1,1
Q15648,zebrafish,1263,1,1
Q15648,zebrafish,1265,1,1
Q15648,zebrafish,1270,1,1
Q15648,zebrafish,1021,1,1
Q15648,zebrafish,1023,1,1
Q15648,mouse,1027,1,1
Q15648,mouse,616,1,1
Q15648,mouse,1032,1,1
Q15648,mouse,1035,1,1
Q15648,mouse,620,1,1
Q15648,mouse,1036,1,1
Q15648,mouse,623,1,1
Q15648,mouse,1040,1,1
Q15648,mouse,1263,1,1
Q15648,mouse,1265,1,1
Q15648,mouse,1270,1,1
Q15648,mouse,1021,1,1
Q15648,mouse,1023,1,1
Q15648,rat,1027,1,1
Q15648,rat,616,1,1
Q15648,rat,1032,1,1
Q15648,rat,1035,1,1
Q15648,rat,620,1,1
Q15648,rat,1036,1,1
Q15648,rat,623,1,1
Q15648,rat,1040,1,1
Q15648,rat,1263,1,1
Q15648,rat,1265,1,1
Q15648,rat,1270,1,1
Q15648,rat,1021,1,1
Q15648,rat,1023,1,1
Q15648,fly,1027,0,1
Q15648,fly,616,0,1
Q15648,fly,1032,1,1
Q15648,fly,1035,0,1
Q15648,fly,620,1,1
Q15648,fly,1036,0,1
Q15648,fly,623,1,1
Q15648,fly,1040,0,1
Q15648,fly,1263,0,1
Q15648,fly,1265,1,1
Q15648,fly,1270,0,1
Q15648,fly,1021,0,1
Q15648,fly,1023,1,1
Q15652,mouse,650,1,1
Q15652,mouse,652,1,1
Q15652,mouse,655,1,1
Q15652,mouse,1185,1,1
Q15652,mouse,1190,1,1
Q15652,mouse,1192,1,1
Q15652,mouse,1193,1,1
Q15652,mouse,1194,1,1
Q15652,mouse,1451,1,1
Q15652,mouse,1452,1,1
Q15652,mouse,1453,0,1
Q15652,mouse,1457,1,1
Q15652,mouse,1460,0,1
Q15652,mouse,1083,1,1
Q15652,mouse,1087,1,1
Q15652,mouse,1091,1,1
Q15652,mouse,1095,1,1
Q15652,mouse,1096,1,1
Q15652,mouse,1098,1,1
Q15652,mouse,1376,1,1
Q15652,mouse,1379,0,1
Q15652,mouse,1382,0,1
Q15652,mouse,1383,1,1
Q15652,rat,650,1,1
Q15652,rat,652,1,1
Q15652,rat,655,1,1
Q15652,rat,1185,1,1
Q15652,rat,1190,1,1
Q15652,rat,1192,0,1
Q15652,rat,1193,1,1
Q15652,rat,1194,1,1
Q15652,rat,1451,1,1
Q15652,rat,1452,1,1
Q15652,rat,1453,0,1
Q15652,rat,1457,1,1
Q15652,rat,1460,0,1
Q15652,rat,1083,1,1
Q15652,rat,1087,1,1
Q15652,rat,1091,1,1
Q15652,rat,1095,1,1
Q15652,rat,1096,1,1
Q15652,rat,1098,1,1
Q15652,rat,1376,1,1
Q15652,rat,1379,1,1
Q15652,rat,1382,0,1
Q15652,rat,1383,1,1
Q15654,mouse,153,1,1
Q15654,mouse,156,1,1
Q15654,mouse,158,0,1
Q15691,zebrafish,154,0,0
Q15691,zebrafish,155,0,0
Q15691,zebrafish,156,0,0
Q15691,zebrafish,157,0,0
Q15691,mouse,154,0,1
Q15691,mouse,155,1,1
Q15691,mouse,156,1,1
Q15691,mouse,157,1,1
Q15691,rat,154,0,1
Q15691,rat,155,1,1
Q15691,rat,156,0,1
Q15691,rat,157,1,1
Q15691,fly,154,0,1
Q15691,fly,155,0,1
Q15691,fly,156,0,1
Q15691,fly,157,0,1
Q15723,mouse,369,1,1
Q15723,mouse,370,1,1
Q15723,mouse,497,1,1
Q15723,mouse,372,1,1
Q15723,mouse,500,1,1
Q15723,mouse,374,1,1
Q15723,mouse,375,1,1
Q15723,mouse,376,1,1
Q15723,mouse,505,1,1
Q15723,mouse,378,0,1
Q15723,mouse,380,1,1
Q15723,mouse,382,0,1
Q15723,rat,369,1,1
Q15723,rat,370,1,1
Q15723,rat,497,1,1
Q15723,rat,372,0,1
Q15723,rat,500,1,1
Q15723,rat,374,1,1
Q15723,rat,375,1,1
Q15723,rat,376,1,1
Q15723,rat,505,1,1
Q15723,rat,378,0,1
Q15723,rat,380,1,1
Q15723,rat,382,0,1
Q15750,mouse,391,1,1
Q15750,mouse,395,1,1
Q15750,mouse,396,1,1
Q15750,mouse,399,1,1
Q15750,mouse,400,1,1
Q15750,mouse,401,1,1
Q15750,rat,391,1,1
Q15750,rat,395,1,1
Q15750,rat,396,1,1
Q15750,rat,399,1,1
Q15750,rat,400,1,1
Q15750,rat,401,1,1
Q15750,worm,391,1,1
Q15750,worm,395,0,1
Q15750,worm,396,0,1
Q15750,worm,399,0,1
Q15750,worm,400,0,1
Q15750,worm,401,0,1
Q15942,zebrafish,7,1,1
Q15942,zebrafish,11,1,1
Q15942,zebrafish,13,0,1
Q15942,zebrafish,15,1,1
Q15942,zebrafish,240,0,1
Q15942,zebrafish,242,1,1
Q15942,zebrafish,246,0,1
Q15942,zebrafish,250,0,1
Q15942,mouse,7,0,1
Q15942,mouse,11,1,1
Q15942,mouse,13,1,1
Q15942,mouse,15,1,1
Q15942,mouse,240,0,0
Q15942,mouse,242,0,1
Q15942,mouse,246,1,1
Q15942,mouse,250,1,1
Q15942,rat,7,0,1
Q15942,rat,11,1,1
Q15942,rat,13,1,1
Q15942,rat,15,1,1
Q15942,rat,240,0,0
Q15942,rat,242,0,1
Q15942,rat,246,1,1
Q15942,rat,250,1,1
Q16186,rat,224,1,1
Q16186,rat,225,0,1
Q16186,rat,209,1,1
Q16186,rat,211,1,1
Q16186,rat,213,1,1
Q16186,rat,217,1,1
Q16186,rat,219,1,1
Q16186,rat,220,1,1
Q16186,rat,221,1,1
Q16186,rat,222,1,1
Q16186,rat,223,1,1
Q16186,worm,224,0,1
Q16186,worm,225,1,1
Q16186,worm,209,0,0
Q16186,worm,211,0,0
Q16186,worm,213,0,0
Q16186,worm,217,0,0
Q16186,worm,219,0,0
Q16186,worm,220,0,1
Q16186,worm,221,0,1
Q16186,worm,222,0,1
Q16186,worm,223,0,1
Q16186,fly,224,0,1
Q16186,fly,225,0,1
Q16186,fly,209,0,1
Q16186,fly,211,0,1
Q16186,fly,213,0,1
Q16186,fly,217,0,1
Q16186,fly,219,0,1
Q16186,fly,220,0,1
Q16186,fly,221,0,1
Q16186,fly,222,0,1
Q16186,fly,223,1,1
Q16204,zebrafish,384,1,1
Q16204,zebrafish,386,1,1
Q16204,zebrafish,367,1,1
Q16204,zebrafish,371,1,1
Q16204,zebrafish,374,1,1
Q16204,zebrafish,376,1,1
Q16204,zebrafish,383,1,1
Q16204,mouse,384,1,1
Q16204,mouse,386,1,1
Q16204,mouse,367,1,1
Q16204,mouse,371,1,1
Q16204,mouse,374,1,1
Q16204,mouse,376,1,1
Q16204,mouse,383,1,1
Q16204,rat,384,1,1
Q16204,rat,386,1,1
Q16204,rat,367,1,1
Q16204,rat,371,1,1
Q16204,rat,374,1,1
Q16204,rat,376,1,1
Q16204,rat,383,1,1
Q16594,mouse,193,0,1
Q16594,mouse,194,1,1
Q16594,mouse,149,1,1
Q16594,mouse,152,1,1
Q16594,mouse,155,1,1
Q16594,mouse,188,1,1
Q16594,rat,193,0,1
Q16594,rat,194,1,1
Q16594,rat,149,1,1
Q16594,rat,152,1,1
Q16594,rat,155,1,1
Q16594,rat,188,1,1
Q2M2I8,mouse,448,1,1
Q2M2I8,mouse,441,1,1
Q2M2I8,mouse,445,1,1
Q2M2I8,mouse,447,0,1
Q2M2I8,rat,448,0,1
Q2M2I8,rat,441,1,1
Q2M2I8,rat,445,1,1
Q2M2I8,rat,447,0,1
Q2TAL8,mouse,364,0,0
Q2TAL8,mouse,365,0,0
Q2TAL8,mouse,366,0,0
Q2TAL8,rat,364,1,1
Q2TAL8,rat,365,1,1
Q2TAL8,rat,366,1,1
Q4KMP7,mouse,43,1,1
Q4KMP7,mouse,44,1,1
Q4KMP7,mouse,47,1,1
Q4KMP7,mouse,177,1,1
Q4KMP7,mouse,178,1,1
Q4KMP7,mouse,181,1,1
Q4KMP7,rat,43,1,1
Q4KMP7,rat,44,1,1
Q4KMP7,rat,47,1,1
Q4KMP7,rat,177,1,1
Q4KMP7,rat,178,1,1
Q4KMP7,rat,181,1,1
Q4LDE5,zebrafish,2088,0,0
Q4LDE5,zebrafish,2090,0,0
Q4LDE5,zebrafish,2092,0,1
Q4LDE5,mouse,2088,0,0
Q4LDE5,mouse,2090,0,0
Q4LDE5,mouse,2092,0,0
Q4LDE5,rat,2088,1,1
Q4LDE5,rat,2090,1,1
Q4LDE5,rat,2092,1,1
Q53ET0,mouse,489,1,1
Q53ET0,mouse,490,0,1
Q53ET0,mouse,492,1,1
Q53ET0,rat,489,1,1
Q53ET0,rat,490,0,1
Q53ET0,rat,492,1,1
Q5BJH7,mouse,42,1,1
Q5BJH7,mouse,43,1,1
Q5BJH7,mouse,44,1,1
Q5BJH7,mouse,47,1,1
Q5BJH7,rat,42,1,1
Q5BJH7,rat,43,1,1
Q5BJH7,rat,44,1,1
Q5BJH7,rat,47,1,1
Q5H9F3,mouse,706,1,1
Q5H9F3,mouse,707,1,1
Q5H9F3,mouse,648,1,1
Q5H9F3,mouse,712,1,1
Q5H9F3,mouse,652,1,1
Q5H9F3,mouse,653,1,1
Q5H9F3,mouse,716,1,1
Q5H9F3,rat,706,1,1
Q5H9F3,rat,707,1,1
Q5H9F3,rat,648,1,1
Q5H9F3,rat,712,1,1
Q5H9F3,rat,652,1,1
Q5H9F3,rat,653,1,1
Q5H9F3,rat,716,1,1
Q5JSZ5,mouse,1984,1,1
Q5JSZ5,mouse,1793,1,1
Q5JSZ5,mouse,1796,1,1
Q5JSZ5,mouse,1989,1,1
Q5JSZ5,mouse,1990,1,1
Q5JSZ5,mouse,1801,1,1
Q5JSZ5,mouse,1982,1,1
Q5JSZ5,rat,1984,1,1
Q5JSZ5,rat,1793,1,1
Q5JSZ5,rat,1796,1,1
Q5JSZ5,rat,1989,1,1
Q5JSZ5,rat,1990,1,1
Q5JSZ5,rat,1801,1,1
Q5JSZ5,rat,1982,1,1
Q5SW79,mouse,1328,1,1
Q5SW79,mouse,1325,1,1
Q5SW79,mouse,1327,1,1
Q5SW79,rat,1328,1,1
Q5SW79,rat,1325,1,1
Q5SW79,rat,1327,1,1
Q5T5J6,mouse,2,1,1
Q5T5J6,mouse,3,0,1
Q5T5J6,mouse,6,1,1
Q5T5J6,rat,2,1,1
Q5T5J6,rat,3,0,1
Q5T5J6,rat,6,1,1
Q5T6F2,mouse,641,1,1
Q5T6F2,mouse,389,0,1
Q5T6F2,mouse,390,0,1
Q5T6F2,mouse,391,0,1
Q5T6F2,mouse,394,0,1
Q5T6F2,mouse,398,0,1
Q5T6F2,mouse,399,1,1
Q5T6F2,mouse,400,1,1
Q5T6F2,mouse,403,0,1
Q5T6F2,mouse,404,1,1
Q5T6F2,mouse,405,1,1
Q5T6F2,mouse,407,0,1
Q5T6F2,mouse,414,0,1
Q5T6F2,mouse,415,0,1
Q5T6F2,mouse,417,0,1
Q5T6F2,mouse,418,1,1
Q5T6F2,mouse,421,1,1
Q5T6F2,mouse,303,1,1
Q5T6F2,mouse,306,1,1
Q5T6F2,mouse,310,1,1
Q5T6F2,mouse,578,1,1
Q5T6F2,mouse,582,1,1
Q5T6F2,mouse,583,1,1
Q5T6F2,mouse,485,0,1
Q5T6F2,mouse,486,0,1
Q5T6F2,mouse,487,1,1
Q5T6F2,mouse,492,0,1
Q5T6F2,mouse,1004,1,1
Q5T6F2,mouse,494,1,1
Q5T6F2,mouse,1006,1,1
Q5T6F2,mouse,1007,1,1
Q5T6F2,mouse,1008,0,1
Q5T6F2,mouse,1009,0,1
Q5T6F2,mouse,1010,1,1
Q5T6F2,mouse,630,1,1
Q5T6F2,mouse,633,1,1
Q5T6F2,mouse,634,0,1
Q5T6F2,mouse,635,0,1
Q5T6F2,mouse,637,1,1
Q5T6F2,rat,641,1,1
Q5T6F2,rat,389,0,1
Q5T6F2,rat,390,0,1
Q5T6F2,rat,391,0,1
Q5T6F2,rat,394,1,1
Q5T6F2,rat,398,0,1
Q5T6F2,rat,399,0,1
Q5T6F2,rat,400,1,1
Q5T6F2,rat,403,0,1
Q5T6F2,rat,404,1,1
Q5T6F2,rat,405,1,1
Q5T6F2,rat,407,0,1
Q5T6F2,rat,414,0,1
Q5T6F2,rat,415,0,1
Q5T6F2,rat,417,0,1
Q5T6F2,rat,418,1,1
Q5T6F2,rat,421,1,1
Q5T6F2,rat,303,1,1
Q5T6F2,rat,306,0,1
Q5T6F2,rat,310,1,1
Q5T6F2,rat,578,1,1
Q5T6F2,rat,582,1,1
Q5T6F2,rat,583,1,1
Q5T6F2,rat,485,1,1
Q5T6F2,rat,486,0,1
Q5T6F2,rat,487,0,1
Q5T6F2,rat,492,0,1
Q5T6F2,rat,1004,1,1
Q5T6F2,rat,494,1,1
Q5T6F2,rat,1006,1,1
Q5T6F2,rat,1007,1,1
Q5T6F2,rat,1008,0,1
Q5T6F2,rat,1009,0,1
Q5T6F2,rat,1010,1,1
Q5T6F2,rat,630,1,1
Q5T6F2,rat,633,1,1
Q5T6F2,rat,634,0,1
Q5T6F2,rat,635,0,1
Q5T6F2,rat,637,0,1
Q5VT52,mouse,396,0,1
Q5VT52,mouse,399,1,1
Q5VT52,mouse,400,1,1
Q5VT52,mouse,401,0,1
Q5VT52,mouse,404,1,1
Q5VT52,mouse,407,1,1
Q5VT52,mouse,411,1,1
Q5VT52,mouse,540,1,1
Q5VT52,mouse,541,1,1
Q5VT52,mouse,414,1,1
Q5VT52,mouse,545,1,1
Q5VT52,mouse,547,1,1
Q5VT52,mouse,422,0,1
Q5VT52,mouse,424,1,1
Q5VT52,mouse,426,0,1
Q5VT52,mouse,554,1,1
Q5VT52,mouse,558,1,1
Q5VT52,mouse,560,1,1
Q5VT52,mouse,562,1,1
Q5VT52,mouse,435,1,1
Q5VT52,mouse,436,0,1
Q5VT52,mouse,438,1,1
Q5VT52,mouse,589,1,1
Q5VT52,mouse,973,1,1
Q5VT52,mouse,976,1,1
Q5VT52,mouse,593,1,1
Q5VT52,mouse,596,1,1
Q5VT52,mouse,597,1,1
Q5VT52,mouse,598,1,1
Q5VT52,mouse,599,1,1
Q5VT52,mouse,980,1,1
Q5VT52,mouse,985,0,1
Q5VT52,mouse,602,1,1
Q5VT52,mouse,476,1,1
Q5VT52,mouse,604,1,1
Q5VT52,mouse,990,1,1
Q5VT52,mouse,479,1,1
Q5VT52,mouse,607,1,1
Q5VT52,mouse,991,1,1
Q5VT52,mouse,482,0,1
Q5VT52,mouse,484,1,1
Q5VT52,mouse,485,1,1
Q5VT52,mouse,487,1,1
Q5VT52,mouse,490,1,1
Q5VT52,mouse,495,1,1
Q5VT52,mouse,500,1,1
Q5VT52,mouse,501,1,1
Q5VT52,mouse,502,0,1
Q5VT52,mouse,503,1,1
Q5VT52,rat,396,0,1
Q5VT52,rat,399,1,1
Q5VT52,rat,400,1,1
Q5VT52,rat,401,0,1
Q5VT52,rat,404,1,1
Q5VT52,rat,407,1,1
Q5VT52,rat,411,1,1
Q5VT52,rat,540,1,1
Q5VT52,rat,541,1,1
Q5VT52,rat,414,1,1
Q5VT52,rat,545,1,1
Q5VT52,rat,547,1,1
Q5VT52,rat,422,0,1
Q5VT52,rat,424,1,1
Q5VT52,rat,426,0,1
Q5VT52,rat,554,1,1
Q5VT52,rat,558,1,1
Q5VT52,rat,560,1,1
Q5VT52,rat,562,0,1
Q5VT52,rat,435,1,1
Q5VT52,rat,436,1,1
Q5VT52,rat,438,1,1
Q5VT52,rat,589,1,1
Q5VT52,rat,973,1,1
Q5VT52,rat,976,1,1
Q5VT52,rat,593,1,1
Q5VT52,rat,596,1,1
Q5VT52,rat,597,1,1
Q5VT52,rat,598,1,1
Q5VT52,rat,599,1,1
Q5VT52,rat,980,1,1
Q5VT52,rat,985,0,1
Q5VT52,rat,602,1,1
Q5VT52,rat,476,1,1
Q5VT52,rat,604,1,1
Q5VT52,rat,990,1,1
Q5VT52,rat,479,1,1
Q5VT52,rat,607,1,1
Q5VT52,rat,991,1,1
Q5VT52,rat,482,1,1
Q5VT52,rat,484,1,1
Q5VT52,rat,485,1,1
Q5VT52,rat,487,1,1
Q5VT52,rat,490,1,1
Q5VT52,rat,495,1,1
Q5VT52,rat,500,1,1
Q5VT52,rat,501,1,1
Q5VT52,rat,502,0,1
Q5VT52,rat,503,1,1
Q5VUA4,mouse,1700,0,1
Q5VUA4,mouse,1693,0,0
Q5VUA4,mouse,807,0,1
Q5VUA4,mouse,808,1,1
Q5VUA4,mouse,1702,1,1
Q5VUA4,mouse,811,0,1
Q5VUA4,mouse,1328,0,0
Q5VUA4,mouse,1695,0,0
Q5VUA4,mouse,1333,0,0
Q5VUA4,mouse,1334,0,0
Q5VUA4,mouse,1341,0,0
Q5VUA4,mouse,1342,0,0
Q5VUA4,mouse,1343,0,0
Q5VUA4,rat,1700,1,1
Q5VUA4,rat,1693,1,1
Q5VUA4,rat,807,0,1
Q5VUA4,rat,808,1,1
Q5VUA4,rat,1702,0,1
Q5VUA4,rat,811,0,1
Q5VUA4,rat,1328,1,1
Q5VUA4,rat,1695,1,1
Q5VUA4,rat,1333,1,1
Q5VUA4,rat,1334,1,1
Q5VUA4,rat,1341,1,1
Q5VUA4,rat,1342,1,1
Q5VUA4,rat,1343,1,1
Q5VWN6,mouse,1153,0,1
Q5VWN6,mouse,967,1,1
Q5VWN6,mouse,969,0,1
Q5VWN6,mouse,971,1,1
Q5VWN6,mouse,973,1,1
Q5VWN6,mouse,976,1,1
Q5VWN6,mouse,978,1,1
Q5VWN6,mouse,1145,0,1
Q5VWN6,mouse,1150,1,1
Q5VWN6,rat,1153,0,1
Q5VWN6,rat,967,1,1
Q5VWN6,rat,969,0,1
Q5VWN6,rat,971,1,1
Q5VWN6,rat,973,1,1
Q5VWN6,rat,976,1,1
Q5VWN6,rat,978,1,1
Q5VWN6,rat,1145,0,1
Q5VWN6,rat,1150,1,1
Q68CP9,zebrafish,1505,1,1
Q68CP9,zebrafish,676,0,1
Q68CP9,zebrafish,1725,0,1
Q68CP9,zebrafish,680,0,1
Q68CP9,zebrafish,682,0,1
Q68CP9,zebrafish,1494,0,1
Q68CP9,zebrafish,1496,1,1
Q68CP9,zebrafish,1723,0,1
Q68CP9,zebrafish,1724,0,1
Q68CP9,zebrafish,1501,0,1
Q68CP9,zebrafish,1726,0,1
Q68CP9,mouse,1505,1,1
Q68CP9,mouse,676,1,1
Q68CP9,mouse,1725,1,1
Q68CP9,mouse,680,1,1
Q68CP9,mouse,682,1,1
Q68CP9,mouse,1494,1,1
Q68CP9,mouse,1496,1,1
Q68CP9,mouse,1723,1,1
Q68CP9,mouse,1724,0,1
Q68CP9,mouse,1501,1,1
Q68CP9,mouse,1726,0,1
Q68CP9,rat,1505,1,1
Q68CP9,rat,676,1,1
Q68CP9,rat,1725,1,1
Q68CP9,rat,680,1,1
Q68CP9,rat,682,1,1
Q68CP9,rat,1494,0,1
Q68CP9,rat,1496,1,1
Q68CP9,rat,1723,1,1
Q68CP9,rat,1724,0,1
Q68CP9,rat,1501,1,1
Q68CP9,rat,1726,0,1
Q68CP9,fly,1505,0,0
Q68CP9,fly,676,0,0
Q68CP9,fly,1725,1,1
Q68CP9,fly,680,0,1
Q68CP9,fly,682,0,1
Q68CP9,fly,1494,0,0
Q68CP9,fly,1496,0,0
Q68CP9,fly,1723,1,1
Q68CP9,fly,1724,0,1
Q68CP9,fly,1501,0,0
Q68CP9,fly,1726,0,1
Q6KC79,zebrafish,160,0,1
Q6KC79,zebrafish,129,0,1
Q6KC79,zebrafish,161,0,1
Q6KC79,zebrafish,162,1,1
Q6KC79,zebrafish,132,1,1
Q6KC79,zebrafish,136,1,1
Q6KC79,zebrafish,140,1,1
Q6KC79,mouse,160,0,0
Q6KC79,mouse,129,0,0
Q6KC79,mouse,161,0,0
Q6KC79,mouse,162,0,0
Q6KC79,mouse,132,0,0
Q6KC79,mouse,136,0,0
Q6KC79,mouse,140,0,0
Q6KC79,rat,160,1,1
Q6KC79,rat,129,1,1
Q6KC79,rat,161,1,1
Q6KC79,rat,162,1,1
Q6KC79,rat,132,1,1
Q6KC79,rat,136,1,1
Q6KC79,rat,140,1,1
Q6MZP7,zebrafish,257,1,1
Q6MZP7,zebrafish,260,0,1
Q6MZP7,zebrafish,261,1,1
Q6MZP7,zebrafish,274,1,1
Q6MZP7,zebrafish,276,1,1
Q6MZP7,zebrafish,280,1,1
Q6MZP7,zebrafish,284,1,1
Q6MZP7,zebrafish,286,0,1
Q6MZP7,zebrafish,288,0,1
Q6MZP7,zebrafish,290,1,1
Q6MZP7,zebrafish,295,1,1
Q6MZP7,zebrafish,296,1,1
Q6MZP7,zebrafish,423,0,1
Q6MZP7,zebrafish,428,1,1
Q6MZP7,zebrafish,301,0,1
Q6MZP7,zebrafish,429,1,1
Q6MZP7,zebrafish,430,1,1
Q6MZP7,zebrafish,327,0,1
Q6MZP7,zebrafish,332,0,1
Q6MZP7,zebrafish,333,1,1
Q6MZP7,zebrafish,338,1,1
Q6MZP7,zebrafish,106,0,1
Q6MZP7,zebrafish,235,0,1
Q6MZP7,zebrafish,237,1,1
Q6MZP7,zebrafish,109,0,1
Q6MZP7,zebrafish,111,0,0
Q6MZP7,zebrafish,238,0,1
Q6MZP7,zebrafish,367,1,1
Q6MZP7,zebrafish,368,1,1
Q6MZP7,zebrafish,243,1,1
Q6MZP7,zebrafish,371,1,1
Q6MZP7,zebrafish,372,1,1
Q6MZP7,zebrafish,253,0,1
Q6MZP7,mouse,257,0,0
Q6MZP7,mouse,260,0,0
Q6MZP7,mouse,261,0,0
Q6MZP7,mouse,274,0,0
Q6MZP7,mouse,276,0,0
Q6MZP7,mouse,280,0,0
Q6MZP7,mouse,284,0,0
Q6MZP7,mouse,286,0,0
Q6MZP7,mouse,288,0,0
Q6MZP7,mouse,290,0,0
Q6MZP7,mouse,295,0,0
Q6MZP7,mouse,296,0,0
Q6MZP7,mouse,423,0,0
Q6MZP7,mouse,428,0,0
Q6MZP7,mouse,301,0,0
Q6MZP7,mouse,429,0,0
Q6MZP7,mouse,430,0,0
Q6MZP7,mouse,327,0,0
Q6MZP7,mouse,332,0,0
Q6MZP7,mouse,333,0,0
Q6MZP7,mouse,338,0,0
Q6MZP7,mouse,106,1,1
Q6MZP7,mouse,235,0,1
Q6MZP7,mouse,237,0,0
Q6MZP7,mouse,109,1,1
Q6MZP7,mouse,111,1,1
Q6MZP7,mouse,238,0,0
Q6MZP7,mouse,367,0,0
Q6MZP7,mouse,368,0,0
Q6MZP7,mouse,243,0,0
Q6MZP7,mouse,371,0,0
Q6MZP7,mouse,372,0,0
Q6MZP7,mouse,253,0,0
Q6MZP7,rat,257,1,1
Q6MZP7,rat,260,1,1
Q6MZP7,rat,261,1,1
Q6MZP7,rat,274,1,1
Q6MZP7,rat,276,1,1
Q6MZP7,rat,280,1,1
Q6MZP7,rat,284,1,1
Q6MZP7,rat,286,1,1
Q6MZP7,rat,288,1,1
Q6MZP7,rat,290,1,1
Q6MZP7,rat,295,1,1
Q6MZP7,rat,296,1,1
Q6MZP7,rat,423,1,1
Q6MZP7,rat,428,1,1
Q6MZP7,rat,301,1,1
Q6MZP7,rat,429,1,1
Q6MZP7,rat,430,1,1
Q6MZP7,rat,327,1,1
Q6MZP7,rat,332,1,1
Q6MZP7,rat,333,1,1
Q6MZP7,rat,338,1,1
Q6MZP7,rat,106,1,1
Q6MZP7,rat,235,1,1
Q6MZP7,rat,237,1,1
Q6MZP7,rat,109,1,1
Q6MZP7,rat,111,1,1
Q6MZP7,rat,238,1,1
Q6MZP7,rat,367,1,1
Q6MZP7,rat,368,1,1
Q6MZP7,rat,243,1,1
Q6MZP7,rat,371,1,1
Q6MZP7,rat,372,1,1
Q6MZP7,rat,253,1,1
Q6N021,mouse,1480,1,1
Q6N021,mouse,1481,1,1
Q6N021,mouse,1486,1,1
Q6N021,rat,1480,1,1
Q6N021,rat,1481,1,1
Q6N021,rat,1486,1,1
Q6NXT4,mouse,376,1,1
Q6NXT4,mouse,374,1,1
Q6NXT4,mouse,375,1,1
Q6NXT4,rat,376,1,1
Q6NXT4,rat,374,1,1
Q6NXT4,rat,375,1,1
Q6NXT4,worm,376,0,0
Q6NXT4,worm,374,0,0
Q6NXT4,worm,375,0,0
Q6P4R8,zebrafish,1154,1,1
Q6P4R8,zebrafish,1027,0,1
Q6P4R8,zebrafish,900,0,1
Q6P4R8,zebrafish,1028,1,1
Q6P4R8,zebrafish,1030,0,1
Q6P4R8,zebrafish,1146,1,1
Q6P4R8,zebrafish,1156,0,1
Q6P4R8,zebrafish,905,1,1
Q6P4R8,zebrafish,1034,0,1
Q6P4R8,zebrafish,1157,1,1
Q6P4R8,zebrafish,1283,1,1
Q6P4R8,zebrafish,781,0,1
Q6P4R8,zebrafish,1287,1,1
Q6P4R8,zebrafish,1288,1,1
Q6P4R8,zebrafish,1168,1,1
Q6P4R8,zebrafish,786,1,1
Q6P4R8,zebrafish,787,0,1
Q6P4R8,zebrafish,1170,1,1
Q6P4R8,zebrafish,1173,0,1
Q6P4R8,zebrafish,1174,1,1
Q6P4R8,zebrafish,1175,1,1
Q6P4R8,zebrafish,1150,0,1
Q6P4R8,zebrafish,1278,0,1
Q6P4R8,zebrafish,1151,1,1
Q6P4R8,zebrafish,1282,1,1
Q6P4R8,zebrafish,1224,1,1
Q6P4R8,zebrafish,841,1,1
Q6P4R8,zebrafish,1225,1,1
Q6P4R8,zebrafish,843,0,1
Q6P4R8,zebrafish,845,0,1
Q6P4R8,zebrafish,1230,1,1
Q6P4R8,zebrafish,1126,0,1
Q6P4R8,zebrafish,1127,0,1
Q6P4R8,zebrafish,746,0,0
Q6P4R8,zebrafish,875,0,1
Q6P4R8,zebrafish,1130,1,1
Q6P4R8,zebrafish,749,0,0
Q6P4R8,zebrafish,750,0,0
Q6P4R8,zebrafish,878,1,1
Q6P4R8,zebrafish,752,0,1
Q6P4R8,zebrafish,880,0,1
Q6P4R8,zebrafish,881,0,1
Q6P4R8,zebrafish,887,1,1
Q6P4R8,zebrafish,1139,0,1
Q6P4R8,zebrafish,757,1,1
Q6P4R8,zebrafish,885,0,1
Q6P4R8,zebrafish,759,0,1
Q6P4R8,zebrafish,1141,0,1
Q6P4R8,zebrafish,1273,0,1
Q6P4R8,zebrafish,890,1,1
Q6P4R8,zebrafish,1275,1,1
Q6P4R8,zebrafish,1277,0,1
Q6P4R8,zebrafish,894,1,1
Q6P4R8,zebrafish,895,1,1
Q6P4R8,mouse,1154,1,1
Q6P4R8,mouse,1027,0,1
Q6P4R8,mouse,900,1,1
Q6P4R8,mouse,1028,1,1
Q6P4R8,mouse,1030,1,1
Q6P4R8,mouse,1146,1,1
Q6P4R8,mouse,1156,0,1
Q6P4R8,mouse,905,1,1
Q6P4R8,mouse,1034,1,1
Q6P4R8,mouse,1157,1,1
Q6P4R8,mouse,1283,1,1
Q6P4R8,mouse,781,0,1
Q6P4R8,mouse,1287,1,1
Q6P4R8,mouse,1288,1,1
Q6P4R8,mouse,1168,0,1
Q6P4R8,mouse,786,1,1
Q6P4R8,mouse,787,1,1
Q6P4R8,mouse,1170,1,1
Q6P4R8,mouse,1173,1,1
Q6P4R8,mouse,1174,1,1
Q6P4R8,mouse,1175,1,1
Q6P4R8,mouse,1150,1,1
Q6P4R8,mouse,1278,1,1
Q6P4R8,mouse,1151,1,1
Q6P4R8,mouse,1282,1,1
Q6P4R8,mouse,1224,1,1
Q6P4R8,mouse,841,1,1
Q6P4R8,mouse,1225,1,1
Q6P4R8,mouse,843,1,1
Q6P4R8,mouse,845,1,1
Q6P4R8,mouse,1230,1,1
Q6P4R8,mouse,1126,1,1
Q6P4R8,mouse,1127,1,1
Q6P4R8,mouse,746,1,1
Q6P4R8,mouse,875,1,1
Q6P4R8,mouse,1130,1,1
Q6P4R8,mouse,749,1,1
Q6P4R8,mouse,750,1,1
Q6P4R8,mouse,878,1,1
Q6P4R8,mouse,752,1,1
Q6P4R8,mouse,880,1,1
Q6P4R8,mouse,881,0,1
Q6P4R8,mouse,887,1,1
Q6P4R8,mouse,1139,1,1
Q6P4R8,mouse,757,1,1
Q6P4R8,mouse,885,0,1
Q6P4R8,mouse,759,1,1
Q6P4R8,mouse,1141,1,1
Q6P4R8,mouse,1273,1,1
Q6P4R8,mouse,890,1,1
Q6P4R8,mouse,1275,1,1
Q6P4R8,mouse,1277,1,1
Q6P4R8,mouse,894,0,1
Q6P4R8,mouse,895,1,1
Q6P4R8,rat,1154,1,1
Q6P4R8,rat,1027,0,1
Q6P4R8,rat,900,1,1
Q6P4R8,rat,1028,1,1
Q6P4R8,rat,1030,1,1
Q6P4R8,rat,1146,1,1
Q6P4R8,rat,1156,0,1
Q6P4R8,rat,905,1,1
Q6P4R8,rat,1034,1,1
Q6P4R8,rat,1157,1,1
Q6P4R8,rat,1283,1,1
Q6P4R8,rat,781,0,1
Q6P4R8,rat,1287,1,1
Q6P4R8,rat,1288,1,1
Q6P4R8,rat,1168,0,1
Q6P4R8,rat,786,1,1
Q6P4R8,rat,787,1,1
Q6P4R8,rat,1170,1,1
Q6P4R8,rat,1173,1,1
Q6P4R8,rat,1174,1,1
Q6P4R8,rat,1175,1,1
Q6P4R8,rat,1150,1,1
Q6P4R8,rat,1278,1,1
Q6P4R8,rat,1151,1,1
Q6P4R8,rat,1282,1,1
Q6P4R8,rat,1224,1,1
Q6P4R8,rat,841,1,1
Q6P4R8,rat,1225,1,1
Q6P4R8,rat,843,1,1
Q6P4R8,rat,845,1,1
Q6P4R8,rat,1230,0,1
Q6P4R8,rat,1126,1,1
Q6P4R8,rat,1127,1,1
Q6P4R8,rat,746,1,1
Q6P4R8,rat,875,1,1
Q6P4R8,rat,1130,1,1
Q6P4R8,rat,749,1,1
Q6P4R8,rat,750,1,1
Q6P4R8,rat,878,1,1
Q6P4R8,rat,752,1,1
Q6P4R8,rat,880,1,1
Q6P4R8,rat,881,1,1
Q6P4R8,rat,887,1,1
Q6P4R8,rat,1139,1,1
Q6P4R8,rat,757,1,1
Q6P4R8,rat,885,0,1
Q6P4R8,rat,759,1,1
Q6P4R8,rat,1141,1,1
Q6P4R8,rat,1273,1,1
Q6P4R8,rat,890,1,1
Q6P4R8,rat,1275,1,1
Q6P4R8,rat,1277,1,1
Q6P4R8,rat,894,0,1
Q6P4R8,rat,895,1,1
Q6P4R8,fly,1154,0,1
Q6P4R8,fly,1027,0,1
Q6P4R8,fly,900,0,1
Q6P4R8,fly,1028,1,1
Q6P4R8,fly,1030,0,1
Q6P4R8,fly,1146,0,1
Q6P4R8,fly,1156,0,1
Q6P4R8,fly,905,1,1
Q6P4R8,fly,1034,0,1
Q6P4R8,fly,1157,0,1
Q6P4R8,fly,1283,1,1
Q6P4R8,fly,781,0,1
Q6P4R8,fly,1287,1,1
Q6P4R8,fly,1288,1,1
Q6P4R8,fly,1168,0,1
Q6P4R8,fly,786,0,1
Q6P4R8,fly,787,0,1
Q6P4R8,fly,1170,1,1
Q6P4R8,fly,1173,0,1
Q6P4R8,fly,1174,0,1
Q6P4R8,fly,1175,0,1
Q6P4R8,fly,1150,1,1
Q6P4R8,fly,1278,1,1
Q6P4R8,fly,1151,1,1
Q6P4R8,fly,1282,1,1
Q6P4R8,fly,1224,0,1
Q6P4R8,fly,841,1,1
Q6P4R8,fly,1225,1,1
Q6P4R8,fly,843,0,1
Q6P4R8,fly,845,0,1
Q6P4R8,fly,1230,0,1
Q6P4R8,fly,1126,0,1
Q6P4R8,fly,1127,1,1
Q6P4R8,fly,746,0,0
Q6P4R8,fly,875,0,1
Q6P4R8,fly,1130,0,1
Q6P4R8,fly,749,0,0
Q6P4R8,fly,750,0,0
Q6P4R8,fly,878,0,0
Q6P4R8,fly,752,0,0
Q6P4R8,fly,880,0,0
Q6P4R8,fly,881,0,0
Q6P4R8,fly,887,1,1
Q6P4R8,fly,1139,1,1
Q6P4R8,fly,757,0,0
Q6P4R8,fly,885,0,1
Q6P4R8,fly,759,0,0
Q6P4R8,fly,1141,0,1
Q6P4R8,fly,1273,1,1
Q6P4R8,fly,890,1,1
Q6P4R8,fly,1275,1,1
Q6P4R8,fly,1277,0,1
Q6P4R8,fly,894,0,1
Q6P4R8,fly,895,0,1
Q6PCB5,mouse,114,1,1
Q6PCB5,mouse,115,1,1
Q6PCB5,mouse,117,1,1
Q6PCB5,rat,114,1,1
Q6PCB5,rat,115,1,1
Q6PCB5,rat,117,1,1
Q6PJG2,mouse,89,1,1
Q6PJG2,mouse,83,1,1
Q6PJG2,mouse,84,1,1
Q6PJG2,mouse,57,1,1
Q6PJG2,mouse,58,1,1
Q6PJG2,mouse,59,1,1
Q6PJG2,mouse,94,1,1
Q6PJG2,rat,89,1,1
Q6PJG2,rat,83,1,1
Q6PJG2,rat,84,1,1
Q6PJG2,rat,57,1,1
Q6PJG2,rat,58,1,1
Q6PJG2,rat,59,1,1
Q6PJG2,rat,94,1,1
Q6PJT7,mouse,132,1,1
Q6PJT7,mouse,133,1,1
Q6PJT7,mouse,134,0,1
Q6PJT7,mouse,135,0,1
Q6PJT7,mouse,325,0,0
Q6PJT7,mouse,327,0,0
Q6PJT7,mouse,200,0,0
Q6PJT7,mouse,329,0,0
Q6PJT7,mouse,202,0,0
Q6PJT7,mouse,75,0,0
Q6PJT7,mouse,204,0,0
Q6PJT7,mouse,77,0,0
Q6PJT7,mouse,78,0,0
Q6PJT7,mouse,207,0,0
Q6PJT7,mouse,208,0,0
Q6PJT7,mouse,331,0,0
Q6PJT7,mouse,211,0,0
Q6PJT7,mouse,360,0,0
Q6PJT7,mouse,365,0,0
Q6PJT7,mouse,367,0,0
Q6PJT7,mouse,369,0,0
Q6PJT7,mouse,370,0,0
Q6PJT7,mouse,373,0,0
Q6PJT7,mouse,374,0,0
Q6PJT7,rat,132,1,1
Q6PJT7,rat,133,1,1
Q6PJT7,rat,134,1,1
Q6PJT7,rat,135,1,1
Q6PJT7,rat,325,0,1
Q6PJT7,rat,327,1,1
Q6PJT7,rat,200,1,1
Q6PJT7,rat,329,1,1
Q6PJT7,rat,202,1,1
Q6PJT7,rat,75,1,1
Q6PJT7,rat,204,1,1
Q6PJT7,rat,77,1,1
Q6PJT7,rat,78,1,1
Q6PJT7,rat,207,1,1
Q6PJT7,rat,208,1,1
Q6PJT7,rat,331,1,1
Q6PJT7,rat,211,1,1
Q6PJT7,rat,360,1,1
Q6PJT7,rat,365,1,1
Q6PJT7,rat,367,1,1
Q6PJT7,rat,369,1,1
Q6PJT7,rat,370,1,1
Q6PJT7,rat,373,0,1
Q6PJT7,rat,374,0,1
Q6PJT7,worm,132,1,1
Q6PJT7,worm,133,0,1
Q6PJT7,worm,134,0,1
Q6PJT7,worm,135,0,1
Q6PJT7,worm,325,0,1
Q6PJT7,worm,327,0,1
Q6PJT7,worm,200,0,0
Q6PJT7,worm,329,0,1
Q6PJT7,worm,202,0,0
Q6PJT7,worm,75,0,0
Q6PJT7,worm,204,0,0
Q6PJT7,worm,77,0,0
Q6PJT7,worm,78,0,0
Q6PJT7,worm,207,0,0
Q6PJT7,worm,208,0,0
Q6PJT7,worm,331,1,1
Q6PJT7,worm,211,0,0
Q6PJT7,worm,360,0,1
Q6PJT7,worm,365,1,1
Q6PJT7,worm,367,1,1
Q6PJT7,worm,369,1,1
Q6PJT7,worm,370,0,1
Q6PJT7,worm,373,0,1
Q6PJT7,worm,374,0,1
Q6PJT7,fly,132,0,1
Q6PJT7,fly,133,0,1
Q6PJT7,fly,134,1,1
Q6PJT7,fly,135,0,1
Q6PJT7,fly,325,0,1
Q6PJT7,fly,327,0,1
Q6PJT7,fly,200,0,1
Q6PJT7,fly,329,0,1
Q6PJT7,fly,202,0,1
Q6PJT7,fly,75,0,1
Q6PJT7,fly,204,0,0
Q6PJT7,fly,77,1,1
Q6PJT7,fly,78,0,1
Q6PJT7,fly,207,0,1
Q6PJT7,fly,208,0,1
Q6PJT7,fly,331,0,1
Q6PJT7,fly,211,0,1
Q6PJT7,fly,360,0,1
Q6PJT7,fly,365,1,1
Q6PJT7,fly,367,0,1
Q6PJT7,fly,369,1,1
Q6PJT7,fly,370,0,1
Q6PJT7,fly,373,0,1
Q6PJT7,fly,374,0,1
Q6PKG0,mouse,769,0,0
Q6PKG0,mouse,770,0,0
Q6PKG0,mouse,766,0,0
Q6PKG0,rat,769,1,1
Q6PKG0,rat,770,1,1
Q6PKG0,rat,766,1,1
Q6Q0C0,zebrafish,64,1,1
Q6Q0C0,zebrafish,65,1,1
Q6Q0C0,zebrafish,59,1,1
Q6Q0C0,zebrafish,61,1,1
Q6Q0C0,zebrafish,62,1,1
Q6Q0C0,zebrafish,63,1,1
Q6Q0C0,mouse,64,1,1
Q6Q0C0,mouse,65,1,1
Q6Q0C0,mouse,59,1,1
Q6Q0C0,mouse,61,1,1
Q6Q0C0,mouse,62,1,1
Q6Q0C0,mouse,63,1,1
Q6UN15,mouse,258,1,1
Q6UN15,mouse,259,1,1
Q6UN15,mouse,205,1,1
Q6UN15,mouse,206,1,1
Q6UN15,mouse,207,1,1
Q6UN15,mouse,208,1,1
Q6UN15,mouse,241,1,1
Q6UN15,mouse,244,1,1
Q6UN15,mouse,248,0,1
Q6UN15,mouse,252,1,1
Q6UN15,mouse,253,1,1
Q6UN15,rat,258,1,1
Q6UN15,rat,259,1,1
Q6UN15,rat,205,1,1
Q6UN15,rat,206,1,1
Q6UN15,rat,207,1,1
Q6UN15,rat,208,1,1
Q6UN15,rat,241,1,1
Q6UN15,rat,244,1,1
Q6UN15,rat,248,0,1
Q6UN15,rat,252,1,1
Q6UN15,rat,253,1,1
Q6UN15,worm,258,0,1
Q6UN15,worm,259,1,1
Q6UN15,worm,205,0,0
Q6UN15,worm,206,0,0
Q6UN15,worm,207,0,0
Q6UN15,worm,208,0,0
Q6UN15,worm,241,0,1
Q6UN15,worm,244,0,1
Q6UN15,worm,248,1,1
Q6UN15,worm,252,1,1
Q6UN15,worm,253,0,1
Q6UN15,fly,258,0,1
Q6UN15,fly,259,1,1
Q6UN15,fly,205,0,1
Q6UN15,fly,206,1,1
Q6UN15,fly,207,0,1
Q6UN15,fly,208,1,1
Q6UN15,fly,241,1,1
Q6UN15,fly,244,0,1
Q6UN15,fly,248,0,0
Q6UN15,fly,252,0,0
Q6UN15,fly,253,0,0
Q6UUV7,mouse,320,1,1
Q6UUV7,mouse,321,1,1
Q6UUV7,mouse,352,0,1
Q6UUV7,mouse,67,0,0
Q6UUV7,mouse,353,1,1
Q6UUV7,mouse,326,1,1
Q6UUV7,mouse,71,0,0
Q6UUV7,mouse,327,1,1
Q6UUV7,mouse,329,1,1
Q6UUV7,mouse,358,1,1
Q6UUV7,mouse,363,1,1
Q6UUV7,mouse,340,0,1
Q6UUV7,mouse,343,1,1
Q6UUV7,mouse,344,1,1
Q6UUV7,mouse,62,0,0
Q6UUV7,rat,320,0,1
Q6UUV7,rat,321,1,1
Q6UUV7,rat,352,0,1
Q6UUV7,rat,67,1,1
Q6UUV7,rat,353,1,1
Q6UUV7,rat,326,1,1
Q6UUV7,rat,71,0,1
Q6UUV7,rat,327,1,1
Q6UUV7,rat,329,1,1
Q6UUV7,rat,358,1,1
Q6UUV7,rat,363,1,1
Q6UUV7,rat,340,0,1
Q6UUV7,rat,343,1,1
Q6UUV7,rat,344,1,1
Q6UUV7,rat,62,1,1
Q6UVJ0,mouse,493,1,1
Q6UVJ0,mouse,495,1,1
Q6UVJ0,mouse,500,1,1
Q6UVJ0,mouse,502,1,1
Q6UVJ0,mouse,504,1,1
Q6UVJ0,rat,493,1,1
Q6UVJ0,rat,495,1,1
Q6UVJ0,rat,500,1,1
Q6UVJ0,rat,502,1,1
Q6UVJ0,rat,504,1,1
Q6UVJ0,fly,493,0,0
Q6UVJ0,fly,495,0,0
Q6UVJ0,fly,500,0,0
Q6UVJ0,fly,502,0,0
Q6UVJ0,fly,504,0,0
Q6VMQ6,mouse,914,0,1
Q6VMQ6,mouse,917,0,1
Q6VMQ6,mouse,918,0,1
Q6VMQ6,mouse,920,0,1
Q6VMQ6,mouse,834,0,0
Q6VMQ6,mouse,837,0,0
Q6VMQ6,mouse,712,0,0
Q6VMQ6,mouse,842,0,0
Q6VMQ6,mouse,715,0,0
Q6VMQ6,mouse,719,0,0
Q6VMQ6,mouse,721,0,0
Q6VMQ6,mouse,988,0,1
Q6VMQ6,mouse,991,1,1
Q6VMQ6,mouse,992,1,1
Q6VMQ6,mouse,994,1,1
Q6VMQ6,mouse,995,1,1
Q6VMQ6,mouse,996,1,1
Q6VMQ6,mouse,1000,1,1
Q6VMQ6,mouse,877,0,0
Q6VMQ6,mouse,880,0,0
Q6VMQ6,mouse,885,0,0
Q6VMQ6,mouse,888,0,0
Q6VMQ6,rat,914,0,1
Q6VMQ6,rat,917,1,1
Q6VMQ6,rat,918,1,1
Q6VMQ6,rat,920,1,1
Q6VMQ6,rat,834,1,1
Q6VMQ6,rat,837,0,1
Q6VMQ6,rat,712,1,1
Q6VMQ6,rat,842,1,1
Q6VMQ6,rat,715,1,1
Q6VMQ6,rat,719,1,1
Q6VMQ6,rat,721,1,1
Q6VMQ6,rat,988,0,1
Q6VMQ6,rat,991,1,1
Q6VMQ6,rat,992,1,1
Q6VMQ6,rat,994,1,1
Q6VMQ6,rat,995,1,1
Q6VMQ6,rat,996,1,1
Q6VMQ6,rat,1000,1,1
Q6VMQ6,rat,877,1,1
Q6VMQ6,rat,880,1,1
Q6VMQ6,rat,885,1,1
Q6VMQ6,rat,888,1,1
Q6VMQ6,fly,914,0,1
Q6VMQ6,fly,917,0,1
Q6VMQ6,fly,918,0,1
Q6VMQ6,fly,920,1,1
Q6VMQ6,fly,834,0,1
Q6VMQ6,fly,837,0,1
Q6VMQ6,fly,712,0,0
Q6VMQ6,fly,842,1,1
Q6VMQ6,fly,715,0,1
Q6VMQ6,fly,719,0,1
Q6VMQ6,fly,721,1,1
Q6VMQ6,fly,988,0,0
Q6VMQ6,fly,991,0,0
Q6VMQ6,fly,992,0,0
Q6VMQ6,fly,994,0,0
Q6VMQ6,fly,995,0,0
Q6VMQ6,fly,996,0,0
Q6VMQ6,fly,1000,0,0
Q6VMQ6,fly,877,0,1
Q6VMQ6,fly,880,1,1
Q6VMQ6,fly,885,1,1
Q6VMQ6,fly,888,1,1
Q6W2J9,zebrafish,365,1,1
Q6W2J9,zebrafish,366,1,1
Q6W2J9,zebrafish,367,1,1
Q6W2J9,zebrafish,369,1,1
Q6W2J9,zebrafish,373,0,1
Q6W2J9,zebrafish,378,1,1
Q6W2J9,mouse,365,1,1
Q6W2J9,mouse,366,1,1
Q6W2J9,mouse,367,1,1
Q6W2J9,mouse,369,1,1
Q6W2J9,mouse,373,1,1
Q6W2J9,mouse,378,1,1
Q6ZN30,zebrafish,514,1,1
Q6ZN30,zebrafish,515,1,1
Q6ZN30,zebrafish,519,1,1
Q6ZN30,mouse,514,1,1
Q6ZN30,mouse,515,1,1
Q6ZN30,mouse,519,1,1
Q6ZN30,rat,514,1,1
Q6ZN30,rat,515,1,1
Q6ZN30,rat,519,1,1
Q6ZRI6,mouse,672,0,0
Q6ZRI6,mouse,673,0,0
Q6ZRI6,mouse,678,0,0
Q6ZRI6,rat,672,0,1
Q6ZRI6,rat,673,1,1
Q6ZRI6,rat,678,1,1
Q6ZU65,zebrafish,996,1,1
Q6ZU65,zebrafish,1001,0,1
Q6ZU65,zebrafish,1003,0,1
Q6ZU65,zebrafish,1006,1,1
Q6ZU65,zebrafish,1007,1,1
Q6ZU65,zebrafish,1008,1,1
Q6ZU65,zebrafish,1010,0,1
Q6ZU65,mouse,996,0,1
Q6ZU65,mouse,1001,1,1
Q6ZU65,mouse,1003,1,1
Q6ZU65,mouse,1006,1,1
Q6ZU65,mouse,1007,1,1
Q6ZU65,mouse,1008,1,1
Q6ZU65,mouse,1010,1,1
Q6ZU65,rat,996,1,1
Q6ZU65,rat,1001,1,1
Q6ZU65,rat,1003,1,1
Q6ZU65,rat,1006,1,1
Q6ZU65,rat,1007,1,1
Q6ZU65,rat,1008,1,1
Q6ZU65,rat,1010,1,1
Q6ZU65,fly,996,0,0
Q6ZU65,fly,1001,0,1
Q6ZU65,fly,1003,1,1
Q6ZU65,fly,1006,0,1
Q6ZU65,fly,1007,0,1
Q6ZU65,fly,1008,0,1
Q6ZU65,fly,1010,1,1
Q71RG4,mouse,152,1,1
Q71RG4,mouse,153,1,1
Q71RG4,mouse,154,0,1
Q71RG4,rat,152,1,1
Q71RG4,rat,153,1,1
Q71RG4,rat,154,0,1
Q7KZ85,zebrafish,1528,1,1
Q7KZ85,zebrafish,1523,1,1
Q7KZ85,zebrafish,1525,0,1
Q7KZ85,zebrafish,1526,0,1
Q7KZ85,mouse,1528,0,1
Q7KZ85,mouse,1523,1,1
Q7KZ85,mouse,1525,1,1
Q7KZ85,mouse,1526,1,1
Q7KZ85,rat,1528,1,1
Q7KZ85,rat,1523,1,1
Q7KZ85,rat,1525,1,1
Q7KZ85,rat,1526,1,1
Q7KZ85,worm,1528,0,1
Q7KZ85,worm,1523,0,0
Q7KZ85,worm,1525,0,1
Q7KZ85,worm,1526,0,1
Q7KZ85,fly,1528,1,1
Q7KZ85,fly,1523,1,1
Q7KZ85,fly,1525,0,1
Q7KZ85,fly,1526,1,1
Q7LBC6,zebrafish,647,1,1
Q7LBC6,zebrafish,650,0,1
Q7LBC6,zebrafish,651,0,1
Q7LBC6,zebrafish,654,1,1
Q7LBC6,zebrafish,657,1,1
Q7LBC6,zebrafish,659,1,1
Q7LBC6,zebrafish,660,0,1
Q7LBC6,zebrafish,661,0,1
Q7LBC6,zebrafish,420,1,1
Q7LBC6,zebrafish,425,1,1
Q7LBC6,zebrafish,426,0,1
Q7LBC6,zebrafish,429,1,1
Q7LBC6,zebrafish,430,1,1
Q7LBC6,zebrafish,465,0,1
Q7LBC6,zebrafish,469,0,0
Q7LBC6,zebrafish,470,0,0
Q7LBC6,zebrafish,478,0,1
Q7LBC6,zebrafish,479,0,1
Q7LBC6,zebrafish,480,1,1
Q7LBC6,mouse,647,1,1
Q7LBC6,mouse,650,1,1
Q7LBC6,mouse,651,1,1
Q7LBC6,mouse,654,1,1
Q7LBC6,mouse,657,1,1
Q7LBC6,mouse,659,1,1
Q7LBC6,mouse,660,1,1
Q7LBC6,mouse,661,1,1
Q7LBC6,mouse,420,0,0
Q7LBC6,mouse,425,0,0
Q7LBC6,mouse,426,0,0
Q7LBC6,mouse,429,0,0
Q7LBC6,mouse,430,0,0
Q7LBC6,mouse,465,1,1
Q7LBC6,mouse,469,1,1
Q7LBC6,mouse,470,1,1
Q7LBC6,mouse,478,1,1
Q7LBC6,mouse,479,0,1
Q7LBC6,mouse,480,1,1
Q7LBC6,rat,647,1,1
Q7LBC6,rat,650,1,1
Q7LBC6,rat,651,1,1
Q7LBC6,rat,654,1,1
Q7LBC6,rat,657,1,1
Q7LBC6,rat,659,1,1
Q7LBC6,rat,660,1,1
Q7LBC6,rat,661,1,1
Q7LBC6,rat,420,1,1
Q7LBC6,rat,425,1,1
Q7LBC6,rat,426,1,1
Q7LBC6,rat,429,1,1
Q7LBC6,rat,430,1,1
Q7LBC6,rat,465,1,1
Q7LBC6,rat,469,1,1
Q7LBC6,rat,470,1,1
Q7LBC6,rat,478,1,1
Q7LBC6,rat,479,0,1
Q7LBC6,rat,480,1,1
Q7Z2W4,mouse,321,0,1
Q7Z2W4,mouse,322,1,1
Q7Z2W4,mouse,316,0,1
Q7Z2W4,rat,321,0,1
Q7Z2W4,rat,322,1,1
Q7Z2W4,rat,316,0,1
Q7Z3K3,mouse,256,1,1
Q7Z3K3,mouse,258,1,1
Q7Z3K3,mouse,260,1,1
Q7Z3K3,mouse,262,1,1
Q7Z3K3,mouse,265,1,1
Q7Z3K3,mouse,266,1,1
Q7Z3K3,mouse,289,1,1
Q7Z3K3,mouse,292,1,1
Q7Z3K3,mouse,297,1,1
Q7Z3K3,mouse,300,1,1
Q7Z3K3,mouse,429,1,1
Q7Z3K3,mouse,303,1,1
Q7Z3K3,mouse,434,1,1
Q7Z3K3,mouse,438,1,1
Q7Z3K3,mouse,340,1,1
Q7Z3K3,mouse,343,1,1
Q7Z3K3,mouse,348,0,1
Q7Z3K3,mouse,239,1,1
Q7Z3K3,mouse,240,1,1
Q7Z3K3,mouse,244,1,1
Q7Z3K3,mouse,246,1,1
Q7Z3K3,mouse,249,1,1
Q7Z3K3,mouse,251,1,1
Q7Z3K3,mouse,255,1,1
Q7Z3K3,rat,256,1,1
Q7Z3K3,rat,258,1,1
Q7Z3K3,rat,260,0,1
Q7Z3K3,rat,262,1,1
Q7Z3K3,rat,265,1,1
Q7Z3K3,rat,266,0,1
Q7Z3K3,rat,289,1,1
Q7Z3K3,rat,292,1,1
Q7Z3K3,rat,297,1,1
Q7Z3K3,rat,300,1,1
Q7Z3K3,rat,429,1,1
Q7Z3K3,rat,303,1,1
Q7Z3K3,rat,434,1,1
Q7Z3K3,rat,438,1,1
Q7Z3K3,rat,340,1,1
Q7Z3K3,rat,343,1,1
Q7Z3K3,rat,348,0,1
Q7Z3K3,rat,239,1,1
Q7Z3K3,rat,240,1,1
Q7Z3K3,rat,244,1,1
Q7Z3K3,rat,246,1,1
Q7Z3K3,rat,249,1,1
Q7Z3K3,rat,251,1,1
Q7Z3K3,rat,255,1,1
Q7Z417,zebrafish,384,0,0
Q7Z417,zebrafish,385,0,0
Q7Z417,zebrafish,386,0,0
Q7Z417,zebrafish,387,0,0
Q7Z417,zebrafish,369,1,1
Q7Z417,zebrafish,373,0,1
Q7Z417,zebrafish,374,0,1
Q7Z417,zebrafish,376,0,1
Q7Z417,zebrafish,378,1,1
Q7Z417,zebrafish,379,0,1
Q7Z417,zebrafish,380,0,1
Q7Z417,zebrafish,381,0,1
Q7Z417,zebrafish,382,0,1
Q7Z417,zebrafish,383,0,1
Q7Z417,mouse,384,1,1
Q7Z417,mouse,385,1,1
Q7Z417,mouse,386,1,1
Q7Z417,mouse,387,1,1
Q7Z417,mouse,369,1,1
Q7Z417,mouse,373,1,1
Q7Z417,mouse,374,1,1
Q7Z417,mouse,376,1,1
Q7Z417,mouse,378,1,1
Q7Z417,mouse,379,0,1
Q7Z417,mouse,380,1,1
Q7Z417,mouse,381,1,1
Q7Z417,mouse,382,1,1
Q7Z417,mouse,383,1,1
Q7Z417,rat,384,1,1
Q7Z417,rat,385,1,1
Q7Z417,rat,386,1,1
Q7Z417,rat,387,1,1
Q7Z417,rat,369,1,1
Q7Z417,rat,373,1,1
Q7Z417,rat,374,1,1
Q7Z417,rat,376,1,1
Q7Z417,rat,378,1,1
Q7Z417,rat,379,0,1
Q7Z417,rat,380,1,1
Q7Z417,rat,381,1,1
Q7Z417,rat,382,1,1
Q7Z417,rat,383,1,1
Q7Z434,mouse,370,0,1
Q7Z434,mouse,365,0,1
Q7Z434,mouse,366,1,1
Q7Z434,rat,370,0,1
Q7Z434,rat,365,0,1
Q7Z434,rat,366,1,1
Q7Z589,mouse,257,1,1
Q7Z589,mouse,898,1,1
Q7Z589,mouse,516,1,1
Q7Z589,mouse,262,1,1
Q7Z589,mouse,264,1,1
Q7Z589,mouse,267,1,1
Q7Z589,mouse,268,1,1
Q7Z589,mouse,893,1,1
Q7Z589,mouse,270,1,1
Q7Z589,mouse,271,1,1
Q7Z589,mouse,273,1,1
Q7Z589,mouse,274,1,1
Q7Z589,mouse,534,1,1
Q7Z589,mouse,535,1,1
Q7Z589,mouse,536,1,1
Q7Z589,mouse,282,1,1
Q7Z589,mouse,283,1,1
Q7Z589,mouse,284,1,1
Q7Z589,mouse,538,1,1
Q7Z589,mouse,286,1,1
Q7Z589,mouse,287,1,1
Q7Z589,mouse,288,1,1
Q7Z589,mouse,541,1,1
Q7Z589,mouse,546,1,1
Q7Z589,mouse,556,1,1
Q7Z589,mouse,557,1,1
Q7Z589,mouse,561,1,1
Q7Z589,mouse,563,1,1
Q7Z589,mouse,564,1,1
Q7Z589,mouse,565,1,1
Q7Z589,mouse,568,1,1
Q7Z589,mouse,569,1,1
Q7Z589,mouse,573,1,1
Q7Z589,mouse,574,1,1
Q7Z589,mouse,1134,1,1
Q7Z589,mouse,1117,1,1
Q7Z589,mouse,1120,1,1
Q7Z589,mouse,1123,1,1
Q7Z589,mouse,228,1,1
Q7Z589,mouse,1124,1,1
Q7Z589,mouse,230,1,1
Q7Z589,mouse,232,1,1
Q7Z589,mouse,1129,1,1
Q7Z589,mouse,1130,1,1
Q7Z589,mouse,236,1,1
Q7Z589,mouse,876,1,1
Q7Z589,mouse,238,1,1
Q7Z589,mouse,878,1,1
Q7Z589,mouse,880,1,1
Q7Z589,mouse,1133,1,1
Q7Z589,mouse,242,1,1
Q7Z589,mouse,882,1,1
Q7Z589,mouse,883,1,1
Q7Z589,mouse,501,1,1
Q7Z589,mouse,888,1,1
Q7Z589,mouse,247,1,1
Q7Z589,mouse,504,1,1
Q7Z589,mouse,506,1,1
Q7Z589,mouse,251,1,1
Q7Z589,mouse,892,1,1
Q7Z589,mouse,509,1,1
Q7Z589,mouse,511,1,1
Q7Z589,rat,257,1,1
Q7Z589,rat,898,1,1
Q7Z589,rat,516,1,1
Q7Z589,rat,262,1,1
Q7Z589,rat,264,1,1
Q7Z589,rat,267,1,1
Q7Z589,rat,268,1,1
Q7Z589,rat,893,1,1
Q7Z589,rat,270,1,1
Q7Z589,rat,271,1,1
Q7Z589,rat,273,1,1
Q7Z589,rat,274,1,1
Q7Z589,rat,534,1,1
Q7Z589,rat,535,1,1
Q7Z589,rat,536,1,1
Q7Z589,rat,282,1,1
Q7Z589,rat,283,1,1
Q7Z589,rat,284,1,1
Q7Z589,rat,538,1,1
Q7Z589,rat,286,1,1
Q7Z589,rat,287,1,1
Q7Z589,rat,288,1,1
Q7Z589,rat,541,1,1
Q7Z589,rat,546,1,1
Q7Z589,rat,556,1,1
Q7Z589,rat,557,1,1
Q7Z589,rat,561,1,1
Q7Z589,rat,563,1,1
Q7Z589,rat,564,1,1
Q7Z589,rat,565,1,1
Q7Z589,rat,568,1,1
Q7Z589,rat,569,1,1
Q7Z589,rat,573,1,1
Q7Z589,rat,574,1,1
Q7Z589,rat,1134,1,1
Q7Z589,rat,1117,1,1
Q7Z589,rat,1120,1,1
Q7Z589,rat,1123,1,1
Q7Z589,rat,228,1,1
Q7Z589,rat,1124,1,1
Q7Z589,rat,230,1,1
Q7Z589,rat,232,1,1
Q7Z589,rat,1129,1,1
Q7Z589,rat,1130,1,1
Q7Z589,rat,236,1,1
Q7Z589,rat,876,1,1
Q7Z589,rat,238,1,1
Q7Z589,rat,878,1,1
Q7Z589,rat,880,1,1
Q7Z589,rat,1133,1,1
Q7Z589,rat,242,1,1
Q7Z589,rat,882,1,1
Q7Z589,rat,883,1,1
Q7Z589,rat,501,1,1
Q7Z589,rat,888,1,1
Q7Z589,rat,247,1,1
Q7Z589,rat,504,1,1
Q7Z589,rat,506,1,1
Q7Z589,rat,251,1,1
Q7Z589,rat,892,1,1
Q7Z589,rat,509,1,1
Q7Z589,rat,511,1,1
Q7Z5J4,zebrafish,225,0,1
Q7Z5J4,zebrafish,337,1,1
Q7Z5J4,zebrafish,339,1,1
Q7Z5J4,zebrafish,213,1,1
Q7Z5J4,zebrafish,341,1,1
Q7Z5J4,zebrafish,215,1,1
Q7Z5J4,zebrafish,345,1,1
Q7Z5J4,zebrafish,218,1,1
Q7Z5J4,zebrafish,219,1,1
Q7Z5J4,zebrafish,220,1,1
Q7Z5J4,zebrafish,221,0,1
Q7Z5J4,zebrafish,343,1,1
Q7Z5J4,mouse,225,1,1
Q7Z5J4,mouse,337,1,1
Q7Z5J4,mouse,339,1,1
Q7Z5J4,mouse,213,1,1
Q7Z5J4,mouse,341,1,1
Q7Z5J4,mouse,215,1,1
Q7Z5J4,mouse,345,1,1
Q7Z5J4,mouse,218,1,1
Q7Z5J4,mouse,219,1,1
Q7Z5J4,mouse,220,1,1
Q7Z5J4,mouse,221,1,1
Q7Z5J4,mouse,343,1,1
Q7Z5J4,rat,225,1,1
Q7Z5J4,rat,337,1,1
Q7Z5J4,rat,339,1,1
Q7Z5J4,rat,213,1,1
Q7Z5J4,rat,341,1,1
Q7Z5J4,rat,215,1,1
Q7Z5J4,rat,345,1,1
Q7Z5J4,rat,218,1,1
Q7Z5J4,rat,219,1,1
Q7Z5J4,rat,220,1,1
Q7Z5J4,rat,221,1,1
Q7Z5J4,rat,343,1,1
Q7Z5L9,mouse,226,0,0
Q7Z5L9,mouse,230,0,1
Q7Z5L9,mouse,383,1,1
Q7Z5L9,mouse,212,1,1
Q7Z5L9,mouse,217,1,1
Q7Z5L9,mouse,219,1,1
Q7Z5L9,mouse,381,1,1
Q7Z5L9,mouse,382,1,1
Q7Z5L9,mouse,223,0,1
Q7Z5L9,rat,226,0,0
Q7Z5L9,rat,230,0,1
Q7Z5L9,rat,383,1,1
Q7Z5L9,rat,212,1,1
Q7Z5L9,rat,217,1,1
Q7Z5L9,rat,219,1,1
Q7Z5L9,rat,381,1,1
Q7Z5L9,rat,382,1,1
Q7Z5L9,rat,223,0,1
Q7Z6B7,zebrafish,999,0,1
Q7Z6B7,zebrafish,1001,1,1
Q7Z6B7,zebrafish,1004,1,1
Q7Z6B7,zebrafish,1005,1,1
Q7Z6B7,zebrafish,1006,1,1
Q7Z6B7,mouse,999,1,1
Q7Z6B7,mouse,1001,1,1
Q7Z6B7,mouse,1004,1,1
Q7Z6B7,mouse,1005,1,1
Q7Z6B7,mouse,1006,1,1
Q7Z6B7,rat,999,1,1
Q7Z6B7,rat,1001,1,1
Q7Z6B7,rat,1004,1,1
Q7Z6B7,rat,1005,1,1
Q7Z6B7,rat,1006,1,1
Q7Z6J0,zebrafish,519,1,1
Q7Z6J0,zebrafish,520,0,1
Q7Z6J0,zebrafish,525,0,1
Q7Z6J0,zebrafish,529,1,1
Q7Z6J0,zebrafish,532,1,1
Q7Z6J0,mouse,519,1,1
Q7Z6J0,mouse,520,1,1
Q7Z6J0,mouse,525,1,1
Q7Z6J0,mouse,529,1,1
Q7Z6J0,mouse,532,1,1
Q7Z6J0,rat,519,1,1
Q7Z6J0,rat,520,1,1
Q7Z6J0,rat,525,1,1
Q7Z6J0,rat,529,1,1
Q7Z6J0,rat,532,1,1
Q7Z6Z7,mouse,3116,1,1
Q7Z6Z7,mouse,3117,1,1
Q7Z6Z7,mouse,3118,1,1
Q7Z6Z7,rat,3116,1,1
Q7Z6Z7,rat,3117,1,1
Q7Z6Z7,rat,3118,1,1
Q7Z6Z7,worm,3116,0,0
Q7Z6Z7,worm,3117,0,0
Q7Z6Z7,worm,3118,0,0
Q7Z6Z7,fly,3116,0,1
Q7Z6Z7,fly,3117,0,1
Q7Z6Z7,fly,3118,1,1
Q7Z739,mouse,224,0,1
Q7Z739,mouse,229,1,1
Q7Z739,mouse,230,1,1
Q7Z739,mouse,201,1,1
Q7Z739,mouse,205,1,1
Q7Z739,mouse,210,1,1
Q7Z739,mouse,213,1,1
Q7Z739,mouse,214,1,1
Q7Z739,mouse,215,1,1
Q7Z739,mouse,219,1,1
Q7Z739,mouse,222,1,1
Q7Z739,rat,224,0,1
Q7Z739,rat,229,1,1
Q7Z739,rat,230,1,1
Q7Z739,rat,201,1,1
Q7Z739,rat,205,1,1
Q7Z739,rat,210,1,1
Q7Z739,rat,213,1,1
Q7Z739,rat,214,1,1
Q7Z739,rat,215,1,1
Q7Z739,rat,219,1,1
Q7Z739,rat,222,1,1
Q86TC9,mouse,704,1,1
Q86TC9,mouse,705,0,1
Q86TC9,mouse,706,1,1
Q86TC9,mouse,736,1,1
Q86TC9,mouse,740,1,1
Q86TC9,mouse,389,1,1
Q86TC9,mouse,390,1,1
Q86TC9,mouse,391,1,1
Q86TC9,mouse,741,1,1
Q86TC9,mouse,732,1,1
Q86TC9,mouse,733,1,1
Q86TC9,rat,704,1,1
Q86TC9,rat,705,0,1
Q86TC9,rat,706,1,1
Q86TC9,rat,736,1,1
Q86TC9,rat,740,1,1
Q86TC9,rat,389,1,1
Q86TC9,rat,390,1,1
Q86TC9,rat,391,1,1
Q86TC9,rat,741,1,1
Q86TC9,rat,732,1,1
Q86TC9,rat,733,1,1
Q86U70,mouse,402,1,1
Q86U70,mouse,410,1,1
Q86U70,mouse,406,1,1
Q86U70,mouse,407,1,1
Q86UE4,mouse,496,1,1
Q86UE4,mouse,492,1,1
Q86UE4,mouse,494,1,1
Q86UE4,mouse,495,1,1
Q86UE4,rat,496,1,1
Q86UE4,rat,492,1,1
Q86UE4,rat,494,1,1
Q86UE4,rat,495,1,1
Q86UU0,zebrafish,946,0,1
Q86UU0,zebrafish,949,1,1
Q86UU0,zebrafish,942,1,1
Q86UU0,mouse,946,1,1
Q86UU0,mouse,949,1,1
Q86UU0,mouse,942,1,1
Q86UU0,rat,946,1,1
Q86UU0,rat,949,1,1
Q86UU0,rat,942,1,1
Q86V15,mouse,433,1,1
Q86V15,mouse,435,1,1
Q86V15,mouse,437,1,1
Q86V15,mouse,440,1,1
Q86V15,mouse,442,1,1
Q86V15,mouse,444,1,1
Q86V15,rat,433,1,1
Q86V15,rat,435,1,1
Q86V15,rat,437,1,1
Q86V15,rat,440,1,1
Q86V15,rat,442,1,1
Q86V15,rat,444,1,1
Q86V40,zebrafish,372,0,1
Q86V40,zebrafish,374,0,1
Q86V40,zebrafish,375,0,1
Q86X95,mouse,261,0,0
Q86X95,mouse,262,0,0
Q86X95,mouse,263,0,0
Q86X95,rat,261,1,1
Q86X95,rat,262,1,1
Q86X95,rat,263,1,1
Q86X95,worm,261,0,0
Q86X95,worm,262,0,0
Q86X95,worm,263,0,0
Q86X95,fly,261,0,0
Q86X95,fly,262,0,0
Q86X95,fly,263,0,0
Q86XP3,zebrafish,35,0,1
Q86XP3,zebrafish,37,1,1
Q86XP3,zebrafish,42,1,1
Q86XP3,zebrafish,43,0,1
Q86XP3,zebrafish,44,0,1
Q86XP3,zebrafish,45,1,1
Q86XP3,zebrafish,46,0,1
Q86XP3,mouse,35,0,0
Q86XP3,mouse,37,0,0
Q86XP3,mouse,42,0,0
Q86XP3,mouse,43,0,0
Q86XP3,mouse,44,0,0
Q86XP3,mouse,45,0,0
Q86XP3,mouse,46,0,0
Q86XP3,rat,35,1,1
Q86XP3,rat,37,1,1
Q86XP3,rat,42,0,1
Q86XP3,rat,43,1,1
Q86XP3,rat,44,1,1
Q86XP3,rat,45,1,1
Q86XP3,rat,46,1,1
Q86XP3,fly,35,0,0
Q86XP3,fly,37,0,1
Q86XP3,fly,42,1,1
Q86XP3,fly,43,0,1
Q86XP3,fly,44,1,1
Q86XP3,fly,45,0,1
Q86XP3,fly,46,0,1
Q86YP4,zebrafish,175,0,1
Q86YP4,zebrafish,180,1,1
Q86YP4,zebrafish,182,1,1
Q86YP4,zebrafish,185,0,1
Q86YP4,zebrafish,186,0,1
Q86YP4,zebrafish,188,0,0
Q86YP4,zebrafish,317,0,1
Q86YP4,zebrafish,189,0,0
Q86YP4,zebrafish,318,0,1
Q86YP4,zebrafish,320,1,1
Q86YP4,zebrafish,321,1,1
Q86YP4,zebrafish,326,0,1
Q86YP4,zebrafish,327,0,1
Q86YP4,zebrafish,329,0,0
Q86YP4,zebrafish,330,0,0
Q86YP4,zebrafish,586,0,1
Q86YP4,zebrafish,333,0,0
Q86YP4,zebrafish,206,0,1
Q86YP4,zebrafish,589,1,1
Q86YP4,zebrafish,590,1,1
Q86YP4,zebrafish,209,0,1
Q86YP4,zebrafish,210,1,1
Q86YP4,zebrafish,337,0,1
Q86YP4,zebrafish,593,1,1
Q86YP4,zebrafish,598,0,1
Q86YP4,zebrafish,600,1,1
Q86YP4,zebrafish,625,1,1
Q86YP4,zebrafish,629,1,1
Q86YP4,zebrafish,631,1,1
Q86YP4,mouse,175,0,0
Q86YP4,mouse,180,0,0
Q86YP4,mouse,182,0,0
Q86YP4,mouse,185,0,0
Q86YP4,mouse,186,0,0
Q86YP4,mouse,188,0,0
Q86YP4,mouse,317,0,0
Q86YP4,mouse,189,0,0
Q86YP4,mouse,318,0,0
Q86YP4,mouse,320,0,0
Q86YP4,mouse,321,0,0
Q86YP4,mouse,326,0,0
Q86YP4,mouse,327,0,0
Q86YP4,mouse,329,0,0
Q86YP4,mouse,330,0,0
Q86YP4,mouse,586,0,0
Q86YP4,mouse,333,0,0
Q86YP4,mouse,206,0,0
Q86YP4,mouse,589,0,0
Q86YP4,mouse,590,0,0
Q86YP4,mouse,209,0,0
Q86YP4,mouse,210,0,0
Q86YP4,mouse,337,0,0
Q86YP4,mouse,593,0,0
Q86YP4,mouse,598,0,0
Q86YP4,mouse,600,0,0
Q86YP4,mouse,625,0,0
Q86YP4,mouse,629,0,0
Q86YP4,mouse,631,0,0
Q86YP4,rat,175,1,1
Q86YP4,rat,180,1,1
Q86YP4,rat,182,1,1
Q86YP4,rat,185,1,1
Q86YP4,rat,186,1,1
Q86YP4,rat,188,1,1
Q86YP4,rat,317,1,1
Q86YP4,rat,189,1,1
Q86YP4,rat,318,1,1
Q86YP4,rat,320,0,1
Q86YP4,rat,321,1,1
Q86YP4,rat,326,1,1
Q86YP4,rat,327,1,1
Q86YP4,rat,329,1,1
Q86YP4,rat,330,1,1
Q86YP4,rat,586,1,1
Q86YP4,rat,333,1,1
Q86YP4,rat,206,1,1
Q86YP4,rat,589,1,1
Q86YP4,rat,590,1,1
Q86YP4,rat,209,1,1
Q86YP4,rat,210,1,1
Q86YP4,rat,337,1,1
Q86YP4,rat,593,1,1
Q86YP4,rat,598,1,1
Q86YP4,rat,600,1,1
Q86YP4,rat,625,1,1
Q86YP4,rat,629,1,1
Q86YP4,rat,631,1,1
Q8IVF2,rat,5504,1,1
Q8IVF2,rat,5513,1,1
Q8IVF2,rat,5515,1,1
Q8IVF2,rat,5509,1,1
Q8IVH2,zebrafish,392,1,1
Q8IVH2,zebrafish,394,1,1
Q8IVH2,zebrafish,390,0,1
Q8IVH2,mouse,392,1,1
Q8IVH2,mouse,394,1,1
Q8IVH2,mouse,390,1,1
Q8IVH2,rat,392,1,1
Q8IVH2,rat,394,1,1
Q8IVH2,rat,390,1,1
Q8IVL0,zebrafish,984,1,1
Q8IVL0,zebrafish,988,1,1
Q8IVL0,zebrafish,982,0,1
Q8IVL0,mouse,984,1,1
Q8IVL0,mouse,988,1,1
Q8IVL0,mouse,982,1,1
Q8IVL0,rat,984,0,1
Q8IVL0,rat,988,1,1
Q8IVL0,rat,982,1,1
Q8IVL1,mouse,1552,1,1
Q8IVL1,mouse,1545,1,1
Q8IVL1,mouse,1549,1,1
Q8IVW6,zebrafish,408,0,0
Q8IVW6,zebrafish,411,0,0
Q8IVW6,zebrafish,416,0,1
Q8IVW6,mouse,408,0,0
Q8IVW6,mouse,411,0,0
Q8IVW6,mouse,416,0,0
Q8IVW6,rat,408,0,1
Q8IVW6,rat,411,0,1
Q8IVW6,rat,416,0,1
Q8IWB9,zebrafish,170,0,1
Q8IWB9,zebrafish,174,1,1
Q8IWB9,zebrafish,175,1,1
Q8IWB9,zebrafish,176,1,1
Q8IWB9,zebrafish,178,0,1
Q8IWB9,zebrafish,179,0,1
Q8IWB9,zebrafish,180,0,1
Q8IWB9,zebrafish,181,0,1
Q8IWB9,mouse,170,1,1
Q8IWB9,mouse,174,1,1
Q8IWB9,mouse,175,1,1
Q8IWB9,mouse,176,1,1
Q8IWB9,mouse,178,1,1
Q8IWB9,mouse,179,1,1
Q8IWB9,mouse,180,1,1
Q8IWB9,mouse,181,0,1
Q8IWB9,rat,170,1,1
Q8IWB9,rat,174,1,1
Q8IWB9,rat,175,1,1
Q8IWB9,rat,176,1,1
Q8IWB9,rat,178,1,1
Q8IWB9,rat,179,1,1
Q8IWB9,rat,180,1,1
Q8IWB9,rat,181,0,1
Q8IWI9,mouse,1664,1,1
Q8IWI9,mouse,1667,1,1
Q8IWI9,mouse,1668,1,1
Q8IWI9,mouse,1672,1,1
Q8IWI9,mouse,1557,0,1
Q8IWI9,mouse,1558,1,1
Q8IWI9,mouse,1561,0,1
Q8IWI9,mouse,1565,0,1
Q8IWI9,mouse,1663,1,1
Q8IWI9,rat,1664,1,1
Q8IWI9,rat,1667,1,1
Q8IWI9,rat,1668,1,1
Q8IWI9,rat,1672,1,1
Q8IWI9,rat,1557,0,1
Q8IWI9,rat,1558,1,1
Q8IWI9,rat,1561,0,1
Q8IWI9,rat,1565,0,1
Q8IWI9,rat,1663,1,1
Q8IWP9,mouse,272,1,1
Q8IWP9,mouse,274,1,1
Q8IWP9,mouse,271,0,1
Q8IWP9,rat,272,0,1
Q8IWP9,rat,274,1,1
Q8IWP9,rat,271,0,1
Q8IWZ8,mouse,101,1,1
Q8IWZ8,mouse,102,1,1
Q8IWZ8,mouse,103,1,1
Q8IWZ8,mouse,107,0,1
Q8IWZ8,mouse,108,1,1
Q8IWZ8,mouse,111,0,1
Q8IWZ8,mouse,115,1,1
Q8IWZ8,mouse,120,1,1
Q8IWZ8,rat,101,0,1
Q8IWZ8,rat,102,1,1
Q8IWZ8,rat,103,1,1
Q8IWZ8,rat,107,0,1
Q8IWZ8,rat,108,1,1
Q8IWZ8,rat,111,0,1
Q8IWZ8,rat,115,1,1
Q8IWZ8,rat,120,1,1
Q8IX12,mouse,258,1,1
Q8IX12,mouse,263,1,1
Q8IX12,mouse,116,1,1
Q8IX12,mouse,118,1,1
Q8IX12,mouse,120,1,1
Q8IX12,mouse,253,1,1
Q8IX12,rat,258,1,1
Q8IX12,rat,263,1,1
Q8IX12,rat,116,1,1
Q8IX12,rat,118,1,1
Q8IX12,rat,120,1,1
Q8IX12,rat,253,1,1
Q8IY33,mouse,521,0,1
Q8IY33,mouse,522,0,1
Q8IY33,mouse,523,0,1
Q8IY33,mouse,524,0,1
Q8IY33,mouse,525,1,1
Q8IY33,mouse,526,0,1
Q8IY33,mouse,309,1,1
Q8IY33,mouse,310,1,1
Q8IY33,mouse,312,0,1
Q8IY33,mouse,313,0,1
Q8IY33,rat,521,1,1
Q8IY33,rat,522,0,1
Q8IY33,rat,523,0,1
Q8IY33,rat,524,1,1
Q8IY33,rat,525,1,1
Q8IY33,rat,526,1,1
Q8IY33,rat,309,1,1
Q8IY33,rat,310,1,1
Q8IY33,rat,312,0,1
Q8IY33,rat,313,0,1
Q8IZ21,zebrafish,201,0,1
Q8IZ21,zebrafish,202,1,1
Q8IZ21,zebrafish,203,1,1
Q8IZ21,zebrafish,205,0,1
Q8IZ21,zebrafish,206,0,1
Q8IZ21,zebrafish,211,1,1
Q8IZ21,zebrafish,212,1,1
Q8IZ21,zebrafish,216,0,1
Q8IZ21,zebrafish,220,0,1
Q8IZ21,mouse,201,1,1
Q8IZ21,mouse,202,1,1
Q8IZ21,mouse,203,1,1
Q8IZ21,mouse,205,1,1
Q8IZ21,mouse,206,0,1
Q8IZ21,mouse,211,1,1
Q8IZ21,mouse,212,1,1
Q8IZ21,mouse,216,0,1
Q8IZ21,mouse,220,1,1
Q8IZ21,rat,201,1,1
Q8IZ21,rat,202,1,1
Q8IZ21,rat,203,1,1
Q8IZ21,rat,205,0,1
Q8IZ21,rat,206,0,1
Q8IZ21,rat,211,1,1
Q8IZ21,rat,212,1,1
Q8IZ21,rat,216,0,1
Q8IZ21,rat,220,1,1
Q8IZH2,zebrafish,1625,1,1
Q8IZH2,zebrafish,1634,0,1
Q8IZH2,zebrafish,1629,0,1
Q8IZH2,mouse,1625,0,0
Q8IZH2,mouse,1634,0,0
Q8IZH2,mouse,1629,0,0
Q8IZH2,rat,1625,1,1
Q8IZH2,rat,1634,0,1
Q8IZH2,rat,1629,1,1
Q8IZH2,worm,1625,0,0
Q8IZH2,worm,1634,0,1
Q8IZH2,worm,1629,0,0
Q8IZH2,fly,1625,0,1
Q8IZH2,fly,1634,0,1
Q8IZH2,fly,1629,0,1
Q8N1F7,mouse,51,0,0
Q8N1F7,mouse,52,0,0
Q8N1F7,mouse,55,0,0
Q8N1F7,rat,51,1,1
Q8N1F7,rat,52,1,1
Q8N1F7,rat,55,1,1
Q8N1F7,worm,51,0,1
Q8N1F7,worm,52,0,1
Q8N1F7,worm,55,1,1
Q8N1G0,zebrafish,377,0,0
Q8N1G0,zebrafish,379,0,0
Q8N1G0,zebrafish,380,0,0
Q8N1G0,zebrafish,374,0,0
Q8N1G0,mouse,377,1,1
Q8N1G0,mouse,379,1,1
Q8N1G0,mouse,380,0,1
Q8N1G0,mouse,374,1,1
Q8N1G0,rat,377,1,1
Q8N1G0,rat,379,1,1
Q8N1G0,rat,380,0,1
Q8N1G0,rat,374,1,1
Q8N3V7,zebrafish,560,1,1
Q8N3V7,zebrafish,564,0,1
Q8N3V7,zebrafish,405,0,0
Q8N3V7,zebrafish,406,0,0
Q8N3V7,zebrafish,566,0,1
Q8N3V7,zebrafish,409,0,0
Q8N3V7,zebrafish,410,0,0
Q8N3V7,zebrafish,411,0,0
Q8N3V7,zebrafish,412,0,0
Q8N3V7,zebrafish,413,0,0
Q8N3V7,zebrafish,415,0,0
Q8N3V7,mouse,560,0,0
Q8N3V7,mouse,564,0,0
Q8N3V7,mouse,405,0,0
Q8N3V7,mouse,406,0,0
Q8N3V7,mouse,566,0,0
Q8N3V7,mouse,409,0,0
Q8N3V7,mouse,410,0,0
Q8N3V7,mouse,411,0,0
Q8N3V7,mouse,412,0,0
Q8N3V7,mouse,413,0,0
Q8N3V7,mouse,415,0,0
Q8N3V7,rat,560,1,1
Q8N3V7,rat,564,1,1
Q8N3V7,rat,405,1,1
Q8N3V7,rat,406,0,1
Q8N3V7,rat,566,0,1
Q8N3V7,rat,409,1,1
Q8N3V7,rat,410,0,1
Q8N3V7,rat,411,0,1
Q8N3V7,rat,412,1,1
Q8N3V7,rat,413,0,1
Q8N3V7,rat,415,1,1
Q8N3X1,zebrafish,794,0,1
Q8N3X1,zebrafish,797,0,1
Q8N3X1,zebrafish,798,1,1
Q8N3X1,mouse,794,0,1
Q8N3X1,mouse,797,1,1
Q8N3X1,mouse,798,1,1
Q8N3X1,rat,794,0,1
Q8N3X1,rat,797,1,1
Q8N3X1,rat,798,1,1
Q8N4C6,mouse,280,1,1
Q8N4C6,mouse,281,0,1
Q8N4C6,mouse,282,1,1
Q8N4C6,mouse,283,1,1
Q8N4C6,mouse,284,1,1
Q8N4C6,rat,280,1,1
Q8N4C6,rat,281,1,1
Q8N4C6,rat,282,1,1
Q8N4C6,rat,283,1,1
Q8N4C6,rat,284,1,1
Q8NDV7,mouse,1666,1,1
Q8NDV7,mouse,1669,1,1
Q8NDV7,mouse,1670,1,1
Q8NDV7,mouse,1671,1,1
Q8NDV7,mouse,1674,1,1
Q8NDV7,mouse,1679,1,1
Q8NDV7,mouse,1686,1,1
Q8NDV7,mouse,1687,1,1
Q8NDV7,mouse,1688,1,1
Q8NDV7,mouse,1691,1,1
Q8NDV7,mouse,1692,1,1
Q8NDV7,mouse,1702,1,1
Q8NDV7,mouse,1704,1,1
Q8NDV7,mouse,1707,1,1
Q8NDV7,mouse,1711,1,1
Q8NDV7,mouse,1712,1,1
Q8NDV7,mouse,1659,1,1
Q8NDV7,mouse,1660,1,1
Q8NDV7,mouse,1661,1,1
Q8NDV7,mouse,1662,1,1
Q8NDV7,rat,1666,1,1
Q8NDV7,rat,1669,1,1
Q8NDV7,rat,1670,1,1
Q8NDV7,rat,1671,1,1
Q8NDV7,rat,1674,1,1
Q8NDV7,rat,1679,1,1
Q8NDV7,rat,1686,1,1
Q8NDV7,rat,1687,1,1
Q8NDV7,rat,1688,1,1
Q8NDV7,rat,1691,1,1
Q8NDV7,rat,1692,1,1
Q8NDV7,rat,1702,1,1
Q8NDV7,rat,1704,1,1
Q8NDV7,rat,1707,1,1
Q8NDV7,rat,1711,1,1
Q8NDV7,rat,1712,1,1
Q8NDV7,rat,1659,1,1
Q8NDV7,rat,1660,1,1
Q8NDV7,rat,1661,1,1
Q8NDV7,rat,1662,1,1
Q8NDX5,mouse,37,1,1
Q8NDX5,mouse,40,1,1
Q8NDX5,mouse,42,1,1
Q8NDX5,mouse,236,1,1
Q8NDX5,mouse,237,0,1
Q8NDX5,mouse,142,1,1
Q8NDX5,mouse,238,0,1
Q8NDX5,mouse,240,1,1
Q8NDX5,mouse,145,1,1
Q8NDX5,mouse,146,1,1
Q8NDX5,mouse,242,1,1
Q8NDX5,mouse,244,1,1
Q8NDX5,mouse,151,1,1
Q8NDX5,mouse,153,1,1
Q8NDX5,mouse,156,1,1
Q8NDX5,rat,37,1,1
Q8NDX5,rat,40,1,1
Q8NDX5,rat,42,1,1
Q8NDX5,rat,236,1,1
Q8NDX5,rat,237,0,1
Q8NDX5,rat,142,1,1
Q8NDX5,rat,238,0,1
Q8NDX5,rat,240,1,1
Q8NDX5,rat,145,1,1
Q8NDX5,rat,146,1,1
Q8NDX5,rat,242,1,1
Q8NDX5,rat,244,1,1
Q8NDX5,rat,151,1,1
Q8NDX5,rat,153,1,1
Q8NDX5,rat,156,1,1
Q8NEM7,mouse,492,0,0
Q8NEM7,mouse,494,0,0
Q8NEM7,mouse,498,0,0
Q8NEM7,mouse,499,0,0
Q8NEM7,mouse,502,0,0
Q8NEM7,mouse,503,0,0
Q8NEM7,rat,492,1,1
Q8NEM7,rat,494,1,1
Q8NEM7,rat,498,0,1
Q8NEM7,rat,499,1,1
Q8NEM7,rat,502,0,1
Q8NEM7,rat,503,1,1
Q8NEZ4,mouse,1728,1,1
Q8NEZ4,mouse,1729,1,1
Q8NEZ4,mouse,1836,0,1
Q8NEZ4,mouse,1837,1,1
Q8NEZ4,mouse,1840,1,1
Q8NEZ4,mouse,1843,1,1
Q8NEZ4,mouse,1724,1,1
Q8NEZ4,rat,1728,1,1
Q8NEZ4,rat,1729,1,1
Q8NEZ4,rat,1836,1,1
Q8NEZ4,rat,1837,1,1
Q8NEZ4,rat,1840,1,1
Q8NEZ4,rat,1843,1,1
Q8NEZ4,rat,1724,1,1
Q8NFD5,zebrafish,1656,0,1
Q8NFD5,zebrafish,1659,1,1
Q8NFD5,zebrafish,1660,1,1
Q8NFD5,mouse,1656,1,1
Q8NFD5,mouse,1659,1,1
Q8NFD5,mouse,1660,1,1
Q8NFD5,rat,1656,1,1
Q8NFD5,rat,1659,1,1
Q8NFD5,rat,1660,1,1
Q8NFH5,zebrafish,296,1,1
Q8NFH5,zebrafish,297,1,1
Q8NFH5,zebrafish,298,1,1
Q8NFH5,zebrafish,291,0,1
Q8NFH5,mouse,296,1,1
Q8NFH5,mouse,297,1,1
Q8NFH5,mouse,298,1,1
Q8NFH5,mouse,291,1,1
Q8NFH5,rat,296,1,1
Q8NFH5,rat,297,1,1
Q8NFH5,rat,298,1,1
Q8NFH5,rat,291,1,1
Q8NFH5,fly,296,0,1
Q8NFH5,fly,297,0,1
Q8NFH5,fly,298,0,1
Q8NFH5,fly,291,0,1
Q8NG31,mouse,421,1,1
Q8NG31,mouse,425,1,1
Q8NG31,mouse,714,0,0
Q8NG31,mouse,427,0,1
Q8NG31,mouse,716,0,0
Q8NG31,mouse,720,0,0
Q8NG31,mouse,725,0,0
Q8NG31,rat,421,1,1
Q8NG31,rat,425,1,1
Q8NG31,rat,714,0,0
Q8NG31,rat,427,0,1
Q8NG31,rat,716,0,0
Q8NG31,rat,720,0,0
Q8NG31,rat,725,0,0
Q8TC07,mouse,682,1,1
Q8TC07,mouse,675,1,1
Q8TC07,mouse,677,1,1
Q8TC07,rat,682,1,1
Q8TC07,rat,675,1,1
Q8TC07,rat,677,0,1
Q8TCU4,mouse,1796,1,1
Q8TCU4,mouse,1799,0,1
Q8TCU4,mouse,1803,1,1
Q8TCU4,mouse,848,0,1
Q8TCU4,mouse,850,1,1
Q8TCU4,mouse,855,0,1
Q8TCU4,rat,1796,1,1
Q8TCU4,rat,1799,0,1
Q8TCU4,rat,1803,1,1
Q8TCU4,rat,848,0,0
Q8TCU4,rat,850,0,0
Q8TCU4,rat,855,0,0
Q8TDM6,zebrafish,1186,1,1
Q8TDM6,zebrafish,1187,0,1
Q8TDM6,zebrafish,1189,1,1
Q8TDM6,zebrafish,1181,0,1
Q8TDM6,zebrafish,1183,0,1
Q8TDM6,mouse,1186,1,1
Q8TDM6,mouse,1187,1,1
Q8TDM6,mouse,1189,0,1
Q8TDM6,mouse,1181,1,1
Q8TDM6,mouse,1183,1,1
Q8TDM6,rat,1186,1,1
Q8TDM6,rat,1187,1,1
Q8TDM6,rat,1189,1,1
Q8TDM6,rat,1181,1,1
Q8TDM6,rat,1183,1,1
Q8TDM6,fly,1186,0,0
Q8TDM6,fly,1187,0,0
Q8TDM6,fly,1189,0,1
Q8TDM6,fly,1181,0,1
Q8TDM6,fly,1183,0,0
Q8TEQ6,zebrafish,616,1,1
Q8TEQ6,zebrafish,620,1,1
Q8TEQ6,zebrafish,624,1,1
Q8TEQ6,mouse,616,0,1
Q8TEQ6,mouse,620,1,1
Q8TEQ6,mouse,624,1,1
Q8TEQ6,rat,616,0,1
Q8TEQ6,rat,620,1,1
Q8TEQ6,rat,624,1,1
Q8TF68,zebrafish,73,0,1
Q8TF68,zebrafish,77,1,1
Q8TF68,zebrafish,80,1,1
Q8TF68,zebrafish,51,1,1
Q8TF68,zebrafish,85,1,1
Q8TF68,zebrafish,54,1,1
Q8TF68,zebrafish,89,1,1
Q8TF68,zebrafish,58,1,1
Q8TF68,zebrafish,60,0,1
Q8TF68,mouse,73,1,1
Q8TF68,mouse,77,1,1
Q8TF68,mouse,80,1,1
Q8TF68,mouse,51,1,1
Q8TF68,mouse,85,1,1
Q8TF68,mouse,54,1,1
Q8TF68,mouse,89,1,1
Q8TF68,mouse,58,1,1
Q8TF68,mouse,60,1,1
Q8TF68,rat,73,1,1
Q8TF68,rat,77,1,1
Q8TF68,rat,80,1,1
Q8TF68,rat,51,1,1
Q8TF68,rat,85,1,1
Q8TF68,rat,54,1,1
Q8TF68,rat,89,1,1
Q8TF68,rat,58,1,1
Q8TF68,rat,60,1,1
Q8WUH6,mouse,73,1,1
Q8WUH6,mouse,74,1,1
Q8WUH6,mouse,77,1,1
Q8WUH6,mouse,70,1,1
Q8WW12,mouse,139,1,1
Q8WW12,mouse,141,1,1
Q8WW12,mouse,142,1,1
Q8WW12,rat,139,1,1
Q8WW12,rat,141,1,1
Q8WW12,rat,142,1,1
Q8WWM7,mouse,674,1,1
Q8WWM7,mouse,678,1,1
Q8WWM7,mouse,679,1,1
Q8WWM7,mouse,680,1,1
Q8WWM7,mouse,681,1,1
Q8WWM7,mouse,683,1,1
Q8WWM7,mouse,684,1,1
Q8WWM7,mouse,493,1,1
Q8WWM7,mouse,496,1,1
Q8WWM7,mouse,500,1,1
Q8WWM7,mouse,504,1,1
Q8WWM7,mouse,669,1,1
Q8WWM7,rat,674,1,1
Q8WWM7,rat,678,1,1
Q8WWM7,rat,679,1,1
Q8WWM7,rat,680,1,1
Q8WWM7,rat,681,1,1
Q8WWM7,rat,683,1,1
Q8WWM7,rat,684,1,1
Q8WWM7,rat,493,1,1
Q8WWM7,rat,496,1,1
Q8WWM7,rat,500,1,1
Q8WWM7,rat,504,1,1
Q8WWM7,rat,669,1,1
Q8WX93,zebrafish,390,1,1
Q8WX93,zebrafish,391,1,1
Q8WX93,zebrafish,392,1,1
Q8WX93,zebrafish,396,1,1
Q8WX93,zebrafish,400,1,1
Q8WX93,mouse,390,1,1
Q8WX93,mouse,391,1,1
Q8WX93,mouse,392,1,1
Q8WX93,mouse,396,1,1
Q8WX93,mouse,400,1,1
Q8WX93,rat,390,1,1
Q8WX93,rat,391,1,1
Q8WX93,rat,392,1,1
Q8WX93,rat,396,1,1
Q8WX93,rat,400,1,1
Q8WXI9,mouse,288,1,1
Q8WXI9,mouse,289,1,1
Q8WXI9,mouse,486,1,1
Q8WXI9,mouse,488,1,1
Q8WXI9,mouse,489,0,1
Q8WXI9,mouse,584,0,0
Q8WXI9,mouse,586,0,0
Q8WXI9,mouse,588,0,0
Q8WXI9,mouse,494,0,0
Q8WXI9,mouse,495,0,0
Q8WXI9,mouse,590,0,0
Q8WXI9,mouse,497,0,1
Q8WXI9,mouse,287,1,1
Q8WXI9,rat,288,1,1
Q8WXI9,rat,289,1,1
Q8WXI9,rat,486,1,1
Q8WXI9,rat,488,1,1
Q8WXI9,rat,489,1,1
Q8WXI9,rat,584,1,1
Q8WXI9,rat,586,1,1
Q8WXI9,rat,588,1,1
Q8WXI9,rat,494,1,1
Q8WXI9,rat,495,1,1
Q8WXI9,rat,590,1,1
Q8WXI9,rat,497,1,1
Q8WXI9,rat,287,1,1
Q8WY36,zebrafish,256,1,1
Q8WY36,zebrafish,258,0,1
Q8WY36,zebrafish,252,1,1
Q8WY36,zebrafish,261,0,1
Q8WY36,mouse,256,1,1
Q8WY36,mouse,258,0,1
Q8WY36,mouse,252,1,1
Q8WY36,mouse,261,0,1
Q8WY36,rat,256,1,1
Q8WY36,rat,258,0,1
Q8WY36,rat,252,1,1
Q8WY36,rat,261,0,1
Q8WYP5,mouse,1184,1,1
Q8WYP5,mouse,1188,1,1
Q8WYP5,mouse,1192,1,1
Q8WYP5,mouse,1195,0,1
Q8WYP5,mouse,2060,0,1
Q8WYP5,mouse,2063,0,1
Q8WYP5,mouse,2065,1,1
Q8WYP5,rat,1184,1,1
Q8WYP5,rat,1188,1,1
Q8WYP5,rat,1192,1,1
Q8WYP5,rat,1195,0,1
Q8WYP5,rat,2060,0,1
Q8WYP5,rat,2063,0,1
Q8WYP5,rat,2065,1,1
Q92540,zebrafish,624,1,1
Q92540,zebrafish,627,1,1
Q92540,zebrafish,632,1,1
Q92540,mouse,624,1,1
Q92540,mouse,627,1,1
Q92540,mouse,632,1,1
Q92540,rat,624,1,1
Q92540,rat,627,1,1
Q92540,rat,632,1,1
Q92541,mouse,674,1,1
Q92541,mouse,675,1,1
Q92541,mouse,677,1,1
Q92541,rat,674,1,1
Q92541,rat,675,1,1
Q92541,rat,677,1,1
Q92541,worm,674,0,1
Q92541,worm,675,0,1
Q92541,worm,677,1,1
Q92541,fly,674,0,1
Q92541,fly,675,0,1
Q92541,fly,677,0,1
Q92576,mouse,1792,0,0
Q92576,mouse,1793,0,0
Q92576,mouse,1796,0,0
Q92576,mouse,1770,0,0
Q92576,mouse,1773,0,0
Q92576,mouse,1777,0,0
Q92576,mouse,1786,0,0
Q92576,mouse,1788,0,0
Q92576,mouse,1791,0,0
Q92615,zebrafish,585,0,1
Q92615,zebrafish,589,0,1
Q92615,zebrafish,581,0,1
Q92615,mouse,585,0,0
Q92615,mouse,589,0,0
Q92615,mouse,581,0,0
Q92733,zebrafish,226,0,1
Q92733,zebrafish,227,0,1
Q92733,zebrafish,228,1,1
Q92733,mouse,226,0,1
Q92733,mouse,227,0,1
Q92733,mouse,228,1,1
Q92733,rat,226,0,1
Q92733,rat,227,0,1
Q92733,rat,228,1,1
Q92733,fly,226,0,1
Q92733,fly,227,0,1
Q92733,fly,228,1,1
Q92793,mouse,139,1,1
Q92793,mouse,140,1,1
Q92793,mouse,141,1,1
Q92793,mouse,144,1,1
Q92793,mouse,148,1,1
Q92793,mouse,2356,1,1
Q92793,mouse,2361,1,1
Q92793,mouse,2364,1,1
Q92793,rat,139,1,1
Q92793,rat,140,1,1
Q92793,rat,141,1,1
Q92793,rat,144,1,1
Q92793,rat,148,1,1
Q92793,rat,2356,1,1
Q92793,rat,2361,1,1
Q92793,rat,2364,1,1
Q92841,mouse,672,1,1
Q92841,mouse,674,1,1
Q92841,mouse,663,1,1
Q92841,mouse,665,1,1
Q92841,mouse,667,1,1
Q92841,mouse,671,1,1
Q92841,rat,672,1,1
Q92841,rat,674,1,1
Q92841,rat,663,1,1
Q92841,rat,665,1,1
Q92841,rat,667,1,1
Q92841,rat,671,1,1
Q92841,worm,672,0,0
Q92841,worm,674,0,0
Q92841,worm,663,0,0
Q92841,worm,665,0,0
Q92841,worm,667,0,0
Q92841,worm,671,0,0
Q92917,mouse,24,1,1
Q92917,mouse,12,1,1
Q92917,mouse,20,1,1
Q92917,mouse,15,1,1
Q92917,rat,24,1,1
Q92917,rat,12,0,1
Q92917,rat,20,1,1
Q92917,rat,15,1,1
Q92917,worm,24,0,1
Q92917,worm,12,0,1
Q92917,worm,20,1,1
Q92917,worm,15,1,1
Q92917,fly,24,1,1
Q92917,fly,12,0,0
Q92917,fly,20,1,1
Q92917,fly,15,0,1
Q93052,mouse,209,1,1
Q93052,mouse,211,1,1
Q93052,mouse,212,1,1
Q93052,mouse,214,1,1
Q93052,mouse,217,1,1
Q93052,rat,209,1,1
Q93052,rat,211,1,1
Q93052,rat,212,1,1
Q93052,rat,214,1,1
Q93052,rat,217,1,1
Q96B49,mouse,9,1,1
Q96B49,mouse,13,1,1
Q96B49,mouse,17,0,1
Q96B97,mouse,472,0,0
Q96B97,mouse,468,0,0
Q96B97,mouse,471,0,0
Q96B97,rat,472,1,1
Q96B97,rat,468,1,1
Q96B97,rat,471,1,1
Q96BD5,zebrafish,270,0,1
Q96BD5,zebrafish,272,1,1
Q96BD5,zebrafish,273,1,1
Q96BD5,zebrafish,276,0,1
Q96BD5,zebrafish,117,0,1
Q96BD5,zebrafish,277,1,1
Q96BD5,zebrafish,280,0,1
Q96BD5,zebrafish,122,1,1
Q96BD5,zebrafish,124,1,1
Q96BD5,zebrafish,125,0,1
Q96BD5,zebrafish,127,0,1
Q96BD5,mouse,270,0,0
Q96BD5,mouse,272,0,0
Q96BD5,mouse,273,0,0
Q96BD5,mouse,276,0,0
Q96BD5,mouse,117,0,0
Q96BD5,mouse,277,0,0
Q96BD5,mouse,280,0,0
Q96BD5,mouse,122,0,0
Q96BD5,mouse,124,0,0
Q96BD5,mouse,125,0,0
Q96BD5,mouse,127,0,0
Q96EV2,mouse,722,0,0
Q96EV2,mouse,723,0,0
Q96EV2,mouse,724,0,0
Q96EV2,mouse,727,0,0
Q96EV2,rat,722,1,1
Q96EV2,rat,723,0,1
Q96EV2,rat,724,0,1
Q96EV2,rat,727,1,1
Q96EV2,worm,722,0,1
Q96EV2,worm,723,0,1
Q96EV2,worm,724,0,1
Q96EV2,worm,727,0,0
Q96EV2,fly,722,0,0
Q96EV2,fly,723,0,1
Q96EV2,fly,724,0,1
Q96EV2,fly,727,0,1
Q96HC4,zebrafish,134,0,1
Q96HC4,zebrafish,136,0,1
Q96HC4,zebrafish,141,0,1
Q96HC4,zebrafish,142,0,1
Q96HC4,zebrafish,151,0,1
Q96HC4,zebrafish,156,0,1
Q96HC4,zebrafish,157,0,1
Q96HC4,zebrafish,159,1,1
Q96HC4,zebrafish,162,0,1
Q96HC4,zebrafish,309,0,1
Q96HC4,zebrafish,313,1,1
Q96HC4,zebrafish,318,0,1
Q96HC4,zebrafish,319,0,1
Q96HC4,zebrafish,322,0,1
Q96HC4,zebrafish,323,1,1
Q96HC4,zebrafish,208,1,1
Q96HC4,zebrafish,210,0,1
Q96HC4,zebrafish,211,0,1
Q96HC4,zebrafish,110,1,1
Q96HC4,zebrafish,111,1,1
Q96HC4,zebrafish,115,1,1
Q96HC4,zebrafish,118,1,1
Q96HC4,zebrafish,119,0,1
Q96HC4,mouse,134,0,0
Q96HC4,mouse,136,0,0
Q96HC4,mouse,141,0,0
Q96HC4,mouse,142,0,0
Q96HC4,mouse,151,0,0
Q96HC4,mouse,156,0,0
Q96HC4,mouse,157,0,0
Q96HC4,mouse,159,0,0
Q96HC4,mouse,162,0,0
Q96HC4,mouse,309,0,0
Q96HC4,mouse,313,0,0
Q96HC4,mouse,318,0,0
Q96HC4,mouse,319,0,0
Q96HC4,mouse,322,0,0
Q96HC4,mouse,323,0,0
Q96HC4,mouse,208,1,1
Q96HC4,mouse,210,1,1
Q96HC4,mouse,211,1,1
Q96HC4,mouse,110,0,0
Q96HC4,mouse,111,0,0
Q96HC4,mouse,115,0,0
Q96HC4,mouse,118,0,0
Q96HC4,mouse,119,0,0
Q96HC4,rat,134,1,1
Q96HC4,rat,136,1,1
Q96HC4,rat,141,1,1
Q96HC4,rat,142,1,1
Q96HC4,rat,151,1,1
Q96HC4,rat,156,0,1
Q96HC4,rat,157,1,1
Q96HC4,rat,159,1,1
Q96HC4,rat,162,1,1
Q96HC4,rat,309,1,1
Q96HC4,rat,313,1,1
Q96HC4,rat,318,1,1
Q96HC4,rat,319,0,1
Q96HC4,rat,322,0,1
Q96HC4,rat,323,0,1
Q96HC4,rat,208,1,1
Q96HC4,rat,210,1,1
Q96HC4,rat,211,1,1
Q96HC4,rat,110,1,1
Q96HC4,rat,111,1,1
Q96HC4,rat,115,1,1
Q96HC4,rat,118,1,1
Q96HC4,rat,119,1,1
Q96I24,mouse,485,1,1
Q96I24,mouse,490,1,1
Q96I24,mouse,491,1,1
Q96I24,mouse,474,1,1
Q96I24,mouse,475,1,1
Q96I24,mouse,478,1,1
Q96I24,rat,485,1,1
Q96I24,rat,490,1,1
Q96I24,rat,491,1,1
Q96I24,rat,474,1,1
Q96I24,rat,475,1,1
Q96I24,rat,478,1,1
Q96JH7,zebrafish,1073,0,1
Q96JH7,zebrafish,1075,0,1
Q96JH7,zebrafish,1076,0,1
Q96JH7,zebrafish,1079,0,1
Q96JH7,mouse,1073,1,1
Q96JH7,mouse,1075,0,1
Q96JH7,mouse,1076,1,1
Q96JH7,mouse,1079,1,1
Q96JH7,rat,1073,1,1
Q96JH7,rat,1075,0,1
Q96JH7,rat,1076,1,1
Q96JH7,rat,1079,1,1
Q96JM3,mouse,362,0,1
Q96JM3,mouse,364,1,1
Q96JM3,mouse,366,1,1
Q96JM3,mouse,367,1,1
Q96JM3,mouse,369,1,1
Q96JM3,rat,362,0,1
Q96JM3,rat,364,1,1
Q96JM3,rat,366,1,1
Q96JM3,rat,367,1,1
Q96JM3,rat,369,1,1
Q96KR1,mouse,142,1,1
Q96KR1,mouse,144,1,1
Q96KR1,mouse,528,0,1
Q96KR1,mouse,529,1,1
Q96KR1,mouse,148,1,1
Q96KR1,mouse,149,1,1
Q96KR1,mouse,532,0,1
Q96KR1,mouse,300,1,1
Q96KR1,mouse,429,1,1
Q96KR1,mouse,304,1,1
Q96KR1,mouse,432,1,1
Q96KR1,mouse,433,1,1
Q96KR1,mouse,307,1,1
Q96KR1,mouse,180,1,1
Q96KR1,mouse,309,1,1
Q96KR1,mouse,434,1,1
Q96KR1,mouse,435,1,1
Q96KR1,mouse,56,1,1
Q96KR1,mouse,184,1,1
Q96KR1,mouse,438,1,1
Q96KR1,mouse,59,1,1
Q96KR1,mouse,188,1,1
Q96KR1,mouse,60,1,1
Q96KR1,mouse,440,1,1
Q96KR1,mouse,63,1,1
Q96KR1,mouse,65,1,1
Q96KR1,mouse,195,1,1
Q96KR1,mouse,199,1,1
Q96KR1,mouse,202,1,1
Q96KR1,mouse,207,0,1
Q96KR1,mouse,464,1,1
Q96KR1,mouse,465,1,1
Q96KR1,mouse,211,1,1
Q96KR1,mouse,470,1,1
Q96KR1,mouse,471,1,1
Q96KR1,mouse,111,1,1
Q96KR1,mouse,114,1,1
Q96KR1,mouse,116,1,1
Q96KR1,mouse,121,1,1
Q96KR1,rat,142,1,1
Q96KR1,rat,144,1,1
Q96KR1,rat,528,0,1
Q96KR1,rat,529,0,1
Q96KR1,rat,148,1,1
Q96KR1,rat,149,1,1
Q96KR1,rat,532,0,1
Q96KR1,rat,300,1,1
Q96KR1,rat,429,1,1
Q96KR1,rat,304,1,1
Q96KR1,rat,432,1,1
Q96KR1,rat,433,1,1
Q96KR1,rat,307,1,1
Q96KR1,rat,180,1,1
Q96KR1,rat,309,1,1
Q96KR1,rat,434,1,1
Q96KR1,rat,435,1,1
Q96KR1,rat,56,1,1
Q96KR1,rat,184,1,1
Q96KR1,rat,438,1,1
Q96KR1,rat,59,1,1
Q96KR1,rat,188,1,1
Q96KR1,rat,60,1,1
Q96KR1,rat,440,1,1
Q96KR1,rat,63,1,1
Q96KR1,rat,65,1,1
Q96KR1,rat,195,1,1
Q96KR1,rat,199,1,1
Q96KR1,rat,202,1,1
Q96KR1,rat,207,0,1
Q96KR1,rat,464,1,1
Q96KR1,rat,465,1,1
Q96KR1,rat,211,1,1
Q96KR1,rat,470,1,1
Q96KR1,rat,471,1,1
Q96KR1,rat,111,1,1
Q96KR1,rat,114,1,1
Q96KR1,rat,116,1,1
Q96KR1,rat,121,1,1
Q96KR1,fly,142,0,0
Q96KR1,fly,144,0,0
Q96KR1,fly,528,0,0
Q96KR1,fly,529,0,0
Q96KR1,fly,148,0,0
Q96KR1,fly,149,0,0
Q96KR1,fly,532,0,0
Q96KR1,fly,300,0,0
Q96KR1,fly,429,0,0
Q96KR1,fly,304,0,1
Q96KR1,fly,432,0,0
Q96KR1,fly,433,0,0
Q96KR1,fly,307,1,1
Q96KR1,fly,180,1,1
Q96KR1,fly,309,0,1
Q96KR1,fly,434,0,0
Q96KR1,fly,435,0,0
Q96KR1,fly,56,1,1
Q96KR1,fly,184,1,1
Q96KR1,fly,438,0,0
Q96KR1,fly,59,1,1
Q96KR1,fly,188,0,1
Q96KR1,fly,60,0,1
Q96KR1,fly,440,0,0
Q96KR1,fly,63,0,1
Q96KR1,fly,65,0,0
Q96KR1,fly,195,0,0
Q96KR1,fly,199,0,1
Q96KR1,fly,202,1,1
Q96KR1,fly,207,0,1
Q96KR1,fly,464,0,0
Q96KR1,fly,465,0,0
Q96KR1,fly,211,0,0
Q96KR1,fly,470,0,0
Q96KR1,fly,471,0,0
Q96KR1,fly,111,0,1
Q96KR1,fly,114,1,1
Q96KR1,fly,116,0,1
Q96KR1,fly,121,1,1
Q96L91,mouse,2689,1,1
Q96L91,mouse,2691,1,1
Q96L91,mouse,1540,0,0
Q96L91,mouse,1543,0,0
Q96L91,mouse,2696,1,1
Q96L91,mouse,1547,0,0
Q96L91,mouse,2699,1,1
Q96L91,mouse,2700,1,1
Q96L91,mouse,2707,1,1
Q96L91,mouse,2708,1,1
Q96L91,mouse,2710,1,1
Q96L91,mouse,2712,1,1
Q96L91,mouse,2716,1,1
Q96L91,mouse,2604,1,1
Q96L91,mouse,2605,1,1
Q96L91,mouse,2608,1,1
Q96L91,mouse,2875,1,1
Q96L91,mouse,700,1,1
Q96L91,mouse,701,1,1
Q96L91,mouse,702,1,1
Q96L91,mouse,2877,1,1
Q96L91,mouse,2878,1,1
Q96L91,mouse,705,1,1
Q96L91,mouse,710,1,1
Q96L91,mouse,712,1,1
Q96L91,mouse,3019,1,1
Q96L91,mouse,717,1,1
Q96L91,mouse,3023,1,1
Q96L91,mouse,1488,0,1
Q96L91,mouse,3024,1,1
Q96L91,mouse,3027,1,1
Q96L91,mouse,1492,0,1
Q96L91,mouse,1493,1,1
Q96L91,mouse,1495,1,1
Q96L91,mouse,1526,0,0
Q96L91,mouse,1527,0,0
Q96L91,mouse,1530,0,0
Q96L91,mouse,1532,0,0
Q96L91,mouse,2686,1,1
Q96L91,rat,2689,1,1
Q96L91,rat,2691,1,1
Q96L91,rat,1540,1,1
Q96L91,rat,1543,1,1
Q96L91,rat,2696,1,1
Q96L91,rat,1547,0,1
Q96L91,rat,2699,1,1
Q96L91,rat,2700,1,1
Q96L91,rat,2707,1,1
Q96L91,rat,2708,1,1
Q96L91,rat,2710,1,1
Q96L91,rat,2712,1,1
Q96L91,rat,2716,1,1
Q96L91,rat,2604,1,1
Q96L91,rat,2605,1,1
Q96L91,rat,2608,1,1
Q96L91,rat,2875,1,1
Q96L91,rat,700,1,1
Q96L91,rat,701,1,1
Q96L91,rat,702,1,1
Q96L91,rat,2877,1,1
Q96L91,rat,2878,1,1
Q96L91,rat,705,1,1
Q96L91,rat,710,1,1
Q96L91,rat,712,1,1
Q96L91,rat,3019,1,1
Q96L91,rat,717,1,1
Q96L91,rat,3023,1,1
Q96L91,rat,1488,0,1
Q96L91,rat,3024,1,1
Q96L91,rat,3027,1,1
Q96L91,rat,1492,0,1
Q96L91,rat,1493,0,1
Q96L91,rat,1495,1,1
Q96L91,rat,1526,0,1
Q96L91,rat,1527,1,1
Q96L91,rat,1530,1,1
Q96L91,rat,1532,0,1
Q96L91,rat,2686,1,1
Q96L91,fly,2689,1,1
Q96L91,fly,2691,1,1
Q96L91,fly,1540,1,1
Q96L91,fly,1543,1,1
Q96L91,fly,2696,0,1
Q96L91,fly,1547,1,1
Q96L91,fly,2699,0,1
Q96L91,fly,2700,0,1
Q96L91,fly,2707,0,1
Q96L91,fly,2708,1,1
Q96L91,fly,2710,0,1
Q96L91,fly,2712,1,1
Q96L91,fly,2716,0,1
Q96L91,fly,2604,1,1
Q96L91,fly,2605,0,1
Q96L91,fly,2608,0,1
Q96L91,fly,2875,1,1
Q96L91,fly,700,0,1
Q96L91,fly,701,0,1
Q96L91,fly,702,0,1
Q96L91,fly,2877,0,1
Q96L91,fly,2878,1,1
Q96L91,fly,705,1,1
Q96L91,fly,710,1,1
Q96L91,fly,712,0,1
Q96L91,fly,3019,1,1
Q96L91,fly,717,1,1
Q96L91,fly,3023,0,1
Q96L91,fly,1488,0,0
Q96L91,fly,3024,1,1
Q96L91,fly,3027,1,1
Q96L91,fly,1492,0,0
Q96L91,fly,1493,0,0
Q96L91,fly,1495,0,1
Q96L91,fly,1526,0,1
Q96L91,fly,1527,1,1
Q96L91,fly,1530,1,1
Q96L91,fly,1532,0,1
Q96L91,fly,2686,1,1
Q96M27,zebrafish,162,0,1
Q96M27,zebrafish,37,1,1
Q96M27,zebrafish,38,0,1
Q96M27,zebrafish,41,1,1
Q96M27,zebrafish,42,0,1
Q96M27,zebrafish,169,0,1
Q96M27,zebrafish,172,0,1
Q96M27,zebrafish,46,1,1
Q96M27,zebrafish,176,0,1
Q96M27,zebrafish,114,0,1
Q96M27,zebrafish,115,0,0
Q96M27,zebrafish,178,0,1
Q96M27,zebrafish,179,0,1
Q96M27,zebrafish,119,0,1
Q96M27,zebrafish,157,1,1
Q96M27,zebrafish,159,1,1
Q96M27,mouse,162,0,1
Q96M27,mouse,37,1,1
Q96M27,mouse,38,1,1
Q96M27,mouse,41,1,1
Q96M27,mouse,42,1,1
Q96M27,mouse,169,0,1
Q96M27,mouse,172,1,1
Q96M27,mouse,46,1,1
Q96M27,mouse,176,1,1
Q96M27,mouse,114,1,1
Q96M27,mouse,115,1,1
Q96M27,mouse,178,1,1
Q96M27,mouse,179,1,1
Q96M27,mouse,119,0,1
Q96M27,mouse,157,1,1
Q96M27,mouse,159,1,1
Q96M27,rat,162,0,1
Q96M27,rat,37,1,1
Q96M27,rat,38,1,1
Q96M27,rat,41,1,1
Q96M27,rat,42,1,1
Q96M27,rat,169,0,1
Q96M27,rat,172,1,1
Q96M27,rat,46,1,1
Q96M27,rat,176,1,1
Q96M27,rat,114,1,1
Q96M27,rat,115,1,1
Q96M27,rat,178,1,1
Q96M27,rat,179,1,1
Q96M27,rat,119,0,1
Q96M27,rat,157,1,1
Q96M27,rat,159,1,1
Q96M27,worm,162,0,1
Q96M27,worm,37,0,1
Q96M27,worm,38,0,1
Q96M27,worm,41,0,1
Q96M27,worm,42,0,1
Q96M27,worm,169,1,1
Q96M27,worm,172,0,1
Q96M27,worm,46,1,1
Q96M27,worm,176,0,1
Q96M27,worm,114,1,1
Q96M27,worm,115,0,1
Q96M27,worm,178,1,1
Q96M27,worm,179,1,1
Q96M27,worm,119,0,1
Q96M27,worm,157,1,1
Q96M27,worm,159,0,1
Q96MY1,zebrafish,378,1,1
Q96MY1,zebrafish,379,0,1
Q96MY1,zebrafish,380,0,1
Q96MY1,zebrafish,375,1,1
Q96MY1,mouse,378,0,1
Q96MY1,mouse,379,1,1
Q96MY1,mouse,380,0,1
Q96MY1,mouse,375,1,1
Q96MY1,rat,378,0,1
Q96MY1,rat,379,1,1
Q96MY1,rat,380,0,1
Q96MY1,rat,375,1,1
Q96QT6,mouse,554,1,1
Q96QT6,mouse,555,1,1
Q96QT6,mouse,557,1,1
Q96QT6,rat,554,1,1
Q96QT6,rat,555,1,1
Q96QT6,rat,557,1,1
Q96QT6,fly,554,1,1
Q96QT6,fly,555,0,1
Q96QT6,fly,557,0,1
Q96ST3,zebrafish,289,1,1
Q96ST3,zebrafish,292,0,1
Q96ST3,zebrafish,295,0,0
Q96ST3,zebrafish,287,1,1
Q96ST3,mouse,289,1,1
Q96ST3,mouse,292,1,1
Q96ST3,mouse,295,1,1
Q96ST3,mouse,287,1,1
Q96ST3,rat,289,1,1
Q96ST3,rat,292,1,1
Q96ST3,rat,295,1,1
Q96ST3,rat,287,1,1
Q96T58,zebrafish,3461,1,1
Q96T58,zebrafish,3462,0,1
Q96T58,zebrafish,3463,0,1
Q96T58,zebrafish,3466,0,1
Q96T58,zebrafish,3467,0,1
Q96T58,zebrafish,2471,0,1
Q96T58,zebrafish,2474,0,1
Q96T58,zebrafish,2476,0,1
Q96T58,zebrafish,2860,0,1
Q96T58,zebrafish,2862,1,1
Q96T58,zebrafish,2864,0,1
Q96T58,zebrafish,2681,0,1
Q96T58,zebrafish,2619,1,1
Q96T58,zebrafish,2620,1,1
Q96T58,zebrafish,2623,1,1
Q96T58,zebrafish,2512,1,1
Q96T58,zebrafish,2513,0,1
Q96T58,zebrafish,2515,0,1
Q96T58,zebrafish,2522,1,1
Q96T58,zebrafish,2525,1,1
Q96T58,zebrafish,2529,0,1
Q96T58,zebrafish,2530,1,1
Q96T58,zebrafish,2531,1,1
Q96T58,zebrafish,2532,1,1
Q96T58,zebrafish,2533,1,1
Q96T58,zebrafish,2918,0,1
Q96T58,zebrafish,2920,0,1
Q96T58,zebrafish,2921,1,1
Q96T58,zebrafish,2924,0,1
Q96T58,zebrafish,2928,1,1
Q96T58,zebrafish,2548,1,1
Q96T58,zebrafish,2550,1,1
Q96T58,zebrafish,2551,1,1
Q96T58,zebrafish,2553,0,1
Q96T58,zebrafish,2684,1,1
Q96T58,zebrafish,2685,0,1
Q96T58,mouse,3461,0,1
Q96T58,mouse,3462,0,1
Q96T58,mouse,3463,1,1
Q96T58,mouse,3466,1,1
Q96T58,mouse,3467,1,1
Q96T58,mouse,2471,1,1
Q96T58,mouse,2474,0,1
Q96T58,mouse,2476,1,1
Q96T58,mouse,2860,1,1
Q96T58,mouse,2862,1,1
Q96T58,mouse,2864,1,1
Q96T58,mouse,2681,0,1
Q96T58,mouse,2619,1,1
Q96T58,mouse,2620,1,1
Q96T58,mouse,2623,1,1
Q96T58,mouse,2512,1,1
Q96T58,mouse,2513,1,1
Q96T58,mouse,2515,1,1
Q96T58,mouse,2522,1,1
Q96T58,mouse,2525,1,1
Q96T58,mouse,2529,1,1
Q96T58,mouse,2530,1,1
Q96T58,mouse,2531,1,1
Q96T58,mouse,2532,1,1
Q96T58,mouse,2533,1,1
Q96T58,mouse,2918,1,1
Q96T58,mouse,2920,1,1
Q96T58,mouse,2921,1,1
Q96T58,mouse,2924,1,1
Q96T58,mouse,2928,1,1
Q96T58,mouse,2548,0,1
Q96T58,mouse,2550,1,1
Q96T58,mouse,2551,1,1
Q96T58,mouse,2553,1,1
Q96T58,mouse,2684,1,1
Q96T58,mouse,2685,1,1
Q96T58,rat,3461,0,1
Q96T58,rat,3462,0,1
Q96T58,rat,3463,1,1
Q96T58,rat,3466,1,1
Q96T58,rat,3467,1,1
Q96T58,rat,2471,1,1
Q96T58,rat,2474,0,1
Q96T58,rat,2476,1,1
Q96T58,rat,2860,1,1
Q96T58,rat,2862,1,1
Q96T58,rat,2864,1,1
Q96T58,rat,2681,0,1
Q96T58,rat,2619,1,1
Q96T58,rat,2620,1,1
Q96T58,rat,2623,1,1
Q96T58,rat,2512,1,1
Q96T58,rat,2513,0,1
Q96T58,rat,2515,1,1
Q96T58,rat,2522,1,1
Q96T58,rat,2525,1,1
Q96T58,rat,2529,1,1
Q96T58,rat,2530,1,1
Q96T58,rat,2531,1,1
Q96T58,rat,2532,1,1
Q96T58,rat,2533,1,1
Q96T58,rat,2918,1,1
Q96T58,rat,2920,1,1
Q96T58,rat,2921,1,1
Q96T58,rat,2924,1,1
Q96T58,rat,2928,1,1
Q96T58,rat,2548,0,1
Q96T58,rat,2550,1,1
Q96T58,rat,2551,1,1
Q96T58,rat,2553,1,1
Q96T58,rat,2684,1,1
Q96T58,rat,2685,1,1
Q99504,mouse,266,1,1
Q99504,mouse,268,1,1
Q99504,mouse,271,0,1
Q99504,rat,266,1,1
Q99504,rat,268,1,1
Q99504,rat,271,0,1
Q99700,mouse,213,0,1
Q99700,mouse,215,1,1
Q99700,mouse,216,0,1
Q99700,mouse,217,0,1
Q99700,mouse,218,0,1
Q99700,mouse,220,1,1
Q99700,mouse,221,0,1
Q99700,mouse,222,1,1
Q99700,mouse,223,0,1
Q99700,rat,213,0,1
Q99700,rat,215,0,1
Q99700,rat,216,0,1
Q99700,rat,217,1,1
Q99700,rat,218,0,1
Q99700,rat,220,0,1
Q99700,rat,221,0,1
Q99700,rat,222,0,1
Q99700,rat,223,0,1
Q99700,worm,213,0,0
Q99700,worm,215,0,0
Q99700,worm,216,0,0
Q99700,worm,217,0,0
Q99700,worm,218,0,0
Q99700,worm,220,0,0
Q99700,worm,221,0,0
Q99700,worm,222,0,0
Q99700,worm,223,0,0
Q9BS26,zebrafish,386,1,1
Q9BS26,zebrafish,380,1,1
Q9BS26,zebrafish,381,0,1
Q9BS26,mouse,386,1,1
Q9BS26,mouse,380,1,1
Q9BS26,mouse,381,1,1
Q9BS26,rat,386,1,1
Q9BS26,rat,380,1,1
Q9BS26,rat,381,1,1
Q9BS26,worm,386,1,1
Q9BS26,worm,380,1,1
Q9BS26,worm,381,0,1
Q9BS26,fly,386,0,1
Q9BS26,fly,380,1,1
Q9BS26,fly,381,1,1
Q9BTA9,zebrafish,257,0,0
Q9BTA9,zebrafish,259,0,0
Q9BTA9,zebrafish,261,0,0
Q9BTA9,zebrafish,262,0,0
Q9BTA9,zebrafish,391,1,1
Q9BTA9,zebrafish,456,1,1
Q9BTA9,zebrafish,457,1,1
Q9BTA9,zebrafish,395,1,1
Q9BTA9,zebrafish,460,1,1
Q9BTA9,zebrafish,398,1,1
Q9BTA9,zebrafish,401,1,1
Q9BTA9,mouse,257,0,0
Q9BTA9,mouse,259,0,0
Q9BTA9,mouse,261,0,0
Q9BTA9,mouse,262,0,0
Q9BTA9,mouse,391,1,1
Q9BTA9,mouse,456,1,1
Q9BTA9,mouse,457,1,1
Q9BTA9,mouse,395,1,1
Q9BTA9,mouse,460,1,1
Q9BTA9,mouse,398,1,1
Q9BTA9,mouse,401,1,1
Q9BTA9,rat,257,1,1
Q9BTA9,rat,259,1,1
Q9BTA9,rat,261,1,1
Q9BTA9,rat,262,1,1
Q9BTA9,rat,391,1,1
Q9BTA9,rat,456,1,1
Q9BTA9,rat,457,1,1
Q9BTA9,rat,395,1,1
Q9BTA9,rat,460,1,1
Q9BTA9,rat,398,1,1
Q9BTA9,rat,401,1,1
Q9BTC0,zebrafish,1285,0,1
Q9BTC0,zebrafish,1288,0,1
Q9BTC0,zebrafish,1291,1,1
Q9BTC0,zebrafish,1292,1,1
Q9BTC0,zebrafish,1547,0,1
Q9BTC0,zebrafish,1552,1,1
Q9BTC0,zebrafish,1297,0,1
Q9BTC0,zebrafish,1298,0,1
Q9BTC0,zebrafish,1555,0,1
Q9BTC0,zebrafish,1301,1,1
Q9BTC0,zebrafish,1303,0,1
Q9BTC0,zebrafish,1305,0,1
Q9BTC0,zebrafish,1308,0,1
Q9BTC0,zebrafish,947,1,1
Q9BTC0,zebrafish,952,0,1
Q9BTC0,zebrafish,955,0,0
Q9BTC0,zebrafish,959,0,1
Q9BTC0,zebrafish,960,0,1
Q9BTC0,zebrafish,962,1,1
Q9BTC0,zebrafish,964,1,1
Q9BTC0,zebrafish,603,0,1
Q9BTC0,zebrafish,606,0,1
Q9BTC0,zebrafish,609,0,1
Q9BTC0,mouse,1285,0,0
Q9BTC0,mouse,1288,0,0
Q9BTC0,mouse,1291,0,0
Q9BTC0,mouse,1292,0,0
Q9BTC0,mouse,1547,0,0
Q9BTC0,mouse,1552,0,0
Q9BTC0,mouse,1297,0,0
Q9BTC0,mouse,1298,0,0
Q9BTC0,mouse,1555,0,0
Q9BTC0,mouse,1301,0,0
Q9BTC0,mouse,1303,0,0
Q9BTC0,mouse,1305,0,0
Q9BTC0,mouse,1308,0,0
Q9BTC0,mouse,947,1,1
Q9BTC0,mouse,952,1,1
Q9BTC0,mouse,955,1,1
Q9BTC0,mouse,959,1,1
Q9BTC0,mouse,960,1,1
Q9BTC0,mouse,962,1,1
Q9BTC0,mouse,964,1,1
Q9BTC0,mouse,603,1,1
Q9BTC0,mouse,606,0,1
Q9BTC0,mouse,609,1,1
Q9BTC0,rat,1285,1,1
Q9BTC0,rat,1288,1,1
Q9BTC0,rat,1291,1,1
Q9BTC0,rat,1292,1,1
Q9BTC0,rat,1547,0,1
Q9BTC0,rat,1552,1,1
Q9BTC0,rat,1297,1,1
Q9BTC0,rat,1298,1,1
Q9BTC0,rat,1555,1,1
Q9BTC0,rat,1301,1,1
Q9BTC0,rat,1303,0,1
Q9BTC0,rat,1305,0,1
Q9BTC0,rat,1308,1,1
Q9BTC0,rat,947,1,1
Q9BTC0,rat,952,1,1
Q9BTC0,rat,955,1,1
Q9BTC0,rat,959,1,1
Q9BTC0,rat,960,1,1
Q9BTC0,rat,962,1,1
Q9BTC0,rat,964,1,1
Q9BTC0,rat,603,1,1
Q9BTC0,rat,606,0,1
Q9BTC0,rat,609,1,1
Q9BVL2,rat,128,1,1
Q9BVL2,rat,129,1,1
Q9BVL2,rat,130,1,1
Q9BVL2,rat,132,1,1
Q9BVL2,rat,14,1,1
Q9BVL2,rat,15,1,1
Q9BVL2,rat,16,1,1
Q9BVL2,rat,159,0,1
Q9BVL2,rat,162,1,1
Q9BVL2,rat,163,1,1
Q9BVL2,rat,164,0,1
Q9BVL2,rat,166,1,1
Q9BVL2,rat,167,1,1
Q9BVL2,rat,49,1,1
Q9BVL2,rat,50,1,1
Q9BVL2,rat,51,0,1
Q9BVL2,rat,52,1,1
Q9BVL2,rat,55,1,1
Q9BVL2,rat,56,1,1
Q9BVL2,rat,57,1,1
Q9BVL2,rat,60,0,1
Q9BVL2,rat,61,1,1
Q9BVL2,rat,65,1,1
Q9BVL2,rat,87,0,1
Q9BVL2,rat,88,0,0
Q9BVL2,rat,91,0,0
Q9BVL2,rat,100,1,1
Q9BVL2,rat,101,1,1
Q9BVL2,rat,102,1,1
Q9BVL2,rat,127,1,1
Q9BVL2,worm,128,0,1
Q9BVL2,worm,129,1,1
Q9BVL2,worm,130,1,1
Q9BVL2,worm,132,0,1
Q9BVL2,worm,14,0,0
Q9BVL2,worm,15,0,0
Q9BVL2,worm,16,0,0
Q9BVL2,worm,159,0,1
Q9BVL2,worm,162,0,1
Q9BVL2,worm,163,0,1
Q9BVL2,worm,164,0,1
Q9BVL2,worm,166,1,1
Q9BVL2,worm,167,0,1
Q9BVL2,worm,49,0,1
Q9BVL2,worm,50,0,1
Q9BVL2,worm,51,0,1
Q9BVL2,worm,52,0,1
Q9BVL2,worm,55,0,0
Q9BVL2,worm,56,0,0
Q9BVL2,worm,57,0,0
Q9BVL2,worm,60,0,0
Q9BVL2,worm,61,0,0
Q9BVL2,worm,65,0,1
Q9BVL2,worm,87,1,1
Q9BVL2,worm,88,1,1
Q9BVL2,worm,91,0,1
Q9BVL2,worm,100,1,1
Q9BVL2,worm,101,0,1
Q9BVL2,worm,102,1,1
Q9BVL2,worm,127,1,1
Q9BVL2,fly,128,0,1
Q9BVL2,fly,129,1,1
Q9BVL2,fly,130,0,1
Q9BVL2,fly,132,0,1
Q9BVL2,fly,14,1,1
Q9BVL2,fly,15,0,1
Q9BVL2,fly,16,0,1
Q9BVL2,fly,159,1,1
Q9BVL2,fly,162,1,1
Q9BVL2,fly,163,0,1
Q9BVL2,fly,164,0,1
Q9BVL2,fly,166,0,1
Q9BVL2,fly,167,0,1
Q9BVL2,fly,49,0,0
Q9BVL2,fly,50,0,1
Q9BVL2,fly,51,0,1
Q9BVL2,fly,52,0,1
Q9BVL2,fly,55,1,1
Q9BVL2,fly,56,1,1
Q9BVL2,fly,57,1,1
Q9BVL2,fly,60,0,1
Q9BVL2,fly,61,0,1
Q9BVL2,fly,65,1,1
Q9BVL2,fly,87,0,1
Q9BVL2,fly,88,1,1
Q9BVL2,fly,91,0,1
Q9BVL2,fly,100,0,1
Q9BVL2,fly,101,1,1
Q9BVL2,fly,102,0,1
Q9BVL2,fly,127,0,1
Q9BWF3,rat,297,0,0
Q9BWF3,rat,300,0,0
Q9BWF3,rat,301,0,0
Q9BWF3,rat,302,0,0
Q9BWF3,rat,279,0,0
Q9BWF3,rat,280,0,0
Q9BWF3,rat,285,0,0
Q9BYJ9,zebrafish,161,1,1
Q9BYJ9,zebrafish,130,1,1
Q9BYJ9,zebrafish,196,1,1
Q9BYJ9,zebrafish,197,0,1
Q9BYJ9,zebrafish,134,1,1
Q9BYJ9,zebrafish,135,1,1
Q9BYJ9,zebrafish,198,1,1
Q9BYJ9,zebrafish,137,1,1
Q9BYJ9,zebrafish,205,1,1
Q9BYJ9,zebrafish,208,0,1
Q9BYJ9,zebrafish,209,0,1
Q9BYJ9,zebrafish,152,1,1
Q9BYJ9,zebrafish,157,1,1
Q9BYJ9,mouse,161,1,1
Q9BYJ9,mouse,130,1,1
Q9BYJ9,mouse,196,1,1
Q9BYJ9,mouse,197,1,1
Q9BYJ9,mouse,134,1,1
Q9BYJ9,mouse,135,1,1
Q9BYJ9,mouse,198,1,1
Q9BYJ9,mouse,137,1,1
Q9BYJ9,mouse,205,1,1
Q9BYJ9,mouse,208,0,1
Q9BYJ9,mouse,209,1,1
Q9BYJ9,mouse,152,1,1
Q9BYJ9,mouse,157,1,1
Q9BYJ9,rat,161,1,1
Q9BYJ9,rat,130,1,1
Q9BYJ9,rat,196,1,1
Q9BYJ9,rat,197,1,1
Q9BYJ9,rat,134,1,1
Q9BYJ9,rat,135,1,1
Q9BYJ9,rat,198,1,1
Q9BYJ9,rat,137,1,1
Q9BYJ9,rat,205,1,1
Q9BYJ9,rat,208,0,1
Q9BYJ9,rat,209,1,1
Q9BYJ9,rat,152,1,1
Q9BYJ9,rat,157,1,1
Q9C0C7,zebrafish,449,1,1
Q9C0C7,zebrafish,440,1,1
Q9C0C7,zebrafish,441,1,1
Q9C0C7,zebrafish,443,1,1
Q9C0C7,zebrafish,444,1,1
Q9C0C7,zebrafish,446,0,1
Q9C0C7,mouse,449,1,1
Q9C0C7,mouse,440,1,1
Q9C0C7,mouse,441,1,1
Q9C0C7,mouse,443,1,1
Q9C0C7,mouse,444,1,1
Q9C0C7,mouse,446,1,1
Q9C0C7,rat,449,1,1
Q9C0C7,rat,440,1,1
Q9C0C7,rat,441,1,1
Q9C0C7,rat,443,1,1
Q9C0C7,rat,444,1,1
Q9C0C7,rat,446,1,1
Q9H0E3,mouse,512,0,0
Q9H0E3,mouse,321,0,0
Q9H0E3,mouse,503,0,0
Q9H0E3,mouse,454,0,0
Q9H0E3,mouse,455,0,0
Q9H0E3,mouse,300,0,0
Q9H0E3,mouse,460,0,0
Q9H0E3,mouse,505,0,0
Q9H0E3,mouse,508,0,0
Q9H0E3,mouse,304,0,0
Q9H0E3,mouse,305,0,0
Q9H0E3,mouse,306,0,0
Q9H0E3,mouse,311,0,0
Q9H0E3,mouse,313,0,0
Q9H0E3,mouse,316,0,0
Q9H0E3,mouse,509,0,0
Q9H0E3,mouse,319,0,0
Q9H0E3,rat,512,1,1
Q9H0E3,rat,321,1,1
Q9H0E3,rat,503,1,1
Q9H0E3,rat,454,1,1
Q9H0E3,rat,455,1,1
Q9H0E3,rat,300,1,1
Q9H0E3,rat,460,1,1
Q9H0E3,rat,505,1,1
Q9H0E3,rat,508,1,1
Q9H0E3,rat,304,1,1
Q9H0E3,rat,305,1,1
Q9H0E3,rat,306,1,1
Q9H0E3,rat,311,0,1
Q9H0E3,rat,313,1,1
Q9H0E3,rat,316,1,1
Q9H0E3,rat,509,1,1
Q9H0E3,rat,319,1,1
Q9H0E9,mouse,290,1,1
Q9H0E9,mouse,276,1,1
Q9H0E9,mouse,279,1,1
Q9H0E9,mouse,280,1,1
Q9H0E9,mouse,284,1,1
Q9H0E9,mouse,286,1,1
Q9H0E9,mouse,287,1,1
Q9H0E9,rat,290,1,1
Q9H0E9,rat,276,1,1
Q9H0E9,rat,279,1,1
Q9H0E9,rat,280,1,1
Q9H0E9,rat,284,1,1
Q9H0E9,rat,286,1,1
Q9H0E9,rat,287,1,1
Q9H0E9,fly,290,0,1
Q9H0E9,fly,276,1,1
Q9H0E9,fly,279,0,1
Q9H0E9,fly,280,0,1
Q9H0E9,fly,284,0,1
Q9H0E9,fly,286,1,1
Q9H0E9,fly,287,0,1
Q9H1B7,mouse,179,1,1
Q9H1B7,mouse,182,1,1
Q9H1B7,mouse,183,1,1
Q9H1B7,mouse,184,1,1
Q9H1B7,mouse,186,0,1
Q9H1B7,rat,179,1,1
Q9H1B7,rat,182,1,1
Q9H1B7,rat,183,1,1
Q9H1B7,rat,184,1,1
Q9H1B7,rat,186,0,1
Q9H1D0,mouse,723,1,1
Q9H1D0,mouse,725,1,1
Q9H1D0,mouse,727,1,1
Q9H1D0,rat,723,1,1
Q9H1D0,rat,725,1,1
Q9H1D0,rat,727,1,1
Q9H2F5,mouse,761,1,1
Q9H2F5,mouse,762,1,1
Q9H2F5,mouse,758,1,1
Q9H2F5,rat,761,1,1
Q9H2F5,rat,762,1,1
Q9H2F5,rat,758,1,1
Q9H2P0,mouse,363,1,1
Q9H2P0,mouse,365,1,1
Q9H2P0,mouse,358,1,1
Q9H2P0,rat,363,1,1
Q9H2P0,rat,365,1,1
Q9H2P0,rat,358,1,1
Q9H4A3,mouse,1281,0,0
Q9H4A3,mouse,2306,0,0
Q9H4A3,mouse,1285,0,0
Q9H4A3,mouse,1286,0,0
Q9H4A3,mouse,1289,0,0
Q9H4A3,mouse,1949,0,0
Q9H4A3,mouse,1950,0,0
Q9H4A3,mouse,1951,0,0
Q9H4A3,mouse,1848,0,0
Q9H4A3,mouse,1849,0,0
Q9H4A3,mouse,1850,0,0
Q9H4A3,mouse,1495,0,0
Q9H4A3,mouse,1497,0,0
Q9H4A3,mouse,1500,0,0
Q9H4A3,mouse,1244,0,0
Q9H4A3,mouse,1245,0,0
Q9H4A3,mouse,1248,0,0
Q9H4A3,mouse,2297,0,0
Q9H4A3,mouse,1276,0,0
Q9H4A3,mouse,2302,0,0
Q9H4A3,rat,1281,0,1
Q9H4A3,rat,2306,1,1
Q9H4A3,rat,1285,1,1
Q9H4A3,rat,1286,1,1
Q9H4A3,rat,1289,0,1
Q9H4A3,rat,1949,1,1
Q9H4A3,rat,1950,1,1
Q9H4A3,rat,1951,1,1
Q9H4A3,rat,1848,1,1
Q9H4A3,rat,1849,1,1
Q9H4A3,rat,1850,1,1
Q9H4A3,rat,1495,1,1
Q9H4A3,rat,1497,0,1
Q9H4A3,rat,1500,0,1
Q9H4A3,rat,1244,1,1
Q9H4A3,rat,1245,1,1
Q9H4A3,rat,1248,1,1
Q9H4A3,rat,2297,1,1
Q9H4A3,rat,1276,1,1
Q9H4A3,rat,2302,1,1
Q9H4A3,fly,1281,1,1
Q9H4A3,fly,2306,0,1
Q9H4A3,fly,1285,1,1
Q9H4A3,fly,1286,1,1
Q9H4A3,fly,1289,0,1
Q9H4A3,fly,1949,0,1
Q9H4A3,fly,1950,1,1
Q9H4A3,fly,1951,1,1
Q9H4A3,fly,1848,0,0
Q9H4A3,fly,1849,0,0
Q9H4A3,fly,1850,0,0
Q9H4A3,fly,1495,0,1
Q9H4A3,fly,1497,1,1
Q9H4A3,fly,1500,0,1
Q9H4A3,fly,1244,1,1
Q9H4A3,fly,1245,1,1
Q9H4A3,fly,1248,1,1
Q9H4A3,fly,2297,1,1
Q9H4A3,fly,1276,1,1
Q9H4A3,fly,2302,0,1
Q9H4I2,zebrafish,586,0,1
Q9H4I2,zebrafish,590,0,1
Q9H4I2,zebrafish,591,0,1
Q9H4I2,zebrafish,240,1,1
Q9H4I2,zebrafish,593,0,1
Q9H4I2,zebrafish,243,1,1
Q9H4I2,zebrafish,596,1,1
Q9H4I2,zebrafish,246,0,1
Q9H4I2,zebrafish,599,0,1
Q9H4I2,mouse,586,1,1
Q9H4I2,mouse,590,1,1
Q9H4I2,mouse,591,0,1
Q9H4I2,mouse,240,1,1
Q9H4I2,mouse,593,1,1
Q9H4I2,mouse,243,1,1
Q9H4I2,mouse,596,1,1
Q9H4I2,mouse,246,1,1
Q9H4I2,mouse,599,0,1
Q9H4I2,rat,586,0,1
Q9H4I2,rat,590,1,1
Q9H4I2,rat,591,0,1
Q9H4I2,rat,240,1,1
Q9H4I2,rat,593,1,1
Q9H4I2,rat,243,1,1
Q9H4I2,rat,596,1,1
Q9H4I2,rat,246,1,1
Q9H4I2,rat,599,0,1
Q9H792,zebrafish,512,0,1
Q9H792,zebrafish,500,0,1
Q9H792,zebrafish,501,1,1
Q9H792,zebrafish,502,0,1
Q9H792,zebrafish,504,1,1
Q9H792,zebrafish,510,1,1
Q9H792,zebrafish,511,1,1
Q9H792,mouse,512,0,1
Q9H792,mouse,500,0,1
Q9H792,mouse,501,1,1
Q9H792,mouse,502,1,1
Q9H792,mouse,504,1,1
Q9H792,mouse,510,1,1
Q9H792,mouse,511,1,1
Q9H792,rat,512,0,1
Q9H792,rat,500,0,1
Q9H792,rat,501,1,1
Q9H792,rat,502,1,1
Q9H792,rat,504,1,1
Q9H792,rat,510,1,1
Q9H792,rat,511,1,1
Q9H8V3,zebrafish,880,1,1
Q9H8V3,zebrafish,882,1,1
Q9H8V3,zebrafish,879,1,1
Q9H8V3,mouse,880,0,0
Q9H8V3,mouse,882,0,0
Q9H8V3,mouse,879,0,0
Q9H8V3,rat,880,1,1
Q9H8V3,rat,882,1,1
Q9H8V3,rat,879,1,1
Q9H8V3,worm,880,0,1
Q9H8V3,worm,882,1,1
Q9H8V3,worm,879,1,1
Q9H8Y8,mouse,424,1,1
Q9H8Y8,mouse,423,1,1
Q9H8Y8,mouse,418,0,1
Q9H8Y8,mouse,415,1,1
Q9H8Y8,rat,424,1,1
Q9H8Y8,rat,423,1,1
Q9H8Y8,rat,418,0,1
Q9H8Y8,rat,415,0,1
Q9HB21,mouse,322,0,1
Q9HB21,mouse,323,1,1
Q9HB21,mouse,325,1,1
Q9HB21,mouse,326,0,1
Q9HB21,rat,322,0,1
Q9HB21,rat,323,0,1
Q9HB21,rat,325,1,1
Q9HB21,rat,326,0,1
Q9HBD1,zebrafish,556,0,1
Q9HBD1,zebrafish,561,0,0
Q9HBD1,zebrafish,562,0,0
Q9HBD1,zebrafish,468,0,1
Q9HBD1,zebrafish,470,0,1
Q9HBD1,zebrafish,471,1,1
Q9HBD1,zebrafish,472,0,1
Q9HBD1,zebrafish,566,0,1
Q9HBD1,mouse,556,1,1
Q9HBD1,mouse,561,1,1
Q9HBD1,mouse,562,1,1
Q9HBD1,mouse,468,1,1
Q9HBD1,mouse,470,1,1
Q9HBD1,mouse,471,1,1
Q9HBD1,mouse,472,1,1
Q9HBD1,mouse,566,1,1
Q9HBD1,rat,556,1,1
Q9HBD1,rat,561,1,1
Q9HBD1,rat,562,1,1
Q9HBD1,rat,468,1,1
Q9HBD1,rat,470,1,1
Q9HBD1,rat,471,1,1
Q9HBD1,rat,472,1,1
Q9HBD1,rat,566,1,1
Q9HBM6,mouse,162,0,1
Q9HBM6,mouse,165,0,1
Q9HBM6,mouse,147,1,1
Q9HBM6,mouse,152,1,1
Q9HBM6,mouse,153,1,1
Q9HBM6,mouse,156,1,1
Q9HBM6,mouse,159,0,1
Q9HC78,mouse,449,1,1
Q9HC78,mouse,444,1,1
Q9HC78,mouse,447,1,1
Q9HC78,rat,449,1,1
Q9HC78,rat,444,1,1
Q9HC78,rat,447,1,1
Q9HCD5,zebrafish,416,0,1
Q9HCD5,zebrafish,449,1,1
Q9HCD5,zebrafish,418,0,1
Q9HCD5,zebrafish,452,0,1
Q9HCD5,zebrafish,422,0,1
Q9HCD5,zebrafish,454,0,1
Q9HCD5,zebrafish,520,0,0
Q9HCD5,zebrafish,426,1,1
Q9HCD5,zebrafish,427,0,1
Q9HCD5,zebrafish,524,0,1
Q9HCD5,zebrafish,529,0,1
Q9HCD5,zebrafish,530,0,1
Q9HCD5,mouse,416,1,1
Q9HCD5,mouse,449,1,1
Q9HCD5,mouse,418,1,1
Q9HCD5,mouse,452,1,1
Q9HCD5,mouse,422,0,1
Q9HCD5,mouse,454,1,1
Q9HCD5,mouse,520,1,1
Q9HCD5,mouse,426,1,1
Q9HCD5,mouse,427,1,1
Q9HCD5,mouse,524,1,1
Q9HCD5,mouse,529,1,1
Q9HCD5,mouse,530,1,1
Q9HCD5,rat,416,1,1
Q9HCD5,rat,449,1,1
Q9HCD5,rat,418,1,1
Q9HCD5,rat,452,1,1
Q9HCD5,rat,422,0,1
Q9HCD5,rat,454,1,1
Q9HCD5,rat,520,1,1
Q9HCD5,rat,426,1,1
Q9HCD5,rat,427,1,1
Q9HCD5,rat,524,1,1
Q9HCD5,rat,529,1,1
Q9HCD5,rat,530,1,1
Q9HCD6,mouse,1642,1,1
Q9HCD6,mouse,1647,1,1
Q9HCD6,mouse,1646,1,1
Q9HCD6,mouse,1639,1,1
Q9HCD6,rat,1642,1,1
Q9HCD6,rat,1647,1,1
Q9HCD6,rat,1646,1,1
Q9HCD6,rat,1639,0,1
Q9HCE3,zebrafish,482,0,1
Q9HCE3,zebrafish,485,1,1
Q9HCE3,zebrafish,479,1,1
Q9HCE3,mouse,482,0,0
Q9HCE3,mouse,485,0,0
Q9HCE3,mouse,479,0,0
Q9HCE3,rat,482,1,1
Q9HCE3,rat,485,1,1
Q9HCE3,rat,479,1,1
Q9HCK8,mouse,2522,0,0
Q9HCK8,mouse,2523,0,0
Q9HCK8,mouse,2518,0,0
Q9HCK8,mouse,2519,0,0
Q9HCK8,rat,2522,1,1
Q9HCK8,rat,2523,1,1
Q9HCK8,rat,2518,1,1
Q9HCK8,rat,2519,1,1
Q9NPG3,mouse,866,0,1
Q9NPG3,mouse,868,1,1
Q9NPG3,mouse,869,1,1
Q9NPG3,mouse,870,1,1
Q9NPG3,mouse,996,0,1
Q9NPG3,mouse,872,0,1
Q9NPG3,mouse,999,1,1
Q9NPG3,mouse,1002,1,1
Q9NPG3,mouse,875,1,1
Q9NPG3,mouse,1003,1,1
Q9NPG3,mouse,1004,1,1
Q9NPG3,mouse,878,1,1
Q9NPG3,mouse,879,0,1
Q9NPG3,mouse,881,1,1
Q9NPG3,mouse,884,1,1
Q9NPG3,mouse,857,1,1
Q9NPG3,mouse,861,1,1
Q9NPG3,mouse,862,1,1
Q9NPG3,rat,866,0,1
Q9NPG3,rat,868,1,1
Q9NPG3,rat,869,1,1
Q9NPG3,rat,870,1,1
Q9NPG3,rat,996,0,1
Q9NPG3,rat,872,1,1
Q9NPG3,rat,999,1,1
Q9NPG3,rat,1002,1,1
Q9NPG3,rat,875,1,1
Q9NPG3,rat,1003,1,1
Q9NPG3,rat,1004,1,1
Q9NPG3,rat,878,1,1
Q9NPG3,rat,879,0,1
Q9NPG3,rat,881,1,1
Q9NPG3,rat,884,1,1
Q9NPG3,rat,857,1,1
Q9NPG3,rat,861,1,1
Q9NPG3,rat,862,1,1
Q9NPG4,zebrafish,1179,0,0
Q9NPG4,zebrafish,1180,0,0
Q9NPG4,zebrafish,1181,0,0
Q9NPG4,mouse,1179,0,0
Q9NPG4,mouse,1180,0,0
Q9NPG4,mouse,1181,0,0
Q9NPG4,rat,1179,0,0
Q9NPG4,rat,1180,0,0
Q9NPG4,rat,1181,0,0
Q9NQX3,mouse,265,1,1
Q9NQX3,mouse,260,1,1
Q9NQX3,mouse,262,1,1
Q9NQX3,fly,265,0,1
Q9NQX3,fly,260,1,1
Q9NQX3,fly,262,1,1
Q9NR12,mouse,217,0,0
Q9NR12,mouse,219,0,0
Q9NR12,mouse,220,0,0
Q9NR12,mouse,214,0,0
Q9NR12,rat,217,1,1
Q9NR12,rat,219,1,1
Q9NR12,rat,220,1,1
Q9NR12,rat,214,1,1
Q9NTZ6,rat,130,1,1
Q9NTZ6,rat,132,1,1
Q9NTZ6,rat,135,1,1
Q9NTZ6,rat,137,1,1
Q9NTZ6,rat,138,1,1
Q9NTZ6,rat,139,1,1
Q9NTZ6,rat,110,1,1
Q9NTZ6,rat,111,1,1
Q9NTZ6,rat,143,1,1
Q9NTZ6,rat,114,1,1
Q9NTZ6,rat,115,1,1
Q9NTZ6,rat,121,0,1
Q9NTZ6,rat,122,1,1
Q9NTZ6,rat,124,0,1
Q9NTZ6,worm,130,1,1
Q9NTZ6,worm,132,0,1
Q9NTZ6,worm,135,0,1
Q9NTZ6,worm,137,0,1
Q9NTZ6,worm,138,1,1
Q9NTZ6,worm,139,0,1
Q9NTZ6,worm,110,0,0
Q9NTZ6,worm,111,0,0
Q9NTZ6,worm,143,0,1
Q9NTZ6,worm,114,0,1
Q9NTZ6,worm,115,0,1
Q9NTZ6,worm,121,0,1
Q9NTZ6,worm,122,0,1
Q9NTZ6,worm,124,1,1
Q9NXV6,mouse,352,1,1
Q9NXV6,mouse,385,0,1
Q9NXV6,mouse,323,1,1
Q9NXV6,mouse,324,1,1
Q9NXV6,mouse,325,1,1
Q9NXV6,mouse,387,0,1
Q9NXV6,mouse,389,1,1
Q9NXV6,mouse,330,1,1
Q9NXV6,mouse,209,1,1
Q9NXV6,mouse,211,0,1
Q9NXV6,mouse,212,1,1
Q9NXV6,mouse,373,1,1
Q9NXV6,mouse,375,1,1
Q9NXV6,mouse,379,0,1
Q9NXV6,mouse,349,0,1
Q9NXV6,mouse,350,1,1
Q9NXV6,mouse,351,1,1
Q9NXV6,rat,352,0,0
Q9NXV6,rat,385,0,0
Q9NXV6,rat,323,0,0
Q9NXV6,rat,324,0,0
Q9NXV6,rat,325,0,0
Q9NXV6,rat,387,0,0
Q9NXV6,rat,389,0,0
Q9NXV6,rat,330,0,0
Q9NXV6,rat,209,0,0
Q9NXV6,rat,211,0,0
Q9NXV6,rat,212,0,0
Q9NXV6,rat,373,0,0
Q9NXV6,rat,375,0,0
Q9NXV6,rat,379,0,0
Q9NXV6,rat,349,0,0
Q9NXV6,rat,350,0,0
Q9NXV6,rat,351,0,0
Q9NYF8,mouse,489,1,1
Q9NYF8,mouse,485,1,1
Q9NYF8,mouse,494,0,1
Q9NYF8,rat,489,1,1
Q9NYF8,rat,485,1,1
Q9NYF8,rat,494,0,1
Q9NYJ8,zebrafish,353,0,0
Q9NYJ8,zebrafish,354,0,0
Q9NYJ8,zebrafish,357,0,0
Q9NYJ8,zebrafish,349,0,0
Q9NYJ8,zebrafish,350,0,0
Q9NYJ8,mouse,353,1,1
Q9NYJ8,mouse,354,0,1
Q9NYJ8,mouse,357,1,1
Q9NYJ8,mouse,349,0,1
Q9NYJ8,mouse,350,1,1
Q9NYJ8,rat,353,1,1
Q9NYJ8,rat,354,0,1
Q9NYJ8,rat,357,1,1
Q9NYJ8,rat,349,0,1
Q9NYJ8,rat,350,1,1
Q9NYV4,zebrafish,1447,0,0
Q9NYV4,zebrafish,1448,0,0
Q9NYV4,zebrafish,1451,0,0
Q9NYV4,zebrafish,1452,0,0
Q9NYV4,zebrafish,1453,0,0
Q9NYV4,zebrafish,1465,0,0
Q9NYV4,zebrafish,592,0,1
Q9NYV4,zebrafish,593,0,0
Q9NYV4,zebrafish,596,0,0
Q9NYV4,zebrafish,597,0,0
Q9NYV4,zebrafish,1463,0,0
Q9NYV4,zebrafish,601,0,1
Q9NYV4,zebrafish,1466,0,0
Q9NYV4,mouse,1447,1,1
Q9NYV4,mouse,1448,1,1
Q9NYV4,mouse,1451,0,1
Q9NYV4,mouse,1452,1,1
Q9NYV4,mouse,1453,1,1
Q9NYV4,mouse,1465,1,1
Q9NYV4,mouse,592,1,1
Q9NYV4,mouse,593,1,1
Q9NYV4,mouse,596,1,1
Q9NYV4,mouse,597,1,1
Q9NYV4,mouse,1463,0,1
Q9NYV4,mouse,601,1,1
Q9NYV4,mouse,1466,0,1
Q9NYV4,rat,1447,1,1
Q9NYV4,rat,1448,1,1
Q9NYV4,rat,1451,0,1
Q9NYV4,rat,1452,1,1
Q9NYV4,rat,1453,1,1
Q9NYV4,rat,1465,1,1
Q9NYV4,rat,592,1,1
Q9NYV4,rat,593,1,1
Q9NYV4,rat,596,1,1
Q9NYV4,rat,597,1,1
Q9NYV4,rat,1463,0,1
Q9NYV4,rat,601,1,1
Q9NYV4,rat,1466,0,1
Q9NZN8,zebrafish,99,1,1
Q9NZN8,zebrafish,101,1,1
Q9NZN8,zebrafish,104,1,1
Q9NZN8,zebrafish,108,1,1
Q9NZN8,zebrafish,111,1,1
Q9NZN8,zebrafish,113,1,1
Q9NZN8,zebrafish,114,1,1
Q9NZN8,zebrafish,118,1,1
Q9NZN8,zebrafish,120,1,1
Q9NZN8,mouse,99,1,1
Q9NZN8,mouse,101,1,1
Q9NZN8,mouse,104,1,1
Q9NZN8,mouse,108,1,1
Q9NZN8,mouse,111,1,1
Q9NZN8,mouse,113,1,1
Q9NZN8,mouse,114,1,1
Q9NZN8,mouse,118,1,1
Q9NZN8,mouse,120,1,1
Q9P2N6,zebrafish,531,1,1
Q9P2N6,zebrafish,532,1,1
Q9P2N6,zebrafish,787,0,0
Q9P2N6,zebrafish,534,0,1
Q9P2N6,zebrafish,791,0,1
Q9P2N6,zebrafish,796,1,1
Q9P2N6,zebrafish,797,0,1
Q9P2N6,zebrafish,799,1,1
Q9P2N6,zebrafish,800,0,1
Q9P2N6,zebrafish,801,1,1
Q9P2N6,zebrafish,805,0,1
Q9P2N6,zebrafish,700,1,1
Q9P2N6,zebrafish,703,0,1
Q9P2N6,zebrafish,708,0,1
Q9P2N6,zebrafish,710,0,1
Q9P2N6,zebrafish,714,0,1
Q9P2N6,zebrafish,717,1,1
Q9P2N6,zebrafish,719,0,1
Q9P2N6,zebrafish,720,0,1
Q9P2N6,zebrafish,859,1,1
Q9P2N6,zebrafish,860,1,1
Q9P2N6,zebrafish,862,1,1
Q9P2N6,zebrafish,864,0,1
Q9P2N6,mouse,531,1,1
Q9P2N6,mouse,532,1,1
Q9P2N6,mouse,787,1,1
Q9P2N6,mouse,534,1,1
Q9P2N6,mouse,791,1,1
Q9P2N6,mouse,796,1,1
Q9P2N6,mouse,797,1,1
Q9P2N6,mouse,799,1,1
Q9P2N6,mouse,800,1,1
Q9P2N6,mouse,801,1,1
Q9P2N6,mouse,805,1,1
Q9P2N6,mouse,700,1,1
Q9P2N6,mouse,703,1,1
Q9P2N6,mouse,708,1,1
Q9P2N6,mouse,710,1,1
Q9P2N6,mouse,714,1,1
Q9P2N6,mouse,717,1,1
Q9P2N6,mouse,719,1,1
Q9P2N6,mouse,720,0,1
Q9P2N6,mouse,859,1,1
Q9P2N6,mouse,860,1,1
Q9P2N6,mouse,862,1,1
Q9P2N6,mouse,864,1,1
Q9P2N6,rat,531,1,1
Q9P2N6,rat,532,1,1
Q9P2N6,rat,787,1,1
Q9P2N6,rat,534,1,1
Q9P2N6,rat,791,1,1
Q9P2N6,rat,796,1,1
Q9P2N6,rat,797,1,1
Q9P2N6,rat,799,1,1
Q9P2N6,rat,800,1,1
Q9P2N6,rat,801,1,1
Q9P2N6,rat,805,1,1
Q9P2N6,rat,700,1,1
Q9P2N6,rat,703,1,1
Q9P2N6,rat,708,1,1
Q9P2N6,rat,710,1,1
Q9P2N6,rat,714,1,1
Q9P2N6,rat,717,1,1
Q9P2N6,rat,719,0,1
Q9P2N6,rat,720,0,1
Q9P2N6,rat,859,1,1
Q9P2N6,rat,860,1,1
Q9P2N6,rat,862,1,1
Q9P2N6,rat,864,1,1
Q9P2R6,zebrafish,577,0,1
Q9P2R6,zebrafish,580,1,1
Q9P2R6,zebrafish,582,1,1
Q9P2R6,zebrafish,583,1,1
Q9P2R6,mouse,577,1,1
Q9P2R6,mouse,580,1,1
Q9P2R6,mouse,582,1,1
Q9P2R6,mouse,583,1,1
Q9P2R6,rat,577,1,1
Q9P2R6,rat,580,1,1
Q9P2R6,rat,582,1,1
Q9P2R6,rat,583,1,1
Q9UGU0,zebrafish,237,0,1
Q9UGU0,zebrafish,238,0,1
Q9UGU0,zebrafish,240,1,1
Q9UGU0,zebrafish,241,1,1
Q9UGU0,zebrafish,242,0,1
Q9UGU0,zebrafish,243,1,1
Q9UGU0,zebrafish,244,1,1
Q9UGU0,zebrafish,245,0,1
Q9UGU0,zebrafish,246,0,1
Q9UGU0,zebrafish,216,0,1
Q9UGU0,zebrafish,249,1,1
Q9UGU0,zebrafish,219,0,0
Q9UGU0,zebrafish,220,0,0
Q9UGU0,mouse,237,1,1
Q9UGU0,mouse,238,1,1
Q9UGU0,mouse,240,1,1
Q9UGU0,mouse,241,1,1
Q9UGU0,mouse,242,1,1
Q9UGU0,mouse,243,1,1
Q9UGU0,mouse,244,1,1
Q9UGU0,mouse,245,1,1
Q9UGU0,mouse,246,1,1
Q9UGU0,mouse,216,1,1
Q9UGU0,mouse,249,1,1
Q9UGU0,mouse,219,1,1
Q9UGU0,mouse,220,1,1
Q9UGU0,rat,237,1,1
Q9UGU0,rat,238,1,1
Q9UGU0,rat,240,0,1
Q9UGU0,rat,241,1,1
Q9UGU0,rat,242,1,1
Q9UGU0,rat,243,1,1
Q9UGU0,rat,244,1,1
Q9UGU0,rat,245,1,1
Q9UGU0,rat,246,1,1
Q9UGU0,rat,216,0,1
Q9UGU0,rat,249,1,1
Q9UGU0,rat,219,1,1
Q9UGU0,rat,220,1,1
Q9UHB7,zebrafish,851,1,1
Q9UHB7,zebrafish,854,1,1
Q9UHB7,zebrafish,855,0,1
Q9UHB7,mouse,851,0,1
Q9UHB7,mouse,854,1,1
Q9UHB7,mouse,855,1,1
Q9UHB7,rat,851,0,1
Q9UHB7,rat,854,1,1
Q9UHB7,rat,855,1,1
Q9UHD9,mouse,112,1,1
Q9UHD9,mouse,113,1,1
Q9UHD9,mouse,116,1,1
Q9UHD9,mouse,121,1,1
Q9UHD9,mouse,123,1,1
Q9UHD9,mouse,124,1,1
Q9UHD9,mouse,125,1,1
Q9UHD9,mouse,127,1,1
Q9UHD9,rat,112,1,1
Q9UHD9,rat,113,1,1
Q9UHD9,rat,116,1,1
Q9UHD9,rat,121,1,1
Q9UHD9,rat,123,1,1
Q9UHD9,rat,124,1,1
Q9UHD9,rat,125,1,1
Q9UHD9,rat,127,1,1
Q9UHR5,zebrafish,231,1,1
Q9UHR5,zebrafish,232,1,1
Q9UHR5,zebrafish,233,1,1
Q9UHR5,zebrafish,264,0,1
Q9UHR5,zebrafish,265,1,1
Q9UHR5,zebrafish,236,0,1
Q9UHR5,zebrafish,237,0,1
Q9UHR5,zebrafish,238,0,1
Q9UHR5,zebrafish,239,0,1
Q9UHR5,zebrafish,240,1,1
Q9UHR5,zebrafish,241,0,1
Q9UHR5,zebrafish,242,1,1
Q9UHR5,zebrafish,270,0,1
Q9UHR5,zebrafish,244,0,1
Q9UHR5,zebrafish,245,1,1
Q9UHR5,zebrafish,273,1,1
Q9UHR5,zebrafish,274,1,1
Q9UHR5,zebrafish,277,1,1
Q9UHR5,mouse,231,1,1
Q9UHR5,mouse,232,1,1
Q9UHR5,mouse,233,1,1
Q9UHR5,mouse,264,1,1
Q9UHR5,mouse,265,1,1
Q9UHR5,mouse,236,1,1
Q9UHR5,mouse,237,0,1
Q9UHR5,mouse,238,1,1
Q9UHR5,mouse,239,1,1
Q9UHR5,mouse,240,1,1
Q9UHR5,mouse,241,1,1
Q9UHR5,mouse,242,1,1
Q9UHR5,mouse,270,1,1
Q9UHR5,mouse,244,1,1
Q9UHR5,mouse,245,1,1
Q9UHR5,mouse,273,1,1
Q9UHR5,mouse,274,1,1
Q9UHR5,mouse,277,1,1
Q9UHR5,rat,231,1,1
Q9UHR5,rat,232,1,1
Q9UHR5,rat,233,1,1
Q9UHR5,rat,264,1,1
Q9UHR5,rat,265,1,1
Q9UHR5,rat,236,1,1
Q9UHR5,rat,237,0,1
Q9UHR5,rat,238,1,1
Q9UHR5,rat,239,1,1
Q9UHR5,rat,240,1,1
Q9UHR5,rat,241,1,1
Q9UHR5,rat,242,1,1
Q9UHR5,rat,270,1,1
Q9UHR5,rat,244,1,1
Q9UHR5,rat,245,1,1
Q9UHR5,rat,273,1,1
Q9UHR5,rat,274,1,1
Q9UHR5,rat,277,1,1
Q9UIU6,mouse,640,0,0
Q9UIU6,mouse,547,0,0
Q9UIU6,mouse,644,0,0
Q9UIU6,mouse,551,0,0
Q9UIU6,mouse,649,0,0
Q9UIU6,mouse,556,0,0
Q9UIU6,mouse,432,0,0
Q9UIU6,mouse,433,0,0
Q9UIU6,mouse,435,0,0
Q9UIU6,mouse,437,0,0
Q9UIU6,rat,640,1,1
Q9UIU6,rat,547,0,1
Q9UIU6,rat,644,1,1
Q9UIU6,rat,551,1,1
Q9UIU6,rat,649,1,1
Q9UIU6,rat,556,1,1
Q9UIU6,rat,432,0,1
Q9UIU6,rat,433,1,1
Q9UIU6,rat,435,1,1
Q9UIU6,rat,437,1,1
Q9UK61,mouse,1124,1,1
Q9UK61,mouse,1125,1,1
Q9UK61,mouse,1126,1,1
Q9UK61,rat,1124,1,1
Q9UK61,rat,1125,1,1
Q9UK61,rat,1126,1,1
Q9ULH7,mouse,209,1,1
Q9ULH7,mouse,211,0,1
Q9ULH7,mouse,207,1,1
Q9ULH7,rat,209,1,1
Q9ULH7,rat,211,0,1
Q9ULH7,rat,207,1,1
Q9ULM3,zebrafish,608,0,1
Q9ULM3,zebrafish,610,0,1
Q9ULM3,zebrafish,1059,1,1
Q9ULM3,zebrafish,1062,1,1
Q9ULM3,zebrafish,1063,1,1
Q9ULM3,zebrafish,878,0,1
Q9ULM3,zebrafish,880,0,1
Q9ULM3,zebrafish,1011,1,1
Q9ULM3,zebrafish,885,0,1
Q9ULM3,zebrafish,1014,1,1
Q9ULM3,zebrafish,1016,0,1
Q9ULM3,zebrafish,889,1,1
Q9ULM3,zebrafish,891,0,1
Q9ULM3,zebrafish,604,1,1
Q9ULM3,zebrafish,1017,1,1
Q9ULM3,mouse,608,1,1
Q9ULM3,mouse,610,1,1
Q9ULM3,mouse,1059,1,1
Q9ULM3,mouse,1062,1,1
Q9ULM3,mouse,1063,1,1
Q9ULM3,mouse,878,1,1
Q9ULM3,mouse,880,1,1
Q9ULM3,mouse,1011,0,1
Q9ULM3,mouse,885,1,1
Q9ULM3,mouse,1014,1,1
Q9ULM3,mouse,1016,0,1
Q9ULM3,mouse,889,1,1
Q9ULM3,mouse,891,1,1
Q9ULM3,mouse,604,1,1
Q9ULM3,mouse,1017,1,1
Q9ULM3,rat,608,0,1
Q9ULM3,rat,610,1,1
Q9ULM3,rat,1059,1,1
Q9ULM3,rat,1062,1,1
Q9ULM3,rat,1063,1,1
Q9ULM3,rat,878,1,1
Q9ULM3,rat,880,1,1
Q9ULM3,rat,1011,0,1
Q9ULM3,rat,885,1,1
Q9ULM3,rat,1014,1,1
Q9ULM3,rat,1016,0,1
Q9ULM3,rat,889,1,1
Q9ULM3,rat,891,1,1
Q9ULM3,rat,604,1,1
Q9ULM3,rat,1017,1,1
Q9ULT8,zebrafish,1350,1,1
Q9ULT8,zebrafish,1352,1,1
Q9ULT8,zebrafish,1354,0,1
Q9ULT8,zebrafish,1356,1,1
Q9ULT8,zebrafish,1357,0,1
Q9ULT8,zebrafish,1361,1,1
Q9ULT8,zebrafish,1529,1,1
Q9ULT8,zebrafish,1530,1,1
Q9ULT8,zebrafish,1531,1,1
Q9ULT8,zebrafish,1533,1,1
Q9ULT8,mouse,1350,1,1
Q9ULT8,mouse,1352,1,1
Q9ULT8,mouse,1354,1,1
Q9ULT8,mouse,1356,1,1
Q9ULT8,mouse,1357,1,1
Q9ULT8,mouse,1361,1,1
Q9ULT8,mouse,1529,1,1
Q9ULT8,mouse,1530,1,1
Q9ULT8,mouse,1531,1,1
Q9ULT8,mouse,1533,1,1
Q9ULT8,rat,1350,1,1
Q9ULT8,rat,1352,1,1
Q9ULT8,rat,1354,1,1
Q9ULT8,rat,1356,1,1
Q9ULT8,rat,1357,1,1
Q9ULT8,rat,1361,1,1
Q9ULT8,rat,1529,1,1
Q9ULT8,rat,1530,1,1
Q9ULT8,rat,1531,1,1
Q9ULT8,rat,1533,1,1
Q9ULT8,worm,1350,0,1
Q9ULT8,worm,1352,0,1
Q9ULT8,worm,1354,0,1
Q9ULT8,worm,1356,1,1
Q9ULT8,worm,1357,0,1
Q9ULT8,worm,1361,1,1
Q9ULT8,worm,1529,0,1
Q9ULT8,worm,1530,0,1
Q9ULT8,worm,1531,0,1
Q9ULT8,worm,1533,1,1
Q9ULT8,fly,1350,0,1
Q9ULT8,fly,1352,0,1
Q9ULT8,fly,1354,0,1
Q9ULT8,fly,1356,1,1
Q9ULT8,fly,1357,0,1
Q9ULT8,fly,1361,1,1
Q9ULT8,fly,1529,0,1
Q9ULT8,fly,1530,0,1
Q9ULT8,fly,1531,1,1
Q9ULT8,fly,1533,1,1
Q9ULU4,mouse,771,0,1
Q9ULU4,mouse,776,1,1
Q9ULU4,mouse,746,0,1
Q9ULU4,mouse,779,1,1
Q9ULU4,mouse,780,1,1
Q9ULU4,mouse,749,1,1
Q9ULU4,mouse,750,1,1
Q9ULU4,mouse,751,1,1
Q9ULU4,mouse,754,0,1
Q9ULU4,mouse,756,1,1
Q9ULU4,rat,771,0,1
Q9ULU4,rat,776,1,1
Q9ULU4,rat,746,0,1
Q9ULU4,rat,779,1,1
Q9ULU4,rat,780,1,1
Q9ULU4,rat,749,0,1
Q9ULU4,rat,750,1,1
Q9ULU4,rat,751,0,1
Q9ULU4,rat,754,0,1
Q9ULU4,rat,756,1,1
Q9ULU4,fly,771,0,0
Q9ULU4,fly,776,0,1
Q9ULU4,fly,746,0,1
Q9ULU4,fly,779,0,1
Q9ULU4,fly,780,1,1
Q9ULU4,fly,749,0,1
Q9ULU4,fly,750,0,0
Q9ULU4,fly,751,0,0
Q9ULU4,fly,754,0,0
Q9ULU4,fly,756,0,0
Q9UM82,zebrafish,400,0,1
Q9UM82,zebrafish,403,0,1
Q9UM82,zebrafish,408,0,1
Q9UM82,mouse,400,1,1
Q9UM82,mouse,403,0,1
Q9UM82,mouse,408,1,1
Q9UM82,rat,400,1,1
Q9UM82,rat,403,0,1
Q9UM82,rat,408,1,1
Q9UMS4,zebrafish,152,0,1
Q9UMS4,zebrafish,148,0,1
Q9UMS4,zebrafish,149,1,1
Q9UMS4,mouse,152,1,1
Q9UMS4,mouse,148,1,1
Q9UMS4,mouse,149,1,1
Q9UMS4,rat,152,1,1
Q9UMS4,rat,148,1,1
Q9UMS4,rat,149,1,1
Q9UMS4,worm,152,0,0
Q9UMS4,worm,148,0,0
Q9UMS4,worm,149,0,0
Q9UMS4,fly,152,0,1
Q9UMS4,fly,148,0,1
Q9UMS4,fly,149,0,1
Q9UPA5,mouse,2018,1,1
Q9UPA5,mouse,2022,1,1
Q9UPA5,mouse,2086,1,1
Q9UPA5,mouse,2024,1,1
Q9UPA5,mouse,2313,1,1
Q9UPA5,mouse,2314,1,1
Q9UPA5,mouse,2091,1,1
Q9UPA5,mouse,2315,0,1
Q9UPA5,mouse,2093,1,1
Q9UPA5,mouse,1646,1,1
Q9UPA5,mouse,1647,1,1
Q9UPA5,mouse,2094,1,1
Q9UPA5,mouse,1651,1,1
Q9UPA5,mouse,1652,1,1
Q9UPA5,rat,2018,1,1
Q9UPA5,rat,2022,1,1
Q9UPA5,rat,2086,1,1
Q9UPA5,rat,2024,1,1
Q9UPA5,rat,2313,1,1
Q9UPA5,rat,2314,1,1
Q9UPA5,rat,2091,1,1
Q9UPA5,rat,2315,0,1
Q9UPA5,rat,2093,1,1
Q9UPA5,rat,1646,1,1
Q9UPA5,rat,1647,1,1
Q9UPA5,rat,2094,1,1
Q9UPA5,rat,1651,1,1
Q9UPA5,rat,1652,1,1
Q9UPN6,mouse,611,0,1
Q9UPN6,mouse,614,1,1
Q9UPN6,mouse,615,0,1
Q9UPN6,mouse,617,1,1
Q9UPN6,mouse,821,1,1
Q9UPN6,mouse,822,1,1
Q9UPN6,mouse,824,1,1
Q9UPN6,rat,611,1,1
Q9UPN6,rat,614,1,1
Q9UPN6,rat,615,1,1
Q9UPN6,rat,617,1,1
Q9UPN6,rat,821,1,1
Q9UPN6,rat,822,1,1
Q9UPN6,rat,824,1,1
Q9UPN9,zebrafish,634,1,1
Q9UPN9,zebrafish,643,1,1
Q9UPN9,zebrafish,638,1,1
Q9UPN9,zebrafish,639,0,1
Q9UPN9,mouse,634,1,1
Q9UPN9,mouse,643,1,1
Q9UPN9,mouse,638,0,1
Q9UPN9,mouse,639,0,1
Q9UPN9,rat,634,1,1
Q9UPN9,rat,643,1,1
Q9UPN9,rat,638,0,1
Q9UPN9,rat,639,0,1
Q9UPZ3,zebrafish,553,1,1
Q9UPZ3,zebrafish,554,1,1
Q9UPZ3,zebrafish,559,1,1
Q9UPZ3,mouse,553,0,0
Q9UPZ3,mouse,554,0,0
Q9UPZ3,mouse,559,0,0
Q9UPZ3,rat,553,1,1
Q9UPZ3,rat,554,1,1
Q9UPZ3,rat,559,1,1
Q9UQ35,mouse,1794,1,1
Q9UQ35,mouse,1798,1,1
Q9UQ35,mouse,2310,1,1
Q9UQ35,mouse,2090,1,1
Q9UQ35,mouse,2186,1,1
Q9UQ35,mouse,2092,1,1
Q9UQ35,mouse,2189,1,1
Q9UQ35,mouse,2314,1,1
Q9UQ35,mouse,2316,1,1
Q9UQ35,mouse,2096,1,1
Q9UQ35,mouse,2192,1,1
Q9UQ35,mouse,2326,1,1
Q9UQ35,mouse,2327,1,1
Q9UQ35,mouse,2329,1,1
Q9UQ35,mouse,1791,1,1
Q9UQ35,rat,1794,1,1
Q9UQ35,rat,1798,1,1
Q9UQ35,rat,2310,1,1
Q9UQ35,rat,2090,1,1
Q9UQ35,rat,2186,1,1
Q9UQ35,rat,2092,1,1
Q9UQ35,rat,2189,1,1
Q9UQ35,rat,2314,1,1
Q9UQ35,rat,2316,1,1
Q9UQ35,rat,2096,1,1
Q9UQ35,rat,2192,1,1
Q9UQ35,rat,2326,1,1
Q9UQ35,rat,2327,1,1
Q9UQ35,rat,2329,1,1
Q9UQ35,rat,1791,1,1
Q9UQR0,zebrafish,568,0,1
Q9UQR0,zebrafish,570,0,1
Q9UQR0,zebrafish,574,0,1
Q9UQR0,zebrafish,567,1,1
Q9Y2W1,zebrafish,240,0,1
Q9Y2W1,zebrafish,243,0,0
Q9Y2W1,zebrafish,237,0,1
Q9Y2W1,mouse,240,1,1
Q9Y2W1,mouse,243,1,1
Q9Y2W1,mouse,237,1,1
Q9Y2W1,rat,240,1,1
Q9Y2W1,rat,243,1,1
Q9Y2W1,rat,237,1,1
Q9Y2X9,mouse,864,1,1
Q9Y2X9,mouse,869,1,1
Q9Y2X9,mouse,872,1,1
Q9Y2X9,mouse,876,1,1
Q9Y2X9,mouse,883,1,1
Q9Y2X9,mouse,888,1,1
Q9Y2X9,mouse,890,1,1
Q9Y2X9,mouse,891,1,1
Q9Y2X9,mouse,893,1,1
Q9Y2X9,rat,864,1,1
Q9Y2X9,rat,869,1,1
Q9Y2X9,rat,872,1,1
Q9Y2X9,rat,876,1,1
Q9Y2X9,rat,883,1,1
Q9Y2X9,rat,888,1,1
Q9Y2X9,rat,890,1,1
Q9Y2X9,rat,891,1,1
Q9Y2X9,rat,893,1,1
Q9Y467,mouse,256,0,1
Q9Y467,mouse,259,1,1
Q9Y467,mouse,261,1,1
Q9Y467,mouse,263,1,1
Q9Y467,mouse,253,1,1
Q9Y467,rat,256,0,1
Q9Y467,rat,259,1,1
Q9Y467,rat,261,1,1
Q9Y467,rat,263,1,1
Q9Y467,rat,253,1,1
Q9Y520,mouse,2691,1,1
Q9Y520,mouse,2692,1,1
Q9Y520,mouse,2693,1,1
Q9Y520,mouse,2186,1,1
Q9Y520,mouse,2191,1,1
Q9Y520,mouse,2195,1,1
Q9Y520,mouse,2196,1,1
Q9Y520,mouse,2200,1,1
Q9Y520,mouse,2330,1,1
Q9Y520,mouse,2331,1,1
Q9Y520,mouse,2332,1,1
Q9Y520,mouse,2476,1,1
Q9Y520,mouse,2477,1,1
Q9Y520,mouse,2680,1,1
Q9Y520,mouse,2479,1,1
Q9Y520,mouse,2681,1,1
Q9Y520,mouse,2482,1,1
Q9Y520,mouse,2486,1,1
Q9Y520,mouse,2488,1,1
Q9Y520,mouse,2233,1,1
Q9Y520,mouse,2237,1,1
Q9Y520,mouse,2238,1,1
Q9Y520,mouse,2242,1,1
Q9Y520,mouse,2243,1,1
Q9Y520,mouse,2245,1,1
Q9Y520,mouse,2247,1,1
Q9Y520,mouse,2268,1,1
Q9Y520,mouse,2271,1,1
Q9Y520,mouse,2272,1,1
Q9Y520,mouse,2421,1,1
Q9Y520,mouse,2424,1,1
Q9Y520,mouse,2425,1,1
Q9Y520,mouse,2682,1,1
Q9Y520,mouse,2684,1,1
Q9Y520,mouse,2685,1,1
Q9Y520,mouse,2686,1,1
Q9Y520,fly,2691,0,0
Q9Y520,fly,2692,0,0
Q9Y520,fly,2693,0,0
Q9Y520,fly,2186,1,1
Q9Y520,fly,2191,1,1
Q9Y520,fly,2195,1,1
Q9Y520,fly,2196,0,1
Q9Y520,fly,2200,0,1
Q9Y520,fly,2330,0,0
Q9Y520,fly,2331,0,0
Q9Y520,fly,2332,0,0
Q9Y520,fly,2476,0,1
Q9Y520,fly,2477,0,1
Q9Y520,fly,2680,0,1
Q9Y520,fly,2479,0,1
Q9Y520,fly,2681,1,1
Q9Y520,fly,2482,0,1
Q9Y520,fly,2486,0,1
Q9Y520,fly,2488,0,1
Q9Y520,fly,2233,0,1
Q9Y520,fly,2237,0,1
Q9Y520,fly,2238,1,1
Q9Y520,fly,2242,1,1
Q9Y520,fly,2243,0,1
Q9Y520,fly,2245,0,1
Q9Y520,fly,2247,1,1
Q9Y520,fly,2268,1,1
Q9Y520,fly,2271,0,1
Q9Y520,fly,2272,1,1
Q9Y520,fly,2421,0,0
Q9Y520,fly,2424,0,0
Q9Y520,fly,2425,0,0
Q9Y520,fly,2682,1,1
Q9Y520,fly,2684,1,1
Q9Y520,fly,2685,0,1
Q9Y520,fly,2686,0,1
Q9Y5M8,mouse,217,1,1
Q9Y5M8,mouse,218,1,1
Q9Y5M8,mouse,213,1,1
Q9Y5M8,worm,217,0,1
Q9Y5M8,worm,218,1,1
Q9Y5M8,worm,213,0,1
Q9Y5M8,fly,217,0,1
Q9Y5M8,fly,218,0,1
Q9Y5M8,fly,213,0,1
Q9Y618,zebrafish,2137,1,1
Q9Y618,zebrafish,2145,1,1
Q9Y618,zebrafish,1786,1,1
Q9Y618,zebrafish,1516,0,1
Q9Y618,zebrafish,1517,1,1
Q9Y618,zebrafish,1518,0,1
Q9Y618,zebrafish,2141,1,1
Q9Y618,zebrafish,1813,0,1
Q9Y618,zebrafish,1558,1,1
Q9Y618,zebrafish,1817,1,1
Q9Y618,zebrafish,1816,0,1
Q9Y618,zebrafish,1561,1,1
Q9Y618,zebrafish,1562,0,1
Q9Y618,zebrafish,1789,0,1
Q9Y618,zebrafish,1566,1,1
Q9Y618,zebrafish,1791,0,1
Q9Y618,mouse,2137,1,1
Q9Y618,mouse,2145,1,1
Q9Y618,mouse,1786,0,1
Q9Y618,mouse,1516,1,1
Q9Y618,mouse,1517,0,1
Q9Y618,mouse,1518,0,1
Q9Y618,mouse,2141,1,1
Q9Y618,mouse,1813,1,1
Q9Y618,mouse,1558,1,1
Q9Y618,mouse,1817,1,1
Q9Y618,mouse,1816,1,1
Q9Y618,mouse,1561,1,1
Q9Y618,mouse,1562,1,1
Q9Y618,mouse,1789,1,1
Q9Y618,mouse,1566,1,1
Q9Y618,mouse,1791,1,1
Q9Y618,rat,2137,1,1
Q9Y618,rat,2145,1,1
Q9Y618,rat,1786,0,1
Q9Y618,rat,1516,1,1
Q9Y618,rat,1517,0,1
Q9Y618,rat,1518,0,1
Q9Y618,rat,2141,1,1
Q9Y618,rat,1813,1,1
Q9Y618,rat,1558,1,1
Q9Y618,rat,1817,1,1
Q9Y618,rat,1816,1,1
Q9Y618,rat,1561,1,1
Q9Y618,rat,1562,1,1
Q9Y618,rat,1789,1,1
Q9Y618,rat,1566,1,1
Q9Y618,rat,1791,1,1
Q9Y678,mouse,132,1,1
Q9Y678,mouse,134,1,1
Q9Y678,mouse,135,1,1
Q9Y678,rat,132,1,1
Q9Y678,rat,134,1,1
Q9Y678,rat,135,1,1
Q9Y6Q9,mouse,910,0,1
Q9Y6Q9,mouse,914,1,1
Q9Y6Q9,mouse,917,0,1
Q9Y6Q9,mouse,857,1,1
Q9Y6Q9,mouse,860,1,1
Q9Y6Q9,mouse,863,1,1
Q9Y6Q9,rat,910,0,1
Q9Y6Q9,rat,914,1,1
Q9Y6Q9,rat,917,1,1
Q9Y6Q9,rat,857,1,1
Q9Y6Q9,rat,860,1,1
Q9Y6Q9,rat,863,1,1
Q9Y6Y8,mouse,130,0,1
Q9Y6Y8,mouse,134,0,1
Q9Y6Y8,mouse,136,1,1
Q9Y6Y8,mouse,138,1,1
Q9Y6Y8,mouse,154,1,1
Q9Y6Y8,mouse,158,1,1
Q9Y6Y8,mouse,161,1,1
Q9Y6Y8,mouse,166,0,1
Q9Y6Y8,mouse,70,0,0
Q9Y6Y8,mouse,71,0,0
Q9Y6Y8,mouse,74,0,0
Q9Y6Y8,mouse,75,0,0
Q9Y6Y8,mouse,79,0,0
Q9Y6Y8,mouse,99,0,0
Q9Y6Y8,mouse,102,0,1
Q9Y6Y8,mouse,103,0,1
Q9Y6Y8,mouse,107,1,1
Q9Y6Y8,mouse,118,0,1
Q9Y6Y8,mouse,123,1,1
Q9Y6Y8,mouse,124,1,1
Q9Y6Y8,mouse,126,1,1
Q9Y6Y8,rat,130,0,1
Q9Y6Y8,rat,134,0,1
Q9Y6Y8,rat,136,1,1
Q9Y6Y8,rat,138,1,1
Q9Y6Y8,rat,154,1,1
Q9Y6Y8,rat,158,1,1
Q9Y6Y8,rat,161,1,1
Q9Y6Y8,rat,166,0,1
Q9Y6Y8,rat,70,1,1
Q9Y6Y8,rat,71,1,1
Q9Y6Y8,rat,74,1,1
Q9Y6Y8,rat,75,1,1
Q9Y6Y8,rat,79,1,1
Q9Y6Y8,rat,99,1,1
Q9Y6Y8,rat,102,0,1
Q9Y6Y8,rat,103,1,1
Q9Y6Y8,rat,107,1,1
Q9Y6Y8,rat,118,0,1
Q9Y6Y8,rat,123,1,1
Q9Y6Y8,rat,124,1,1
Q9Y6Y8,rat,126,1,1
