accession,rung,arm,gain
O00268,mammal,region,0
O00268,mammal,region,0
O00268,mammal,control,0
O00268,mammal,control,0
O00268,mammal,region,0
O00268,mammal,region,0
O00268,mammal,region,0
O00268,mammal,region,0
O00268,mammal,control,0
O00268,mammal,control,0
O00268,mammal,control,0
O00268,mammal,control,0
O14964,mammal,region,0
O14964,mammal,region,0
O14974,mammal,region,0
O14974,mammal,region,0
O14974,mammal,region,0
O14974,mammal,region,0
O14974,mammal,region,0
O14974,mammal,region,0
O14974,mammal,region,0
O14974,mammal,region,0
O14974,mammal,region,0
O14974,mammal,control,0
O14974,mammal,control,0
O15027,mammal,region,0
O15027,mammal,region,0
O15027,mammal,region,0
O15027,mammal,region,0
O15027,mammal,region,0
O15027,mammal,region,0
O15027,mammal,control,0
O15027,mammal,control,0
O15047,mammal,control,0
O15047,mammal,control,0
O15047,mammal,control,0
O15047,mammal,control,0
O15047,mammal,control,0
O43615,mammal,control,0
O43615,mammal,control,0
O43615,mammal,control,0
O43615,mammal,control,0
O43615,mammal,control,0
O43615,mammal,control,0
O60318,mammal,region,0
O60318,mammal,region,0
O60318,mammal,region,0
O60318,mammal,region,0
O60664,mammal,region,0
O60664,mammal,region,0
O60664,mammal,control,0
O60664,mammal,control,0
O60664,mammal,control,0
O60664,mammal,control,0
O60664,mammal,control,0
O60664,mammal,control,0
O60664,mammal,region,0
O60664,mammal,region,0
O60664,mammal,region,0
O60664,mammal,region,0
O60664,mammal,region,0
O60664,mammal,region,0
O60664,mammal,region,0
O60664,mammal,control,0
O60664,mammal,control,0
O60664,mammal,control,0
O60841,mammal,control,0
O60841,mammal,control,0
O60885,mammal,control,0
O75116,mammal,region,0
O75116,mammal,region,0
O75179,mammal,region,0
O75376,mammal,region,0
O75376,mammal,region,0
O75376,mammal,region,0
O75376,mammal,region,0
O75376,mammal,control,0
O75376,mammal,control,0
O75376,mammal,control,0
O75376,mammal,region,0
O75376,mammal,region,0
O75376,mammal,control,0
O75376,mammal,control,0
O75717,mammal,region,1
O75717,mammal,region,1
O75717,mammal,control,0
O75717,mammal,control,0
O75717,mammal,control,0
O75717,mammal,control,0
O75717,mammal,control,0
O75717,mammal,control,0
O75717,mammal,control,0
O75717,mammal,control,0
O75717,mammal,control,0
O75717,mammal,control,0
O75717,mammal,control,1
O75717,mammal,control,0
O75717,mammal,control,0
O75909,mammal,control,0
O75909,mammal,control,0
O76070,mammal,control,0
O94913,mammal,region,0
O95081,mammal,region,1
O95081,mammal,region,0
O95081,mammal,region,0
O95081,mammal,region,1
O95081,mammal,region,0
O95487,mammal,region,0
O95487,mammal,region,0
O95487,mammal,region,0
O95487,mammal,region,0
O95487,mammal,region,1
O95487,mammal,region,0
O95487,mammal,region,0
O95487,mammal,region,0
O95487,mammal,region,0
O95487,mammal,region,1
O95487,mammal,control,0
O95487,mammal,control,0
O95487,mammal,region,0
O95487,mammal,control,0
O95487,mammal,control,1
O95487,mammal,control,0
O95487,mammal,control,0
O95487,mammal,control,1
O95487,mammal,control,0
O95628,mammal,control,1
O95628,mammal,control,0
O95628,mammal,control,0
O95628,mammal,control,0
O95628,mammal,control,0
O95628,mammal,control,0
O95628,mammal,control,1
O95628,mammal,control,0
O95628,mammal,control,0
O95628,mammal,control,0
O95628,mammal,control,0
O95628,mammal,control,0
O95628,mammal,region,0
O95628,mammal,region,0
O95628,mammal,control,0
O95835,mammal,control,0
O95835,mammal,control,0
O95835,mammal,control,0
O95835,mammal,control,0
O95835,mammal,control,0
O95835,mammal,control,0
O95835,mammal,control,0
O95835,mammal,control,0
O95835,mammal,control,0
O95835,mammal,control,0
P04150,mammal,control,0
P04150,mammal,control,0
P04150,mammal,control,0
P04150,mammal,control,0
P05783,mammal,region,0
P05783,mammal,region,0
P05783,mammal,region,0
P05783,mammal,region,0
P05783,mammal,region,0
P05783,mammal,control,0
P05783,mammal,control,0
P05783,mammal,control,1
P05783,mammal,control,0
P05783,mammal,control,0
P05783,mammal,control,0
P05783,mammal,control,0
P05783,mammal,control,0
P05783,mammal,control,0
P05783,mammal,control,0
P05783,mammal,control,0
P05787,mammal,region,0
P05787,mammal,region,0
P05787,mammal,control,0
P05787,mammal,control,0
P05787,mammal,control,0
P05787,mammal,region,0
P05787,mammal,region,1
P05787,mammal,region,1
P05787,mammal,control,0
P06401,mammal,region,0
P06401,mammal,region,0
P06401,mammal,region,0
P06401,mammal,region,0
P06401,mammal,region,0
P06401,mammal,region,0
P06401,mammal,control,0
P06401,mammal,control,0
P07196,mammal,region,0
P07196,mammal,region,0
P07196,mammal,region,0
P07196,mammal,region,0
P08651,mammal,control,0
P10070,mammal,region,0
P10070,mammal,region,0
P10070,mammal,control,0
P10070,mammal,control,0
P10070,mammal,control,0
P10070,mammal,control,0
P10070,mammal,control,0
P10070,mammal,control,0
P11279,mammal,region,0
P11279,mammal,region,0
P11279,mammal,region,1
P11279,mammal,region,0
P11279,mammal,region,0
P11279,mammal,region,1
P11279,mammal,control,1
P11279,mammal,control,0
P11279,mammal,control,0
P11279,mammal,control,0
P11279,mammal,control,1
P11279,mammal,region,0
P11279,mammal,region,0
P13796,mammal,control,0
P13796,mammal,control,0
P13796,mammal,control,0
P13796,mammal,control,0
P14859,mammal,region,0
P14859,mammal,region,0
P14859,mammal,region,0
P14859,mammal,control,0
P14859,mammal,control,0
P15336,mammal,control,0
P15822,mammal,region,0
P15822,mammal,region,0
P15822,mammal,region,0
P15822,mammal,control,0
P15822,mammal,control,0
P15822,mammal,control,0
P15822,mammal,control,0
P15822,mammal,control,0
P15822,mammal,region,0
P15822,mammal,region,0
P15822,mammal,region,0
P15822,mammal,region,0
P15822,mammal,region,0
P15822,mammal,control,0
P15822,mammal,control,0
P15822,mammal,control,0
P15822,mammal,control,0
P15822,mammal,control,0
P15822,mammal,control,0
P15822,mammal,control,0
P15822,mammal,control,0
P17275,mammal,region,0
P17275,mammal,control,0
P18583,mammal,region,0
P18583,mammal,region,0
P18583,mammal,region,0
P18583,mammal,region,0
P22681,mammal,region,0
P22681,mammal,region,0
P22681,mammal,region,0
P22681,mammal,region,0
P22681,mammal,control,0
P22681,mammal,control,0
P22681,mammal,control,0
P22681,mammal,region,0
P22681,mammal,region,0
P22681,mammal,region,0
P22681,mammal,region,0
P22681,mammal,region,0
P22681,mammal,region,0
P22681,mammal,region,0
P22681,mammal,region,0
P22681,mammal,region,0
P22681,mammal,region,0
P22681,mammal,region,0
P22681,mammal,region,0
P22681,mammal,control,0
P22681,mammal,control,0
P23246,mammal,control,0
P23246,mammal,control,0
P23246,mammal,control,0
P23246,mammal,control,0
P27540,mammal,region,0
P27540,mammal,region,0
P27540,mammal,region,0
P27540,mammal,region,0
P27540,mammal,region,0
P27540,mammal,region,0
P27540,mammal,control,0
P27540,mammal,control,0
P27540,mammal,control,0
P27540,mammal,control,0
P27540,mammal,control,0
P27540,mammal,control,0
P27540,mammal,control,0
P27540,mammal,control,0
P30622,mammal,region,0
P31629,mammal,region,0
P31629,mammal,region,0
P31629,mammal,region,0
P31629,mammal,region,0
P31629,mammal,control,0
P31629,mammal,control,0
P31629,mammal,region,0
P31629,mammal,region,0
P31629,mammal,region,0
P31629,mammal,region,0
P31629,mammal,region,0
P31629,mammal,region,0
P31629,mammal,region,0
P31629,mammal,control,0
P31629,mammal,control,0
P31629,mammal,region,0
P31629,mammal,region,0
P31629,mammal,region,0
P31629,mammal,region,1
P31629,mammal,region,0
P31629,mammal,region,1
P31629,mammal,region,0
P32519,mammal,control,0
P35613,mammal,region,0
P35613,mammal,region,0
P35613,mammal,region,0
P35613,mammal,region,0
P35613,mammal,region,1
P35613,mammal,region,0
P35613,mammal,region,0
P35613,mammal,region,0
P35613,mammal,region,0
P35613,mammal,control,0
P35613,mammal,control,0
P35613,mammal,control,0
P35613,mammal,control,0
P35613,mammal,control,0
P35613,mammal,control,0
P35613,mammal,control,0
P35613,mammal,control,0
P35613,mammal,control,0
P35613,mammal,control,0
P35658,mammal,region,0
P35658,mammal,region,0
P35658,mammal,region,0
P35658,mammal,region,0
P35658,mammal,region,0
P35658,mammal,region,0
P35658,mammal,control,0
P35658,mammal,control,0
P35658,mammal,control,0
P35658,mammal,control,0
P35658,mammal,control,0
P35658,mammal,control,0
P35658,mammal,control,0
P35658,mammal,control,0
P35658,mammal,control,0
P35658,mammal,control,0
P35658,mammal,control,0
P35658,mammal,control,0
P35658,mammal,control,0
P35658,mammal,control,0
P35658,mammal,control,0
P35658,mammal,control,0
P35658,mammal,control,0
P35658,mammal,region,0
P35658,mammal,region,0
P35658,mammal,region,0
P35658,mammal,region,0
P35658,mammal,region,0
P35658,mammal,region,0
P35658,mammal,region,0
P35658,mammal,region,0
P35658,mammal,region,0
P35658,mammal,control,1
P35658,mammal,control,0
P35658,mammal,control,0
P35658,mammal,control,1
P35658,mammal,control,0
P35658,mammal,control,0
P35658,mammal,control,0
P35658,mammal,region,0
P35658,mammal,region,0
P35658,mammal,region,0
P35658,mammal,control,0
P35658,mammal,control,0
P35658,mammal,region,0
P35658,mammal,region,0
P35658,mammal,region,0
P35658,mammal,region,0
P35658,mammal,region,0
P35658,mammal,region,0
P35658,mammal,region,0
P35658,mammal,region,0
P35658,mammal,control,0
P35658,mammal,control,0
P35658,mammal,control,0
P35658,mammal,control,0
P35658,mammal,control,0
P35658,mammal,control,0
P35658,mammal,control,0
P35658,mammal,region,0
P35658,mammal,region,0
P35658,mammal,region,0
P35658,mammal,region,0
P35658,mammal,region,0
P35658,mammal,region,0
P35658,mammal,region,0
P35658,mammal,region,0
P35658,mammal,region,0
P35658,mammal,control,0
P35658,mammal,control,0
P35658,mammal,control,0
P35658,mammal,control,0
P35658,mammal,control,0
P35658,mammal,control,0
P35658,mammal,control,0
P35658,mammal,control,0
P35658,mammal,control,0
P35658,mammal,control,0
P35658,mammal,control,0
P35658,mammal,control,0
P35658,mammal,region,0
P35658,mammal,region,1
P35658,mammal,region,0
P35658,mammal,region,0
P35658,mammal,region,0
P35658,mammal,region,0
P35658,mammal,region,0
P35658,mammal,region,0
P35658,mammal,region,0
P35658,mammal,control,0
P35658,mammal,control,0
P35658,mammal,control,0
P35658,mammal,control,0
P35658,mammal,control,0
P35658,mammal,control,0
P35658,mammal,control,0
P35658,mammal,control,0
P35658,mammal,control,0
P35658,mammal,control,0
P35658,mammal,control,0
P35658,mammal,control,0
P35658,mammal,control,0
P35658,mammal,control,0
P35658,mammal,control,0
P35658,mammal,region,0
P35658,mammal,region,0
P35658,mammal,region,0
P35658,mammal,region,0
P35658,mammal,region,0
P35658,mammal,region,0
P35658,mammal,region,0
P35658,mammal,region,0
P35658,mammal,region,0
P35658,mammal,region,0
P35658,mammal,region,0
P35658,mammal,region,0
P35658,mammal,region,0
P35658,mammal,region,0
P35658,mammal,region,0
P35658,mammal,region,0
P35658,mammal,region,0
P35658,mammal,control,0
P35658,mammal,control,0
P35658,mammal,control,0
P35658,mammal,control,0
P35658,mammal,control,0
P35658,mammal,control,0
P35658,mammal,control,0
P35658,mammal,control,0
P35658,mammal,control,0
P35658,mammal,control,0
P35658,mammal,control,0
P35658,mammal,control,0
P35658,mammal,control,0
P35658,mammal,region,0
P35658,mammal,region,0
P35658,mammal,region,0
P35658,mammal,region,0
P35658,mammal,region,0
P35658,mammal,region,0
P35658,mammal,region,0
P35658,mammal,region,0
P35658,mammal,region,0
P35658,mammal,region,0
P35658,mammal,region,0
P35658,mammal,region,0
P35658,mammal,region,0
P35658,mammal,region,0
P35658,mammal,region,0
P35658,mammal,region,0
P35658,mammal,control,0
P35658,mammal,control,0
P35658,mammal,control,0
P35658,mammal,control,0
P35658,mammal,control,0
P35658,mammal,control,0
P35658,mammal,control,0
P35658,mammal,control,0
P35658,mammal,control,0
P35658,mammal,control,0
P35658,mammal,control,0
P35658,mammal,control,0
P35658,mammal,control,0
P35658,mammal,control,0
P35658,mammal,control,0
P35658,mammal,control,0
P35658,mammal,control,0
P35658,mammal,control,0
P35658,mammal,control,0
P35658,mammal,control,0
P35658,mammal,region,0
P35658,mammal,region,0
P35658,mammal,control,0
P35658,mammal,control,0
P35658,mammal,control,0
P35658,mammal,control,0
P35658,mammal,region,0
P35658,mammal,region,0
P35658,mammal,region,0
P35658,mammal,region,0
P35658,mammal,control,0
P35658,mammal,control,0
P35658,mammal,control,0
P35658,mammal,control,0
P35658,mammal,region,0
P35658,mammal,region,0
P35658,mammal,region,0
P35658,mammal,region,0
P35658,mammal,region,0
P35658,mammal,region,0
P35658,mammal,control,0
P35658,mammal,control,0
P35658,mammal,control,0
P35658,mammal,control,0
P35658,mammal,control,0
P35658,mammal,control,0
P35658,mammal,control,0
P35658,mammal,control,0
P35658,mammal,region,0
P35658,mammal,region,0
P35658,mammal,region,0
P35658,mammal,control,0
P35658,mammal,control,0
P35658,mammal,control,0
P35658,mammal,control,0
P35658,mammal,control,0
P35658,mammal,control,0
P35658,mammal,control,0
P35658,mammal,control,0
P35658,mammal,control,0
P35658,mammal,control,0
P35658,mammal,region,0
P35658,mammal,region,0
P35658,mammal,control,0
P35658,mammal,control,0
P35658,mammal,control,0
P35658,mammal,control,0
P35658,mammal,control,0
P35658,mammal,control,0
P35658,mammal,control,0
P35658,mammal,control,0
P35658,mammal,control,0
P35658,mammal,control,0
P35658,mammal,control,0
P35658,mammal,control,0
P35658,mammal,control,0
P35658,mammal,control,0
P35658,mammal,control,0
P35658,mammal,control,0
P35658,mammal,control,0
P35658,mammal,control,0
P35658,mammal,control,0
P35658,mammal,control,0
P35658,mammal,control,0
P35658,mammal,control,0
P35658,mammal,control,0
P35658,mammal,control,0
P35658,mammal,control,0
P35658,mammal,control,0
P35658,mammal,control,0
P35658,mammal,control,0
P35658,mammal,control,0
P35658,mammal,region,0
P35658,mammal,region,0
P37198,mammal,region,0
P37198,mammal,region,0
P37198,mammal,region,0
P37198,mammal,region,0
P37198,mammal,region,0
P37198,mammal,region,0
P37198,mammal,control,0
P37198,mammal,control,0
P39880,mammal,region,0
P39880,mammal,region,0
P39880,mammal,region,0
P39880,mammal,region,0
P39880,mammal,region,0
P39880,mammal,region,0
P39880,mammal,control,0
P40425,mammal,region,0
P40425,mammal,region,0
P43155,mammal,region,0
P43155,mammal,region,0
P43155,mammal,region,0
P43155,mammal,region,0
P46013,mammal,region,0
P46013,mammal,region,0
P46013,mammal,region,0
P46013,mammal,region,0
P46013,mammal,region,0
P46013,mammal,region,0
P46013,mammal,control,0
P46013,mammal,control,0
P46013,mammal,control,0
P46013,mammal,control,0
P46013,mammal,control,0
P46013,mammal,control,0
P46013,mammal,control,0
P46013,mammal,control,0
P46013,mammal,control,0
P46013,mammal,control,0
P46013,mammal,control,0
P46100,mammal,region,0
P46100,mammal,region,0
P46100,mammal,region,0
P46100,mammal,region,0
P46100,mammal,region,0
P46100,mammal,region,0
P46100,mammal,region,0
P48634,mammal,region,0
P48634,mammal,region,0
P48634,mammal,control,0
P48634,mammal,control,0
P49321,mammal,region,0
P49321,mammal,region,0
P49321,mammal,control,0
P49321,mammal,control,0
P49321,mammal,control,0
P49321,mammal,control,0
P49750,mammal,control,0
P49750,mammal,region,0
P49750,mammal,region,0
P49750,mammal,region,0
P49750,mammal,region,0
P49750,mammal,region,0
P49750,mammal,region,0
P49790,mammal,region,0
P49790,mammal,region,0
P49790,mammal,region,0
P49790,mammal,region,0
P49790,mammal,region,0
P49790,mammal,region,0
P49790,mammal,region,0
P49790,mammal,region,0
P49790,mammal,region,0
P49790,mammal,region,0
P49790,mammal,region,0
P49790,mammal,region,0
P49790,mammal,region,0
P49790,mammal,region,0
P49790,mammal,region,0
P49790,mammal,control,0
P49790,mammal,control,0
P49790,mammal,control,0
P49790,mammal,control,0
P49790,mammal,control,0
P49790,mammal,control,0
P49790,mammal,control,0
P49790,mammal,control,0
P49790,mammal,region,0
P49790,mammal,region,0
P49790,mammal,region,0
P49790,mammal,region,0
P49790,mammal,region,0
P49790,mammal,region,0
P49790,mammal,region,0
P49790,mammal,region,0
P49790,mammal,region,0
P49790,mammal,region,0
P49790,mammal,region,0
P49790,mammal,region,0
P49790,mammal,region,0
P49790,mammal,region,0
P49790,mammal,region,0
P49790,mammal,control,0
P49790,mammal,control,0
P49790,mammal,control,0
P49790,mammal,region,0
P49790,mammal,region,0
P49790,mammal,region,0
P49790,mammal,region,0
P49790,mammal,region,0
P49790,mammal,region,0
P49790,mammal,control,0
P49790,mammal,control,0
P49790,mammal,control,0
P49790,mammal,region,0
P49790,mammal,region,0
P49790,mammal,region,0
P49790,mammal,region,0
P49790,mammal,region,0
P49790,mammal,region,0
P49790,mammal,region,0
P49790,mammal,region,0
P49790,mammal,region,1
P49790,mammal,region,0
P49790,mammal,region,0
P49790,mammal,region,0
P49790,mammal,region,0
P49790,mammal,region,0
P49790,mammal,region,0
P49790,mammal,region,0
P49790,mammal,region,0
P49790,mammal,region,0
P49790,mammal,region,1
P49790,mammal,region,0
P49790,mammal,region,0
P49790,mammal,region,0
P49790,mammal,region,0
P49790,mammal,region,0
P49790,mammal,region,0
P49790,mammal,control,0
P49790,mammal,control,0
P49790,mammal,control,0
P49790,mammal,region,0
P49790,mammal,region,0
P49790,mammal,control,0
P49790,mammal,region,0
P49790,mammal,region,0
P49790,mammal,control,0
P49790,mammal,control,0
P49790,mammal,control,0
P49848,mammal,region,0
P49848,mammal,region,0
P49848,mammal,region,0
P49848,mammal,region,0
P49848,mammal,region,0
P49848,mammal,region,0
P49848,mammal,region,0
P49848,mammal,region,0
P49848,mammal,region,1
P49848,mammal,control,0
P49848,mammal,control,0
P49848,mammal,control,1
P49848,mammal,control,0
P49848,mammal,control,0
P49848,mammal,control,0
P49848,mammal,control,0
P49848,mammal,control,0
P49848,mammal,control,1
P49848,mammal,control,0
P49848,mammal,control,0
P49848,mammal,control,0
P49848,mammal,control,0
P49848,mammal,control,0
P49848,mammal,region,0
P49848,mammal,region,0
P49848,mammal,region,0
P49848,mammal,region,0
P49848,mammal,region,0
P49848,mammal,region,0
P49848,mammal,region,0
P49848,mammal,region,0
P49848,mammal,region,0
P49848,mammal,region,0
P49848,mammal,region,0
P49848,mammal,region,0
P49848,mammal,control,0
P49848,mammal,control,0
P49848,mammal,control,1
P49848,mammal,control,0
P49848,mammal,control,1
P49848,mammal,control,0
P49848,mammal,control,0
P49848,mammal,control,0
P49848,mammal,control,0
P49848,mammal,control,0
P49848,mammal,control,1
P49848,mammal,control,0
P49848,mammal,control,0
P49848,mammal,control,0
P49848,mammal,control,0
P49848,mammal,control,0
P49916,mammal,region,0
P49916,mammal,region,0
P50402,mammal,region,0
P50402,mammal,region,0
P50402,mammal,control,0
P50402,mammal,control,0
P51610,mammal,region,0
P51610,mammal,region,0
P51610,mammal,control,0
P51610,mammal,control,0
P51610,mammal,region,0
P51610,mammal,region,0
P51610,mammal,control,0
P51610,mammal,control,0
P51610,mammal,control,0
P51610,mammal,control,0
P51610,mammal,region,0
P51610,mammal,region,0
P51610,mammal,control,0
P51610,mammal,control,0
P51610,mammal,region,0
P51610,mammal,region,0
P51610,mammal,region,0
P51610,mammal,region,0
P51610,mammal,region,0
P51610,mammal,region,0
P51610,mammal,region,0
P51610,mammal,region,0
P51610,mammal,region,1
P51610,mammal,region,0
P51610,mammal,region,0
P51610,mammal,region,0
P51610,mammal,region,0
P51610,mammal,region,0
P51610,mammal,region,0
P51610,mammal,region,0
P51610,mammal,region,0
P51610,mammal,region,1
P51610,mammal,region,0
P51610,mammal,region,0
P51610,mammal,region,0
P51610,mammal,region,0
P51610,mammal,region,0
P51610,mammal,region,0
P51610,mammal,region,0
P51610,mammal,region,0
P51826,mammal,region,0
P51826,mammal,region,0
P51826,mammal,region,0
P51826,mammal,region,0
P52594,mammal,region,0
P52594,mammal,control,0
P52594,mammal,control,0
P52948,mammal,region,0
P52948,mammal,region,0
P52948,mammal,region,0
P52948,mammal,region,0
P52948,mammal,control,0
P52948,mammal,control,0
P52948,mammal,region,0
P52948,mammal,region,0
P52948,mammal,region,0
P52948,mammal,region,0
P52948,mammal,control,0
P52948,mammal,control,0
P52948,mammal,region,0
P52948,mammal,region,0
P53992,mammal,control,0
P54253,mammal,region,0
P54253,mammal,region,0
P54253,mammal,control,0
P54253,mammal,control,0
P54253,mammal,control,0
P54253,mammal,control,0
P55197,mammal,control,0
P55197,mammal,control,0
P55198,mammal,region,0
P55198,mammal,region,0
P55198,mammal,region,0
P55198,mammal,control,0
P55265,mammal,region,0
P55265,mammal,region,0
P55265,mammal,region,0
P55265,mammal,region,0
P55265,mammal,region,0
P55265,mammal,region,0
P55265,mammal,region,0
P55265,mammal,region,0
P55265,mammal,region,0
P55265,mammal,region,0
P55265,mammal,region,0
P55265,mammal,control,0
P55265,mammal,control,0
P55265,mammal,control,0
P55265,mammal,control,0
P55265,mammal,control,0
P61769,mammal,region,0
P98082,mammal,region,0
P98082,mammal,region,0
P98082,mammal,region,0
P98082,mammal,region,0
P98082,mammal,region,0
P98082,mammal,region,0
P98082,mammal,region,0
P98082,mammal,region,0
P98082,mammal,control,0
P98171,mammal,region,0
P98171,mammal,region,0
P98171,mammal,region,0
P98171,mammal,region,0
P98171,mammal,region,0
P98171,mammal,region,0
P98171,mammal,region,0
Q02505,mammal,region,0
Q02505,mammal,region,0
Q02505,mammal,region,0
Q02505,mammal,region,0
Q02505,mammal,region,0
Q02505,mammal,region,0
Q02505,mammal,region,1
Q02505,mammal,region,0
Q02505,mammal,region,0
Q02505,mammal,control,0
Q02505,mammal,control,0
Q02505,mammal,control,0
Q02505,mammal,control,0
Q02505,mammal,control,1
Q02505,mammal,control,0
Q02505,mammal,control,0
Q02505,mammal,region,0
Q02505,mammal,region,0
Q02505,mammal,region,0
Q02505,mammal,region,1
Q02505,mammal,region,0
Q02505,mammal,region,0
Q02505,mammal,region,1
Q02505,mammal,region,0
Q02505,mammal,region,1
Q02505,mammal,region,0
Q02505,mammal,region,0
Q02505,mammal,region,0
Q02505,mammal,region,0
Q02505,mammal,region,1
Q02505,mammal,control,0
Q02505,mammal,control,0
Q02505,mammal,control,0
Q02505,mammal,control,0
Q02505,mammal,control,0
Q02505,mammal,control,0
Q02505,mammal,control,0
Q02505,mammal,control,0
Q02505,mammal,control,0
Q02505,mammal,control,0
Q02505,mammal,control,0
Q02505,mammal,control,0
Q02505,mammal,control,0
Q02505,mammal,control,0
Q02505,mammal,control,0
Q02505,mammal,control,0
Q02505,mammal,control,0
Q02505,mammal,control,0
Q03164,mammal,region,0
Q03164,mammal,region,0
Q03164,mammal,control,0
Q03164,mammal,control,0
Q03164,mammal,control,0
Q03164,mammal,control,0
Q03164,mammal,control,0
Q03164,mammal,region,0
Q03164,mammal,region,0
Q03164,mammal,control,0
Q03164,mammal,control,0
Q03164,mammal,control,0
Q03164,mammal,control,0
Q03164,mammal,control,0
Q03164,mammal,control,0
Q04637,mammal,control,0
Q04637,mammal,control,0
Q04637,mammal,control,0
Q04637,mammal,control,0
Q04637,mammal,region,0
Q04637,mammal,region,0
Q04637,mammal,control,0
Q04637,mammal,control,0
Q05209,mammal,region,0
Q05209,mammal,control,0
Q05209,mammal,control,0
Q05209,mammal,control,0
Q09666,mammal,region,0
Q09666,mammal,region,0
Q09666,mammal,region,0
Q09666,mammal,region,0
Q09666,mammal,region,0
Q09666,mammal,region,0
Q09666,mammal,control,0
Q09666,mammal,control,0
Q12778,mammal,control,0
Q12778,mammal,control,0
Q12830,mammal,control,0
Q12830,mammal,control,0
Q12830,mammal,control,0
Q12830,mammal,region,0
Q12830,mammal,region,0
Q12830,mammal,region,0
Q12830,mammal,region,0
Q12830,mammal,region,0
Q12830,mammal,region,0
Q12830,mammal,region,0
Q12830,mammal,region,0
Q12830,mammal,control,0
Q12830,mammal,control,0
Q12830,mammal,control,0
Q12830,mammal,control,0
Q12830,mammal,control,0
Q12830,mammal,control,0
Q12830,mammal,control,0
Q12830,mammal,control,0
Q12830,mammal,control,0
Q12830,mammal,control,0
Q12830,mammal,control,0
Q12830,mammal,region,0
Q12830,mammal,region,0
Q12830,mammal,region,0
Q12830,mammal,control,0
Q12830,mammal,region,0
Q12830,mammal,region,0
Q12830,mammal,region,0
Q12830,mammal,region,0
Q12830,mammal,region,0
Q12830,mammal,region,0
Q12830,mammal,region,0
Q12830,mammal,region,0
Q12830,mammal,region,0
Q12830,mammal,region,0
Q12830,mammal,region,0
Q12830,mammal,region,0
Q12830,mammal,region,0
Q12830,mammal,region,0
Q12830,mammal,region,0
Q12830,mammal,region,0
Q12830,mammal,region,0
Q12830,mammal,region,0
Q12830,mammal,region,0
Q12830,mammal,region,0
Q12830,mammal,region,0
Q12830,mammal,region,0
Q12830,mammal,region,0
Q12830,mammal,region,0
Q12830,mammal,region,0
Q12830,mammal,region,0
Q12830,mammal,region,0
Q12830,mammal,region,0
Q12830,mammal,region,0
Q12830,mammal,region,0
Q12830,mammal,region,0
Q12830,mammal,region,0
Q12830,mammal,region,0
Q12830,mammal,control,0
Q12830,mammal,control,0
Q12830,mammal,control,0
Q12830,mammal,control,0
Q12830,mammal,control,0
Q12830,mammal,control,0
Q12830,mammal,control,0
Q12830,mammal,control,0
Q12830,mammal,control,0
Q13243,mammal,control,0
Q13243,mammal,control,0
Q13492,mammal,region,0
Q13492,mammal,region,0
Q13492,mammal,region,0
Q13492,mammal,region,0
Q13492,mammal,region,0
Q13492,mammal,region,0
Q13492,mammal,region,0
Q13492,mammal,region,0
Q13495,mammal,region,0
Q13495,mammal,region,0
Q13495,mammal,region,0
Q13495,mammal,control,0
Q13495,mammal,control,0
Q13576,mammal,region,0
Q13576,mammal,region,0
Q13576,mammal,region,0
Q13576,mammal,control,0
Q13576,mammal,control,0
Q13576,mammal,control,0
Q14157,mammal,control,0
Q14157,mammal,control,0
Q14157,mammal,control,0
Q14157,mammal,region,0
Q14157,mammal,region,0
Q14157,mammal,region,0
Q14676,mammal,region,0
Q14676,mammal,region,0
Q14676,mammal,region,0
Q14676,mammal,region,0
Q14676,mammal,region,0
Q14676,mammal,region,0
Q14676,mammal,region,0
Q14676,mammal,region,0
Q14676,mammal,region,0
Q14676,mammal,region,0
Q14676,mammal,region,0
Q14676,mammal,region,0
Q14676,mammal,control,0
Q14676,mammal,control,0
Q14676,mammal,control,0
Q14676,mammal,control,0
Q14676,mammal,control,0
Q14676,mammal,control,0
Q14676,mammal,control,0
Q14676,mammal,control,0
Q14676,mammal,control,0
Q14677,mammal,region,0
Q14686,mammal,control,0
Q14686,mammal,control,0
Q14686,mammal,region,0
Q14686,mammal,control,0
Q14814,mammal,region,0
Q14814,mammal,region,0
Q14814,mammal,region,0
Q14814,mammal,region,0
Q14966,mammal,region,0
Q14966,mammal,region,0
Q14966,mammal,region,0
Q14966,mammal,region,0
Q14966,mammal,region,0
Q14966,mammal,region,0
Q14966,mammal,region,0
Q14966,mammal,region,0
Q14966,mammal,control,0
Q14966,mammal,control,0
Q14966,mammal,control,0
Q14980,mammal,region,0
Q14980,mammal,region,0
Q14980,mammal,control,1
Q14980,mammal,control,0
Q14980,mammal,control,1
Q14980,mammal,control,0
Q14980,mammal,control,0
Q14980,mammal,control,0
Q14980,mammal,control,0
Q15058,mammal,region,0
Q15058,mammal,region,0
Q15058,mammal,region,0
Q15058,mammal,region,0
Q15058,mammal,control,0
Q15058,mammal,control,0
Q15058,mammal,control,0
Q15058,mammal,control,0
Q15058,mammal,control,0
Q15058,mammal,control,0
Q15154,mammal,region,0
Q15154,mammal,region,0
Q15154,mammal,region,0
Q15154,mammal,region,0
Q15648,mammal,control,0
Q15648,mammal,region,0
Q15648,mammal,region,0
Q15652,mammal,region,0
Q15652,mammal,control,0
Q15652,mammal,control,0
Q15652,mammal,region,0
Q15652,mammal,control,0
Q15652,mammal,control,0
Q15652,mammal,region,0
Q15652,mammal,region,0
Q15652,mammal,region,0
Q15652,mammal,control,0
Q15652,mammal,control,1
Q15652,mammal,control,0
Q15652,mammal,control,0
Q15652,mammal,control,0
Q15652,mammal,control,0
Q15652,mammal,region,0
Q15652,mammal,region,0
Q15652,mammal,region,0
Q15652,mammal,region,0
Q15652,mammal,region,0
Q15652,mammal,region,0
Q15652,mammal,region,0
Q15652,mammal,control,0
Q15652,mammal,control,0
Q15652,mammal,control,1
Q15652,mammal,control,0
Q15652,mammal,control,0
Q15652,mammal,control,0
Q15652,mammal,control,1
Q15652,mammal,control,0
Q15652,mammal,control,0
Q15723,mammal,control,0
Q15723,mammal,control,0
Q15942,mammal,region,0
Q15942,mammal,region,0
Q15942,mammal,region,0
Q15942,mammal,region,0
Q15942,mammal,region,0
Q15942,mammal,region,0
Q15942,mammal,region,0
Q15942,mammal,region,0
Q15942,mammal,control,0
Q15942,mammal,control,0
Q16204,mammal,control,0
Q16204,mammal,control,0
Q16594,mammal,region,0
Q16594,mammal,region,0
Q2M2I8,mammal,region,0
Q2M2I8,mammal,region,0
Q2M2I8,mammal,region,0
Q2M2I8,mammal,control,0
Q2M2I8,mammal,control,1
Q2M2I8,mammal,control,0
Q4LDE5,mammal,control,0
Q53ET0,mammal,region,0
Q53ET0,mammal,region,0
Q5H9F3,mammal,control,0
Q5H9F3,mammal,control,0
Q5JSZ5,mammal,control,0
Q5JSZ5,mammal,control,0
Q5JSZ5,mammal,control,0
Q5JSZ5,mammal,control,0
Q5T5J6,mammal,region,0
Q5T5J6,mammal,region,0
Q5T5J6,mammal,control,1
Q5T5J6,mammal,control,0
Q5T5J6,mammal,control,1
Q5T5J6,mammal,control,0
Q5T6F2,mammal,region,0
Q5T6F2,mammal,region,0
Q5T6F2,mammal,region,0
Q5T6F2,mammal,region,0
Q5T6F2,mammal,region,0
Q5T6F2,mammal,region,0
Q5T6F2,mammal,control,0
Q5T6F2,mammal,control,0
Q5T6F2,mammal,control,0
Q5T6F2,mammal,control,0
Q5T6F2,mammal,region,0
Q5T6F2,mammal,region,0
Q5T6F2,mammal,region,0
Q5T6F2,mammal,region,0
Q5T6F2,mammal,region,0
Q5T6F2,mammal,region,0
Q5T6F2,mammal,region,0
Q5T6F2,mammal,control,0
Q5T6F2,mammal,control,0
Q5T6F2,mammal,control,0
Q5T6F2,mammal,region,1
Q5T6F2,mammal,region,0
Q5T6F2,mammal,region,1
Q5T6F2,mammal,region,0
Q5T6F2,mammal,control,0
Q5T6F2,mammal,control,0
Q5T6F2,mammal,region,0
Q5T6F2,mammal,region,0
Q5T6F2,mammal,region,0
Q5T6F2,mammal,region,0
Q5T6F2,mammal,region,0
Q5T6F2,mammal,region,0
Q5T6F2,mammal,region,0
Q5T6F2,mammal,region,0
Q5T6F2,mammal,region,0
Q5T6F2,mammal,region,0
Q5T6F2,mammal,control,0
Q5VT52,mammal,region,0
Q5VT52,mammal,region,0
Q5VT52,mammal,region,0
Q5VT52,mammal,region,0
Q5VT52,mammal,region,0
Q5VT52,mammal,region,0
Q5VT52,mammal,region,0
Q5VT52,mammal,region,0
Q5VT52,mammal,region,0
Q5VT52,mammal,region,0
Q5VT52,mammal,region,0
Q5VT52,mammal,region,0
Q5VT52,mammal,region,0
Q5VT52,mammal,region,0
Q5VT52,mammal,region,0
Q5VT52,mammal,region,0
Q5VT52,mammal,region,0
Q5VT52,mammal,region,0
Q5VT52,mammal,region,0
Q5VT52,mammal,region,0
Q5VT52,mammal,region,0
Q5VT52,mammal,region,0
Q5VT52,mammal,region,0
Q5VT52,mammal,region,0
Q5VT52,mammal,region,0
Q5VT52,mammal,region,0
Q5VT52,mammal,region,0
Q5VT52,mammal,region,0
Q5VT52,mammal,control,0
Q5VT52,mammal,control,0
Q5VT52,mammal,control,0
Q5VT52,mammal,region,0
Q5VT52,mammal,region,0
Q5VT52,mammal,region,0
Q5VT52,mammal,region,0
Q5VT52,mammal,region,0
Q5VT52,mammal,region,0
Q5VT52,mammal,control,0
Q5VT52,mammal,region,0
Q5VT52,mammal,region,0
Q5VT52,mammal,region,0
Q5VT52,mammal,region,0
Q5VT52,mammal,region,0
Q5VT52,mammal,control,0
Q5VT52,mammal,control,0
Q5VT52,mammal,control,0
Q5VT52,mammal,region,0
Q5VT52,mammal,region,0
Q5VT52,mammal,region,0
Q5VT52,mammal,region,0
Q5VT52,mammal,region,0
Q5VT52,mammal,region,0
Q5VT52,mammal,region,0
Q5VT52,mammal,control,0
Q5VT52,mammal,control,0
Q5VT52,mammal,control,0
Q5VT52,mammal,control,0
Q5VT52,mammal,control,0
Q5VT52,mammal,control,0
Q5VUA4,mammal,region,0
Q5VUA4,mammal,region,0
Q5VUA4,mammal,region,0
Q5VUA4,mammal,region,0
Q5VUA4,mammal,region,0
Q5VUA4,mammal,control,0
Q5VUA4,mammal,control,0
Q5VUA4,mammal,control,0
Q5VUA4,mammal,control,0
Q5VUA4,mammal,region,0
Q5VUA4,mammal,region,0
Q5VUA4,mammal,control,0
Q5VUA4,mammal,control,0
Q5VWN6,mammal,region,0
Q5VWN6,mammal,region,1
Q5VWN6,mammal,region,0
Q5VWN6,mammal,region,0
Q5VWN6,mammal,region,1
Q5VWN6,mammal,control,0
Q5VWN6,mammal,control,0
Q5VWN6,mammal,region,0
Q5VWN6,mammal,region,0
Q5VWN6,mammal,region,0
Q5VWN6,mammal,region,0
Q5VWN6,mammal,region,0
Q5VWN6,mammal,control,0
Q5VWN6,mammal,control,0
Q5VWN6,mammal,control,0
Q68CP9,mammal,control,0
Q68CP9,mammal,control,0
Q68CP9,mammal,region,0
Q68CP9,mammal,region,0
Q68CP9,mammal,control,0
Q68CP9,mammal,control,0
Q68CP9,mammal,control,0
Q68CP9,mammal,control,0
Q68CP9,mammal,region,0
Q68CP9,mammal,region,0
Q68CP9,mammal,region,0
Q68CP9,mammal,region,0
Q68CP9,mammal,control,0
Q68CP9,mammal,control,0
Q68CP9,mammal,control,0
Q68CP9,mammal,control,0
Q68CP9,mammal,control,0
Q6KC79,mammal,control,0
Q6KC79,mammal,control,0
Q6MZP7,mammal,control,0
Q6MZP7,mammal,control,0
Q6MZP7,mammal,control,0
Q6MZP7,mammal,control,0
Q6MZP7,mammal,control,0
Q6MZP7,mammal,control,0
Q6MZP7,mammal,region,0
Q6MZP7,mammal,control,0
Q6MZP7,mammal,control,0
Q6N021,mammal,region,0
Q6N021,mammal,region,0
Q6N021,mammal,control,0
Q6P4R8,mammal,region,0
Q6P4R8,mammal,region,0
Q6P4R8,mammal,region,0
Q6P4R8,mammal,region,0
Q6P4R8,mammal,region,0
Q6P4R8,mammal,region,0
Q6P4R8,mammal,region,0
Q6P4R8,mammal,region,0
Q6P4R8,mammal,region,0
Q6P4R8,mammal,region,0
Q6P4R8,mammal,region,0
Q6P4R8,mammal,region,0
Q6P4R8,mammal,region,0
Q6P4R8,mammal,region,0
Q6P4R8,mammal,region,0
Q6P4R8,mammal,region,0
Q6PCB5,mammal,control,0
Q6PCB5,mammal,control,0
Q6PCB5,mammal,control,0
Q6PCB5,mammal,control,0
Q6PJG2,mammal,region,0
Q6PJG2,mammal,region,0
Q6PJG2,mammal,region,0
Q6PJG2,mammal,region,0
Q6PJG2,mammal,control,0
Q6PJG2,mammal,control,0
Q6PJG2,mammal,control,0
Q6PJG2,mammal,control,0
Q6UN15,mammal,region,0
Q6UN15,mammal,region,0
Q6UUV7,mammal,region,0
Q6UUV7,mammal,control,0
Q6UUV7,mammal,control,0
Q6UUV7,mammal,region,0
Q6UUV7,mammal,region,0
Q6UUV7,mammal,control,0
Q6UUV7,mammal,control,0
Q6UUV7,mammal,control,0
Q6UUV7,mammal,region,0
Q6UUV7,mammal,region,0
Q6UUV7,mammal,region,0
Q6UUV7,mammal,region,0
Q6UUV7,mammal,region,0
Q6UUV7,mammal,region,0
Q6UUV7,mammal,region,0
Q6UUV7,mammal,region,0
Q6UUV7,mammal,region,0
Q6UUV7,mammal,region,0
Q6UUV7,mammal,region,0
Q6UUV7,mammal,control,0
Q6UUV7,mammal,control,0
Q6UUV7,mammal,control,0
Q6UUV7,mammal,control,0
Q6UUV7,mammal,control,0
Q6UUV7,mammal,control,0
Q6UUV7,mammal,control,0
Q6VMQ6,mammal,control,0
Q6VMQ6,mammal,control,0
Q6VMQ6,mammal,control,0
Q6VMQ6,mammal,control,0
Q6VMQ6,mammal,control,0
Q6VMQ6,mammal,region,0
Q6VMQ6,mammal,control,0
Q6VMQ6,mammal,control,0
Q6VMQ6,mammal,control,0
Q6VMQ6,mammal,control,0
Q6VMQ6,mammal,control,0
Q6VMQ6,mammal,region,0
Q6VMQ6,mammal,region,0
Q6VMQ6,mammal,region,0
Q6VMQ6,mammal,region,0
Q6VMQ6,mammal,region,0
Q6VMQ6,mammal,region,0
Q6VMQ6,mammal,region,0
Q6VMQ6,mammal,region,0
Q6VMQ6,mammal,region,0
Q6VMQ6,mammal,region,0
Q6VMQ6,mammal,region,0
Q6VMQ6,mammal,region,0
Q6VMQ6,mammal,control,1
Q6VMQ6,mammal,control,0
Q6VMQ6,mammal,control,0
Q6VMQ6,mammal,control,0
Q6W2J9,mammal,region,0
Q6W2J9,mammal,region,0
Q6ZRI6,mammal,region,0
Q6ZRI6,mammal,region,0
Q6ZU65,mammal,region,0
Q6ZU65,mammal,region,0
Q6ZU65,mammal,region,0
Q7LBC6,mammal,region,0
Q7LBC6,mammal,region,0
Q7LBC6,mammal,region,0
Q7LBC6,mammal,region,0
Q7LBC6,mammal,region,0
Q7LBC6,mammal,region,0
Q7LBC6,mammal,region,0
Q7LBC6,mammal,region,0
Q7LBC6,mammal,region,0
Q7LBC6,mammal,region,0
Q7LBC6,mammal,control,0
Q7LBC6,mammal,control,0
Q7LBC6,mammal,control,0
Q7LBC6,mammal,control,0
Q7LBC6,mammal,control,0
Q7LBC6,mammal,control,0
Q7LBC6,mammal,region,0
Q7LBC6,mammal,control,0
Q7LBC6,mammal,control,0
Q7LBC6,mammal,control,0
Q7Z2W4,mammal,region,0
Q7Z2W4,mammal,region,0
Q7Z2W4,mammal,region,0
Q7Z2W4,mammal,region,0
Q7Z2W4,mammal,region,0
Q7Z2W4,mammal,region,0
Q7Z2W4,mammal,region,0
Q7Z2W4,mammal,region,0
Q7Z2W4,mammal,control,0
Q7Z2W4,mammal,control,1
Q7Z2W4,mammal,control,0
Q7Z2W4,mammal,control,1
Q7Z2W4,mammal,control,0
Q7Z2W4,mammal,control,0
Q7Z2W4,mammal,control,0
Q7Z2W4,mammal,control,1
Q7Z2W4,mammal,control,0
Q7Z2W4,mammal,control,1
Q7Z2W4,mammal,control,0
Q7Z2W4,mammal,control,0
Q7Z3K3,mammal,control,0
Q7Z3K3,mammal,control,0
Q7Z3K3,mammal,control,0
Q7Z3K3,mammal,control,0
Q7Z3K3,mammal,control,0
Q7Z3K3,mammal,control,0
Q7Z3K3,mammal,region,0
Q7Z3K3,mammal,region,0
Q7Z3K3,mammal,control,0
Q7Z3K3,mammal,control,0
Q7Z589,mammal,control,0
Q7Z589,mammal,control,0
Q7Z589,mammal,control,0
Q7Z589,mammal,control,0
Q7Z589,mammal,control,0
Q7Z589,mammal,control,0
Q7Z589,mammal,control,0
Q7Z589,mammal,control,0
Q7Z589,mammal,control,0
Q7Z589,mammal,control,0
Q7Z589,mammal,region,0
Q7Z5L9,mammal,region,0
Q7Z5L9,mammal,region,0
Q7Z5L9,mammal,region,0
Q7Z5L9,mammal,region,0
Q7Z5L9,mammal,control,0
Q7Z5L9,mammal,control,0
Q7Z5L9,mammal,control,0
Q7Z6J0,mammal,region,0
Q7Z6J0,mammal,region,0
Q7Z6J0,mammal,control,0
Q7Z6J0,mammal,control,0
Q7Z739,mammal,region,0
Q7Z739,mammal,region,0
Q7Z739,mammal,control,0
Q7Z739,mammal,control,0
Q86TC9,mammal,region,0
Q86TC9,mammal,region,0
Q86TC9,mammal,region,0
Q86TC9,mammal,region,0
Q86TC9,mammal,region,0
Q86TC9,mammal,region,0
Q86TC9,mammal,region,0
Q86TC9,mammal,region,0
Q86TC9,mammal,control,0
Q86TC9,mammal,control,0
Q86TC9,mammal,control,0
Q86TC9,mammal,control,0
Q86TC9,mammal,control,0
Q86TC9,mammal,control,0
Q86TC9,mammal,control,0
Q86TC9,mammal,control,0
Q86UE4,mammal,region,0
Q86UE4,mammal,region,0
Q86UU0,mammal,control,0
Q86UU0,mammal,control,0
Q86UU0,mammal,control,0
Q86UU0,mammal,control,0
Q86UU0,mammal,control,0
Q86UU0,mammal,control,0
Q86V15,mammal,control,0
Q86YP4,mammal,control,0
Q86YP4,mammal,control,0
Q8IVF2,mammal,region,0
Q8IVF2,mammal,control,0
Q8IVF2,mammal,control,0
Q8IVF2,mammal,control,1
Q8IVF2,mammal,control,0
Q8IVF2,mammal,control,0
Q8IVL0,mammal,region,0
Q8IVL1,mammal,region,0
Q8IVL1,mammal,control,0
Q8IVW6,mammal,region,0
Q8IVW6,mammal,region,0
Q8IVW6,mammal,region,0
Q8IWB9,mammal,region,0
Q8IWB9,mammal,region,0
Q8IWB9,mammal,region,0
Q8IWB9,mammal,region,0
Q8IWB9,mammal,region,0
Q8IWB9,mammal,region,0
Q8IWI9,mammal,region,0
Q8IWI9,mammal,region,0
Q8IWI9,mammal,region,0
Q8IWI9,mammal,region,0
Q8IWI9,mammal,region,0
Q8IWI9,mammal,region,0
Q8IWI9,mammal,region,0
Q8IWI9,mammal,region,0
Q8IWI9,mammal,control,0
Q8IWI9,mammal,control,0
Q8IWP9,mammal,region,0
Q8IWP9,mammal,region,0
Q8IWP9,mammal,region,0
Q8IWP9,mammal,region,0
Q8IWP9,mammal,region,0
Q8IX12,mammal,control,0
Q8IX12,mammal,control,0
Q8IY33,mammal,control,0
Q8IY33,mammal,control,0
Q8IY33,mammal,control,0
Q8IY33,mammal,control,0
Q8IY33,mammal,control,0
Q8IZ21,mammal,region,0
Q8IZ21,mammal,region,0
Q8IZ21,mammal,region,0
Q8IZ21,mammal,region,0
Q8IZ21,mammal,region,1
Q8IZ21,mammal,region,0
Q8IZ21,mammal,region,0
Q8IZ21,mammal,region,0
Q8IZ21,mammal,region,0
Q8IZ21,mammal,region,1
Q8IZ21,mammal,region,0
Q8IZ21,mammal,region,1
Q8IZ21,mammal,region,0
Q8IZ21,mammal,region,0
Q8IZ21,mammal,control,0
Q8IZ21,mammal,control,0
Q8IZ21,mammal,control,0
Q8IZ21,mammal,control,0
Q8IZH2,mammal,region,0
Q8IZH2,mammal,region,0
Q8IZH2,mammal,control,0
Q8N1G0,mammal,region,0
Q8N1G0,mammal,region,0
Q8N1G0,mammal,region,0
Q8N1G0,mammal,region,0
Q8N1G0,mammal,control,0
Q8N1G0,mammal,control,0
Q8N1G0,mammal,control,0
Q8N1G0,mammal,control,0
Q8N3V7,mammal,region,0
Q8N3V7,mammal,region,0
Q8N3V7,mammal,control,0
Q8N3X1,mammal,region,0
Q8N3X1,mammal,region,0
Q8N3X1,mammal,region,0
Q8NDX5,mammal,region,0
Q8NDX5,mammal,control,0
Q8NDX5,mammal,control,0
Q8NDX5,mammal,control,0
Q8NDX5,mammal,region,0
Q8NDX5,mammal,region,0
Q8NDX5,mammal,region,0
Q8NDX5,mammal,region,0
Q8NDX5,mammal,control,0
Q8NDX5,mammal,control,0
Q8NDX5,mammal,control,0
Q8NDX5,mammal,control,0
Q8NDX5,mammal,control,0
Q8NDX5,mammal,control,0
Q8NEM7,mammal,region,0
Q8NEM7,mammal,region,0
Q8NEM7,mammal,region,0
Q8NEM7,mammal,region,0
Q8NEZ4,mammal,region,0
Q8NEZ4,mammal,control,0
Q8NEZ4,mammal,control,0
Q8NFD5,mammal,control,0
Q8NFD5,mammal,control,0
Q8NG31,mammal,region,0
Q8NG31,mammal,region,0
Q8NG31,mammal,region,0
Q8NG31,mammal,region,0
Q8NG31,mammal,region,0
Q8NG31,mammal,region,0
Q8NG31,mammal,control,1
Q8NG31,mammal,control,0
Q8NG31,mammal,control,0
Q8NG31,mammal,control,1
Q8NG31,mammal,control,0
Q8NG31,mammal,control,0
Q8NG31,mammal,control,0
Q8NG31,mammal,control,1
Q8NG31,mammal,control,0
Q8NG31,mammal,control,0
Q8TC07,mammal,region,0
Q8TC07,mammal,region,0
Q8TC07,mammal,region,0
Q8TC07,mammal,region,0
Q8TC07,mammal,region,0
Q8TC07,mammal,region,0
Q8TC07,mammal,region,0
Q8TCU4,mammal,region,0
Q8TCU4,mammal,region,0
Q8TCU4,mammal,region,0
Q8TCU4,mammal,region,0
Q8TCU4,mammal,region,0
Q8TCU4,mammal,region,0
Q8TCU4,mammal,region,0
Q8TDM6,mammal,region,0
Q8TDM6,mammal,region,0
Q8TDM6,mammal,region,0
Q8TDM6,mammal,region,0
Q8TDM6,mammal,control,0
Q8TEQ6,mammal,region,0
Q8TEQ6,mammal,region,0
Q8TEQ6,mammal,region,0
Q8TEQ6,mammal,region,0
Q8TEQ6,mammal,region,0
Q8TEQ6,mammal,region,0
Q8WWM7,mammal,region,0
Q8WWM7,mammal,region,0
Q8WWM7,mammal,region,0
Q8WWM7,mammal,control,0
Q8WWM7,mammal,control,0
Q8WWM7,mammal,control,0
Q8WWM7,mammal,control,0
Q8WWM7,mammal,control,0
Q8WY36,mammal,region,0
Q8WY36,mammal,region,0
Q8WY36,mammal,region,0
Q8WY36,mammal,region,0
Q8WY36,mammal,control,0
Q8WY36,mammal,control,0
Q8WYP5,mammal,region,0
Q8WYP5,mammal,region,0
Q8WYP5,mammal,region,0
Q8WYP5,mammal,region,0
Q8WYP5,mammal,region,0
Q8WYP5,mammal,region,0
Q8WYP5,mammal,region,0
Q8WYP5,mammal,region,0
Q8WYP5,mammal,control,0
Q8WYP5,mammal,control,0
Q8WYP5,mammal,control,0
Q8WYP5,mammal,control,1
Q8WYP5,mammal,control,0
Q8WYP5,mammal,control,0
Q8WYP5,mammal,control,0
Q8WYP5,mammal,region,0
Q8WYP5,mammal,region,0
Q8WYP5,mammal,region,0
Q8WYP5,mammal,region,0
Q8WYP5,mammal,region,1
Q8WYP5,mammal,region,0
Q92540,mammal,control,0
Q92540,mammal,control,0
Q92733,mammal,region,0
Q92733,mammal,region,0
Q92793,mammal,region,0
Q92793,mammal,region,0
Q92793,mammal,control,0
Q92793,mammal,control,0
Q92793,mammal,control,0
Q92793,mammal,control,0
Q92793,mammal,control,0
Q92793,mammal,control,0
Q92793,mammal,control,0
Q92793,mammal,control,0
Q92917,mammal,region,0
Q92917,mammal,region,0
Q92917,mammal,control,0
Q92917,mammal,control,0
Q92917,mammal,control,0
Q92917,mammal,control,0
Q92917,mammal,control,0
Q92917,mammal,control,0
Q96B97,mammal,region,0
Q96B97,mammal,control,0
Q96B97,mammal,control,0
Q96HC4,mammal,region,0
Q96HC4,mammal,region,0
Q96HC4,mammal,region,0
Q96HC4,mammal,region,0
Q96HC4,mammal,region,0
Q96HC4,mammal,region,0
Q96JH7,mammal,region,0
Q96JH7,mammal,region,0
Q96JH7,mammal,control,0
Q96KR1,mammal,region,0
Q96KR1,mammal,region,0
Q96KR1,mammal,region,0
Q96KR1,mammal,control,0
Q96KR1,mammal,control,0
Q96KR1,mammal,control,0
Q96KR1,mammal,control,0
Q96KR1,mammal,control,1
Q96KR1,mammal,control,0
Q96KR1,mammal,control,0
Q96KR1,mammal,control,1
Q96KR1,mammal,control,0
Q96KR1,mammal,control,0
Q96KR1,mammal,control,0
Q96KR1,mammal,region,0
Q96KR1,mammal,region,0
Q96KR1,mammal,region,0
Q96KR1,mammal,region,0
Q96KR1,mammal,region,0
Q96KR1,mammal,control,0
Q96KR1,mammal,control,0
Q96KR1,mammal,control,1
Q96KR1,mammal,control,0
Q96KR1,mammal,control,0
Q96KR1,mammal,control,0
Q96KR1,mammal,region,0
Q96KR1,mammal,region,0
Q96KR1,mammal,region,0
Q96KR1,mammal,region,0
Q96KR1,mammal,region,0
Q96KR1,mammal,region,0
Q96KR1,mammal,region,0
Q96L91,mammal,region,0
Q96L91,mammal,region,0
Q96L91,mammal,region,0
Q96L91,mammal,region,0
Q96L91,mammal,region,0
Q96L91,mammal,region,0
Q96L91,mammal,region,0
Q96L91,mammal,region,0
Q96L91,mammal,region,0
Q96L91,mammal,region,0
Q96L91,mammal,region,0
Q96L91,mammal,region,0
Q96L91,mammal,region,0
Q96L91,mammal,control,0
Q96L91,mammal,control,0
Q96L91,mammal,region,0
Q96L91,mammal,region,0
Q96L91,mammal,region,0
Q96L91,mammal,region,0
Q96L91,mammal,region,0
Q96L91,mammal,region,0
Q96L91,mammal,control,0
Q96L91,mammal,control,0
Q96L91,mammal,control,0
Q96L91,mammal,control,0
Q96L91,mammal,control,0
Q96L91,mammal,control,0
Q96L91,mammal,region,0
Q96L91,mammal,region,0
Q96L91,mammal,control,0
Q96L91,mammal,control,0
Q96L91,mammal,region,0
Q96L91,mammal,region,0
Q96L91,mammal,region,0
Q96L91,mammal,region,0
Q96L91,mammal,control,0
Q96L91,mammal,control,1
Q96L91,mammal,control,0
Q96L91,mammal,control,0
Q96L91,mammal,control,1
Q96L91,mammal,control,0
Q96L91,mammal,control,0
Q96L91,mammal,control,0
Q96L91,mammal,control,0
Q96L91,mammal,control,0
Q96L91,mammal,control,1
Q96L91,mammal,control,0
Q96L91,mammal,control,0
Q96L91,mammal,control,0
Q96L91,mammal,control,1
Q96L91,mammal,control,0
Q96L91,mammal,control,0
Q96L91,mammal,control,0
Q96L91,mammal,control,0
Q96L91,mammal,control,0
Q96L91,mammal,control,0
Q96L91,mammal,control,1
Q96L91,mammal,control,1
Q96L91,mammal,control,0
Q96M27,mammal,region,0
Q96M27,mammal,region,0
Q96M27,mammal,region,0
Q96M27,mammal,region,0
Q96M27,mammal,region,0
Q96M27,mammal,region,0
Q96MY1,mammal,region,0
Q96MY1,mammal,region,0
Q96QT6,mammal,control,0
Q96QT6,mammal,control,0
Q96ST3,mammal,control,0
Q96ST3,mammal,control,0
Q96T58,mammal,region,0
Q96T58,mammal,region,0
Q96T58,mammal,region,0
Q96T58,mammal,region,0
Q96T58,mammal,region,0
Q96T58,mammal,control,1
Q96T58,mammal,control,1
Q96T58,mammal,control,0
Q96T58,mammal,control,0
Q96T58,mammal,control,0
Q96T58,mammal,control,0
Q96T58,mammal,control,1
Q96T58,mammal,control,0
Q96T58,mammal,control,0
Q96T58,mammal,control,0
Q96T58,mammal,control,0
Q96T58,mammal,region,0
Q96T58,mammal,region,0
Q96T58,mammal,region,0
Q96T58,mammal,region,0
Q96T58,mammal,region,0
Q96T58,mammal,region,0
Q96T58,mammal,region,0
Q96T58,mammal,control,0
Q96T58,mammal,control,0
Q96T58,mammal,control,0
Q96T58,mammal,control,0
Q96T58,mammal,control,0
Q96T58,mammal,control,0
Q96T58,mammal,region,0
Q96T58,mammal,region,0
Q96T58,mammal,region,0
Q96T58,mammal,control,0
Q96T58,mammal,control,0
Q96T58,mammal,control,0
Q99504,mammal,region,0
Q99504,mammal,region,0
Q99504,mammal,control,0
Q9BTA9,mammal,control,0
Q9BTC0,mammal,control,0
Q9BTC0,mammal,control,0
Q9BTC0,mammal,region,0
Q9BTC0,mammal,region,0
Q9BTC0,mammal,region,0
Q9BTC0,mammal,region,0
Q9BTC0,mammal,region,0
Q9BTC0,mammal,region,0
Q9BTC0,mammal,region,1
Q9BTC0,mammal,region,0
Q9BTC0,mammal,control,0
Q9BTC0,mammal,control,0
Q9BTC0,mammal,region,0
Q9BTC0,mammal,region,0
Q9BTC0,mammal,region,0
Q9BTC0,mammal,region,0
Q9BTC0,mammal,region,0
Q9BTC0,mammal,region,0
Q9BTC0,mammal,region,0
Q9BTC0,mammal,region,0
Q9BTC0,mammal,region,0
Q9BTC0,mammal,region,0
Q9BTC0,mammal,region,0
Q9BTC0,mammal,region,0
Q9BTC0,mammal,region,0
Q9BTC0,mammal,region,0
Q9BTC0,mammal,control,0
Q9BTC0,mammal,control,0
Q9BTC0,mammal,control,0
Q9BTC0,mammal,control,1
Q9BTC0,mammal,control,0
Q9BTC0,mammal,control,0
Q9BTC0,mammal,control,0
Q9BTC0,mammal,control,0
Q9BTC0,mammal,control,0
Q9BTC0,mammal,region,0
Q9BTC0,mammal,region,0
Q9BTC0,mammal,control,0
Q9BTC0,mammal,control,0
Q9BTC0,mammal,control,0
Q9BTC0,mammal,control,0
Q9BTC0,mammal,control,0
Q9BTC0,mammal,control,0
Q9BVL2,mammal,region,0
Q9BYJ9,mammal,control,0
Q9BYJ9,mammal,control,0
Q9C0C7,mammal,control,0
Q9C0C7,mammal,control,0
Q9C0C7,mammal,control,0
Q9H0E3,mammal,region,0
Q9H0E3,mammal,control,0
Q9H0E3,mammal,control,0
Q9H0E9,mammal,region,0
Q9H0E9,mammal,region,0
Q9H0E9,mammal,region,0
Q9H1B7,mammal,region,0
Q9H1B7,mammal,region,0
Q9H2F5,mammal,control,0
Q9H4A3,mammal,control,0
Q9H4A3,mammal,region,0
Q9H4A3,mammal,region,0
Q9H4A3,mammal,control,0
Q9H4A3,mammal,control,0
Q9H4A3,mammal,control,1
Q9H4A3,mammal,control,0
Q9H4A3,mammal,region,0
Q9H4A3,mammal,region,0
Q9H4A3,mammal,control,0
Q9H4A3,mammal,region,0
Q9H4A3,mammal,region,0
Q9H4A3,mammal,region,0
Q9H4A3,mammal,control,0
Q9H4A3,mammal,control,0
Q9H4A3,mammal,control,0
Q9H4A3,mammal,control,0
Q9H4A3,mammal,control,0
Q9H4I2,mammal,region,0
Q9H4I2,mammal,region,0
Q9H4I2,mammal,control,0
Q9H4I2,mammal,control,0
Q9H4I2,mammal,control,0
Q9H4I2,mammal,control,0
Q9H4I2,mammal,control,0
Q9H4I2,mammal,region,0
Q9H4I2,mammal,region,0
Q9H4I2,mammal,region,0
Q9H4I2,mammal,region,0
Q9H4I2,mammal,control,0
Q9H4I2,mammal,control,0
Q9H4I2,mammal,control,0
Q9H4I2,mammal,control,0
Q9H4I2,mammal,control,0
Q9H4I2,mammal,control,0
Q9H4I2,mammal,control,0
Q9H4I2,mammal,control,0
Q9H792,mammal,region,0
Q9H792,mammal,region,0
Q9H792,mammal,control,0
Q9H792,mammal,control,0
Q9H792,mammal,control,1
Q9H792,mammal,control,1
Q9H8Y8,mammal,region,0
Q9H8Y8,mammal,region,0
Q9H8Y8,mammal,region,0
Q9H8Y8,mammal,region,0
Q9H8Y8,mammal,region,0
Q9H8Y8,mammal,region,0
Q9H8Y8,mammal,region,0
Q9H8Y8,mammal,region,0
Q9H8Y8,mammal,region,0
Q9HBD1,mammal,region,0
Q9HBD1,mammal,region,0
Q9HCD5,mammal,control,0
Q9HCD5,mammal,control,0
Q9HCD5,mammal,region,0
Q9HCD5,mammal,region,0
Q9HCD5,mammal,region,0
Q9HCD5,mammal,control,0
Q9HCD5,mammal,control,0
Q9HCD6,mammal,region,0
Q9HCK8,mammal,region,0
Q9HCK8,mammal,control,0
Q9NXV6,mammal,region,0
Q9NXV6,mammal,region,0
Q9NXV6,mammal,region,0
Q9NXV6,mammal,region,0
Q9NXV6,mammal,control,0
Q9NYF8,mammal,region,0
Q9NYF8,mammal,region,0
Q9NYV4,mammal,region,0
Q9NYV4,mammal,region,0
Q9NYV4,mammal,region,0
Q9NYV4,mammal,region,0
Q9NYV4,mammal,region,0
Q9NYV4,mammal,region,0
Q9NYV4,mammal,region,0
Q9NYV4,mammal,region,0
Q9NYV4,mammal,region,0
Q9NYV4,mammal,region,0
Q9NYV4,mammal,region,0
Q9NYV4,mammal,region,0
Q9NYV4,mammal,region,0
Q9NYV4,mammal,region,0
Q9NYV4,mammal,control,0
Q9NYV4,mammal,control,0
Q9NYV4,mammal,control,0
Q9NYV4,mammal,control,0
Q9NZN8,mammal,control,0
Q9P2N6,mammal,control,0
Q9P2N6,mammal,control,0
Q9P2N6,mammal,control,0
Q9P2N6,mammal,control,0
Q9P2N6,mammal,control,0
Q9P2N6,mammal,control,0
Q9P2N6,mammal,control,0
Q9P2R6,mammal,control,0
Q9P2R6,mammal,control,0
Q9P2R6,mammal,control,0
Q9P2R6,mammal,control,0
Q9UGU0,mammal,region,0
Q9UGU0,mammal,control,0
Q9UGU0,mammal,control,0
Q9UGU0,mammal,control,0
Q9UGU0,mammal,control,0
Q9UHB7,mammal,region,0
Q9UHB7,mammal,region,0
Q9UHB7,mammal,control,0
Q9UHB7,mammal,control,0
Q9UHB7,mammal,control,0
Q9UHD9,mammal,region,0
Q9UHD9,mammal,region,0
Q9UHD9,mammal,region,0
Q9UHD9,mammal,region,0
Q9UHD9,mammal,region,0
Q9UHD9,mammal,region,0
Q9UHD9,mammal,region,0
Q9UHD9,mammal,region,0
Q9UHD9,mammal,region,0
Q9UHD9,mammal,region,0
Q9UHD9,mammal,region,0
Q9UHD9,mammal,region,0
Q9UHD9,mammal,region,0
Q9UHD9,mammal,region,0
Q9UHD9,mammal,control,0
Q9UHD9,mammal,control,0
Q9UHD9,mammal,control,0
Q9UHD9,mammal,control,0
Q9UHD9,mammal,control,0
Q9UHD9,mammal,control,0
Q9UHD9,mammal,control,0
Q9UHD9,mammal,control,0
Q9UHD9,mammal,control,0
Q9UHD9,mammal,control,0
Q9UHD9,mammal,control,0
Q9UHD9,mammal,control,0
Q9UHD9,mammal,control,0
Q9UIU6,mammal,region,0
Q9UIU6,mammal,control,0
Q9UIU6,mammal,region,0
Q9UIU6,mammal,region,0
Q9UIU6,mammal,region,0
Q9UIU6,mammal,control,0
Q9UK61,mammal,control,0
Q9UK61,mammal,control,0
Q9UK61,mammal,control,0
Q9UK61,mammal,control,0
Q9UK61,mammal,control,0
Q9UK61,mammal,control,0
Q9ULH7,mammal,region,0
Q9ULH7,mammal,region,0
Q9ULM3,mammal,region,0
Q9ULM3,mammal,control,0
Q9ULM3,mammal,region,0
Q9ULM3,mammal,region,0
Q9ULM3,mammal,region,0
Q9ULM3,mammal,region,0
Q9ULM3,mammal,region,0
Q9ULM3,mammal,region,0
Q9ULM3,mammal,region,0
Q9ULM3,mammal,region,0
Q9ULM3,mammal,region,0
Q9ULM3,mammal,region,0
Q9ULM3,mammal,region,0
Q9ULM3,mammal,region,0
Q9ULM3,mammal,control,0
Q9ULM3,mammal,control,0
Q9ULM3,mammal,control,0
Q9ULM3,mammal,control,0
Q9ULM3,mammal,control,0
Q9ULM3,mammal,control,0
Q9ULU4,mammal,region,0
Q9ULU4,mammal,region,0
Q9ULU4,mammal,region,0
Q9ULU4,mammal,region,0
Q9ULU4,mammal,region,0
Q9ULU4,mammal,region,0
Q9ULU4,mammal,region,0
Q9ULU4,mammal,region,0
Q9ULU4,mammal,region,0
Q9ULU4,mammal,region,0
Q9ULU4,mammal,region,0
Q9ULU4,mammal,control,0
Q9ULU4,mammal,control,0
Q9ULU4,mammal,control,0
Q9UM82,mammal,region,0
Q9UPA5,mammal,control,0
Q9UPA5,mammal,region,0
Q9UPN6,mammal,region,0
Q9UPN6,mammal,region,0
Q9UPN6,mammal,control,0
Q9UPN6,mammal,control,0
Q9UPN6,mammal,control,0
Q9UPN6,mammal,control,0
Q9UPZ3,mammal,control,1
Q9UPZ3,mammal,control,1
Q9UQ35,mammal,control,0
Q9UQ35,mammal,control,0
Q9UQ35,mammal,control,0
Q9UQ35,mammal,control,0
Q9UQ35,mammal,control,0
Q9UQ35,mammal,control,0
Q9UQ35,mammal,control,0
Q9UQ35,mammal,control,0
Q9UQ35,mammal,control,0
Q9Y2X9,mammal,control,0
Q9Y2X9,mammal,control,0
Q9Y2X9,mammal,control,0
Q9Y2X9,mammal,control,0
Q9Y2X9,mammal,control,0
Q9Y520,mammal,control,0
Q9Y520,mammal,control,0
Q9Y520,mammal,control,0
Q9Y520,mammal,control,0
Q9Y520,mammal,control,0
Q9Y520,mammal,control,0
Q9Y520,mammal,control,0
Q9Y520,mammal,control,0
Q9Y618,mammal,region,0
Q9Y618,mammal,region,0
Q9Y618,mammal,region,0
Q9Y618,mammal,region,0
Q9Y618,mammal,region,0
Q9Y618,mammal,region,0
Q9Y618,mammal,region,0
Q9Y618,mammal,region,0
Q9Y618,mammal,control,0
Q9Y618,mammal,control,0
Q9Y618,mammal,control,0
Q9Y618,mammal,control,0
Q9Y618,mammal,control,0
Q9Y618,mammal,control,0
Q9Y6Q9,mammal,control,0
Q9Y6Q9,mammal,region,0
Q9Y6Q9,mammal,region,0
Q9Y6Q9,mammal,region,0
Q9Y6Q9,mammal,region,0
Q9Y6Q9,mammal,region,0
Q9Y6Q9,mammal,region,0
Q9Y6Q9,mammal,region,0
Q9Y6Q9,mammal,region,0
Q9Y6Q9,mammal,region,0
Q9Y6Q9,mammal,control,0
Q9Y6Q9,mammal,control,0
Q9Y6Q9,mammal,control,0
Q9Y6Q9,mammal,control,0
Q9Y6Q9,mammal,control,0
Q9Y6Q9,mammal,control,0
Q9Y6Y8,mammal,region,0
Q9Y6Y8,mammal,region,0
Q9Y6Y8,mammal,control,0
Q9Y6Y8,mammal,region,0
Q9Y6Y8,mammal,region,0
Q9Y6Y8,mammal,region,0
Q9Y6Y8,mammal,control,0
Q9Y6Y8,mammal,region,0
Q9Y6Y8,mammal,region,0
Q9Y6Y8,mammal,region,0
Q9Y6Y8,mammal,region,0
Q9Y6Y8,mammal,region,0
Q9Y6Y8,mammal,region,0
Q9Y6Y8,mammal,region,0
Q9Y6Y8,mammal,region,0
Q9Y6Y8,mammal,region,0
Q9Y6Y8,mammal,region,0
Q9Y6Y8,mammal,region,0
Q9Y6Y8,mammal,region,0
Q9Y6Y8,mammal,region,0
Q9Y6Y8,mammal,region,0
Q9Y6Y8,mammal,control,0
Q9Y6Y8,mammal,control,1
Q9Y6Y8,mammal,control,0
Q9Y6Y8,mammal,control,0
Q9Y6Y8,mammal,control,0
Q9Y6Y8,mammal,region,0
Q9Y6Y8,mammal,region,0
O00268,vertebrate,region,0
O00268,vertebrate,region,0
O00268,vertebrate,region,0
O00268,vertebrate,region,0
O00268,vertebrate,region,0
O00268,vertebrate,region,0
O00268,vertebrate,control,0
O00268,vertebrate,control,0
O00268,vertebrate,control,0
O00268,vertebrate,control,0
O00268,vertebrate,region,0
O00268,vertebrate,region,0
O00268,vertebrate,region,0
O00268,vertebrate,region,0
O00268,vertebrate,region,0
O00268,vertebrate,region,0
O00268,vertebrate,region,0
O00268,vertebrate,region,0
O00268,vertebrate,control,0
O00268,vertebrate,control,0
O00268,vertebrate,control,0
O00268,vertebrate,control,0
O00268,vertebrate,control,0
O00268,vertebrate,control,0
O00268,vertebrate,control,0
O00268,vertebrate,control,0
O00268,vertebrate,control,0
O00268,vertebrate,control,0
O00268,vertebrate,control,0
O00268,vertebrate,control,0
O00268,vertebrate,control,0
O00268,vertebrate,control,0
O00268,vertebrate,control,0
O00268,vertebrate,control,0
O00268,vertebrate,control,0
O14964,vertebrate,region,0
O14964,vertebrate,region,0
O14964,vertebrate,region,0
O14964,vertebrate,region,0
O14964,vertebrate,control,0
O14974,vertebrate,region,0
O14974,vertebrate,region,0
O14974,vertebrate,region,0
O14974,vertebrate,region,0
O14974,vertebrate,region,0
O14974,vertebrate,region,0
O14974,vertebrate,region,0
O14974,vertebrate,region,0
O14974,vertebrate,region,0
O14974,vertebrate,control,0
O14974,vertebrate,control,0
O15027,vertebrate,region,0
O15027,vertebrate,region,0
O15027,vertebrate,region,0
O15027,vertebrate,region,0
O15027,vertebrate,region,0
O15027,vertebrate,region,0
O15027,vertebrate,control,0
O15027,vertebrate,control,0
O15047,vertebrate,control,0
O15047,vertebrate,control,0
O15047,vertebrate,control,0
O15047,vertebrate,control,0
O15047,vertebrate,control,0
O43615,vertebrate,control,0
O43615,vertebrate,control,0
O43615,vertebrate,control,0
O43615,vertebrate,control,0
O43615,vertebrate,control,0
O43615,vertebrate,control,0
O60318,vertebrate,region,0
O60318,vertebrate,region,0
O60318,vertebrate,region,0
O60318,vertebrate,region,0
O60318,vertebrate,region,0
O60318,vertebrate,region,0
O60318,vertebrate,control,1
O60318,vertebrate,control,0
O60664,vertebrate,region,0
O60664,vertebrate,region,0
O60664,vertebrate,control,0
O60664,vertebrate,control,0
O60664,vertebrate,control,0
O60664,vertebrate,control,0
O60664,vertebrate,control,0
O60664,vertebrate,control,0
O60664,vertebrate,region,0
O60664,vertebrate,region,0
O60664,vertebrate,region,0
O60664,vertebrate,region,0
O60664,vertebrate,region,0
O60664,vertebrate,region,0
O60664,vertebrate,region,0
O60664,vertebrate,control,0
O60664,vertebrate,control,0
O60664,vertebrate,control,0
O60841,vertebrate,control,0
O60841,vertebrate,control,0
O60885,vertebrate,control,0
O75030,vertebrate,region,0
O75030,vertebrate,region,0
O75030,vertebrate,region,0
O75030,vertebrate,control,1
O75116,vertebrate,region,0
O75116,vertebrate,region,0
O75116,vertebrate,region,0
O75116,vertebrate,region,0
O75116,vertebrate,region,0
O75116,vertebrate,control,0
O75116,vertebrate,control,0
O75116,vertebrate,control,0
O75179,vertebrate,region,0
O75376,vertebrate,region,0
O75376,vertebrate,region,0
O75376,vertebrate,region,0
O75376,vertebrate,region,0
O75376,vertebrate,control,0
O75376,vertebrate,control,0
O75376,vertebrate,control,0
O75376,vertebrate,region,0
O75376,vertebrate,region,0
O75376,vertebrate,control,0
O75376,vertebrate,control,0
O75717,vertebrate,region,1
O75717,vertebrate,region,1
O75717,vertebrate,control,0
O75717,vertebrate,control,0
O75717,vertebrate,control,0
O75717,vertebrate,control,0
O75717,vertebrate,control,0
O75717,vertebrate,control,0
O75717,vertebrate,control,0
O75717,vertebrate,control,0
O75717,vertebrate,control,0
O75717,vertebrate,control,0
O75717,vertebrate,control,1
O75717,vertebrate,control,0
O75717,vertebrate,control,0
O75909,vertebrate,control,0
O75909,vertebrate,control,0
O76070,vertebrate,control,0
O94913,vertebrate,region,0
O95081,vertebrate,region,1
O95081,vertebrate,region,0
O95081,vertebrate,region,0
O95081,vertebrate,region,1
O95081,vertebrate,region,0
O95487,vertebrate,region,0
O95487,vertebrate,region,0
O95487,vertebrate,region,0
O95487,vertebrate,region,0
O95487,vertebrate,region,1
O95487,vertebrate,region,0
O95487,vertebrate,region,0
O95487,vertebrate,region,0
O95487,vertebrate,region,0
O95487,vertebrate,region,1
O95487,vertebrate,control,0
O95487,vertebrate,control,0
O95487,vertebrate,control,0
O95487,vertebrate,control,0
O95487,vertebrate,control,0
O95487,vertebrate,region,0
O95487,vertebrate,control,0
O95487,vertebrate,control,0
O95487,vertebrate,control,1
O95487,vertebrate,control,0
O95487,vertebrate,control,0
O95487,vertebrate,control,0
O95487,vertebrate,control,0
O95487,vertebrate,control,1
O95487,vertebrate,control,0
O95487,vertebrate,control,0
O95487,vertebrate,control,1
O95487,vertebrate,control,0
O95628,vertebrate,control,1
O95628,vertebrate,control,0
O95628,vertebrate,control,0
O95628,vertebrate,control,0
O95628,vertebrate,control,0
O95628,vertebrate,control,0
O95628,vertebrate,control,1
O95628,vertebrate,control,0
O95628,vertebrate,control,0
O95628,vertebrate,control,0
O95628,vertebrate,control,0
O95628,vertebrate,control,0
O95628,vertebrate,region,0
O95628,vertebrate,region,0
O95628,vertebrate,control,0
O95835,vertebrate,region,0
O95835,vertebrate,region,0
O95835,vertebrate,region,0
O95835,vertebrate,control,0
O95835,vertebrate,control,0
O95835,vertebrate,control,0
O95835,vertebrate,control,0
O95835,vertebrate,control,0
O95835,vertebrate,control,0
O95835,vertebrate,control,0
O95835,vertebrate,control,0
O95835,vertebrate,control,0
O95835,vertebrate,control,0
O95835,vertebrate,control,0
P04150,vertebrate,control,0
P04150,vertebrate,control,0
P04150,vertebrate,control,0
P04150,vertebrate,control,0
P05783,vertebrate,region,0
P05783,vertebrate,region,0
P05783,vertebrate,region,0
P05783,vertebrate,region,0
P05783,vertebrate,region,0
P05783,vertebrate,control,0
P05783,vertebrate,control,0
P05783,vertebrate,control,1
P05783,vertebrate,control,0
P05783,vertebrate,control,0
P05783,vertebrate,control,0
P05783,vertebrate,control,0
P05783,vertebrate,control,0
P05783,vertebrate,control,0
P05783,vertebrate,control,0
P05783,vertebrate,control,0
P05787,vertebrate,region,0
P05787,vertebrate,region,0
P05787,vertebrate,control,0
P05787,vertebrate,control,0
P05787,vertebrate,control,0
P05787,vertebrate,region,0
P05787,vertebrate,region,1
P05787,vertebrate,region,1
P05787,vertebrate,control,0
P06401,vertebrate,region,0
P06401,vertebrate,region,0
P06401,vertebrate,region,0
P06401,vertebrate,region,0
P06401,vertebrate,region,0
P06401,vertebrate,region,0
P06401,vertebrate,control,0
P06401,vertebrate,control,0
P07196,vertebrate,region,0
P07196,vertebrate,region,0
P07196,vertebrate,region,0
P07196,vertebrate,region,0
P08047,vertebrate,control,0
P08047,vertebrate,control,0
P08651,vertebrate,control,0
P10070,vertebrate,region,0
P10070,vertebrate,region,0
P10070,vertebrate,control,0
P10070,vertebrate,control,0
P10070,vertebrate,control,0
P10070,vertebrate,control,0
P10070,vertebrate,control,0
P10070,vertebrate,control,0
P11279,vertebrate,region,0
P11279,vertebrate,region,0
P11279,vertebrate,region,1
P11279,vertebrate,region,0
P11279,vertebrate,region,0
P11279,vertebrate,region,1
P11279,vertebrate,control,1
P11279,vertebrate,control,0
P11279,vertebrate,control,0
P11279,vertebrate,control,0
P11279,vertebrate,control,1
P11279,vertebrate,region,0
P11279,vertebrate,region,0
P12270,vertebrate,region,0
P12270,vertebrate,region,0
P12270,vertebrate,region,0
P12270,vertebrate,control,0
P12270,vertebrate,control,0
P12270,vertebrate,control,0
P12270,vertebrate,control,0
P12270,vertebrate,control,0
P12270,vertebrate,control,0
P12270,vertebrate,control,0
P12270,vertebrate,control,1
P12270,vertebrate,control,1
P12270,vertebrate,control,0
P12270,vertebrate,control,1
P13796,vertebrate,control,0
P13796,vertebrate,control,0
P13796,vertebrate,control,0
P13796,vertebrate,control,0
P13796,vertebrate,control,0
P14859,vertebrate,region,0
P14859,vertebrate,region,0
P14859,vertebrate,region,0
P14859,vertebrate,control,0
P14859,vertebrate,control,0
P15336,vertebrate,control,0
P15822,vertebrate,region,0
P15822,vertebrate,region,0
P15822,vertebrate,region,0
P15822,vertebrate,region,0
P15822,vertebrate,region,0
P15822,vertebrate,region,0
P15822,vertebrate,region,0
P15822,vertebrate,control,0
P15822,vertebrate,control,1
P15822,vertebrate,control,0
P15822,vertebrate,control,0
P15822,vertebrate,control,0
P15822,vertebrate,control,0
P15822,vertebrate,control,0
P15822,vertebrate,control,0
P15822,vertebrate,control,0
P15822,vertebrate,control,0
P15822,vertebrate,control,0
P15822,vertebrate,control,0
P15822,vertebrate,control,0
P15822,vertebrate,control,0
P15822,vertebrate,control,0
P15822,vertebrate,region,0
P15822,vertebrate,region,0
P15822,vertebrate,region,0
P15822,vertebrate,region,0
P15822,vertebrate,region,0
P15822,vertebrate,region,0
P15822,vertebrate,control,0
P15822,vertebrate,control,1
P15822,vertebrate,control,1
P15822,vertebrate,control,0
P15822,vertebrate,control,0
P15822,vertebrate,control,0
P15822,vertebrate,control,0
P15822,vertebrate,control,0
P15822,vertebrate,control,0
P15822,vertebrate,control,0
P15822,vertebrate,region,0
P15822,vertebrate,region,0
P15822,vertebrate,region,0
P15822,vertebrate,region,0
P15822,vertebrate,region,0
P15822,vertebrate,control,0
P15822,vertebrate,control,0
P15822,vertebrate,control,0
P15822,vertebrate,control,0
P17275,vertebrate,region,0
P17275,vertebrate,control,0
P18583,vertebrate,region,0
P18583,vertebrate,region,0
P18583,vertebrate,region,0
P18583,vertebrate,region,0
P22681,vertebrate,region,0
P22681,vertebrate,region,0
P22681,vertebrate,region,0
P22681,vertebrate,region,0
P22681,vertebrate,control,0
P22681,vertebrate,control,0
P22681,vertebrate,control,0
P22681,vertebrate,region,0
P22681,vertebrate,region,0
P22681,vertebrate,region,0
P22681,vertebrate,region,0
P22681,vertebrate,region,0
P22681,vertebrate,region,0
P22681,vertebrate,region,0
P22681,vertebrate,region,0
P22681,vertebrate,region,0
P22681,vertebrate,region,0
P22681,vertebrate,region,0
P22681,vertebrate,region,0
P22681,vertebrate,control,0
P22681,vertebrate,control,0
P23246,vertebrate,control,0
P23246,vertebrate,control,0
P23246,vertebrate,control,0
P23246,vertebrate,control,0
P27540,vertebrate,region,0
P27540,vertebrate,region,0
P27540,vertebrate,region,0
P27540,vertebrate,region,0
P27540,vertebrate,region,0
P27540,vertebrate,region,0
P27540,vertebrate,control,0
P27540,vertebrate,control,0
P27540,vertebrate,control,0
P27540,vertebrate,control,0
P27540,vertebrate,control,0
P27540,vertebrate,control,0
P27540,vertebrate,control,0
P27540,vertebrate,control,0
P30622,vertebrate,region,0
P30622,vertebrate,region,0
P30622,vertebrate,region,0
P30622,vertebrate,region,0
P31629,vertebrate,region,0
P31629,vertebrate,region,0
P31629,vertebrate,region,0
P31629,vertebrate,region,0
P31629,vertebrate,control,0
P31629,vertebrate,control,0
P31629,vertebrate,control,0
P31629,vertebrate,control,0
P31629,vertebrate,control,0
P31629,vertebrate,control,0
P31629,vertebrate,region,0
P31629,vertebrate,region,0
P31629,vertebrate,region,0
P31629,vertebrate,region,0
P31629,vertebrate,region,0
P31629,vertebrate,region,1
P31629,vertebrate,region,0
P31629,vertebrate,region,1
P31629,vertebrate,region,0
P31629,vertebrate,region,0
P31629,vertebrate,region,0
P31629,vertebrate,region,0
P31629,vertebrate,region,0
P31629,vertebrate,region,0
P31629,vertebrate,region,0
P31629,vertebrate,region,0
P31629,vertebrate,control,0
P31629,vertebrate,control,0
P31629,vertebrate,control,0
P31629,vertebrate,control,0
P31629,vertebrate,control,0
P31629,vertebrate,region,0
P31629,vertebrate,region,0
P31629,vertebrate,region,0
P31629,vertebrate,region,0
P31629,vertebrate,region,0
P31629,vertebrate,control,0
P31629,vertebrate,control,0
P31629,vertebrate,control,0
P31629,vertebrate,control,0
P31629,vertebrate,control,0
P31629,vertebrate,control,0
P31629,vertebrate,control,0
P31629,vertebrate,control,0
P31629,vertebrate,region,0
P31629,vertebrate,region,0
P31629,vertebrate,region,0
P31629,vertebrate,region,0
P31629,vertebrate,region,1
P31629,vertebrate,region,0
P31629,vertebrate,region,1
P31629,vertebrate,region,0
P31629,vertebrate,control,0
P31629,vertebrate,control,0
P31629,vertebrate,control,0
P31629,vertebrate,control,0
P31629,vertebrate,control,0
P31629,vertebrate,control,0
P31629,vertebrate,control,0
P31629,vertebrate,control,0
P32519,vertebrate,control,0
P35613,vertebrate,region,0
P35613,vertebrate,region,0
P35613,vertebrate,region,0
P35613,vertebrate,region,0
P35613,vertebrate,region,1
P35613,vertebrate,region,0
P35613,vertebrate,region,0
P35613,vertebrate,region,0
P35613,vertebrate,region,0
P35613,vertebrate,control,0
P35613,vertebrate,control,0
P35613,vertebrate,control,0
P35613,vertebrate,control,0
P35613,vertebrate,control,0
P35613,vertebrate,control,0
P35613,vertebrate,control,0
P35613,vertebrate,control,0
P35613,vertebrate,control,0
P35613,vertebrate,control,0
P35658,vertebrate,region,0
P35658,vertebrate,region,0
P35658,vertebrate,region,0
P35658,vertebrate,region,0
P35658,vertebrate,region,0
P35658,vertebrate,region,0
P35658,vertebrate,control,0
P35658,vertebrate,control,0
P35658,vertebrate,control,0
P35658,vertebrate,control,0
P35658,vertebrate,control,0
P35658,vertebrate,control,0
P35658,vertebrate,control,0
P35658,vertebrate,control,0
P35658,vertebrate,control,0
P35658,vertebrate,control,0
P35658,vertebrate,control,0
P35658,vertebrate,control,0
P35658,vertebrate,control,0
P35658,vertebrate,control,0
P35658,vertebrate,control,0
P35658,vertebrate,control,0
P35658,vertebrate,control,0
P35658,vertebrate,region,0
P35658,vertebrate,region,0
P35658,vertebrate,region,0
P35658,vertebrate,region,0
P35658,vertebrate,region,0
P35658,vertebrate,region,0
P35658,vertebrate,region,0
P35658,vertebrate,region,0
P35658,vertebrate,region,0
P35658,vertebrate,control,1
P35658,vertebrate,control,0
P35658,vertebrate,control,0
P35658,vertebrate,control,1
P35658,vertebrate,control,0
P35658,vertebrate,control,0
P35658,vertebrate,control,0
P35658,vertebrate,region,0
P35658,vertebrate,region,0
P35658,vertebrate,region,0
P35658,vertebrate,control,0
P35658,vertebrate,control,0
P35658,vertebrate,region,0
P35658,vertebrate,region,0
P35658,vertebrate,region,0
P35658,vertebrate,region,0
P35658,vertebrate,region,0
P35658,vertebrate,region,0
P35658,vertebrate,region,0
P35658,vertebrate,region,0
P35658,vertebrate,control,0
P35658,vertebrate,control,0
P35658,vertebrate,control,0
P35658,vertebrate,control,0
P35658,vertebrate,control,0
P35658,vertebrate,control,0
P35658,vertebrate,control,0
P35658,vertebrate,region,0
P35658,vertebrate,region,0
P35658,vertebrate,region,0
P35658,vertebrate,region,0
P35658,vertebrate,region,0
P35658,vertebrate,region,0
P35658,vertebrate,region,0
P35658,vertebrate,region,0
P35658,vertebrate,region,0
P35658,vertebrate,control,0
P35658,vertebrate,control,0
P35658,vertebrate,control,0
P35658,vertebrate,control,0
P35658,vertebrate,control,0
P35658,vertebrate,control,0
P35658,vertebrate,control,0
P35658,vertebrate,control,0
P35658,vertebrate,control,0
P35658,vertebrate,control,0
P35658,vertebrate,control,0
P35658,vertebrate,control,0
P35658,vertebrate,region,0
P35658,vertebrate,region,1
P35658,vertebrate,region,0
P35658,vertebrate,region,0
P35658,vertebrate,region,0
P35658,vertebrate,region,0
P35658,vertebrate,region,0
P35658,vertebrate,region,0
P35658,vertebrate,region,0
P35658,vertebrate,control,0
P35658,vertebrate,control,0
P35658,vertebrate,control,0
P35658,vertebrate,control,0
P35658,vertebrate,control,0
P35658,vertebrate,control,0
P35658,vertebrate,control,0
P35658,vertebrate,control,0
P35658,vertebrate,control,0
P35658,vertebrate,control,0
P35658,vertebrate,control,0
P35658,vertebrate,control,0
P35658,vertebrate,control,0
P35658,vertebrate,control,0
P35658,vertebrate,control,0
P35658,vertebrate,region,0
P35658,vertebrate,region,0
P35658,vertebrate,region,0
P35658,vertebrate,region,0
P35658,vertebrate,region,0
P35658,vertebrate,region,0
P35658,vertebrate,region,0
P35658,vertebrate,region,0
P35658,vertebrate,region,0
P35658,vertebrate,region,0
P35658,vertebrate,region,0
P35658,vertebrate,region,0
P35658,vertebrate,region,0
P35658,vertebrate,region,0
P35658,vertebrate,region,0
P35658,vertebrate,region,0
P35658,vertebrate,region,0
P35658,vertebrate,control,0
P35658,vertebrate,control,0
P35658,vertebrate,control,0
P35658,vertebrate,control,0
P35658,vertebrate,control,0
P35658,vertebrate,control,0
P35658,vertebrate,control,0
P35658,vertebrate,control,0
P35658,vertebrate,control,0
P35658,vertebrate,control,0
P35658,vertebrate,control,0
P35658,vertebrate,control,0
P35658,vertebrate,control,0
P35658,vertebrate,region,0
P35658,vertebrate,region,0
P35658,vertebrate,region,0
P35658,vertebrate,region,0
P35658,vertebrate,region,0
P35658,vertebrate,region,0
P35658,vertebrate,region,0
P35658,vertebrate,region,0
P35658,vertebrate,region,0
P35658,vertebrate,region,0
P35658,vertebrate,region,0
P35658,vertebrate,region,0
P35658,vertebrate,region,0
P35658,vertebrate,region,0
P35658,vertebrate,region,0
P35658,vertebrate,region,0
P35658,vertebrate,control,0
P35658,vertebrate,control,0
P35658,vertebrate,control,0
P35658,vertebrate,control,0
P35658,vertebrate,control,0
P35658,vertebrate,control,0
P35658,vertebrate,control,0
P35658,vertebrate,control,0
P35658,vertebrate,control,0
P35658,vertebrate,control,0
P35658,vertebrate,control,0
P35658,vertebrate,control,0
P35658,vertebrate,control,0
P35658,vertebrate,control,0
P35658,vertebrate,control,0
P35658,vertebrate,control,0
P35658,vertebrate,control,0
P35658,vertebrate,control,0
P35658,vertebrate,control,0
P35658,vertebrate,control,0
P35658,vertebrate,region,0
P35658,vertebrate,region,0
P35658,vertebrate,control,0
P35658,vertebrate,control,0
P35658,vertebrate,control,0
P35658,vertebrate,control,0
P35658,vertebrate,region,0
P35658,vertebrate,region,0
P35658,vertebrate,region,0
P35658,vertebrate,region,0
P35658,vertebrate,control,0
P35658,vertebrate,control,0
P35658,vertebrate,control,0
P35658,vertebrate,control,0
P35658,vertebrate,region,0
P35658,vertebrate,region,0
P35658,vertebrate,region,0
P35658,vertebrate,region,0
P35658,vertebrate,region,0
P35658,vertebrate,region,0
P35658,vertebrate,control,0
P35658,vertebrate,control,0
P35658,vertebrate,control,0
P35658,vertebrate,control,0
P35658,vertebrate,control,0
P35658,vertebrate,control,0
P35658,vertebrate,control,0
P35658,vertebrate,control,0
P35658,vertebrate,region,0
P35658,vertebrate,region,0
P35658,vertebrate,region,0
P35658,vertebrate,control,0
P35658,vertebrate,control,0
P35658,vertebrate,control,0
P35658,vertebrate,control,0
P35658,vertebrate,control,0
P35658,vertebrate,control,0
P35658,vertebrate,control,0
P35658,vertebrate,control,0
P35658,vertebrate,control,0
P35658,vertebrate,control,0
P35658,vertebrate,region,0
P35658,vertebrate,region,0
P35658,vertebrate,control,0
P35658,vertebrate,control,0
P35658,vertebrate,control,0
P35658,vertebrate,control,0
P35658,vertebrate,control,0
P35658,vertebrate,control,0
P35658,vertebrate,control,0
P35658,vertebrate,control,0
P35658,vertebrate,control,0
P35658,vertebrate,control,0
P35658,vertebrate,control,0
P35658,vertebrate,control,0
P35658,vertebrate,control,0
P35658,vertebrate,control,0
P35658,vertebrate,control,0
P35658,vertebrate,control,0
P35658,vertebrate,control,0
P35658,vertebrate,control,0
P35658,vertebrate,control,0
P35658,vertebrate,control,0
P35658,vertebrate,control,0
P35658,vertebrate,control,0
P35658,vertebrate,control,0
P35658,vertebrate,control,0
P35658,vertebrate,control,0
P35658,vertebrate,control,0
P35658,vertebrate,control,0
P35658,vertebrate,control,0
P35658,vertebrate,control,0
P35658,vertebrate,region,0
P35658,vertebrate,region,0
P37198,vertebrate,region,0
P37198,vertebrate,region,0
P37198,vertebrate,region,0
P37198,vertebrate,region,0
P37198,vertebrate,region,0
P37198,vertebrate,region,0
P37198,vertebrate,control,0
P37198,vertebrate,control,0
P39880,vertebrate,region,0
P39880,vertebrate,region,0
P39880,vertebrate,region,0
P39880,vertebrate,region,0
P39880,vertebrate,region,0
P39880,vertebrate,region,0
P39880,vertebrate,region,0
P39880,vertebrate,region,0
P39880,vertebrate,region,0
P39880,vertebrate,region,0
P39880,vertebrate,region,0
P39880,vertebrate,region,0
P39880,vertebrate,region,0
P39880,vertebrate,region,0
P39880,vertebrate,region,0
P39880,vertebrate,control,0
P39880,vertebrate,control,0
P39880,vertebrate,control,0
P39880,vertebrate,control,0
P39880,vertebrate,control,0
P39880,vertebrate,control,0
P39880,vertebrate,control,0
P39880,vertebrate,control,0
P39880,vertebrate,control,0
P39880,vertebrate,control,0
P39880,vertebrate,control,0
P40425,vertebrate,region,0
P40425,vertebrate,region,0
P43155,vertebrate,region,0
P43155,vertebrate,region,0
P43155,vertebrate,region,0
P43155,vertebrate,region,0
P46013,vertebrate,region,0
P46013,vertebrate,region,0
P46013,vertebrate,region,0
P46013,vertebrate,region,0
P46013,vertebrate,region,0
P46013,vertebrate,region,0
P46013,vertebrate,control,0
P46013,vertebrate,control,0
P46013,vertebrate,control,0
P46013,vertebrate,control,0
P46013,vertebrate,control,0
P46013,vertebrate,control,0
P46013,vertebrate,control,0
P46013,vertebrate,control,0
P46013,vertebrate,control,0
P46013,vertebrate,control,0
P46013,vertebrate,control,0
P46100,vertebrate,region,0
P46100,vertebrate,region,0
P46100,vertebrate,region,0
P46100,vertebrate,region,0
P46100,vertebrate,region,0
P46100,vertebrate,region,0
P46100,vertebrate,region,0
P48634,vertebrate,region,0
P48634,vertebrate,region,0
P48634,vertebrate,control,0
P48634,vertebrate,control,0
P49321,vertebrate,region,0
P49321,vertebrate,region,0
P49321,vertebrate,control,0
P49321,vertebrate,control,0
P49321,vertebrate,control,0
P49321,vertebrate,control,0
P49750,vertebrate,region,0
P49750,vertebrate,region,0
P49750,vertebrate,region,1
P49750,vertebrate,control,0
P49750,vertebrate,control,0
P49750,vertebrate,control,0
P49750,vertebrate,control,0
P49750,vertebrate,region,0
P49750,vertebrate,region,0
P49750,vertebrate,region,0
P49750,vertebrate,region,0
P49750,vertebrate,region,0
P49750,vertebrate,region,0
P49750,vertebrate,region,0
P49790,vertebrate,region,0
P49790,vertebrate,region,0
P49790,vertebrate,region,0
P49790,vertebrate,region,0
P49790,vertebrate,region,0
P49790,vertebrate,region,0
P49790,vertebrate,region,0
P49790,vertebrate,region,0
P49790,vertebrate,region,0
P49790,vertebrate,region,1
P49790,vertebrate,region,1
P49790,vertebrate,region,0
P49790,vertebrate,region,0
P49790,vertebrate,region,0
P49790,vertebrate,region,0
P49790,vertebrate,region,0
P49790,vertebrate,region,0
P49790,vertebrate,region,0
P49790,vertebrate,region,0
P49790,vertebrate,region,0
P49790,vertebrate,region,0
P49790,vertebrate,region,0
P49790,vertebrate,region,0
P49790,vertebrate,region,0
P49790,vertebrate,region,0
P49790,vertebrate,region,0
P49790,vertebrate,region,0
P49790,vertebrate,region,0
P49790,vertebrate,region,0
P49790,vertebrate,region,0
P49790,vertebrate,region,0
P49790,vertebrate,region,0
P49790,vertebrate,region,0
P49790,vertebrate,region,0
P49790,vertebrate,region,0
P49790,vertebrate,region,0
P49790,vertebrate,region,0
P49790,vertebrate,control,0
P49790,vertebrate,control,0
P49790,vertebrate,control,0
P49790,vertebrate,control,0
P49790,vertebrate,control,0
P49790,vertebrate,control,0
P49790,vertebrate,control,0
P49790,vertebrate,control,0
P49790,vertebrate,control,0
P49790,vertebrate,control,0
P49790,vertebrate,control,0
P49790,vertebrate,control,0
P49790,vertebrate,control,0
P49790,vertebrate,control,0
P49790,vertebrate,control,0
P49790,vertebrate,control,0
P49790,vertebrate,control,0
P49790,vertebrate,control,0
P49790,vertebrate,control,0
P49790,vertebrate,control,0
P49790,vertebrate,control,0
P49790,vertebrate,control,0
P49790,vertebrate,control,0
P49790,vertebrate,control,0
P49790,vertebrate,region,0
P49790,vertebrate,region,0
P49790,vertebrate,region,0
P49790,vertebrate,region,1
P49790,vertebrate,region,0
P49790,vertebrate,region,0
P49790,vertebrate,region,0
P49790,vertebrate,region,0
P49790,vertebrate,region,0
P49790,vertebrate,region,0
P49790,vertebrate,region,0
P49790,vertebrate,region,0
P49790,vertebrate,control,0
P49790,vertebrate,control,0
P49790,vertebrate,control,0
P49790,vertebrate,control,0
P49790,vertebrate,control,0
P49790,vertebrate,control,0
P49790,vertebrate,control,0
P49790,vertebrate,control,0
P49790,vertebrate,control,0
P49790,vertebrate,control,0
P49790,vertebrate,region,0
P49790,vertebrate,region,0
P49790,vertebrate,region,0
P49790,vertebrate,region,1
P49790,vertebrate,region,0
P49790,vertebrate,region,0
P49790,vertebrate,region,0
P49790,vertebrate,region,0
P49790,vertebrate,region,0
P49790,vertebrate,region,0
P49790,vertebrate,region,0
P49790,vertebrate,region,0
P49790,vertebrate,control,0
P49790,vertebrate,control,0
P49790,vertebrate,control,0
P49790,vertebrate,control,0
P49790,vertebrate,control,0
P49790,vertebrate,control,0
P49790,vertebrate,control,0
P49790,vertebrate,control,0
P49790,vertebrate,control,0
P49790,vertebrate,control,0
P49790,vertebrate,region,0
P49790,vertebrate,region,0
P49790,vertebrate,control,0
P49790,vertebrate,region,1
P49790,vertebrate,region,0
P49790,vertebrate,region,0
P49790,vertebrate,region,0
P49790,vertebrate,region,0
P49790,vertebrate,region,0
P49790,vertebrate,region,0
P49790,vertebrate,region,0
P49790,vertebrate,region,0
P49790,vertebrate,region,0
P49790,vertebrate,region,0
P49790,vertebrate,region,0
P49790,vertebrate,region,0
P49790,vertebrate,control,0
P49790,vertebrate,control,0
P49790,vertebrate,control,0
P49790,vertebrate,control,0
P49790,vertebrate,control,0
P49790,vertebrate,control,0
P49790,vertebrate,control,0
P49790,vertebrate,control,0
P49790,vertebrate,region,0
P49790,vertebrate,region,0
P49790,vertebrate,region,0
P49790,vertebrate,region,0
P49790,vertebrate,region,0
P49790,vertebrate,region,0
P49790,vertebrate,region,1
P49790,vertebrate,region,0
P49790,vertebrate,region,0
P49790,vertebrate,region,0
P49790,vertebrate,region,0
P49790,vertebrate,region,0
P49790,vertebrate,region,0
P49790,vertebrate,region,0
P49790,vertebrate,region,0
P49790,vertebrate,region,0
P49790,vertebrate,region,0
P49790,vertebrate,region,1
P49790,vertebrate,region,0
P49790,vertebrate,region,0
P49790,vertebrate,region,0
P49790,vertebrate,region,0
P49790,vertebrate,region,0
P49790,vertebrate,region,0
P49790,vertebrate,region,0
P49790,vertebrate,region,0
P49790,vertebrate,region,0
P49790,vertebrate,region,1
P49790,vertebrate,region,0
P49790,vertebrate,control,0
P49790,vertebrate,control,0
P49790,vertebrate,region,0
P49790,vertebrate,region,0
P49790,vertebrate,region,0
P49790,vertebrate,region,0
P49790,vertebrate,region,0
P49790,vertebrate,region,0
P49790,vertebrate,region,0
P49790,vertebrate,region,0
P49790,vertebrate,region,1
P49790,vertebrate,region,0
P49790,vertebrate,region,0
P49790,vertebrate,region,0
P49790,vertebrate,region,0
P49790,vertebrate,region,0
P49790,vertebrate,region,0
P49790,vertebrate,region,0
P49790,vertebrate,control,0
P49790,vertebrate,control,0
P49790,vertebrate,control,0
P49790,vertebrate,control,0
P49790,vertebrate,control,0
P49790,vertebrate,control,0
P49790,vertebrate,control,0
P49790,vertebrate,control,0
P49790,vertebrate,region,0
P49790,vertebrate,region,0
P49790,vertebrate,control,0
P49790,vertebrate,region,0
P49790,vertebrate,region,0
P49790,vertebrate,region,0
P49790,vertebrate,region,0
P49790,vertebrate,region,0
P49790,vertebrate,region,0
P49790,vertebrate,region,0
P49790,vertebrate,region,0
P49790,vertebrate,region,0
P49790,vertebrate,region,0
P49790,vertebrate,region,0
P49790,vertebrate,control,0
P49790,vertebrate,control,0
P49790,vertebrate,control,0
P49790,vertebrate,region,0
P49790,vertebrate,region,0
P49790,vertebrate,control,0
P49848,vertebrate,region,0
P49848,vertebrate,region,0
P49848,vertebrate,region,0
P49848,vertebrate,region,0
P49848,vertebrate,region,0
P49848,vertebrate,region,0
P49848,vertebrate,region,0
P49848,vertebrate,region,0
P49848,vertebrate,region,1
P49848,vertebrate,control,0
P49848,vertebrate,control,0
P49848,vertebrate,control,0
P49848,vertebrate,control,0
P49848,vertebrate,control,0
P49848,vertebrate,control,0
P49848,vertebrate,control,1
P49848,vertebrate,control,0
P49848,vertebrate,control,0
P49848,vertebrate,control,0
P49848,vertebrate,control,0
P49848,vertebrate,control,0
P49848,vertebrate,control,1
P49848,vertebrate,control,0
P49848,vertebrate,control,0
P49848,vertebrate,control,0
P49848,vertebrate,control,0
P49848,vertebrate,control,0
P49848,vertebrate,region,0
P49848,vertebrate,region,0
P49848,vertebrate,region,0
P49848,vertebrate,region,0
P49848,vertebrate,region,0
P49848,vertebrate,region,0
P49848,vertebrate,region,0
P49848,vertebrate,region,0
P49848,vertebrate,region,0
P49848,vertebrate,region,0
P49848,vertebrate,region,0
P49848,vertebrate,region,0
P49848,vertebrate,region,0
P49848,vertebrate,region,0
P49848,vertebrate,region,0
P49848,vertebrate,region,0
P49848,vertebrate,region,0
P49848,vertebrate,region,0
P49848,vertebrate,control,0
P49848,vertebrate,control,0
P49848,vertebrate,control,0
P49848,vertebrate,control,0
P49848,vertebrate,control,0
P49848,vertebrate,control,0
P49848,vertebrate,control,0
P49848,vertebrate,control,0
P49848,vertebrate,control,0
P49848,vertebrate,control,0
P49848,vertebrate,control,1
P49848,vertebrate,control,0
P49848,vertebrate,control,1
P49848,vertebrate,control,0
P49848,vertebrate,control,0
P49848,vertebrate,control,0
P49848,vertebrate,control,0
P49848,vertebrate,control,0
P49848,vertebrate,control,1
P49848,vertebrate,control,0
P49848,vertebrate,control,0
P49848,vertebrate,control,0
P49848,vertebrate,control,0
P49848,vertebrate,control,0
P49916,vertebrate,region,0
P49916,vertebrate,region,0
P49916,vertebrate,region,0
P49916,vertebrate,region,0
P49916,vertebrate,control,1
P49916,vertebrate,control,0
P49916,vertebrate,control,0
P50402,vertebrate,region,0
P50402,vertebrate,region,0
P50402,vertebrate,control,0
P50402,vertebrate,control,0
P51610,vertebrate,region,0
P51610,vertebrate,region,0
P51610,vertebrate,control,0
P51610,vertebrate,control,0
P51610,vertebrate,region,0
P51610,vertebrate,region,0
P51610,vertebrate,control,0
P51610,vertebrate,control,0
P51610,vertebrate,control,0
P51610,vertebrate,control,0
P51610,vertebrate,region,0
P51610,vertebrate,region,0
P51610,vertebrate,control,0
P51610,vertebrate,control,0
P51610,vertebrate,region,0
P51610,vertebrate,region,0
P51610,vertebrate,region,0
P51610,vertebrate,region,0
P51610,vertebrate,region,0
P51610,vertebrate,region,0
P51610,vertebrate,region,0
P51610,vertebrate,region,0
P51610,vertebrate,region,1
P51610,vertebrate,region,0
P51610,vertebrate,region,0
P51610,vertebrate,region,0
P51610,vertebrate,region,0
P51610,vertebrate,region,0
P51610,vertebrate,region,0
P51610,vertebrate,region,0
P51610,vertebrate,region,0
P51610,vertebrate,region,1
P51610,vertebrate,region,0
P51610,vertebrate,region,0
P51610,vertebrate,region,0
P51610,vertebrate,region,0
P51610,vertebrate,region,0
P51610,vertebrate,region,0
P51610,vertebrate,region,0
P51610,vertebrate,region,0
P51826,vertebrate,region,0
P51826,vertebrate,region,0
P51826,vertebrate,region,0
P51826,vertebrate,region,0
P52594,vertebrate,region,0
P52594,vertebrate,control,0
P52594,vertebrate,control,0
P52948,vertebrate,region,0
P52948,vertebrate,region,0
P52948,vertebrate,region,0
P52948,vertebrate,region,0
P52948,vertebrate,region,0
P52948,vertebrate,region,0
P52948,vertebrate,region,0
P52948,vertebrate,region,0
P52948,vertebrate,region,0
P52948,vertebrate,region,0
P52948,vertebrate,region,0
P52948,vertebrate,control,0
P52948,vertebrate,control,0
P52948,vertebrate,control,0
P52948,vertebrate,control,0
P52948,vertebrate,control,0
P52948,vertebrate,control,0
P52948,vertebrate,control,0
P52948,vertebrate,control,0
P52948,vertebrate,control,0
P52948,vertebrate,control,1
P52948,vertebrate,control,0
P52948,vertebrate,region,0
P52948,vertebrate,region,0
P52948,vertebrate,region,0
P52948,vertebrate,region,0
P52948,vertebrate,region,0
P52948,vertebrate,region,0
P52948,vertebrate,region,0
P52948,vertebrate,region,0
P52948,vertebrate,region,0
P52948,vertebrate,control,0
P52948,vertebrate,control,0
P52948,vertebrate,control,0
P52948,vertebrate,control,0
P52948,vertebrate,control,0
P52948,vertebrate,region,0
P52948,vertebrate,control,0
P52948,vertebrate,control,1
P52948,vertebrate,region,1
P52948,vertebrate,region,0
P53992,vertebrate,control,0
P53992,vertebrate,control,0
P53992,vertebrate,control,0
P53992,vertebrate,control,0
P53992,vertebrate,control,0
P54253,vertebrate,region,0
P54253,vertebrate,region,0
P54253,vertebrate,control,0
P54253,vertebrate,control,0
P54253,vertebrate,control,0
P54253,vertebrate,control,0
P55197,vertebrate,region,0
P55197,vertebrate,region,0
P55197,vertebrate,region,0
P55197,vertebrate,region,0
P55197,vertebrate,region,0
P55197,vertebrate,region,0
P55197,vertebrate,control,0
P55197,vertebrate,control,0
P55197,vertebrate,control,0
P55198,vertebrate,region,0
P55198,vertebrate,region,0
P55198,vertebrate,region,0
P55198,vertebrate,control,0
P55265,vertebrate,region,0
P55265,vertebrate,region,1
P55265,vertebrate,region,1
P55265,vertebrate,region,0
P55265,vertebrate,region,0
P55265,vertebrate,region,1
P55265,vertebrate,region,0
P55265,vertebrate,region,0
P55265,vertebrate,region,0
P55265,vertebrate,region,0
P55265,vertebrate,region,1
P55265,vertebrate,region,0
P55265,vertebrate,region,1
P55265,vertebrate,region,0
P55265,vertebrate,region,0
P55265,vertebrate,region,0
P55265,vertebrate,region,0
P55265,vertebrate,region,0
P55265,vertebrate,region,0
P55265,vertebrate,region,0
P55265,vertebrate,region,0
P55265,vertebrate,region,0
P55265,vertebrate,region,0
P55265,vertebrate,region,0
P55265,vertebrate,region,0
P55265,vertebrate,control,0
P55265,vertebrate,control,0
P55265,vertebrate,control,0
P55265,vertebrate,control,1
P55265,vertebrate,control,1
P55265,vertebrate,control,1
P55265,vertebrate,control,0
P55265,vertebrate,control,0
P55265,vertebrate,control,0
P55265,vertebrate,control,0
P55265,vertebrate,control,0
P55265,vertebrate,control,0
P55265,vertebrate,control,0
P55265,vertebrate,control,0
P55265,vertebrate,control,0
P61769,vertebrate,region,0
P78364,vertebrate,region,0
P78364,vertebrate,region,0
P78364,vertebrate,region,0
P78364,vertebrate,region,1
P85037,vertebrate,region,0
P85037,vertebrate,control,0
P98082,vertebrate,region,0
P98082,vertebrate,region,0
P98082,vertebrate,region,0
P98082,vertebrate,region,0
P98082,vertebrate,region,0
P98082,vertebrate,region,0
P98082,vertebrate,region,0
P98082,vertebrate,region,0
P98082,vertebrate,control,0
P98171,vertebrate,region,0
P98171,vertebrate,region,0
P98171,vertebrate,region,0
P98171,vertebrate,region,0
P98171,vertebrate,region,0
P98171,vertebrate,region,0
P98171,vertebrate,region,0
Q01167,vertebrate,region,0
Q01167,vertebrate,region,0
Q01167,vertebrate,region,0
Q01167,vertebrate,region,0
Q01167,vertebrate,region,0
Q01167,vertebrate,region,0
Q01167,vertebrate,region,0
Q01196,vertebrate,control,0
Q02505,vertebrate,region,0
Q02505,vertebrate,region,0
Q02505,vertebrate,region,0
Q02505,vertebrate,region,0
Q02505,vertebrate,region,0
Q02505,vertebrate,region,0
Q02505,vertebrate,region,1
Q02505,vertebrate,region,0
Q02505,vertebrate,region,0
Q02505,vertebrate,control,0
Q02505,vertebrate,control,0
Q02505,vertebrate,control,0
Q02505,vertebrate,control,0
Q02505,vertebrate,control,1
Q02505,vertebrate,control,0
Q02505,vertebrate,control,0
Q02505,vertebrate,region,0
Q02505,vertebrate,region,0
Q02505,vertebrate,region,0
Q02505,vertebrate,region,1
Q02505,vertebrate,region,0
Q02505,vertebrate,region,0
Q02505,vertebrate,region,1
Q02505,vertebrate,region,0
Q02505,vertebrate,region,1
Q02505,vertebrate,region,0
Q02505,vertebrate,region,0
Q02505,vertebrate,region,0
Q02505,vertebrate,region,0
Q02505,vertebrate,region,1
Q02505,vertebrate,control,0
Q02505,vertebrate,control,0
Q02505,vertebrate,control,0
Q02505,vertebrate,control,0
Q02505,vertebrate,control,0
Q02505,vertebrate,control,0
Q02505,vertebrate,control,0
Q02505,vertebrate,control,0
Q02505,vertebrate,control,0
Q02505,vertebrate,control,0
Q02505,vertebrate,control,0
Q02505,vertebrate,control,0
Q02505,vertebrate,control,0
Q02505,vertebrate,control,0
Q02505,vertebrate,control,0
Q02505,vertebrate,control,0
Q02505,vertebrate,control,0
Q02505,vertebrate,control,0
Q03164,vertebrate,region,0
Q03164,vertebrate,region,0
Q03164,vertebrate,region,0
Q03164,vertebrate,region,0
Q03164,vertebrate,region,0
Q03164,vertebrate,region,0
Q03164,vertebrate,region,0
Q03164,vertebrate,region,0
Q03164,vertebrate,region,0
Q03164,vertebrate,control,0
Q03164,vertebrate,control,0
Q03164,vertebrate,control,0
Q03164,vertebrate,control,0
Q03164,vertebrate,control,0
Q03164,vertebrate,control,0
Q03164,vertebrate,control,0
Q03164,vertebrate,control,0
Q03164,vertebrate,control,0
Q03164,vertebrate,control,0
Q03164,vertebrate,control,0
Q03164,vertebrate,region,0
Q03164,vertebrate,region,0
Q03164,vertebrate,control,0
Q03164,vertebrate,control,0
Q03164,vertebrate,control,0
Q03164,vertebrate,control,0
Q03164,vertebrate,control,0
Q03164,vertebrate,control,0
Q03164,vertebrate,control,0
Q03164,vertebrate,control,0
Q04637,vertebrate,control,0
Q04637,vertebrate,control,0
Q04637,vertebrate,control,0
Q04637,vertebrate,control,0
Q04637,vertebrate,region,0
Q04637,vertebrate,region,0
Q04637,vertebrate,control,0
Q04637,vertebrate,control,0
Q05209,vertebrate,region,0
Q05209,vertebrate,control,0
Q05209,vertebrate,control,0
Q05209,vertebrate,control,0
Q09666,vertebrate,region,0
Q09666,vertebrate,region,0
Q09666,vertebrate,region,1
Q09666,vertebrate,region,0
Q09666,vertebrate,region,0
Q09666,vertebrate,region,0
Q09666,vertebrate,region,0
Q09666,vertebrate,control,1
Q09666,vertebrate,control,0
Q09666,vertebrate,region,0
Q09666,vertebrate,region,0
Q09666,vertebrate,region,0
Q09666,vertebrate,region,0
Q09666,vertebrate,region,0
Q09666,vertebrate,control,1
Q09666,vertebrate,control,0
Q09666,vertebrate,control,0
Q09666,vertebrate,control,0
Q09666,vertebrate,control,0
Q09666,vertebrate,control,0
Q09666,vertebrate,control,0
Q12778,vertebrate,control,0
Q12778,vertebrate,control,0
Q12778,vertebrate,control,0
Q12778,vertebrate,control,0
Q12830,vertebrate,region,0
Q12830,vertebrate,region,0
Q12830,vertebrate,region,0
Q12830,vertebrate,control,0
Q12830,vertebrate,control,0
Q12830,vertebrate,control,0
Q12830,vertebrate,control,0
Q12830,vertebrate,control,0
Q12830,vertebrate,control,0
Q12830,vertebrate,control,0
Q12830,vertebrate,control,0
Q12830,vertebrate,control,0
Q12830,vertebrate,control,0
Q12830,vertebrate,control,0
Q12830,vertebrate,region,0
Q12830,vertebrate,region,0
Q12830,vertebrate,region,0
Q12830,vertebrate,region,0
Q12830,vertebrate,region,0
Q12830,vertebrate,region,0
Q12830,vertebrate,region,0
Q12830,vertebrate,region,0
Q12830,vertebrate,region,0
Q12830,vertebrate,region,0
Q12830,vertebrate,region,0
Q12830,vertebrate,region,0
Q12830,vertebrate,region,0
Q12830,vertebrate,region,0
Q12830,vertebrate,region,0
Q12830,vertebrate,region,0
Q12830,vertebrate,region,0
Q12830,vertebrate,region,0
Q12830,vertebrate,region,0
Q12830,vertebrate,region,0
Q12830,vertebrate,region,0
Q12830,vertebrate,control,0
Q12830,vertebrate,control,0
Q12830,vertebrate,control,0
Q12830,vertebrate,control,0
Q12830,vertebrate,control,0
Q12830,vertebrate,control,0
Q12830,vertebrate,control,0
Q12830,vertebrate,control,0
Q12830,vertebrate,control,0
Q12830,vertebrate,control,0
Q12830,vertebrate,control,0
Q12830,vertebrate,region,0
Q12830,vertebrate,region,0
Q12830,vertebrate,region,0
Q12830,vertebrate,control,0
Q12830,vertebrate,control,0
Q12830,vertebrate,control,0
Q12830,vertebrate,control,0
Q12830,vertebrate,control,0
Q12830,vertebrate,control,0
Q12830,vertebrate,region,0
Q12830,vertebrate,region,0
Q12830,vertebrate,region,0
Q12830,vertebrate,region,0
Q12830,vertebrate,region,0
Q12830,vertebrate,region,0
Q12830,vertebrate,region,0
Q12830,vertebrate,region,0
Q12830,vertebrate,region,0
Q12830,vertebrate,region,0
Q12830,vertebrate,region,0
Q12830,vertebrate,region,0
Q12830,vertebrate,region,0
Q12830,vertebrate,region,0
Q12830,vertebrate,region,0
Q12830,vertebrate,region,0
Q12830,vertebrate,region,0
Q12830,vertebrate,region,0
Q12830,vertebrate,region,0
Q12830,vertebrate,region,0
Q12830,vertebrate,region,0
Q12830,vertebrate,region,0
Q12830,vertebrate,region,0
Q12830,vertebrate,region,0
Q12830,vertebrate,region,0
Q12830,vertebrate,region,0
Q12830,vertebrate,region,0
Q12830,vertebrate,region,0
Q12830,vertebrate,region,0
Q12830,vertebrate,region,0
Q12830,vertebrate,region,0
Q12830,vertebrate,region,0
Q12830,vertebrate,region,0
Q12830,vertebrate,region,0
Q12830,vertebrate,region,0
Q12830,vertebrate,region,0
Q12830,vertebrate,region,0
Q12830,vertebrate,region,0
Q12830,vertebrate,region,0
Q12830,vertebrate,region,0
Q12830,vertebrate,control,0
Q12830,vertebrate,control,0
Q12830,vertebrate,control,0
Q12830,vertebrate,control,0
Q12830,vertebrate,control,0
Q12830,vertebrate,control,0
Q12830,vertebrate,control,0
Q12830,vertebrate,control,1
Q12830,vertebrate,control,0
Q12830,vertebrate,control,1
Q12830,vertebrate,control,0
Q12830,vertebrate,control,0
Q12830,vertebrate,control,0
Q12830,vertebrate,control,1
Q12830,vertebrate,control,0
Q12830,vertebrate,control,1
Q12830,vertebrate,control,0
Q12830,vertebrate,control,0
Q12830,vertebrate,control,0
Q12830,vertebrate,control,0
Q12830,vertebrate,control,0
Q12830,vertebrate,control,0
Q12830,vertebrate,control,0
Q12830,vertebrate,control,0
Q12830,vertebrate,control,0
Q12830,vertebrate,control,0
Q12830,vertebrate,control,0
Q12830,vertebrate,control,0
Q13243,vertebrate,region,0
Q13243,vertebrate,region,0
Q13243,vertebrate,region,1
Q13243,vertebrate,control,0
Q13243,vertebrate,control,0
Q13243,vertebrate,control,0
Q13492,vertebrate,region,0
Q13492,vertebrate,region,0
Q13492,vertebrate,region,0
Q13492,vertebrate,region,0
Q13492,vertebrate,region,0
Q13492,vertebrate,region,0
Q13492,vertebrate,region,0
Q13492,vertebrate,region,0
Q13495,vertebrate,region,0
Q13495,vertebrate,region,0
Q13495,vertebrate,region,0
Q13495,vertebrate,control,0
Q13495,vertebrate,control,0
Q13576,vertebrate,region,0
Q13576,vertebrate,region,0
Q13576,vertebrate,region,0
Q13576,vertebrate,region,0
Q13576,vertebrate,region,0
Q13576,vertebrate,control,0
Q13576,vertebrate,control,0
Q13576,vertebrate,control,0
Q13576,vertebrate,control,0
Q13576,vertebrate,control,0
Q13576,vertebrate,control,0
Q14157,vertebrate,region,0
Q14157,vertebrate,region,0
Q14157,vertebrate,control,0
Q14157,vertebrate,control,0
Q14157,vertebrate,control,0
Q14157,vertebrate,region,0
Q14157,vertebrate,region,0
Q14157,vertebrate,region,0
Q14157,vertebrate,region,0
Q14157,vertebrate,region,0
Q14157,vertebrate,region,0
Q14157,vertebrate,region,0
Q14157,vertebrate,region,0
Q14157,vertebrate,region,0
Q14157,vertebrate,control,0
Q14157,vertebrate,control,0
Q14157,vertebrate,control,0
Q14157,vertebrate,control,0
Q14157,vertebrate,control,0
Q14157,vertebrate,region,0
Q14157,vertebrate,region,0
Q14157,vertebrate,region,0
Q14157,vertebrate,region,0
Q14157,vertebrate,control,0
Q14157,vertebrate,region,0
Q14157,vertebrate,region,0
Q14157,vertebrate,region,0
Q14157,vertebrate,region,0
Q14157,vertebrate,region,0
Q14157,vertebrate,region,0
Q14157,vertebrate,region,0
Q14157,vertebrate,region,0
Q14157,vertebrate,region,0
Q14157,vertebrate,region,0
Q14157,vertebrate,region,0
Q14157,vertebrate,region,0
Q14157,vertebrate,region,0
Q14157,vertebrate,region,0
Q14157,vertebrate,region,0
Q14157,vertebrate,region,0
Q14157,vertebrate,region,0
Q14157,vertebrate,region,0
Q14157,vertebrate,region,0
Q14157,vertebrate,region,0
Q14157,vertebrate,region,0
Q14157,vertebrate,control,0
Q14157,vertebrate,control,0
Q14157,vertebrate,control,0
Q14157,vertebrate,control,0
Q14157,vertebrate,region,0
Q14157,vertebrate,region,0
Q14157,vertebrate,region,0
Q14157,vertebrate,region,0
Q14157,vertebrate,region,0
Q14157,vertebrate,region,0
Q14157,vertebrate,region,0
Q14157,vertebrate,region,0
Q14157,vertebrate,region,0
Q14157,vertebrate,control,0
Q14157,vertebrate,region,0
Q14157,vertebrate,region,0
Q14157,vertebrate,region,0
Q14157,vertebrate,region,0
Q14157,vertebrate,region,0
Q14157,vertebrate,region,0
Q14157,vertebrate,region,0
Q14157,vertebrate,control,0
Q14157,vertebrate,control,0
Q14157,vertebrate,control,0
Q14157,vertebrate,control,1
Q14157,vertebrate,control,0
Q14157,vertebrate,control,0
Q14157,vertebrate,region,0
Q14157,vertebrate,region,0
Q14157,vertebrate,region,0
Q14157,vertebrate,region,0
Q14157,vertebrate,control,0
Q14157,vertebrate,control,0
Q14157,vertebrate,control,0
Q14157,vertebrate,control,0
Q14157,vertebrate,control,0
Q14157,vertebrate,control,0
Q14157,vertebrate,region,0
Q14157,vertebrate,control,0
Q14157,vertebrate,control,0
Q14157,vertebrate,control,0
Q14676,vertebrate,region,0
Q14676,vertebrate,region,0
Q14676,vertebrate,region,0
Q14676,vertebrate,region,0
Q14676,vertebrate,region,0
Q14676,vertebrate,region,0
Q14676,vertebrate,region,0
Q14676,vertebrate,region,0
Q14676,vertebrate,region,0
Q14676,vertebrate,region,0
Q14676,vertebrate,region,0
Q14676,vertebrate,region,0
Q14676,vertebrate,control,0
Q14676,vertebrate,control,0
Q14676,vertebrate,control,0
Q14676,vertebrate,control,0
Q14676,vertebrate,control,0
Q14676,vertebrate,control,0
Q14676,vertebrate,control,0
Q14676,vertebrate,control,0
Q14676,vertebrate,control,0
Q14677,vertebrate,region,0
Q14686,vertebrate,region,0
Q14686,vertebrate,control,0
Q14686,vertebrate,control,0
Q14686,vertebrate,control,0
Q14686,vertebrate,control,0
Q14686,vertebrate,control,0
Q14686,vertebrate,region,1
Q14686,vertebrate,region,0
Q14686,vertebrate,region,0
Q14686,vertebrate,region,0
Q14686,vertebrate,region,0
Q14686,vertebrate,region,0
Q14686,vertebrate,control,0
Q14686,vertebrate,control,1
Q14686,vertebrate,control,0
Q14686,vertebrate,control,0
Q14686,vertebrate,control,0
Q14686,vertebrate,control,0
Q14686,vertebrate,control,0
Q14686,vertebrate,control,0
Q14686,vertebrate,control,0
Q14686,vertebrate,region,0
Q14686,vertebrate,region,0
Q14686,vertebrate,region,0
Q14686,vertebrate,region,0
Q14686,vertebrate,control,1
Q14686,vertebrate,control,0
Q14686,vertebrate,region,0
Q14686,vertebrate,region,0
Q14686,vertebrate,control,0
Q14686,vertebrate,control,0
Q14686,vertebrate,control,0
Q14686,vertebrate,control,0
Q14686,vertebrate,control,0
Q14814,vertebrate,region,0
Q14814,vertebrate,region,0
Q14814,vertebrate,region,0
Q14814,vertebrate,region,0
Q14966,vertebrate,region,0
Q14966,vertebrate,region,0
Q14966,vertebrate,region,0
Q14966,vertebrate,region,0
Q14966,vertebrate,region,0
Q14966,vertebrate,region,0
Q14966,vertebrate,region,0
Q14966,vertebrate,region,0
Q14966,vertebrate,control,0
Q14966,vertebrate,control,0
Q14966,vertebrate,control,0
Q14980,vertebrate,region,0
Q14980,vertebrate,region,0
Q14980,vertebrate,region,0
Q14980,vertebrate,region,0
Q14980,vertebrate,region,0
Q14980,vertebrate,region,0
Q14980,vertebrate,region,0
Q14980,vertebrate,region,0
Q14980,vertebrate,region,0
Q14980,vertebrate,region,0
Q14980,vertebrate,region,1
Q14980,vertebrate,region,0
Q14980,vertebrate,region,0
Q14980,vertebrate,control,1
Q14980,vertebrate,control,0
Q14980,vertebrate,control,1
Q14980,vertebrate,control,0
Q14980,vertebrate,region,0
Q14980,vertebrate,region,0
Q14980,vertebrate,region,0
Q14980,vertebrate,control,0
Q14980,vertebrate,control,0
Q14980,vertebrate,control,0
Q15058,vertebrate,region,0
Q15058,vertebrate,region,0
Q15058,vertebrate,region,0
Q15058,vertebrate,region,0
Q15058,vertebrate,control,0
Q15058,vertebrate,control,0
Q15058,vertebrate,control,0
Q15058,vertebrate,control,0
Q15058,vertebrate,control,0
Q15058,vertebrate,control,0
Q15154,vertebrate,region,0
Q15154,vertebrate,region,0
Q15154,vertebrate,region,0
Q15154,vertebrate,region,0
Q15637,vertebrate,control,0
Q15637,vertebrate,control,0
Q15637,vertebrate,control,0
Q15637,vertebrate,control,0
Q15648,vertebrate,control,0
Q15648,vertebrate,control,0
Q15648,vertebrate,control,0
Q15648,vertebrate,control,0
Q15648,vertebrate,control,0
Q15648,vertebrate,control,0
Q15648,vertebrate,control,0
Q15648,vertebrate,control,0
Q15648,vertebrate,region,0
Q15648,vertebrate,region,0
Q15648,vertebrate,region,0
Q15648,vertebrate,region,0
Q15648,vertebrate,control,0
Q15648,vertebrate,control,0
Q15648,vertebrate,control,0
Q15648,vertebrate,control,0
Q15648,vertebrate,control,0
Q15648,vertebrate,region,0
Q15648,vertebrate,region,0
Q15648,vertebrate,region,0
Q15648,vertebrate,region,0
Q15648,vertebrate,region,0
Q15648,vertebrate,region,0
Q15648,vertebrate,control,0
Q15648,vertebrate,control,0
Q15648,vertebrate,control,0
Q15648,vertebrate,control,0
Q15648,vertebrate,control,0
Q15652,vertebrate,region,0
Q15652,vertebrate,control,0
Q15652,vertebrate,control,0
Q15652,vertebrate,region,0
Q15652,vertebrate,control,0
Q15652,vertebrate,control,0
Q15652,vertebrate,region,0
Q15652,vertebrate,region,0
Q15652,vertebrate,region,0
Q15652,vertebrate,control,0
Q15652,vertebrate,control,1
Q15652,vertebrate,control,0
Q15652,vertebrate,control,0
Q15652,vertebrate,control,0
Q15652,vertebrate,control,0
Q15652,vertebrate,region,0
Q15652,vertebrate,region,0
Q15652,vertebrate,region,0
Q15652,vertebrate,region,0
Q15652,vertebrate,region,0
Q15652,vertebrate,region,0
Q15652,vertebrate,region,0
Q15652,vertebrate,control,0
Q15652,vertebrate,control,0
Q15652,vertebrate,control,1
Q15652,vertebrate,control,0
Q15652,vertebrate,control,0
Q15652,vertebrate,control,0
Q15652,vertebrate,control,1
Q15652,vertebrate,control,0
Q15652,vertebrate,control,0
Q15723,vertebrate,control,0
Q15723,vertebrate,control,0
Q15942,vertebrate,region,0
Q15942,vertebrate,region,0
Q15942,vertebrate,region,0
Q15942,vertebrate,region,0
Q15942,vertebrate,region,0
Q15942,vertebrate,region,0
Q15942,vertebrate,region,0
Q15942,vertebrate,region,0
Q15942,vertebrate,region,0
Q15942,vertebrate,region,0
Q15942,vertebrate,region,0
Q15942,vertebrate,region,0
Q15942,vertebrate,region,0
Q15942,vertebrate,control,0
Q15942,vertebrate,control,0
Q15942,vertebrate,control,0
Q15942,vertebrate,control,0
Q16204,vertebrate,region,0
Q16204,vertebrate,region,0
Q16204,vertebrate,control,0
Q16204,vertebrate,control,0
Q16594,vertebrate,region,0
Q16594,vertebrate,region,0
Q2M2I8,vertebrate,region,0
Q2M2I8,vertebrate,region,0
Q2M2I8,vertebrate,region,0
Q2M2I8,vertebrate,control,0
Q2M2I8,vertebrate,control,1
Q2M2I8,vertebrate,control,0
Q4LDE5,vertebrate,region,1
Q4LDE5,vertebrate,region,0
Q4LDE5,vertebrate,region,0
Q4LDE5,vertebrate,region,0
Q4LDE5,vertebrate,control,0
Q4LDE5,vertebrate,control,0
Q4LDE5,vertebrate,control,0
Q53ET0,vertebrate,region,0
Q53ET0,vertebrate,region,0
Q5H9F3,vertebrate,control,0
Q5H9F3,vertebrate,control,0
Q5JSZ5,vertebrate,control,0
Q5JSZ5,vertebrate,control,0
Q5JSZ5,vertebrate,control,0
Q5JSZ5,vertebrate,control,0
Q5T5J6,vertebrate,region,0
Q5T5J6,vertebrate,region,0
Q5T5J6,vertebrate,control,1
Q5T5J6,vertebrate,control,0
Q5T5J6,vertebrate,control,1
Q5T5J6,vertebrate,control,0
Q5T6F2,vertebrate,region,0
Q5T6F2,vertebrate,region,0
Q5T6F2,vertebrate,region,0
Q5T6F2,vertebrate,region,0
Q5T6F2,vertebrate,region,0
Q5T6F2,vertebrate,region,0
Q5T6F2,vertebrate,control,0
Q5T6F2,vertebrate,control,0
Q5T6F2,vertebrate,control,0
Q5T6F2,vertebrate,control,0
Q5T6F2,vertebrate,region,0
Q5T6F2,vertebrate,region,0
Q5T6F2,vertebrate,region,0
Q5T6F2,vertebrate,region,0
Q5T6F2,vertebrate,region,0
Q5T6F2,vertebrate,region,0
Q5T6F2,vertebrate,region,0
Q5T6F2,vertebrate,control,0
Q5T6F2,vertebrate,control,0
Q5T6F2,vertebrate,control,0
Q5T6F2,vertebrate,region,1
Q5T6F2,vertebrate,region,0
Q5T6F2,vertebrate,region,1
Q5T6F2,vertebrate,region,0
Q5T6F2,vertebrate,control,0
Q5T6F2,vertebrate,control,0
Q5T6F2,vertebrate,region,0
Q5T6F2,vertebrate,region,0
Q5T6F2,vertebrate,region,0
Q5T6F2,vertebrate,region,0
Q5T6F2,vertebrate,region,0
Q5T6F2,vertebrate,region,0
Q5T6F2,vertebrate,region,0
Q5T6F2,vertebrate,region,0
Q5T6F2,vertebrate,region,0
Q5T6F2,vertebrate,region,0
Q5T6F2,vertebrate,control,0
Q5VT52,vertebrate,region,0
Q5VT52,vertebrate,region,0
Q5VT52,vertebrate,region,0
Q5VT52,vertebrate,region,0
Q5VT52,vertebrate,region,0
Q5VT52,vertebrate,region,0
Q5VT52,vertebrate,region,0
Q5VT52,vertebrate,region,0
Q5VT52,vertebrate,region,0
Q5VT52,vertebrate,region,0
Q5VT52,vertebrate,region,0
Q5VT52,vertebrate,region,0
Q5VT52,vertebrate,region,0
Q5VT52,vertebrate,region,0
Q5VT52,vertebrate,region,0
Q5VT52,vertebrate,region,0
Q5VT52,vertebrate,region,0
Q5VT52,vertebrate,region,0
Q5VT52,vertebrate,region,0
Q5VT52,vertebrate,region,0
Q5VT52,vertebrate,region,0
Q5VT52,vertebrate,region,0
Q5VT52,vertebrate,region,0
Q5VT52,vertebrate,region,0
Q5VT52,vertebrate,region,0
Q5VT52,vertebrate,region,0
Q5VT52,vertebrate,region,0
Q5VT52,vertebrate,region,0
Q5VT52,vertebrate,control,0
Q5VT52,vertebrate,control,0
Q5VT52,vertebrate,control,0
Q5VT52,vertebrate,region,0
Q5VT52,vertebrate,region,0
Q5VT52,vertebrate,region,0
Q5VT52,vertebrate,region,0
Q5VT52,vertebrate,region,0
Q5VT52,vertebrate,region,0
Q5VT52,vertebrate,control,0
Q5VT52,vertebrate,region,0
Q5VT52,vertebrate,region,0
Q5VT52,vertebrate,region,0
Q5VT52,vertebrate,region,0
Q5VT52,vertebrate,region,0
Q5VT52,vertebrate,control,0
Q5VT52,vertebrate,control,0
Q5VT52,vertebrate,control,0
Q5VT52,vertebrate,region,0
Q5VT52,vertebrate,region,0
Q5VT52,vertebrate,region,0
Q5VT52,vertebrate,region,0
Q5VT52,vertebrate,region,0
Q5VT52,vertebrate,region,0
Q5VT52,vertebrate,region,0
Q5VT52,vertebrate,control,0
Q5VT52,vertebrate,control,0
Q5VT52,vertebrate,control,0
Q5VT52,vertebrate,control,0
Q5VT52,vertebrate,control,0
Q5VT52,vertebrate,control,0
Q5VUA4,vertebrate,region,0
Q5VUA4,vertebrate,region,0
Q5VUA4,vertebrate,region,0
Q5VUA4,vertebrate,region,0
Q5VUA4,vertebrate,region,0
Q5VUA4,vertebrate,control,0
Q5VUA4,vertebrate,control,0
Q5VUA4,vertebrate,control,0
Q5VUA4,vertebrate,control,0
Q5VUA4,vertebrate,region,0
Q5VUA4,vertebrate,region,0
Q5VUA4,vertebrate,control,0
Q5VUA4,vertebrate,control,0
Q5VWN6,vertebrate,region,0
Q5VWN6,vertebrate,region,1
Q5VWN6,vertebrate,region,0
Q5VWN6,vertebrate,region,0
Q5VWN6,vertebrate,region,1
Q5VWN6,vertebrate,control,0
Q5VWN6,vertebrate,control,0
Q5VWN6,vertebrate,region,0
Q5VWN6,vertebrate,region,0
Q5VWN6,vertebrate,region,0
Q5VWN6,vertebrate,region,0
Q5VWN6,vertebrate,region,0
Q5VWN6,vertebrate,control,0
Q5VWN6,vertebrate,control,0
Q5VWN6,vertebrate,control,0
Q68CP9,vertebrate,region,0
Q68CP9,vertebrate,region,0
Q68CP9,vertebrate,region,0
Q68CP9,vertebrate,region,0
Q68CP9,vertebrate,region,0
Q68CP9,vertebrate,region,0
Q68CP9,vertebrate,region,0
Q68CP9,vertebrate,control,0
Q68CP9,vertebrate,control,0
Q68CP9,vertebrate,control,0
Q68CP9,vertebrate,control,0
Q68CP9,vertebrate,control,0
Q68CP9,vertebrate,control,0
Q68CP9,vertebrate,control,0
Q68CP9,vertebrate,control,0
Q68CP9,vertebrate,region,0
Q68CP9,vertebrate,region,0
Q68CP9,vertebrate,region,0
Q68CP9,vertebrate,control,1
Q68CP9,vertebrate,control,0
Q68CP9,vertebrate,control,0
Q68CP9,vertebrate,control,0
Q68CP9,vertebrate,control,0
Q68CP9,vertebrate,control,0
Q68CP9,vertebrate,control,0
Q68CP9,vertebrate,control,0
Q68CP9,vertebrate,control,0
Q68CP9,vertebrate,control,0
Q68CP9,vertebrate,region,0
Q68CP9,vertebrate,region,0
Q68CP9,vertebrate,region,0
Q68CP9,vertebrate,region,0
Q68CP9,vertebrate,region,0
Q68CP9,vertebrate,region,0
Q68CP9,vertebrate,region,0
Q68CP9,vertebrate,control,0
Q68CP9,vertebrate,control,0
Q68CP9,vertebrate,control,0
Q68CP9,vertebrate,control,0
Q68CP9,vertebrate,control,0
Q6KC79,vertebrate,region,0
Q6KC79,vertebrate,region,0
Q6KC79,vertebrate,control,0
Q6KC79,vertebrate,control,0
Q6KC79,vertebrate,control,0
Q6KC79,vertebrate,region,0
Q6KC79,vertebrate,region,0
Q6KC79,vertebrate,control,1
Q6KC79,vertebrate,control,0
Q6KC79,vertebrate,control,1
Q6MZP7,vertebrate,control,0
Q6MZP7,vertebrate,control,0
Q6MZP7,vertebrate,control,0
Q6MZP7,vertebrate,control,0
Q6MZP7,vertebrate,region,0
Q6MZP7,vertebrate,region,0
Q6MZP7,vertebrate,region,0
Q6MZP7,vertebrate,region,0
Q6MZP7,vertebrate,region,0
Q6MZP7,vertebrate,region,0
Q6MZP7,vertebrate,region,0
Q6MZP7,vertebrate,region,0
Q6MZP7,vertebrate,region,0
Q6MZP7,vertebrate,region,0
Q6MZP7,vertebrate,region,0
Q6MZP7,vertebrate,region,0
Q6MZP7,vertebrate,control,0
Q6MZP7,vertebrate,control,0
Q6MZP7,vertebrate,control,0
Q6MZP7,vertebrate,control,0
Q6MZP7,vertebrate,control,0
Q6MZP7,vertebrate,control,0
Q6MZP7,vertebrate,control,0
Q6MZP7,vertebrate,control,0
Q6MZP7,vertebrate,control,0
Q6MZP7,vertebrate,control,0
Q6MZP7,vertebrate,control,0
Q6MZP7,vertebrate,control,0
Q6MZP7,vertebrate,control,0
Q6MZP7,vertebrate,control,0
Q6MZP7,vertebrate,control,0
Q6MZP7,vertebrate,control,0
Q6MZP7,vertebrate,control,0
Q6MZP7,vertebrate,control,0
Q6MZP7,vertebrate,control,0
Q6MZP7,vertebrate,region,0
Q6MZP7,vertebrate,region,0
Q6MZP7,vertebrate,region,0
Q6MZP7,vertebrate,region,0
Q6MZP7,vertebrate,region,0
Q6MZP7,vertebrate,region,0
Q6MZP7,vertebrate,control,0
Q6MZP7,vertebrate,control,0
Q6MZP7,vertebrate,control,0
Q6MZP7,vertebrate,control,0
Q6MZP7,vertebrate,control,0
Q6MZP7,vertebrate,control,0
Q6MZP7,vertebrate,control,0
Q6MZP7,vertebrate,control,0
Q6MZP7,vertebrate,control,0
Q6N021,vertebrate,region,0
Q6N021,vertebrate,region,0
Q6N021,vertebrate,control,0
Q6P4R8,vertebrate,region,0
Q6P4R8,vertebrate,region,0
Q6P4R8,vertebrate,region,0
Q6P4R8,vertebrate,region,0
Q6P4R8,vertebrate,region,0
Q6P4R8,vertebrate,region,0
Q6P4R8,vertebrate,region,0
Q6P4R8,vertebrate,region,0
Q6P4R8,vertebrate,control,0
Q6P4R8,vertebrate,control,0
Q6P4R8,vertebrate,control,0
Q6P4R8,vertebrate,control,0
Q6P4R8,vertebrate,control,0
Q6P4R8,vertebrate,control,0
Q6P4R8,vertebrate,control,0
Q6P4R8,vertebrate,region,0
Q6P4R8,vertebrate,control,0
Q6P4R8,vertebrate,control,0
Q6P4R8,vertebrate,control,0
Q6P4R8,vertebrate,region,0
Q6P4R8,vertebrate,region,0
Q6P4R8,vertebrate,region,0
Q6P4R8,vertebrate,control,0
Q6P4R8,vertebrate,region,0
Q6P4R8,vertebrate,region,0
Q6P4R8,vertebrate,region,0
Q6P4R8,vertebrate,region,0
Q6P4R8,vertebrate,region,0
Q6P4R8,vertebrate,region,0
Q6P4R8,vertebrate,region,0
Q6P4R8,vertebrate,region,0
Q6P4R8,vertebrate,region,0
Q6P4R8,vertebrate,region,0
Q6P4R8,vertebrate,region,0
Q6P4R8,vertebrate,region,0
Q6P4R8,vertebrate,region,0
Q6P4R8,vertebrate,region,0
Q6P4R8,vertebrate,region,0
Q6P4R8,vertebrate,region,0
Q6P4R8,vertebrate,region,0
Q6P4R8,vertebrate,region,0
Q6P4R8,vertebrate,region,0
Q6P4R8,vertebrate,region,0
Q6P4R8,vertebrate,region,0
Q6P4R8,vertebrate,region,0
Q6P4R8,vertebrate,region,0
Q6P4R8,vertebrate,region,0
Q6P4R8,vertebrate,region,0
Q6P4R8,vertebrate,region,0
Q6P4R8,vertebrate,region,0
Q6P4R8,vertebrate,region,0
Q6P4R8,vertebrate,region,0
Q6P4R8,vertebrate,region,0
Q6P4R8,vertebrate,region,0
Q6P4R8,vertebrate,region,0
Q6P4R8,vertebrate,region,0
Q6P4R8,vertebrate,region,0
Q6P4R8,vertebrate,control,0
Q6P4R8,vertebrate,control,0
Q6P4R8,vertebrate,control,0
Q6P4R8,vertebrate,control,0
Q6P4R8,vertebrate,region,0
Q6P4R8,vertebrate,control,0
Q6P4R8,vertebrate,region,0
Q6P4R8,vertebrate,region,0
Q6P4R8,vertebrate,region,0
Q6P4R8,vertebrate,region,0
Q6P4R8,vertebrate,region,0
Q6P4R8,vertebrate,region,0
Q6P4R8,vertebrate,region,0
Q6P4R8,vertebrate,control,0
Q6P4R8,vertebrate,control,0
Q6P4R8,vertebrate,control,0
Q6P4R8,vertebrate,control,0
Q6P4R8,vertebrate,control,0
Q6PCB5,vertebrate,control,0
Q6PCB5,vertebrate,control,0
Q6PCB5,vertebrate,control,0
Q6PCB5,vertebrate,control,0
Q6PJG2,vertebrate,region,0
Q6PJG2,vertebrate,region,0
Q6PJG2,vertebrate,region,0
Q6PJG2,vertebrate,region,0
Q6PJG2,vertebrate,control,0
Q6PJG2,vertebrate,control,0
Q6PJG2,vertebrate,control,0
Q6PJG2,vertebrate,control,0
Q6UN15,vertebrate,region,0
Q6UN15,vertebrate,region,0
Q6UUV7,vertebrate,region,0
Q6UUV7,vertebrate,control,0
Q6UUV7,vertebrate,control,0
Q6UUV7,vertebrate,region,0
Q6UUV7,vertebrate,region,0
Q6UUV7,vertebrate,control,0
Q6UUV7,vertebrate,control,0
Q6UUV7,vertebrate,control,0
Q6UUV7,vertebrate,region,0
Q6UUV7,vertebrate,region,0
Q6UUV7,vertebrate,region,0
Q6UUV7,vertebrate,region,0
Q6UUV7,vertebrate,region,0
Q6UUV7,vertebrate,region,0
Q6UUV7,vertebrate,region,0
Q6UUV7,vertebrate,region,0
Q6UUV7,vertebrate,region,0
Q6UUV7,vertebrate,region,0
Q6UUV7,vertebrate,region,0
Q6UUV7,vertebrate,control,0
Q6UUV7,vertebrate,control,0
Q6UUV7,vertebrate,control,0
Q6UUV7,vertebrate,control,0
Q6UUV7,vertebrate,control,0
Q6UUV7,vertebrate,control,0
Q6UUV7,vertebrate,control,0
Q6VMQ6,vertebrate,control,0
Q6VMQ6,vertebrate,control,0
Q6VMQ6,vertebrate,control,0
Q6VMQ6,vertebrate,control,0
Q6VMQ6,vertebrate,control,0
Q6VMQ6,vertebrate,region,0
Q6VMQ6,vertebrate,control,0
Q6VMQ6,vertebrate,control,0
Q6VMQ6,vertebrate,control,0
Q6VMQ6,vertebrate,control,0
Q6VMQ6,vertebrate,control,0
Q6VMQ6,vertebrate,region,0
Q6VMQ6,vertebrate,region,0
Q6VMQ6,vertebrate,region,0
Q6VMQ6,vertebrate,region,0
Q6VMQ6,vertebrate,region,0
Q6VMQ6,vertebrate,region,0
Q6VMQ6,vertebrate,region,0
Q6VMQ6,vertebrate,region,0
Q6VMQ6,vertebrate,region,0
Q6VMQ6,vertebrate,region,0
Q6VMQ6,vertebrate,region,0
Q6VMQ6,vertebrate,region,0
Q6VMQ6,vertebrate,control,1
Q6VMQ6,vertebrate,control,0
Q6VMQ6,vertebrate,control,0
Q6VMQ6,vertebrate,control,0
Q6W2J9,vertebrate,region,0
Q6W2J9,vertebrate,region,0
Q6W2J9,vertebrate,region,0
Q6W2J9,vertebrate,region,0
Q6W2J9,vertebrate,region,0
Q6W2J9,vertebrate,region,1
Q6W2J9,vertebrate,region,0
Q6W2J9,vertebrate,region,0
Q6W2J9,vertebrate,region,0
Q6W2J9,vertebrate,region,0
Q6W2J9,vertebrate,control,0
Q6W2J9,vertebrate,control,0
Q6ZN30,vertebrate,region,0
Q6ZN30,vertebrate,region,0
Q6ZRI6,vertebrate,region,0
Q6ZRI6,vertebrate,region,0
Q6ZU65,vertebrate,region,0
Q6ZU65,vertebrate,region,0
Q6ZU65,vertebrate,region,0
Q6ZU65,vertebrate,region,0
Q6ZU65,vertebrate,region,0
Q6ZU65,vertebrate,region,0
Q6ZU65,vertebrate,control,0
Q6ZU65,vertebrate,control,0
Q6ZU65,vertebrate,control,0
Q6ZU65,vertebrate,control,0
Q6ZU65,vertebrate,control,0
Q6ZU65,vertebrate,control,0
Q7LBC6,vertebrate,region,0
Q7LBC6,vertebrate,region,0
Q7LBC6,vertebrate,region,0
Q7LBC6,vertebrate,region,0
Q7LBC6,vertebrate,region,0
Q7LBC6,vertebrate,region,0
Q7LBC6,vertebrate,region,0
Q7LBC6,vertebrate,control,0
Q7LBC6,vertebrate,control,0
Q7LBC6,vertebrate,control,0
Q7LBC6,vertebrate,control,0
Q7LBC6,vertebrate,control,0
Q7LBC6,vertebrate,control,0
Q7LBC6,vertebrate,control,0
Q7LBC6,vertebrate,control,0
Q7LBC6,vertebrate,region,0
Q7LBC6,vertebrate,region,0
Q7LBC6,vertebrate,region,0
Q7LBC6,vertebrate,region,0
Q7LBC6,vertebrate,region,0
Q7LBC6,vertebrate,region,0
Q7LBC6,vertebrate,region,0
Q7LBC6,vertebrate,region,0
Q7LBC6,vertebrate,region,0
Q7LBC6,vertebrate,region,0
Q7LBC6,vertebrate,region,0
Q7LBC6,vertebrate,region,0
Q7LBC6,vertebrate,region,0
Q7LBC6,vertebrate,region,0
Q7LBC6,vertebrate,control,0
Q7LBC6,vertebrate,control,0
Q7LBC6,vertebrate,control,0
Q7LBC6,vertebrate,control,0
Q7LBC6,vertebrate,control,0
Q7LBC6,vertebrate,control,0
Q7LBC6,vertebrate,control,0
Q7LBC6,vertebrate,control,0
Q7LBC6,vertebrate,region,0
Q7LBC6,vertebrate,region,0
Q7LBC6,vertebrate,region,0
Q7LBC6,vertebrate,region,0
Q7LBC6,vertebrate,region,0
Q7LBC6,vertebrate,region,0
Q7LBC6,vertebrate,region,0
Q7LBC6,vertebrate,region,0
Q7LBC6,vertebrate,region,0
Q7LBC6,vertebrate,region,0
Q7LBC6,vertebrate,control,0
Q7LBC6,vertebrate,control,0
Q7LBC6,vertebrate,control,1
Q7LBC6,vertebrate,control,0
Q7LBC6,vertebrate,control,0
Q7LBC6,vertebrate,control,0
Q7LBC6,vertebrate,control,0
Q7LBC6,vertebrate,control,0
Q7LBC6,vertebrate,control,0
Q7LBC6,vertebrate,control,0
Q7Z2W4,vertebrate,region,0
Q7Z2W4,vertebrate,region,0
Q7Z2W4,vertebrate,region,0
Q7Z2W4,vertebrate,region,0
Q7Z2W4,vertebrate,region,0
Q7Z2W4,vertebrate,region,0
Q7Z2W4,vertebrate,region,0
Q7Z2W4,vertebrate,region,0
Q7Z2W4,vertebrate,control,0
Q7Z2W4,vertebrate,control,1
Q7Z2W4,vertebrate,control,0
Q7Z2W4,vertebrate,control,1
Q7Z2W4,vertebrate,control,0
Q7Z2W4,vertebrate,control,0
Q7Z2W4,vertebrate,control,0
Q7Z2W4,vertebrate,control,1
Q7Z2W4,vertebrate,control,0
Q7Z2W4,vertebrate,control,1
Q7Z2W4,vertebrate,control,0
Q7Z2W4,vertebrate,control,0
Q7Z3K3,vertebrate,control,0
Q7Z3K3,vertebrate,control,0
Q7Z3K3,vertebrate,control,0
Q7Z3K3,vertebrate,control,0
Q7Z3K3,vertebrate,control,0
Q7Z3K3,vertebrate,control,0
Q7Z3K3,vertebrate,region,0
Q7Z3K3,vertebrate,region,0
Q7Z3K3,vertebrate,control,0
Q7Z3K3,vertebrate,control,0
Q7Z589,vertebrate,control,0
Q7Z589,vertebrate,control,0
Q7Z589,vertebrate,control,0
Q7Z589,vertebrate,control,0
Q7Z589,vertebrate,control,0
Q7Z589,vertebrate,control,0
Q7Z589,vertebrate,control,0
Q7Z589,vertebrate,control,0
Q7Z589,vertebrate,control,0
Q7Z589,vertebrate,control,0
Q7Z589,vertebrate,region,0
Q7Z5L9,vertebrate,region,0
Q7Z5L9,vertebrate,region,0
Q7Z5L9,vertebrate,region,0
Q7Z5L9,vertebrate,region,0
Q7Z5L9,vertebrate,control,0
Q7Z5L9,vertebrate,control,0
Q7Z5L9,vertebrate,control,0
Q7Z6J0,vertebrate,region,0
Q7Z6J0,vertebrate,region,0
Q7Z6J0,vertebrate,region,0
Q7Z6J0,vertebrate,region,0
Q7Z6J0,vertebrate,region,0
Q7Z6J0,vertebrate,region,0
Q7Z6J0,vertebrate,region,0
Q7Z6J0,vertebrate,region,0
Q7Z6J0,vertebrate,region,0
Q7Z6J0,vertebrate,control,0
Q7Z6J0,vertebrate,control,0
Q7Z6J0,vertebrate,control,0
Q7Z6J0,vertebrate,control,0
Q7Z6J0,vertebrate,control,0
Q7Z6J0,vertebrate,control,0
Q7Z739,vertebrate,region,0
Q7Z739,vertebrate,region,0
Q7Z739,vertebrate,control,0
Q7Z739,vertebrate,control,0
Q86TC9,vertebrate,region,0
Q86TC9,vertebrate,region,0
Q86TC9,vertebrate,region,0
Q86TC9,vertebrate,region,0
Q86TC9,vertebrate,region,0
Q86TC9,vertebrate,region,0
Q86TC9,vertebrate,region,0
Q86TC9,vertebrate,region,0
Q86TC9,vertebrate,control,0
Q86TC9,vertebrate,control,0
Q86TC9,vertebrate,control,0
Q86TC9,vertebrate,control,0
Q86TC9,vertebrate,control,0
Q86TC9,vertebrate,control,0
Q86TC9,vertebrate,control,0
Q86TC9,vertebrate,control,0
Q86UE4,vertebrate,region,0
Q86UE4,vertebrate,region,0
Q86UU0,vertebrate,region,0
Q86UU0,vertebrate,region,0
Q86UU0,vertebrate,control,0
Q86UU0,vertebrate,control,1
Q86UU0,vertebrate,control,0
Q86UU0,vertebrate,control,0
Q86UU0,vertebrate,control,0
Q86UU0,vertebrate,control,0
Q86UU0,vertebrate,control,0
Q86UU0,vertebrate,control,0
Q86V15,vertebrate,control,0
Q86YP4,vertebrate,region,0
Q86YP4,vertebrate,control,0
Q86YP4,vertebrate,control,0
Q86YP4,vertebrate,region,0
Q86YP4,vertebrate,region,0
Q86YP4,vertebrate,region,0
Q86YP4,vertebrate,region,0
Q86YP4,vertebrate,region,0
Q86YP4,vertebrate,region,0
Q86YP4,vertebrate,region,0
Q86YP4,vertebrate,control,0
Q86YP4,vertebrate,control,0
Q86YP4,vertebrate,control,0
Q86YP4,vertebrate,control,0
Q86YP4,vertebrate,control,0
Q86YP4,vertebrate,control,0
Q86YP4,vertebrate,control,0
Q86YP4,vertebrate,control,0
Q86YP4,vertebrate,control,0
Q86YP4,vertebrate,control,0
Q86YP4,vertebrate,control,0
Q86YP4,vertebrate,control,0
Q86YP4,vertebrate,region,0
Q86YP4,vertebrate,region,0
Q86YP4,vertebrate,control,0
Q86YP4,vertebrate,control,0
Q86YP4,vertebrate,control,0
Q86YP4,vertebrate,control,0
Q86YP4,vertebrate,control,0
Q8IVF2,vertebrate,region,0
Q8IVF2,vertebrate,control,0
Q8IVF2,vertebrate,control,0
Q8IVF2,vertebrate,control,1
Q8IVF2,vertebrate,control,0
Q8IVF2,vertebrate,control,0
Q8IVL0,vertebrate,region,0
Q8IVL0,vertebrate,region,0
Q8IVL0,vertebrate,region,0
Q8IVL0,vertebrate,control,0
Q8IVL1,vertebrate,region,0
Q8IVL1,vertebrate,control,0
Q8IVW6,vertebrate,region,0
Q8IVW6,vertebrate,region,0
Q8IVW6,vertebrate,region,0
Q8IVW6,vertebrate,region,0
Q8IVW6,vertebrate,region,0
Q8IVW6,vertebrate,region,0
Q8IVW6,vertebrate,region,0
Q8IVW6,vertebrate,region,0
Q8IVW6,vertebrate,region,0
Q8IVW6,vertebrate,control,0
Q8IVW6,vertebrate,control,1
Q8IVW6,vertebrate,control,0
Q8IVW6,vertebrate,control,0
Q8IVW6,vertebrate,control,0
Q8IVW6,vertebrate,control,0
Q8IVW6,vertebrate,control,0
Q8IVW6,vertebrate,control,0
Q8IWB9,vertebrate,region,0
Q8IWB9,vertebrate,region,0
Q8IWB9,vertebrate,region,0
Q8IWB9,vertebrate,region,0
Q8IWB9,vertebrate,region,0
Q8IWB9,vertebrate,region,0
Q8IWB9,vertebrate,region,0
Q8IWB9,vertebrate,region,0
Q8IWB9,vertebrate,region,0
Q8IWB9,vertebrate,region,0
Q8IWB9,vertebrate,region,0
Q8IWB9,vertebrate,region,0
Q8IWB9,vertebrate,region,0
Q8IWB9,vertebrate,region,0
Q8IWB9,vertebrate,region,0
Q8IWI9,vertebrate,region,0
Q8IWI9,vertebrate,region,0
Q8IWI9,vertebrate,region,0
Q8IWI9,vertebrate,region,0
Q8IWI9,vertebrate,region,0
Q8IWI9,vertebrate,region,0
Q8IWI9,vertebrate,region,0
Q8IWI9,vertebrate,region,0
Q8IWI9,vertebrate,control,0
Q8IWI9,vertebrate,control,0
Q8IWP9,vertebrate,region,0
Q8IWP9,vertebrate,region,0
Q8IWP9,vertebrate,region,0
Q8IWP9,vertebrate,region,0
Q8IWP9,vertebrate,region,0
Q8IX12,vertebrate,control,0
Q8IX12,vertebrate,control,0
Q8IY33,vertebrate,control,0
Q8IY33,vertebrate,control,0
Q8IY33,vertebrate,control,0
Q8IY33,vertebrate,control,0
Q8IY33,vertebrate,control,0
Q8IZ21,vertebrate,region,0
Q8IZ21,vertebrate,region,0
Q8IZ21,vertebrate,region,0
Q8IZ21,vertebrate,region,0
Q8IZ21,vertebrate,region,0
Q8IZ21,vertebrate,region,0
Q8IZ21,vertebrate,region,0
Q8IZ21,vertebrate,region,0
Q8IZ21,vertebrate,region,0
Q8IZ21,vertebrate,region,0
Q8IZ21,vertebrate,region,0
Q8IZ21,vertebrate,region,0
Q8IZ21,vertebrate,region,1
Q8IZ21,vertebrate,region,0
Q8IZ21,vertebrate,region,0
Q8IZ21,vertebrate,region,0
Q8IZ21,vertebrate,region,0
Q8IZ21,vertebrate,region,1
Q8IZ21,vertebrate,region,0
Q8IZ21,vertebrate,region,1
Q8IZ21,vertebrate,region,0
Q8IZ21,vertebrate,region,0
Q8IZ21,vertebrate,control,0
Q8IZ21,vertebrate,control,0
Q8IZ21,vertebrate,control,0
Q8IZ21,vertebrate,control,0
Q8IZH2,vertebrate,region,0
Q8IZH2,vertebrate,region,0
Q8IZH2,vertebrate,region,0
Q8IZH2,vertebrate,region,1
Q8IZH2,vertebrate,region,0
Q8IZH2,vertebrate,region,0
Q8IZH2,vertebrate,region,0
Q8IZH2,vertebrate,control,0
Q8IZH2,vertebrate,control,0
Q8N1G0,vertebrate,region,0
Q8N1G0,vertebrate,region,0
Q8N1G0,vertebrate,region,0
Q8N1G0,vertebrate,region,0
Q8N1G0,vertebrate,control,0
Q8N1G0,vertebrate,control,0
Q8N1G0,vertebrate,control,0
Q8N1G0,vertebrate,control,0
Q8N1G0,vertebrate,control,0
Q8N1G0,vertebrate,control,0
Q8N1G0,vertebrate,control,0
Q8N1G0,vertebrate,control,0
Q8N3V7,vertebrate,region,0
Q8N3V7,vertebrate,region,0
Q8N3V7,vertebrate,region,0
Q8N3V7,vertebrate,region,0
Q8N3V7,vertebrate,control,0
Q8N3V7,vertebrate,control,0
Q8N3V7,vertebrate,control,1
Q8N3V7,vertebrate,control,0
Q8N3V7,vertebrate,control,0
Q8N3V7,vertebrate,control,0
Q8N3X1,vertebrate,region,0
Q8N3X1,vertebrate,region,0
Q8N3X1,vertebrate,region,0
Q8N3X1,vertebrate,control,0
Q8NDX5,vertebrate,region,0
Q8NDX5,vertebrate,control,0
Q8NDX5,vertebrate,control,0
Q8NDX5,vertebrate,control,0
Q8NDX5,vertebrate,region,0
Q8NDX5,vertebrate,region,0
Q8NDX5,vertebrate,region,0
Q8NDX5,vertebrate,region,0
Q8NDX5,vertebrate,control,0
Q8NDX5,vertebrate,control,0
Q8NDX5,vertebrate,control,0
Q8NDX5,vertebrate,control,0
Q8NDX5,vertebrate,control,0
Q8NDX5,vertebrate,control,0
Q8NEM7,vertebrate,region,0
Q8NEM7,vertebrate,region,0
Q8NEM7,vertebrate,region,0
Q8NEM7,vertebrate,region,0
Q8NEZ4,vertebrate,region,0
Q8NEZ4,vertebrate,control,0
Q8NEZ4,vertebrate,control,0
Q8NFD5,vertebrate,region,0
Q8NFD5,vertebrate,region,0
Q8NFD5,vertebrate,control,0
Q8NFD5,vertebrate,control,0
Q8NG31,vertebrate,region,0
Q8NG31,vertebrate,region,0
Q8NG31,vertebrate,region,0
Q8NG31,vertebrate,region,0
Q8NG31,vertebrate,region,0
Q8NG31,vertebrate,region,0
Q8NG31,vertebrate,control,1
Q8NG31,vertebrate,control,0
Q8NG31,vertebrate,control,0
Q8NG31,vertebrate,control,1
Q8NG31,vertebrate,control,0
Q8NG31,vertebrate,control,0
Q8NG31,vertebrate,control,0
Q8NG31,vertebrate,control,1
Q8NG31,vertebrate,control,0
Q8NG31,vertebrate,control,0
Q8TC07,vertebrate,region,0
Q8TC07,vertebrate,region,0
Q8TC07,vertebrate,region,0
Q8TC07,vertebrate,region,0
Q8TC07,vertebrate,region,0
Q8TC07,vertebrate,region,0
Q8TC07,vertebrate,region,0
Q8TCU4,vertebrate,region,0
Q8TCU4,vertebrate,region,0
Q8TCU4,vertebrate,region,0
Q8TCU4,vertebrate,region,0
Q8TCU4,vertebrate,region,0
Q8TCU4,vertebrate,region,0
Q8TCU4,vertebrate,region,0
Q8TDM6,vertebrate,region,0
Q8TDM6,vertebrate,region,0
Q8TDM6,vertebrate,region,0
Q8TDM6,vertebrate,region,0
Q8TDM6,vertebrate,region,0
Q8TDM6,vertebrate,region,0
Q8TDM6,vertebrate,region,0
Q8TDM6,vertebrate,region,0
Q8TDM6,vertebrate,region,0
Q8TDM6,vertebrate,region,0
Q8TDM6,vertebrate,control,0
Q8TDM6,vertebrate,control,0
Q8TEQ6,vertebrate,region,0
Q8TEQ6,vertebrate,region,0
Q8TEQ6,vertebrate,region,0
Q8TEQ6,vertebrate,region,0
Q8TEQ6,vertebrate,region,0
Q8TEQ6,vertebrate,region,0
Q8TEQ6,vertebrate,region,0
Q8TEQ6,vertebrate,region,0
Q8TEQ6,vertebrate,region,0
Q8TEQ6,vertebrate,region,0
Q8TEQ6,vertebrate,region,0
Q8TEQ6,vertebrate,control,0
Q8TEQ6,vertebrate,control,0
Q8TF68,vertebrate,region,0
Q8TF68,vertebrate,region,0
Q8TF68,vertebrate,region,0
Q8TF68,vertebrate,control,0
Q8TF68,vertebrate,region,0
Q8TF68,vertebrate,region,0
Q8TF68,vertebrate,control,0
Q8WWM7,vertebrate,region,0
Q8WWM7,vertebrate,region,0
Q8WWM7,vertebrate,region,0
Q8WWM7,vertebrate,control,0
Q8WWM7,vertebrate,control,0
Q8WWM7,vertebrate,control,0
Q8WWM7,vertebrate,control,0
Q8WWM7,vertebrate,control,0
Q8WX93,vertebrate,region,0
Q8WX93,vertebrate,region,0
Q8WX93,vertebrate,region,0
Q8WX93,vertebrate,control,0
Q8WX93,vertebrate,control,0
Q8WX93,vertebrate,control,0
Q8WY36,vertebrate,region,0
Q8WY36,vertebrate,region,0
Q8WY36,vertebrate,region,0
Q8WY36,vertebrate,region,0
Q8WY36,vertebrate,region,0
Q8WY36,vertebrate,region,0
Q8WY36,vertebrate,region,0
Q8WY36,vertebrate,region,0
Q8WY36,vertebrate,control,0
Q8WY36,vertebrate,control,0
Q8WY36,vertebrate,control,0
Q8WY36,vertebrate,control,0
Q8WY36,vertebrate,control,0
Q8WY36,vertebrate,control,0
Q8WY36,vertebrate,control,0
Q8WYP5,vertebrate,region,0
Q8WYP5,vertebrate,region,0
Q8WYP5,vertebrate,region,0
Q8WYP5,vertebrate,region,0
Q8WYP5,vertebrate,region,0
Q8WYP5,vertebrate,region,0
Q8WYP5,vertebrate,region,0
Q8WYP5,vertebrate,region,0
Q8WYP5,vertebrate,control,0
Q8WYP5,vertebrate,control,0
Q8WYP5,vertebrate,control,0
Q8WYP5,vertebrate,control,1
Q8WYP5,vertebrate,control,0
Q8WYP5,vertebrate,control,0
Q8WYP5,vertebrate,control,0
Q8WYP5,vertebrate,region,0
Q8WYP5,vertebrate,region,0
Q8WYP5,vertebrate,region,0
Q8WYP5,vertebrate,region,0
Q8WYP5,vertebrate,region,1
Q8WYP5,vertebrate,region,0
Q92540,vertebrate,control,0
Q92540,vertebrate,control,0
Q92540,vertebrate,control,0
Q92615,vertebrate,region,0
Q92615,vertebrate,region,0
Q92615,vertebrate,region,0
Q92615,vertebrate,region,0
Q92615,vertebrate,region,0
Q92615,vertebrate,region,0
Q92615,vertebrate,region,0
Q92615,vertebrate,control,0
Q92615,vertebrate,control,0
Q92615,vertebrate,control,0
Q92615,vertebrate,control,0
Q92615,vertebrate,control,0
Q92733,vertebrate,region,0
Q92733,vertebrate,region,0
Q92793,vertebrate,region,0
Q92793,vertebrate,region,0
Q92793,vertebrate,control,0
Q92793,vertebrate,control,0
Q92793,vertebrate,control,0
Q92793,vertebrate,control,0
Q92793,vertebrate,control,0
Q92793,vertebrate,control,0
Q92793,vertebrate,control,0
Q92793,vertebrate,control,0
Q92917,vertebrate,region,0
Q92917,vertebrate,region,0
Q92917,vertebrate,control,0
Q92917,vertebrate,control,0
Q92917,vertebrate,control,0
Q92917,vertebrate,control,0
Q92917,vertebrate,control,0
Q92917,vertebrate,control,0
Q96B97,vertebrate,region,0
Q96B97,vertebrate,control,0
Q96B97,vertebrate,control,0
Q96BD5,vertebrate,region,0
Q96BD5,vertebrate,region,0
Q96BD5,vertebrate,region,0
Q96BD5,vertebrate,region,0
Q96BD5,vertebrate,region,0
Q96BD5,vertebrate,region,0
Q96BD5,vertebrate,control,0
Q96BD5,vertebrate,control,0
Q96BD5,vertebrate,control,1
Q96BD5,vertebrate,control,0
Q96BD5,vertebrate,control,0
Q96BD5,vertebrate,control,1
Q96BD5,vertebrate,region,0
Q96BD5,vertebrate,region,0
Q96BD5,vertebrate,region,0
Q96BD5,vertebrate,region,0
Q96BD5,vertebrate,region,0
Q96BD5,vertebrate,region,0
Q96BD5,vertebrate,region,0
Q96BD5,vertebrate,region,0
Q96BD5,vertebrate,control,0
Q96BD5,vertebrate,control,0
Q96BD5,vertebrate,control,0
Q96BD5,vertebrate,control,0
Q96BD5,vertebrate,control,0
Q96BD5,vertebrate,control,0
Q96BD5,vertebrate,control,1
Q96HC4,vertebrate,region,0
Q96HC4,vertebrate,region,1
Q96HC4,vertebrate,region,0
Q96HC4,vertebrate,region,1
Q96HC4,vertebrate,region,0
Q96HC4,vertebrate,region,0
Q96HC4,vertebrate,control,1
Q96HC4,vertebrate,control,0
Q96HC4,vertebrate,control,0
Q96HC4,vertebrate,control,0
Q96HC4,vertebrate,control,1
Q96HC4,vertebrate,control,0
Q96HC4,vertebrate,control,0
Q96HC4,vertebrate,control,0
Q96HC4,vertebrate,control,0
Q96HC4,vertebrate,region,1
Q96HC4,vertebrate,region,0
Q96HC4,vertebrate,control,0
Q96HC4,vertebrate,region,0
Q96HC4,vertebrate,region,0
Q96HC4,vertebrate,region,0
Q96HC4,vertebrate,region,0
Q96HC4,vertebrate,region,0
Q96HC4,vertebrate,region,1
Q96HC4,vertebrate,region,1
Q96HC4,vertebrate,region,0
Q96HC4,vertebrate,region,1
Q96HC4,vertebrate,region,1
Q96HC4,vertebrate,region,0
Q96HC4,vertebrate,region,0
Q96HC4,vertebrate,region,0
Q96HC4,vertebrate,region,0
Q96HC4,vertebrate,region,0
Q96HC4,vertebrate,region,0
Q96HC4,vertebrate,region,0
Q96HC4,vertebrate,control,0
Q96JH7,vertebrate,region,0
Q96JH7,vertebrate,region,0
Q96JH7,vertebrate,control,0
Q96JH7,vertebrate,control,0
Q96JH7,vertebrate,control,0
Q96JH7,vertebrate,control,0
Q96KR1,vertebrate,region,0
Q96KR1,vertebrate,region,0
Q96KR1,vertebrate,region,0
Q96KR1,vertebrate,control,0
Q96KR1,vertebrate,control,0
Q96KR1,vertebrate,control,0
Q96KR1,vertebrate,control,0
Q96KR1,vertebrate,control,1
Q96KR1,vertebrate,control,0
Q96KR1,vertebrate,control,0
Q96KR1,vertebrate,control,1
Q96KR1,vertebrate,control,0
Q96KR1,vertebrate,control,0
Q96KR1,vertebrate,control,0
Q96KR1,vertebrate,region,0
Q96KR1,vertebrate,region,0
Q96KR1,vertebrate,region,0
Q96KR1,vertebrate,region,0
Q96KR1,vertebrate,region,0
Q96KR1,vertebrate,control,0
Q96KR1,vertebrate,control,0
Q96KR1,vertebrate,control,1
Q96KR1,vertebrate,control,0
Q96KR1,vertebrate,control,0
Q96KR1,vertebrate,control,0
Q96KR1,vertebrate,region,0
Q96KR1,vertebrate,region,0
Q96KR1,vertebrate,region,0
Q96KR1,vertebrate,region,0
Q96KR1,vertebrate,region,0
Q96KR1,vertebrate,region,0
Q96KR1,vertebrate,region,0
Q96L91,vertebrate,region,0
Q96L91,vertebrate,region,0
Q96L91,vertebrate,region,0
Q96L91,vertebrate,region,0
Q96L91,vertebrate,region,0
Q96L91,vertebrate,region,0
Q96L91,vertebrate,region,0
Q96L91,vertebrate,region,0
Q96L91,vertebrate,region,0
Q96L91,vertebrate,region,0
Q96L91,vertebrate,region,0
Q96L91,vertebrate,region,0
Q96L91,vertebrate,region,0
Q96L91,vertebrate,control,0
Q96L91,vertebrate,control,0
Q96L91,vertebrate,region,0
Q96L91,vertebrate,region,0
Q96L91,vertebrate,region,0
Q96L91,vertebrate,region,0
Q96L91,vertebrate,region,0
Q96L91,vertebrate,region,0
Q96L91,vertebrate,control,0
Q96L91,vertebrate,control,0
Q96L91,vertebrate,control,0
Q96L91,vertebrate,control,0
Q96L91,vertebrate,control,0
Q96L91,vertebrate,control,0
Q96L91,vertebrate,region,0
Q96L91,vertebrate,region,0
Q96L91,vertebrate,control,0
Q96L91,vertebrate,control,0
Q96L91,vertebrate,region,0
Q96L91,vertebrate,region,0
Q96L91,vertebrate,region,0
Q96L91,vertebrate,region,0
Q96L91,vertebrate,control,0
Q96L91,vertebrate,control,1
Q96L91,vertebrate,control,0
Q96L91,vertebrate,control,0
Q96L91,vertebrate,control,1
Q96L91,vertebrate,control,0
Q96L91,vertebrate,control,0
Q96L91,vertebrate,control,0
Q96L91,vertebrate,control,0
Q96L91,vertebrate,control,0
Q96L91,vertebrate,control,1
Q96L91,vertebrate,control,0
Q96L91,vertebrate,control,0
Q96L91,vertebrate,control,0
Q96L91,vertebrate,control,1
Q96L91,vertebrate,control,0
Q96L91,vertebrate,control,0
Q96L91,vertebrate,control,0
Q96L91,vertebrate,control,0
Q96L91,vertebrate,control,0
Q96L91,vertebrate,control,0
Q96L91,vertebrate,control,1
Q96L91,vertebrate,control,1
Q96L91,vertebrate,control,0
Q96M27,vertebrate,region,0
Q96M27,vertebrate,region,0
Q96M27,vertebrate,region,0
Q96M27,vertebrate,region,0
Q96M27,vertebrate,region,0
Q96M27,vertebrate,region,0
Q96M27,vertebrate,control,0
Q96M27,vertebrate,control,0
Q96MY1,vertebrate,region,0
Q96MY1,vertebrate,region,0
Q96MY1,vertebrate,control,0
Q96MY1,vertebrate,control,0
Q96MY1,vertebrate,control,1
Q96MY1,vertebrate,control,0
Q96MY1,vertebrate,control,0
Q96QT6,vertebrate,control,0
Q96QT6,vertebrate,control,0
Q96ST3,vertebrate,region,0
Q96ST3,vertebrate,region,0
Q96ST3,vertebrate,control,0
Q96ST3,vertebrate,control,0
Q96ST3,vertebrate,control,0
Q96ST3,vertebrate,control,0
Q96ST3,vertebrate,control,0
Q96ST3,vertebrate,control,0
Q96T58,vertebrate,region,0
Q96T58,vertebrate,region,0
Q96T58,vertebrate,region,0
Q96T58,vertebrate,region,0
Q96T58,vertebrate,region,0
Q96T58,vertebrate,region,0
Q96T58,vertebrate,region,0
Q96T58,vertebrate,region,0
Q96T58,vertebrate,region,0
Q96T58,vertebrate,region,0
Q96T58,vertebrate,region,0
Q96T58,vertebrate,control,0
Q96T58,vertebrate,control,0
Q96T58,vertebrate,control,0
Q96T58,vertebrate,control,0
Q96T58,vertebrate,control,0
Q96T58,vertebrate,control,0
Q96T58,vertebrate,control,0
Q96T58,vertebrate,control,0
Q96T58,vertebrate,control,0
Q96T58,vertebrate,control,0
Q96T58,vertebrate,control,0
Q96T58,vertebrate,control,0
Q96T58,vertebrate,control,1
Q96T58,vertebrate,control,1
Q96T58,vertebrate,control,0
Q96T58,vertebrate,control,0
Q96T58,vertebrate,control,0
Q96T58,vertebrate,control,0
Q96T58,vertebrate,control,1
Q96T58,vertebrate,control,0
Q96T58,vertebrate,control,0
Q96T58,vertebrate,control,0
Q96T58,vertebrate,control,0
Q96T58,vertebrate,region,0
Q96T58,vertebrate,region,0
Q96T58,vertebrate,region,0
Q96T58,vertebrate,region,0
Q96T58,vertebrate,region,0
Q96T58,vertebrate,region,0
Q96T58,vertebrate,region,0
Q96T58,vertebrate,control,0
Q96T58,vertebrate,control,0
Q96T58,vertebrate,control,0
Q96T58,vertebrate,control,0
Q96T58,vertebrate,control,0
Q96T58,vertebrate,control,0
Q96T58,vertebrate,control,0
Q96T58,vertebrate,region,0
Q96T58,vertebrate,control,0
Q96T58,vertebrate,control,0
Q96T58,vertebrate,control,0
Q96T58,vertebrate,control,0
Q96T58,vertebrate,control,0
Q96T58,vertebrate,control,0
Q96T58,vertebrate,control,0
Q96T58,vertebrate,control,0
Q96T58,vertebrate,control,0
Q96T58,vertebrate,control,0
Q96T58,vertebrate,region,0
Q96T58,vertebrate,region,0
Q96T58,vertebrate,region,0
Q96T58,vertebrate,region,0
Q96T58,vertebrate,region,0
Q96T58,vertebrate,region,0
Q96T58,vertebrate,region,0
Q96T58,vertebrate,region,0
Q96T58,vertebrate,region,0
Q96T58,vertebrate,region,0
Q96T58,vertebrate,control,0
Q96T58,vertebrate,control,0
Q96T58,vertebrate,control,0
Q96T58,vertebrate,control,0
Q99504,vertebrate,region,0
Q99504,vertebrate,region,0
Q99504,vertebrate,control,0
Q9BTA9,vertebrate,control,0
Q9BTA9,vertebrate,control,0
Q9BTA9,vertebrate,control,0
Q9BTA9,vertebrate,control,0
Q9BTC0,vertebrate,control,0
Q9BTC0,vertebrate,control,0
Q9BTC0,vertebrate,control,0
Q9BTC0,vertebrate,control,0
Q9BTC0,vertebrate,control,0
Q9BTC0,vertebrate,control,0
Q9BTC0,vertebrate,control,0
Q9BTC0,vertebrate,region,0
Q9BTC0,vertebrate,region,0
Q9BTC0,vertebrate,region,0
Q9BTC0,vertebrate,region,0
Q9BTC0,vertebrate,region,0
Q9BTC0,vertebrate,region,0
Q9BTC0,vertebrate,region,0
Q9BTC0,vertebrate,region,0
Q9BTC0,vertebrate,region,0
Q9BTC0,vertebrate,region,0
Q9BTC0,vertebrate,region,1
Q9BTC0,vertebrate,region,0
Q9BTC0,vertebrate,control,0
Q9BTC0,vertebrate,control,0
Q9BTC0,vertebrate,control,1
Q9BTC0,vertebrate,control,0
Q9BTC0,vertebrate,control,0
Q9BTC0,vertebrate,control,0
Q9BTC0,vertebrate,control,0
Q9BTC0,vertebrate,control,0
Q9BTC0,vertebrate,control,0
Q9BTC0,vertebrate,control,0
Q9BTC0,vertebrate,region,0
Q9BTC0,vertebrate,region,0
Q9BTC0,vertebrate,region,0
Q9BTC0,vertebrate,region,0
Q9BTC0,vertebrate,region,0
Q9BTC0,vertebrate,region,0
Q9BTC0,vertebrate,region,0
Q9BTC0,vertebrate,region,0
Q9BTC0,vertebrate,region,0
Q9BTC0,vertebrate,region,0
Q9BTC0,vertebrate,region,0
Q9BTC0,vertebrate,region,0
Q9BTC0,vertebrate,region,0
Q9BTC0,vertebrate,region,0
Q9BTC0,vertebrate,region,0
Q9BTC0,vertebrate,region,0
Q9BTC0,vertebrate,region,0
Q9BTC0,vertebrate,region,0
Q9BTC0,vertebrate,region,0
Q9BTC0,vertebrate,region,0
Q9BTC0,vertebrate,region,0
Q9BTC0,vertebrate,region,0
Q9BTC0,vertebrate,region,0
Q9BTC0,vertebrate,region,0
Q9BTC0,vertebrate,region,0
Q9BTC0,vertebrate,region,0
Q9BTC0,vertebrate,region,0
Q9BTC0,vertebrate,region,0
Q9BTC0,vertebrate,region,0
Q9BTC0,vertebrate,region,0
Q9BTC0,vertebrate,control,0
Q9BTC0,vertebrate,control,0
Q9BTC0,vertebrate,control,0
Q9BTC0,vertebrate,control,1
Q9BTC0,vertebrate,control,0
Q9BTC0,vertebrate,control,0
Q9BTC0,vertebrate,control,0
Q9BTC0,vertebrate,control,0
Q9BTC0,vertebrate,control,0
Q9BTC0,vertebrate,region,0
Q9BTC0,vertebrate,region,0
Q9BTC0,vertebrate,control,0
Q9BTC0,vertebrate,control,0
Q9BTC0,vertebrate,control,0
Q9BTC0,vertebrate,control,0
Q9BTC0,vertebrate,control,0
Q9BTC0,vertebrate,control,0
Q9BVL2,vertebrate,region,0
Q9BYJ9,vertebrate,control,0
Q9BYJ9,vertebrate,control,0
Q9BYJ9,vertebrate,control,0
Q9BYJ9,vertebrate,region,0
Q9BYJ9,vertebrate,control,0
Q9BYJ9,vertebrate,control,0
Q9BYJ9,vertebrate,control,0
Q9BYJ9,vertebrate,control,0
Q9BYJ9,vertebrate,control,0
Q9C0C7,vertebrate,region,0
Q9C0C7,vertebrate,region,0
Q9C0C7,vertebrate,region,1
Q9C0C7,vertebrate,control,0
Q9C0C7,vertebrate,control,1
Q9C0C7,vertebrate,control,0
Q9C0C7,vertebrate,control,0
Q9C0C7,vertebrate,control,0
Q9C0C7,vertebrate,control,0
Q9C0C7,vertebrate,control,0
Q9C0C7,vertebrate,control,0
Q9C0C7,vertebrate,control,0
Q9C0C7,vertebrate,control,0
Q9H0E3,vertebrate,region,0
Q9H0E3,vertebrate,control,0
Q9H0E3,vertebrate,control,0
Q9H0E9,vertebrate,region,0
Q9H0E9,vertebrate,region,0
Q9H0E9,vertebrate,region,0
Q9H1B7,vertebrate,region,0
Q9H1B7,vertebrate,region,0
Q9H2F5,vertebrate,control,0
Q9H4A3,vertebrate,control,0
Q9H4A3,vertebrate,region,0
Q9H4A3,vertebrate,region,0
Q9H4A3,vertebrate,control,0
Q9H4A3,vertebrate,control,0
Q9H4A3,vertebrate,control,1
Q9H4A3,vertebrate,control,0
Q9H4A3,vertebrate,region,0
Q9H4A3,vertebrate,region,0
Q9H4A3,vertebrate,control,0
Q9H4A3,vertebrate,region,0
Q9H4A3,vertebrate,region,0
Q9H4A3,vertebrate,region,0
Q9H4A3,vertebrate,control,0
Q9H4A3,vertebrate,control,0
Q9H4A3,vertebrate,control,0
Q9H4A3,vertebrate,control,0
Q9H4A3,vertebrate,control,0
Q9H4I2,vertebrate,region,0
Q9H4I2,vertebrate,region,0
Q9H4I2,vertebrate,region,0
Q9H4I2,vertebrate,region,0
Q9H4I2,vertebrate,control,0
Q9H4I2,vertebrate,control,0
Q9H4I2,vertebrate,control,1
Q9H4I2,vertebrate,control,0
Q9H4I2,vertebrate,control,0
Q9H4I2,vertebrate,control,0
Q9H4I2,vertebrate,control,0
Q9H4I2,vertebrate,control,0
Q9H4I2,vertebrate,control,0
Q9H4I2,vertebrate,region,0
Q9H4I2,vertebrate,region,0
Q9H4I2,vertebrate,region,0
Q9H4I2,vertebrate,region,0
Q9H4I2,vertebrate,region,0
Q9H4I2,vertebrate,region,0
Q9H4I2,vertebrate,region,0
Q9H4I2,vertebrate,region,0
Q9H4I2,vertebrate,region,0
Q9H4I2,vertebrate,region,0
Q9H4I2,vertebrate,region,0
Q9H4I2,vertebrate,region,0
Q9H4I2,vertebrate,region,0
Q9H4I2,vertebrate,region,0
Q9H4I2,vertebrate,region,0
Q9H4I2,vertebrate,control,0
Q9H4I2,vertebrate,control,0
Q9H4I2,vertebrate,control,0
Q9H4I2,vertebrate,control,0
Q9H4I2,vertebrate,control,0
Q9H4I2,vertebrate,control,0
Q9H4I2,vertebrate,control,0
Q9H4I2,vertebrate,control,0
Q9H4I2,vertebrate,control,0
Q9H4I2,vertebrate,control,0
Q9H4I2,vertebrate,control,0
Q9H4I2,vertebrate,control,0
Q9H792,vertebrate,region,0
Q9H792,vertebrate,region,0
Q9H792,vertebrate,region,0
Q9H792,vertebrate,region,0
Q9H792,vertebrate,region,0
Q9H792,vertebrate,region,0
Q9H792,vertebrate,region,0
Q9H792,vertebrate,region,0
Q9H792,vertebrate,control,0
Q9H792,vertebrate,control,1
Q9H792,vertebrate,control,0
Q9H792,vertebrate,control,0
Q9H792,vertebrate,control,0
Q9H792,vertebrate,control,0
Q9H792,vertebrate,control,0
Q9H792,vertebrate,control,0
Q9H792,vertebrate,control,0
Q9H792,vertebrate,control,0
Q9H792,vertebrate,control,1
Q9H792,vertebrate,control,1
Q9H8Y8,vertebrate,region,0
Q9H8Y8,vertebrate,region,0
Q9H8Y8,vertebrate,region,0
Q9H8Y8,vertebrate,region,0
Q9H8Y8,vertebrate,region,0
Q9H8Y8,vertebrate,region,0
Q9H8Y8,vertebrate,region,0
Q9H8Y8,vertebrate,region,0
Q9H8Y8,vertebrate,region,0
Q9HBD1,vertebrate,region,0
Q9HBD1,vertebrate,region,0
Q9HBD1,vertebrate,region,0
Q9HBD1,vertebrate,region,0
Q9HBD1,vertebrate,region,0
Q9HBD1,vertebrate,region,0
Q9HBD1,vertebrate,control,0
Q9HBD1,vertebrate,control,0
Q9HBD1,vertebrate,control,0
Q9HBD1,vertebrate,control,0
Q9HBD1,vertebrate,control,0
Q9HBD1,vertebrate,control,0
Q9HBD1,vertebrate,control,0
Q9HCD5,vertebrate,control,0
Q9HCD5,vertebrate,control,0
Q9HCD5,vertebrate,control,0
Q9HCD5,vertebrate,control,0
Q9HCD5,vertebrate,region,0
Q9HCD5,vertebrate,region,0
Q9HCD5,vertebrate,region,0
Q9HCD5,vertebrate,region,0
Q9HCD5,vertebrate,region,0
Q9HCD5,vertebrate,region,0
Q9HCD5,vertebrate,region,0
Q9HCD5,vertebrate,region,0
Q9HCD5,vertebrate,region,0
Q9HCD5,vertebrate,region,0
Q9HCD5,vertebrate,region,0
Q9HCD5,vertebrate,region,0
Q9HCD5,vertebrate,region,0
Q9HCD5,vertebrate,region,0
Q9HCD5,vertebrate,control,0
Q9HCD5,vertebrate,control,0
Q9HCD5,vertebrate,control,0
Q9HCD5,vertebrate,control,0
Q9HCD5,vertebrate,control,0
Q9HCD5,vertebrate,control,0
Q9HCD5,vertebrate,control,0
Q9HCD6,vertebrate,region,0
Q9HCE3,vertebrate,region,0
Q9HCE3,vertebrate,control,0
Q9HCE3,vertebrate,control,0
Q9HCK8,vertebrate,region,0
Q9HCK8,vertebrate,control,0
Q9NXV6,vertebrate,region,0
Q9NXV6,vertebrate,region,0
Q9NXV6,vertebrate,region,0
Q9NXV6,vertebrate,region,0
Q9NXV6,vertebrate,control,0
Q9NYF8,vertebrate,region,0
Q9NYF8,vertebrate,region,0
Q9NYV4,vertebrate,region,0
Q9NYV4,vertebrate,region,0
Q9NYV4,vertebrate,region,0
Q9NYV4,vertebrate,region,0
Q9NYV4,vertebrate,region,0
Q9NYV4,vertebrate,region,0
Q9NYV4,vertebrate,region,0
Q9NYV4,vertebrate,region,0
Q9NYV4,vertebrate,region,0
Q9NYV4,vertebrate,region,0
Q9NYV4,vertebrate,region,0
Q9NYV4,vertebrate,region,0
Q9NYV4,vertebrate,region,0
Q9NYV4,vertebrate,region,0
Q9NYV4,vertebrate,region,0
Q9NYV4,vertebrate,region,0
Q9NYV4,vertebrate,control,0
Q9NYV4,vertebrate,control,0
Q9NYV4,vertebrate,control,0
Q9NYV4,vertebrate,control,0
Q9NZN8,vertebrate,region,0
Q9NZN8,vertebrate,region,0
Q9NZN8,vertebrate,control,0
Q9NZN8,vertebrate,control,0
Q9NZN8,vertebrate,control,0
Q9NZN8,vertebrate,control,0
Q9NZN8,vertebrate,control,0
Q9NZN8,vertebrate,control,0
Q9NZN8,vertebrate,control,0
Q9P2N6,vertebrate,region,0
Q9P2N6,vertebrate,control,0
Q9P2N6,vertebrate,control,0
Q9P2N6,vertebrate,control,0
Q9P2N6,vertebrate,control,0
Q9P2N6,vertebrate,region,0
Q9P2N6,vertebrate,region,0
Q9P2N6,vertebrate,region,0
Q9P2N6,vertebrate,region,0
Q9P2N6,vertebrate,region,0
Q9P2N6,vertebrate,region,0
Q9P2N6,vertebrate,region,0
Q9P2N6,vertebrate,region,0
Q9P2N6,vertebrate,region,0
Q9P2N6,vertebrate,control,0
Q9P2N6,vertebrate,control,0
Q9P2N6,vertebrate,control,0
Q9P2N6,vertebrate,control,0
Q9P2N6,vertebrate,control,0
Q9P2N6,vertebrate,control,0
Q9P2N6,vertebrate,control,0
Q9P2N6,vertebrate,control,0
Q9P2R6,vertebrate,region,0
Q9P2R6,vertebrate,control,0
Q9P2R6,vertebrate,control,0
Q9P2R6,vertebrate,control,0
Q9P2R6,vertebrate,control,0
Q9P2R6,vertebrate,control,0
Q9P2R6,vertebrate,control,0
Q9P2R6,vertebrate,control,0
Q9UGU0,vertebrate,region,0
Q9UGU0,vertebrate,region,0
Q9UGU0,vertebrate,control,0
Q9UGU0,vertebrate,control,0
Q9UGU0,vertebrate,control,0
Q9UGU0,vertebrate,control,0
Q9UGU0,vertebrate,control,0
Q9UHB7,vertebrate,region,0
Q9UHB7,vertebrate,region,0
Q9UHB7,vertebrate,control,0
Q9UHB7,vertebrate,control,0
Q9UHB7,vertebrate,control,0
Q9UHB7,vertebrate,control,0
Q9UHD9,vertebrate,region,0
Q9UHD9,vertebrate,region,0
Q9UHD9,vertebrate,region,0
Q9UHD9,vertebrate,region,0
Q9UHD9,vertebrate,region,0
Q9UHD9,vertebrate,region,0
Q9UHD9,vertebrate,region,0
Q9UHD9,vertebrate,region,0
Q9UHD9,vertebrate,region,0
Q9UHD9,vertebrate,region,0
Q9UHD9,vertebrate,region,0
Q9UHD9,vertebrate,region,0
Q9UHD9,vertebrate,region,0
Q9UHD9,vertebrate,region,0
Q9UHD9,vertebrate,control,0
Q9UHD9,vertebrate,control,0
Q9UHD9,vertebrate,control,0
Q9UHD9,vertebrate,control,0
Q9UHD9,vertebrate,control,0
Q9UHD9,vertebrate,control,0
Q9UHD9,vertebrate,control,0
Q9UHD9,vertebrate,control,0
Q9UHD9,vertebrate,control,0
Q9UHD9,vertebrate,control,0
Q9UHD9,vertebrate,control,0
Q9UHD9,vertebrate,control,0
Q9UHD9,vertebrate,control,0
Q9UIU6,vertebrate,region,0
Q9UIU6,vertebrate,control,0
Q9UIU6,vertebrate,region,0
Q9UIU6,vertebrate,region,0
Q9UIU6,vertebrate,region,0
Q9UIU6,vertebrate,control,0
Q9UK61,vertebrate,control,0
Q9UK61,vertebrate,control,0
Q9UK61,vertebrate,control,0
Q9UK61,vertebrate,control,0
Q9UK61,vertebrate,control,0
Q9UK61,vertebrate,control,0
Q9ULH7,vertebrate,region,0
Q9ULH7,vertebrate,region,0
Q9ULM3,vertebrate,region,0
Q9ULM3,vertebrate,region,0
Q9ULM3,vertebrate,region,0
Q9ULM3,vertebrate,region,0
Q9ULM3,vertebrate,control,0
Q9ULM3,vertebrate,region,0
Q9ULM3,vertebrate,region,0
Q9ULM3,vertebrate,region,0
Q9ULM3,vertebrate,region,0
Q9ULM3,vertebrate,region,0
Q9ULM3,vertebrate,control,0
Q9ULM3,vertebrate,region,0
Q9ULM3,vertebrate,region,0
Q9ULM3,vertebrate,region,0
Q9ULM3,vertebrate,region,0
Q9ULM3,vertebrate,region,0
Q9ULM3,vertebrate,region,0
Q9ULM3,vertebrate,region,0
Q9ULM3,vertebrate,region,0
Q9ULM3,vertebrate,region,0
Q9ULM3,vertebrate,region,0
Q9ULM3,vertebrate,region,0
Q9ULM3,vertebrate,region,0
Q9ULM3,vertebrate,region,0
Q9ULM3,vertebrate,control,0
Q9ULM3,vertebrate,control,0
Q9ULM3,vertebrate,control,0
Q9ULM3,vertebrate,control,0
Q9ULM3,vertebrate,control,0
Q9ULM3,vertebrate,control,0
Q9ULM3,vertebrate,control,0
Q9ULM3,vertebrate,region,0
Q9ULM3,vertebrate,region,0
Q9ULM3,vertebrate,control,0
Q9ULM3,vertebrate,control,0
Q9ULM3,vertebrate,control,0
Q9ULM3,vertebrate,control,0
Q9ULM3,vertebrate,control,0
Q9ULM3,vertebrate,control,0
Q9ULT8,vertebrate,region,0
Q9ULT8,vertebrate,region,0
Q9ULT8,vertebrate,control,0
Q9ULT8,vertebrate,control,0
Q9ULU4,vertebrate,region,0
Q9ULU4,vertebrate,region,0
Q9ULU4,vertebrate,region,0
Q9ULU4,vertebrate,region,0
Q9ULU4,vertebrate,region,0
Q9ULU4,vertebrate,region,0
Q9ULU4,vertebrate,region,0
Q9ULU4,vertebrate,region,0
Q9ULU4,vertebrate,region,0
Q9ULU4,vertebrate,region,0
Q9ULU4,vertebrate,region,0
Q9ULU4,vertebrate,control,0
Q9ULU4,vertebrate,control,0
Q9ULU4,vertebrate,control,0
Q9UM82,vertebrate,region,0
Q9UM82,vertebrate,region,0
Q9UM82,vertebrate,region,0
Q9UM82,vertebrate,region,0
Q9UM82,vertebrate,region,0
Q9UM82,vertebrate,region,0
Q9UM82,vertebrate,region,1
Q9UM82,vertebrate,region,0
Q9UM82,vertebrate,control,0
Q9UM82,vertebrate,control,0
Q9UM82,vertebrate,control,0
Q9UMS4,vertebrate,region,0
Q9UMS4,vertebrate,region,0
Q9UPA5,vertebrate,control,0
Q9UPA5,vertebrate,region,0
Q9UPN6,vertebrate,region,0
Q9UPN6,vertebrate,region,0
Q9UPN6,vertebrate,control,0
Q9UPN6,vertebrate,control,0
Q9UPN6,vertebrate,control,0
Q9UPN6,vertebrate,control,0
Q9UPN9,vertebrate,region,0
Q9UPN9,vertebrate,region,0
Q9UPN9,vertebrate,region,0
Q9UPN9,vertebrate,region,0
Q9UPN9,vertebrate,control,0
Q9UPN9,vertebrate,control,0
Q9UPZ3,vertebrate,region,0
Q9UPZ3,vertebrate,control,0
Q9UPZ3,vertebrate,control,0
Q9UPZ3,vertebrate,control,0
Q9UPZ3,vertebrate,control,0
Q9UPZ3,vertebrate,control,1
Q9UPZ3,vertebrate,control,1
Q9UQ35,vertebrate,control,0
Q9UQ35,vertebrate,control,0
Q9UQ35,vertebrate,control,0
Q9UQ35,vertebrate,control,0
Q9UQ35,vertebrate,control,0
Q9UQ35,vertebrate,control,0
Q9UQ35,vertebrate,control,0
Q9UQ35,vertebrate,control,0
Q9UQ35,vertebrate,control,0
Q9UQR0,vertebrate,region,0
Q9UQR0,vertebrate,control,0
Q9UQR0,vertebrate,control,1
Q9UQR0,vertebrate,control,0
Q9UQR0,vertebrate,control,0
Q9UQR0,vertebrate,control,0
Q9UQR0,vertebrate,control,0
Q9Y2W1,vertebrate,control,0
Q9Y2W1,vertebrate,control,0
Q9Y2W1,vertebrate,control,1
Q9Y2W1,vertebrate,control,0
Q9Y2X9,vertebrate,control,0
Q9Y2X9,vertebrate,control,0
Q9Y2X9,vertebrate,control,0
Q9Y2X9,vertebrate,control,0
Q9Y2X9,vertebrate,control,0
Q9Y520,vertebrate,control,0
Q9Y520,vertebrate,control,0
Q9Y520,vertebrate,control,0
Q9Y520,vertebrate,control,0
Q9Y520,vertebrate,control,0
Q9Y520,vertebrate,control,0
Q9Y520,vertebrate,control,0
Q9Y520,vertebrate,control,0
Q9Y618,vertebrate,region,0
Q9Y618,vertebrate,region,0
Q9Y618,vertebrate,region,0
Q9Y618,vertebrate,region,0
Q9Y618,vertebrate,region,0
Q9Y618,vertebrate,region,0
Q9Y618,vertebrate,region,0
Q9Y618,vertebrate,region,0
Q9Y618,vertebrate,region,0
Q9Y618,vertebrate,region,0
Q9Y618,vertebrate,region,0
Q9Y618,vertebrate,control,0
Q9Y618,vertebrate,control,0
Q9Y618,vertebrate,control,1
Q9Y618,vertebrate,region,0
Q9Y618,vertebrate,region,0
Q9Y618,vertebrate,region,0
Q9Y618,vertebrate,region,0
Q9Y618,vertebrate,region,0
Q9Y618,vertebrate,region,0
Q9Y618,vertebrate,region,0
Q9Y618,vertebrate,region,0
Q9Y618,vertebrate,region,0
Q9Y618,vertebrate,control,0
Q9Y618,vertebrate,control,0
Q9Y618,vertebrate,region,1
Q9Y618,vertebrate,region,0
Q9Y618,vertebrate,region,0
Q9Y618,vertebrate,region,0
Q9Y618,vertebrate,control,0
Q9Y618,vertebrate,control,0
Q9Y618,vertebrate,control,0
Q9Y618,vertebrate,region,0
Q9Y618,vertebrate,control,0
Q9Y618,vertebrate,control,0
Q9Y618,vertebrate,control,0
Q9Y618,vertebrate,control,0
Q9Y618,vertebrate,control,0
Q9Y618,vertebrate,control,0
Q9Y6Q9,vertebrate,control,0
Q9Y6Q9,vertebrate,region,0
Q9Y6Q9,vertebrate,region,0
Q9Y6Q9,vertebrate,region,0
Q9Y6Q9,vertebrate,region,0
Q9Y6Q9,vertebrate,region,0
Q9Y6Q9,vertebrate,region,0
Q9Y6Q9,vertebrate,region,0
Q9Y6Q9,vertebrate,region,0
Q9Y6Q9,vertebrate,region,0
Q9Y6Q9,vertebrate,control,0
Q9Y6Q9,vertebrate,control,0
Q9Y6Q9,vertebrate,control,0
Q9Y6Q9,vertebrate,control,0
Q9Y6Q9,vertebrate,control,0
Q9Y6Q9,vertebrate,control,0
Q9Y6Y8,vertebrate,region,0
Q9Y6Y8,vertebrate,region,0
Q9Y6Y8,vertebrate,control,0
Q9Y6Y8,vertebrate,region,0
Q9Y6Y8,vertebrate,region,0
Q9Y6Y8,vertebrate,region,0
Q9Y6Y8,vertebrate,control,0
Q9Y6Y8,vertebrate,region,0
Q9Y6Y8,vertebrate,region,0
Q9Y6Y8,vertebrate,region,0
Q9Y6Y8,vertebrate,region,0
Q9Y6Y8,vertebrate,region,0
Q9Y6Y8,vertebrate,region,0
Q9Y6Y8,vertebrate,region,0
Q9Y6Y8,vertebrate,region,0
Q9Y6Y8,vertebrate,region,0
Q9Y6Y8,vertebrate,region,0
Q9Y6Y8,vertebrate,region,0
Q9Y6Y8,vertebrate,region,0
Q9Y6Y8,vertebrate,region,0
Q9Y6Y8,vertebrate,region,0
Q9Y6Y8,vertebrate,control,0
Q9Y6Y8,vertebrate,control,1
Q9Y6Y8,vertebrate,control,0
Q9Y6Y8,vertebrate,control,0
Q9Y6Y8,vertebrate,control,0
Q9Y6Y8,vertebrate,region,0
Q9Y6Y8,vertebrate,region,0
O00268,all,region,0
O00268,all,region,0
O00268,all,region,0
O00268,all,region,0
O00268,all,region,0
O00268,all,region,0
O00268,all,control,0
O00268,all,control,0
O00268,all,control,0
O00268,all,control,0
O00268,all,region,0
O00268,all,region,0
O00268,all,region,0
O00268,all,region,0
O00268,all,region,0
O00268,all,region,0
O00268,all,region,0
O00268,all,region,0
O00268,all,control,0
O00268,all,control,0
O00268,all,control,0
O00268,all,control,0
O00268,all,control,0
O00268,all,control,0
O00268,all,control,0
O00268,all,control,0
O00268,all,control,0
O00268,all,control,0
O00268,all,control,0
O00268,all,control,0
O00268,all,control,0
O00268,all,control,0
O00268,all,control,0
O00268,all,control,0
O00268,all,control,0
O14964,all,region,0
O14964,all,region,0
O14964,all,region,0
O14964,all,region,0
O14964,all,region,1
O14964,all,region,0
O14964,all,region,0
O14964,all,region,1
O14964,all,region,0
O14964,all,region,0
O14964,all,region,1
O14964,all,region,0
O14964,all,region,0
O14964,all,region,1
O14964,all,region,1
O14964,all,control,0
O14964,all,control,0
O14964,all,control,0
O14964,all,control,0
O14964,all,control,1
O14964,all,control,0
O14964,all,control,0
O14964,all,control,0
O14964,all,control,0
O14964,all,control,0
O14964,all,control,0
O14964,all,control,0
O14964,all,control,0
O14964,all,control,0
O14964,all,control,0
O14964,all,control,0
O14974,all,region,0
O14974,all,region,0
O14974,all,region,0
O14974,all,region,0
O14974,all,region,0
O14974,all,region,0
O14974,all,region,0
O14974,all,region,0
O14974,all,region,0
O14974,all,control,0
O14974,all,control,0
O15027,all,region,0
O15027,all,region,0
O15027,all,region,0
O15027,all,region,0
O15027,all,region,0
O15027,all,region,0
O15027,all,control,0
O15027,all,control,0
O15047,all,control,0
O15047,all,control,0
O15047,all,control,0
O15047,all,control,0
O15047,all,control,0
O43395,all,region,0
O43395,all,region,0
O43395,all,region,0
O43615,all,region,0
O43615,all,region,0
O43615,all,region,0
O43615,all,region,0
O43615,all,region,0
O43615,all,region,1
O43615,all,region,0
O43615,all,region,0
O43615,all,region,0
O43615,all,region,0
O43615,all,region,0
O43615,all,region,0
O43615,all,region,0
O43615,all,control,0
O43615,all,control,0
O43615,all,control,0
O43615,all,control,0
O43615,all,control,0
O43615,all,control,0
O43615,all,control,1
O43615,all,control,0
O43615,all,control,1
O43615,all,control,1
O43615,all,control,0
O43615,all,control,0
O43615,all,control,0
O43615,all,control,0
O43615,all,control,0
O43615,all,control,0
O43615,all,control,0
O60318,all,region,0
O60318,all,region,0
O60318,all,region,0
O60318,all,region,0
O60318,all,region,0
O60318,all,region,0
O60318,all,control,1
O60318,all,control,0
O60664,all,region,0
O60664,all,region,0
O60664,all,control,0
O60664,all,control,0
O60664,all,control,0
O60664,all,control,0
O60664,all,control,0
O60664,all,control,0
O60664,all,region,0
O60664,all,region,0
O60664,all,region,0
O60664,all,region,0
O60664,all,region,0
O60664,all,region,0
O60664,all,region,0
O60664,all,control,0
O60664,all,control,0
O60664,all,control,0
O60841,all,region,0
O60841,all,control,0
O60841,all,control,0
O60841,all,control,1
O60885,all,control,0
O75030,all,region,0
O75030,all,region,0
O75030,all,region,0
O75030,all,control,1
O75116,all,region,0
O75116,all,region,0
O75116,all,region,0
O75116,all,region,0
O75116,all,region,0
O75116,all,control,0
O75116,all,control,0
O75116,all,control,0
O75179,all,region,0
O75376,all,region,0
O75376,all,region,0
O75376,all,region,0
O75376,all,region,0
O75376,all,control,0
O75376,all,control,0
O75376,all,control,0
O75376,all,region,0
O75376,all,region,0
O75376,all,control,0
O75376,all,control,0
O75717,all,region,1
O75717,all,region,1
O75717,all,region,0
O75717,all,region,0
O75717,all,region,0
O75717,all,region,0
O75717,all,region,0
O75717,all,region,0
O75717,all,region,0
O75717,all,region,0
O75717,all,region,0
O75717,all,region,0
O75717,all,region,0
O75717,all,region,0
O75717,all,region,0
O75717,all,region,0
O75717,all,region,0
O75717,all,region,0
O75717,all,region,1
O75717,all,region,0
O75717,all,region,0
O75717,all,region,1
O75717,all,region,1
O75717,all,control,0
O75717,all,control,0
O75717,all,control,0
O75717,all,control,0
O75717,all,control,0
O75717,all,control,0
O75717,all,control,0
O75717,all,control,0
O75717,all,control,0
O75717,all,control,0
O75717,all,control,1
O75717,all,control,0
O75717,all,control,0
O75717,all,control,0
O75717,all,control,0
O75717,all,control,1
O75717,all,control,0
O75717,all,control,0
O75717,all,control,0
O75909,all,control,0
O75909,all,control,0
O76070,all,control,0
O94913,all,region,0
O94913,all,region,0
O94913,all,region,0
O94913,all,region,1
O94913,all,region,1
O94913,all,region,0
O95081,all,region,1
O95081,all,region,0
O95081,all,region,0
O95081,all,region,1
O95081,all,region,0
O95081,all,region,0
O95081,all,region,0
O95081,all,region,0
O95081,all,region,0
O95081,all,region,0
O95081,all,region,0
O95081,all,region,0
O95081,all,region,0
O95081,all,region,0
O95081,all,region,0
O95081,all,control,0
O95081,all,control,0
O95081,all,control,0
O95081,all,control,0
O95081,all,control,0
O95081,all,control,0
O95081,all,control,0
O95081,all,control,0
O95487,all,region,0
O95487,all,region,0
O95487,all,region,0
O95487,all,region,0
O95487,all,region,1
O95487,all,region,0
O95487,all,region,0
O95487,all,region,0
O95487,all,region,0
O95487,all,region,1
O95487,all,control,0
O95487,all,control,0
O95487,all,control,0
O95487,all,control,0
O95487,all,control,0
O95487,all,region,0
O95487,all,control,0
O95487,all,control,0
O95487,all,control,1
O95487,all,control,0
O95487,all,control,0
O95487,all,control,0
O95487,all,control,0
O95487,all,control,1
O95487,all,control,0
O95487,all,control,0
O95487,all,control,1
O95487,all,control,0
O95628,all,control,1
O95628,all,control,0
O95628,all,control,0
O95628,all,control,0
O95628,all,control,0
O95628,all,control,0
O95628,all,control,1
O95628,all,control,0
O95628,all,control,0
O95628,all,control,0
O95628,all,control,0
O95628,all,control,0
O95628,all,region,0
O95628,all,region,0
O95628,all,control,0
O95835,all,region,0
O95835,all,region,0
O95835,all,region,0
O95835,all,control,0
O95835,all,control,0
O95835,all,control,0
O95835,all,control,0
O95835,all,control,0
O95835,all,control,0
O95835,all,control,0
O95835,all,control,0
O95835,all,control,0
O95835,all,control,0
O95835,all,control,0
P04150,all,control,0
P04150,all,control,0
P04150,all,control,0
P04150,all,control,0
P05783,all,region,0
P05783,all,region,0
P05783,all,region,0
P05783,all,region,0
P05783,all,region,0
P05783,all,control,0
P05783,all,control,0
P05783,all,control,1
P05783,all,control,0
P05783,all,control,0
P05783,all,control,0
P05783,all,control,0
P05783,all,control,0
P05783,all,control,0
P05783,all,control,0
P05783,all,control,0
P05787,all,region,0
P05787,all,region,0
P05787,all,control,0
P05787,all,control,0
P05787,all,control,0
P05787,all,region,0
P05787,all,region,1
P05787,all,region,1
P05787,all,control,0
P06401,all,region,0
P06401,all,region,0
P06401,all,region,0
P06401,all,region,0
P06401,all,region,0
P06401,all,region,0
P06401,all,control,0
P06401,all,control,0
P07196,all,region,0
P07196,all,region,0
P07196,all,region,0
P07196,all,region,0
P08047,all,control,0
P08047,all,control,0
P08047,all,control,0
P08047,all,control,1
P08047,all,control,0
P08651,all,control,0
P10070,all,region,0
P10070,all,region,0
P10070,all,control,0
P10070,all,control,0
P10070,all,control,0
P10070,all,control,0
P10070,all,control,0
P10070,all,control,0
P11279,all,region,0
P11279,all,region,0
P11279,all,region,1
P11279,all,region,0
P11279,all,region,0
P11279,all,region,1
P11279,all,control,1
P11279,all,control,0
P11279,all,control,0
P11279,all,control,0
P11279,all,control,1
P11279,all,region,0
P11279,all,region,0
P12270,all,region,0
P12270,all,region,0
P12270,all,region,0
P12270,all,region,1
P12270,all,region,0
P12270,all,region,0
P12270,all,region,0
P12270,all,region,0
P12270,all,region,0
P12270,all,region,0
P12270,all,region,0
P12270,all,region,0
P12270,all,region,0
P12270,all,region,0
P12270,all,region,0
P12270,all,region,0
P12270,all,control,0
P12270,all,control,0
P12270,all,control,0
P12270,all,control,0
P12270,all,control,0
P12270,all,control,0
P12270,all,control,0
P12270,all,control,1
P12270,all,control,1
P12270,all,control,0
P12270,all,control,1
P12270,all,control,1
P12270,all,control,0
P13796,all,control,0
P13796,all,control,0
P13796,all,control,0
P13796,all,control,0
P13796,all,control,0
P14859,all,region,0
P14859,all,region,0
P14859,all,region,0
P14859,all,control,0
P14859,all,control,0
P15336,all,control,0
P15822,all,region,0
P15822,all,region,0
P15822,all,region,0
P15822,all,region,0
P15822,all,region,0
P15822,all,region,0
P15822,all,region,0
P15822,all,control,0
P15822,all,control,1
P15822,all,control,0
P15822,all,control,0
P15822,all,control,0
P15822,all,control,0
P15822,all,control,0
P15822,all,control,0
P15822,all,control,0
P15822,all,control,0
P15822,all,control,0
P15822,all,control,0
P15822,all,control,0
P15822,all,control,0
P15822,all,control,0
P15822,all,region,0
P15822,all,region,0
P15822,all,region,0
P15822,all,region,0
P15822,all,region,0
P15822,all,region,0
P15822,all,control,0
P15822,all,control,1
P15822,all,control,1
P15822,all,control,0
P15822,all,control,0
P15822,all,control,0
P15822,all,control,0
P15822,all,control,0
P15822,all,control,0
P15822,all,control,0
P15822,all,region,0
P15822,all,region,0
P15822,all,region,0
P15822,all,region,0
P15822,all,region,0
P15822,all,control,0
P15822,all,control,0
P15822,all,control,0
P15822,all,control,0
P17275,all,region,0
P17275,all,control,0
P18583,all,region,0
P18583,all,region,0
P18583,all,region,0
P18583,all,region,0
P22681,all,region,0
P22681,all,region,0
P22681,all,region,0
P22681,all,region,0
P22681,all,control,0
P22681,all,control,0
P22681,all,control,0
P22681,all,region,0
P22681,all,region,0
P22681,all,region,0
P22681,all,region,0
P22681,all,region,0
P22681,all,region,0
P22681,all,region,0
P22681,all,region,0
P22681,all,region,0
P22681,all,region,0
P22681,all,region,0
P22681,all,region,0
P22681,all,control,0
P22681,all,control,0
P23246,all,control,0
P23246,all,control,0
P23246,all,control,0
P23246,all,control,0
P27540,all,region,0
P27540,all,region,0
P27540,all,region,0
P27540,all,region,0
P27540,all,region,0
P27540,all,region,0
P27540,all,control,0
P27540,all,control,0
P27540,all,control,0
P27540,all,control,0
P27540,all,control,0
P27540,all,control,0
P27540,all,control,0
P27540,all,control,0
P30622,all,region,0
P30622,all,region,0
P30622,all,region,0
P30622,all,region,0
P30622,all,region,0
P30622,all,region,0
P31629,all,region,0
P31629,all,region,0
P31629,all,region,0
P31629,all,region,0
P31629,all,control,0
P31629,all,control,0
P31629,all,control,0
P31629,all,control,0
P31629,all,control,0
P31629,all,control,0
P31629,all,region,0
P31629,all,region,0
P31629,all,region,0
P31629,all,region,0
P31629,all,region,0
P31629,all,region,1
P31629,all,region,0
P31629,all,region,1
P31629,all,region,0
P31629,all,region,0
P31629,all,region,0
P31629,all,region,0
P31629,all,region,0
P31629,all,region,0
P31629,all,region,0
P31629,all,region,0
P31629,all,control,0
P31629,all,control,0
P31629,all,control,0
P31629,all,control,0
P31629,all,control,0
P31629,all,region,0
P31629,all,region,0
P31629,all,region,0
P31629,all,region,0
P31629,all,region,0
P31629,all,control,0
P31629,all,control,0
P31629,all,control,0
P31629,all,control,0
P31629,all,control,0
P31629,all,control,0
P31629,all,control,0
P31629,all,control,0
P31629,all,region,0
P31629,all,region,0
P31629,all,region,0
P31629,all,region,0
P31629,all,region,1
P31629,all,region,0
P31629,all,region,1
P31629,all,region,0
P31629,all,control,0
P31629,all,control,0
P31629,all,control,0
P31629,all,control,0
P31629,all,control,0
P31629,all,control,0
P31629,all,control,0
P31629,all,control,0
P32519,all,control,0
P35613,all,region,0
P35613,all,region,0
P35613,all,region,0
P35613,all,region,0
P35613,all,region,1
P35613,all,region,0
P35613,all,region,0
P35613,all,region,0
P35613,all,region,0
P35613,all,control,0
P35613,all,control,0
P35613,all,control,0
P35613,all,control,0
P35613,all,control,0
P35613,all,control,0
P35613,all,control,0
P35613,all,control,0
P35613,all,control,0
P35613,all,control,0
P35658,all,region,0
P35658,all,region,0
P35658,all,region,0
P35658,all,region,0
P35658,all,region,0
P35658,all,region,0
P35658,all,region,0
P35658,all,region,0
P35658,all,region,0
P35658,all,region,0
P35658,all,region,1
P35658,all,region,0
P35658,all,region,1
P35658,all,region,1
P35658,all,region,0
P35658,all,region,0
P35658,all,control,0
P35658,all,control,0
P35658,all,control,0
P35658,all,control,0
P35658,all,control,0
P35658,all,control,0
P35658,all,control,0
P35658,all,control,0
P35658,all,control,0
P35658,all,control,0
P35658,all,control,0
P35658,all,control,0
P35658,all,control,0
P35658,all,control,0
P35658,all,control,0
P35658,all,control,0
P35658,all,control,0
P35658,all,control,0
P35658,all,control,0
P35658,all,control,0
P35658,all,control,0
P35658,all,control,0
P35658,all,control,0
P35658,all,control,0
P35658,all,control,0
P35658,all,control,0
P35658,all,control,0
P35658,all,control,0
P35658,all,control,0
P35658,all,control,0
P35658,all,control,0
P35658,all,control,0
P35658,all,region,0
P35658,all,region,0
P35658,all,region,0
P35658,all,region,0
P35658,all,region,0
P35658,all,region,0
P35658,all,region,0
P35658,all,region,0
P35658,all,region,0
P35658,all,region,0
P35658,all,region,0
P35658,all,region,0
P35658,all,region,0
P35658,all,region,0
P35658,all,region,0
P35658,all,region,0
P35658,all,region,0
P35658,all,region,0
P35658,all,region,0
P35658,all,region,0
P35658,all,region,0
P35658,all,region,0
P35658,all,region,0
P35658,all,region,0
P35658,all,region,0
P35658,all,control,1
P35658,all,control,0
P35658,all,control,0
P35658,all,control,1
P35658,all,control,0
P35658,all,control,0
P35658,all,control,0
P35658,all,control,0
P35658,all,control,0
P35658,all,control,0
P35658,all,control,0
P35658,all,control,1
P35658,all,control,0
P35658,all,control,1
P35658,all,control,0
P35658,all,control,0
P35658,all,control,1
P35658,all,control,0
P35658,all,control,0
P35658,all,control,0
P35658,all,control,0
P35658,all,control,0
P35658,all,control,0
P35658,all,control,0
P35658,all,region,0
P35658,all,region,0
P35658,all,region,0
P35658,all,region,0
P35658,all,region,1
P35658,all,control,0
P35658,all,control,0
P35658,all,control,0
P35658,all,control,0
P35658,all,control,1
P35658,all,control,0
P35658,all,control,0
P35658,all,control,0
P35658,all,control,0
P35658,all,control,0
P35658,all,region,0
P35658,all,region,0
P35658,all,region,0
P35658,all,region,0
P35658,all,region,0
P35658,all,region,0
P35658,all,region,0
P35658,all,region,0
P35658,all,region,0
P35658,all,region,0
P35658,all,region,0
P35658,all,region,0
P35658,all,region,0
P35658,all,region,0
P35658,all,control,0
P35658,all,control,0
P35658,all,control,0
P35658,all,control,0
P35658,all,control,0
P35658,all,control,0
P35658,all,control,0
P35658,all,control,0
P35658,all,control,0
P35658,all,control,0
P35658,all,control,0
P35658,all,region,0
P35658,all,region,0
P35658,all,region,0
P35658,all,region,0
P35658,all,region,0
P35658,all,region,0
P35658,all,region,0
P35658,all,region,0
P35658,all,region,0
P35658,all,region,0
P35658,all,region,0
P35658,all,region,0
P35658,all,region,0
P35658,all,region,0
P35658,all,region,1
P35658,all,region,0
P35658,all,region,0
P35658,all,region,0
P35658,all,region,0
P35658,all,region,0
P35658,all,control,0
P35658,all,control,0
P35658,all,control,0
P35658,all,control,0
P35658,all,control,0
P35658,all,control,0
P35658,all,control,0
P35658,all,control,0
P35658,all,control,0
P35658,all,control,0
P35658,all,control,0
P35658,all,control,0
P35658,all,control,0
P35658,all,control,1
P35658,all,control,0
P35658,all,control,0
P35658,all,control,0
P35658,all,control,0
P35658,all,control,0
P35658,all,control,0
P35658,all,region,0
P35658,all,region,1
P35658,all,region,0
P35658,all,region,0
P35658,all,region,0
P35658,all,region,0
P35658,all,region,0
P35658,all,region,0
P35658,all,region,0
P35658,all,control,0
P35658,all,control,0
P35658,all,control,0
P35658,all,control,0
P35658,all,control,0
P35658,all,control,0
P35658,all,control,0
P35658,all,control,0
P35658,all,control,0
P35658,all,control,0
P35658,all,control,0
P35658,all,control,0
P35658,all,control,0
P35658,all,control,0
P35658,all,control,0
P35658,all,control,0
P35658,all,control,0
P35658,all,control,0
P35658,all,control,0
P35658,all,control,0
P35658,all,control,1
P35658,all,region,0
P35658,all,region,0
P35658,all,region,0
P35658,all,region,0
P35658,all,region,0
P35658,all,region,0
P35658,all,region,0
P35658,all,region,0
P35658,all,region,0
P35658,all,region,0
P35658,all,region,0
P35658,all,region,0
P35658,all,region,0
P35658,all,region,0
P35658,all,region,0
P35658,all,region,0
P35658,all,region,0
P35658,all,region,0
P35658,all,region,0
P35658,all,region,0
P35658,all,region,1
P35658,all,region,0
P35658,all,control,0
P35658,all,control,0
P35658,all,control,0
P35658,all,control,0
P35658,all,control,0
P35658,all,control,0
P35658,all,control,0
P35658,all,control,0
P35658,all,control,0
P35658,all,control,0
P35658,all,control,0
P35658,all,control,0
P35658,all,control,0
P35658,all,control,0
P35658,all,control,0
P35658,all,control,1
P35658,all,control,0
P35658,all,control,0
P35658,all,control,0
P35658,all,region,0
P35658,all,region,0
P35658,all,region,0
P35658,all,region,0
P35658,all,region,0
P35658,all,region,0
P35658,all,region,0
P35658,all,region,0
P35658,all,region,0
P35658,all,region,0
P35658,all,region,0
P35658,all,region,0
P35658,all,region,0
P35658,all,region,0
P35658,all,region,0
P35658,all,region,0
P35658,all,region,0
P35658,all,region,0
P35658,all,region,0
P35658,all,region,0
P35658,all,region,0
P35658,all,region,0
P35658,all,control,0
P35658,all,control,0
P35658,all,control,0
P35658,all,control,0
P35658,all,control,0
P35658,all,control,0
P35658,all,control,0
P35658,all,control,0
P35658,all,control,0
P35658,all,control,0
P35658,all,control,0
P35658,all,control,0
P35658,all,control,0
P35658,all,control,0
P35658,all,control,0
P35658,all,control,0
P35658,all,control,0
P35658,all,control,0
P35658,all,control,0
P35658,all,control,0
P35658,all,control,1
P35658,all,control,0
P35658,all,control,0
P35658,all,control,0
P35658,all,control,0
P35658,all,control,0
P35658,all,control,0
P35658,all,control,0
P35658,all,control,0
P35658,all,control,0
P35658,all,control,1
P35658,all,control,0
P35658,all,region,0
P35658,all,region,0
P35658,all,control,0
P35658,all,control,0
P35658,all,region,0
P35658,all,region,0
P35658,all,region,0
P35658,all,region,1
P35658,all,region,0
P35658,all,region,0
P35658,all,region,0
P35658,all,region,0
P35658,all,control,0
P35658,all,control,0
P35658,all,control,0
P35658,all,control,0
P35658,all,control,0
P35658,all,control,0
P35658,all,control,0
P35658,all,control,0
P35658,all,control,0
P35658,all,control,0
P35658,all,control,0
P35658,all,region,0
P35658,all,region,0
P35658,all,region,0
P35658,all,region,0
P35658,all,region,0
P35658,all,region,0
P35658,all,control,0
P35658,all,control,0
P35658,all,control,0
P35658,all,control,0
P35658,all,control,0
P35658,all,control,1
P35658,all,control,0
P35658,all,region,0
P35658,all,region,0
P35658,all,region,0
P35658,all,region,0
P35658,all,region,0
P35658,all,region,0
P35658,all,region,0
P35658,all,region,0
P35658,all,region,0
P35658,all,region,0
P35658,all,region,0
P35658,all,region,0
P35658,all,region,0
P35658,all,control,0
P35658,all,control,0
P35658,all,control,0
P35658,all,control,0
P35658,all,control,0
P35658,all,control,0
P35658,all,control,0
P35658,all,control,0
P35658,all,control,0
P35658,all,control,0
P35658,all,region,0
P35658,all,region,0
P35658,all,region,0
P35658,all,region,0
P35658,all,region,0
P35658,all,region,0
P35658,all,region,0
P35658,all,region,0
P35658,all,control,0
P35658,all,control,0
P35658,all,control,0
P35658,all,control,0
P35658,all,control,0
P35658,all,control,0
P35658,all,control,0
P35658,all,control,0
P35658,all,control,0
P35658,all,control,0
P35658,all,control,0
P35658,all,control,0
P35658,all,control,0
P35658,all,region,0
P35658,all,region,0
P35658,all,region,0
P35658,all,region,0
P35658,all,control,0
P35658,all,control,0
P35658,all,control,0
P35658,all,control,0
P35658,all,control,0
P35658,all,control,0
P35658,all,control,0
P35658,all,control,0
P35658,all,control,0
P35658,all,control,0
P35658,all,control,0
P35658,all,control,0
P35658,all,control,0
P35658,all,control,0
P35658,all,control,0
P35658,all,control,0
P35658,all,control,1
P35658,all,control,0
P35658,all,control,0
P35658,all,control,0
P35658,all,control,0
P35658,all,region,0
P35658,all,region,0
P35658,all,region,0
P35658,all,region,0
P35658,all,control,0
P35658,all,control,0
P35658,all,control,0
P35658,all,control,0
P35658,all,control,0
P35658,all,control,0
P35658,all,control,0
P35658,all,control,0
P35658,all,control,0
P35658,all,control,0
P35658,all,region,0
P35658,all,control,0
P35658,all,control,0
P35658,all,control,0
P35658,all,control,0
P35658,all,control,0
P35658,all,control,0
P35658,all,control,0
P35658,all,control,0
P35658,all,control,0
P35658,all,control,1
P35658,all,region,0
P35658,all,region,0
P35658,all,control,0
P37198,all,region,0
P37198,all,region,0
P37198,all,region,0
P37198,all,region,0
P37198,all,region,0
P37198,all,region,0
P37198,all,region,0
P37198,all,region,0
P37198,all,region,0
P37198,all,region,0
P37198,all,region,0
P37198,all,control,0
P37198,all,control,0
P37198,all,control,0
P37198,all,control,0
P37198,all,control,0
P39880,all,region,0
P39880,all,region,0
P39880,all,region,0
P39880,all,region,0
P39880,all,region,0
P39880,all,region,0
P39880,all,region,0
P39880,all,region,0
P39880,all,region,0
P39880,all,region,0
P39880,all,region,0
P39880,all,region,0
P39880,all,region,0
P39880,all,region,0
P39880,all,region,0
P39880,all,control,0
P39880,all,control,0
P39880,all,control,0
P39880,all,control,0
P39880,all,control,0
P39880,all,control,0
P39880,all,control,0
P39880,all,control,0
P39880,all,control,0
P39880,all,control,0
P39880,all,control,0
P40425,all,region,0
P40425,all,region,0
P43155,all,region,0
P43155,all,region,0
P43155,all,region,0
P43155,all,region,0
P43155,all,region,0
P43155,all,region,0
P43155,all,region,0
P43155,all,region,0
P43155,all,control,0
P46013,all,region,0
P46013,all,region,0
P46013,all,region,0
P46013,all,region,0
P46013,all,region,0
P46013,all,region,0
P46013,all,control,0
P46013,all,control,0
P46013,all,control,0
P46013,all,control,0
P46013,all,control,0
P46013,all,control,0
P46013,all,control,0
P46013,all,control,0
P46013,all,control,0
P46013,all,control,0
P46013,all,control,0
P46100,all,region,0
P46100,all,region,0
P46100,all,region,0
P46100,all,region,0
P46100,all,region,0
P46100,all,region,0
P46100,all,region,0
P48634,all,region,0
P48634,all,region,0
P48634,all,control,0
P48634,all,control,0
P49321,all,region,0
P49321,all,region,0
P49321,all,control,0
P49321,all,control,0
P49321,all,control,0
P49321,all,control,0
P49750,all,region,0
P49750,all,region,0
P49750,all,region,1
P49750,all,control,0
P49750,all,control,0
P49750,all,control,0
P49750,all,control,0
P49750,all,region,0
P49750,all,region,0
P49750,all,region,0
P49750,all,region,0
P49750,all,region,0
P49750,all,region,0
P49750,all,region,0
P49790,all,region,0
P49790,all,region,0
P49790,all,region,0
P49790,all,region,0
P49790,all,region,0
P49790,all,region,0
P49790,all,region,0
P49790,all,region,0
P49790,all,region,0
P49790,all,region,1
P49790,all,region,1
P49790,all,region,0
P49790,all,region,0
P49790,all,region,0
P49790,all,region,0
P49790,all,region,0
P49790,all,region,0
P49790,all,region,0
P49790,all,region,0
P49790,all,region,0
P49790,all,region,0
P49790,all,region,0
P49790,all,region,0
P49790,all,region,0
P49790,all,region,0
P49790,all,region,0
P49790,all,region,0
P49790,all,region,0
P49790,all,region,0
P49790,all,region,0
P49790,all,region,0
P49790,all,region,0
P49790,all,region,0
P49790,all,region,0
P49790,all,region,0
P49790,all,region,0
P49790,all,region,0
P49790,all,region,0
P49790,all,region,0
P49790,all,region,1
P49790,all,region,0
P49790,all,region,0
P49790,all,region,0
P49790,all,region,0
P49790,all,region,0
P49790,all,region,0
P49790,all,region,0
P49790,all,region,0
P49790,all,region,0
P49790,all,region,0
P49790,all,region,0
P49790,all,region,0
P49790,all,region,1
P49790,all,region,0
P49790,all,region,0
P49790,all,region,0
P49790,all,region,0
P49790,all,region,0
P49790,all,control,0
P49790,all,control,0
P49790,all,control,0
P49790,all,control,0
P49790,all,control,0
P49790,all,control,0
P49790,all,control,0
P49790,all,control,0
P49790,all,control,0
P49790,all,control,0
P49790,all,control,0
P49790,all,control,0
P49790,all,control,0
P49790,all,control,0
P49790,all,control,0
P49790,all,control,0
P49790,all,control,0
P49790,all,control,0
P49790,all,control,0
P49790,all,control,0
P49790,all,control,0
P49790,all,control,0
P49790,all,control,0
P49790,all,control,0
P49790,all,control,0
P49790,all,control,0
P49790,all,control,0
P49790,all,control,0
P49790,all,control,0
P49790,all,control,0
P49790,all,control,0
P49790,all,control,1
P49790,all,control,0
P49790,all,control,0
P49790,all,control,0
P49790,all,control,0
P49790,all,control,0
P49790,all,control,0
P49790,all,control,0
P49790,all,control,0
P49790,all,control,0
P49790,all,control,0
P49790,all,control,0
P49790,all,control,0
P49790,all,control,0
P49790,all,control,1
P49790,all,control,0
P49790,all,control,0
P49790,all,control,0
P49790,all,control,0
P49790,all,control,0
P49790,all,region,0
P49790,all,region,0
P49790,all,region,0
P49790,all,region,1
P49790,all,region,0
P49790,all,region,0
P49790,all,region,0
P49790,all,region,0
P49790,all,region,0
P49790,all,region,0
P49790,all,region,0
P49790,all,region,0
P49790,all,region,1
P49790,all,region,0
P49790,all,control,0
P49790,all,control,0
P49790,all,control,0
P49790,all,control,0
P49790,all,control,0
P49790,all,control,0
P49790,all,control,0
P49790,all,control,0
P49790,all,control,0
P49790,all,control,0
P49790,all,control,0
P49790,all,control,0
P49790,all,control,0
P49790,all,control,0
P49790,all,control,0
P49790,all,control,0
P49790,all,control,0
P49790,all,control,0
P49790,all,control,0
P49790,all,control,0
P49790,all,control,0
P49790,all,region,0
P49790,all,region,0
P49790,all,region,0
P49790,all,region,1
P49790,all,region,0
P49790,all,region,0
P49790,all,region,0
P49790,all,region,0
P49790,all,region,0
P49790,all,region,0
P49790,all,region,0
P49790,all,region,0
P49790,all,control,0
P49790,all,control,0
P49790,all,control,0
P49790,all,control,0
P49790,all,control,0
P49790,all,control,0
P49790,all,control,0
P49790,all,control,0
P49790,all,control,0
P49790,all,control,0
P49790,all,control,1
P49790,all,control,0
P49790,all,control,0
P49790,all,control,0
P49790,all,control,0
P49790,all,control,0
P49790,all,control,0
P49790,all,control,0
P49790,all,control,0
P49790,all,control,0
P49790,all,control,0
P49790,all,control,0
P49790,all,region,0
P49790,all,region,0
P49790,all,region,1
P49790,all,region,0
P49790,all,region,0
P49790,all,region,0
P49790,all,region,0
P49790,all,region,0
P49790,all,control,0
P49790,all,control,0
P49790,all,control,0
P49790,all,control,0
P49790,all,control,0
P49790,all,control,0
P49790,all,region,1
P49790,all,region,0
P49790,all,region,0
P49790,all,region,0
P49790,all,region,0
P49790,all,region,0
P49790,all,region,0
P49790,all,region,0
P49790,all,region,0
P49790,all,region,0
P49790,all,region,0
P49790,all,region,0
P49790,all,region,0
P49790,all,region,0
P49790,all,region,1
P49790,all,region,0
P49790,all,region,0
P49790,all,region,0
P49790,all,region,0
P49790,all,control,0
P49790,all,control,0
P49790,all,control,0
P49790,all,control,0
P49790,all,control,0
P49790,all,control,0
P49790,all,control,0
P49790,all,control,0
P49790,all,control,0
P49790,all,region,0
P49790,all,region,0
P49790,all,control,0
P49790,all,control,0
P49790,all,control,0
P49790,all,control,0
P49790,all,control,0
P49790,all,region,0
P49790,all,region,0
P49790,all,region,0
P49790,all,region,0
P49790,all,region,0
P49790,all,region,0
P49790,all,region,1
P49790,all,region,0
P49790,all,region,0
P49790,all,region,0
P49790,all,region,0
P49790,all,region,0
P49790,all,region,0
P49790,all,region,0
P49790,all,region,0
P49790,all,region,0
P49790,all,region,0
P49790,all,region,1
P49790,all,region,0
P49790,all,region,0
P49790,all,region,0
P49790,all,region,0
P49790,all,region,0
P49790,all,region,0
P49790,all,region,0
P49790,all,region,0
P49790,all,region,0
P49790,all,region,1
P49790,all,region,0
P49790,all,region,0
P49790,all,region,0
P49790,all,region,0
P49790,all,region,1
P49790,all,region,0
P49790,all,region,0
P49790,all,region,0
P49790,all,region,0
P49790,all,region,0
P49790,all,region,1
P49790,all,region,0
P49790,all,region,1
P49790,all,region,0
P49790,all,region,0
P49790,all,region,0
P49790,all,region,1
P49790,all,control,0
P49790,all,control,0
P49790,all,control,0
P49790,all,control,0
P49790,all,control,0
P49790,all,control,0
P49790,all,control,0
P49790,all,control,0
P49790,all,control,0
P49790,all,control,0
P49790,all,control,0
P49790,all,control,1
P49790,all,control,0
P49790,all,control,0
P49790,all,region,0
P49790,all,region,0
P49790,all,region,0
P49790,all,region,0
P49790,all,region,0
P49790,all,region,0
P49790,all,control,0
P49790,all,region,0
P49790,all,region,0
P49790,all,region,0
P49790,all,region,0
P49790,all,region,0
P49790,all,region,0
P49790,all,control,0
P49790,all,control,0
P49790,all,control,0
P49790,all,region,0
P49790,all,region,0
P49790,all,region,1
P49790,all,region,0
P49790,all,region,0
P49790,all,region,0
P49790,all,region,0
P49790,all,region,0
P49790,all,region,0
P49790,all,region,0
P49790,all,region,0
P49790,all,region,0
P49790,all,region,0
P49790,all,region,0
P49790,all,region,0
P49790,all,region,0
P49790,all,region,0
P49790,all,region,0
P49790,all,region,0
P49790,all,region,0
P49790,all,region,0
P49790,all,region,0
P49790,all,control,0
P49790,all,control,0
P49790,all,control,0
P49790,all,control,0
P49790,all,control,0
P49790,all,control,0
P49790,all,control,0
P49790,all,control,0
P49790,all,control,0
P49790,all,control,0
P49790,all,control,0
P49790,all,control,0
P49790,all,control,0
P49790,all,control,0
P49790,all,control,0
P49790,all,control,0
P49790,all,region,0
P49790,all,region,0
P49790,all,region,0
P49790,all,region,0
P49790,all,region,0
P49790,all,region,0
P49790,all,control,0
P49790,all,control,0
P49790,all,control,0
P49790,all,control,0
P49790,all,region,0
P49790,all,region,0
P49790,all,region,0
P49790,all,region,0
P49790,all,region,0
P49790,all,region,0
P49790,all,region,0
P49790,all,region,0
P49790,all,region,0
P49790,all,region,0
P49790,all,region,0
P49790,all,region,0
P49790,all,region,0
P49790,all,region,0
P49790,all,control,0
P49790,all,control,0
P49790,all,control,0
P49790,all,control,0
P49790,all,control,0
P49790,all,control,0
P49790,all,control,0
P49790,all,control,0
P49790,all,control,0
P49790,all,control,0
P49790,all,control,0
P49790,all,region,0
P49790,all,region,0
P49790,all,region,0
P49790,all,region,0
P49790,all,region,0
P49790,all,control,0
P49790,all,control,0
P49790,all,control,0
P49790,all,control,0
P49792,all,region,0
P49792,all,region,0
P49792,all,region,0
P49792,all,region,0
P49792,all,region,0
P49792,all,region,0
P49792,all,region,0
P49792,all,region,0
P49792,all,control,1
P49792,all,control,0
P49792,all,control,0
P49792,all,control,1
P49792,all,control,0
P49792,all,control,0
P49792,all,region,1
P49792,all,region,0
P49792,all,region,1
P49792,all,control,0
P49792,all,control,0
P49792,all,control,0
P49792,all,control,1
P49792,all,control,0
P49792,all,control,0
P49792,all,control,1
P49792,all,region,0
P49792,all,region,0
P49792,all,region,0
P49792,all,region,0
P49792,all,control,1
P49792,all,control,0
P49792,all,control,0
P49792,all,control,1
P49792,all,control,0
P49792,all,control,0
P49848,all,region,0
P49848,all,region,0
P49848,all,region,0
P49848,all,region,0
P49848,all,region,0
P49848,all,region,0
P49848,all,region,0
P49848,all,region,0
P49848,all,region,1
P49848,all,region,0
P49848,all,region,0
P49848,all,region,0
P49848,all,region,0
P49848,all,region,0
P49848,all,region,0
P49848,all,region,0
P49848,all,control,0
P49848,all,control,0
P49848,all,control,0
P49848,all,control,0
P49848,all,control,0
P49848,all,control,0
P49848,all,control,1
P49848,all,control,0
P49848,all,control,0
P49848,all,control,0
P49848,all,control,0
P49848,all,control,0
P49848,all,control,1
P49848,all,control,0
P49848,all,control,0
P49848,all,control,0
P49848,all,control,0
P49848,all,control,0
P49848,all,control,0
P49848,all,control,0
P49848,all,control,0
P49848,all,control,0
P49848,all,control,0
P49848,all,region,0
P49848,all,region,0
P49848,all,region,0
P49848,all,region,0
P49848,all,region,0
P49848,all,region,0
P49848,all,region,0
P49848,all,region,0
P49848,all,region,0
P49848,all,region,0
P49848,all,region,0
P49848,all,region,0
P49848,all,region,0
P49848,all,region,0
P49848,all,region,0
P49848,all,region,0
P49848,all,region,0
P49848,all,region,0
P49848,all,region,1
P49848,all,region,0
P49848,all,region,0
P49848,all,region,0
P49848,all,region,0
P49848,all,region,0
P49848,all,region,0
P49848,all,region,0
P49848,all,region,1
P49848,all,region,0
P49848,all,region,0
P49848,all,region,1
P49848,all,region,0
P49848,all,control,0
P49848,all,control,0
P49848,all,control,0
P49848,all,control,0
P49848,all,control,0
P49848,all,control,0
P49848,all,control,0
P49848,all,control,0
P49848,all,control,0
P49848,all,control,0
P49848,all,control,1
P49848,all,control,0
P49848,all,control,1
P49848,all,control,0
P49848,all,control,0
P49848,all,control,0
P49848,all,control,0
P49848,all,control,0
P49848,all,control,1
P49848,all,control,0
P49848,all,control,0
P49848,all,control,0
P49848,all,control,0
P49848,all,control,0
P49848,all,control,0
P49848,all,control,0
P49848,all,control,0
P49848,all,control,0
P49848,all,control,0
P49848,all,control,0
P49916,all,region,0
P49916,all,region,0
P49916,all,region,0
P49916,all,region,0
P49916,all,control,1
P49916,all,control,0
P49916,all,control,0
P50402,all,region,0
P50402,all,region,0
P50402,all,control,0
P50402,all,control,0
P51610,all,region,0
P51610,all,region,0
P51610,all,control,0
P51610,all,control,0
P51610,all,region,0
P51610,all,region,0
P51610,all,control,0
P51610,all,control,0
P51610,all,control,0
P51610,all,control,0
P51610,all,region,0
P51610,all,region,0
P51610,all,control,0
P51610,all,control,0
P51610,all,region,0
P51610,all,region,0
P51610,all,region,0
P51610,all,region,0
P51610,all,region,0
P51610,all,region,0
P51610,all,region,0
P51610,all,region,0
P51610,all,region,1
P51610,all,region,0
P51610,all,region,0
P51610,all,region,0
P51610,all,region,0
P51610,all,region,0
P51610,all,region,0
P51610,all,region,0
P51610,all,region,0
P51610,all,region,1
P51610,all,region,0
P51610,all,region,0
P51610,all,region,0
P51610,all,region,0
P51610,all,region,0
P51610,all,region,0
P51610,all,region,0
P51610,all,region,0
P51826,all,region,0
P51826,all,region,0
P51826,all,region,0
P51826,all,region,0
P52594,all,region,0
P52594,all,control,0
P52594,all,control,0
P52948,all,region,0
P52948,all,region,0
P52948,all,region,0
P52948,all,region,0
P52948,all,region,0
P52948,all,region,0
P52948,all,region,0
P52948,all,region,0
P52948,all,region,0
P52948,all,control,0
P52948,all,control,0
P52948,all,control,0
P52948,all,control,1
P52948,all,control,0
P52948,all,region,0
P52948,all,region,0
P52948,all,region,0
P52948,all,region,0
P52948,all,region,0
P52948,all,region,0
P52948,all,region,0
P52948,all,region,0
P52948,all,region,0
P52948,all,region,0
P52948,all,region,0
P52948,all,region,0
P52948,all,region,0
P52948,all,region,0
P52948,all,region,0
P52948,all,region,0
P52948,all,region,0
P52948,all,region,0
P52948,all,region,0
P52948,all,region,0
P52948,all,region,0
P52948,all,region,0
P52948,all,region,0
P52948,all,region,0
P52948,all,region,0
P52948,all,region,0
P52948,all,region,0
P52948,all,region,0
P52948,all,region,0
P52948,all,region,0
P52948,all,region,0
P52948,all,region,0
P52948,all,region,0
P52948,all,region,0
P52948,all,region,0
P52948,all,region,0
P52948,all,region,0
P52948,all,region,0
P52948,all,region,0
P52948,all,region,0
P52948,all,region,0
P52948,all,region,1
P52948,all,region,0
P52948,all,region,0
P52948,all,control,0
P52948,all,control,0
P52948,all,control,0
P52948,all,control,0
P52948,all,control,0
P52948,all,control,0
P52948,all,control,0
P52948,all,control,0
P52948,all,control,0
P52948,all,control,0
P52948,all,control,0
P52948,all,control,0
P52948,all,control,0
P52948,all,control,0
P52948,all,control,0
P52948,all,control,0
P52948,all,control,0
P52948,all,control,0
P52948,all,control,0
P52948,all,control,1
P52948,all,control,0
P52948,all,control,0
P52948,all,control,0
P52948,all,control,0
P52948,all,control,0
P52948,all,control,0
P52948,all,control,0
P52948,all,control,0
P52948,all,control,0
P52948,all,control,0
P52948,all,control,0
P52948,all,control,0
P52948,all,control,1
P52948,all,control,0
P52948,all,control,0
P52948,all,control,0
P52948,all,control,0
P52948,all,control,0
P52948,all,control,0
P52948,all,control,0
P52948,all,control,1
P52948,all,control,0
P52948,all,control,0
P52948,all,control,0
P52948,all,control,0
P52948,all,control,0
P52948,all,control,0
P52948,all,control,0
P52948,all,control,0
P52948,all,control,0
P52948,all,control,0
P52948,all,region,0
P52948,all,region,0
P52948,all,region,0
P52948,all,region,0
P52948,all,region,0
P52948,all,region,0
P52948,all,control,0
P52948,all,control,1
P52948,all,control,0
P52948,all,control,0
P52948,all,region,0
P52948,all,region,0
P52948,all,region,0
P52948,all,region,0
P52948,all,region,0
P52948,all,region,0
P52948,all,region,0
P52948,all,region,0
P52948,all,region,0
P52948,all,region,0
P52948,all,region,0
P52948,all,control,0
P52948,all,control,0
P52948,all,control,0
P52948,all,region,0
P52948,all,region,0
P52948,all,region,0
P52948,all,region,0
P52948,all,region,0
P52948,all,region,0
P52948,all,region,0
P52948,all,control,0
P52948,all,control,0
P52948,all,control,0
P52948,all,control,0
P52948,all,control,0
P52948,all,region,0
P52948,all,control,0
P52948,all,control,1
P52948,all,control,0
P52948,all,control,0
P52948,all,region,1
P52948,all,region,0
P52948,all,control,0
P52948,all,control,0
P52948,all,control,0
P53992,all,control,0
P53992,all,control,0
P53992,all,control,0
P53992,all,control,0
P53992,all,control,0
P54253,all,region,0
P54253,all,region,0
P54253,all,control,0
P54253,all,control,0
P54253,all,control,0
P54253,all,control,0
P55197,all,region,0
P55197,all,region,0
P55197,all,region,0
P55197,all,region,0
P55197,all,region,0
P55197,all,region,0
P55197,all,control,0
P55197,all,control,0
P55197,all,control,0
P55198,all,region,0
P55198,all,region,0
P55198,all,region,0
P55198,all,control,0
P55265,all,region,0
P55265,all,region,1
P55265,all,region,1
P55265,all,region,0
P55265,all,region,0
P55265,all,region,1
P55265,all,region,0
P55265,all,region,0
P55265,all,region,0
P55265,all,region,0
P55265,all,region,1
P55265,all,region,0
P55265,all,region,1
P55265,all,region,0
P55265,all,region,0
P55265,all,region,0
P55265,all,region,0
P55265,all,region,0
P55265,all,region,0
P55265,all,region,0
P55265,all,region,0
P55265,all,region,0
P55265,all,region,0
P55265,all,region,0
P55265,all,region,0
P55265,all,control,0
P55265,all,control,0
P55265,all,control,0
P55265,all,control,1
P55265,all,control,1
P55265,all,control,1
P55265,all,control,0
P55265,all,control,0
P55265,all,control,0
P55265,all,control,0
P55265,all,control,0
P55265,all,control,0
P55265,all,control,0
P55265,all,control,0
P55265,all,control,0
P61769,all,region,0
P78364,all,region,0
P78364,all,region,0
P78364,all,region,0
P78364,all,region,1
P78559,all,region,0
P78559,all,region,0
P78559,all,control,0
P78559,all,control,0
P78559,all,control,1
P78559,all,control,0
P78559,all,control,0
P85037,all,region,0
P85037,all,control,0
P98082,all,region,0
P98082,all,region,0
P98082,all,region,0
P98082,all,region,0
P98082,all,region,0
P98082,all,region,0
P98082,all,region,0
P98082,all,region,0
P98082,all,control,0
P98171,all,region,0
P98171,all,region,0
P98171,all,region,0
P98171,all,region,0
P98171,all,region,0
P98171,all,region,0
P98171,all,region,0
Q01167,all,region,0
Q01167,all,region,0
Q01167,all,region,0
Q01167,all,region,0
Q01167,all,region,0
Q01167,all,region,0
Q01167,all,region,0
Q01196,all,control,0
Q02505,all,region,0
Q02505,all,region,0
Q02505,all,region,0
Q02505,all,region,0
Q02505,all,region,0
Q02505,all,region,0
Q02505,all,region,1
Q02505,all,region,0
Q02505,all,region,0
Q02505,all,control,0
Q02505,all,control,0
Q02505,all,control,0
Q02505,all,control,0
Q02505,all,control,1
Q02505,all,control,0
Q02505,all,control,0
Q02505,all,region,0
Q02505,all,region,0
Q02505,all,region,0
Q02505,all,region,1
Q02505,all,region,0
Q02505,all,region,0
Q02505,all,region,1
Q02505,all,region,0
Q02505,all,region,1
Q02505,all,region,0
Q02505,all,region,0
Q02505,all,region,0
Q02505,all,region,0
Q02505,all,region,1
Q02505,all,control,0
Q02505,all,control,0
Q02505,all,control,0
Q02505,all,control,0
Q02505,all,control,0
Q02505,all,control,0
Q02505,all,control,0
Q02505,all,control,0
Q02505,all,control,0
Q02505,all,control,0
Q02505,all,control,0
Q02505,all,control,0
Q02505,all,control,0
Q02505,all,control,0
Q02505,all,control,0
Q02505,all,control,0
Q02505,all,control,0
Q02505,all,control,0
Q03164,all,region,0
Q03164,all,region,0
Q03164,all,region,0
Q03164,all,region,0
Q03164,all,region,0
Q03164,all,region,0
Q03164,all,region,0
Q03164,all,region,0
Q03164,all,region,0
Q03164,all,control,0
Q03164,all,control,0
Q03164,all,control,0
Q03164,all,control,0
Q03164,all,control,0
Q03164,all,control,0
Q03164,all,control,0
Q03164,all,control,0
Q03164,all,control,0
Q03164,all,control,0
Q03164,all,control,0
Q03164,all,control,0
Q03164,all,control,0
Q03164,all,control,0
Q03164,all,control,0
Q03164,all,control,0
Q03164,all,control,0
Q03164,all,control,0
Q03164,all,control,0
Q03164,all,region,0
Q03164,all,region,0
Q03164,all,control,0
Q03164,all,control,0
Q03164,all,control,0
Q03164,all,control,0
Q03164,all,control,0
Q03164,all,control,0
Q03164,all,control,0
Q03164,all,control,0
Q03164,all,control,1
Q03164,all,control,0
Q03164,all,control,0
Q03164,all,control,0
Q03164,all,control,0
Q03164,all,control,0
Q04637,all,control,0
Q04637,all,control,0
Q04637,all,control,0
Q04637,all,control,0
Q04637,all,region,0
Q04637,all,region,0
Q04637,all,control,0
Q04637,all,control,0
Q05209,all,region,0
Q05209,all,control,0
Q05209,all,control,0
Q05209,all,control,0
Q09666,all,region,0
Q09666,all,region,0
Q09666,all,region,1
Q09666,all,region,0
Q09666,all,region,0
Q09666,all,region,0
Q09666,all,region,0
Q09666,all,control,1
Q09666,all,control,0
Q09666,all,region,0
Q09666,all,region,0
Q09666,all,region,0
Q09666,all,region,0
Q09666,all,region,0
Q09666,all,control,1
Q09666,all,control,0
Q09666,all,control,0
Q09666,all,control,0
Q09666,all,control,0
Q09666,all,control,0
Q09666,all,control,0
Q12778,all,control,0
Q12778,all,control,0
Q12778,all,control,0
Q12778,all,control,0
Q12830,all,region,0
Q12830,all,region,0
Q12830,all,region,0
Q12830,all,region,0
Q12830,all,control,0
Q12830,all,control,0
Q12830,all,control,0
Q12830,all,control,0
Q12830,all,control,0
Q12830,all,control,0
Q12830,all,control,0
Q12830,all,control,0
Q12830,all,control,0
Q12830,all,control,0
Q12830,all,control,0
Q12830,all,control,0
Q12830,all,control,0
Q12830,all,control,1
Q12830,all,control,1
Q12830,all,control,0
Q12830,all,control,0
Q12830,all,control,0
Q12830,all,control,0
Q12830,all,control,0
Q12830,all,control,0
Q12830,all,control,0
Q12830,all,control,0
Q12830,all,control,0
Q12830,all,control,0
Q12830,all,region,0
Q12830,all,region,0
Q12830,all,region,0
Q12830,all,region,0
Q12830,all,region,0
Q12830,all,region,0
Q12830,all,region,0
Q12830,all,region,0
Q12830,all,region,0
Q12830,all,region,0
Q12830,all,region,0
Q12830,all,region,0
Q12830,all,region,0
Q12830,all,region,0
Q12830,all,region,1
Q12830,all,region,0
Q12830,all,region,0
Q12830,all,region,0
Q12830,all,region,0
Q12830,all,region,0
Q12830,all,control,0
Q12830,all,control,0
Q12830,all,region,0
Q12830,all,region,0
Q12830,all,region,0
Q12830,all,region,0
Q12830,all,region,0
Q12830,all,region,0
Q12830,all,region,0
Q12830,all,region,0
Q12830,all,region,0
Q12830,all,region,0
Q12830,all,region,0
Q12830,all,region,0
Q12830,all,region,0
Q12830,all,region,0
Q12830,all,region,0
Q12830,all,region,0
Q12830,all,region,0
Q12830,all,region,0
Q12830,all,region,0
Q12830,all,region,0
Q12830,all,region,0
Q12830,all,region,0
Q12830,all,region,0
Q12830,all,control,0
Q12830,all,control,0
Q12830,all,control,0
Q12830,all,control,0
Q12830,all,control,0
Q12830,all,control,0
Q12830,all,control,0
Q12830,all,control,0
Q12830,all,control,0
Q12830,all,control,0
Q12830,all,control,0
Q12830,all,control,0
Q12830,all,control,0
Q12830,all,region,0
Q12830,all,region,0
Q12830,all,region,0
Q12830,all,region,0
Q12830,all,region,0
Q12830,all,region,0
Q12830,all,control,0
Q12830,all,control,0
Q12830,all,control,0
Q12830,all,control,0
Q12830,all,control,0
Q12830,all,control,0
Q12830,all,control,0
Q12830,all,control,0
Q12830,all,control,1
Q12830,all,control,1
Q12830,all,control,0
Q12830,all,control,0
Q12830,all,region,0
Q12830,all,region,0
Q12830,all,region,0
Q12830,all,region,0
Q12830,all,region,0
Q12830,all,region,0
Q12830,all,region,0
Q12830,all,region,0
Q12830,all,region,0
Q12830,all,region,0
Q12830,all,region,0
Q12830,all,region,0
Q12830,all,region,0
Q12830,all,region,0
Q12830,all,region,0
Q12830,all,region,0
Q12830,all,region,0
Q12830,all,region,0
Q12830,all,region,0
Q12830,all,region,0
Q12830,all,region,0
Q12830,all,region,0
Q12830,all,region,0
Q12830,all,region,0
Q12830,all,region,0
Q12830,all,region,0
Q12830,all,region,0
Q12830,all,region,0
Q12830,all,region,0
Q12830,all,region,0
Q12830,all,region,0
Q12830,all,region,0
Q12830,all,region,0
Q12830,all,region,0
Q12830,all,region,0
Q12830,all,region,0
Q12830,all,region,0
Q12830,all,region,0
Q12830,all,region,0
Q12830,all,region,0
Q12830,all,region,0
Q12830,all,region,0
Q12830,all,region,0
Q12830,all,region,0
Q12830,all,region,0
Q12830,all,region,0
Q12830,all,region,0
Q12830,all,region,0
Q12830,all,region,0
Q12830,all,region,0
Q12830,all,region,0
Q12830,all,region,0
Q12830,all,region,0
Q12830,all,region,0
Q12830,all,region,0
Q12830,all,control,0
Q12830,all,control,0
Q12830,all,control,0
Q12830,all,control,0
Q12830,all,control,0
Q12830,all,control,0
Q12830,all,control,0
Q12830,all,control,1
Q12830,all,control,0
Q12830,all,control,1
Q12830,all,control,0
Q12830,all,control,0
Q12830,all,control,0
Q12830,all,control,1
Q12830,all,control,0
Q12830,all,control,1
Q12830,all,control,0
Q12830,all,control,0
Q12830,all,control,0
Q12830,all,control,0
Q12830,all,control,0
Q12830,all,control,0
Q12830,all,control,0
Q12830,all,control,0
Q12830,all,control,0
Q12830,all,control,0
Q12830,all,control,0
Q12830,all,control,0
Q13243,all,region,0
Q13243,all,region,0
Q13243,all,region,1
Q13243,all,control,0
Q13243,all,control,0
Q13243,all,control,0
Q13492,all,region,0
Q13492,all,region,0
Q13492,all,region,0
Q13492,all,region,0
Q13492,all,region,0
Q13492,all,region,0
Q13492,all,region,0
Q13492,all,region,0
Q13495,all,region,0
Q13495,all,region,0
Q13495,all,region,0
Q13495,all,control,0
Q13495,all,control,0
Q13576,all,region,0
Q13576,all,region,0
Q13576,all,region,0
Q13576,all,region,0
Q13576,all,region,0
Q13576,all,control,0
Q13576,all,control,0
Q13576,all,control,0
Q13576,all,control,0
Q13576,all,control,0
Q13576,all,control,0
Q14157,all,region,0
Q14157,all,region,0
Q14157,all,control,0
Q14157,all,control,0
Q14157,all,control,0
Q14157,all,region,0
Q14157,all,region,0
Q14157,all,region,0
Q14157,all,region,0
Q14157,all,region,0
Q14157,all,region,0
Q14157,all,region,0
Q14157,all,region,0
Q14157,all,region,0
Q14157,all,control,0
Q14157,all,control,0
Q14157,all,control,0
Q14157,all,control,0
Q14157,all,control,0
Q14157,all,region,0
Q14157,all,region,0
Q14157,all,region,0
Q14157,all,region,0
Q14157,all,control,0
Q14157,all,region,0
Q14157,all,region,0
Q14157,all,region,0
Q14157,all,region,0
Q14157,all,region,0
Q14157,all,region,0
Q14157,all,region,0
Q14157,all,region,0
Q14157,all,region,0
Q14157,all,region,0
Q14157,all,region,0
Q14157,all,region,0
Q14157,all,region,0
Q14157,all,region,0
Q14157,all,region,0
Q14157,all,region,0
Q14157,all,region,0
Q14157,all,region,0
Q14157,all,region,0
Q14157,all,region,0
Q14157,all,region,0
Q14157,all,control,0
Q14157,all,control,0
Q14157,all,control,0
Q14157,all,control,0
Q14157,all,region,0
Q14157,all,region,0
Q14157,all,region,0
Q14157,all,region,0
Q14157,all,region,0
Q14157,all,region,0
Q14157,all,region,0
Q14157,all,region,0
Q14157,all,region,0
Q14157,all,control,0
Q14157,all,region,0
Q14157,all,region,0
Q14157,all,region,0
Q14157,all,region,0
Q14157,all,region,0
Q14157,all,region,0
Q14157,all,region,0
Q14157,all,control,0
Q14157,all,control,0
Q14157,all,control,0
Q14157,all,control,1
Q14157,all,control,0
Q14157,all,control,0
Q14157,all,region,0
Q14157,all,region,0
Q14157,all,region,0
Q14157,all,region,0
Q14157,all,control,0
Q14157,all,control,0
Q14157,all,control,0
Q14157,all,control,0
Q14157,all,control,0
Q14157,all,control,0
Q14157,all,region,0
Q14157,all,control,0
Q14157,all,control,0
Q14157,all,control,0
Q14676,all,region,0
Q14676,all,region,0
Q14676,all,region,0
Q14676,all,region,0
Q14676,all,region,0
Q14676,all,region,0
Q14676,all,region,0
Q14676,all,region,0
Q14676,all,region,0
Q14676,all,region,0
Q14676,all,region,0
Q14676,all,region,0
Q14676,all,control,0
Q14676,all,control,0
Q14676,all,control,0
Q14676,all,control,0
Q14676,all,control,0
Q14676,all,control,0
Q14676,all,control,0
Q14676,all,control,0
Q14676,all,control,0
Q14677,all,region,0
Q14686,all,region,0
Q14686,all,control,0
Q14686,all,control,0
Q14686,all,control,0
Q14686,all,control,0
Q14686,all,control,0
Q14686,all,control,0
Q14686,all,control,0
Q14686,all,control,0
Q14686,all,control,0
Q14686,all,control,0
Q14686,all,control,0
Q14686,all,control,0
Q14686,all,region,1
Q14686,all,region,0
Q14686,all,region,0
Q14686,all,region,0
Q14686,all,region,0
Q14686,all,region,0
Q14686,all,region,0
Q14686,all,region,0
Q14686,all,region,0
Q14686,all,region,0
Q14686,all,region,0
Q14686,all,region,0
Q14686,all,region,0
Q14686,all,control,0
Q14686,all,control,1
Q14686,all,control,0
Q14686,all,control,0
Q14686,all,control,0
Q14686,all,control,0
Q14686,all,control,0
Q14686,all,control,0
Q14686,all,control,0
Q14686,all,control,0
Q14686,all,control,0
Q14686,all,control,0
Q14686,all,control,1
Q14686,all,control,0
Q14686,all,control,1
Q14686,all,control,0
Q14686,all,control,0
Q14686,all,control,0
Q14686,all,control,0
Q14686,all,control,0
Q14686,all,region,0
Q14686,all,region,0
Q14686,all,region,0
Q14686,all,region,0
Q14686,all,region,1
Q14686,all,region,0
Q14686,all,region,0
Q14686,all,region,0
Q14686,all,region,1
Q14686,all,region,0
Q14686,all,region,0
Q14686,all,control,1
Q14686,all,control,0
Q14686,all,control,0
Q14686,all,control,0
Q14686,all,region,0
Q14686,all,region,0
Q14686,all,region,0
Q14686,all,region,0
Q14686,all,region,0
Q14686,all,region,0
Q14686,all,region,0
Q14686,all,region,0
Q14686,all,control,0
Q14686,all,control,0
Q14686,all,control,0
Q14686,all,control,0
Q14686,all,control,0
Q14686,all,control,0
Q14686,all,control,0
Q14686,all,control,0
Q14686,all,control,0
Q14686,all,control,0
Q14686,all,control,0
Q14814,all,region,0
Q14814,all,region,0
Q14814,all,region,0
Q14814,all,region,0
Q14966,all,region,0
Q14966,all,region,0
Q14966,all,region,0
Q14966,all,region,0
Q14966,all,region,0
Q14966,all,region,0
Q14966,all,region,0
Q14966,all,region,0
Q14966,all,control,0
Q14966,all,control,0
Q14966,all,control,0
Q14980,all,region,0
Q14980,all,region,0
Q14980,all,region,0
Q14980,all,region,0
Q14980,all,region,0
Q14980,all,region,0
Q14980,all,region,0
Q14980,all,region,0
Q14980,all,region,0
Q14980,all,region,0
Q14980,all,region,1
Q14980,all,region,0
Q14980,all,region,0
Q14980,all,control,1
Q14980,all,control,0
Q14980,all,control,1
Q14980,all,control,0
Q14980,all,region,0
Q14980,all,region,0
Q14980,all,region,0
Q14980,all,control,0
Q14980,all,control,0
Q14980,all,control,0
Q15058,all,region,0
Q15058,all,region,0
Q15058,all,region,0
Q15058,all,region,0
Q15058,all,control,0
Q15058,all,control,0
Q15058,all,control,0
Q15058,all,control,0
Q15058,all,control,0
Q15058,all,control,0
Q15154,all,region,0
Q15154,all,region,0
Q15154,all,region,0
Q15154,all,region,0
Q15637,all,region,1
Q15637,all,region,0
Q15637,all,region,0
Q15637,all,region,0
Q15637,all,region,0
Q15637,all,control,0
Q15637,all,control,0
Q15637,all,control,0
Q15637,all,control,0
Q15648,all,region,0
Q15648,all,region,0
Q15648,all,region,0
Q15648,all,control,0
Q15648,all,control,0
Q15648,all,control,0
Q15648,all,control,0
Q15648,all,control,0
Q15648,all,control,0
Q15648,all,control,0
Q15648,all,control,0
Q15648,all,region,0
Q15648,all,region,0
Q15648,all,region,0
Q15648,all,region,0
Q15648,all,region,0
Q15648,all,region,0
Q15648,all,region,0
Q15648,all,region,0
Q15648,all,region,0
Q15648,all,region,0
Q15648,all,region,0
Q15648,all,region,0
Q15648,all,region,0
Q15648,all,control,0
Q15648,all,control,0
Q15648,all,control,0
Q15648,all,control,0
Q15648,all,control,0
Q15648,all,control,0
Q15648,all,region,0
Q15648,all,region,0
Q15648,all,region,0
Q15648,all,region,0
Q15648,all,region,0
Q15648,all,region,0
Q15648,all,region,0
Q15648,all,region,0
Q15648,all,region,0
Q15648,all,region,0
Q15648,all,region,0
Q15648,all,control,0
Q15648,all,control,0
Q15648,all,control,0
Q15648,all,control,0
Q15648,all,control,0
Q15648,all,control,0
Q15648,all,control,0
Q15648,all,control,1
Q15648,all,control,0
Q15648,all,control,0
Q15648,all,control,0
Q15652,all,region,0
Q15652,all,control,0
Q15652,all,control,0
Q15652,all,region,0
Q15652,all,control,0
Q15652,all,control,0
Q15652,all,region,0
Q15652,all,region,0
Q15652,all,region,0
Q15652,all,control,0
Q15652,all,control,1
Q15652,all,control,0
Q15652,all,control,0
Q15652,all,control,0
Q15652,all,control,0
Q15652,all,region,0
Q15652,all,region,0
Q15652,all,region,0
Q15652,all,region,0
Q15652,all,region,0
Q15652,all,region,0
Q15652,all,region,0
Q15652,all,control,0
Q15652,all,control,0
Q15652,all,control,1
Q15652,all,control,0
Q15652,all,control,0
Q15652,all,control,0
Q15652,all,control,1
Q15652,all,control,0
Q15652,all,control,0
Q15723,all,control,0
Q15723,all,control,0
Q15942,all,region,0
Q15942,all,region,0
Q15942,all,region,0
Q15942,all,region,0
Q15942,all,region,0
Q15942,all,region,0
Q15942,all,region,0
Q15942,all,region,0
Q15942,all,region,0
Q15942,all,region,0
Q15942,all,region,0
Q15942,all,region,0
Q15942,all,region,0
Q15942,all,control,0
Q15942,all,control,0
Q15942,all,control,0
Q15942,all,control,0
Q16204,all,region,0
Q16204,all,region,0
Q16204,all,control,0
Q16204,all,control,0
Q16594,all,region,0
Q16594,all,region,0
Q2M2I8,all,region,0
Q2M2I8,all,region,0
Q2M2I8,all,region,0
Q2M2I8,all,control,0
Q2M2I8,all,control,1
Q2M2I8,all,control,0
Q4LDE5,all,region,1
Q4LDE5,all,region,0
Q4LDE5,all,region,0
Q4LDE5,all,region,0
Q4LDE5,all,control,0
Q4LDE5,all,control,0
Q4LDE5,all,control,0
Q53ET0,all,region,0
Q53ET0,all,region,0
Q5H9F3,all,control,0
Q5H9F3,all,control,0
Q5JSZ5,all,control,0
Q5JSZ5,all,control,0
Q5JSZ5,all,control,0
Q5JSZ5,all,control,0
Q5T5J6,all,region,0
Q5T5J6,all,region,0
Q5T5J6,all,control,1
Q5T5J6,all,control,0
Q5T5J6,all,control,1
Q5T5J6,all,control,0
Q5T6F2,all,region,0
Q5T6F2,all,region,0
Q5T6F2,all,region,0
Q5T6F2,all,region,0
Q5T6F2,all,region,0
Q5T6F2,all,region,0
Q5T6F2,all,control,0
Q5T6F2,all,control,0
Q5T6F2,all,control,0
Q5T6F2,all,control,0
Q5T6F2,all,region,0
Q5T6F2,all,region,0
Q5T6F2,all,region,0
Q5T6F2,all,region,0
Q5T6F2,all,region,0
Q5T6F2,all,region,0
Q5T6F2,all,region,0
Q5T6F2,all,control,0
Q5T6F2,all,control,0
Q5T6F2,all,control,0
Q5T6F2,all,region,1
Q5T6F2,all,region,0
Q5T6F2,all,region,1
Q5T6F2,all,region,0
Q5T6F2,all,control,0
Q5T6F2,all,control,0
Q5T6F2,all,region,0
Q5T6F2,all,region,0
Q5T6F2,all,region,0
Q5T6F2,all,region,0
Q5T6F2,all,region,0
Q5T6F2,all,region,0
Q5T6F2,all,region,0
Q5T6F2,all,region,0
Q5T6F2,all,region,0
Q5T6F2,all,region,0
Q5T6F2,all,control,0
Q5VT52,all,region,0
Q5VT52,all,region,0
Q5VT52,all,region,0
Q5VT52,all,region,0
Q5VT52,all,region,0
Q5VT52,all,region,0
Q5VT52,all,region,0
Q5VT52,all,region,0
Q5VT52,all,region,0
Q5VT52,all,region,0
Q5VT52,all,region,0
Q5VT52,all,region,0
Q5VT52,all,region,0
Q5VT52,all,region,0
Q5VT52,all,region,0
Q5VT52,all,region,0
Q5VT52,all,region,0
Q5VT52,all,region,0
Q5VT52,all,region,0
Q5VT52,all,region,0
Q5VT52,all,region,0
Q5VT52,all,region,0
Q5VT52,all,region,0
Q5VT52,all,region,0
Q5VT52,all,region,0
Q5VT52,all,region,0
Q5VT52,all,region,0
Q5VT52,all,region,0
Q5VT52,all,control,0
Q5VT52,all,control,0
Q5VT52,all,control,0
Q5VT52,all,region,0
Q5VT52,all,region,0
Q5VT52,all,region,0
Q5VT52,all,region,0
Q5VT52,all,region,0
Q5VT52,all,region,0
Q5VT52,all,control,0
Q5VT52,all,region,0
Q5VT52,all,region,0
Q5VT52,all,region,0
Q5VT52,all,region,0
Q5VT52,all,region,0
Q5VT52,all,control,0
Q5VT52,all,control,0
Q5VT52,all,control,0
Q5VT52,all,region,0
Q5VT52,all,region,0
Q5VT52,all,region,0
Q5VT52,all,region,0
Q5VT52,all,region,0
Q5VT52,all,region,0
Q5VT52,all,region,0
Q5VT52,all,control,0
Q5VT52,all,control,0
Q5VT52,all,control,0
Q5VT52,all,control,0
Q5VT52,all,control,0
Q5VT52,all,control,0
Q5VUA4,all,region,0
Q5VUA4,all,region,0
Q5VUA4,all,region,0
Q5VUA4,all,region,0
Q5VUA4,all,region,0
Q5VUA4,all,control,0
Q5VUA4,all,control,0
Q5VUA4,all,control,0
Q5VUA4,all,control,0
Q5VUA4,all,region,0
Q5VUA4,all,region,0
Q5VUA4,all,control,0
Q5VUA4,all,control,0
Q5VWN6,all,region,0
Q5VWN6,all,region,1
Q5VWN6,all,region,0
Q5VWN6,all,region,0
Q5VWN6,all,region,1
Q5VWN6,all,control,0
Q5VWN6,all,control,0
Q5VWN6,all,region,0
Q5VWN6,all,region,0
Q5VWN6,all,region,0
Q5VWN6,all,region,0
Q5VWN6,all,region,0
Q5VWN6,all,control,0
Q5VWN6,all,control,0
Q5VWN6,all,control,0
Q68CP9,all,region,0
Q68CP9,all,region,0
Q68CP9,all,region,0
Q68CP9,all,region,0
Q68CP9,all,region,0
Q68CP9,all,region,0
Q68CP9,all,region,0
Q68CP9,all,region,0
Q68CP9,all,region,0
Q68CP9,all,region,0
Q68CP9,all,control,0
Q68CP9,all,control,0
Q68CP9,all,control,0
Q68CP9,all,control,0
Q68CP9,all,control,0
Q68CP9,all,control,0
Q68CP9,all,control,0
Q68CP9,all,control,0
Q68CP9,all,control,0
Q68CP9,all,control,0
Q68CP9,all,control,0
Q68CP9,all,control,0
Q68CP9,all,control,0
Q68CP9,all,region,0
Q68CP9,all,region,0
Q68CP9,all,region,0
Q68CP9,all,control,1
Q68CP9,all,control,0
Q68CP9,all,control,0
Q68CP9,all,control,0
Q68CP9,all,control,0
Q68CP9,all,control,0
Q68CP9,all,control,0
Q68CP9,all,control,0
Q68CP9,all,control,0
Q68CP9,all,control,0
Q68CP9,all,control,0
Q68CP9,all,control,0
Q68CP9,all,control,0
Q68CP9,all,control,0
Q68CP9,all,control,0
Q68CP9,all,control,0
Q68CP9,all,region,0
Q68CP9,all,region,0
Q68CP9,all,region,0
Q68CP9,all,region,0
Q68CP9,all,region,0
Q68CP9,all,region,0
Q68CP9,all,region,0
Q68CP9,all,region,0
Q68CP9,all,region,0
Q68CP9,all,control,0
Q68CP9,all,control,0
Q68CP9,all,control,0
Q68CP9,all,control,0
Q68CP9,all,control,0
Q6KC79,all,region,0
Q6KC79,all,region,0
Q6KC79,all,control,0
Q6KC79,all,control,0
Q6KC79,all,control,0
Q6KC79,all,region,0
Q6KC79,all,region,0
Q6KC79,all,control,1
Q6KC79,all,control,0
Q6KC79,all,control,1
Q6MZP7,all,control,0
Q6MZP7,all,control,0
Q6MZP7,all,control,0
Q6MZP7,all,control,0
Q6MZP7,all,region,0
Q6MZP7,all,region,0
Q6MZP7,all,region,0
Q6MZP7,all,region,0
Q6MZP7,all,region,0
Q6MZP7,all,region,0
Q6MZP7,all,region,0
Q6MZP7,all,region,0
Q6MZP7,all,region,0
Q6MZP7,all,region,0
Q6MZP7,all,region,0
Q6MZP7,all,region,0
Q6MZP7,all,control,0
Q6MZP7,all,control,0
Q6MZP7,all,control,0
Q6MZP7,all,control,0
Q6MZP7,all,control,0
Q6MZP7,all,control,0
Q6MZP7,all,control,0
Q6MZP7,all,control,0
Q6MZP7,all,control,0
Q6MZP7,all,control,0
Q6MZP7,all,control,0
Q6MZP7,all,control,0
Q6MZP7,all,control,0
Q6MZP7,all,control,0
Q6MZP7,all,control,0
Q6MZP7,all,control,0
Q6MZP7,all,control,0
Q6MZP7,all,control,0
Q6MZP7,all,control,0
Q6MZP7,all,region,0
Q6MZP7,all,region,0
Q6MZP7,all,region,0
Q6MZP7,all,region,0
Q6MZP7,all,region,0
Q6MZP7,all,region,0
Q6MZP7,all,control,0
Q6MZP7,all,control,0
Q6MZP7,all,control,0
Q6MZP7,all,control,0
Q6MZP7,all,control,0
Q6MZP7,all,control,0
Q6MZP7,all,control,0
Q6MZP7,all,control,0
Q6MZP7,all,control,0
Q6N021,all,region,0
Q6N021,all,region,0
Q6N021,all,control,0
Q6P4R8,all,region,0
Q6P4R8,all,region,0
Q6P4R8,all,region,0
Q6P4R8,all,region,0
Q6P4R8,all,region,0
Q6P4R8,all,region,0
Q6P4R8,all,region,0
Q6P4R8,all,region,0
Q6P4R8,all,control,0
Q6P4R8,all,control,0
Q6P4R8,all,control,0
Q6P4R8,all,control,0
Q6P4R8,all,control,0
Q6P4R8,all,control,0
Q6P4R8,all,control,0
Q6P4R8,all,control,0
Q6P4R8,all,control,0
Q6P4R8,all,control,0
Q6P4R8,all,control,0
Q6P4R8,all,region,0
Q6P4R8,all,region,0
Q6P4R8,all,region,0
Q6P4R8,all,region,0
Q6P4R8,all,region,0
Q6P4R8,all,region,0
Q6P4R8,all,region,0
Q6P4R8,all,control,0
Q6P4R8,all,control,0
Q6P4R8,all,control,0
Q6P4R8,all,control,0
Q6P4R8,all,control,0
Q6P4R8,all,control,0
Q6P4R8,all,control,0
Q6P4R8,all,region,0
Q6P4R8,all,region,0
Q6P4R8,all,region,0
Q6P4R8,all,region,0
Q6P4R8,all,region,0
Q6P4R8,all,region,0
Q6P4R8,all,region,0
Q6P4R8,all,control,0
Q6P4R8,all,control,0
Q6P4R8,all,control,0
Q6P4R8,all,region,0
Q6P4R8,all,region,0
Q6P4R8,all,region,0
Q6P4R8,all,region,0
Q6P4R8,all,region,0
Q6P4R8,all,region,0
Q6P4R8,all,region,0
Q6P4R8,all,region,0
Q6P4R8,all,region,0
Q6P4R8,all,region,0
Q6P4R8,all,region,0
Q6P4R8,all,region,0
Q6P4R8,all,region,0
Q6P4R8,all,region,0
Q6P4R8,all,region,0
Q6P4R8,all,region,0
Q6P4R8,all,region,0
Q6P4R8,all,region,0
Q6P4R8,all,region,0
Q6P4R8,all,region,0
Q6P4R8,all,region,0
Q6P4R8,all,region,0
Q6P4R8,all,region,0
Q6P4R8,all,region,0
Q6P4R8,all,region,0
Q6P4R8,all,region,0
Q6P4R8,all,region,0
Q6P4R8,all,region,0
Q6P4R8,all,region,0
Q6P4R8,all,region,0
Q6P4R8,all,region,0
Q6P4R8,all,region,0
Q6P4R8,all,region,0
Q6P4R8,all,region,0
Q6P4R8,all,region,0
Q6P4R8,all,region,0
Q6P4R8,all,region,0
Q6P4R8,all,region,0
Q6P4R8,all,region,0
Q6P4R8,all,region,0
Q6P4R8,all,region,0
Q6P4R8,all,region,0
Q6P4R8,all,region,0
Q6P4R8,all,region,0
Q6P4R8,all,region,0
Q6P4R8,all,control,0
Q6P4R8,all,control,0
Q6P4R8,all,control,0
Q6P4R8,all,control,0
Q6P4R8,all,control,0
Q6P4R8,all,control,0
Q6P4R8,all,control,0
Q6P4R8,all,control,0
Q6P4R8,all,control,0
Q6P4R8,all,control,0
Q6P4R8,all,control,0
Q6P4R8,all,control,0
Q6P4R8,all,control,0
Q6P4R8,all,control,0
Q6P4R8,all,control,0
Q6P4R8,all,control,0
Q6P4R8,all,control,0
Q6P4R8,all,control,0
Q6P4R8,all,control,0
Q6P4R8,all,control,0
Q6P4R8,all,control,0
Q6P4R8,all,control,0
Q6P4R8,all,control,0
Q6P4R8,all,control,0
Q6P4R8,all,control,0
Q6P4R8,all,control,0
Q6P4R8,all,control,0
Q6P4R8,all,region,0
Q6P4R8,all,control,0
Q6P4R8,all,control,1
Q6P4R8,all,control,0
Q6P4R8,all,control,0
Q6P4R8,all,control,0
Q6P4R8,all,control,0
Q6P4R8,all,control,0
Q6P4R8,all,region,0
Q6P4R8,all,region,0
Q6P4R8,all,region,0
Q6P4R8,all,region,0
Q6P4R8,all,region,0
Q6P4R8,all,region,0
Q6P4R8,all,region,0
Q6P4R8,all,region,0
Q6P4R8,all,region,0
Q6P4R8,all,region,0
Q6P4R8,all,region,0
Q6P4R8,all,region,0
Q6P4R8,all,region,0
Q6P4R8,all,region,0
Q6P4R8,all,region,0
Q6P4R8,all,region,0
Q6P4R8,all,region,0
Q6P4R8,all,region,0
Q6P4R8,all,control,0
Q6P4R8,all,control,0
Q6P4R8,all,control,0
Q6P4R8,all,control,0
Q6P4R8,all,control,0
Q6P4R8,all,control,0
Q6P4R8,all,control,0
Q6PCB5,all,control,0
Q6PCB5,all,control,0
Q6PCB5,all,control,0
Q6PCB5,all,control,0
Q6PJG2,all,region,0
Q6PJG2,all,region,0
Q6PJG2,all,region,0
Q6PJG2,all,region,0
Q6PJG2,all,control,0
Q6PJG2,all,control,0
Q6PJG2,all,control,0
Q6PJG2,all,control,0
Q6PJT7,all,region,1
Q6PJT7,all,region,0
Q6PJT7,all,control,0
Q6PJT7,all,control,0
Q6PJT7,all,control,0
Q6PJT7,all,control,0
Q6PJT7,all,control,0
Q6UN15,all,region,0
Q6UN15,all,region,0
Q6UN15,all,region,1
Q6UN15,all,region,0
Q6UN15,all,region,0
Q6UN15,all,region,0
Q6UN15,all,region,0
Q6UN15,all,region,0
Q6UN15,all,region,0
Q6UN15,all,region,0
Q6UN15,all,region,0
Q6UN15,all,region,0
Q6UN15,all,region,0
Q6UN15,all,region,0
Q6UN15,all,region,0
Q6UN15,all,region,0
Q6UN15,all,region,0
Q6UN15,all,region,0
Q6UN15,all,region,0
Q6UN15,all,region,0
Q6UN15,all,region,0
Q6UN15,all,region,0
Q6UN15,all,region,0
Q6UN15,all,region,0
Q6UN15,all,region,0
Q6UN15,all,control,0
Q6UN15,all,control,0
Q6UN15,all,control,0
Q6UN15,all,control,0
Q6UN15,all,control,1
Q6UUV7,all,region,0
Q6UUV7,all,control,0
Q6UUV7,all,control,0
Q6UUV7,all,region,0
Q6UUV7,all,region,0
Q6UUV7,all,control,0
Q6UUV7,all,control,0
Q6UUV7,all,control,0
Q6UUV7,all,region,0
Q6UUV7,all,region,0
Q6UUV7,all,region,0
Q6UUV7,all,region,0
Q6UUV7,all,region,0
Q6UUV7,all,region,0
Q6UUV7,all,region,0
Q6UUV7,all,region,0
Q6UUV7,all,region,0
Q6UUV7,all,region,0
Q6UUV7,all,region,0
Q6UUV7,all,control,0
Q6UUV7,all,control,0
Q6UUV7,all,control,0
Q6UUV7,all,control,0
Q6UUV7,all,control,0
Q6UUV7,all,control,0
Q6UUV7,all,control,0
Q6VMQ6,all,region,0
Q6VMQ6,all,region,0
Q6VMQ6,all,region,1
Q6VMQ6,all,region,0
Q6VMQ6,all,region,0
Q6VMQ6,all,region,1
Q6VMQ6,all,region,0
Q6VMQ6,all,region,0
Q6VMQ6,all,control,0
Q6VMQ6,all,control,0
Q6VMQ6,all,control,0
Q6VMQ6,all,control,0
Q6VMQ6,all,control,0
Q6VMQ6,all,control,0
Q6VMQ6,all,control,0
Q6VMQ6,all,control,1
Q6VMQ6,all,control,0
Q6VMQ6,all,control,1
Q6VMQ6,all,control,0
Q6VMQ6,all,control,0
Q6VMQ6,all,control,0
Q6VMQ6,all,control,0
Q6VMQ6,all,region,0
Q6VMQ6,all,control,0
Q6VMQ6,all,control,1
Q6VMQ6,all,control,0
Q6VMQ6,all,control,0
Q6VMQ6,all,region,0
Q6VMQ6,all,region,0
Q6VMQ6,all,region,0
Q6VMQ6,all,region,0
Q6VMQ6,all,region,0
Q6VMQ6,all,region,0
Q6VMQ6,all,region,0
Q6VMQ6,all,region,0
Q6VMQ6,all,control,0
Q6VMQ6,all,control,0
Q6VMQ6,all,control,0
Q6VMQ6,all,control,0
Q6VMQ6,all,control,0
Q6VMQ6,all,control,0
Q6VMQ6,all,control,0
Q6VMQ6,all,control,0
Q6VMQ6,all,control,1
Q6VMQ6,all,control,0
Q6VMQ6,all,control,1
Q6VMQ6,all,control,0
Q6VMQ6,all,control,0
Q6VMQ6,all,control,0
Q6VMQ6,all,control,0
Q6VMQ6,all,control,0
Q6VMQ6,all,region,0
Q6VMQ6,all,region,0
Q6VMQ6,all,region,0
Q6VMQ6,all,region,0
Q6VMQ6,all,region,0
Q6VMQ6,all,region,0
Q6VMQ6,all,region,0
Q6VMQ6,all,region,0
Q6VMQ6,all,region,0
Q6VMQ6,all,region,0
Q6VMQ6,all,region,0
Q6VMQ6,all,region,0
Q6VMQ6,all,region,0
Q6VMQ6,all,region,0
Q6VMQ6,all,region,0
Q6VMQ6,all,region,0
Q6VMQ6,all,region,0
Q6VMQ6,all,region,0
Q6VMQ6,all,region,0
Q6VMQ6,all,region,0
Q6VMQ6,all,region,0
Q6VMQ6,all,region,0
Q6VMQ6,all,region,0
Q6VMQ6,all,region,0
Q6VMQ6,all,control,1
Q6VMQ6,all,control,0
Q6VMQ6,all,control,0
Q6VMQ6,all,control,0
Q6W2J9,all,region,0
Q6W2J9,all,region,0
Q6W2J9,all,region,0
Q6W2J9,all,region,0
Q6W2J9,all,region,0
Q6W2J9,all,region,1
Q6W2J9,all,region,0
Q6W2J9,all,region,0
Q6W2J9,all,region,0
Q6W2J9,all,region,0
Q6W2J9,all,control,0
Q6W2J9,all,control,0
Q6ZN30,all,region,0
Q6ZN30,all,region,0
Q6ZRI6,all,region,0
Q6ZRI6,all,region,0
Q6ZU65,all,region,0
Q6ZU65,all,region,0
Q6ZU65,all,region,0
Q6ZU65,all,region,0
Q6ZU65,all,region,0
Q6ZU65,all,region,0
Q6ZU65,all,region,1
Q6ZU65,all,region,1
Q6ZU65,all,region,0
Q6ZU65,all,region,1
Q6ZU65,all,region,0
Q6ZU65,all,region,0
Q6ZU65,all,region,0
Q6ZU65,all,region,0
Q6ZU65,all,region,0
Q6ZU65,all,control,0
Q6ZU65,all,control,0
Q6ZU65,all,control,0
Q6ZU65,all,control,0
Q6ZU65,all,control,0
Q6ZU65,all,control,0
Q6ZU65,all,control,0
Q6ZU65,all,control,0
Q6ZU65,all,control,0
Q6ZU65,all,control,0
Q6ZU65,all,control,0
Q6ZU65,all,control,0
Q6ZU65,all,control,0
Q6ZU65,all,control,0
Q7LBC6,all,region,0
Q7LBC6,all,region,0
Q7LBC6,all,region,0
Q7LBC6,all,region,0
Q7LBC6,all,region,0
Q7LBC6,all,region,0
Q7LBC6,all,region,0
Q7LBC6,all,control,0
Q7LBC6,all,control,0
Q7LBC6,all,control,0
Q7LBC6,all,control,0
Q7LBC6,all,control,0
Q7LBC6,all,control,0
Q7LBC6,all,control,0
Q7LBC6,all,control,0
Q7LBC6,all,region,0
Q7LBC6,all,region,0
Q7LBC6,all,region,0
Q7LBC6,all,region,0
Q7LBC6,all,region,0
Q7LBC6,all,region,0
Q7LBC6,all,region,0
Q7LBC6,all,region,0
Q7LBC6,all,region,0
Q7LBC6,all,region,0
Q7LBC6,all,region,0
Q7LBC6,all,region,0
Q7LBC6,all,region,0
Q7LBC6,all,region,0
Q7LBC6,all,control,0
Q7LBC6,all,control,0
Q7LBC6,all,control,0
Q7LBC6,all,control,0
Q7LBC6,all,control,0
Q7LBC6,all,control,0
Q7LBC6,all,control,0
Q7LBC6,all,control,0
Q7LBC6,all,region,0
Q7LBC6,all,region,0
Q7LBC6,all,region,0
Q7LBC6,all,region,0
Q7LBC6,all,region,0
Q7LBC6,all,region,0
Q7LBC6,all,region,0
Q7LBC6,all,region,0
Q7LBC6,all,region,0
Q7LBC6,all,region,0
Q7LBC6,all,control,0
Q7LBC6,all,control,0
Q7LBC6,all,control,1
Q7LBC6,all,control,0
Q7LBC6,all,control,0
Q7LBC6,all,control,0
Q7LBC6,all,control,0
Q7LBC6,all,control,0
Q7LBC6,all,control,0
Q7LBC6,all,control,0
Q7Z2W4,all,region,0
Q7Z2W4,all,region,0
Q7Z2W4,all,region,0
Q7Z2W4,all,region,0
Q7Z2W4,all,region,0
Q7Z2W4,all,region,0
Q7Z2W4,all,region,0
Q7Z2W4,all,region,0
Q7Z2W4,all,control,0
Q7Z2W4,all,control,1
Q7Z2W4,all,control,0
Q7Z2W4,all,control,1
Q7Z2W4,all,control,0
Q7Z2W4,all,control,0
Q7Z2W4,all,control,0
Q7Z2W4,all,control,1
Q7Z2W4,all,control,0
Q7Z2W4,all,control,1
Q7Z2W4,all,control,0
Q7Z2W4,all,control,0
Q7Z3K3,all,control,0
Q7Z3K3,all,control,0
Q7Z3K3,all,control,0
Q7Z3K3,all,control,0
Q7Z3K3,all,control,0
Q7Z3K3,all,control,0
Q7Z3K3,all,region,0
Q7Z3K3,all,region,0
Q7Z3K3,all,control,0
Q7Z3K3,all,control,0
Q7Z589,all,control,0
Q7Z589,all,control,0
Q7Z589,all,control,0
Q7Z589,all,control,0
Q7Z589,all,control,0
Q7Z589,all,control,0
Q7Z589,all,control,0
Q7Z589,all,control,0
Q7Z589,all,control,0
Q7Z589,all,control,0
Q7Z589,all,region,0
Q7Z5L9,all,region,0
Q7Z5L9,all,region,0
Q7Z5L9,all,region,0
Q7Z5L9,all,region,0
Q7Z5L9,all,control,0
Q7Z5L9,all,control,0
Q7Z5L9,all,control,0
Q7Z6J0,all,region,0
Q7Z6J0,all,region,0
Q7Z6J0,all,region,0
Q7Z6J0,all,region,0
Q7Z6J0,all,region,0
Q7Z6J0,all,region,0
Q7Z6J0,all,region,0
Q7Z6J0,all,region,0
Q7Z6J0,all,region,0
Q7Z6J0,all,control,0
Q7Z6J0,all,control,0
Q7Z6J0,all,control,0
Q7Z6J0,all,control,0
Q7Z6J0,all,control,0
Q7Z6J0,all,control,0
Q7Z6Z7,all,region,0
Q7Z6Z7,all,region,0
Q7Z6Z7,all,region,0
Q7Z6Z7,all,region,0
Q7Z6Z7,all,control,0
Q7Z6Z7,all,control,1
Q7Z6Z7,all,control,0
Q7Z6Z7,all,control,0
Q7Z6Z7,all,control,1
Q7Z739,all,region,0
Q7Z739,all,region,0
Q7Z739,all,control,0
Q7Z739,all,control,0
Q86TC9,all,region,0
Q86TC9,all,region,0
Q86TC9,all,region,0
Q86TC9,all,region,0
Q86TC9,all,region,0
Q86TC9,all,region,0
Q86TC9,all,region,0
Q86TC9,all,region,0
Q86TC9,all,control,0
Q86TC9,all,control,0
Q86TC9,all,control,0
Q86TC9,all,control,0
Q86TC9,all,control,0
Q86TC9,all,control,0
Q86TC9,all,control,0
Q86TC9,all,control,0
Q86UE4,all,region,0
Q86UE4,all,region,0
Q86UU0,all,region,0
Q86UU0,all,region,0
Q86UU0,all,control,0
Q86UU0,all,control,1
Q86UU0,all,control,0
Q86UU0,all,control,0
Q86UU0,all,control,0
Q86UU0,all,control,0
Q86UU0,all,control,0
Q86UU0,all,control,0
Q86V15,all,control,0
Q86YP4,all,region,0
Q86YP4,all,control,0
Q86YP4,all,control,0
Q86YP4,all,region,0
Q86YP4,all,region,0
Q86YP4,all,region,0
Q86YP4,all,region,0
Q86YP4,all,region,0
Q86YP4,all,region,0
Q86YP4,all,region,0
Q86YP4,all,control,0
Q86YP4,all,control,0
Q86YP4,all,control,0
Q86YP4,all,control,0
Q86YP4,all,control,0
Q86YP4,all,control,0
Q86YP4,all,control,0
Q86YP4,all,control,0
Q86YP4,all,control,0
Q86YP4,all,control,0
Q86YP4,all,control,0
Q86YP4,all,control,0
Q86YP4,all,region,0
Q86YP4,all,region,0
Q86YP4,all,control,0
Q86YP4,all,control,0
Q86YP4,all,control,0
Q86YP4,all,control,0
Q86YP4,all,control,0
Q8IVF2,all,region,0
Q8IVF2,all,control,0
Q8IVF2,all,control,0
Q8IVF2,all,control,1
Q8IVF2,all,control,0
Q8IVF2,all,control,0
Q8IVL0,all,region,0
Q8IVL0,all,region,0
Q8IVL0,all,region,0
Q8IVL0,all,control,0
Q8IVL1,all,region,0
Q8IVL1,all,control,0
Q8IVW6,all,region,0
Q8IVW6,all,region,0
Q8IVW6,all,region,0
Q8IVW6,all,region,0
Q8IVW6,all,region,0
Q8IVW6,all,region,0
Q8IVW6,all,region,0
Q8IVW6,all,region,0
Q8IVW6,all,region,0
Q8IVW6,all,control,0
Q8IVW6,all,control,1
Q8IVW6,all,control,0
Q8IVW6,all,control,0
Q8IVW6,all,control,0
Q8IVW6,all,control,0
Q8IVW6,all,control,0
Q8IVW6,all,control,0
Q8IWB9,all,region,0
Q8IWB9,all,region,0
Q8IWB9,all,region,0
Q8IWB9,all,region,0
Q8IWB9,all,region,0
Q8IWB9,all,region,0
Q8IWB9,all,region,0
Q8IWB9,all,region,0
Q8IWB9,all,region,0
Q8IWB9,all,region,0
Q8IWB9,all,region,0
Q8IWB9,all,region,0
Q8IWB9,all,region,0
Q8IWB9,all,region,0
Q8IWB9,all,region,0
Q8IWI9,all,region,0
Q8IWI9,all,region,0
Q8IWI9,all,region,0
Q8IWI9,all,region,0
Q8IWI9,all,region,0
Q8IWI9,all,region,0
Q8IWI9,all,region,0
Q8IWI9,all,region,0
Q8IWI9,all,control,0
Q8IWI9,all,control,0
Q8IWP9,all,region,0
Q8IWP9,all,region,0
Q8IWP9,all,region,0
Q8IWP9,all,region,0
Q8IWP9,all,region,0
Q8IX12,all,control,0
Q8IX12,all,control,0
Q8IY33,all,control,0
Q8IY33,all,control,0
Q8IY33,all,control,0
Q8IY33,all,control,0
Q8IY33,all,control,0
Q8IZ21,all,region,0
Q8IZ21,all,region,0
Q8IZ21,all,region,0
Q8IZ21,all,region,0
Q8IZ21,all,region,0
Q8IZ21,all,region,0
Q8IZ21,all,region,0
Q8IZ21,all,region,0
Q8IZ21,all,region,0
Q8IZ21,all,region,0
Q8IZ21,all,region,0
Q8IZ21,all,region,0
Q8IZ21,all,region,1
Q8IZ21,all,region,0
Q8IZ21,all,region,0
Q8IZ21,all,region,0
Q8IZ21,all,region,0
Q8IZ21,all,region,1
Q8IZ21,all,region,0
Q8IZ21,all,region,1
Q8IZ21,all,region,0
Q8IZ21,all,region,0
Q8IZ21,all,control,0
Q8IZ21,all,control,0
Q8IZ21,all,control,0
Q8IZ21,all,control,0
Q8IZH2,all,region,0
Q8IZH2,all,region,0
Q8IZH2,all,region,0
Q8IZH2,all,region,1
Q8IZH2,all,region,0
Q8IZH2,all,region,0
Q8IZH2,all,region,0
Q8IZH2,all,region,0
Q8IZH2,all,region,0
Q8IZH2,all,region,0
Q8IZH2,all,region,0
Q8IZH2,all,region,1
Q8IZH2,all,region,0
Q8IZH2,all,region,0
Q8IZH2,all,region,0
Q8IZH2,all,region,0
Q8IZH2,all,region,0
Q8IZH2,all,region,0
Q8IZH2,all,region,0
Q8IZH2,all,region,0
Q8IZH2,all,control,0
Q8IZH2,all,control,0
Q8IZH2,all,control,0
Q8N1F7,all,control,0
Q8N1F7,all,control,0
Q8N1F7,all,control,0
Q8N1F7,all,control,0
Q8N1G0,all,region,0
Q8N1G0,all,region,0
Q8N1G0,all,region,0
Q8N1G0,all,region,0
Q8N1G0,all,control,0
Q8N1G0,all,control,0
Q8N1G0,all,control,0
Q8N1G0,all,control,0
Q8N1G0,all,control,0
Q8N1G0,all,control,0
Q8N1G0,all,control,0
Q8N1G0,all,control,0
Q8N3V7,all,region,0
Q8N3V7,all,region,0
Q8N3V7,all,region,0
Q8N3V7,all,region,0
Q8N3V7,all,control,0
Q8N3V7,all,control,0
Q8N3V7,all,control,1
Q8N3V7,all,control,0
Q8N3V7,all,control,0
Q8N3V7,all,control,0
Q8N3X1,all,region,0
Q8N3X1,all,region,0
Q8N3X1,all,region,0
Q8N3X1,all,control,0
Q8NDX5,all,region,0
Q8NDX5,all,control,0
Q8NDX5,all,control,0
Q8NDX5,all,control,0
Q8NDX5,all,region,0
Q8NDX5,all,region,0
Q8NDX5,all,region,0
Q8NDX5,all,region,0
Q8NDX5,all,control,0
Q8NDX5,all,control,0
Q8NDX5,all,control,0
Q8NDX5,all,control,0
Q8NDX5,all,control,0
Q8NDX5,all,control,0
Q8NEM7,all,region,0
Q8NEM7,all,region,0
Q8NEM7,all,region,0
Q8NEM7,all,region,0
Q8NEZ4,all,region,0
Q8NEZ4,all,control,0
Q8NEZ4,all,control,0
Q8NFD5,all,region,0
Q8NFD5,all,region,0
Q8NFD5,all,control,0
Q8NFD5,all,control,0
Q8NG31,all,region,0
Q8NG31,all,region,0
Q8NG31,all,region,0
Q8NG31,all,region,0
Q8NG31,all,region,0
Q8NG31,all,region,0
Q8NG31,all,control,1
Q8NG31,all,control,0
Q8NG31,all,control,0
Q8NG31,all,control,1
Q8NG31,all,control,0
Q8NG31,all,control,0
Q8NG31,all,control,0
Q8NG31,all,control,1
Q8NG31,all,control,0
Q8NG31,all,control,0
Q8TC07,all,region,0
Q8TC07,all,region,0
Q8TC07,all,region,0
Q8TC07,all,region,0
Q8TC07,all,region,0
Q8TC07,all,region,0
Q8TC07,all,region,0
Q8TCU4,all,region,0
Q8TCU4,all,region,0
Q8TCU4,all,region,0
Q8TCU4,all,region,0
Q8TCU4,all,region,0
Q8TCU4,all,region,0
Q8TCU4,all,region,0
Q8TDM6,all,region,0
Q8TDM6,all,region,0
Q8TDM6,all,region,0
Q8TDM6,all,region,0
Q8TDM6,all,region,0
Q8TDM6,all,region,0
Q8TDM6,all,region,0
Q8TDM6,all,region,0
Q8TDM6,all,region,0
Q8TDM6,all,region,0
Q8TDM6,all,region,0
Q8TDM6,all,control,0
Q8TDM6,all,control,0
Q8TDM6,all,control,0
Q8TDM6,all,control,0
Q8TDM6,all,control,1
Q8TDM6,all,control,0
Q8TDM6,all,control,0
Q8TDM6,all,control,0
Q8TDM6,all,control,0
Q8TEQ6,all,region,0
Q8TEQ6,all,region,0
Q8TEQ6,all,region,0
Q8TEQ6,all,region,0
Q8TEQ6,all,region,0
Q8TEQ6,all,region,0
Q8TEQ6,all,region,0
Q8TEQ6,all,region,0
Q8TEQ6,all,region,0
Q8TEQ6,all,region,0
Q8TEQ6,all,region,0
Q8TEQ6,all,control,0
Q8TEQ6,all,control,0
Q8TF68,all,region,0
Q8TF68,all,region,0
Q8TF68,all,region,0
Q8TF68,all,control,0
Q8TF68,all,region,0
Q8TF68,all,region,0
Q8TF68,all,control,0
Q8WWM7,all,region,0
Q8WWM7,all,region,0
Q8WWM7,all,region,0
Q8WWM7,all,control,0
Q8WWM7,all,control,0
Q8WWM7,all,control,0
Q8WWM7,all,control,0
Q8WWM7,all,control,0
Q8WX93,all,region,0
Q8WX93,all,region,0
Q8WX93,all,region,0
Q8WX93,all,control,0
Q8WX93,all,control,0
Q8WX93,all,control,0
Q8WY36,all,region,0
Q8WY36,all,region,0
Q8WY36,all,region,0
Q8WY36,all,region,0
Q8WY36,all,region,0
Q8WY36,all,region,0
Q8WY36,all,region,0
Q8WY36,all,region,0
Q8WY36,all,control,0
Q8WY36,all,control,0
Q8WY36,all,control,0
Q8WY36,all,control,0
Q8WY36,all,control,0
Q8WY36,all,control,0
Q8WY36,all,control,0
Q8WYP5,all,region,0
Q8WYP5,all,region,0
Q8WYP5,all,region,0
Q8WYP5,all,region,0
Q8WYP5,all,region,0
Q8WYP5,all,region,0
Q8WYP5,all,region,0
Q8WYP5,all,region,0
Q8WYP5,all,control,0
Q8WYP5,all,control,0
Q8WYP5,all,control,0
Q8WYP5,all,control,1
Q8WYP5,all,control,0
Q8WYP5,all,control,0
Q8WYP5,all,control,0
Q8WYP5,all,region,0
Q8WYP5,all,region,0
Q8WYP5,all,region,0
Q8WYP5,all,region,0
Q8WYP5,all,region,1
Q8WYP5,all,region,0
Q92540,all,control,0
Q92540,all,control,0
Q92540,all,control,0
Q92615,all,region,0
Q92615,all,region,0
Q92615,all,region,0
Q92615,all,region,0
Q92615,all,region,0
Q92615,all,region,0
Q92615,all,region,0
Q92615,all,control,0
Q92615,all,control,0
Q92615,all,control,0
Q92615,all,control,0
Q92615,all,control,0
Q92733,all,region,0
Q92733,all,region,0
Q92733,all,region,0
Q92733,all,region,1
Q92733,all,region,0
Q92733,all,control,0
Q92733,all,control,0
Q92733,all,control,0
Q92793,all,region,0
Q92793,all,region,0
Q92793,all,control,0
Q92793,all,control,0
Q92793,all,control,0
Q92793,all,control,0
Q92793,all,control,0
Q92793,all,control,0
Q92793,all,control,0
Q92793,all,control,0
Q92917,all,region,0
Q92917,all,region,0
Q92917,all,region,0
Q92917,all,region,0
Q92917,all,region,0
Q92917,all,region,0
Q92917,all,region,0
Q92917,all,region,0
Q92917,all,region,0
Q92917,all,control,0
Q92917,all,control,0
Q92917,all,control,0
Q92917,all,control,0
Q92917,all,control,0
Q92917,all,control,0
Q92917,all,control,1
Q92917,all,control,0
Q92917,all,control,0
Q92917,all,control,0
Q92917,all,control,0
Q92917,all,control,0
Q92917,all,control,0
Q92917,all,control,0
Q96B97,all,region,0
Q96B97,all,control,0
Q96B97,all,control,0
Q96BD5,all,region,0
Q96BD5,all,region,0
Q96BD5,all,region,0
Q96BD5,all,region,0
Q96BD5,all,region,0
Q96BD5,all,region,0
Q96BD5,all,control,0
Q96BD5,all,control,0
Q96BD5,all,control,1
Q96BD5,all,control,0
Q96BD5,all,control,0
Q96BD5,all,control,1
Q96BD5,all,region,0
Q96BD5,all,region,0
Q96BD5,all,region,0
Q96BD5,all,region,0
Q96BD5,all,region,0
Q96BD5,all,region,0
Q96BD5,all,region,0
Q96BD5,all,region,0
Q96BD5,all,control,0
Q96BD5,all,control,0
Q96BD5,all,control,0
Q96BD5,all,control,0
Q96BD5,all,control,0
Q96BD5,all,control,0
Q96BD5,all,control,1
Q96HC4,all,region,0
Q96HC4,all,region,1
Q96HC4,all,region,0
Q96HC4,all,region,1
Q96HC4,all,region,0
Q96HC4,all,region,0
Q96HC4,all,control,1
Q96HC4,all,control,0
Q96HC4,all,control,0
Q96HC4,all,control,0
Q96HC4,all,control,1
Q96HC4,all,control,0
Q96HC4,all,control,0
Q96HC4,all,control,0
Q96HC4,all,control,0
Q96HC4,all,region,1
Q96HC4,all,region,0
Q96HC4,all,control,0
Q96HC4,all,region,0
Q96HC4,all,region,0
Q96HC4,all,region,0
Q96HC4,all,region,0
Q96HC4,all,region,0
Q96HC4,all,region,1
Q96HC4,all,region,1
Q96HC4,all,region,0
Q96HC4,all,region,1
Q96HC4,all,region,1
Q96HC4,all,region,0
Q96HC4,all,region,0
Q96HC4,all,region,0
Q96HC4,all,region,0
Q96HC4,all,region,0
Q96HC4,all,region,0
Q96HC4,all,region,0
Q96HC4,all,control,0
Q96JH7,all,region,0
Q96JH7,all,region,0
Q96JH7,all,control,0
Q96JH7,all,control,0
Q96JH7,all,control,0
Q96JH7,all,control,0
Q96KR1,all,region,0
Q96KR1,all,region,0
Q96KR1,all,region,0
Q96KR1,all,region,1
Q96KR1,all,region,0
Q96KR1,all,region,0
Q96KR1,all,region,0
Q96KR1,all,region,0
Q96KR1,all,control,0
Q96KR1,all,region,1
Q96KR1,all,region,1
Q96KR1,all,region,0
Q96KR1,all,region,0
Q96KR1,all,region,0
Q96KR1,all,control,0
Q96KR1,all,control,0
Q96KR1,all,region,0
Q96KR1,all,region,0
Q96KR1,all,region,0
Q96KR1,all,region,0
Q96KR1,all,region,0
Q96KR1,all,region,0
Q96KR1,all,region,0
Q96KR1,all,region,0
Q96KR1,all,region,0
Q96KR1,all,region,0
Q96KR1,all,region,0
Q96KR1,all,region,0
Q96KR1,all,region,1
Q96KR1,all,control,0
Q96KR1,all,control,0
Q96KR1,all,control,0
Q96KR1,all,control,0
Q96KR1,all,control,0
Q96KR1,all,control,0
Q96KR1,all,control,0
Q96KR1,all,control,0
Q96KR1,all,control,0
Q96KR1,all,region,1
Q96KR1,all,region,0
Q96KR1,all,region,0
Q96KR1,all,region,0
Q96KR1,all,region,0
Q96KR1,all,region,0
Q96KR1,all,control,0
Q96KR1,all,region,0
Q96KR1,all,region,0
Q96KR1,all,region,0
Q96KR1,all,region,0
Q96KR1,all,region,0
Q96KR1,all,region,1
Q96KR1,all,region,0
Q96KR1,all,region,0
Q96KR1,all,region,0
Q96KR1,all,region,0
Q96KR1,all,region,0
Q96KR1,all,region,0
Q96KR1,all,control,0
Q96KR1,all,control,0
Q96KR1,all,control,0
Q96KR1,all,control,0
Q96KR1,all,control,1
Q96KR1,all,control,0
Q96KR1,all,control,0
Q96KR1,all,control,1
Q96KR1,all,control,0
Q96KR1,all,control,0
Q96KR1,all,control,0
Q96KR1,all,control,0
Q96KR1,all,control,0
Q96KR1,all,control,0
Q96KR1,all,control,0
Q96KR1,all,region,0
Q96KR1,all,region,0
Q96KR1,all,region,0
Q96KR1,all,region,0
Q96KR1,all,region,0
Q96KR1,all,control,0
Q96KR1,all,control,0
Q96KR1,all,control,1
Q96KR1,all,control,0
Q96KR1,all,control,0
Q96KR1,all,control,0
Q96KR1,all,control,0
Q96KR1,all,control,0
Q96KR1,all,control,0
Q96KR1,all,control,0
Q96KR1,all,control,0
Q96KR1,all,region,0
Q96KR1,all,region,0
Q96KR1,all,region,0
Q96KR1,all,region,0
Q96KR1,all,region,0
Q96KR1,all,region,0
Q96KR1,all,region,0
Q96KR1,all,control,0
Q96KR1,all,control,0
Q96L91,all,region,0
Q96L91,all,region,0
Q96L91,all,region,0
Q96L91,all,region,0
Q96L91,all,region,0
Q96L91,all,region,0
Q96L91,all,region,0
Q96L91,all,region,0
Q96L91,all,region,0
Q96L91,all,region,0
Q96L91,all,region,0
Q96L91,all,region,0
Q96L91,all,region,0
Q96L91,all,control,0
Q96L91,all,control,0
Q96L91,all,control,0
Q96L91,all,control,0
Q96L91,all,control,0
Q96L91,all,control,0
Q96L91,all,control,0
Q96L91,all,control,0
Q96L91,all,region,0
Q96L91,all,region,0
Q96L91,all,region,0
Q96L91,all,region,0
Q96L91,all,region,0
Q96L91,all,region,0
Q96L91,all,region,0
Q96L91,all,region,0
Q96L91,all,region,0
Q96L91,all,region,0
Q96L91,all,control,0
Q96L91,all,control,0
Q96L91,all,control,0
Q96L91,all,control,0
Q96L91,all,control,0
Q96L91,all,control,0
Q96L91,all,control,0
Q96L91,all,control,0
Q96L91,all,control,0
Q96L91,all,control,0
Q96L91,all,control,0
Q96L91,all,control,0
Q96L91,all,control,0
Q96L91,all,control,0
Q96L91,all,control,1
Q96L91,all,region,0
Q96L91,all,region,0
Q96L91,all,region,0
Q96L91,all,region,0
Q96L91,all,region,0
Q96L91,all,region,0
Q96L91,all,region,0
Q96L91,all,control,0
Q96L91,all,control,0
Q96L91,all,control,0
Q96L91,all,control,1
Q96L91,all,control,1
Q96L91,all,control,1
Q96L91,all,region,0
Q96L91,all,region,0
Q96L91,all,region,0
Q96L91,all,region,0
Q96L91,all,region,0
Q96L91,all,region,0
Q96L91,all,region,0
Q96L91,all,region,0
Q96L91,all,region,0
Q96L91,all,region,0
Q96L91,all,region,0
Q96L91,all,region,0
Q96L91,all,region,0
Q96L91,all,region,0
Q96L91,all,region,0
Q96L91,all,region,0
Q96L91,all,region,0
Q96L91,all,region,0
Q96L91,all,region,0
Q96L91,all,region,0
Q96L91,all,region,0
Q96L91,all,region,0
Q96L91,all,control,0
Q96L91,all,control,1
Q96L91,all,control,0
Q96L91,all,control,0
Q96L91,all,control,1
Q96L91,all,control,0
Q96L91,all,control,0
Q96L91,all,control,0
Q96L91,all,control,0
Q96L91,all,control,0
Q96L91,all,control,1
Q96L91,all,control,0
Q96L91,all,control,0
Q96L91,all,control,0
Q96L91,all,control,1
Q96L91,all,control,0
Q96L91,all,control,0
Q96L91,all,control,0
Q96L91,all,control,0
Q96L91,all,control,0
Q96L91,all,control,0
Q96L91,all,control,1
Q96L91,all,control,1
Q96L91,all,control,0
Q96L91,all,control,0
Q96L91,all,control,0
Q96L91,all,control,0
Q96L91,all,control,0
Q96L91,all,control,0
Q96L91,all,control,1
Q96L91,all,control,0
Q96L91,all,control,0
Q96L91,all,control,1
Q96L91,all,control,0
Q96L91,all,control,0
Q96L91,all,control,0
Q96L91,all,control,0
Q96L91,all,control,0
Q96L91,all,control,0
Q96L91,all,control,0
Q96L91,all,control,0
Q96L91,all,control,0
Q96L91,all,control,0
Q96L91,all,control,0
Q96L91,all,control,0
Q96L91,all,control,0
Q96L91,all,region,0
Q96L91,all,region,0
Q96L91,all,control,0
Q96L91,all,control,0
Q96L91,all,control,0
Q96M27,all,region,0
Q96M27,all,region,0
Q96M27,all,region,0
Q96M27,all,region,0
Q96M27,all,region,0
Q96M27,all,region,0
Q96M27,all,control,0
Q96M27,all,control,0
Q96M27,all,control,0
Q96M27,all,control,0
Q96M27,all,control,1
Q96M27,all,control,0
Q96MY1,all,region,0
Q96MY1,all,region,0
Q96MY1,all,control,0
Q96MY1,all,control,0
Q96MY1,all,control,1
Q96MY1,all,control,0
Q96MY1,all,control,0
Q96QT6,all,region,1
Q96QT6,all,control,0
Q96QT6,all,control,0
Q96QT6,all,control,0
Q96QT6,all,control,0
Q96QT6,all,control,1
Q96QT6,all,control,0
Q96ST3,all,region,0
Q96ST3,all,region,0
Q96ST3,all,control,0
Q96ST3,all,control,0
Q96ST3,all,control,0
Q96ST3,all,control,0
Q96ST3,all,control,0
Q96ST3,all,control,0
Q96T58,all,region,0
Q96T58,all,region,0
Q96T58,all,region,0
Q96T58,all,region,0
Q96T58,all,region,0
Q96T58,all,region,0
Q96T58,all,region,0
Q96T58,all,region,0
Q96T58,all,region,0
Q96T58,all,region,0
Q96T58,all,region,0
Q96T58,all,control,0
Q96T58,all,control,0
Q96T58,all,control,0
Q96T58,all,control,0
Q96T58,all,control,0
Q96T58,all,control,0
Q96T58,all,control,0
Q96T58,all,control,0
Q96T58,all,control,0
Q96T58,all,control,0
Q96T58,all,control,0
Q96T58,all,control,0
Q96T58,all,control,1
Q96T58,all,control,1
Q96T58,all,control,0
Q96T58,all,control,0
Q96T58,all,control,0
Q96T58,all,control,0
Q96T58,all,control,1
Q96T58,all,control,0
Q96T58,all,control,0
Q96T58,all,control,0
Q96T58,all,control,0
Q96T58,all,region,0
Q96T58,all,region,0
Q96T58,all,region,0
Q96T58,all,region,0
Q96T58,all,region,0
Q96T58,all,region,0
Q96T58,all,region,0
Q96T58,all,control,0
Q96T58,all,control,0
Q96T58,all,control,0
Q96T58,all,control,0
Q96T58,all,control,0
Q96T58,all,control,0
Q96T58,all,control,0
Q96T58,all,region,0
Q96T58,all,control,0
Q96T58,all,control,0
Q96T58,all,control,0
Q96T58,all,control,0
Q96T58,all,control,0
Q96T58,all,control,0
Q96T58,all,control,0
Q96T58,all,control,0
Q96T58,all,control,0
Q96T58,all,control,0
Q96T58,all,region,0
Q96T58,all,region,0
Q96T58,all,region,0
Q96T58,all,region,0
Q96T58,all,region,0
Q96T58,all,region,0
Q96T58,all,region,0
Q96T58,all,region,0
Q96T58,all,region,0
Q96T58,all,region,0
Q96T58,all,control,0
Q96T58,all,control,0
Q96T58,all,control,0
Q96T58,all,control,0
Q99504,all,region,0
Q99504,all,region,0
Q99504,all,control,0
Q9BTA9,all,control,0
Q9BTA9,all,control,0
Q9BTA9,all,control,0
Q9BTA9,all,control,0
Q9BTC0,all,control,0
Q9BTC0,all,control,0
Q9BTC0,all,control,0
Q9BTC0,all,control,0
Q9BTC0,all,control,0
Q9BTC0,all,control,0
Q9BTC0,all,control,0
Q9BTC0,all,region,0
Q9BTC0,all,region,0
Q9BTC0,all,region,0
Q9BTC0,all,region,0
Q9BTC0,all,region,0
Q9BTC0,all,region,0
Q9BTC0,all,region,0
Q9BTC0,all,region,0
Q9BTC0,all,region,0
Q9BTC0,all,region,0
Q9BTC0,all,region,1
Q9BTC0,all,region,0
Q9BTC0,all,control,0
Q9BTC0,all,control,0
Q9BTC0,all,control,1
Q9BTC0,all,control,0
Q9BTC0,all,control,0
Q9BTC0,all,control,0
Q9BTC0,all,control,0
Q9BTC0,all,control,0
Q9BTC0,all,control,0
Q9BTC0,all,control,0
Q9BTC0,all,region,0
Q9BTC0,all,region,0
Q9BTC0,all,region,0
Q9BTC0,all,region,0
Q9BTC0,all,region,0
Q9BTC0,all,region,0
Q9BTC0,all,region,0
Q9BTC0,all,region,0
Q9BTC0,all,region,0
Q9BTC0,all,region,0
Q9BTC0,all,region,0
Q9BTC0,all,region,0
Q9BTC0,all,region,0
Q9BTC0,all,region,0
Q9BTC0,all,region,0
Q9BTC0,all,region,0
Q9BTC0,all,region,0
Q9BTC0,all,region,0
Q9BTC0,all,region,0
Q9BTC0,all,region,0
Q9BTC0,all,region,0
Q9BTC0,all,region,0
Q9BTC0,all,region,0
Q9BTC0,all,region,0
Q9BTC0,all,region,0
Q9BTC0,all,region,0
Q9BTC0,all,region,0
Q9BTC0,all,region,0
Q9BTC0,all,region,0
Q9BTC0,all,region,0
Q9BTC0,all,control,0
Q9BTC0,all,control,0
Q9BTC0,all,control,0
Q9BTC0,all,control,1
Q9BTC0,all,control,0
Q9BTC0,all,control,0
Q9BTC0,all,control,0
Q9BTC0,all,control,0
Q9BTC0,all,control,0
Q9BTC0,all,region,0
Q9BTC0,all,region,0
Q9BTC0,all,control,0
Q9BTC0,all,control,0
Q9BTC0,all,control,0
Q9BTC0,all,control,0
Q9BTC0,all,control,0
Q9BTC0,all,control,0
Q9BVL2,all,region,0
Q9BVL2,all,region,0
Q9BVL2,all,control,0
Q9BVL2,all,region,0
Q9BVL2,all,region,0
Q9BVL2,all,region,0
Q9BVL2,all,region,0
Q9BVL2,all,region,0
Q9BVL2,all,region,0
Q9BVL2,all,region,0
Q9BVL2,all,region,0
Q9BVL2,all,region,0
Q9BVL2,all,region,0
Q9BVL2,all,region,0
Q9BVL2,all,region,0
Q9BVL2,all,region,0
Q9BVL2,all,region,1
Q9BVL2,all,region,0
Q9BVL2,all,region,0
Q9BVL2,all,region,0
Q9BVL2,all,control,0
Q9BVL2,all,control,0
Q9BVL2,all,control,0
Q9BVL2,all,control,0
Q9BVL2,all,control,0
Q9BVL2,all,control,0
Q9BVL2,all,control,0
Q9BVL2,all,control,0
Q9BVL2,all,control,0
Q9BVL2,all,control,0
Q9BVL2,all,control,0
Q9BVL2,all,region,0
Q9BVL2,all,region,0
Q9BVL2,all,region,0
Q9BVL2,all,region,0
Q9BVL2,all,region,0
Q9BVL2,all,region,0
Q9BVL2,all,region,0
Q9BVL2,all,region,1
Q9BVL2,all,control,0
Q9BVL2,all,control,0
Q9BVL2,all,control,0
Q9BVL2,all,control,0
Q9BYJ9,all,control,0
Q9BYJ9,all,control,0
Q9BYJ9,all,control,0
Q9BYJ9,all,region,0
Q9BYJ9,all,control,0
Q9BYJ9,all,control,0
Q9BYJ9,all,control,0
Q9BYJ9,all,control,0
Q9BYJ9,all,control,0
Q9C0C7,all,region,0
Q9C0C7,all,region,0
Q9C0C7,all,region,1
Q9C0C7,all,control,0
Q9C0C7,all,control,1
Q9C0C7,all,control,0
Q9C0C7,all,control,0
Q9C0C7,all,control,0
Q9C0C7,all,control,0
Q9C0C7,all,control,0
Q9C0C7,all,control,0
Q9C0C7,all,control,0
Q9C0C7,all,control,0
Q9H0E3,all,region,0
Q9H0E3,all,control,0
Q9H0E3,all,control,0
Q9H0E9,all,region,0
Q9H0E9,all,region,0
Q9H0E9,all,region,0
Q9H0E9,all,region,0
Q9H0E9,all,control,0
Q9H1B7,all,region,0
Q9H1B7,all,region,0
Q9H2F5,all,control,0
Q9H4A3,all,region,0
Q9H4A3,all,region,0
Q9H4A3,all,region,0
Q9H4A3,all,control,0
Q9H4A3,all,control,0
Q9H4A3,all,control,0
Q9H4A3,all,control,0
Q9H4A3,all,region,0
Q9H4A3,all,region,0
Q9H4A3,all,region,0
Q9H4A3,all,region,0
Q9H4A3,all,region,0
Q9H4A3,all,region,0
Q9H4A3,all,region,0
Q9H4A3,all,region,0
Q9H4A3,all,region,0
Q9H4A3,all,control,0
Q9H4A3,all,control,0
Q9H4A3,all,control,1
Q9H4A3,all,control,0
Q9H4A3,all,control,1
Q9H4A3,all,control,0
Q9H4A3,all,control,0
Q9H4A3,all,control,0
Q9H4A3,all,control,0
Q9H4A3,all,control,0
Q9H4A3,all,control,0
Q9H4A3,all,control,0
Q9H4A3,all,control,0
Q9H4A3,all,control,0
Q9H4A3,all,region,0
Q9H4A3,all,region,0
Q9H4A3,all,region,0
Q9H4A3,all,region,0
Q9H4A3,all,region,0
Q9H4A3,all,region,0
Q9H4A3,all,control,0
Q9H4A3,all,control,0
Q9H4A3,all,control,1
Q9H4A3,all,control,1
Q9H4A3,all,control,0
Q9H4A3,all,region,0
Q9H4A3,all,control,0
Q9H4A3,all,control,1
Q9H4A3,all,region,0
Q9H4A3,all,control,1
Q9H4A3,all,control,0
Q9H4A3,all,region,0
Q9H4A3,all,region,0
Q9H4A3,all,region,0
Q9H4A3,all,region,1
Q9H4A3,all,region,1
Q9H4A3,all,region,0
Q9H4A3,all,region,0
Q9H4A3,all,region,0
Q9H4A3,all,control,0
Q9H4A3,all,control,0
Q9H4A3,all,control,0
Q9H4A3,all,control,0
Q9H4A3,all,control,0
Q9H4A3,all,control,0
Q9H4A3,all,control,0
Q9H4A3,all,control,0
Q9H4A3,all,control,0
Q9H4I2,all,region,0
Q9H4I2,all,region,0
Q9H4I2,all,region,0
Q9H4I2,all,region,0
Q9H4I2,all,control,0
Q9H4I2,all,control,0
Q9H4I2,all,control,1
Q9H4I2,all,control,0
Q9H4I2,all,control,0
Q9H4I2,all,control,0
Q9H4I2,all,control,0
Q9H4I2,all,control,0
Q9H4I2,all,control,0
Q9H4I2,all,region,0
Q9H4I2,all,region,0
Q9H4I2,all,region,0
Q9H4I2,all,region,0
Q9H4I2,all,region,0
Q9H4I2,all,region,0
Q9H4I2,all,region,0
Q9H4I2,all,region,0
Q9H4I2,all,region,0
Q9H4I2,all,region,0
Q9H4I2,all,region,0
Q9H4I2,all,region,0
Q9H4I2,all,region,0
Q9H4I2,all,region,0
Q9H4I2,all,region,0
Q9H4I2,all,control,0
Q9H4I2,all,control,0
Q9H4I2,all,control,0
Q9H4I2,all,control,0
Q9H4I2,all,control,0
Q9H4I2,all,control,0
Q9H4I2,all,control,0
Q9H4I2,all,control,0
Q9H4I2,all,control,0
Q9H4I2,all,control,0
Q9H4I2,all,control,0
Q9H4I2,all,control,0
Q9H792,all,region,0
Q9H792,all,region,0
Q9H792,all,region,0
Q9H792,all,region,0
Q9H792,all,region,0
Q9H792,all,region,0
Q9H792,all,region,0
Q9H792,all,region,0
Q9H792,all,control,0
Q9H792,all,control,1
Q9H792,all,control,0
Q9H792,all,control,0
Q9H792,all,control,0
Q9H792,all,control,0
Q9H792,all,control,0
Q9H792,all,control,0
Q9H792,all,control,0
Q9H792,all,control,0
Q9H792,all,control,1
Q9H792,all,control,1
Q9H8Y8,all,region,0
Q9H8Y8,all,region,0
Q9H8Y8,all,region,0
Q9H8Y8,all,region,0
Q9H8Y8,all,region,0
Q9H8Y8,all,region,0
Q9H8Y8,all,region,0
Q9H8Y8,all,region,0
Q9H8Y8,all,region,0
Q9HBD1,all,region,0
Q9HBD1,all,region,0
Q9HBD1,all,region,0
Q9HBD1,all,region,0
Q9HBD1,all,region,0
Q9HBD1,all,region,0
Q9HBD1,all,control,0
Q9HBD1,all,control,0
Q9HBD1,all,control,0
Q9HBD1,all,control,0
Q9HBD1,all,control,0
Q9HBD1,all,control,0
Q9HBD1,all,control,0
Q9HCD5,all,control,0
Q9HCD5,all,control,0
Q9HCD5,all,control,0
Q9HCD5,all,control,0
Q9HCD5,all,region,0
Q9HCD5,all,region,0
Q9HCD5,all,region,0
Q9HCD5,all,region,0
Q9HCD5,all,region,0
Q9HCD5,all,region,0
Q9HCD5,all,region,0
Q9HCD5,all,region,0
Q9HCD5,all,region,0
Q9HCD5,all,region,0
Q9HCD5,all,region,0
Q9HCD5,all,region,0
Q9HCD5,all,region,0
Q9HCD5,all,region,0
Q9HCD5,all,control,0
Q9HCD5,all,control,0
Q9HCD5,all,control,0
Q9HCD5,all,control,0
Q9HCD5,all,control,0
Q9HCD5,all,control,0
Q9HCD5,all,control,0
Q9HCD6,all,region,0
Q9HCE3,all,region,0
Q9HCE3,all,control,0
Q9HCE3,all,control,0
Q9HCK8,all,region,0
Q9HCK8,all,control,0
Q9NQX3,all,region,0
Q9NQX3,all,region,0
Q9NQX3,all,region,0
Q9NQX3,all,region,0
Q9NQX3,all,region,1
Q9NXV6,all,region,0
Q9NXV6,all,region,0
Q9NXV6,all,region,0
Q9NXV6,all,region,0
Q9NXV6,all,control,0
Q9NYF8,all,region,0
Q9NYF8,all,region,0
Q9NYV4,all,region,0
Q9NYV4,all,region,0
Q9NYV4,all,region,0
Q9NYV4,all,region,0
Q9NYV4,all,region,0
Q9NYV4,all,region,0
Q9NYV4,all,region,0
Q9NYV4,all,region,0
Q9NYV4,all,region,0
Q9NYV4,all,region,0
Q9NYV4,all,region,0
Q9NYV4,all,region,0
Q9NYV4,all,region,0
Q9NYV4,all,region,0
Q9NYV4,all,region,0
Q9NYV4,all,region,0
Q9NYV4,all,control,0
Q9NYV4,all,control,0
Q9NYV4,all,control,0
Q9NYV4,all,control,0
Q9NZN8,all,region,0
Q9NZN8,all,region,0
Q9NZN8,all,control,0
Q9NZN8,all,control,0
Q9NZN8,all,control,0
Q9NZN8,all,control,0
Q9NZN8,all,control,0
Q9NZN8,all,control,0
Q9NZN8,all,control,0
Q9P2N6,all,region,0
Q9P2N6,all,control,0
Q9P2N6,all,control,0
Q9P2N6,all,control,0
Q9P2N6,all,control,0
Q9P2N6,all,region,0
Q9P2N6,all,region,0
Q9P2N6,all,region,0
Q9P2N6,all,region,0
Q9P2N6,all,region,0
Q9P2N6,all,region,0
Q9P2N6,all,region,0
Q9P2N6,all,region,0
Q9P2N6,all,region,0
Q9P2N6,all,control,0
Q9P2N6,all,control,0
Q9P2N6,all,control,0
Q9P2N6,all,control,0
Q9P2N6,all,control,0
Q9P2N6,all,control,0
Q9P2N6,all,control,0
Q9P2N6,all,control,0
Q9P2R6,all,region,0
Q9P2R6,all,control,0
Q9P2R6,all,control,0
Q9P2R6,all,control,0
Q9P2R6,all,control,0
Q9P2R6,all,control,0
Q9P2R6,all,control,0
Q9P2R6,all,control,0
Q9UGU0,all,region,0
Q9UGU0,all,region,0
Q9UGU0,all,control,0
Q9UGU0,all,control,0
Q9UGU0,all,control,0
Q9UGU0,all,control,0
Q9UGU0,all,control,0
Q9UHB7,all,region,0
Q9UHB7,all,region,0
Q9UHB7,all,control,0
Q9UHB7,all,control,0
Q9UHB7,all,control,0
Q9UHB7,all,control,0
Q9UHD9,all,region,0
Q9UHD9,all,region,0
Q9UHD9,all,region,0
Q9UHD9,all,region,0
Q9UHD9,all,region,0
Q9UHD9,all,region,0
Q9UHD9,all,region,0
Q9UHD9,all,region,0
Q9UHD9,all,region,0
Q9UHD9,all,region,0
Q9UHD9,all,region,0
Q9UHD9,all,region,0
Q9UHD9,all,region,0
Q9UHD9,all,region,0
Q9UHD9,all,control,0
Q9UHD9,all,control,0
Q9UHD9,all,control,0
Q9UHD9,all,control,0
Q9UHD9,all,control,0
Q9UHD9,all,control,0
Q9UHD9,all,control,0
Q9UHD9,all,control,0
Q9UHD9,all,control,0
Q9UHD9,all,control,0
Q9UHD9,all,control,0
Q9UHD9,all,control,0
Q9UHD9,all,control,0
Q9UIU6,all,region,0
Q9UIU6,all,control,0
Q9UIU6,all,region,0
Q9UIU6,all,region,0
Q9UIU6,all,region,0
Q9UIU6,all,control,0
Q9UK61,all,control,0
Q9UK61,all,control,0
Q9UK61,all,control,0
Q9UK61,all,control,0
Q9UK61,all,control,0
Q9UK61,all,control,0
Q9ULH7,all,region,0
Q9ULH7,all,region,0
Q9ULM3,all,region,0
Q9ULM3,all,region,0
Q9ULM3,all,region,0
Q9ULM3,all,region,0
Q9ULM3,all,control,0
Q9ULM3,all,region,0
Q9ULM3,all,region,0
Q9ULM3,all,region,0
Q9ULM3,all,region,0
Q9ULM3,all,region,0
Q9ULM3,all,control,0
Q9ULM3,all,region,0
Q9ULM3,all,region,0
Q9ULM3,all,region,0
Q9ULM3,all,region,0
Q9ULM3,all,region,0
Q9ULM3,all,region,0
Q9ULM3,all,region,0
Q9ULM3,all,region,0
Q9ULM3,all,region,0
Q9ULM3,all,region,0
Q9ULM3,all,region,0
Q9ULM3,all,region,0
Q9ULM3,all,region,0
Q9ULM3,all,control,0
Q9ULM3,all,control,0
Q9ULM3,all,control,0
Q9ULM3,all,control,0
Q9ULM3,all,control,0
Q9ULM3,all,control,0
Q9ULM3,all,control,0
Q9ULM3,all,region,0
Q9ULM3,all,region,0
Q9ULM3,all,control,0
Q9ULM3,all,control,0
Q9ULM3,all,control,0
Q9ULM3,all,control,0
Q9ULM3,all,control,0
Q9ULM3,all,control,0
Q9ULT8,all,region,0
Q9ULT8,all,region,0
Q9ULT8,all,region,0
Q9ULT8,all,region,0
Q9ULT8,all,region,0
Q9ULT8,all,region,0
Q9ULT8,all,region,0
Q9ULT8,all,region,0
Q9ULT8,all,region,0
Q9ULT8,all,region,0
Q9ULT8,all,region,0
Q9ULT8,all,region,0
Q9ULT8,all,region,0
Q9ULT8,all,control,0
Q9ULT8,all,control,0
Q9ULT8,all,control,0
Q9ULT8,all,control,0
Q9ULT8,all,control,0
Q9ULT8,all,control,0
Q9ULT8,all,control,0
Q9ULT8,all,control,1
Q9ULT8,all,control,0
Q9ULT8,all,control,0
Q9ULT8,all,control,0
Q9ULT8,all,control,1
Q9ULT8,all,control,0
Q9ULT8,all,control,0
Q9ULT8,all,control,0
Q9ULT8,all,control,0
Q9ULT8,all,region,0
Q9ULT8,all,region,0
Q9ULT8,all,region,0
Q9ULT8,all,region,0
Q9ULT8,all,region,0
Q9ULT8,all,region,0
Q9ULT8,all,control,0
Q9ULT8,all,control,1
Q9ULT8,all,control,0
Q9ULT8,all,control,0
Q9ULT8,all,control,0
Q9ULT8,all,control,1
Q9ULT8,all,control,0
Q9ULU4,all,region,0
Q9ULU4,all,region,0
Q9ULU4,all,region,0
Q9ULU4,all,region,0
Q9ULU4,all,region,0
Q9ULU4,all,region,0
Q9ULU4,all,region,0
Q9ULU4,all,region,0
Q9ULU4,all,region,0
Q9ULU4,all,region,1
Q9ULU4,all,region,0
Q9ULU4,all,region,0
Q9ULU4,all,region,0
Q9ULU4,all,region,0
Q9ULU4,all,region,0
Q9ULU4,all,region,0
Q9ULU4,all,region,0
Q9ULU4,all,region,0
Q9ULU4,all,control,0
Q9ULU4,all,control,0
Q9ULU4,all,region,0
Q9ULU4,all,region,0
Q9ULU4,all,region,0
Q9ULU4,all,region,0
Q9ULU4,all,region,1
Q9ULU4,all,region,1
Q9ULU4,all,region,1
Q9ULU4,all,region,0
Q9ULU4,all,region,0
Q9ULU4,all,region,1
Q9ULU4,all,region,0
Q9ULU4,all,region,0
Q9ULU4,all,control,0
Q9ULU4,all,control,0
Q9ULU4,all,control,0
Q9ULU4,all,control,0
Q9ULU4,all,control,0
Q9ULU4,all,control,0
Q9ULU4,all,control,0
Q9UM82,all,region,0
Q9UM82,all,region,0
Q9UM82,all,region,0
Q9UM82,all,region,0
Q9UM82,all,region,0
Q9UM82,all,region,0
Q9UM82,all,region,1
Q9UM82,all,region,0
Q9UM82,all,control,0
Q9UM82,all,control,0
Q9UM82,all,control,0
Q9UMS4,all,region,0
Q9UMS4,all,region,0
Q9UMS4,all,control,0
Q9UMS4,all,control,0
Q9UMS4,all,control,0
Q9UMS4,all,control,0
Q9UPA5,all,control,0
Q9UPA5,all,region,0
Q9UPN6,all,region,0
Q9UPN6,all,region,0
Q9UPN6,all,control,0
Q9UPN6,all,control,0
Q9UPN6,all,control,0
Q9UPN6,all,control,0
Q9UPN9,all,region,0
Q9UPN9,all,region,0
Q9UPN9,all,region,0
Q9UPN9,all,region,0
Q9UPN9,all,control,0
Q9UPN9,all,control,0
Q9UPZ3,all,region,0
Q9UPZ3,all,control,0
Q9UPZ3,all,control,0
Q9UPZ3,all,control,0
Q9UPZ3,all,control,0
Q9UPZ3,all,control,1
Q9UPZ3,all,control,1
Q9UQ35,all,control,0
Q9UQ35,all,control,0
Q9UQ35,all,control,0
Q9UQ35,all,control,0
Q9UQ35,all,control,0
Q9UQ35,all,control,0
Q9UQ35,all,control,0
Q9UQ35,all,control,0
Q9UQ35,all,control,0
Q9UQR0,all,region,0
Q9UQR0,all,control,0
Q9UQR0,all,control,1
Q9UQR0,all,control,0
Q9UQR0,all,control,0
Q9UQR0,all,control,0
Q9UQR0,all,control,0
Q9Y2W1,all,control,0
Q9Y2W1,all,control,0
Q9Y2W1,all,control,1
Q9Y2W1,all,control,0
Q9Y2X9,all,control,0
Q9Y2X9,all,control,0
Q9Y2X9,all,control,0
Q9Y2X9,all,control,0
Q9Y2X9,all,control,0
Q9Y520,all,region,0
Q9Y520,all,region,0
Q9Y520,all,control,0
Q9Y520,all,control,0
Q9Y520,all,control,0
Q9Y520,all,control,0
Q9Y520,all,control,0
Q9Y520,all,region,1
Q9Y520,all,region,0
Q9Y520,all,region,1
Q9Y520,all,region,0
Q9Y520,all,region,1
Q9Y520,all,region,0
Q9Y520,all,region,1
Q9Y520,all,region,0
Q9Y520,all,region,0
Q9Y520,all,region,0
Q9Y520,all,region,0
Q9Y520,all,region,0
Q9Y520,all,region,1
Q9Y520,all,region,0
Q9Y520,all,region,0
Q9Y520,all,region,0
Q9Y520,all,control,0
Q9Y520,all,control,0
Q9Y520,all,control,0
Q9Y520,all,control,0
Q9Y520,all,control,0
Q9Y520,all,control,0
Q9Y520,all,control,0
Q9Y520,all,control,0
Q9Y520,all,control,0
Q9Y520,all,control,0
Q9Y520,all,control,0
Q9Y520,all,control,0
Q9Y520,all,control,0
Q9Y618,all,region,0
Q9Y618,all,region,0
Q9Y618,all,region,0
Q9Y618,all,region,0
Q9Y618,all,region,0
Q9Y618,all,region,0
Q9Y618,all,region,0
Q9Y618,all,region,0
Q9Y618,all,region,0
Q9Y618,all,region,0
Q9Y618,all,region,0
Q9Y618,all,control,0
Q9Y618,all,control,0
Q9Y618,all,control,1
Q9Y618,all,region,0
Q9Y618,all,region,0
Q9Y618,all,region,0
Q9Y618,all,region,0
Q9Y618,all,region,0
Q9Y618,all,region,0
Q9Y618,all,region,0
Q9Y618,all,region,0
Q9Y618,all,region,0
Q9Y618,all,control,0
Q9Y618,all,control,0
Q9Y618,all,region,1
Q9Y618,all,region,0
Q9Y618,all,region,0
Q9Y618,all,region,0
Q9Y618,all,control,0
Q9Y618,all,control,0
Q9Y618,all,control,0
Q9Y618,all,region,0
Q9Y618,all,control,0
Q9Y618,all,control,0
Q9Y618,all,control,0
Q9Y618,all,control,0
Q9Y618,all,control,0
Q9Y618,all,control,0
Q9Y6Q9,all,control,0
Q9Y6Q9,all,region,0
Q9Y6Q9,all,region,0
Q9Y6Q9,all,region,0
Q9Y6Q9,all,region,0
Q9Y6Q9,all,region,0
Q9Y6Q9,all,region,0
Q9Y6Q9,all,region,0
Q9Y6Q9,all,region,0
Q9Y6Q9,all,region,0
Q9Y6Q9,all,control,0
Q9Y6Q9,all,control,0
Q9Y6Q9,all,control,0
Q9Y6Q9,all,control,0
Q9Y6Q9,all,control,0
Q9Y6Q9,all,control,0
Q9Y6Y8,all,region,0
Q9Y6Y8,all,region,0
Q9Y6Y8,all,control,0
Q9Y6Y8,all,region,0
Q9Y6Y8,all,region,0
Q9Y6Y8,all,region,0
Q9Y6Y8,all,control,0
Q9Y6Y8,all,region,0
Q9Y6Y8,all,region,0
Q9Y6Y8,all,region,0
Q9Y6Y8,all,region,0
Q9Y6Y8,all,region,0
Q9Y6Y8,all,region,0
Q9Y6Y8,all,region,0
Q9Y6Y8,all,region,0
Q9Y6Y8,all,region,0
Q9Y6Y8,all,region,0
Q9Y6Y8,all,region,0
Q9Y6Y8,all,region,0
Q9Y6Y8,all,region,0
Q9Y6Y8,all,region,0
Q9Y6Y8,all,control,0
Q9Y6Y8,all,control,1
Q9Y6Y8,all,control,0
Q9Y6Y8,all,control,0
Q9Y6Y8,all,control,0
Q9Y6Y8,all,region,0
Q9Y6Y8,all,region,0
